0.0,0.7486998772264251,0.38667464921207967,0.0,0.424570928632713,0.5194016046887948,0.7192087677297044,0.45278366060638175,0.4658179878481986,0.534073539539079,0.46479482999520577,0.5170897711972839,0.7317558987267756,0.544409705267681,0.4925531882414074,0.7990862077033678,0.4193500947733455,0.8359128555935802,0.0,0.515308205650928,0.30688990823393636,0.6365836150013136,0.4328790802998736,0.4013996201277851,0.8243850288632757,0.5940800130916326,0.5279674421213855,0.7113023911941718,0.6135043859559342,0.6849849809129409,0.6346453200284463,0.7584945799352609,0.6440095227169185,0.5793386884512278,0.6700364489214289,0.6708714065629577,0.5135411384086636,0.34495005152949443,0.4865033372293086,0.5801590157450143,0.340280346316018,0.8045566269549334,0.4984161194258597,0.0,0.46891976350537923,0.32507827043509685,0.5194948141580764,0.0,0.0,0.0,0.5225209166809631,0.0,0.6091372039000456,0.0,0.5357235810194295,0.0,0.5651187846060877,0.7514520036259645,0.0,0.6006982005506272,0.6749411397969478,0.29903343788513187,0.7511395899818909,0.0,0.48510714061543087,0.5830117008328024,0.6273700402029115,0.6359043720717517,0.6021589214365956,0.7551722897372888,0.7059986889189925,0.46489367327274844,0.420339870184268,0.5594429623311831,0.0,0.4286413722700178
0.7486998772264251,0.0,0.687105671081356,0.35059941832409075,0.48742638890345674,0.5516102086126453,0.5406416566564239,0.6025927490801377,0.48029835185725744,0.47309701297931234,0.639654419005361,0.4491726505946503,0.5688409241258932,0.5550931491204588,0.6286066603475793,0.8280144105081202,0.610400688252788,0.8485339585862739,0.41383765409238255,0.676461131036791,0.693724063725995,0.6954129207123112,0.7045234489587496,0.5931958039646232,0.7010585226565447,0.5938034569654104,0.5957046897028001,0.6190086218777804,0.5480031770019425,0.48795196501885885,0.6900737815355082,0.6112970481052613,0.5878566555411123,0.6276731327138309,0.7247498307838673,0.47393117236436966,0.2397054730346601,0.0,0.6519996516696216,0.8508011041551882,0.5804614276064908,0.8220445468102857,0.6644262613593281,0.0,0.0,0.7107228310136133,0.7350433763911527,0.0,0.0,0.0,0.7382765564260081,0.8981075806755019,0.5963232213391026,0.5857655443361477,0.6253771269700868,0.0,0.4467543864384704,0.8729949572077438,0.0,0.6671728199116077,0.7758469384853897,0.7963536001530873,0.8562175817115514,0.0,0.7515910181208897,0.7415672807256195,0.7158860480763567,0.694337627431874,0.44941694684506894,0.8276188236938913,0.7866320846368241,0.6896681146695336,0.8986354940344241,0.7837082081439493,0.0,0.7771880144508796
0.38667464921207967,0.687105671081356,0.0,0.6187975949309086,0.5396701950588076,0.6353913283988912,0.6416075304279538,0.7673929617816542,0.5076598105433832,0.7274363088679267,0.48792215166926345,0.7855563036871888,0.6769739502647274,0.6666437449601536,0.3534713859788727,0.45040357716407786,0.7220913466992327,0.7177858356156073,0.39684842181314156,0.3996665121624037,0.43042501672831696,0.5935160626225948,0.5462252174784815,0.5599288881409976,0.6241080868945715,0.6036808254154347,0.41503258901872697,0.7208233573307514,0.7209925925191697,0.6539776645621667,0.6820302773526908,0.7438909132140153,0.5296255811161917,0.7408705432424845,0.7248632309849263,0.8172918303855929,0.6610556941317088,0.6794348238843225,0.5924397668655644,0.5082856718771234,0.5459676578603977,0.3933221730185421,0.6172410020261858,0.5745445716272094,0.0,0.0,0.2127669138484357,0.4007669464255753,0.5014309714184888,0.6034171212345872,0.658543928896025,0.6561332409293377,0.6696229291639576,0.4689332423498187,0.3936856015161232,0.4287719554782229,0.5038588700673068,0.6938899053459393,0.7111366561425565,0.27301918981185247,0.0,0.0,0.0,0.2540867718059013,0.6723789233212439,0.47661887136266134,0.1213597782186428,0.5486935299038119,0.0,0.666518649350057,0.37320688656827533,0.7414695903844915,0.6445712045914469,0.6373135836436252,0.7267275483066299,0.5437635635393717
0.0,0.35059941832409075,0.6187975949309086,0.0,0.4059685810921023,0.671889989291262,0.5351775528775067,0.5054638721432717,0.7345430516212257,0.32508176406248634,0.6699569105246135,0.36523430817069746,0.5043019907056728,0.44989126794226897,0.6282384754491963,0.0,0.5907279781024053,0.49829168667920387,0.6506386239119276,0.7935259911907301,0.4272668245987862,0.6779192162912813,0.8854399475824011,0.2657543557086158,0.9194434090256652,0.6359777104120551,0.7526065590317806,0.4531696803184058,0.782154244092252,0.5157799766389415,0.3830030598689419,0.2613886392327399,0.19094199363050288,0.6794510803023657,0.8760273539129395,0.31377251623427177,0.44216304520262,0.3272475207041496,0.20089388894436008,0.3271119166468899,0.40226584710121127,0.313793506232893,0.03103585400159567,0.4391654150116938,0.0,0.0,0.0,0.4344524787472661,0.0,0.0,0.6109815987682861,0.0,0.49898708824774207,0.0,0.0,0.1943780491413945,0.5156055231915743,0.49225413829042836,0.0,0.0,0.0,0.0,0.0,0.0,0.0,0.0,0.5066370875938363,0.7087054814583137,0.0,0.0,0.0,0.5238163781159603,0.5446798277792371,0.6179266709477447,0.0,0.0
0.424570928632713,0.48742638890345674,0.5396701950588076,0.4059685810921023,0.0,0.3735523692260162,0.45897218779649734,0.7486053004053634,0.4474560478034166,0.9104821184865579,0.48111771921632407,0.8207246859097073,0.5611483166286274,0.5407849279582562,0.5146672694383351,0.5926636732049939,0.715515477148194,0.6864249728247023,0.5169156520724124,0.4789566969845013,0.532706054882217,0.4625971051838417,0.384079941598166,0.7932211582488834,0.5450242335832741,0.6272685861603866,0.39149341898064427,0.5678479712716474,0.5517812497010748,0.3577355005501358,0.6669523086532563,0.49754172877202546,0.7826522360099365,0.6689381242589894,0.6583034203661458,0.4275462255370428,0.4254387130338823,0.802853497348772,0.31743526900160385,0.7444923242664312,0.4612270541707226,0.4202008912479426,0.5185094038653636,0.6344105936711472,0.28056643681552945,0.0,0.43467760878264056,0.6053085360698667,0.0,0.5222509443939727,0.7481817561572981,0.5771071298915935,0.4328058769370305,0.5159098707841785,0.0,0.5884607462900466,0.3759972333251865,0.6272620972963285,0.6047038793333024,0.2637601715477431,0.4884430115018666,0.0,0.0,0.611319437633288,0.3351462740772441,0.5137204823147049,0.7059454761233095,0.5915923737039538,0.0,0.5083528843186346,0.7479274952849638,0.5552478552008324,0.46787694114764233,0.38989942708014935,0.0,0.3106971847108463
0.5194016046887948,0.5516102086126453,0.6353913283988912,0.671889989291262,0.3735523692260162,0.0,0.590811153427425,0.740146023164745,0.5067297973838668,0.7429859371928614,0.4563186750615423,0.9418993117343111,0.540516235646311,0.7167810928446624,0.7170553556608379,0.648597576517403,0.7109155060184471,0.779387175562205,0.7105786657489783,0.5343441973309797,0.7393605699996726,0.4681454769928699,0.570518414067965,0.5241021664844522,0.6368596656203099,0.7568554006502501,0.5555708405353299,0.7107752073951903,0.4587979710106261,0.6736324836357681,0.7518507545561137,0.6868842722181695,0.8316626660566566,0.793982153891222,0.8037309861258886,0.7408966643524908,0.7501481690036541,0.7290748696883947,0.5653253506471371,0.5463794875728899,0.537780273751675,0.34328230066005916,0.5944349446392299,0.45587955686529114,0.21166263643745584,0.6332385981622115,0.655132998541449,0.6784850186912865,0.6062746588645348,0.5282847585133567,0.5863763831787858,0.7204858735992709,0.7208716536153272,0.7087905878404793,0.704826908404011,0.6794655354096922,0.5513475257365257,0.7096392809584207,0.5789945502627244,0.6348049363003889,0.7056050971122086,0.0,0.554869578897323,0.5963984200443441,0.6089410681055478,0.5156784923008495,0.6626092143298599,0.6207762518956126,0.6158412788754662,0.5767795394400828,0.6729673113727145,0.6506091788789615,0.6128523717289623,0.5983360438408237,0.5973868467163513,0.5758272075483156
0.7192087677297044,0.5406416566564239,0.6416075304279538,0.5351775528775067,0.45897218779649734,0.590811153427425,0.0,0.6877196092850413,0.5906095460935755,0.784546124607333,0.6320314651092224,0.7422253593550833,0.569811408247789,0.5361487304606551,0.542558955611241,0.5896541033132159,0.7267435695384208,0.613803510299374,0.6087616246328977,0.6213083588762549,0.48988394450689715,0.5690950746855136,0.6868004874733371,0.7197349993820645,0.5802480686969068,0.6737722613114572,0.5810473230744088,0.43446323905815515,0.6219987046147004,0.5702627118068508,0.46200900649464044,0.6688987232880148,0.6966360483521907,0.5377854183129074,0.42005234979892025,0.6937166194493243,0.5833797751441628,0.8972936425819829,0.7005366520373412,0.4589455443801886,0.5874721354049404,0.3667930264477398,0.464790471911481,0.8525673891483441,0.3663195834163542,0.0,0.6075501522810193,0.4739325725358788,0.0,0.49041434732662825,0.6315416574368872,0.6446124301431152,0.6492615425745232,0.6038776226686896,0.6112222025127693,0.47922695598452936,0.45194448281317295,0.5726798830567242,0.36654253461909103,0.34243976660172765,0.622409746441396,0.0,0.5639226126265621,0.5423264138768484,0.6323510889882508,0.5146351831579828,0.5746227371850935,0.6437826922935456,0.4979804832837868,0.636421863702218,0.696888609826069,0.6219046112942573,0.6101651395657316,0.4904941739805975,0.789824398125654,0.5696947560452041
0.45278366060638175,0.6025927490801377,0.7673929617816542,0.5054638721432717,0.7486053004053634,0.740146023164745,0.6877196092850413,0.0,0.7098957103496574,0.684134315416981,0.830956828321477,0.65114490171137,0.7240737557085587,0.8996947091041919,0.655891916381099,0.6876263930497784,0.15898678552992973,0.6745139330700345,0.7469564107041551,0.4571031042268132,0.47169399124975375,0.5637224902200944,0.6323967382709739,0.32653124134554123,0.6923955430178623,0.5940760984160652,0.6287344905017876,0.7075455031083815,0.6026820897799097,0.588810541608768,0.6809140431637638,0.6005333879259882,0.5963657029997249,0.6691979993346466,0.6507770928273067,0.5333481152377518,0.5610226291016192,0.6620942401933478,0.6143875747504797,0.4466656195411417,0.3514881717934181,0.5166417328886385,0.640913305302486,0.4829018028308696,0.0,0.5901372791561802,0.3635364427684358,0.695347768528216,0.0,0.6928869534064548,0.48426182767759296,0.7349510788791179,0.5648516464317276,0.689908857514852,1.1280952823563593,0.6636525681449299,0.9900815241684344,0.6739925116438225,0.5833673787111879,0.7070741732314031,0.4056027388698166,0.0,0.7037290061825449,0.700855496034798,0.648863783479573,0.77548012422968,0.6587117797363092,0.6179359370062718,0.0,0.49068522068898646,0.5453722850855673,0.5851692498479705,0.6087184386208291,0.5646297112479731,0.4998138587091821,0.43706686999687777
0.4658179878481986,0.48029835185725744,0.5076598105433832,0.7345430516212257,0.4474560478034166,0.5067297973838668,0.5906095460935755,0.7098957103496574,0.0,0.7505323401406443,0.4991717565836073,0.7785714094655498,0.6267223853125792,0.6874282034865951,0.6412232453623414,0.6726929548077681,0.5799477706385311,0.7734419152382784,0.4247490228087359,0.48841688225414415,0.6023430279575254,0.550287866752483,0.5532536280474032,0.6956154327225679,0.6363680526024231,0.7838918910537775,0.6264866575129917,0.715949525067366,0.5474961667803303,0.6825194393623405,0.6781936588631914,0.778610150444206,0.7349592930624076,0.7438534406623669,0.7199707619717478,0.8238370526180936,0.7372631972791184,0.7947249227663514,0.5949923657556737,0.5474634064206592,0.47388608611895877,0.40507633957552874,0.48102842341701246,0.48003898533762007,0.3014460880788391,0.0,0.712896133364716,0.6429737693974085,0.5030137629302942,0.7201900539284463,0.7121972537984026,0.7368690171219107,0.6600612497350882,0.6104184573016189,0.2314567433948352,0.6860287777728209,0.7943658851716603,0.6274273600646809,0.5917594739150643,0.6363675100560335,0.6993478145689849,0.0,0.0,0.6192624171140136,0.7558441123343448,0.7117802166077826,0.7300142653035768,0.6798550276812276,0.3369286716396492,0.5783994479503601,0.4907889527922193,0.6725199577170147,0.6249794152077073,0.615452686257091,0.5154637400906534,0.6835431676802539
0.534073539539079,0.47309701297931234,0.7274363088679267,0.32508176406248634,0.9104821184865579,0.7429859371928614,0.784546124607333,0.684134315416981,0.7505323401406443,0.0,0.7823634316338861,0.6967677201857222,0.7929897637915108,0.9044853707117927,0.503139395225403,0.5619849355794599,0.7024594550680909,0.6477141054865693,0.7725237732207694,0.3958042283240176,0.6672959929806533,0.5228061578816955,0.7407531277229719,0.7871655669311379,0.7215657962070212,0.638382673306726,0.63937400765138,0.7741513288469551,0.6465679403764892,0.4307557016496751,0.7580276896630997,0.709643522979365,0.678139045275646,0.7136441620625162,0.8822137798227367,0.9278632763162369,1.0158819194793358,0.6145766119066923,0.7920959254028075,0.7059610530294185,0.6549372599979341,0.4042961933221683,0.979654277371439,0.35069092068203805,0.7105135270509239,0.6553522949310383,0.514594816808979,0.17687546593130193,0.5018130488125709,0.46755442583907203,0.5328070986218519,0.4731418031557278,0.5989040368593807,0.24968239600466977,0.6865477442605434,0.4460749423508572,0.6832658257363924,0.75162416566396,0.0,0.949637349586324,0.5926204850019485,0.7096926244327219,0.6474087817082397,0.5025038655322136,0.5027691734236226,0.5890314327112156,0.3634375392638781,0.7414112627398309,0.5928828157086456,0.6110532712126076,0.6213981916227175,0.5942476843232812,0.6222538992734059,0.4268637616349352,0.0,0.8040566233249213
0.46479482999520577,0.639654419005361,0.48792215166926345,0.6699569105246135,0.48111771921632407,0.4563186750615423,0.6320314651092224,0.830956828321477,0.4991717565836073,0.7823634316338861,0.0,0.8907053386469893,0.623580313541768,0.7888282780095053,0.0,0.5408317577127865,0.7215553938736151,0.7356194740856736,0.2398998795204703,0.4881422465676005,0.6000252262850734,0.40409733241428464,0.6066240406621475,0.7383056972377169,0.6859711867366171,0.7727576498311324,0.5035110755609815,0.6774117695116948,0.4867723963998292,0.5558919625017997,0.6003833421355378,0.6205194348013738,0.7608975173631349,0.7028457361757992,0.6791603015303198,0.6522065946270252,0.7827739044020924,0.780572907008477,0.6069427718063416,0.5478169763961327,0.6589597023443203,0.7063284355465265,0.6715803937262843,0.6575816776848156,0.2041647959699739,0.0,0.0,0.4457389992467523,0.5018421049566305,0.7404366919202625,0.7808641289815252,0.6375078030126673,0.7531228206810694,0.542705299298967,0.5175411167613199,0.5937372734606431,0.5188318916158472,0.7141416826586504,0.7599658911739715,0.0,0.0,0.0,0.0,0.36352759419372,0.3793869245867966,0.0,0.7184542177639336,0.7091055766961016,0.0,0.0,0.9797994870599518,0.7665911774365299,0.5819837875441268,0.3941143776611844,0.0,0.5773335009828452
0.5170897711972839,0.4491726505946503,0.7855563036871888,0.36523430817069746,0.8207246859097073,0.9418993117343111,0.7422253593550833,0.65114490171137,0.7785714094655498,0.6967677201857222,0.8907053386469893,0.0,0.8795869107672434,0.7636406828806147,0.2873180595186452,0.6479969012306278,0.7744871575772854,0.7981813413460406,0.7928808345861301,0.7366978487119037,0.5467036634186602,0.7731072919491877,0.5542741215597385,0.667364388076847,0.6906725320241641,0.5121506704527679,0.8350196977091455,0.7990096658006685,0.7681662962443905,0.31961431506857824,0.6195964576560178,0.3544462169956873,0.7688265556566304,0.3526417754804614,0.9329981411007369,0.7825083685149867,0.5561556966356178,0.32614275489331757,0.39947164502191485,0.6741510458494273,0.6924413092519481,0.16238407408551056,0.44151717950981645,0.4793503829914521,0.6845117028264783,0.4862756827998577,0.5805014880631669,0.2916357704679389,0.2108683393452627,0.30127960455429337,0.35131973102951447,0.5188793423893876,0.25420503186095394,0.44349755199756463,0.7537989122646227,0.2599835793329,0.7668606980481628,0.7620488262353591,0.7365410175302871,0.6797382331587095,0.6139950384022285,0.7335086878855256,0.7155087218273181,0.3592728602485231,0.800114290060327,0.8053179895084117,0.43723225440531893,0.8067679255778472,0.6527957042854495,0.6535447576465094,0.6221357848904773,0.3548870096752518,0.8094052216232679,0.535667220246675,0.0,0.7704307763945285
0.7317558987267756,0.5688409241258932,0.6769739502647274,0.5043019907056728,0.5611483166286274,0.540516235646311,0.569811408247789,0.7240737557085587,0.6267223853125792,0.7929897637915108,0.623580313541768,0.8795869107672434,0.0,0.6178459657431604,0.5785518254610026,0.6458615510160045,0.6835206296763874,0.7242910089424898,0.6287914692919524,0.6647973709534275,0.5739037017432723,0.5713784835593153,0.7028949718960834,0.6906048067312569,0.7057996218144738,0.7247023978790108,0.6156067936608416,0.5886134910104568,0.5997281136949452,0.5884558150740936,0.5515106223983215,0.6559093926691681,0.8157490381166871,0.6555556365871623,0.7391503467275856,0.6297953199319051,0.5724331914560837,0.9073963679654908,0.5982799180307736,0.7252088075970085,0.5620617814372836,0.44207871723814574,0.5152032654674282,0.3933697835545556,0.4626192404312727,0.652024569898958,0.7304525622739819,0.667277482019231,0.0,0.6634830638098863,0.6403379822943595,0.6740733273289197,0.6680903144336477,0.6810020320851031,0.7066468313265711,0.5303214960381476,0.4797531566737006,0.6813461427063681,0.28098320247807185,0.565147334304966,0.6380088723158006,0.42054961997780915,0.8901777427560658,0.5820036867119598,0.5617066824713991,0.608242519419599,0.6183398966237645,0.6832430710738809,0.523392292592188,0.83249992612962,0.6747854065136364,0.6998182391832156,0.6419575133880591,0.6450258650583315,0.6213618340186268,0.6496385239361275
0.544409705267681,0.5550931491204588,0.6666437449601536,0.44989126794226897,0.5407849279582562,0.7167810928446624,0.5361487304606551,0.8996947091041919,0.6874282034865951,0.9044853707117927,0.7888282780095053,0.7636406828806147,0.6178459657431604,0.0,0.5385591576028529,0.6143794136951549,0.5091599759737837,0.5047008762032978,0.6132559501681936,0.412547820082229,0.6579273835216031,0.2877461214123774,0.7840124744205073,0.7062922960345651,0.655298954343332,0.5235574582239554,0.6092260075588228,0.45367491365449947,0.6829024377761874,0.8472905898179889,0.8132744930278318,0.3811336271847595,0.25845208052181823,0.8225849501431514,0.47317152672566004,0.4407008123890882,0.5619594585003682,0.8430783289461776,0.7079019693744238,0.0,0.9044516671524525,0.9157704441060085,0.5933741111457317,0.5013970825502295,0.0,0.0,0.0,0.3255716321708159,0.0,0.645740912703359,0.4713214436864887,0.42837687623346576,0.5856035357723647,0.46357176122474214,0.0,0.6980832453544175,0.4149049440268883,0.7690684658778449,0.4836491067382768,0.0,0.0,0.0,0.0,0.46550946521990444,0.0,0.0,0.0,0.6284246997080959,0.0,0.0,0.0,0.5183297724041294,0.7736469498758084,0.0,0.0,0.0
0.4925531882414074,0.6286066603475793,0.3534713859788727,0.6282384754491963,0.5146672694383351,0.7170553556608379,0.542558955611241,0.655891916381099,0.6412232453623414,0.503139395225403,0.0,0.2873180595186452,0.5785518254610026,0.5385591576028529,0.0,0.6042112803356261,0.6592620535529915,0.5478193649110173,0.0,0.37847344898189283,0.4262522577696199,0.2623809490591365,0.3672953820926682,0.24569766652203215,0.6290397554661153,0.5813348216510703,0.2893597308998702,0.49787960171367257,0.7254976257565002,0.4795974323019988,0.49183670503252874,0.5265288953058767,0.567493249100007,0.5185454412738404,0.6952505208007134,0.8184259705215794,0.49457333209584575,0.3925358719474977,0.35480318164107183,0.5110462433873272,0.45106212686642555,0.4567373714986759,0.7607055726170222,0.638658182103825,0.0,0.6395781384537685,0.6990407701186844,0.4837077967397063,0.0,0.0,0.5801677766097256,0.7208645803074054,0.6974804828519073,0.5589833372911139,0.0,0.0,0.7043858376429292,0.6030991180424308,0.5008866079587264,0.3930642193977339,0.6551108498791856,0.6595249881918517,0.6906553305183468,0.0,0.4601165706639905,0.5055828726704418,0.6098419248975079,0.7247624542726351,0.48512158162382835,0.6421747831783119,0.43321393142880454,0.1818974454687582,0.7631734069716054,0.5025995052516034,0.5586752640645614,0.3755295386416254
0.7990862077033678,0.8280144105081202,0.45040357716407786,0.0,0.5926636732049939,0.648597576517403,0.5896541033132159,0.6876263930497784,0.6726929548077681,0.5619849355794599,0.5408317577127865,0.6479969012306278,0.6458615510160045,0.6143794136951549,0.6042112803356261,0.0,0.5449469788104966,0.5964082298790111,0.4890524407102449,0.5243215478905761,0.7014683148204596,0.6393066746733025,0.6915474393309113,0.7205315220670483,0.8612113146660866,0.6392418508847917,0.645871652526204,0.6223551607580714,0.5576623978434746,0.5761057016598584,0.6247182628174252,0.6926176656545842,0.4891239982959192,0.5004984245765994,0.7659731449227634,0.6786247922130183,0.4085131302786036,0.6267922454868016,0.6607555008743412,0.648570890007287,0.6806037545993101,0.754039221202253,0.4983887529475652,0.0,0.0,0.5587324423460791,0.7457559056078694,0.0,0.0,0.0,0.590661296049846,0.6238975583695705,0.8658194084053594,0.0,0.8287344398872359,0.0,0.4679188249346036,0.8546887107371199,0.0,0.6196027772017686,0.7965150204131037,0.7850012248875639,0.8280362554604068,0.0,0.6843320659660286,0.6765776526013769,0.6455346225344667,0.6921963130639281,0.44329540425602787,0.9146029650978185,0.827815897666673,0.7044659924979417,0.7808280429747068,0.8390742215120222,0.0,0.6548908812369091
0.4193500947733455,0.610400688252788,0.7220913466992327,0.5907279781024053,0.715515477148194,0.7109155060184471,0.7267435695384208,0.15898678552992973,0.5799477706385311,0.7024594550680909,0.7215553938736151,0.7744871575772854,0.6835206296763874,0.5091599759737837,0.6592620535529915,0.5449469788104966,0.0,0.7332749801741251,0.7174341396690248,0.45197430503178987,0.5721272493089368,0.6027030275770645,0.732610700806963,0.732230368004444,0.644107166538368,0.5620325105028863,0.8229406484745418,0.7917619189770527,0.37487247234818144,0.5265160293842448,0.6274173436459839,0.6032174155178416,0.6201901735625013,0.5039736977917483,0.6936159915717038,0.711053601962053,0.2668516649567156,0.48164737601906565,0.5245747974684204,0.5174693288375529,0.6732155797288752,0.5795140739285914,0.0,0.0,0.4913454365699757,0.6753430705827553,0.5851160545488837,0.0,0.0,0.0,0.0,0.0,0.0,0.0,0.7710216187518809,0.0,0.6586002095144201,0.33471844739751666,0.0,0.8120726107130142,0.4465555990712112,0.8509724762769398,0.6802514232415958,0.0,0.0,0.0,0.5706850456791229,0.0,0.7792237247547411,0.8114887755132715,0.7459994943362829,0.0,0.32195486808058155,0.503232942542811,0.0,0.7302152338059524
0.8359128555935802,0.8485339585862739,0.7177858356156073,0.49829168667920387,0.6864249728247023,0.779387175562205,0.613803510299374,0.6745139330700345,0.7734419152382784,0.6477141054865693,0.7356194740856736,0.7981813413460406,0.7242910089424898,0.5047008762032978,0.5478193649110173,0.5964082298790111,0.7332749801741251,0.0,0.6390327520513965,0.5332672721740639,0.8125261300908436,0.500735136376951,0.735868981864774,0.7034464548809907,0.7490139045220526,0.6389350543957385,0.8095976807824452,0.621924934093347,0.5289676717700954,0.278996779599174,0.6518857964374957,0.7286438267479027,0.7082660438549734,0.6822066238360234,0.7396602456444388,0.7309761388222186,0.27290757067208543,0.4340939696296494,0.7786714561305723,0.5875444332770531,0.7089112210070174,0.8515047586538649,0.0,0.0,0.5949393858146581,0.8380112245805083,0.7773407158644481,0.0,0.0,0.0,0.5458711782001215,0.5968951868035522,1.1053238634872589,0.0,0.8365809589122877,0.0,0.8339336455315765,0.5574740362361199,0.0,0.6583212280265655,0.8138279228550463,0.8527943665140498,0.8263691211295789,0.0,0.7281571163215649,0.8223170017032397,0.7295359745701688,0.894457392373065,0.8093741482313355,0.8731719223392954,0.8757479194711735,0.5121291215254492,0.6955849824510831,0.7588096805086164,0.0,0.8370319634839202
0.0,0.41383765409238255,0.39684842181314156,0.6506386239119276,0.5169156520724124,0.7105786657489783,0.6087616246328977,0.7469564107041551,0.4247490228087359,0.7725237732207694,0.2398998795204703,0.7928808345861301,0.6287914692919524,0.6132559501681936,0.0,0.4890524407102449,0.7174341396690248,0.6390327520513965,0.0,0.5628924513993029,0.4717427562587734,0.6969183452507022,0.5044611028965311,0.776528043266669,0.6410805586990659,0.6264722525568557,0.508779124596435,0.6972596225388801,0.6061593433712719,0.5834310075858451,0.6473480470529185,0.7487921936356187,0.6481158429811946,0.7036540397597583,0.6824457703273106,0.7997308515686443,0.6628195723758666,0.6434057905397571,0.5818299526851713,0.416446554374413,0.46845876417995785,0.23720059582353276,0.6729421542448035,0.369293863706539,0.43416699817527954,0.0,0.0,0.715766245204072,0.0,0.5686327048012777,0.6474252718459452,0.6480890214925364,0.6062589175551548,0.6957850126192178,0.9583276589688331,0.7794239214282473,0.5674619198366633,0.5692109267003667,0.5503466891058317,0.0,0.0,0.0,0.0,0.7641434366183417,0.503014855121478,0.0,0.5155875345983104,0.7058980676083042,0.0,0.0,0.0,0.7306588127608218,0.6430595875329785,0.4949726583537988,0.5037460057363511,0.7363987692236938
0.515308205650928,0.676461131036791,0.3996665121624037,0.7935259911907301,0.4789566969845013,0.5343441973309797,0.6213083588762549,0.4571031042268132,0.48841688225414415,0.3958042283240176,0.4881422465676005,0.7366978487119037,0.6647973709534275,0.412547820082229,0.37847344898189283,0.5243215478905761,0.45197430503178987,0.5332672721740639,0.5628924513993029,0.0,0.48495488065897285,0.5662217233582748,0.2655432388973167,0.44690093984241364,0.8027153875924342,0.5086535780891568,0.5695492553748362,0.6949216747160606,0.5647010340760549,0.7070279469512051,0.4931374742186392,0.5090213196017584,0.5375384529907004,0.5488584207501186,0.7271046567906309,0.8708307573397888,0.7201916041035221,0.9476805911962843,0.5249956254059291,0.6109514272470803,0.5859439043805974,0.586025533664536,0.5978266133954339,0.18282248880003474,0.22264542326643197,0.5415127155838781,0.6838992518297721,0.5087376169467615,0.0,0.0,0.5693003298313435,0.7859511042255931,0.6918690495657038,0.4570253076227653,0.9841014542008112,0.0,0.6969304077293355,0.7430743766678356,0.0,0.6334700068891915,0.6327999681750028,0.9235264681150241,0.5910839320357567,0.0,0.5782490851139884,0.6011489389222726,0.5914996529705816,0.6020371388429904,0.0,0.7417459620327567,0.575689090172353,0.5170049544166376,0.5998044861844003,0.6325217716896316,0.44793852367125186,0.5387200492461761
0.30688990823393636,0.693724063725995,0.43042501672831696,0.4272668245987862,0.532706054882217,0.7393605699996726,0.48988394450689715,0.47169399124975375,0.6023430279575254,0.6672959929806533,0.6000252262850734,0.5467036634186602,0.5739037017432723,0.6579273835216031,0.4262522577696199,0.7014683148204596,0.5721272493089368,0.8125261300908436,0.4717427562587734,0.48495488065897285,0.0,0.4285017944971895,0.521841882325247,0.19543006681268302,0.6937099139201894,0.6047548195514133,0.6256604787968867,0.7124647319120861,0.558873053287513,0.6845634967462426,0.5316443692945496,0.5201681583523081,0.4763107441175769,0.5354872894307068,0.7447611276703997,0.6119204797703982,0.36403627963251467,0.42110485790372776,0.5299572952691989,0.6169137309519349,0.44468972424969333,0.5076721129421059,0.5966153612409523,0.0,0.0,0.2871639564850946,0.7017100140022989,0.6710095690147295,0.0,0.0,0.7183255384146123,0.4595198066494729,0.7922283843833555,0.5625685351312287,0.6335584817059989,0.0,0.7787591979979709,0.8208734696943694,0.0,0.5253360821844768,0.6296176717245734,0.0,0.4116400439220982,0.0,0.599731738326869,0.5308874877838341,0.6363651686870331,0.6842495484790967,0.8483289777496613,0.7011803287234757,0.7589476035988927,0.5426805338240833,0.7664239162711494,0.7398659728905485,0.4307858925667052,0.39560079977015045
0.6365836150013136,0.6954129207123112,0.5935160626225948,0.6779192162912813,0.4625971051838417,0.4681454769928699,0.5690950746855136,0.5637224902200944,0.550287866752483,0.5228061578816955,0.40409733241428464,0.7731072919491877,0.5713784835593153,0.2877461214123774,0.2623809490591365,0.6393066746733025,0.6027030275770645,0.500735136376951,0.6969183452507022,0.5662217233582748,0.4285017944971895,0.0,0.7022880532931047,0.5629472271478989,0.8670136994661467,0.6561994367534791,0.4684620716444288,0.7104337149369053,0.5257979091928283,0.6832583367229931,0.5866008871148553,0.5177730592995654,0.46163291621856484,0.5823429869154895,0.7052511354650066,0.6691419422219845,0.7586521466388081,0.6170299731997447,0.47022154557411666,0.6909600540685887,0.527797250765267,0.6138223543850442,0.5080040710854982,0.3527363322542491,0.26213765316876747,0.6110715462587661,0.753204409197114,0.5922673439811255,0.5019877291800273,0.25904319196592684,0.7102220777150439,0.9005697108565539,0.7169785144312988,0.6677868097058126,0.4371572157428254,0.0,0.9337618321017958,0.764799021244358,0.0,0.5503145755557532,0.6629376235962015,0.44119434641565364,0.6769604950113997,0.0,0.5678461779950622,0.5689101318196046,0.6362244502481199,0.6510589646938659,0.7878680750094313,0.7708961676142372,0.6670978926521518,0.5941726888169775,0.7311574534261345,0.6381550660644126,0.5726614525939303,0.6274503722358697
0.4328790802998736,0.7045234489587496,0.5462252174784815,0.8854399475824011,0.384079941598166,0.570518414067965,0.6868004874733371,0.6323967382709739,0.5532536280474032,0.7407531277229719,0.6066240406621475,0.5542741215597385,0.7028949718960834,0.7840124744205073,0.3672953820926682,0.6915474393309113,0.732610700806963,0.735868981864774,0.5044611028965311,0.2655432388973167,0.521841882325247,0.7022880532931047,0.0,0.26170757819407664,0.6410409712171218,0.5260981713929435,0.4402858982159904,0.6363805213491542,0.5936491765341765,0.5605752623491934,0.6286730574983274,0.6937234301746985,0.6534656926601521,0.6530732151743622,0.7126112133692055,0.650626986186273,0.7738255975519477,0.5423214628869761,0.6504350620885695,0.6855269092078908,0.5876713220816882,0.5461151628915799,0.7145732481024599,0.6293461589566304,0.5828240277048761,0.5489874093858028,0.774586280440388,0.527311434326362,0.4703621348462856,0.7168581744833351,0.561744506278291,0.6945240938005717,0.6725620300326446,0.6957900964989117,0.7053898165252867,0.4176862070076345,0.7957376868447347,0.6489272337173182,0.6619212615848135,0.6983042759655903,0.7358557016528489,0.5027691734236214,0.5953457089865809,0.3816110727098986,0.6359471060732844,0.7227337868819151,0.6970315280651296,0.7325067831911326,0.24743208938406006,0.7004414755751899,0.7284108494339462,0.5663959680842726,0.5910468131020712,0.6527569184886289,0.5698546087412284,0.565523332479143
0.4013996201277851,0.5931958039646232,0.5599288881409976,0.2657543557086158,0.7932211582488834,0.5241021664844522,0.7197349993820645,0.32653124134554123,0.6956154327225679,0.7871655669311379,0.7383056972377169,0.667364388076847,0.6906048067312569,0.7062922960345651,0.24569766652203215,0.7205315220670483,0.732230368004444,0.7034464548809907,0.776528043266669,0.44690093984241364,0.19543006681268302,0.5629472271478989,0.26170757819407664,0.0,0.620357508001735,0.4461616502774576,0.3505344874928277,0.7034492900091422,0.6078644835199046,0.856381389562422,0.709237391680331,0.7621017484293644,0.806261937576942,0.5784118814212051,0.9030844247918169,0.6821105671964811,0.37192923208886414,0.4458156303374646,0.8804462818669376,0.8028408671313977,0.9189771979496282,0.6453396303635648,0.6187935482278971,0.3742406347332076,0.658272122820275,0.5588809270215078,0.5856049087851118,0.0,0.0,0.4995959939705738,0.610069320419006,0.3168387887066898,0.0,0.0,0.6307077718090102,0.5780330770093254,0.6130604001062613,0.7046520745685473,0.0,0.2400083942401619,0.6852922218972366,0.638845874852611,0.6954218356968279,0.5037582152791247,0.3446514575903631,0.47243313312583796,0.17315474451281862,0.8655961970538385,0.5034670829817973,0.706236983590044,0.6512557031136004,0.5473344454808674,0.7010465406228389,0.6505457323702163,0.0,0.6989976499530657
0.8243850288632757,0.7010585226565447,0.6241080868945715,0.9194434090256652,0.5450242335832741,0.6368596656203099,0.5802480686969068,0.6923955430178623,0.6363680526024231,0.7215657962070212,0.6859711867366171,0.6906725320241641,0.7057996218144738,0.655298954343332,0.6290397554661153,0.8612113146660866,0.644107166538368,0.7490139045220526,0.6410805586990659,0.8027153875924342,0.6937099139201894,0.8670136994661467,0.6410409712171218,0.620357508001735,0.0,0.49794752749056337,0.716759502023429,0.6849483979015268,0.6930469569889215,0.5324469588887893,0.6561731619562439,0.4733429048513987,0.7018478836283093,0.4576698067088699,0.5742116850997859,0.5849545874724728,0.6115647938067247,0.4526022350130912,0.912907397559241,0.7501208897733753,0.8295912569380726,0.9742803952726526,0.11369637466088664,0.0,0.4443229663819034,0.9374571292492702,0.8501874963831132,0.0,0.0,0.0,0.6921457468736559,0.5682983704975736,0.7347848362596191,0.43447128140742786,0.7445447517166579,0.49618594989846215,0.7529157050033045,0.5558813513398128,0.0,0.6791503394422912,0.8942522931392044,0.7824805256853539,0.914322125548235,0.0,0.8882153033942807,0.8009495690177924,0.7673443012094863,0.7305637873650092,0.7213016725835069,0.9513324976068687,0.8989818552671904,0.5234837563147139,0.8564250381414611,0.7431325791946761,0.0,0.8821683445465022
0.5940800130916326,0.5938034569654104,0.6036808254154347,0.6359777104120551,0.6272685861603866,0.7568554006502501,0.6737722613114572,0.5940760984160652,0.7838918910537775,0.638382673306726,0.7727576498311324,0.5121506704527679,0.7247023978790108,0.5235574582239554,0.5813348216510703,0.6392418508847917,0.5620325105028863,0.6389350543957385,0.6264722525568557,0.5086535780891568,0.6047548195514133,0.6561994367534791,0.5260981713929435,0.4461616502774576,0.49794752749056337,0.0,0.6594983238622351,0.7056132982985135,0.7335727918643332,0.43455948059384153,0.5223633572904854,0.6060839525464887,0.6016116419029119,0.4916383876238116,0.6284343519937419,0.45062003985211263,0.527375792905802,0.4641151265688178,0.6188487167545551,0.6799139375388344,0.7223675539058843,0.6050244868831973,0.21611397396435264,0.569409179637983,0.49925607329316757,0.6855633712400575,0.7599484446097137,0.6752076034727885,0.0,0.0,0.7306093073272684,0.6176504095055186,0.5463560536621528,0.42237671669659144,0.7401867678901414,0.0,0.7771787105223242,0.7193200769613334,0.0,0.5011569622935235,0.75211766923923,0.7383188157072,0.8056652267924211,0.0,0.6573489901050615,0.7165494550122326,0.7453806316593661,0.7010133774534162,0.6926802492941239,0.8337741368558477,0.7437437392427269,0.6754238434124279,0.685533563370007,0.7636438695109173,0.49988816734350405,0.7086291260299827
0.5279674421213855,0.5957046897028001,0.41503258901872697,0.7526065590317806,0.39149341898064427,0.5555708405353299,0.5810473230744088,0.6287344905017876,0.6264866575129917,0.63937400765138,0.5035110755609815,0.8350196977091455,0.6156067936608416,0.6092260075588228,0.2893597308998702,0.645871652526204,0.8229406484745418,0.8095976807824452,0.508779124596435,0.5695492553748362,0.6256604787968867,0.4684620716444288,0.4402858982159904,0.3505344874928277,0.716759502023429,0.6594983238622351,0.0,0.6457003678010267,0.5136678959217349,0.5751072716361341,0.5056110810718547,0.5915627621947285,0.5122269120861833,0.5921058717879941,0.669867689713289,0.604762387022683,0.7310489572529133,0.8142987594272189,0.6267579042412189,0.5594924420873842,0.5844269863565702,0.4731888412595037,0.6051165077376603,0.5921923261038845,0.42479758578931703,0.46175612293015483,0.62555764924106,0.6803158771375063,0.5073832838995028,0.6793998029314756,0.5756463594358969,0.6446643007289281,0.5743916338167562,0.6573398059711449,0.7460586951699628,0.70134577214614,0.5458794847747437,0.661188991722931,0.6614337062180526,0.636295663926282,0.7352478861177815,0.0,0.4937595587481945,0.7157948624306271,0.5822826302566222,0.6598666132409686,0.6228742406622372,0.5673338046733146,0.0,0.7563157007978252,0.6071835784589533,0.5836060995370272,0.5984879089938527,0.6054893959491924,0.4788847599894157,0.5479517492222218
0.7113023911941718,0.6190086218777804,0.7208233573307514,0.4531696803184058,0.5678479712716474,0.7107752073951903,0.43446323905815515,0.7075455031083815,0.715949525067366,0.7741513288469551,0.6774117695116948,0.7990096658006685,0.5886134910104568,0.45367491365449947,0.49787960171367257,0.6223551607580714,0.7917619189770527,0.621924934093347,0.6972596225388801,0.6949216747160606,0.7124647319120861,0.7104337149369053,0.6363805213491542,0.7034492900091422,0.6849483979015268,0.7056132982985135,0.6457003678010267,0.0,0.7177471748514346,0.499848314661814,0.6161703126377817,0.531987721823853,0.6697862849111019,0.5732749730822717,0.7643365459598993,0.47446070979783206,0.3508665022252242,0.7100341995898409,0.43897975847262916,0.3578533274903708,0.6237999882838846,0.23899133234723063,0.28928802780867396,0.3276326726555924,0.6687595295376493,0.6503728837421491,0.7040086570313144,0.6328916969253296,0.0,0.7040207763325278,0.6701653932798455,0.7100818856661364,0.7532007593389034,0.651323468038492,0.715913590040965,0.577136402027637,0.3782171041270311,0.7015075963862389,0.7918998052283562,0.6008858673407509,0.5400132300424344,0.20199824717138315,0.5977077587163065,0.6710271539412118,0.6168580479901391,0.7089200203068315,0.6120607505565199,0.6864410988472431,0.5634779904377917,0.8853683797710996,0.6381135229921279,0.6642925702648892,0.7311136533200752,0.6245762373603052,0.6667494940093389,0.6584739537116215
0.6135043859559342,0.5480031770019425,0.7209925925191697,0.782154244092252,0.5517812497010748,0.4587979710106261,0.6219987046147004,0.6026820897799097,0.5474961667803303,0.6465679403764892,0.4867723963998292,0.7681662962443905,0.5997281136949452,0.6829024377761874,0.7254976257565002,0.5576623978434746,0.37487247234818144,0.5289676717700954,0.6061593433712719,0.5647010340760549,0.558873053287513,0.5257979091928283,0.5936491765341765,0.6078644835199046,0.6930469569889215,0.7335727918643332,0.5136678959217349,0.7177471748514346,0.0,0.5073224740717728,0.4982915257277346,0.47895069036888366,0.3503167472853872,0.6320295970005556,0.6481113495243948,0.557295410621327,0.6508255444931919,0.7735093760504999,0.5960380474835462,0.6458683050232086,0.5669067506233207,0.5453511576006087,0.5060878144005427,0.48356205579973,0.6524858692716605,0.4833328246248435,0.6439154461001864,0.5706769816165014,0.48027124080772265,0.4937345082285031,0.6372257384381268,0.6819089188364267,0.7655748129625226,0.6041029980091237,0.6622347956764815,0.4608296367019605,0.957936799169604,0.6938562499123906,0.7939462824521569,0.6094353497642803,0.7117551552344766,0.18983455279384748,0.5411640456623591,0.31833342533671793,0.5702045655935191,0.6490920759034009,0.6106094641828315,0.6101647105006138,0.5035346145552237,0.7744549898799566,0.6276745151318718,0.5359441424278161,0.6296593361524185,0.5748379296755813,0.5314322103671261,0.5030240019242633
0.6849849809129409,0.48795196501885885,0.6539776645621667,0.5157799766389415,0.3577355005501358,0.6736324836357681,0.5702627118068508,0.588810541608768,0.6825194393623405,0.4307557016496751,0.5558919625017997,0.31961431506857824,0.5884558150740936,0.8472905898179889,0.4795974323019988,0.5761057016598584,0.5265160293842448,0.278996779599174,0.5834310075858451,0.7070279469512051,0.6845634967462426,0.6832583367229931,0.5605752623491934,0.856381389562422,0.5324469588887893,0.43455948059384153,0.5751072716361341,0.499848314661814,0.5073224740717728,0.0,0.5719876703177308,0.4913179501747613,0.5216597766449909,0.8099681526431407,0.6997268250278055,0.6319318098689967,0.28322281301150176,0.5661736403552291,0.7214412758417834,0.479155399768029,0.44221090669438506,0.7601731853251363,0.6454552067518562,0.0,0.0,0.0,0.0,0.23378372431101715,0.0,0.0,0.4742189832621341,0.6932058421950713,0.4553036920102306,0.6787058649353087,0.5690444460123345,0.0,0.0,0.5475606327164289,0.0,0.45558869362892646,0.0,0.0,0.9969231931254287,0.9949658452423972,0.6046972323380668,0.5491761913335056,0.570246098958418,0.6215075361297194,0.0,0.3889145269064846,0.503529395110409,0.6277956975090163,0.6989523465844055,0.5454988342093107,0.4602525728379156,0.3441644980971679
0.6346453200284463,0.6900737815355082,0.6820302773526908,0.3830030598689419,0.6669523086532563,0.7518507545561137,0.46200900649464044,0.6809140431637638,0.6781936588631914,0.7580276896630997,0.6003833421355378,0.6195964576560178,0.5515106223983215,0.8132744930278318,0.49183670503252874,0.6247182628174252,0.6274173436459839,0.6518857964374957,0.6473480470529185,0.4931374742186392,0.5316443692945496,0.5866008871148553,0.6286730574983274,0.709237391680331,0.6561731619562439,0.5223633572904854,0.5056110810718547,0.6161703126377817,0.4982915257277346,0.5719876703177308,0.0,0.5305185866548858,0.43008905443768275,0.2283222628001367,0.3038880541565714,0.8541354587062455,0.42605983383814017,0.35962743616804493,0.6294123766810463,0.6025538912281407,0.6219024032047629,0.7554673058953195,0.578426486857639,0.22090571479063273,0.4215065862312492,0.31579723731489184,0.624492638751618,0.6869523641256023,0.0,0.4829390419977627,0.5772486499145117,0.7435466571523941,0.5158016863110743,0.6839812950278833,0.5415717583000625,0.5525857157196432,0.6563698763983895,0.8100351330893754,0.0,0.5924206898914645,0.6910967735440051,0.8158189580711206,0.8913536615903886,0.7275634231659658,0.5016053109573332,0.2143353403701374,0.5289373644791923,0.6173194439949242,0.7830374825542457,0.8532273629943641,0.7426542753458321,0.6516848771952259,0.6504124583314306,0.5971403347858684,0.410333088013568,0.7003970158838286
0.7584945799352609,0.6112970481052613,0.7438909132140153,0.2613886392327399,0.49754172877202546,0.6868842722181695,0.6688987232880148,0.6005333879259882,0.778610150444206,0.709643522979365,0.6205194348013738,0.3544462169956873,0.6559093926691681,0.3811336271847595,0.5265288953058767,0.6926176656545842,0.6032174155178416,0.7286438267479027,0.7487921936356187,0.5090213196017584,0.5201681583523081,0.5177730592995654,0.6937234301746985,0.7621017484293644,0.4733429048513987,0.6060839525464887,0.5915627621947285,0.531987721823853,0.47895069036888366,0.4913179501747613,0.5305185866548858,0.0,0.3931603469594568,0.7409855122511309,0.9035517448288141,0.6187929995164388,0.8582276385205244,0.6993109532781505,0.5076098269326477,0.32732407229056043,0.42413464028046277,0.3376431678219437,0.39598284107346343,0.34781353392473274,0.406245762822012,0.5340720928907635,0.6881849868060895,0.6257538331853668,0.4291063614416103,0.7179357625062485,0.6864692998661144,0.8234942257981107,0.8545025463605073,0.6754597414614549,0.5506092016970824,0.7540017316735151,0.21680062344104106,0.821294385656137,0.8763709774473512,0.6116682350427894,0.7220006387363972,0.6060374159965423,0.6853221714751664,0.5161723060006805,0.6623331938726448,0.35058558350143904,0.6130692063932682,0.6959803291662845,0.5180748135651605,0.9107300759512009,0.7150085086981575,0.6956073876706967,0.8036677380408322,0.6427068025570183,0.6063016874637882,0.7425075887877135
0.6440095227169185,0.5878566555411123,0.5296255811161917,0.19094199363050288,0.7826522360099365,0.8316626660566566,0.6966360483521907,0.5963657029997249,0.7349592930624076,0.678139045275646,0.7608975173631349,0.7688265556566304,0.8157490381166871,0.25845208052181823,0.567493249100007,0.4891239982959192,0.6201901735625013,0.7082660438549734,0.6481158429811946,0.5375384529907004,0.4763107441175769,0.46163291621856484,0.6534656926601521,0.806261937576942,0.7018478836283093,0.6016116419029119,0.5122269120861833,0.6697862849111019,0.3503167472853872,0.5216597766449909,0.43008905443768275,0.3931603469594568,0.0,0.41706264295877515,0.7343883486957135,0.20368454334671762,0.5048096783008478,0.39287846491257283,0.49905719026833334,0.4541418367156278,0.720880406517555,0.37965972583569907,0.33829382021565185,0.3758573036365369,0.7137485196276877,0.5207109183478213,0.6192641306912526,0.8494605370848234,0.0,0.49798048328378747,0.5999362931922783,0.5219871990678655,0.33477886828237796,0.27692957518324013,0.6085690297287747,0.4252163177997898,0.6217848192519335,0.6718658495795071,0.0,0.594081611991797,0.6677437330089289,0.6489812852232704,0.5432685480533717,0.9626904703510951,0.7138755161546423,0.5086984117707292,0.7119180361029704,0.5559680950654485,0.8661059604146552,0.7087599871233787,0.6637883396776129,0.41713611361671177,0.622521758693518,0.5785214034278412,0.0,0.5270229069511894
0.5793386884512278,0.6276731327138309,0.7408705432424845,0.6794510803023657,0.6689381242589894,0.793982153891222,0.5377854183129074,0.6691979993346466,0.7438534406623669,0.7136441620625162,0.7028457361757992,0.3526417754804614,0.6555556365871623,0.8225849501431514,0.5185454412738404,0.5004984245765994,0.5039736977917483,0.6822066238360234,0.7036540397597583,0.5488584207501186,0.5354872894307068,0.5823429869154895,0.6530732151743622,0.5784118814212051,0.4576698067088699,0.4916383876238116,0.5921058717879941,0.5732749730822717,0.6320295970005556,0.8099681526431407,0.2283222628001367,0.7409855122511309,0.41706264295877515,0.0,0.5591426980080876,0.7106769074872537,0.6662401129886094,0.2029908649874149,0.7123348278881877,0.6671823695317127,0.5663602655555987,0.5070991807897318,0.4235912318140939,0.2767484153832259,0.6424952407706305,0.5610657458286994,0.6937084364227858,0.6588680213139877,0.2879855685531124,0.7270249206684909,0.6493071006191005,0.5700998212101229,0.771161530044751,0.5886100898963715,0.7007524670133399,0.7596376960021174,0.6417072221283615,0.46319564223351734,0.3716510594049825,0.6374695388646963,0.7253706127072448,0.8079021754220768,0.8039029133994551,0.6368974233550767,0.576124276629808,0.3725714861355671,0.5959508986461919,0.7054547887514552,0.6360931949525537,0.8404327755370649,0.7542368920991633,0.6566594395162199,0.4163325151501771,0.6377173211060813,0.5002574766445554,0.5902812955246086
0.6700364489214289,0.7247498307838673,0.7248632309849263,0.8760273539129395,0.6583034203661458,0.8037309861258886,0.42005234979892025,0.6507770928273067,0.7199707619717478,0.8822137798227367,0.6791603015303198,0.9329981411007369,0.7391503467275856,0.47317152672566004,0.6952505208007134,0.7659731449227634,0.6936159915717038,0.7396602456444388,0.6824457703273106,0.7271046567906309,0.7447611276703997,0.7052511354650066,0.7126112133692055,0.9030844247918169,0.5742116850997859,0.6284343519937419,0.669867689713289,0.7643365459598993,0.6481113495243948,0.6997268250278055,0.3038880541565714,0.9035517448288141,0.7343883486957135,0.5591426980080876,0.0,0.778948042805883,0.7246230909034841,0.9686928143342987,0.45915065579950853,0.37627240897718855,0.4218583684414523,0.425555291309465,0.38412173671053457,0.8056295134821445,0.4153659133354698,0.5642666200075181,0.6503504625694707,0.7846743182462146,0.5612728277462266,0.7676012986976085,0.62602494035646,0.5149946642552374,0.5488187643689285,0.4580012702704209,0.9556457094252071,0.7207908687935134,0.5160985037103376,0.5159981989670979,0.9155150399416478,0.7115823043701994,0.7429667254788801,0.36936543549343437,0.8527112932503282,0.38734409503489026,0.6939469520389273,0.5759233789195555,0.7581169402501852,0.7076004777382522,0.45754559230162434,0.882944364626211,0.7724531728353489,0.5762980005837125,0.49605120843552086,0.6960853667939765,0.24863845989312275,0.6856270522811129
0.6708714065629577,0.47393117236436966,0.8172918303855929,0.31377251623427177,0.4275462255370428,0.7408966643524908,0.6937166194493243,0.5333481152377518,0.8238370526180936,0.9278632763162369,0.6522065946270252,0.7825083685149867,0.6297953199319051,0.4407008123890882,0.8184259705215794,0.6786247922130183,0.711053601962053,0.7309761388222186,0.7997308515686443,0.8708307573397888,0.6119204797703982,0.6691419422219845,0.650626986186273,0.6821105671964811,0.5849545874724728,0.45062003985211263,0.604762387022683,0.47446070979783206,0.557295410621327,0.6319318098689967,0.8541354587062455,0.6187929995164388,0.20368454334671762,0.7106769074872537,0.778948042805883,0.0,0.7298609785879242,0.8162925873778362,0.2746915475782711,0.5383322076544537,0.3644806702311531,0.38705835636827635,0.46026204172465607,0.36827317205887183,0.5518529849776721,0.0,0.1339235198645703,0.6204105258460194,0.20645398182477154,0.6811711670588245,0.5608416524132864,0.7396729341284004,0.5483309759129291,0.44776220010746076,0.3345720785027986,0.6270663137788042,0.5685565452239423,0.7154740058126947,0.4634119024685042,0.6317294486431035,0.4426798764943424,0.0,0.99877642547691,0.6765963375360666,0.4603351497536237,0.5412217412447192,0.6356400739694114,0.7753434104452328,0.41676302441343177,0.19934910602357592,0.28715696591194834,0.5436827779905261,0.553334800581858,0.6520322952717265,0.16207604106175952,0.8429552577798812
0.5135411384086636,0.2397054730346601,0.6610556941317088,0.44216304520262,0.4254387130338823,0.7501481690036541,0.5833797751441628,0.5610226291016192,0.7372631972791184,1.0158819194793358,0.7827739044020924,0.5561556966356178,0.5724331914560837,0.5619594585003682,0.49457333209584575,0.4085131302786036,0.2668516649567156,0.27290757067208543,0.6628195723758666,0.7201916041035221,0.36403627963251467,0.7586521466388081,0.7738255975519477,0.37192923208886414,0.6115647938067247,0.527375792905802,0.7310489572529133,0.3508665022252242,0.6508255444931919,0.28322281301150176,0.42605983383814017,0.8582276385205244,0.5048096783008478,0.6662401129886094,0.7246230909034841,0.7298609785879242,0.0,0.4471540844730531,0.35361727214160876,0.3091214848652914,0.5252213506986747,0.48262138397958343,0.3747080247888637,0.7242501357654816,0.37880648426814884,0.0,0.0,0.8014492901671664,0.5194647608978216,0.0,0.8443231535862649,0.857043547806932,0.6349241369586319,0.2893279321106985,0.4524390101298883,0.6180050001550974,0.6628144492695089,0.6996190413517172,0.0,0.46410266744195755,0.0,0.0,0.0,0.3664841035594539,0.5630045514584663,0.0,0.9673481771295483,0.6430819181835182,0.1615152001813146,0.0,0.5148208487301323,0.7438193035301853,0.3938395359857226,0.5818839507170511,0.0,0.3154035939839323
0.34495005152949443,0.0,0.6794348238843225,0.3272475207041496,0.802853497348772,0.7290748696883947,0.8972936425819829,0.6620942401933478,0.7947249227663514,0.6145766119066923,0.780572907008477,0.32614275489331757,0.9073963679654908,0.8430783289461776,0.3925358719474977,0.6267922454868016,0.48164737601906565,0.4340939696296494,0.6434057905397571,0.9476805911962843,0.42110485790372776,0.6170299731997447,0.5423214628869761,0.4458156303374646,0.4526022350130912,0.4641151265688178,0.8142987594272189,0.7100341995898409,0.7735093760504999,0.5661736403552291,0.35962743616804493,0.6993109532781505,0.39287846491257283,0.2029908649874149,0.9686928143342987,0.8162925873778362,0.4471540844730531,0.0,0.33355531043954756,0.5032716085045239,1.0399195056226962,0.5769468202757894,0.3152535684611086,0.2573733063786482,0.4198787262159958,0.44071796829510873,0.0,0.6957763424221506,0.0,0.593422707206691,0.635655480048893,0.38023140534970445,0.0,0.44050457595385767,0.6564640672745232,0.32297095849209306,0.6764614676032499,0.807847073432889,0.0,0.5010321169822685,0.49854349303826095,0.4108078361550048,0.8292532071507215,0.31198009022489404,0.7275503266558132,0.0,0.8274844200427257,0.9456186265590113,0.8988946809095726,0.42858641504473327,0.6549436949334969,0.6432026192575476,0.7153993250694048,0.5071878669483951,0.0,0.4400740754205483
0.4865033372293086,0.6519996516696216,0.5924397668655644,0.20089388894436008,0.31743526900160385,0.5653253506471371,0.7005366520373412,0.6143875747504797,0.5949923657556737,0.7920959254028075,0.6069427718063416,0.39947164502191485,0.5982799180307736,0.7079019693744238,0.35480318164107183,0.6607555008743412,0.5245747974684204,0.7786714561305723,0.5818299526851713,0.5249956254059291,0.5299572952691989,0.47022154557411666,0.6504350620885695,0.8804462818669376,0.912907397559241,0.6188487167545551,0.6267579042412189,0.43897975847262916,0.5960380474835462,0.7214412758417834,0.6294123766810463,0.5076098269326477,0.49905719026833334,0.7123348278881877,0.45915065579950853,0.2746915475782711,0.35361727214160876,0.33355531043954756,0.0,0.6757033228576346,0.6173526247660988,0.7723492882854571,0.7279290203613163,0.5492135624820998,0.378887784701861,0.6436585442553541,0.6031462132943191,0.7173292075214249,0.4244297776624766,0.7424060984278484,0.783065774511061,0.557304427833565,0.787982093940135,0.7505440275826384,0.36301351386393615,0.6135604820037635,0.4269181750536948,0.6625683950004535,0.3912200461970273,0.47799078228206326,0.6798954431354043,0.6368198460336851,0.718301835558014,0.7018761783532986,0.5167515532775977,0.3487783737776957,0.47741202531462307,0.7030865092883595,0.45092605167615485,0.6223291239531539,0.7153044282316952,0.685178875101341,0.5466056312119436,0.375652639636067,0.40035517366170553,0.49602795850604386
0.5801590157450143,0.8508011041551882,0.5082856718771234,0.3271119166468899,0.7444923242664312,0.5463794875728899,0.4589455443801886,0.4466656195411417,0.5474634064206592,0.7059610530294185,0.5478169763961327,0.6741510458494273,0.7252088075970085,0.0,0.5110462433873272,0.648570890007287,0.5174693288375529,0.5875444332770531,0.416446554374413,0.6109514272470803,0.6169137309519349,0.6909600540685887,0.6855269092078908,0.8028408671313977,0.7501208897733753,0.6799139375388344,0.5594924420873842,0.3578533274903708,0.6458683050232086,0.479155399768029,0.6025538912281407,0.32732407229056043,0.4541418367156278,0.6671823695317127,0.37627240897718855,0.5383322076544537,0.3091214848652914,0.5032716085045239,0.6757033228576346,0.0,0.3884536509558474,0.8945964821436354,0.5482348768224137,0.7503689943166214,0.2304965155666849,0.7050568925500099,0.4977514611970859,0.720281239718599,0.38337434793895886,0.7152408099608655,0.6174019589133066,0.6411584978448237,0.5989936902797293,0.7739662542666107,0.5358013585779686,0.6739220044462487,0.4083685656134102,0.5951996389657233,0.5313891750249171,0.6087018525977207,0.6246248341756797,0.6377201534954526,0.654567530283589,0.6613858300055084,0.6431575499127022,0.5561062553921206,0.5238466031718448,0.6234795362151812,0.794736715959439,0.5394296308929163,0.695672760090771,0.6104614707729596,0.4424353605373068,0.6366888297329685,0.5410176482440543,0.4457371653830433
0.340280346316018,0.5804614276064908,0.5459676578603977,0.40226584710121127,0.4612270541707226,0.537780273751675,0.5874721354049404,0.3514881717934181,0.47388608611895877,0.6549372599979341,0.6589597023443203,0.6924413092519481,0.5620617814372836,0.9044516671524525,0.45106212686642555,0.6806037545993101,0.6732155797288752,0.7089112210070174,0.46845876417995785,0.5859439043805974,0.44468972424969333,0.527797250765267,0.5876713220816882,0.9189771979496282,0.8295912569380726,0.7223675539058843,0.5844269863565702,0.6237999882838846,0.5669067506233207,0.44221090669438506,0.6219024032047629,0.42413464028046277,0.720880406517555,0.5663602655555987,0.4218583684414523,0.3644806702311531,0.5252213506986747,1.0399195056226962,0.6173526247660988,0.3884536509558474,0.0,0.5157002997789351,0.5396716518617045,0.6063591740529476,0.26851640513259495,0.5261263192757737,0.5735702408989458,0.7199159738216452,0.403143429759449,0.802228756303217,0.8017426468825068,0.5834243234526187,0.5433132014192597,0.7234317243400001,0.6482749467762422,0.6909745371409617,0.3012045461215198,0.712159983631624,0.7481500750979908,0.553187934720394,0.5357647041581669,0.591847099454109,0.6379006563704769,0.7034229918701481,0.555688368453574,0.4923823961150045,0.5835401096528212,0.6507283757543241,0.8436541997422586,0.4658968015465702,0.5156559784206757,0.6369243680315726,0.41146272018735475,0.5723857675547649,0.5747400316730735,0.22722784079030472
0.8045566269549334,0.8220445468102857,0.3933221730185421,0.313793506232893,0.4202008912479426,0.34328230066005916,0.3667930264477398,0.5166417328886385,0.40507633957552874,0.4042961933221683,0.7063284355465265,0.16238407408551056,0.44207871723814574,0.9157704441060085,0.4567373714986759,0.754039221202253,0.5795140739285914,0.8515047586538649,0.23720059582353276,0.586025533664536,0.5076721129421059,0.6138223543850442,0.5461151628915799,0.6453396303635648,0.9742803952726526,0.6050244868831973,0.4731888412595037,0.23899133234723063,0.5453511576006087,0.7601731853251363,0.7554673058953195,0.3376431678219437,0.37965972583569907,0.5070991807897318,0.425555291309465,0.38705835636827635,0.48262138397958343,0.5769468202757894,0.7723492882854571,0.8945964821436354,0.5157002997789351,0.0,0.7690251095380927,0.6366222751720159,0.23728182717978735,0.750826382920861,0.8134365163774591,0.6469654042965685,0.59569890656242,0.5454082966012548,0.5938414170448066,0.496603704209558,0.6604952036925005,0.6327448987221772,0.6797308693990429,0.6869975826176732,0.77567300733383,0.5148012900221618,0.6494165917717277,0.596099111762907,0.7526970915920738,0.7737400395532485,0.8009034296681024,0.705600337925318,0.5561394292400338,0.5532801596378524,0.5064444829170118,0.5929768531674874,0.8465853958473368,0.7828218187854843,0.7371419494889458,0.5415427276412194,0.23725249360114462,0.6292211483164941,0.5782139924874723,0.5927209829079205
0.4984161194258597,0.6644262613593281,0.6172410020261858,0.03103585400159567,0.5185094038653636,0.5944349446392299,0.464790471911481,0.640913305302486,0.48102842341701246,0.979654277371439,0.6715803937262843,0.44151717950981645,0.5152032654674282,0.5933741111457317,0.7607055726170222,0.4983887529475652,0.0,0.0,0.6729421542448035,0.5978266133954339,0.5966153612409523,0.5080040710854982,0.7145732481024599,0.6187935482278971,0.11369637466088664,0.21611397396435264,0.6051165077376603,0.28928802780867396,0.5060878144005427,0.6454552067518562,0.578426486857639,0.39598284107346343,0.33829382021565185,0.4235912318140939,0.38412173671053457,0.46026204172465607,0.3747080247888637,0.3152535684611086,0.7279290203613163,0.5482348768224137,0.5396716518617045,0.7690251095380927,0.0,0.5086165607230686,0.8401530181753164,0.5478649472236792,0.5826326740491954,0.7413556532240321,0.45533461753158844,0.5756737605448983,0.7266252880091243,0.8863339754055347,0.9812976314869201,0.7144742627233102,0.8693370153513607,0.5590100560239396,0.5360829516407967,0.8210564135314953,0.46022614911794846,0.72131170173799,0.6854002551392776,0.6491400376567079,0.637595152631169,0.7331986968195727,0.6272286870484917,0.8016123677037299,0.5858771651215757,0.8145496096472363,0.3375697690821542,0.6994795101972685,0.5789507554434572,0.6261289537993358,0.6037523739452787,0.523690042876655,0.49592441167885964,0.8063060174899509
0.0,0.0,0.5745445716272094,0.4391654150116938,0.6344105936711472,0.45587955686529114,0.8525673891483441,0.4829018028308696,0.48003898533762007,0.35069092068203805,0.6575816776848156,0.4793503829914521,0.3933697835545556,0.5013970825502295,0.638658182103825,0.0,0.0,0.0,0.369293863706539,0.18282248880003474,0.0,0.3527363322542491,0.6293461589566304,0.3742406347332076,0.0,0.569409179637983,0.5921923261038845,0.3276326726555924,0.48356205579973,0.0,0.22090571479063273,0.34781353392473274,0.3758573036365369,0.2767484153832259,0.8056295134821445,0.36827317205887183,0.7242501357654816,0.2573733063786482,0.5492135624820998,0.7503689943166214,0.6063591740529476,0.6366222751720159,0.5086165607230686,0.0,0.34122812113771844,0.0,0.5478637929968471,0.7098232297847904,0.514199854573818,0.37141613812051105,0.7246210098390331,0.6885125032806481,0.8630464428956663,0.7227522969847944,0.5252932624675192,0.8139813963261723,0.588729982483565,0.8290971545277239,0.3707674703811951,0.42383297960818683,0.0,0.33394755158566,0.8857369312367043,0.7127760585244132,0.4584633335798909,0.46057195764282266,0.2412414600188658,0.7675293608526631,0.3057103003644811,0.5271577629273305,0.6935724912968855,0.6702360605629548,0.6254084269177744,0.5732797129231226,0.5262507556467715,0.5404239801482971
0.46891976350537923,0.0,0.0,0.0,0.28056643681552945,0.21166263643745584,0.3663195834163542,0.0,0.3014460880788391,0.7105135270509239,0.2041647959699739,0.6845117028264783,0.4626192404312727,0.0,0.0,0.0,0.4913454365699757,0.5949393858146581,0.43416699817527954,0.22264542326643197,0.0,0.26213765316876747,0.5828240277048761,0.658272122820275,0.4443229663819034,0.49925607329316757,0.42479758578931703,0.6687595295376493,0.6524858692716605,0.0,0.4215065862312492,0.406245762822012,0.7137485196276877,0.6424952407706305,0.4153659133354698,0.5518529849776721,0.37880648426814884,0.4198787262159958,0.378887784701861,0.2304965155666849,0.26851640513259495,0.23728182717978735,0.8401530181753164,0.34122812113771844,0.0,0.5553833338023948,0.13108615012926897,0.5237761226773372,0.32628521206995,0.7116350182863198,0.7480329519458901,0.832079843754846,0.48168418553199843,0.6687058774439011,0.6299276932868998,0.8540681583796167,0.2476986148509483,0.6768036091113621,0.5579984109490458,0.3001400937991084,0.5690803918158216,0.5706295488214321,0.4233836373851422,0.6755793961218031,0.626730700268242,0.6565994434216891,0.6363376945536116,0.6031817941684572,0.7025444296582735,0.43483354763390913,0.5445037555900792,0.9814534378822852,0.6370088692843003,0.6317893884684883,0.8826932389301749,0.51940877407184
0.32507827043509685,0.7107228310136133,0.0,0.0,0.0,0.6332385981622115,0.0,0.5901372791561802,0.0,0.6553522949310383,0.0,0.4862756827998577,0.652024569898958,0.0,0.6395781384537685,0.5587324423460791,0.6753430705827553,0.8380112245805083,0.0,0.5415127155838781,0.2871639564850946,0.6110715462587661,0.5489874093858028,0.5588809270215078,0.9374571292492702,0.6855633712400575,0.46175612293015483,0.6503728837421491,0.4833328246248435,0.0,0.31579723731489184,0.5340720928907635,0.5207109183478213,0.5610657458286994,0.5642666200075181,0.0,0.0,0.44071796829510873,0.6436585442553541,0.7050568925500099,0.5261263192757737,0.750826382920861,0.5478649472236792,0.0,0.5553833338023948,0.0,0.6648668557784164,0.41125787423150173,0.0,0.791646804327946,0.5578808611343097,0.5488828639267138,0.4304072425029792,0.47403667340811284,0.7167220493182248,0.33785562148507425,0.631633499026382,0.5687075521103624,0.45658544113029487,0.35210660027335267,0.7078810904436998,0.5867162471321048,0.8008279941445889,0.0,0.5450891856778436,0.4761122287689881,0.5722697631090425,0.4187260583075054,0.4291690706534611,0.7858660560811446,0.752526488389573,0.5546190143271903,0.41318614026798006,0.646362743226998,0.5547739469907604,0.5960869284112575
0.5194948141580764,0.7350433763911527,0.2127669138484357,0.0,0.43467760878264056,0.655132998541449,0.6075501522810193,0.3635364427684358,0.712896133364716,0.514594816808979,0.0,0.5805014880631669,0.7304525622739819,0.0,0.6990407701186844,0.7457559056078694,0.5851160545488837,0.7773407158644481,0.0,0.6838992518297721,0.7017100140022989,0.753204409197114,0.774586280440388,0.5856049087851118,0.8501874963831132,0.7599484446097137,0.62555764924106,0.7040086570313144,0.6439154461001864,0.0,0.624492638751618,0.6881849868060895,0.6192641306912526,0.6937084364227858,0.6503504625694707,0.1339235198645703,0.0,0.0,0.6031462132943191,0.4977514611970859,0.5735702408989458,0.8134365163774591,0.5826326740491954,0.5478637929968471,0.13108615012926897,0.6648668557784164,0.0,0.5928639632980812,0.0,0.8338754712701568,0.5524832553804869,0.6792255991668541,0.6223265145196696,0.46082515851162864,0.5807930797938596,0.4169918012439629,0.5315032602023458,0.6353049631499239,0.5864669631238454,0.730448823281558,0.8087457788355044,0.6754200303551874,0.7420713288803694,0.43581563427205283,0.745169139594489,0.649361323318874,0.6850706297398619,0.7295240938037033,0.4419438758564991,0.7269102974764131,0.7589066189368491,0.6197857653974647,0.7030420803908659,0.7439160661367448,0.6883022940646721,0.4965137996644245
0.0,0.0,0.4007669464255753,0.4344524787472661,0.6053085360698667,0.6784850186912865,0.4739325725358788,0.695347768528216,0.6429737693974085,0.17687546593130193,0.4457389992467523,0.2916357704679389,0.667277482019231,0.3255716321708159,0.4837077967397063,0.0,0.0,0.0,0.715766245204072,0.5087376169467615,0.6710095690147295,0.5922673439811255,0.527311434326362,0.0,0.0,0.6752076034727885,0.6803158771375063,0.6328916969253296,0.5706769816165014,0.23378372431101715,0.6869523641256023,0.6257538331853668,0.8494605370848234,0.6588680213139877,0.7846743182462146,0.6204105258460194,0.8014492901671664,0.6957763424221506,0.7173292075214249,0.720281239718599,0.7199159738216452,0.6469654042965685,0.7413556532240321,0.7098232297847904,0.5237761226773372,0.41125787423150173,0.5928639632980812,0.0,0.5689632688470795,0.6687803952499095,0.48259459702225765,0.7845867974286729,0.745500293809876,0.6257201953800574,0.7078575289001375,0.26152830811144107,0.6775667337066157,0.7849771883441308,0.7040547743493659,0.4537775737871336,0.5043756816074217,0.7088356529679053,0.7138495629428496,0.34672109946177077,0.4202335566937033,0.41543890877867495,0.4759029706544072,0.5916180024558185,0.444111780373091,0.6320212834742596,0.6643934632859012,0.38619743207486035,0.7497911846988725,0.5201632598242926,0.3857178024926415,0.7103977778626634
0.0,0.0,0.5014309714184888,0.0,0.0,0.6062746588645348,0.0,0.0,0.5030137629302942,0.5018130488125709,0.5018421049566305,0.2108683393452627,0.0,0.0,0.0,0.0,0.0,0.0,0.0,0.0,0.0,0.5019877291800273,0.4703621348462856,0.0,0.0,0.0,0.5073832838995028,0.0,0.48027124080772265,0.0,0.0,0.4291063614416103,0.0,0.2879855685531124,0.5612728277462266,0.20645398182477154,0.5194647608978216,0.0,0.4244297776624766,0.38337434793895886,0.403143429759449,0.59569890656242,0.45533461753158844,0.514199854573818,0.32628521206995,0.0,0.0,0.5689632688470795,0.0,0.6015337943633489,0.4957546110753977,0.6453610837161483,1.0222464406923704,0.6808041282240564,0.671340120491564,0.8982184469377374,0.425924850480539,0.6163663426469095,0.39253011363053547,0.4816891468423728,0.0,0.0,0.5032536298045919,0.9092503639186341,0.41507201333684196,0.37839831456469175,0.40598052636735177,0.7491758700088333,0.39255274886577873,0.0,0.587016508768973,0.5618645362381898,0.7873090254596987,0.5579837521616023,0.6518922579058551,0.46998417308522517
0.0,0.0,0.6034171212345872,0.0,0.5222509443939727,0.5282847585133567,0.49041434732662825,0.6928869534064548,0.7201900539284463,0.46755442583907203,0.7404366919202625,0.30127960455429337,0.6634830638098863,0.645740912703359,0.0,0.0,0.0,0.0,0.5686327048012777,0.0,0.0,0.25904319196592684,0.7168581744833351,0.4995959939705738,0.0,0.0,0.6793998029314756,0.7040207763325278,0.4937345082285031,0.0,0.4829390419977627,0.7179357625062485,0.49798048328378747,0.7270249206684909,0.7676012986976085,0.6811711670588245,0.0,0.593422707206691,0.7424060984278484,0.7152408099608655,0.802228756303217,0.5454082966012548,0.5756737605448983,0.37141613812051105,0.7116350182863198,0.791646804327946,0.8338754712701568,0.6687803952499095,0.6015337943633489,0.0,0.7370003903417013,0.7391892602198282,0.8128370148538214,0.667762255976069,0.7461476177504833,0.5661707188492137,0.6727245013517512,0.8845677318635876,0.5504900853402261,0.5084293335378375,0.5285621385086563,0.6107059720894048,0.6698849146916164,0.5698575025520551,0.4842680965547987,0.40085016751603647,0.4816815035582469,0.8855661016237772,0.628550960241347,0.5353594530076022,0.611996754106359,0.8034511112775774,0.5020721441047625,0.55994580275891,0.3461113769304759,0.8297871467971906
0.5225209166809631,0.7382765564260081,0.658543928896025,0.6109815987682861,0.7481817561572981,0.5863763831787858,0.6315416574368872,0.48426182767759296,0.7121972537984026,0.5328070986218519,0.7808641289815252,0.35131973102951447,0.6403379822943595,0.4713214436864887,0.5801677766097256,0.590661296049846,0.0,0.5458711782001215,0.6474252718459452,0.5693003298313435,0.7183255384146123,0.7102220777150439,0.561744506278291,0.610069320419006,0.6921457468736559,0.7306093073272684,0.5756463594358969,0.6701653932798455,0.6372257384381268,0.4742189832621341,0.5772486499145117,0.6864692998661144,0.5999362931922783,0.6493071006191005,0.62602494035646,0.5608416524132864,0.8443231535862649,0.635655480048893,0.783065774511061,0.6174019589133066,0.8017426468825068,0.5938414170448066,0.7266252880091243,0.7246210098390331,0.7480329519458901,0.5578808611343097,0.5524832553804869,0.48259459702225765,0.4957546110753977,0.7370003903417013,0.0,0.7964975740671423,0.6195157519314204,0.5863443122453932,0.6318456319184881,0.7139382713280573,0.795439250124504,0.84977785828366,0.5388767116126979,0.5352366896103721,0.6661969241173502,0.7009090884077254,0.5975156582803847,0.5417309508018452,0.6028500373935654,0.7083303616116019,0.5610250335494001,0.7067429363692797,0.5271489916431725,0.5179632102053431,0.5790320104518996,0.5173368486720785,0.8588173991886962,0.5119284795335529,0.7286735446828904,0.7236718938742068
0.0,0.8981075806755019,0.6561332409293377,0.0,0.5771071298915935,0.7204858735992709,0.6446124301431152,0.7349510788791179,0.7368690171219107,0.4731418031557278,0.6375078030126673,0.5188793423893876,0.6740733273289197,0.42837687623346576,0.7208645803074054,0.6238975583695705,0.0,0.5968951868035522,0.6480890214925364,0.7859511042255931,0.4595198066494729,0.9005697108565539,0.6945240938005717,0.3168387887066898,0.5682983704975736,0.6176504095055186,0.6446643007289281,0.7100818856661364,0.6819089188364267,0.6932058421950713,0.7435466571523941,0.8234942257981107,0.5219871990678655,0.5700998212101229,0.5149946642552374,0.7396729341284004,0.857043547806932,0.38023140534970445,0.557304427833565,0.6411584978448237,0.5834243234526187,0.496603704209558,0.8863339754055347,0.6885125032806481,0.832079843754846,0.5488828639267138,0.6792255991668541,0.7845867974286729,0.6453610837161483,0.7391892602198282,0.7964975740671423,0.0,0.8124379546799413,0.8785082072329721,0.6573798952629613,0.8222006315988232,0.5627458451023997,0.7948795854286287,0.631873283884795,0.5580566079236638,0.6846528468740058,0.5077673497844952,0.6446512463172829,0.7787758670957665,0.640043593468292,0.5415188786810688,0.7368839133438679,0.8852850592924324,0.7287643257882925,0.6442900883233951,0.614701027609149,0.8631350148878676,0.670586784349713,0.8242277703713647,0.5678769051161974,0.9005268854292675
0.6091372039000456,0.5963232213391026,0.6696229291639576,0.49898708824774207,0.4328058769370305,0.7208716536153272,0.6492615425745232,0.5648516464317276,0.6600612497350882,0.5989040368593807,0.7531228206810694,0.25420503186095394,0.6680903144336477,0.5856035357723647,0.6974804828519073,0.8658194084053594,0.0,1.1053238634872589,0.6062589175551548,0.6918690495657038,0.7922283843833555,0.7169785144312988,0.6725620300326446,0.0,0.7347848362596191,0.5463560536621528,0.5743916338167562,0.7532007593389034,0.7655748129625226,0.4553036920102306,0.5158016863110743,0.8545025463605073,0.33477886828237796,0.771161530044751,0.5488187643689285,0.5483309759129291,0.6349241369586319,0.0,0.787982093940135,0.5989936902797293,0.5433132014192597,0.6604952036925005,0.9812976314869201,0.8630464428956663,0.48168418553199843,0.4304072425029792,0.6223265145196696,0.745500293809876,1.0222464406923704,0.8128370148538214,0.6195157519314204,0.8124379546799413,0.0,0.6252828359121831,0.46903010215879865,0.6808822312478696,0.49969251679338245,0.7877211838584643,0.664157866387201,0.6519108665222917,0.582879361189665,0.6412850051131211,0.48703725027908684,0.6469890237563287,0.5030469192177964,0.523735328582597,0.6023458348635101,0.6172894891323982,0.4797663035004127,0.5719084222510746,0.5591484415168593,0.6476050336135487,0.6278683100675423,0.5405313119766291,0.5246447698394384,0.4879277108768787
0.0,0.5857655443361477,0.4689332423498187,0.0,0.5159098707841785,0.7087905878404793,0.6038776226686896,0.689908857514852,0.6104184573016189,0.24968239600466977,0.542705299298967,0.44349755199756463,0.6810020320851031,0.46357176122474214,0.5589833372911139,0.0,0.0,0.0,0.6957850126192178,0.4570253076227653,0.5625685351312287,0.6677868097058126,0.6957900964989117,0.0,0.43447128140742786,0.42237671669659144,0.6573398059711449,0.651323468038492,0.6041029980091237,0.6787058649353087,0.6839812950278833,0.6754597414614549,0.27692957518324013,0.5886100898963715,0.4580012702704209,0.44776220010746076,0.2893279321106985,0.44050457595385767,0.7505440275826384,0.7739662542666107,0.7234317243400001,0.6327448987221772,0.7144742627233102,0.7227522969847944,0.6687058774439011,0.47403667340811284,0.46082515851162864,0.6257201953800574,0.6808041282240564,0.667762255976069,0.5863443122453932,0.8785082072329721,0.6252828359121831,0.0,0.611299326552662,0.5472432926706953,0.6042237459886944,0.9323983080987246,0.6402681544968217,0.43993386501014675,0.4952563028310323,0.579363446010551,0.7319273667723627,0.5238296146517174,0.5229222974520435,0.3559772571963496,0.4950659924159377,0.6822709705092121,0.7508493829307389,0.7667567302838362,0.7550613018099459,0.6409893232287049,0.7760870340886226,0.9441115088337255,0.7322918863597433,0.7185560030227507
0.5357235810194295,0.6253771269700868,0.3936856015161232,0.0,0.0,0.704826908404011,0.6112222025127693,1.1280952823563593,0.2314567433948352,0.6865477442605434,0.5175411167613199,0.7537989122646227,0.7066468313265711,0.0,0.0,0.8287344398872359,0.7710216187518809,0.8365809589122877,0.9583276589688331,0.9841014542008112,0.6335584817059989,0.4371572157428254,0.7053898165252867,0.6307077718090102,0.7445447517166579,0.7401867678901414,0.7460586951699628,0.715913590040965,0.6622347956764815,0.5690444460123345,0.5415717583000625,0.5506092016970824,0.6085690297287747,0.7007524670133399,0.9556457094252071,0.3345720785027986,0.4524390101298883,0.6564640672745232,0.36301351386393615,0.5358013585779686,0.6482749467762422,0.6797308693990429,0.8693370153513607,0.5252932624675192,0.6299276932868998,0.7167220493182248,0.5807930797938596,0.7078575289001375,0.671340120491564,0.7461476177504833,0.6318456319184881,0.6573798952629613,0.46903010215879865,0.611299326552662,0.0,0.7126533816827096,0.6297296767881915,0.6207437998575125,0.850767129608837,0.48241263457415057,1.0101062863586843,0.6289773211682784,0.5198785699402291,0.5838609181019504,0.5774547807105759,0.5535479601538956,0.479883762958339,0.7786783904242589,0.6503373186463987,0.6237991225522324,0.6466359493777538,0.868924931689266,0.39990825684009074,0.7273459479974757,0.620923247552904,0.615683378490816
0.0,0.0,0.4287719554782229,0.1943780491413945,0.5884607462900466,0.6794655354096922,0.47922695598452936,0.6636525681449299,0.6860287777728209,0.4460749423508572,0.5937372734606431,0.2599835793329,0.5303214960381476,0.6980832453544175,0.0,0.0,0.0,0.0,0.7794239214282473,0.0,0.0,0.0,0.4176862070076345,0.5780330770093254,0.49618594989846215,0.0,0.70134577214614,0.577136402027637,0.4608296367019605,0.0,0.5525857157196432,0.7540017316735151,0.4252163177997898,0.7596376960021174,0.7207908687935134,0.6270663137788042,0.6180050001550974,0.32297095849209306,0.6135604820037635,0.6739220044462487,0.6909745371409617,0.6869975826176732,0.5590100560239396,0.8139813963261723,0.8540681583796167,0.33785562148507425,0.4169918012439629,0.26152830811144107,0.8982184469377374,0.5661707188492137,0.7139382713280573,0.8222006315988232,0.6808822312478696,0.5472432926706953,0.7126533816827096,0.0,0.8061827651549679,0.7791060211733958,0.9133248927643086,0.0,0.2564927181498994,0.6330737392458118,0.7174324890565904,0.3945683080112479,0.49898101111418725,0.5590693213640231,0.0,0.6209089029017303,0.6666677936478183,0.7339807374610889,0.7145348106580605,0.5858817700361679,0.7801125193718925,0.5232209726969712,0.4157693301132792,0.6419847958154684
0.5651187846060877,0.4467543864384704,0.5038588700673068,0.5156055231915743,0.3759972333251865,0.5513475257365257,0.45194448281317295,0.9900815241684344,0.7943658851716603,0.6832658257363924,0.5188318916158472,0.7668606980481628,0.4797531566737006,0.4149049440268883,0.7043858376429292,0.4679188249346036,0.6586002095144201,0.8339336455315765,0.5674619198366633,0.6969304077293355,0.7787591979979709,0.9337618321017958,0.7957376868447347,0.6130604001062613,0.7529157050033045,0.7771787105223242,0.5458794847747437,0.3782171041270311,0.957936799169604,0.0,0.6563698763983895,0.21680062344104106,0.6217848192519335,0.6417072221283615,0.5160985037103376,0.5685565452239423,0.6628144492695089,0.6764614676032499,0.4269181750536948,0.4083685656134102,0.3012045461215198,0.77567300733383,0.5360829516407967,0.588729982483565,0.2476986148509483,0.631633499026382,0.5315032602023458,0.6775667337066157,0.425924850480539,0.6727245013517512,0.795439250124504,0.5627458451023997,0.49969251679338245,0.6042237459886944,0.6297296767881915,0.8061827651549679,0.0,0.6495472692513045,0.43651918293465075,0.3934909892881227,1.0102603237854924,0.47008133893018283,0.567843389577283,0.7672801061453898,0.642371305422988,0.5573811330925564,0.7310334757127182,0.5219323518673878,0.6205357301254504,0.6546259161864827,0.48714264966819304,0.7315938413836753,0.5567996195287472,0.6753060813919433,0.5303562523311784,0.5481005383758577
0.7514520036259645,0.8729949572077438,0.6938899053459393,0.49225413829042836,0.6272620972963285,0.7096392809584207,0.5726798830567242,0.6739925116438225,0.6274273600646809,0.75162416566396,0.7141416826586504,0.7620488262353591,0.6813461427063681,0.7690684658778449,0.6030991180424308,0.8546887107371199,0.33471844739751666,0.5574740362361199,0.5692109267003667,0.7430743766678356,0.8208734696943694,0.764799021244358,0.6489272337173182,0.7046520745685473,0.5558813513398128,0.7193200769613334,0.661188991722931,0.7015075963862389,0.6938562499123906,0.5475606327164289,0.8100351330893754,0.821294385656137,0.6718658495795071,0.46319564223351734,0.5159981989670979,0.7154740058126947,0.6996190413517172,0.807847073432889,0.6625683950004535,0.5951996389657233,0.712159983631624,0.5148012900221618,0.8210564135314953,0.8290971545277239,0.6768036091113621,0.5687075521103624,0.6353049631499239,0.7849771883441308,0.6163663426469095,0.8845677318635876,0.84977785828366,0.7948795854286287,0.7877211838584643,0.9323983080987246,0.6207437998575125,0.7791060211733958,0.6495472692513045,0.0,0.685194717445658,0.6692624156237097,0.6824199654759308,0.7039295405773404,0.6464982333288487,0.7723695729735146,0.7527759660800605,0.8333483980268077,0.6587743315142028,0.8603421417298217,0.6356976550591789,0.62304905016032,0.5440768473568981,0.8243718667864465,0.6650882130006175,0.7968795949743872,0.6538174552490658,0.7825968762400287
0.0,0.0,0.7111366561425565,0.0,0.6047038793333024,0.5789945502627244,0.36654253461909103,0.5833673787111879,0.5917594739150643,0.0,0.7599658911739715,0.7365410175302871,0.28098320247807185,0.4836491067382768,0.5008866079587264,0.0,0.0,0.0,0.5503466891058317,0.0,0.0,0.0,0.6619212615848135,0.0,0.0,0.0,0.6614337062180526,0.7918998052283562,0.7939462824521569,0.0,0.0,0.8763709774473512,0.0,0.3716510594049825,0.9155150399416478,0.4634119024685042,0.0,0.0,0.3912200461970273,0.5313891750249171,0.7481500750979908,0.6494165917717277,0.46022614911794846,0.3707674703811951,0.5579984109490458,0.45658544113029487,0.5864669631238454,0.7040547743493659,0.39253011363053547,0.5504900853402261,0.5388767116126979,0.631873283884795,0.664157866387201,0.6402681544968217,0.850767129608837,0.9133248927643086,0.43651918293465075,0.685194717445658,0.0,0.0,0.1903814561023407,0.6424558045210795,0.39027205278337557,0.6816906120329953,0.5014063711119319,0.5178643594399638,0.23118172525252303,0.5646766686636752,0.5413129703613684,0.7312169382842943,0.6639089918191438,0.5528254125462906,0.5714323471111963,0.38644764288744193,0.49709494595639026,0.6742874078559403
0.6006982005506272,0.6671728199116077,0.27301918981185247,0.0,0.2637601715477431,0.6348049363003889,0.34243976660172765,0.7070741732314031,0.6363675100560335,0.949637349586324,0.0,0.6797382331587095,0.565147334304966,0.0,0.3930642193977339,0.6196027772017686,0.8120726107130142,0.6583212280265655,0.0,0.6334700068891915,0.5253360821844768,0.5503145755557532,0.6983042759655903,0.2400083942401619,0.6791503394422912,0.5011569622935235,0.636295663926282,0.6008858673407509,0.6094353497642803,0.45558869362892646,0.5924206898914645,0.6116682350427894,0.594081611991797,0.6374695388646963,0.7115823043701994,0.6317294486431035,0.46410266744195755,0.5010321169822685,0.47799078228206326,0.6087018525977207,0.553187934720394,0.596099111762907,0.72131170173799,0.42383297960818683,0.3001400937991084,0.35210660027335267,0.730448823281558,0.4537775737871336,0.4816891468423728,0.5084293335378375,0.5352366896103721,0.5580566079236638,0.6519108665222917,0.43993386501014675,0.48241263457415057,0.0,0.3934909892881227,0.6692624156237097,0.0,0.0,0.7144284976399443,0.5641194893351591,0.5465826195352931,0.0,0.6667504950571828,0.6051272638972989,0.6199787697175353,0.5629220624478046,0.35747877195325756,0.7378627271262754,0.5384312359831056,0.17352116562975617,0.4783788189443883,0.5874024891611087,0.7204064415689243,0.515643402303103
0.6749411397969478,0.7758469384853897,0.0,0.0,0.4884430115018666,0.7056050971122086,0.622409746441396,0.4056027388698166,0.6993478145689849,0.5926204850019485,0.0,0.6139950384022285,0.6380088723158006,0.0,0.6551108498791856,0.7965150204131037,0.4465555990712112,0.8138279228550463,0.0,0.6327999681750028,0.6296176717245734,0.6629376235962015,0.7358557016528489,0.6852922218972366,0.8942522931392044,0.75211766923923,0.7352478861177815,0.5400132300424344,0.7117551552344766,0.0,0.6910967735440051,0.7220006387363972,0.6677437330089289,0.7253706127072448,0.7429667254788801,0.4426798764943424,0.0,0.49854349303826095,0.6798954431354043,0.6246248341756797,0.5357647041581669,0.7526970915920738,0.6854002551392776,0.0,0.5690803918158216,0.7078810904436998,0.8087457788355044,0.5043756816074217,0.0,0.5285621385086563,0.6661969241173502,0.6846528468740058,0.582879361189665,0.4952563028310323,1.0101062863586843,0.2564927181498994,1.0102603237854924,0.6824199654759308,0.1903814561023407,0.7144284976399443,0.0,0.784515244742269,0.613223968171403,1.0001049119183643,0.6232292995887407,0.7008749163700035,0.7447667490697047,0.6318623699228911,0.8040993615137835,0.6185305216049958,0.8069046638495553,0.7237257316610676,0.7514385918400643,0.7026287597491641,0.533534760139347,0.6395869331909685
0.29903343788513187,0.7963536001530873,0.0,0.0,0.0,0.0,0.0,0.0,0.0,0.7096926244327219,0.0,0.7335086878855256,0.42054961997780915,0.0,0.6595249881918517,0.7850012248875639,0.8509724762769398,0.8527943665140498,0.0,0.9235264681150241,0.0,0.44119434641565364,0.5027691734236214,0.638845874852611,0.7824805256853539,0.7383188157072,0.0,0.20199824717138315,0.18983455279384748,0.0,0.8158189580711206,0.6060374159965423,0.6489812852232704,0.8079021754220768,0.36936543549343437,0.0,0.0,0.4108078361550048,0.6368198460336851,0.6377201534954526,0.591847099454109,0.7737400395532485,0.6491400376567079,0.33394755158566,0.5706295488214321,0.5867162471321048,0.6754200303551874,0.7088356529679053,0.0,0.6107059720894048,0.7009090884077254,0.5077673497844952,0.6412850051131211,0.579363446010551,0.6289773211682784,0.6330737392458118,0.47008133893018283,0.7039295405773404,0.6424558045210795,0.5641194893351591,0.784515244742269,0.0,0.5397200615270862,0.6217731911047457,0.566709280775418,0.39613279565441667,0.625032468747821,0.6139614926280704,0.7210160562695245,0.601024908751667,0.61212163511202,0.8300343108670332,0.610143920513108,0.7560052053039228,0.3683385780702957,0.6097344813740738
0.7511395899818909,0.8562175817115514,0.0,0.0,0.0,0.554869578897323,0.5639226126265621,0.7037290061825449,0.0,0.6474087817082397,0.0,0.7155087218273181,0.8901777427560658,0.0,0.6906553305183468,0.8280362554604068,0.6802514232415958,0.8263691211295789,0.0,0.5910839320357567,0.4116400439220982,0.6769604950113997,0.5953457089865809,0.6954218356968279,0.914322125548235,0.8056652267924211,0.4937595587481945,0.5977077587163065,0.5411640456623591,0.9969231931254287,0.8913536615903886,0.6853221714751664,0.5432685480533717,0.8039029133994551,0.8527112932503282,0.99877642547691,0.0,0.8292532071507215,0.718301835558014,0.654567530283589,0.6379006563704769,0.8009034296681024,0.637595152631169,0.8857369312367043,0.4233836373851422,0.8008279941445889,0.7420713288803694,0.7138495629428496,0.5032536298045919,0.6698849146916164,0.5975156582803847,0.6446512463172829,0.48703725027908684,0.7319273667723627,0.5198785699402291,0.7174324890565904,0.567843389577283,0.6464982333288487,0.39027205278337557,0.5465826195352931,0.613223968171403,0.5397200615270862,0.0,0.5413242549203419,0.48496300501501843,0.6835698888305405,0.5528245893790222,0.670761098860016,0.7747131907537911,0.539318864562368,0.7046535688522158,0.6983897491343997,0.6490530970547218,0.621703060183323,0.4770550763757738,0.589299207713275
0.0,0.0,0.2540867718059013,0.0,0.611319437633288,0.5963984200443441,0.5423264138768484,0.700855496034798,0.6192624171140136,0.5025038655322136,0.36352759419372,0.3592728602485231,0.5820036867119598,0.46550946521990444,0.0,0.0,0.0,0.0,0.7641434366183417,0.0,0.0,0.0,0.3816110727098986,0.5037582152791247,0.0,0.0,0.7157948624306271,0.6710271539412118,0.31833342533671793,0.9949658452423972,0.7275634231659658,0.5161723060006805,0.9626904703510951,0.6368974233550767,0.38734409503489026,0.6765963375360666,0.3664841035594539,0.31198009022489404,0.7018761783532986,0.6613858300055084,0.7034229918701481,0.705600337925318,0.7331986968195727,0.7127760585244132,0.6755793961218031,0.0,0.43581563427205283,0.34672109946177077,0.9092503639186341,0.5698575025520551,0.5417309508018452,0.7787758670957665,0.6469890237563287,0.5238296146517174,0.5838609181019504,0.3945683080112479,0.7672801061453898,0.7723695729735146,0.6816906120329953,0.0,1.0001049119183643,0.6217731911047457,0.5413242549203419,0.0,0.0,0.6031006620216899,0.36646597169745776,0.4544752784878208,0.6883720642586981,0.6039089448337994,0.627687851697873,0.5834993035437824,0.740780120129437,0.622544561369383,0.5246129196402064,0.6752809218341032
0.48510714061543087,0.7515910181208897,0.6723789233212439,0.0,0.3351462740772441,0.6089410681055478,0.6323510889882508,0.648863783479573,0.7558441123343448,0.5027691734236226,0.3793869245867966,0.800114290060327,0.5617066824713991,0.0,0.4601165706639905,0.6843320659660286,0.0,0.7281571163215649,0.503014855121478,0.5782490851139884,0.599731738326869,0.5678461779950622,0.6359471060732844,0.3446514575903631,0.8882153033942807,0.6573489901050615,0.5822826302566222,0.6168580479901391,0.5702045655935191,0.6046972323380668,0.5016053109573332,0.6623331938726448,0.7138755161546423,0.576124276629808,0.6939469520389273,0.4603351497536237,0.5630045514584663,0.7275503266558132,0.5167515532775977,0.6431575499127022,0.555688368453574,0.5561394292400338,0.6272286870484917,0.4584633335798909,0.626730700268242,0.5450891856778436,0.745169139594489,0.4202335566937033,0.41507201333684196,0.4842680965547987,0.6028500373935654,0.640043593468292,0.5030469192177964,0.5229222974520435,0.5774547807105759,0.49898101111418725,0.642371305422988,0.7527759660800605,0.5014063711119319,0.6667504950571828,0.6232292995887407,0.566709280775418,0.48496300501501843,0.0,0.0,0.5884366806316165,0.527020423557946,0.7998902420511405,0.6155910410310654,0.6724053508522697,0.5603947120142376,0.39573318750670805,0.844642745037536,0.890695954665164,0.5584020788783053,0.7056298454411863
0.5830117008328024,0.7415672807256195,0.47661887136266134,0.0,0.5137204823147049,0.5156784923008495,0.5146351831579828,0.77548012422968,0.7117802166077826,0.5890314327112156,0.0,0.8053179895084117,0.608242519419599,0.0,0.5055828726704418,0.6765776526013769,0.0,0.8223170017032397,0.0,0.6011489389222726,0.5308874877838341,0.5689101318196046,0.7227337868819151,0.47243313312583796,0.8009495690177924,0.7165494550122326,0.6598666132409686,0.7089200203068315,0.6490920759034009,0.5491761913335056,0.2143353403701374,0.35058558350143904,0.5086984117707292,0.3725714861355671,0.5759233789195555,0.5412217412447192,0.0,0.0,0.3487783737776957,0.5561062553921206,0.4923823961150045,0.5532801596378524,0.8016123677037299,0.46057195764282266,0.6565994434216891,0.4761122287689881,0.649361323318874,0.41543890877867495,0.37839831456469175,0.40085016751603647,0.7083303616116019,0.5415188786810688,0.523735328582597,0.3559772571963496,0.5535479601538956,0.5590693213640231,0.5573811330925564,0.8333483980268077,0.5178643594399638,0.6051272638972989,0.7008749163700035,0.39613279565441667,0.6835698888305405,0.6031006620216899,0.5884366806316165,0.0,0.5949914191039107,0.6778233838363864,0.506567331227061,0.7190961905178551,0.7033646646307982,0.4807864925261493,0.6657233531341306,0.5919032440040254,0.6077412918239096,0.535486124050806
0.6273700402029115,0.7158860480763567,0.1213597782186428,0.5066370875938363,0.7059454761233095,0.6626092143298599,0.5746227371850935,0.6587117797363092,0.7300142653035768,0.3634375392638781,0.7184542177639336,0.43723225440531893,0.6183398966237645,0.0,0.6098419248975079,0.6455346225344667,0.5706850456791229,0.7295359745701688,0.5155875345983104,0.5914996529705816,0.6363651686870331,0.6362244502481199,0.6970315280651296,0.17315474451281862,0.7673443012094863,0.7453806316593661,0.6228742406622372,0.6120607505565199,0.6106094641828315,0.570246098958418,0.5289373644791923,0.6130692063932682,0.7119180361029704,0.5959508986461919,0.7581169402501852,0.6356400739694114,0.9673481771295483,0.8274844200427257,0.47741202531462307,0.5238466031718448,0.5835401096528212,0.5064444829170118,0.5858771651215757,0.2412414600188658,0.6363376945536116,0.5722697631090425,0.6850706297398619,0.4759029706544072,0.40598052636735177,0.4816815035582469,0.5610250335494001,0.7368839133438679,0.6023458348635101,0.4950659924159377,0.479883762958339,0.0,0.7310334757127182,0.6587743315142028,0.23118172525252303,0.6199787697175353,0.7447667490697047,0.625032468747821,0.5528245893790222,0.36646597169745776,0.527020423557946,0.5949914191039107,0.0,0.7359585552574412,0.383684589015662,0.7144319288414862,0.6977408567448581,0.49770696465726694,0.7888986814666497,0.7459747957800982,0.7428247211275602,0.690420781213375
0.6359043720717517,0.694337627431874,0.5486935299038119,0.7087054814583137,0.5915923737039538,0.6207762518956126,0.6437826922935456,0.6179359370062718,0.6798550276812276,0.7414112627398309,0.7091055766961016,0.8067679255778472,0.6832430710738809,0.6284246997080959,0.7247624542726351,0.6921963130639281,0.0,0.894457392373065,0.7058980676083042,0.6020371388429904,0.6842495484790967,0.6510589646938659,0.7325067831911326,0.8655961970538385,0.7305637873650092,0.7010133774534162,0.5673338046733146,0.6864410988472431,0.6101647105006138,0.6215075361297194,0.6173194439949242,0.6959803291662845,0.5559680950654485,0.7054547887514552,0.7076004777382522,0.7753434104452328,0.6430819181835182,0.9456186265590113,0.7030865092883595,0.6234795362151812,0.6507283757543241,0.5929768531674874,0.8145496096472363,0.7675293608526631,0.6031817941684572,0.4187260583075054,0.7295240938037033,0.5916180024558185,0.7491758700088333,0.8855661016237772,0.7067429363692797,0.8852850592924324,0.6172894891323982,0.6822709705092121,0.7786783904242589,0.6209089029017303,0.5219323518673878,0.8603421417298217,0.5646766686636752,0.5629220624478046,0.6318623699228911,0.6139614926280704,0.670761098860016,0.4544752784878208,0.7998902420511405,0.6778233838363864,0.7359585552574412,0.0,0.41693568968120964,0.5311041133648225,0.6756449707360709,0.5753490624983992,0.7583546753227827,0.5250597202263312,0.6827960491526175,0.620312608774966
0.6021589214365956,0.44941694684506894,0.0,0.0,0.0,0.6158412788754662,0.4979804832837868,0.0,0.3369286716396492,0.5928828157086456,0.0,0.6527957042854495,0.523392292592188,0.0,0.48512158162382835,0.44329540425602787,0.7792237247547411,0.8093741482313355,0.0,0.0,0.8483289777496613,0.7878680750094313,0.24743208938406006,0.5034670829817973,0.7213016725835069,0.6926802492941239,0.0,0.5634779904377917,0.5035346145552237,0.0,0.7830374825542457,0.5180748135651605,0.8661059604146552,0.6360931949525537,0.45754559230162434,0.41676302441343177,0.1615152001813146,0.8988946809095726,0.45092605167615485,0.794736715959439,0.8436541997422586,0.8465853958473368,0.3375697690821542,0.3057103003644811,0.7025444296582735,0.4291690706534611,0.4419438758564991,0.444111780373091,0.39255274886577873,0.628550960241347,0.5271489916431725,0.7287643257882925,0.4797663035004127,0.7508493829307389,0.6503373186463987,0.6666677936478183,0.6205357301254504,0.6356976550591789,0.5413129703613684,0.35747877195325756,0.8040993615137835,0.7210160562695245,0.7747131907537911,0.6883720642586981,0.6155910410310654,0.506567331227061,0.383684589015662,0.41693568968120964,0.0,0.6666954544182662,0.6481742591023866,0.6573827323258836,0.4038444982340854,0.539490395687991,0.378509892256605,0.6562867939935418
0.7551722897372888,0.8276188236938913,0.666518649350057,0.0,0.5083528843186346,0.5767795394400828,0.636421863702218,0.49068522068898646,0.5783994479503601,0.6110532712126076,0.0,0.6535447576465094,0.83249992612962,0.0,0.6421747831783119,0.9146029650978185,0.8114887755132715,0.8731719223392954,0.0,0.7417459620327567,0.7011803287234757,0.7708961676142372,0.7004414755751899,0.706236983590044,0.9513324976068687,0.8337741368558477,0.7563157007978252,0.8853683797710996,0.7744549898799566,0.3889145269064846,0.8532273629943641,0.9107300759512009,0.7087599871233787,0.8404327755370649,0.882944364626211,0.19934910602357592,0.0,0.42858641504473327,0.6223291239531539,0.5394296308929163,0.4658968015465702,0.7828218187854843,0.6994795101972685,0.5271577629273305,0.43483354763390913,0.7858660560811446,0.7269102974764131,0.6320212834742596,0.0,0.5353594530076022,0.5179632102053431,0.6442900883233951,0.5719084222510746,0.7667567302838362,0.6237991225522324,0.7339807374610889,0.6546259161864827,0.62304905016032,0.7312169382842943,0.7378627271262754,0.6185305216049958,0.601024908751667,0.539318864562368,0.6039089448337994,0.6724053508522697,0.7190961905178551,0.7144319288414862,0.5311041133648225,0.6666954544182662,0.0,0.5795393628786244,0.5569179012786891,0.6480337792920986,0.6544886450732361,0.4101539697270879,0.5262521254823189
0.7059986889189925,0.7866320846368241,0.37320688656827533,0.0,0.7479274952849638,0.6729673113727145,0.696888609826069,0.5453722850855673,0.4907889527922193,0.6213981916227175,0.9797994870599518,0.6221357848904773,0.6747854065136364,0.0,0.43321393142880454,0.827815897666673,0.7459994943362829,0.8757479194711735,0.0,0.575689090172353,0.7589476035988927,0.6670978926521518,0.7284108494339462,0.6512557031136004,0.8989818552671904,0.7437437392427269,0.6071835784589533,0.6381135229921279,0.6276745151318718,0.503529395110409,0.7426542753458321,0.7150085086981575,0.6637883396776129,0.7542368920991633,0.7724531728353489,0.28715696591194834,0.5148208487301323,0.6549436949334969,0.7153044282316952,0.695672760090771,0.5156559784206757,0.7371419494889458,0.5789507554434572,0.6935724912968855,0.5445037555900792,0.752526488389573,0.7589066189368491,0.6643934632859012,0.587016508768973,0.611996754106359,0.5790320104518996,0.614701027609149,0.5591484415168593,0.7550613018099459,0.6466359493777538,0.7145348106580605,0.48714264966819304,0.5440768473568981,0.6639089918191438,0.5384312359831056,0.8069046638495553,0.61212163511202,0.7046535688522158,0.627687851697873,0.5603947120142376,0.7033646646307982,0.6977408567448581,0.6756449707360709,0.6481742591023866,0.5795393628786244,0.0,0.6280652178174283,0.5227403322441184,0.6835496970804456,0.5899467210747665,0.6242838764973824
0.46489367327274844,0.6896681146695336,0.7414695903844915,0.5238163781159603,0.5552478552008324,0.6506091788789615,0.6219046112942573,0.5851692498479705,0.6725199577170147,0.5942476843232812,0.7665911774365299,0.3548870096752518,0.6998182391832156,0.5183297724041294,0.1818974454687582,0.7044659924979417,0.0,0.5121291215254492,0.7306588127608218,0.5170049544166376,0.5426805338240833,0.5941726888169775,0.5663959680842726,0.5473344454808674,0.5234837563147139,0.6754238434124279,0.5836060995370272,0.6642925702648892,0.5359441424278161,0.6277956975090163,0.6516848771952259,0.6956073876706967,0.41713611361671177,0.6566594395162199,0.5762980005837125,0.5436827779905261,0.7438193035301853,0.6432026192575476,0.685178875101341,0.6104614707729596,0.6369243680315726,0.5415427276412194,0.6261289537993358,0.6702360605629548,0.9814534378822852,0.5546190143271903,0.6197857653974647,0.38619743207486035,0.5618645362381898,0.8034511112775774,0.5173368486720785,0.8631350148878676,0.6476050336135487,0.6409893232287049,0.868924931689266,0.5858817700361679,0.7315938413836753,0.8243718667864465,0.5528254125462906,0.17352116562975617,0.7237257316610676,0.8300343108670332,0.6983897491343997,0.5834993035437824,0.39573318750670805,0.4807864925261493,0.49770696465726694,0.5753490624983992,0.6573827323258836,0.5569179012786891,0.6280652178174283,0.0,0.7427968184432859,0.5942688993405242,0.6241430699526744,0.5922324717416203
0.420339870184268,0.8986354940344241,0.6445712045914469,0.5446798277792371,0.46787694114764233,0.6128523717289623,0.6101651395657316,0.6087184386208291,0.6249794152077073,0.6222538992734059,0.5819837875441268,0.8094052216232679,0.6419575133880591,0.7736469498758084,0.7631734069716054,0.7808280429747068,0.32195486808058155,0.6955849824510831,0.6430595875329785,0.5998044861844003,0.7664239162711494,0.7311574534261345,0.5910468131020712,0.7010465406228389,0.8564250381414611,0.685533563370007,0.5984879089938527,0.7311136533200752,0.6296593361524185,0.6989523465844055,0.6504124583314306,0.8036677380408322,0.622521758693518,0.4163325151501771,0.49605120843552086,0.553334800581858,0.3938395359857226,0.7153993250694048,0.5466056312119436,0.4424353605373068,0.41146272018735475,0.23725249360114462,0.6037523739452787,0.6254084269177744,0.6370088692843003,0.41318614026798006,0.7030420803908659,0.7497911846988725,0.7873090254596987,0.5020721441047625,0.8588173991886962,0.670586784349713,0.6278683100675423,0.7760870340886226,0.39990825684009074,0.7801125193718925,0.5567996195287472,0.6650882130006175,0.5714323471111963,0.4783788189443883,0.7514385918400643,0.610143920513108,0.6490530970547218,0.740780120129437,0.844642745037536,0.6657233531341306,0.7888986814666497,0.7583546753227827,0.4038444982340854,0.6480337792920986,0.5227403322441184,0.7427968184432859,0.0,0.658378585303572,0.5048427912862843,0.7350684479973633
0.5594429623311831,0.7837082081439493,0.6373135836436252,0.6179266709477447,0.38989942708014935,0.5983360438408237,0.4904941739805975,0.5646297112479731,0.615452686257091,0.4268637616349352,0.3941143776611844,0.535667220246675,0.6450258650583315,0.0,0.5025995052516034,0.8390742215120222,0.503232942542811,0.7588096805086164,0.4949726583537988,0.6325217716896316,0.7398659728905485,0.6381550660644126,0.6527569184886289,0.6505457323702163,0.7431325791946761,0.7636438695109173,0.6054893959491924,0.6245762373603052,0.5748379296755813,0.5454988342093107,0.5971403347858684,0.6427068025570183,0.5785214034278412,0.6377173211060813,0.6960853667939765,0.6520322952717265,0.5818839507170511,0.5071878669483951,0.375652639636067,0.6366888297329685,0.5723857675547649,0.6292211483164941,0.523690042876655,0.5732797129231226,0.6317893884684883,0.646362743226998,0.7439160661367448,0.5201632598242926,0.5579837521616023,0.55994580275891,0.5119284795335529,0.8242277703713647,0.5405313119766291,0.9441115088337255,0.7273459479974757,0.5232209726969712,0.6753060813919433,0.7968795949743872,0.38644764288744193,0.5874024891611087,0.7026287597491641,0.7560052053039228,0.621703060183323,0.622544561369383,0.890695954665164,0.5919032440040254,0.7459747957800982,0.5250597202263312,0.539490395687991,0.6544886450732361,0.6835496970804456,0.5942688993405242,0.658378585303572,0.0,0.3902169240431484,0.6573389743384551
0.0,0.0,0.7267275483066299,0.0,0.0,0.5973868467163513,0.789824398125654,0.4998138587091821,0.5154637400906534,0.0,0.0,0.0,0.6213618340186268,0.0,0.5586752640645614,0.0,0.0,0.0,0.5037460057363511,0.44793852367125186,0.4307858925667052,0.5726614525939303,0.5698546087412284,0.0,0.0,0.49988816734350405,0.4788847599894157,0.6667494940093389,0.5314322103671261,0.4602525728379156,0.410333088013568,0.6063016874637882,0.0,0.5002574766445554,0.24863845989312275,0.16207604106175952,0.0,0.0,0.40035517366170553,0.5410176482440543,0.5747400316730735,0.5782139924874723,0.49592441167885964,0.5262507556467715,0.8826932389301749,0.5547739469907604,0.6883022940646721,0.3857178024926415,0.6518922579058551,0.3461113769304759,0.7286735446828904,0.5678769051161974,0.5246447698394384,0.7322918863597433,0.620923247552904,0.4157693301132792,0.5303562523311784,0.6538174552490658,0.49709494595639026,0.7204064415689243,0.533534760139347,0.3683385780702957,0.4770550763757738,0.5246129196402064,0.5584020788783053,0.6077412918239096,0.7428247211275602,0.6827960491526175,0.378509892256605,0.4101539697270879,0.5899467210747665,0.6241430699526744,0.5048427912862843,0.3902169240431484,0.0,0.6518691023328956
0.4286413722700178,0.7771880144508796,0.5437635635393717,0.0,0.3106971847108463,0.5758272075483156,0.5696947560452041,0.43706686999687777,0.6835431676802539,0.8040566233249213,0.5773335009828452,0.7704307763945285,0.6496385239361275,0.0,0.3755295386416254,0.6548908812369091,0.7302152338059524,0.8370319634839202,0.7363987692236938,0.5387200492461761,0.39560079977015045,0.6274503722358697,0.565523332479143,0.6989976499530657,0.8821683445465022,0.7086291260299827,0.5479517492222218,0.6584739537116215,0.5030240019242633,0.3441644980971679,0.7003970158838286,0.7425075887877135,0.5270229069511894,0.5902812955246086,0.6856270522811129,0.8429552577798812,0.3154035939839323,0.4400740754205483,0.49602795850604386,0.4457371653830433,0.22722784079030472,0.5927209829079205,0.8063060174899509,0.5404239801482971,0.51940877407184,0.5960869284112575,0.4965137996644245,0.7103977778626634,0.46998417308522517,0.8297871467971906,0.7236718938742068,0.9005268854292675,0.4879277108768787,0.7185560030227507,0.615683378490816,0.6419847958154684,0.5481005383758577,0.7825968762400287,0.6742874078559403,0.515643402303103,0.6395869331909685,0.6097344813740738,0.589299207713275,0.6752809218341032,0.7056298454411863,0.535486124050806,0.690420781213375,0.620312608774966,0.6562867939935418,0.5262521254823189,0.6242838764973824,0.5922324717416203,0.7350684479973633,0.6573389743384551,0.6518691023328956,0.0
