0.0,0.23457885249594235,0.3893802268499219,0.0,0.42353507720878497,0.23265987670120117,0.4484170797941846,0.23248563970227432,0.46302470647992844,0.2568030891332816,0.4532760704872674,0.25637858541547637,0.38528095591802225,0.5349527509293616,0.2578788369611173,0.3962782759674919,0.005719915919688456,0.28739374473593376,0.0,0.30580944979196933,0.17348041284560553,0.27645976027099456,0.19856483100009253,0.3180325397085596,0.13795744998849052,0.6272653452704136,0.2106538117963807,0.3487633611095462,0.31422636737164944,0.671939450990068,0.2250430936122384,0.4992779757850394,0.27426978889709974,0.09614014372495477,0.2461314864573349,0.6691718115051835,0.5185620796888795,0.5342888966277629,0.3204203223442618,0.2678852752220691,0.29080464233243697,0.5883308677171726,0.4994142238651651,0.0,0.47859120902878394,0.4231013354765934,0.13138846146034877,0.0,0.0,0.0,0.5290538937420532,0.0,0.6193723529821024,0.0,0.5768104951095474,0.0,0.28249130756238017,0.7578382881254024,0.0,0.6001069430252792,0.18659843145286803,0.3083073555615364,0.2849496109983401,0.0,0.4999435539855522,0.5702530128709544,0.660315104941642,0.6579595767005795,0.3085458587464648,0.4367261110519447,0.46781802933427963,0.4882240559221619,0.4192265720956428,0.5806272929599026,0.0,0.5364597405150684
0.23457885249594235,0.0,0.2668209224458646,0.34961176812575356,0.14384125998671093,0.2861663854388226,0.2175508496241178,0.4099250473872257,0.15044928342867603,0.3190820570739136,0.3395613683369889,0.4496691553902392,0.29507909793707904,0.5479882189707475,0.39996413314712165,0.35590364797108204,0.41748729552201763,0.467831955889977,0.6441958432116459,0.4016167371631486,0.32105460227302046,0.46051377040995906,0.23630964959025835,0.46663745218946123,0.38057580867241775,0.4178314233085218,0.2603968517262652,0.32946340963483023,0.29779178177996257,0.464514612511522,0.3380391040293148,0.3947855569699771,0.22912868411139936,0.2566268608602291,0.39433370216526475,0.49723359812134194,0.2392292657913262,0.0,0.08014375374643301,0.11488022528827702,0.07444486645679865,0.1918033213475936,0.6604919339572964,0.0,0.0,0.21233428878745647,0.075371541225837,0.0,0.0,0.0,0.3047683912377811,0.6473211594414089,0.5918839615021594,0.5892452262299099,0.16999843201339448,0.0,0.453995791825625,0.3610528624957846,0.0,0.1162756072949025,0.10920539099119786,0.6477278413064631,0.24385283917561162,0.0,0.15706880168199955,0.3915462061059497,0.2942446891503979,0.07999834336209966,0.4514352537636125,0.10401580736829619,0.0803478887794814,0.18306829166781707,0.6445362836500144,0.27820019792286527,0.0,0.12467170619600543
0.3893802268499219,0.2668209224458646,0.0,0.570638909163132,0.3068682876410795,0.4429397348317961,0.23997500225794932,0.27470178042336485,0.3591965588544711,0.0767960827943523,0.48822508158880773,0.5742700150339383,0.21473950330191643,0.553799687685981,0.35962582576410035,0.44776345855999716,0.6505072569702466,0.5497527237663292,0.32379236595700633,0.4012631020269811,0.2396214066662515,0.5959762834292063,0.47026212525256866,0.42847617362116075,0.5434032883875337,0.09839207002678357,0.3589388174190636,0.2619283801306352,0.22226565937067538,0.14848318844342412,0.26367619824856975,0.21420414672117088,0.5378355627807774,0.21946572830242683,0.10625191683062019,0.3406193233128973,0.15701477375471445,0.5208697821309644,0.2190258954884297,0.5082424143255624,0.5371084661756885,0.5455352971939178,0.4180921689698744,0.22394640814946115,0.0,0.0,0.21402007269010773,0.5433070145206707,0.501846441302067,0.31210532281772463,0.17567697640201252,0.2619098003302229,0.36378816707735234,0.4925145479312948,0.39126754493290283,0.625611053499693,0.5036032962571798,0.20607619353567397,0.3972561869646723,0.2705579997305868,0.0,0.0,0.0,0.47331170565799563,0.6699868014227484,0.47416419701923074,0.12074547563578243,0.3276030486964878,0.0,0.6653144817322122,0.37485784227854024,0.3703485397431433,0.5761013478582041,0.6409261962139938,0.7212218405724883,0.4613960723743259
0.0,0.34961176812575356,0.570638909163132,0.0,0.31793756017741226,0.2134993938109877,0.42239362558295257,0.7111360244197741,0.2670139524601728,-0.023713289982080665,0.16167451364949853,0.394172446598858,0.40092337506350717,0.3991535471773211,0.6360313188921524,0.0,0.5837315310489233,0.4987901806574718,0.24875958476293408,0.6139414713898115,0.4324232204965366,0.5709320041908726,0.4939588345472523,0.2564839958103997,0.9161769722087781,0.640980644690182,0.6465515628153296,0.20122664894165232,0.48570044073260005,0.5084805676391464,0.5196359091557954,0.2612149023124368,0.19012744478880367,0.23443807987794854,0.18796074304969013,0.31572049442186456,0.24409796734454628,0.35526534470335586,0.1253853838792105,0.31656269805725507,0.4003615536078815,0.04809198973785472,0.5249323611055797,0.02292313546515276,0.0,0.0,0.0,0.43152337763099463,0.0,0.0,0.6128405647288835,0.0,0.49831413722554574,0.0,0.0,0.19301106754380654,0.5094632734906339,0.4910277922769993,0.0,0.0,0.0,0.0,0.0,0.0,0.0,0.0,0.5002378790426432,0.6195699013788348,0.0,0.0,0.0,0.5213005044458497,0.5454332880656736,0.6177027655215976,0.0,0.0
0.42353507720878497,0.14384125998671093,0.3068682876410795,0.31793756017741226,0.0,0.2476331029618978,0.2739489226847701,0.3011093835795223,0.3728749651186471,0.38918516969850303,0.27841178524735416,0.5358292091295315,0.29146429758445924,0.2973671508930635,0.5133199277881132,0.657638487152447,0.27447479340002146,0.472843689736887,0.23358396302443762,0.07241916249031682,0.1841362231359498,0.2363174038845589,0.07718726833091505,0.5545702131120395,0.2003303999568044,0.07902377006589795,0.3773944292767932,0.41484524499732056,0.12878799844767835,0.5108829706590153,0.20135033646776584,0.2583801181300628,0.5250028408863655,0.20357430903957302,0.061578425591263974,0.22200871295672533,0.12824313839121448,0.03765692794086378,0.09025872908499627,0.7437577610283629,0.5841159867759551,0.4250972345798009,0.3852087149132346,0.6977527938691965,0.27448412787342263,0.0,0.4334373094226299,0.27900086541832214,0.0,0.3208129354289425,0.05591651374794149,0.12747899163621068,0.25680060514924125,0.05689849833562066,0.0,0.307236207257529,0.37074291429015577,0.1320430731982566,0.3105797736061903,0.26541927325876524,0.4885420165611926,0.0,0.0,0.2196159111731325,0.3310584452195185,0.515670547757317,0.38586211721209873,0.10362810204632633,0.0,0.5080562201077535,0.5831547584110964,0.1305930902373752,0.6381116260351821,0.4801795609310753,0.0,0.5359712783430303
0.23265987670120117,0.2861663854388226,0.4429397348317961,0.2134993938109877,0.2476331029618978,0.0,0.09847558611071222,0.2888004024237598,0.24189433492044116,0.37422180427130514,0.47680650530099417,0.3753230271867639,0.03394569282733989,0.2556957091015051,0.5201167701942834,0.49387520698378623,0.09217071663562271,0.35700831601320143,0.28679214695789534,0.19774608031826002,0.3958359782195474,0.3325483970746901,0.3592472789973604,0.20553013204973736,0.3177040510794738,0.4523932588034877,0.39977656677900664,0.21034774474326773,0.287385013366133,0.20894145708797007,0.24638771267981402,0.1996401329246904,0.42898968044695196,0.24016959068089588,0.2984774336018402,0.43926193109888084,0.23326749911931416,0.1695724618826917,0.07709826296646938,0.36252002150309526,0.03312328168339862,0.030497708310399607,0.1322530190953234,0.5576814581331152,0.2125369595321352,0.6319317930849299,0.2867097494994493,0.11227319492601417,0.6059469397861514,0.06319319950622748,0.0768549158360694,0.060799239016250395,0.23753060289713612,0.06830154195086713,0.7002426875130452,0.12665284201581123,0.36432810873719285,0.0832280694205293,0.5978020420188938,0.09994744906052078,0.19283204588705355,0.0,0.5579814059010302,0.1824594776788258,0.07199790397847783,0.034297395531406205,0.2598328706575835,0.057213668192169775,0.6128456290617078,0.16702226096044992,0.2560365542992938,0.06846866947503893,0.0023407903611356584,0.04738580139884385,0.5322384599358567,-0.01778640899015449
0.4484170797941846,0.2175508496241178,0.23997500225794932,0.42239362558295257,0.2739489226847701,0.09847558611071222,0.0,0.036199128978848305,0.22959270249445046,0.43515681323723626,0.2717767656667884,0.36461572934368525,0.41455818263451377,0.2670678306223071,0.1019985306728915,0.3969043323508902,0.22973772075903964,0.33097735630955294,0.22616048833735075,0.19482842212255463,0.1012917277476445,0.33619630539201395,0.08168087949776975,0.5449760116792458,0.274962918947632,0.4164331739563919,0.09290190487821415,0.4257458909321657,0.2769806736872101,0.5205374746540892,0.23300229466608585,0.34418244497483585,0.5786145552879342,0.2342855224783517,0.10599204584377381,0.6737992912585673,0.6012235719760902,0.6181226809559087,0.2821626682722779,0.4594032712070414,0.5663239395807166,0.5048239254973756,0.17645109475971288,0.8442324701523393,0.36792845059861473,0.0,0.21357114544560668,0.11836674151710652,0.0,0.19820025812360276,0.09243133392417258,0.1702344163755461,0.07277068782199214,0.3354715958351681,0.6121029436107972,0.06494771183617576,0.4481776923026545,0.12120253144114573,0.360298508877777,0.3398357540891118,0.6240321646872512,0.0,0.5623408670242028,0.603763968727242,0.13876081291235465,0.5102850928050158,0.16074994594328568,0.028170222292843605,0.4962410716150464,0.6346505055713257,0.584355383065877,0.0597371169158486,0.1280022546276925,0.10389161604313618,0.7931646651650613,0.5358383419540823
0.23248563970227432,0.4099250473872257,0.27470178042336485,0.7111360244197741,0.3011093835795223,0.2888004024237598,0.036199128978848305,0.0,0.23116411967606393,0.3630401616737209,0.4665541283608804,0.26110839049740114,0.09033627799475019,0.5779140560236881,0.19105947701103576,0.7226997447201625,0.4881949152181199,0.38310239212171804,0.22501502350336072,0.09907402949343269,0.15249289773534774,0.2425641082636052,0.256437538193254,0.03038568600037239,0.3756156811315208,0.39589541704913833,0.18084100247553375,0.09962797663667794,0.1338196947445005,0.042168229637905064,0.15969931151119166,0.40687327181192035,0.34296195345266567,0.18763040998289016,0.47973384066630165,0.8628571075852571,0.4442404430639843,0.6254327874200154,0.05309462280323951,0.4500072376715154,0.4248631510196953,0.5214225957172817,0.3870067261051073,0.48272774510059885,0.0,0.5937083784378414,0.38264084708189744,0.42158312237125994,0.0,0.6051205513251001,0.06108633809465436,0.6605787203038822,0.32675042853458447,0.13757834701424093,0.8643354988395332,0.304839542783431,0.993212308368276,0.08816531019380563,0.2456981956030349,0.06114593251542444,0.4087552768225075,0.0,0.7088548462557765,0.5146425860761699,0.10087312267459347,0.014750478835366176,0.5101869249152446,0.18504015595235362,0.0,0.4888461796968227,0.45405857780425063,0.02591898134931092,0.054963733280220695,0.07060188771482057,0.5241284524001669,0.4866585723492493
0.46302470647992844,0.15044928342867603,0.3591965588544711,0.2670139524601728,0.3728749651186471,0.24189433492044116,0.22959270249445046,0.23116411967606393,0.0,0.3538676102401073,0.3888837823252409,0.2800384374563289,0.19593118081402716,0.38419148260475483,0.6278441863113553,0.4131165188673969,0.49910073372799324,0.130317800133178,0.3032156841026869,0.0468015537990627,0.19208134839110166,0.17833723756620073,0.2619680168594077,0.5923093038171107,0.30711336954488033,0.42296371659858234,0.4233745359438375,0.28679153218896136,0.08918971615404242,0.2903295821576776,0.30491427780452834,0.2973622346123572,0.6375530888864485,0.3038707214714287,0.2248005795232772,0.34302787239754623,0.2523169638383663,0.23807407996720908,0.1090332991615075,0.5452820192249402,0.4522323563593619,0.3279728210239369,0.2528299872877011,0.11457919442619285,0.3020433181296042,0.0,0.5235409289424662,0.3256264448127995,0.49930341860916244,0.344587833143494,0.14370099136147862,0.11510997373817022,0.2938269365024423,0.27902087620367744,0.2259612758155544,0.3156281838185477,0.48332044655095796,0.5810570294219256,0.3474607731942157,0.4693618225075323,0.7016887575588999,0.0,0.0,0.25026824835123773,0.6311825647581977,0.7063782715033575,0.5846986239172685,0.2477348824239738,0.3360850423430946,0.5790840385787677,0.29795125880713386,0.23397661215669396,0.1182198466722783,0.6011358474210253,0.5138046942726807,0.12282382585689144
0.2568030891332816,0.3190820570739136,0.0767960827943523,-0.023713289982080665,0.38918516969850303,0.37422180427130514,0.43515681323723626,0.3630401616737209,0.3538676102401073,0.0,0.3167699736974715,0.3700683500603955,0.38487196007555446,0.6501562719108958,0.5071006367267705,0.2388588620191438,0.548386400404274,0.2764051504255315,0.22633258090312353,0.26180162619585,0.679130366351327,0.40351724391761246,0.11659447252204008,0.3221409436412903,0.650924344121045,0.5374667320213604,0.17800349032597373,0.547784148017091,0.4946750120797099,0.4350151158160886,0.5428182754435582,0.6844828364878622,0.7473874098139913,0.7709134602613601,0.7591697070848507,0.5992277737173588,0.26426794063985287,0.5589356607681251,0.6626871285663722,0.41435782025667356,0.6267414965833207,0.3920150519584385,0.32834919672860097,0.33536128926827774,0.5758539634593088,0.6985858653602607,0.5210240530943939,0.17133182517400009,0.5014586980015304,0.46835647842918243,0.5366091106685545,0.47769812145794366,0.5989177409708987,0.2517810582867146,0.5174837530801235,0.4404729448891617,0.5447116201870729,0.656807139236383,0.0,0.9466549173071576,0.6055708026571285,0.39664358293038426,0.3336433468199505,0.5030882008834547,0.5007602146939828,0.5920158495434461,0.3677917085309328,0.587013800559509,0.42160928519681823,0.3933569627356869,0.4974625518843,0.5877143847543699,0.586920784197783,0.4297698521367709,0.0,0.5569951111758298
0.4532760704872674,0.3395613683369889,0.48822508158880773,0.16167451364949853,0.27841178524735416,0.47680650530099417,0.2717767656667884,0.4665541283608804,0.3888837823252409,0.3167699736974715,0.0,0.6212088935281577,0.22259875253491912,0.44331942200737284,0.0,0.5404024600214729,0.5933317350273045,0.6100930444985199,0.3214231714725324,0.4888061528189306,0.062491287574072685,0.4025154415383215,0.156098575998871,0.5707864559820457,0.6273231908829903,0.6433398245913019,0.43307961341799633,0.15659512500389472,0.42313335217308934,0.5557463506820983,0.1581524710559994,0.2971577127975312,0.5507385402615691,0.24791537273859948,0.07697515579613634,0.48565740109007105,0.30605230393973937,0.1616686319046473,0.5859124872627801,0.5538628534152792,0.5476713323499554,0.48087051629958194,0.4347788839949631,0.6005267995753677,0.2024548377185375,0.0,0.0,0.5834177437128308,0.5014266337926948,0.23807607417440146,0.6155684398410033,0.16277665533119307,0.3226267158104718,0.43417628735009617,0.513076828606705,0.3994406893304924,0.4173076512994769,0.5839951691149388,0.37259194918245914,0.0,0.0,0.0,0.0,0.31708525850813823,0.37932613913667984,0.0,0.7177837577963507,0.22025474403628836,0.0,0.0,0.9776054938913029,0.24413921404183525,0.49675716056610936,0.39387380098065344,0.0,0.5793631587100528
0.25637858541547637,0.4496691553902392,0.5742700150339383,0.394172446598858,0.5358292091295315,0.3753230271867639,0.36461572934368525,0.26110839049740114,0.2800384374563289,0.3700683500603955,0.6212088935281577,0.0,0.3557436027056845,0.6478718830898598,0.4227062316302718,0.6531949696882909,0.6414111194806525,0.581244598137985,0.5975718191156923,0.5669073107484011,0.42506032295277646,0.47586609402919816,0.3276858526462527,0.37421881924900186,0.567854436339311,0.4417398992397029,0.5645919242737529,0.4710898380401924,0.6262663661073242,0.3185249493078253,0.6621900907061978,0.4832793130992633,0.8054162311034379,0.956809543182413,0.7870240718286641,0.3867656964269341,0.5019379981849654,0.5851250711875877,0.4956329139896407,0.3885647038901969,0.5243335431942113,0.3273890578691003,0.4485140290464016,0.475371910290921,0.5238616947532324,0.5091827384973722,0.5796994033491492,0.281971317007933,0.2114751846722148,0.2998147409761097,0.36370931866903766,0.5131410009646831,0.26277208430611715,0.4394309411618256,0.4944468460940443,0.25482988857821326,0.6134636331122632,0.5541508912793446,0.7375452486361614,0.6810098753174224,0.5518969951257138,0.4500623171066901,0.5144878701299548,0.3642803528311876,0.8026313491151131,0.8025995931763671,0.4528526832415122,0.5184432759974964,0.458301283291407,0.5035315590574208,0.5224239701518849,0.3489232541886925,0.6571906049718143,0.526806343525282,0.0,0.5483274459140902
0.38528095591802225,0.29507909793707904,0.21473950330191643,0.40092337506350717,0.29146429758445924,0.03394569282733989,0.41455818263451377,0.09033627799475019,0.19593118081402716,0.38487196007555446,0.22259875253491912,0.3557436027056845,0.0,0.23137075390791945,0.23229329664181242,0.43190264149827273,0.25901644558311027,0.3866575497293139,0.24994356672205603,0.34479241656603354,0.18428717564120317,0.3837886781817763,0.12062765965023114,0.27065609227147525,0.34900500201062423,0.45915866566150265,0.12178763442997764,0.13240678276546325,0.36538880585063516,0.2428348551672878,0.17008459192837266,0.36255648723042255,0.28782596096569457,0.26098556646397975,0.1805075914176958,0.42379253310069426,0.39010579136283446,0.27227562924155474,0.16712886765667234,0.5263183180205522,0.38652197490526635,0.47088346005617504,0.2985952355497554,0.1652392241990483,0.45813111271437534,0.6516488597005708,0.4202415854416567,0.17377089467944046,0.0,0.6961365672862886,0.05591362955032997,0.15453532299694928,0.06188104179239029,0.19709507529321008,0.5717988795715315,0.5328023636701205,0.530191522365334,0.14147941316139862,0.4224240293260529,0.08911661466168402,0.5569553554992919,0.4199552697740492,0.5762068270506331,0.6384119405519261,0.11513781492525166,0.6113364507614547,0.21219878735979208,0.053166524112672864,0.5311533139476603,0.5658602676050586,0.18392681359392898,0.10877046398726697,0.16393457743285955,0.06874982595306622,0.5623212971199938,0.10034410623652745
0.5349527509293616,0.5479882189707475,0.553799687685981,0.3991535471773211,0.2973671508930635,0.2556957091015051,0.2670678306223071,0.5779140560236881,0.38419148260475483,0.6501562719108958,0.44331942200737284,0.6478718830898598,0.23137075390791945,0.0,0.5519056670498191,0.6125147024586189,0.5107032076802022,0.5040820453330411,0.38652090415034795,0.4145899176218553,0.32989127421124526,0.28822964392457695,0.5588967541310615,0.696208102469449,0.5290594437737418,0.5190685668460854,0.3239199882321383,0.5564028357174781,0.40936912073618587,0.8448810836803008,0.08582399006068869,0.20732820553744075,0.2656142172109117,0.45459161772946777,0.3514496154578854,0.31215152839890126,0.1441718116667738,0.4196670007002722,0.7089977576676773,0.0,0.733312413875833,0.8648978602326834,0.41543227236711233,0.5018397478581612,0.0,0.0,0.0,0.18348181706054761,0.0,0.24351814854934212,0.47266359935224955,0.45034366610397103,0.34663112678931624,0.05051700265256753,0.0,0.2822131943735422,0.4152833967900836,0.7699726795701692,0.1432187109028022,0.0,0.0,0.0,0.0,0.19321969302157832,0.0,0.0,0.0,0.2507430351626475,0.0,0.0,0.0,0.19950345527457358,0.7717072941115819,0.0,0.0,0.0
0.2578788369611173,0.39996413314712165,0.35962582576410035,0.6360313188921524,0.5133199277881132,0.5201167701942834,0.1019985306728915,0.19105947701103576,0.6278441863113553,0.5071006367267705,0.0,0.4227062316302718,0.23229329664181242,0.5519056670498191,0.0,0.46599401443356603,0.46531356184565453,0.3457751150876188,0.0,0.6051436928328185,0.26188924726198815,0.5174331966231847,0.5189181869306255,0.15140759181681368,0.3314365388098017,0.3933745510011222,0.4994456536585562,0.1510298974295739,0.20281655503291213,0.23704947104418508,0.3794138605258701,0.33226491033911565,0.35641728963871677,0.36410940255567287,0.39486328243260904,0.5232291735431973,0.49477812043335007,0.3928384561935262,0.13011072370686122,0.21218497172535483,0.14979479830501236,0.13395041269232,0.35688961555847487,0.6412940236040817,0.0,0.6616478689053994,0.44298233292740247,0.4853432642983634,0.0,0.0,0.07950390905183724,0.24196967487555426,0.03628846806714381,0.5580696163213303,0.0,0.0,0.7001640987337743,0.10500604029395322,0.5023604945427828,0.43754030493546664,0.39192116332946336,0.6545873982503029,0.7615085523023338,0.0,0.36941706236994903,0.38210563165085015,0.48142683576614065,0.46850195160688,0.48603067656742155,0.24617201371029473,0.32192571622940935,0.2763706296762191,0.06472951495274176,0.07509725456278388,0.5671456341288075,0.06679202181745114
0.3962782759674919,0.35590364797108204,0.44776345855999716,0.0,0.657638487152447,0.49387520698378623,0.3969043323508902,0.7226997447201625,0.4131165188673969,0.2388588620191438,0.5404024600214729,0.6531949696882909,0.43190264149827273,0.6125147024586189,0.46599401443356603,0.0,0.37823336720085293,0.6046088656617807,0.48791231851085237,0.35794414921162454,0.3821649705553581,0.33772307329745765,0.34714160555502244,0.39815765893791033,0.5016559550408551,0.49767561479871236,0.43262179455407324,0.3850341384106202,0.438024440285084,0.3370461034683011,0.45740404156118675,0.5523914333553457,0.3381186769116693,0.2578066373088151,0.401098522388611,0.6630038642038668,0.4028102021132445,0.6261731958242432,0.32421789790217304,0.22833380103416806,0.17728375192071233,0.6169032740251985,0.4981652548048678,0.0,0.0,0.6295583651536728,0.31849381875647076,0.0,0.0,0.0,0.5964586737901565,0.6240559146725689,0.8769419305477126,0.0,0.5688476071529648,0.0,0.459196265959962,0.6517249133779817,0.0,0.28608985180521096,0.3180726672949668,0.5704105975167154,0.4079485296608022,0.0,0.261482147906593,0.68454988945562,0.3507685622256789,0.6230581184934683,0.45609496982897396,0.45151284621363624,0.40546610070201106,0.34663250982185384,0.6467559613764151,0.34647802293644475,0.0,0.5615392669038486
0.005719915919688456,0.41748729552201763,0.6505072569702466,0.5837315310489233,0.27447479340002146,0.09217071663562271,0.22973772075903964,0.4881949152181199,0.49910073372799324,0.548386400404274,0.5933317350273045,0.6414111194806525,0.25901644558311027,0.5107032076802022,0.46531356184565453,0.37823336720085293,0.0,0.5236619563865706,0.6807079156243749,0.3086031961218244,0.5565611588043865,0.4898582772452408,0.5254722927267218,0.2526018960286142,0.4947054262613973,0.3784175977388623,0.5877663486910114,0.6513021840242743,0.27180480804838514,0.5385128691152771,0.32934437369730524,0.45918219658130566,0.4156339647734202,0.3727097873188675,0.3844322019655822,0.6461090195173328,0.26770971754724265,0.44766154117140344,0.601286986680045,0.06976977240920185,0.5244759598170579,0.582106345415867,0.0,0.0,0.489348182989213,0.6867031113090104,0.5912966469340319,0.0,0.0,0.0,0.0,0.0,0.0,0.0,0.345213945715767,0.0,0.32160737452281907,0.33827697617932717,0.0,0.8156225720238545,0.45972537105037947,0.3603771579798314,0.5466151915017476,0.0,0.0,0.0,0.5672362183169217,0.0,0.2642575750709273,0.4136880304096552,0.4262707951391563,0.0,0.3158989233803824,0.5025090798388157,0.0,0.6326530343163703
0.28739374473593376,0.467831955889977,0.5497527237663292,0.4987901806574718,0.472843689736887,0.35700831601320143,0.33097735630955294,0.38310239212171804,0.130317800133178,0.2764051504255315,0.6100930444985199,0.581244598137985,0.3866575497293139,0.5040820453330411,0.3457751150876188,0.6046088656617807,0.5236619563865706,0.0,0.5342138883066273,0.33057720318254336,0.29553862754834265,0.38481943422127834,0.3115711952969971,0.1908821897096048,0.4586673944136235,0.4224958929681549,0.36216303744914113,0.3002607094376495,0.30480665260875217,0.5692777859297161,0.21744318409940333,0.44120790039228297,0.24239197062725792,0.2890788408430646,0.2738408426365914,0.6044747544265856,0.27179310312907395,0.4182652126755365,0.38219456838087074,0.3023388798337124,0.29952300885611527,0.558967961584258,0.0,0.0,0.5987432610303713,0.3378910496228527,0.3241552517651004,0.0,0.0,0.0,0.5475189278415715,0.589142257921039,0.8836541075499196,0.0,0.4764226297433321,0.0,0.3429014687187306,0.5541391438449589,0.0,0.6310943120838735,0.3473783707892955,0.3368156694082359,0.32512072388732566,0.0,0.500521118118141,0.6994134629535464,0.3437227048958603,0.7873382429517692,0.2097909437719076,0.3862190034909768,0.45392461302893966,0.5190589469135517,0.6957731680992805,0.5363836696044404,0.0,0.353680781956667
0.0,0.6441958432116459,0.32379236595700633,0.24875958476293408,0.23358396302443762,0.28679214695789534,0.22616048833735075,0.22501502350336072,0.3032156841026869,0.22633258090312353,0.3214231714725324,0.5975718191156923,0.24994356672205603,0.38652090415034795,0.0,0.48791231851085237,0.6807079156243749,0.5342138883066273,0.0,0.5634154171403706,0.47135608910233545,0.6956999241294618,0.4119250398605454,0.516358592670242,0.5602910058053504,0.5428487520943694,0.37956049586023566,0.23961971026997325,0.6135152852823192,0.6291719560756814,0.2408086756489049,0.25603544038722614,0.5376340593221653,0.23346456902179635,0.04536932647054648,0.3838924421718187,0.10568911816525367,0.5147851685545048,0.7426335755940919,0.41881073369331573,0.4480477007070686,0.2307415678348411,0.423488981752823,0.36818009153684433,0.4341974785623948,0.0,0.0,0.5912775929872245,0.0,0.261881715304068,0.20933124047940038,0.5952550965704679,0.280384328010867,0.2818457844367391,0.9562973331506659,0.5722522600571175,0.5633604174189561,0.5088352203343715,0.12170390265825737,0.0,0.0,0.0,0.0,0.5294851793921269,0.5007764469553752,0.0,0.5143016327507411,0.26037423396307624,0.0,0.0,0.0,0.2589165266482289,0.6092951604139714,0.4976273413257667,0.49994019251071387,0.5988033242071461
0.30580944979196933,0.4016167371631486,0.4012631020269811,0.6139414713898115,0.07241916249031682,0.19774608031826002,0.19482842212255463,0.09907402949343269,0.0468015537990627,0.26180162619585,0.4888061528189306,0.5669073107484011,0.34479241656603354,0.4145899176218553,0.6051436928328185,0.35794414921162454,0.3086031961218244,0.33057720318254336,0.5634154171403706,0.0,0.21765885600014462,0.4895440482850866,0.3056910894995639,0.4215085543519345,0.403176289562147,0.37535355486897737,0.41571022900571003,0.22466662360066098,0.34420086554428575,0.1174825077978564,0.40149429085008026,0.40029624297025784,0.23701700095509623,0.4102151954609762,0.45874135708726393,0.6195550922869414,0.31743784273737435,0.8228308966695623,0.12329832739649776,0.11543018157019203,0.20187366569929072,0.07125469985036825,0.35270559149149594,0.05747516061351601,0.22196620937111283,0.5346829489850099,0.2061332063220624,0.12522550250130893,0.0,0.0,0.10157633804244454,0.6395076163497388,0.038623964075481076,0.45695754355375545,0.9808865841944822,0.0,0.6011811661971111,0.09435456308228174,0.0,0.1822241870643781,0.21320251571240806,0.49862532557834166,0.6274448647958056,0.0,0.07511877046105425,0.047699749993179386,0.1424511381546723,0.03453557289659104,0.0,0.12899798740882185,0.15949840313265823,0.056080805413965706,0.07125739768525668,0.13882714714915345,0.4992619419066059,0.1250919587752562
0.17348041284560553,0.32105460227302046,0.2396214066662515,0.4324232204965366,0.1841362231359498,0.3958359782195474,0.1012917277476445,0.15249289773534774,0.19208134839110166,0.679130366351327,0.062491287574072685,0.42506032295277646,0.18428717564120317,0.32989127421124526,0.26188924726198815,0.3821649705553581,0.5565611588043865,0.29553862754834265,0.47135608910233545,0.21765885600014462,0.0,0.15885217877692254,0.2576384395740783,0.05008112225968164,0.26272456487193413,0.3901044557045561,0.28589736858767395,0.0829948263303033,0.1039618656427353,0.016303743842808638,0.2645300742040835,0.18693945219676558,0.1067180978804455,0.23869969500759702,0.30195822761890945,0.5110317555669204,0.3587553453749187,0.5868724342703195,0.283393727930598,0.6150746496308667,0.48186567986323237,0.482684498523338,0.5931548826931811,0.0,0.0,0.6270125840019402,0.06674373310492088,0.6686567937171329,0.0,0.0,0.053497950661244964,0.45752489221958953,-0.01157769716270618,0.5559261803108274,0.6350372693248774,0.0,0.7824728089344971,0.588822773145117,0.0,0.31020146376942825,0.1002260227977454,0.0,0.5539425932754641,0.0,0.04112861603462403,-0.07053377432908337,0.30969053315492834,0.06639947018923587,0.8487409728909499,0.014154707794222732,0.4255546147668848,0.01710446993362935,0.6072653382031202,0.036304933386752336,0.4638041064175512,0.026641972787562584
0.27645976027099456,0.46051377040995906,0.5959762834292063,0.5709320041908726,0.2363174038845589,0.3325483970746901,0.33619630539201395,0.2425641082636052,0.17833723756620073,0.40351724391761246,0.4025154415383215,0.47586609402919816,0.3837886781817763,0.28822964392457695,0.5174331966231847,0.33772307329745765,0.4898582772452408,0.38481943422127834,0.6956999241294618,0.4895440482850866,0.15885217877692254,0.0,0.6247443651658342,0.2565767552984063,0.48604123328497484,0.5046483604775214,0.3731365060662982,0.4118341426452313,0.44404220752118967,0.34497304623955105,0.4533776774806889,0.47920559903340676,0.381561978960543,0.46595642529416736,0.48163902959634897,0.48943395149569213,0.6253409698918893,0.6143742253875937,0.22201640660864935,0.14602762517830464,0.19590530892663888,0.1243787433980475,0.39105420711643135,0.1331146390149921,0.26234228476678206,0.3902064020854057,0.31574839322363124,0.5942939256644749,0.5014118798764142,0.2585351430752045,0.37175499930078515,0.7007136086087381,0.043388905645150855,0.6718605442333906,0.43115361095321425,0.0,0.5595517194731481,0.29729367991809436,0.0,0.32727013449219367,0.28338771155611975,0.44252365592320086,0.18224475898887582,0.0,0.09123752804262358,0.27495861565895247,0.23149384498705466,0.09336586756012877,0.7818541965320298,0.1306485018696677,0.26743151239089863,0.11453218414672867,0.23283466778719347,0.23488698533443264,0.5738802758532773,0.16941515958444459
0.19856483100009253,0.23630964959025835,0.47026212525256866,0.4939588345472523,0.07718726833091505,0.3592472789973604,0.08168087949776975,0.256437538193254,0.2619680168594077,0.11659447252204008,0.156098575998871,0.3276858526462527,0.12062765965023114,0.5588967541310615,0.5189181869306255,0.34714160555502244,0.5254722927267218,0.3115711952969971,0.4119250398605454,0.3056910894995639,0.2576384395740783,0.6247443651658342,0.0,0.1631470898720347,0.2606069111565666,0.2659862031999353,0.35918921999374226,0.09267553534137551,0.15230327515124847,0.11504734562514707,0.1889603836679854,0.14279751191536844,0.3502900740484339,0.19195175879498316,0.21539731247963617,0.584935440271384,0.23999240775883007,0.4609855845144999,0.10000466377408956,0.06005831872710965,0.021604932755095452,0.056569774428091746,0.40814958826542314,0.08841160374225743,0.5768126725185605,0.5503591793190348,0.1890043202057694,0.4632139993192037,0.4768343753150164,0.2791939334832078,0.09416405675873452,0.08984612115694679,0.3239134299330313,0.355663788228982,0.6375457144557461,0.5162322535778682,0.4543359750923221,0.07325029177474696,0.35023499861174073,0.1565660118409189,0.2317085099300526,0.5007602146939831,0.5908581664491329,0.537962591590966,0.03919083252084987,0.04846992123862315,0.09744589446141705,0.4477000019460692,0.24017504369343481,0.15490246758271697,0.0898919889289379,0.06374606278365774,0.033528500741816014,0.07645271771886575,0.639090118223871,0.08004521673624415
0.3180325397085596,0.46663745218946123,0.42847617362116075,0.2564839958103997,0.5545702131120395,0.20553013204973736,0.5449760116792458,0.03038568600037239,0.5923093038171107,0.3221409436412903,0.5707864559820457,0.37421881924900186,0.27065609227147525,0.696208102469449,0.15140759181681368,0.39815765893791033,0.2526018960286142,0.1908821897096048,0.516358592670242,0.4215085543519345,0.05008112225968164,0.2565767552984063,0.1631470898720347,0.0,0.3694499221601515,0.47309823150573954,0.1471191658314427,0.5611994806214966,0.4167105015536053,0.8536700217984313,0.41337193998257715,0.6878858340199704,0.5059743865549736,0.6451207305096816,0.5287014611293609,0.3657844182599401,0.3669900387371037,0.6178753593323826,0.7611337533963115,0.5601597587622416,0.6573240398569923,0.6492939651525113,0.6242465786813767,0.3681626924100297,0.573149347729686,0.510957807604456,0.5387752302796753,0.0,0.0,0.5020065004859846,0.6128586976894564,0.3196128689261028,0.0,0.0,0.5447334362065934,0.5740232623426362,0.5846764378221231,0.4802592122963826,0.0,0.253341915832036,0.5682330382358899,0.24219947734121106,0.31932743184184176,0.4999037097562907,0.36257975207344656,0.4817360152497797,0.19313468162225772,0.8678804539253788,0.4281529961812261,0.4437400189327052,0.4993143160013935,0.5634351725415693,0.7030879595816343,0.6439948652016447,0.0,0.6136627931676518
0.13795744998849052,0.38057580867241775,0.5434032883875337,0.9161769722087781,0.2003303999568044,0.3177040510794738,0.274962918947632,0.3756156811315208,0.30711336954488033,0.650924344121045,0.6273231908829903,0.567854436339311,0.34900500201062423,0.5290594437737418,0.3314365388098017,0.5016559550408551,0.4947054262613973,0.4586673944136235,0.5602910058053504,0.403176289562147,0.26272456487193413,0.48604123328497484,0.2606069111565666,0.3694499221601515,0.0,0.3060899710006278,0.3371416167755576,0.3204214766570142,0.27038905953052284,0.46059606289997773,0.2857876848683712,0.31675125408193316,0.2433827311447394,0.26170344254978817,0.14644633013238495,0.5519658751643133,0.6111582713571231,0.6575942235533578,0.3319248404448191,0.2947456132362815,0.26012307130388557,0.3101363891843071,0.11393019894989719,0.0,0.2873929751130363,0.41410558543770665,0.28230688553358013,0.0,0.0,0.0,0.3761518614582287,0.5669658330915265,0.7124862079388319,0.43389599958481234,0.3933885295019759,0.4980177541586042,0.4035348368219942,0.4753584835576121,0.0,0.6067263527288609,0.30418180829408303,0.30291491491879763,0.33104207342895775,0.0,0.4034856951147552,0.1724479958104994,0.29188761888082193,0.14624281093138597,0.28061154234346075,0.3768976596128219,0.38782045526887077,0.09389380427652688,0.6784601254975975,0.2661552282951535,0.0,0.14493656872425204
0.6272653452704136,0.4178314233085218,0.09839207002678357,0.640980644690182,0.07902377006589795,0.4523932588034877,0.4164331739563919,0.39589541704913833,0.42296371659858234,0.5374667320213604,0.6433398245913019,0.4417398992397029,0.45915866566150265,0.5190685668460854,0.3933745510011222,0.49767561479871236,0.3784175977388623,0.4224958929681549,0.5428487520943694,0.37535355486897737,0.3901044557045561,0.5046483604775214,0.2659862031999353,0.47309823150573954,0.3060899710006278,0.0,0.40111252714142426,0.5065794830534508,0.48546939965669483,0.44086205396435346,0.3455394322009593,0.517296461703625,0.40802246623121685,0.35613634299316244,0.4213947187732924,0.27765827246426467,0.5257541328907419,0.5430968187580979,0.32766801758715847,0.26825806047358375,0.2736271770000456,0.17677970776956664,0.2218463845551702,0.5705518791602292,0.5237304156313436,0.38509727126305116,0.3485111032450994,0.6761685809500497,0.0,0.0,0.3784153194017336,0.611498979186457,0.570160924539473,0.4299112337710555,0.4914981969159651,0.0,0.565313191532052,0.44644873234058485,0.0,0.41670252587900586,0.3318708587868988,0.3636837562451235,0.32527994142369954,0.0,0.29113118085204565,0.4732897542793816,0.4918400233980573,0.09710032390414991,0.48218993269676197,0.3933291122815169,0.3427484120947307,0.23675270017046934,0.6365444262698279,0.42049277787807027,0.5014621367516742,0.1706374690268767
0.2106538117963807,0.2603968517262652,0.3589388174190636,0.6465515628153296,0.3773944292767932,0.39977656677900664,0.09290190487821415,0.18084100247553375,0.4233745359438375,0.17800349032597373,0.43307961341799633,0.5645919242737529,0.12178763442997764,0.3239199882321383,0.4994456536585562,0.43262179455407324,0.5877663486910114,0.36216303744914113,0.37956049586023566,0.41571022900571003,0.28589736858767395,0.3731365060662982,0.35918921999374226,0.1471191658314427,0.3371416167755576,0.40111252714142426,0.0,0.1655661874283862,0.17485675112301635,0.1915979745197322,0.2073094031986188,0.17375188257685292,0.23251173712967593,0.23135295055230898,0.27411301789708087,0.32193953710365214,0.2448261023667781,0.47861217924973065,0.06711421507996279,0.11542833461158403,0.023408672891709337,0.01073662922549512,0.2807444556576634,0.1604153689072338,0.4242210019132033,0.4575994197841,0.15434431877656146,0.21459873141505326,0.5087491890568413,0.1972916163180808,0.07305839039954865,0.0811412552337939,0.23757377867155943,0.12849340416379573,0.7203647674946968,0.2696005336120908,0.3774784189216658,0.11896652769086863,0.4756133951792413,0.033970463966898956,0.20622202374419185,0.0,0.4872058897808825,0.470950037734935,0.058486313360009756,0.03604354657453712,0.09523818056334005,0.02870530455615461,0.0,0.14784391130338753,0.1654600235386749,0.05443176672632144,0.04836249826632555,0.051616179403412454,0.540751977584723,0.01035471302111024
0.3487633611095462,0.32946340963483023,0.2619283801306352,0.20122664894165232,0.41484524499732056,0.21034774474326773,0.4257458909321657,0.09962797663667794,0.28679153218896136,0.547784148017091,0.15659512500389472,0.4710898380401924,0.13240678276546325,0.5564028357174781,0.1510298974295739,0.3850341384106202,0.6513021840242743,0.3002607094376495,0.23961971026997325,0.22466662360066098,0.0829948263303033,0.4118341426452313,0.09267553534137551,0.5611994806214966,0.3204214766570142,0.5065794830534508,0.1655661874283862,0.0,0.32673078361769325,0.4023712598712289,0.4264115389497428,0.5101807610378393,0.4862455566412156,0.271925076940022,0.40785088095232513,0.5286247093216702,0.3050645907722544,0.3980130280693537,0.31953359104270296,0.34211276877868124,0.4261439133968752,0.016522201412845106,0.07993662468414292,0.23897610114852263,0.6570254481469578,0.6467879608061038,0.3896862103968417,0.17971335476111494,0.0,0.6901641627676155,0.055886453358709676,0.13136164902902991,0.035287746977823664,0.20439375195058562,0.6709306133319064,0.5206247413709059,0.3312945700479717,0.0655363711866796,0.3672789093245813,0.06516040042329418,0.4750347266664246,0.20630568733425278,0.5973742643291091,0.7043366665148066,0.10656003163761624,0.6194733434718824,0.2132764042264904,0.04987262710935214,0.5618530789412438,0.6437636730202972,0.5009577549426992,0.06264689282515712,0.0489037375549074,0.0629660063634232,0.550501341255656,0.09024442362390828
0.31422636737164944,0.29779178177996257,0.22226565937067538,0.48570044073260005,0.12878799844767835,0.287385013366133,0.2769806736872101,0.1338196947445005,0.08918971615404242,0.4946750120797099,0.42313335217308934,0.6262663661073242,0.36538880585063516,0.40936912073618587,0.20281655503291213,0.438024440285084,0.27180480804838514,0.30480665260875217,0.6135152852823192,0.34420086554428575,0.1039618656427353,0.44404220752118967,0.15230327515124847,0.4167105015536053,0.27038905953052284,0.48546939965669483,0.17485675112301635,0.32673078361769325,0.0,0.19039542032327728,0.44259729093009176,0.3885608230944322,0.047402494237543225,0.37172264666248367,0.3402131647242983,0.5368937055378565,0.3397021639014844,0.5592425789929899,0.0676036387936107,0.1531613347161313,0.027047474847829545,0.03769482710785943,0.23485247296456632,0.15037456013481254,0.6563214428271698,0.4814199694110088,0.25009992733740655,0.13520786582079874,0.4819232626631353,0.4759338338103809,0.05880471343936322,0.1010474055671351,0.00649693342109503,0.5903114296960346,0.6558729830483798,0.4625200718128416,0.5897390646427734,0.054361597393053684,0.8078591037468077,0.02678306043192913,0.24033608479673674,0.5036480125849457,0.5875488245140098,0.5268175008236224,0.06751975295260015,0.03980183522493763,0.09034377123334658,0.015361045905598614,0.49376151928052703,0.32251283764442207,0.27068212561245664,0.017507205737856024,0.03573391663006309,0.03514683082754677,0.5225650088621034,0.023850882954986496
0.671939450990068,0.464514612511522,0.14848318844342412,0.5084805676391464,0.5108829706590153,0.20894145708797007,0.5205374746540892,0.042168229637905064,0.2903295821576776,0.4350151158160886,0.5557463506820983,0.3185249493078253,0.2428348551672878,0.8448810836803008,0.23704947104418508,0.3370461034683011,0.5385128691152771,0.5692777859297161,0.6291719560756814,0.1174825077978564,0.016303743842808638,0.34497304623955105,0.11504734562514707,0.8536700217984313,0.46059606289997773,0.44086205396435346,0.1915979745197322,0.4023712598712289,0.19039542032327728,0.0,0.3535161488636618,0.5293836857543337,-0.021399538304526122,0.49680124958678895,0.28966805559463027,0.463967781193982,0.27514728888484874,0.5570184341438653,0.6702772840345262,0.47809056790528276,0.5591067178444289,0.760579203103997,0.6485193371049578,0.0,0.0,0.0,0.0,0.2281666475312108,0.0,0.0,0.589030890651037,0.5613083626677906,0.4576553383124409,0.2377178454208509,0.5641082842470426,0.0,0.0,0.47108404079473076,0.0,0.45771485870541945,0.0,0.0,0.9945061888214828,0.9833046311532898,0.04429156545866075,0.5424382185101574,0.5677669855851916,0.009340179602961518,0.0,0.3893401165972613,0.500605947041066,0.10838649309167991,0.07217038353027472,0.04162637244653322,0.45338980723715117,0.4225105192476451
0.2250430936122384,0.3380391040293148,0.26367619824856975,0.5196359091557954,0.20135033646776584,0.24638771267981402,0.23300229466608585,0.15969931151119166,0.30491427780452834,0.5428182754435582,0.1581524710559994,0.6621900907061978,0.17008459192837266,0.08582399006068869,0.3794138605258701,0.45740404156118675,0.32934437369730524,0.21744318409940333,0.2408086756489049,0.40149429085008026,0.2645300742040835,0.4533776774806889,0.1889603836679854,0.41337193998257715,0.2857876848683712,0.3455394322009593,0.2073094031986188,0.4264115389497428,0.44259729093009176,0.3535161488636618,0.0,0.3822384695770388,0.3675744300779995,0.46491598584197164,0.6394253219204762,0.4364734708543245,0.5381011654184749,0.3706791080612001,0.3787896679804321,0.46515683711431877,0.4813320349989995,0.6488033967737998,0.5687471448657092,0.2061736221511303,0.36668354970047,0.5113114914263723,0.2035088524169295,0.3035767293423996,0.0,0.4777344917600058,0.079796490927729,0.1816507891842456,-0.03347375449484702,0.2204231224932091,0.4126087014255375,0.5455885981402611,0.4518095556752707,0.30174193822647144,0.0,0.19671241532767636,0.2748739438020735,0.5618860762926974,0.24375015033112818,0.7216569041705481,0.10093529858568856,0.27800709651629557,0.23678912211544195,0.041687919749818114,0.4092042588573377,0.3243400167528305,0.33242115183627213,0.05569190130529056,0.0760251567249412,0.15817005249717225,0.4149909919607797,0.25290735890741767
0.4992779757850394,0.3947855569699771,0.21420414672117088,0.2612149023124368,0.2583801181300628,0.1996401329246904,0.34418244497483585,0.40687327181192035,0.2973622346123572,0.6844828364878622,0.2971577127975312,0.4832793130992633,0.36255648723042255,0.20732820553744075,0.33226491033911565,0.5523914333553457,0.45918219658130566,0.44120790039228297,0.25603544038722614,0.40029624297025784,0.18693945219676558,0.47920559903340676,0.14279751191536844,0.6878858340199704,0.31675125408193316,0.517296461703625,0.17375188257685292,0.5101807610378393,0.3885608230944322,0.5293836857543337,0.3822384695770388,0.0,0.29895063944949174,0.42554388707250557,0.2842896423448246,0.726075556216197,0.6448313832041621,0.18288165892422023,0.387876356508135,0.1558890361019799,0.40972575065004324,0.22176591079754687,0.21153756795863674,0.1326462607485388,0.42569548317494066,0.5820749601713968,0.20146206309506964,0.1671139699459298,0.24093112360089985,0.6639490035959679,0.04771266466229651,0.2393676665066905,0.11456487165589824,0.12673557285521408,0.7239195441916956,0.5960770339048642,0.10046851960399453,0.19196508235264115,0.6413785295581226,0.15645511488668756,0.2445122973446054,0.5307203232646298,0.28303063293465014,0.4664691219781417,0.051998351880646776,0.19269231459931024,0.2066572010524454,0.028539249092827568,0.549684907712068,0.3675094996597031,0.3049781645509282,0.049594569714351944,0.3867234488867456,0.11120637359694113,0.5205599143218195,0.4309193689829054
0.27426978889709974,0.22912868411139936,0.5378355627807774,0.19012744478880367,0.5250028408863655,0.42898968044695196,0.5786145552879342,0.34296195345266567,0.6375530888864485,0.7473874098139913,0.5507385402615691,0.8054162311034379,0.28782596096569457,0.2656142172109117,0.35641728963871677,0.3381186769116693,0.4156339647734202,0.24239197062725792,0.5376340593221653,0.23701700095509623,0.1067180978804455,0.381561978960543,0.3502900740484339,0.5059743865549736,0.2433827311447394,0.40802246623121685,0.23251173712967593,0.4862455566412156,0.047402494237543225,-0.021399538304526122,0.3675744300779995,0.29895063944949174,0.0,0.30083104364131225,0.29162877464404485,0.08678110093707958,0.3604771355984384,0.5421010302014772,0.23340838148370432,0.25442732077330876,0.4425758647372455,0.3640913457069835,0.33185003723857937,0.3693205251984141,0.6153471485949518,0.579358237827139,0.13674721691642,0.8487584139883737,0.0,0.4962410716150473,0.5961143340264984,0.5152347221995799,0.3314580644513887,0.27326423153166385,0.3272518025440605,0.42525536690252685,0.4084495258459841,0.49729591314820315,0.0,0.18468513225532934,0.21952159159903162,0.6120224211950934,0.3102728734856777,0.9504627439481081,0.0032384322351863837,0.1805904781164549,0.21160716763890963,-0.036908977332584914,0.5834710927512498,0.48690611700890807,0.44185361854053984,0.4238917190744993,0.575369510612441,0.4671450947837448,0.0,0.4894600373730703
0.09614014372495477,0.2566268608602291,0.21946572830242683,0.23443807987794854,0.20357430903957302,0.24016959068089588,0.2342855224783517,0.18763040998289016,0.3038707214714287,0.7709134602613601,0.24791537273859948,0.956809543182413,0.26098556646397975,0.45459161772946777,0.36410940255567287,0.2578066373088151,0.3727097873188675,0.2890788408430646,0.23346456902179635,0.4102151954609762,0.23869969500759702,0.46595642529416736,0.19195175879498316,0.6451207305096816,0.26170344254978817,0.35613634299316244,0.23135295055230898,0.271925076940022,0.37172264666248367,0.49680124958678895,0.46491598584197164,0.42554388707250557,0.30083104364131225,0.0,0.292648843494869,0.3305807951883588,0.4060402382767882,0.3737187424705588,0.40930157630793573,0.5267453933344126,0.6618435711687237,0.4050032244633427,0.10648432045970932,0.1758599743167853,0.6182592903657689,0.5835320184065258,0.19666129138199917,0.17065475460305674,0.28481061149459785,0.7328294148215684,0.07370963663706026,0.29487708275966684,0.07498981180857922,0.17126440250226443,0.6264099376953192,0.5622775514511202,0.583878852958004,0.24855210002215808,0.3751840727175447,0.23551106318542808,0.21467353115951976,0.5508909720263716,0.297347855423798,0.5622505247826382,0.13135214438605575,0.17111107963624572,0.22317189745931887,0.06954152190448781,0.53972944880101,0.35613516814012836,0.3101993404147079,0.03223227393911254,0.35727059232885283,0.14953923329423524,0.4938644423933949,0.43639262298985304
0.2461314864573349,0.39433370216526475,0.10625191683062019,0.18796074304969013,0.061578425591263974,0.2984774336018402,0.10599204584377381,0.47973384066630165,0.2248005795232772,0.7591697070848507,0.07697515579613634,0.7870240718286641,0.1805075914176958,0.3514496154578854,0.39486328243260904,0.401098522388611,0.3844322019655822,0.2738408426365914,0.04536932647054648,0.45874135708726393,0.30195822761890945,0.48163902959634897,0.21539731247963617,0.5287014611293609,0.14644633013238495,0.4213947187732924,0.27411301789708087,0.40785088095232513,0.3402131647242983,0.28966805559463027,0.6394253219204762,0.2842896423448246,0.29162877464404485,0.292648843494869,0.0,0.3260111894689763,0.28818374921004275,0.7779460004546774,0.17432005191540384,0.5395245168585021,0.3996349899628078,0.25518786243250874,0.13801745981974256,0.3228915139968932,0.41117769433760715,0.5653432942569466,0.2166172405881543,0.3244350177703434,0.1982285370660864,0.5476897491236081,0.4629769979939934,0.4078679563522,0.5505870811450888,0.28895113419661683,0.7149685752658019,0.49700886838011826,0.7239453669708773,0.5413224543570895,0.7619277873712621,0.2703476030631227,0.23453868133489475,0.3732496260805936,0.2410826109028847,0.38775128413791565,0.23176582501573878,0.5685281808791098,0.2855580296136088,0.08874265729094127,0.445901629363117,0.4226597537478874,0.34074259773126636,0.15316335369575734,0.35225119807400734,0.16129677889450844,0.2516027048056486,0.7235897495197687
0.6691718115051835,0.49723359812134194,0.3406193233128973,0.31572049442186456,0.22200871295672533,0.43926193109888084,0.6737992912585673,0.8628571075852571,0.34302787239754623,0.5992277737173588,0.48565740109007105,0.3867656964269341,0.42379253310069426,0.31215152839890126,0.5232291735431973,0.6630038642038668,0.6461090195173328,0.6044747544265856,0.3838924421718187,0.6195550922869414,0.5110317555669204,0.48943395149569213,0.584935440271384,0.3657844182599401,0.5519658751643133,0.27765827246426467,0.32193953710365214,0.5286247093216702,0.5368937055378565,0.463967781193982,0.4364734708543245,0.726075556216197,0.08678110093707958,0.3305807951883588,0.3260111894689763,0.0,0.5415204633928591,0.36560092683717443,0.10008251832348203,0.33056455409550045,0.04424681312094436,-0.007085413319468992,0.37719784121854605,0.11556794809982182,0.5653149606519667,0.0,0.15134494014066138,0.41320370934756506,0.1952521549551124,0.34138509306272335,-4.919646978013281e-05,0.07057351655493926,0.4109440813595905,0.06387361065607783,0.32629460994479315,0.35615340699865133,-0.06854955368884696,0.0532931452357458,0.23300416709329433,0.4667292075182943,0.44661795865779064,0.0,0.9953285875794065,0.20894679652952713,0.24697629154556922,0.5350242666947029,0.44239273908345017,0.21828169883562848,0.42901428153808585,0.20123843862650334,0.44667146344665587,-0.01590121848264231,0.07705524141590547,0.4923673841299673,0.16832068427296218,0.6522536949045222
0.5185620796888795,0.2392292657913262,0.15701477375471445,0.24409796734454628,0.12824313839121448,0.23326749911931416,0.6012235719760902,0.4442404430639843,0.2523169638383663,0.26426794063985287,0.30605230393973937,0.5019379981849654,0.39010579136283446,0.1441718116667738,0.49477812043335007,0.4028102021132445,0.26770971754724265,0.27179310312907395,0.10568911816525367,0.31743784273737435,0.3587553453749187,0.6253409698918893,0.23999240775883007,0.3669900387371037,0.6111582713571231,0.5257541328907419,0.2448261023667781,0.3050645907722544,0.3397021639014844,0.27514728888484874,0.5381011654184749,0.6448313832041621,0.3604771355984384,0.4060402382767882,0.28818374921004275,0.5415204633928591,0.0,0.5274459949173165,0.1704843556577412,0.055589127701904606,0.1895801669712252,0.12120069368463762,0.17916640480133447,0.43483663092683456,0.37895570210782314,0.0,0.0,0.6446269568514887,0.5262380590154012,0.0,0.18639124270526175,0.6246643835177016,0.6289177889200643,0.28574272817675783,0.450521747022842,0.6164827488868275,0.29730382259824095,0.10395350666701575,0.0,0.46238778186801477,0.0,0.0,0.0,0.36893639691347,0.5402746720754503,0.0,0.36208136414341574,0.03166987114005093,0.17877547753536466,0.0,0.5148403741861428,0.15495620042081643,0.15620316277171042,0.5766778527151306,0.0,0.3094535340518256
0.5342888966277629,0.0,0.5208697821309644,0.35526534470335586,0.03765692794086378,0.1695724618826917,0.6181226809559087,0.6254327874200154,0.23807407996720908,0.5589356607681251,0.1616686319046473,0.5851250711875877,0.27227562924155474,0.4196670007002722,0.3928384561935262,0.6261731958242432,0.44766154117140344,0.4182652126755365,0.5147851685545048,0.8228308966695623,0.5868724342703195,0.6143742253875937,0.4609855845144999,0.6178753593323826,0.6575942235533578,0.5430968187580979,0.47861217924973065,0.3980130280693537,0.5592425789929899,0.5570184341438653,0.3706791080612001,0.18288165892422023,0.5421010302014772,0.3737187424705588,0.7779460004546774,0.36560092683717443,0.5274459949173165,0.0,0.2945912009190762,0.5530020848132845,0.3206883552570789,0.386293940720792,0.32836507489886824,0.1673644693980562,0.5709692260027428,0.4487044572366309,0.0,0.695208190212549,0.0,0.5979537251309822,0.6253235540728866,0.47263373411181664,0.0,0.4514458347402141,0.5021707664441881,0.31857330111691917,0.5865257593288856,0.3898960604739751,0.0,0.5116280545389881,0.5030218986941234,0.4116376725457538,0.4496522166640427,0.31101661384161594,0.7281198916543286,0.0,0.8148155848115989,0.6826366994877014,0.4572822370827999,0.46886370113684017,0.6103919242152357,0.642695447997453,0.5062584917720991,0.506070880157266,0.0,0.44216614247897773
0.3204203223442618,0.08014375374643301,0.2190258954884297,0.1253853838792105,0.09025872908499627,0.07709826296646938,0.2821626682722779,0.05309462280323951,0.1090332991615075,0.6626871285663722,0.5859124872627801,0.4956329139896407,0.16712886765667234,0.7089977576676773,0.13011072370686122,0.32421789790217304,0.601286986680045,0.38219456838087074,0.7426335755940919,0.12329832739649776,0.283393727930598,0.22201640660864935,0.10000466377408956,0.7611337533963115,0.3319248404448191,0.32766801758715847,0.06711421507996279,0.31953359104270296,0.0676036387936107,0.6702772840345262,0.3787896679804321,0.387876356508135,0.23340838148370432,0.40930157630793573,0.17432005191540384,0.10008251832348203,0.1704843556577412,0.2945912009190762,0.0,0.30107619038954275,0.5315665151728969,0.21368455025562644,0.5105499723829743,0.3388076257968335,0.29027111483669077,0.3065952671671919,0.397770118222926,0.06885902129578408,0.42669099246496245,0.5987519603109989,0.2437581777033493,0.22925299214788708,0.42856095998309524,0.16597847039251928,0.23898610685728425,0.45252065609498393,0.2922039736409834,0.3893873020624176,0.18718898291105696,0.2687099155211826,0.43818216665018966,0.4949776798999965,0.4934239690847465,0.10970539109535182,0.41537850310342994,0.18003241793162422,0.39976507531370736,0.12177646582940371,0.6137561655093842,0.3221386747993913,0.46635877173191664,0.3140277211491709,0.44083879267125925,0.5201981462828333,0.1434655264041187,0.4243688636397221
0.2678852752220691,0.11488022528827702,0.5082424143255624,0.31656269805725507,0.7437577610283629,0.36252002150309526,0.4594032712070414,0.4500072376715154,0.5452820192249402,0.41435782025667356,0.5538628534152792,0.3885647038901969,0.5263183180205522,0.0,0.21218497172535483,0.22833380103416806,0.06976977240920185,0.3023388798337124,0.41881073369331573,0.11543018157019203,0.6150746496308667,0.14602762517830464,0.06005831872710965,0.5601597587622416,0.2947456132362815,0.26825806047358375,0.11542833461158403,0.34211276877868124,0.1531613347161313,0.47809056790528276,0.46515683711431877,0.1558890361019799,0.25442732077330876,0.5267453933344126,0.5395245168585021,0.33056455409550045,0.055589127701904606,0.5530020848132845,0.30107619038954275,0.0,0.26794082127829627,0.18201438063512954,0.34398138706096976,0.3157713300575549,0.08752935633257794,0.06035940037622067,0.1890211141500413,0.506014428782166,0.3802831756616601,0.09072501185015613,0.38660090427827054,0.4333551634120015,0.5462926000157392,0.23968897741225176,0.5923420832725439,0.2125034838174078,0.3183177745737741,0.253592335353905,0.5037469917818076,0.3312810582417103,0.27590874197550874,0.4469784200422615,0.36892408329751025,0.5189641803603113,0.39214694515803555,0.11963427080589878,0.29665291300744434,0.16644856093946125,0.24271287432203648,0.16064705075702257,0.35144188186520975,0.23348851589113592,0.5707561034770866,0.6068837527371866,0.45848482305637844,0.3103172976544411
0.29080464233243697,0.07444486645679865,0.5371084661756885,0.4003615536078815,0.5841159867759551,0.03312328168339862,0.5663239395807166,0.4248631510196953,0.4522323563593619,0.6267414965833207,0.5476713323499554,0.5243335431942113,0.38652197490526635,0.733312413875833,0.14979479830501236,0.17728375192071233,0.5244759598170579,0.29952300885611527,0.4480477007070686,0.20187366569929072,0.48186567986323237,0.19590530892663888,0.021604932755095452,0.6573240398569923,0.26012307130388557,0.2736271770000456,0.023408672891709337,0.4261439133968752,0.027047474847829545,0.5591067178444289,0.4813320349989995,0.40972575065004324,0.4425758647372455,0.6618435711687237,0.3996349899628078,0.04424681312094436,0.1895801669712252,0.3206883552570789,0.5315665151728969,0.26794082127829627,0.0,0.36277170762826927,0.45248722485340387,0.6117318037687995,0.24533768086731944,0.2750039994359548,0.318268168750037,0.10437540045248034,0.43562415166239327,0.4165242348250133,0.30014705141339687,0.39418662629834245,0.10610315851968127,0.1958752463165187,0.7481332243226991,0.265382272792073,0.5748886530067306,0.5065591660688206,0.46762245297430843,0.30653053559263044,0.30638358414708455,0.6183069457938108,0.5052010730377625,0.19932746588741224,0.30959861125668786,0.17603323382160613,0.32471552999843667,0.043926925154382235,0.3265458919035197,0.31150947922052974,0.33123421556763355,0.17653401248301798,0.5364518163138414,0.3068134121921108,0.13848798975943477,0.3170560205607587
0.5883308677171726,0.1918033213475936,0.5455352971939178,0.04809198973785472,0.4250972345798009,0.030497708310399607,0.5048239254973756,0.5214225957172817,0.3279728210239369,0.3920150519584385,0.48087051629958194,0.3273890578691003,0.47088346005617504,0.8648978602326834,0.13395041269232,0.6169032740251985,0.582106345415867,0.558967961584258,0.2307415678348411,0.07125469985036825,0.482684498523338,0.1243787433980475,0.056569774428091746,0.6492939651525113,0.3101363891843071,0.17677970776956664,0.01073662922549512,0.016522201412845106,0.03769482710785943,0.760579203103997,0.6488033967737998,0.22176591079754687,0.3640913457069835,0.4050032244633427,0.25518786243250874,-0.007085413319468992,0.12120069368463762,0.386293940720792,0.21368455025562644,0.18201438063512954,0.36277170762826927,0.0,0.30311012772271484,0.4065834265512748,0.41636467477117856,0.5917760976038938,0.5217200175440952,0.04204746752233135,0.23449516253011443,0.3055014939673437,0.1891246106520359,0.3500664870418672,0.6040838600462811,0.12292805942915708,0.5181915757834563,0.2130236346726031,0.28625912680707405,0.3830058131849362,0.5886509363532411,0.31651310769637747,0.42031953769094615,0.3587835310495947,0.5747867813026901,0.1744602690770956,0.23895097943490587,0.28915208968386186,0.29061383365209326,-0.018172736225456898,0.3480370333710836,0.3406205202951976,0.36736368894711446,0.17719009403540592,0.34867104110641745,0.2684359311101287,0.24218954906886886,0.5852183070180332
0.4994142238651651,0.6604919339572964,0.4180921689698744,0.5249323611055797,0.3852087149132346,0.1322530190953234,0.17645109475971288,0.3870067261051073,0.2528299872877011,0.32834919672860097,0.4347788839949631,0.4485140290464016,0.2985952355497554,0.41543227236711233,0.35688961555847487,0.4981652548048678,0.0,0.0,0.423488981752823,0.35270559149149594,0.5931548826931811,0.39105420711643135,0.40814958826542314,0.6242465786813767,0.11393019894989719,0.2218463845551702,0.2807444556576634,0.07993662468414292,0.23485247296456632,0.6485193371049578,0.5687471448657092,0.21153756795863674,0.33185003723857937,0.10648432045970932,0.13801745981974256,0.37719784121854605,0.17916640480133447,0.32836507489886824,0.5105499723829743,0.34398138706096976,0.45248722485340387,0.30311012772271484,0.0,0.38073875531950735,0.22907618203242336,0.6531946974056423,0.5805867774492293,0.2660731852742411,0.4239744667039368,0.4387678200303431,0.30463856440118775,0.32705548353147357,0.5847883981442976,0.28607723801541374,0.6359964952919607,0.433144077921346,0.317653740243339,0.40590933892059544,0.3181687892918745,0.6133337637740921,0.6834584339090254,0.6076652874358424,0.6845824878884,0.35819983437018893,0.47469749142104123,0.48150439030633924,0.46049602015293767,0.3087333235992487,0.4906329909517068,0.6808134584644769,0.6665468045951536,0.43446422740734836,0.5204408642805101,0.6226230619255204,0.4993459867730561,0.5192539458502625
0.0,0.0,0.22394640814946115,0.02292313546515276,0.6977527938691965,0.5576814581331152,0.8442324701523393,0.48272774510059885,0.11457919442619285,0.33536128926827774,0.6005267995753677,0.475371910290921,0.1652392241990483,0.5018397478581612,0.6412940236040817,0.0,0.0,0.0,0.36818009153684433,0.05747516061351601,0.0,0.1331146390149921,0.08841160374225743,0.3681626924100297,0.0,0.5705518791602292,0.1604153689072338,0.23897610114852263,0.15037456013481254,0.0,0.2061736221511303,0.1326462607485388,0.3693205251984141,0.1758599743167853,0.3228915139968932,0.11556794809982182,0.43483663092683456,0.1673644693980562,0.3388076257968335,0.3157713300575549,0.6117318037687995,0.4065834265512748,0.38073875531950735,0.0,0.28015737392378093,0.0,0.5454159968263775,0.0701910559141612,0.5488426199975447,0.27877564682026845,0.18006481375836114,0.3689445606012971,0.6073098131315949,0.22380712654751495,0.5949215713799086,0.43508061455637587,0.2859163689901415,0.5328946164779913,0.24385241388668774,0.2643592422668706,0.0,0.3264635356903864,0.8829678788612468,0.23116136894078726,0.257788966224928,0.46066616338808497,0.3661992659868496,0.18791527361373744,0.4277863486776063,0.5304965874380831,0.7342258825932114,0.30671350852999757,0.5758662669133967,0.5084962655358141,0.5298922146129651,0.4044126791188522
0.47859120902878394,0.0,0.0,0.0,0.27448412787342263,0.2125369595321352,0.36792845059861473,0.0,0.3020433181296042,0.5758539634593088,0.2024548377185375,0.5238616947532324,0.45813111271437534,0.0,0.0,0.0,0.489348182989213,0.5987432610303713,0.4341974785623948,0.22196620937111283,0.0,0.26234228476678206,0.5768126725185605,0.573149347729686,0.2873929751130363,0.5237304156313436,0.4242210019132033,0.6570254481469578,0.6563214428271698,0.0,0.36668354970047,0.42569548317494066,0.6153471485949518,0.6182592903657689,0.41117769433760715,0.5653149606519667,0.37895570210782314,0.5709692260027428,0.29027111483669077,0.08752935633257794,0.24533768086731944,0.41636467477117856,0.22907618203242336,0.28015737392378093,0.0,0.23314627977020277,0.13294994563137788,0.1408441244628122,0.32977226269232796,0.46894507287034515,0.10665279052408827,0.29945094785258797,0.48795230757648594,0.1043030429096487,0.5956943794350983,0.2540173660751805,0.5379449244522522,0.3028172949115403,0.5552843242299051,0.31211816546381804,0.5700383809618907,0.4535093945900313,0.1757140353147519,0.19438049996574264,0.6288752471171771,0.22705162914239307,0.6832895964547399,0.3885603171003899,0.3171706978728569,0.21554440375225728,0.5280849105503581,0.5759374521819791,0.5107091311471719,0.6346374919751494,0.8807701147013463,0.32685341811174834
0.4231013354765934,0.21233428878745647,0.0,0.0,0.0,0.6319317930849299,0.0,0.5937083784378414,0.0,0.6985858653602607,0.0,0.5091827384973722,0.6516488597005708,0.0,0.6616478689053994,0.6295583651536728,0.6867031113090104,0.3378910496228527,0.0,0.5346829489850099,0.6270125840019402,0.3902064020854057,0.5503591793190348,0.510957807604456,0.41410558543770665,0.38509727126305116,0.4575994197841,0.6467879608061038,0.4814199694110088,0.0,0.5113114914263723,0.5820749601713968,0.579358237827139,0.5835320184065258,0.5653432942569466,0.0,0.0,0.4487044572366309,0.3065952671671919,0.06035940037622067,0.2750039994359548,0.5917760976038938,0.6531946974056423,0.0,0.23314627977020277,0.0,0.27523508464924,0.18470667866054874,0.0,0.7948751215337017,0.20149446387966335,0.5451983385130009,0.21358871804012958,0.2773699046165647,0.29636470877907195,0.33571505405405566,0.4711181631418033,0.4818931527015242,0.1584301032212334,0.17805872370348408,0.3084113112079097,0.48794131532864293,0.33813691614515634,0.0,0.1527892559410553,0.12102990560641441,0.32321486173827885,0.1532871131251829,0.13297554362602268,0.33715008763882115,0.5355130254484973,0.18649790730158933,0.5003207137886196,0.39322037988401004,0.552107184868314,0.12706771680558893
0.13138846146034877,0.075371541225837,0.21402007269010773,0.0,0.4334373094226299,0.2867097494994493,0.21357114544560668,0.38264084708189744,0.5235409289424662,0.5210240530943939,0.0,0.5796994033491492,0.4202415854416567,0.0,0.44298233292740247,0.31849381875647076,0.5912966469340319,0.3241552517651004,0.0,0.2061332063220624,0.06674373310492088,0.31574839322363124,0.1890043202057694,0.5387752302796753,0.28230688553358013,0.3485111032450994,0.15434431877656146,0.3896862103968417,0.25009992733740655,0.0,0.2035088524169295,0.20146206309506964,0.13674721691642,0.19666129138199917,0.2166172405881543,0.15134494014066138,0.0,0.0,0.397770118222926,0.1890211141500413,0.318268168750037,0.5217200175440952,0.5805867774492293,0.5454159968263775,0.13294994563137788,0.27523508464924,0.0,0.22681676803186704,0.0,0.20437904413921076,0.378894151719833,0.10918032840450476,0.35733681652936344,0.1469550576763511,0.43620426917118893,0.4140349905334186,0.520256908574499,0.15883751444534477,0.5852132510520536,0.5482179014471535,0.4442905711948701,0.49548958203013177,0.4096174379927776,0.4317942568182744,0.5015202482693388,0.4214133488878075,0.513139003631321,0.29802536035780025,0.4671157416078423,0.5896275701275789,0.6616944267728129,0.39160909884354034,0.2269086994231518,0.5624110270341686,0.6881128147504257,0.3921804614462883
0.0,0.0,0.5433070145206707,0.43152337763099463,0.27900086541832214,0.11227319492601417,0.11836674151710652,0.42158312237125994,0.3256264448127995,0.17133182517400009,0.5834177437128308,0.281971317007933,0.17377089467944046,0.18348181706054761,0.4853432642983634,0.0,0.0,0.0,0.5912775929872245,0.12522550250130893,0.6686567937171329,0.5942939256644749,0.4632139993192037,0.0,0.0,0.6761685809500497,0.21459873141505326,0.17971335476111494,0.13520786582079874,0.2281666475312108,0.3035767293423996,0.1671139699459298,0.8487584139883737,0.17065475460305674,0.3244350177703434,0.41320370934756506,0.6446269568514887,0.695208190212549,0.06885902129578408,0.506014428782166,0.10437540045248034,0.04204746752233135,0.2660731852742411,0.0701910559141612,0.1408441244628122,0.18470667866054874,0.22681676803186704,0.0,0.03896141497927813,0.3109102533801399,0.3991051105724387,0.2177203636929823,0.23104334108274455,0.5076141029350381,0.07873299054073296,0.3578490957391645,0.10478174778341942,0.1724812811801028,0.3687158985871568,0.19432179407879124,0.1583483934416065,0.5919548117378027,0.49679721837610813,0.31567388083114634,0.030764414847975485,0.09881571593222727,0.25254288480631903,0.4607598088968404,0.44309622231207246,0.20777240893518883,0.2845856140004297,0.4940727270322528,0.11863351703295977,0.2065248362936506,0.41536979178387046,0.13532593728610232
0.0,0.0,0.501846441302067,0.0,0.0,0.6059469397861514,0.0,0.0,0.49930341860916244,0.5014586980015304,0.5014266337926948,0.2114751846722148,0.0,0.0,0.0,0.0,0.0,0.0,0.0,0.0,0.0,0.5014118798764142,0.4768343753150164,0.0,0.0,0.0,0.5087491890568413,0.0,0.4819232626631353,0.0,0.0,0.24093112360089985,0.0,0.28481061149459785,0.1982285370660864,0.1952521549551124,0.5262380590154012,0.0,0.42669099246496245,0.3802831756616601,0.43562415166239327,0.23449516253011443,0.4239744667039368,0.5488426199975447,0.32977226269232796,0.0,0.0,0.03896141497927813,0.0,0.34923595043254774,0.07521564263939723,0.16856244495457479,0.6486811885726911,0.29454893706567187,0.6609222889556956,0.3537459161117438,-0.11138266726215296,0.5130266694344401,0.4275259459547205,0.4947656047241594,0.0,0.0,0.5006694225723269,0.09517260634300911,0.41918034331367143,0.37474505646862044,0.40485652892958934,0.002114947204429951,0.39650708186326555,0.0,0.5832780626845925,0.17728511972592775,0.7674984024309024,0.057705291852154894,0.6505093723548263,0.4722817588220293
0.0,0.0,0.31210532281772463,0.0,0.3208129354289425,0.06319319950622748,0.19820025812360276,0.6051205513251001,0.344587833143494,0.46835647842918243,0.23807607417440146,0.2998147409761097,0.6961365672862886,0.24351814854934212,0.0,0.0,0.0,0.0,0.261881715304068,0.0,0.0,0.2585351430752045,0.2791939334832078,0.5020065004859846,0.0,0.0,0.1972916163180808,0.6901641627676155,0.4759338338103809,0.0,0.4777344917600058,0.6639490035959679,0.4962410716150473,0.7328294148215684,0.5476897491236081,0.34138509306272335,0.0,0.5979537251309822,0.5987519603109989,0.09072501185015613,0.4165242348250133,0.3055014939673437,0.4387678200303431,0.27877564682026845,0.46894507287034515,0.7948751215337017,0.20437904413921076,0.3109102533801399,0.34923595043254774,0.0,0.49301245883888206,0.4597799557601361,0.39220163005621445,0.4737365602765419,0.4327872119044198,0.312849714160949,0.295647205965361,0.21111796771269103,0.3025025914937589,0.5119029461645783,0.5304191613422797,0.5041092427119617,0.637378273265202,0.22077795637113656,0.48790742631370887,0.3926468377936965,0.14028407479189287,0.36406639011852876,0.7155802994098572,0.4947965913363386,0.20811819149429073,0.5303111911140103,0.4609915482074454,0.6021273729842794,0.33724598210687956,0.3342485575158551
0.5290538937420532,0.3047683912377811,0.17567697640201252,0.6128405647288835,0.05591651374794149,0.0768549158360694,0.09243133392417258,0.06108633809465436,0.14370099136147862,0.5366091106685545,0.6155684398410033,0.36370931866903766,0.05591362955032997,0.47266359935224955,0.07950390905183724,0.5964586737901565,0.0,0.5475189278415715,0.20933124047940038,0.10157633804244454,0.053497950661244964,0.37175499930078515,0.09416405675873452,0.6128586976894564,0.3761518614582287,0.3784153194017336,0.07305839039954865,0.055886453358709676,0.05880471343936322,0.589030890651037,0.079796490927729,0.04771266466229651,0.5961143340264984,0.07370963663706026,0.4629769979939934,-4.919646978013281e-05,0.18639124270526175,0.6253235540728866,0.2437581777033493,0.38660090427827054,0.30014705141339687,0.1891246106520359,0.30463856440118775,0.18006481375836114,0.10665279052408827,0.20149446387966335,0.378894151719833,0.3991051105724387,0.07521564263939723,0.49301245883888206,0.0,0.24618729260953326,0.2156619263421644,0.4000557280353184,0.19633738613060187,0.30577515744410433,0.36912868464455745,0.19175130803572948,0.22325323359135174,0.23149861325412752,0.6293959815362586,0.5369822325963665,0.6193530362768107,0.15171701817230393,0.6494546126554945,0.20602370908313983,0.5518285582714774,0.2835784549124503,0.4434303161879325,0.37769332599043004,0.34435842566818536,0.338155482977472,0.15010837989157094,0.2892271701725902,0.18931338664043212,0.2575832933389906
0.0,0.6473211594414089,0.2619098003302229,0.0,0.12747899163621068,0.060799239016250395,0.1702344163755461,0.6605787203038822,0.11510997373817022,0.47769812145794366,0.16277665533119307,0.5131410009646831,0.15453532299694928,0.45034366610397103,0.24196967487555426,0.6240559146725689,0.0,0.589142257921039,0.5952550965704679,0.6395076163497388,0.45752489221958953,0.7007136086087381,0.08984612115694679,0.3196128689261028,0.5669658330915265,0.611498979186457,0.0811412552337939,0.13136164902902991,0.1010474055671351,0.5613083626677906,0.1816507891842456,0.2393676665066905,0.5152347221995799,0.29487708275966684,0.4078679563522,0.07057351655493926,0.6246643835177016,0.47263373411181664,0.22925299214788708,0.4333551634120015,0.39418662629834245,0.3500664870418672,0.32705548353147357,0.3689445606012971,0.29945094785258797,0.5451983385130009,0.10918032840450476,0.2177203636929823,0.16856244495457479,0.4597799557601361,0.24618729260953326,0.0,0.17452528343174084,0.38221406635785327,0.41899260184674586,0.3080772292755446,0.3314069552177568,0.346788391582203,0.1377961349234021,0.11916816230824767,0.22316124025575262,0.28523904253537835,0.3085674476443717,0.2507075362215432,0.11463613583968552,0.0711655812062526,0.24620908615295178,0.22305729509297173,0.6571114755011483,0.2007543176102528,0.21316676624582676,0.29489221820919664,0.4833212478959079,0.2974594906604063,0.5852563785077171,0.43911302063469143
0.6193723529821024,0.5918839615021594,0.36378816707735234,0.49831413722554574,0.25680060514924125,0.23753060289713612,0.07277068782199214,0.32675042853458447,0.2938269365024423,0.5989177409708987,0.3226267158104718,0.26277208430611715,0.06188104179239029,0.34663112678931624,0.03628846806714381,0.8769419305477126,0.0,0.8836541075499196,0.280384328010867,0.038623964075481076,-0.01157769716270618,0.043388905645150855,0.3239134299330313,0.0,0.7124862079388319,0.570160924539473,0.23757377867155943,0.035287746977823664,0.00649693342109503,0.4576553383124409,-0.03347375449484702,0.11456487165589824,0.3314580644513887,0.07498981180857922,0.5505870811450888,0.4109440813595905,0.6289177889200643,0.0,0.42856095998309524,0.5462926000157392,0.10610315851968127,0.6040838600462811,0.5847883981442976,0.6073098131315949,0.48795230757648594,0.21358871804012958,0.35733681652936344,0.23104334108274455,0.6486811885726911,0.39220163005621445,0.2156619263421644,0.17452528343174084,0.0,0.12722552213675653,0.39043653494922315,0.30824363913636654,0.5083671147445229,0.15779926016826312,0.21434553212172214,-0.0004153767530191699,0.25066382689737754,0.5800233790004545,0.49042662516404556,0.22878244114793714,0.05103522525555643,0.009137257699899426,0.11678022293648394,0.2340248711159873,0.2661306368958025,0.2615701509695688,0.33368722616410085,0.15323114357884787,0.024063170024555325,0.24261306645232256,0.5023690630597238,0.016534412338514992
0.0,0.5892452262299099,0.4925145479312948,0.0,0.05689849833562066,0.06830154195086713,0.3354715958351681,0.13757834701424093,0.27902087620367744,0.2517810582867146,0.43417628735009617,0.4394309411618256,0.19709507529321008,0.05051700265256753,0.5580696163213303,0.0,0.0,0.0,0.2818457844367391,0.45695754355375545,0.5559261803108274,0.6718605442333906,0.355663788228982,0.0,0.43389599958481234,0.4299112337710555,0.12849340416379573,0.20439375195058562,0.5903114296960346,0.2377178454208509,0.2204231224932091,0.12673557285521408,0.27326423153166385,0.17126440250226443,0.28895113419661683,0.06387361065607783,0.28574272817675783,0.4514458347402141,0.16597847039251928,0.23968897741225176,0.1958752463165187,0.12292805942915708,0.28607723801541374,0.22380712654751495,0.1043030429096487,0.2773699046165647,0.1469550576763511,0.5076141029350381,0.29454893706567187,0.4737365602765419,0.4000557280353184,0.38221406635785327,0.12722552213675653,0.0,0.21116905755886814,0.3252195820302274,0.036680580466580015,0.32704603843759367,0.3926243924601379,0.292148726281003,0.20188200972369658,0.128889706695843,0.11440913584063878,0.3855238715634511,0.126045809945105,0.13861889189460708,0.18964672614250372,0.2904590352215498,0.583152626870013,0.3798642380875036,0.23847213673842277,0.3788920586660032,0.2210200598388561,0.3802348111257348,0.5830048985506284,0.18429597145337706
0.5768104951095474,0.16999843201339448,0.39126754493290283,0.0,0.0,0.7002426875130452,0.6121029436107972,0.8643354988395332,0.2259612758155544,0.5174837530801235,0.513076828606705,0.4944468460940443,0.5717988795715315,0.0,0.0,0.5688476071529648,0.345213945715767,0.4764226297433321,0.9562973331506659,0.9808865841944822,0.6350372693248774,0.43115361095321425,0.6375457144557461,0.5447334362065934,0.3933885295019759,0.4914981969159651,0.7203647674946968,0.6709306133319064,0.6558729830483798,0.5641082842470426,0.4126087014255375,0.7239195441916956,0.3272518025440605,0.6264099376953192,0.7149685752658019,0.32629460994479315,0.450521747022842,0.5021707664441881,0.23898610685728425,0.5923420832725439,0.7481332243226991,0.5181915757834563,0.6359964952919607,0.5949215713799086,0.5956943794350983,0.29636470877907195,0.43620426917118893,0.07873299054073296,0.6609222889556956,0.4327872119044198,0.19633738613060187,0.41899260184674586,0.39043653494922315,0.21116905755886814,0.0,0.25964364825542474,0.6969946335611639,0.46615787954012433,0.60930631823599,0.4843859178811513,0.42243219040220814,0.41168410292960755,0.43522910790924874,0.16977209519466335,0.423591972827104,0.513428535364486,0.3189792373155863,0.10042678032571573,0.43232943127311635,0.5619258463022658,0.592367252010847,0.3614357331827268,0.5018753902724314,0.4518643031975628,0.6197927550353103,0.4591461633263875
0.0,0.0,0.625611053499693,0.19301106754380654,0.307236207257529,0.12665284201581123,0.06494771183617576,0.304839542783431,0.3156281838185477,0.4404729448891617,0.3994406893304924,0.25482988857821326,0.5328023636701205,0.2822131943735422,0.0,0.0,0.0,0.0,0.5722522600571175,0.0,0.0,0.0,0.5162322535778682,0.5740232623426362,0.4980177541586042,0.0,0.2696005336120908,0.5206247413709059,0.4625200718128416,0.0,0.5455885981402611,0.5960770339048642,0.42525536690252685,0.5622775514511202,0.49700886838011826,0.35615340699865133,0.6164827488868275,0.31857330111691917,0.45252065609498393,0.2125034838174078,0.265382272792073,0.2130236346726031,0.433144077921346,0.43508061455637587,0.2540173660751805,0.33571505405405566,0.4140349905334186,0.3578490957391645,0.3537459161117438,0.312849714160949,0.30577515744410433,0.3080772292755446,0.30824363913636654,0.3252195820302274,0.25964364825542474,0.0,0.34257634517422264,0.31115395725990547,0.43689167253380357,0.0,0.26452223720939244,0.08532232639137943,0.5772395237093825,0.25370399174019626,0.5029491924081158,0.5174025186616129,0.0,0.2897173703328857,0.6681769988231334,0.6320657692245866,0.21890854434270896,0.3014762159567035,0.30768583380242565,0.5404532298553408,0.43013741222250124,0.24192397113318026
0.28249130756238017,0.453995791825625,0.5036032962571798,0.5094632734906339,0.37074291429015577,0.36432810873719285,0.4481776923026545,0.993212308368276,0.48332044655095796,0.5447116201870729,0.4173076512994769,0.6134636331122632,0.530191522365334,0.4152833967900836,0.7001640987337743,0.459196265959962,0.32160737452281907,0.3429014687187306,0.5633604174189561,0.6011811661971111,0.7824728089344971,0.5595517194731481,0.4543359750923221,0.5846764378221231,0.4035348368219942,0.565313191532052,0.3774784189216658,0.3312945700479717,0.5897390646427734,0.0,0.4518095556752707,0.10046851960399453,0.4084495258459841,0.583878852958004,0.7239453669708773,-0.06854955368884696,0.29730382259824095,0.5865257593288856,0.2922039736409834,0.3183177745737741,0.5748886530067306,0.28625912680707405,0.317653740243339,0.2859163689901415,0.5379449244522522,0.4711181631418033,0.520256908574499,0.10478174778341942,-0.11138266726215296,0.295647205965361,0.36912868464455745,0.3314069552177568,0.5083671147445229,0.036680580466580015,0.6969946335611639,0.34257634517422264,0.0,0.3971578317662624,0.2695571330798216,0.40055155593764874,0.43491739304128335,0.4269894947718102,0.4481396621880934,0.15432418708424273,0.6586374103682406,0.5746943057715996,0.5668116510947165,0.17882685853382402,0.4120799224016205,0.6416346330800093,0.4957023409889649,0.20581658516589685,0.6293964347878325,0.47766768341189225,0.5212851344563448,0.6689315368972553
0.7578382881254024,0.3610528624957846,0.20607619353567397,0.4910277922769993,0.1320430731982566,0.0832280694205293,0.12120253144114573,0.08816531019380563,0.5810570294219256,0.656807139236383,0.5839951691149388,0.5541508912793446,0.14147941316139862,0.7699726795701692,0.10500604029395322,0.6517249133779817,0.33827697617932717,0.5541391438449589,0.5088352203343715,0.09435456308228174,0.588822773145117,0.29729367991809436,0.07325029177474696,0.4802592122963826,0.4753584835576121,0.44644873234058485,0.11896652769086863,0.0655363711866796,0.054361597393053684,0.47108404079473076,0.30174193822647144,0.19196508235264115,0.49729591314820315,0.24855210002215808,0.5413224543570895,0.0532931452357458,0.10395350666701575,0.3898960604739751,0.3893873020624176,0.253592335353905,0.5065591660688206,0.3830058131849362,0.40590933892059544,0.5328946164779913,0.3028172949115403,0.4818931527015242,0.15883751444534477,0.1724812811801028,0.5130266694344401,0.21111796771269103,0.19175130803572948,0.346788391582203,0.15779926016826312,0.32704603843759367,0.46615787954012433,0.31115395725990547,0.3971578317662624,0.0,0.09088713837423545,0.05955470609421948,0.306223190247902,0.49276083906860657,0.3777382183475987,0.26114884592641274,0.36456849518470885,0.047338616134982026,0.3562951415690478,0.16368131842852718,0.5581780872549291,0.3301245818813456,0.3236101280093212,0.19301854572141042,0.3020175534807247,0.37804123583714033,0.3393489293924333,0.4667407558032046
0.0,0.0,0.3972561869646723,0.0,0.3105797736061903,0.5978020420188938,0.360298508877777,0.2456981956030349,0.3474607731942157,0.0,0.37259194918245914,0.7375452486361614,0.4224240293260529,0.1432187109028022,0.5023604945427828,0.0,0.0,0.0,0.12170390265825737,0.0,0.0,0.0,0.35023499861174073,0.0,0.0,0.0,0.4756133951792413,0.3672789093245813,0.8078591037468077,0.0,0.0,0.6413785295581226,0.0,0.3751840727175447,0.7619277873712621,0.23300416709329433,0.0,0.0,0.18718898291105696,0.5037469917818076,0.46762245297430843,0.5886509363532411,0.3181687892918745,0.24385241388668774,0.5552843242299051,0.1584301032212334,0.5852132510520536,0.3687158985871568,0.4275259459547205,0.3025025914937589,0.22325323359135174,0.1377961349234021,0.21434553212172214,0.3926243924601379,0.60930631823599,0.43689167253380357,0.2695571330798216,0.09088713837423545,0.0,0.0,0.5062373364301898,0.6453602628250995,0.3889696750216013,0.3785842279748064,0.5012650829628977,0.2903778258183305,0.23275212607955167,0.32597800360549234,0.5320498286072608,0.6716900560616295,0.4740107362941134,0.2922965429126485,0.4308065446776793,0.38755269373121537,0.4779094207966645,0.34685793092201744
0.6001069430252792,0.1162756072949025,0.2705579997305868,0.0,0.26541927325876524,0.09994744906052078,0.3398357540891118,0.06114593251542444,0.4693618225075323,0.9466549173071576,0.0,0.6810098753174224,0.08911661466168402,0.0,0.43754030493546664,0.28608985180521096,0.8156225720238545,0.6310943120838735,0.0,0.1822241870643781,0.31020146376942825,0.32727013449219367,0.1565660118409189,0.253341915832036,0.6067263527288609,0.41670252587900586,0.033970463966898956,0.06516040042329418,0.02678306043192913,0.45771485870541945,0.19671241532767636,0.15645511488668756,0.18468513225532934,0.23551106318542808,0.2703476030631227,0.4667292075182943,0.46238778186801477,0.5116280545389881,0.2687099155211826,0.3312810582417103,0.30653053559263044,0.31651310769637747,0.6133337637740921,0.2643592422668706,0.31211816546381804,0.17805872370348408,0.5482179014471535,0.19432179407879124,0.4947656047241594,0.5119029461645783,0.23149861325412752,0.11916816230824767,-0.0004153767530191699,0.292148726281003,0.4843859178811513,0.0,0.40055155593764874,0.05955470609421948,0.0,0.0,0.5944142452751053,0.45005006030859707,0.4200147853505857,0.0,0.47936475671330386,0.2976208327596565,0.5599180963794205,0.3268095472719816,0.4116763074952773,0.443428269610763,0.48531852527591235,0.44186594425242526,0.11652629574647344,0.19443645780619317,0.50547208252781,0.24240544253664253
0.18659843145286803,0.10920539099119786,0.0,0.0,0.4885420165611926,0.19283204588705355,0.6240321646872512,0.4087552768225075,0.7016887575588999,0.6055708026571285,0.0,0.5518969951257138,0.5569553554992919,0.0,0.39192116332946336,0.3180726672949668,0.45972537105037947,0.3473783707892955,0.0,0.21320251571240806,0.1002260227977454,0.28338771155611975,0.2317085099300526,0.5682330382358899,0.30418180829408303,0.3318708587868988,0.20622202374419185,0.4750347266664246,0.24033608479673674,0.0,0.2748739438020735,0.2445122973446054,0.21952159159903162,0.21467353115951976,0.23453868133489475,0.44661795865779064,0.0,0.5030218986941234,0.43818216665018966,0.27590874197550874,0.30638358414708455,0.42031953769094615,0.6834584339090254,0.0,0.5700383809618907,0.3084113112079097,0.4442905711948701,0.1583483934416065,0.0,0.5304191613422797,0.6293959815362586,0.22316124025575262,0.25066382689737754,0.20188200972369658,0.42243219040220814,0.26452223720939244,0.43491739304128335,0.306223190247902,0.5062373364301898,0.5944142452751053,0.0,0.4158171817034032,0.37724622336856267,0.9985850585638731,0.28708424269570937,0.38147498482371905,0.20657226548707136,0.19870884460237248,0.27423553887469065,0.32138687161042057,0.49424690177104236,0.5271680177149579,0.2445016594543803,0.520497137390834,0.5457535939366166,0.3296675114915003
0.3083073555615364,0.6477278413064631,0.0,0.0,0.0,0.0,0.0,0.0,0.0,0.39664358293038426,0.0,0.4500623171066901,0.4199552697740492,0.0,0.6545873982503029,0.5704105975167154,0.3603771579798314,0.3368156694082359,0.0,0.49862532557834166,0.0,0.44252365592320086,0.5007602146939831,0.24219947734121106,0.30291491491879763,0.3636837562451235,0.0,0.20630568733425278,0.5036480125849457,0.0,0.5618860762926974,0.5307203232646298,0.6120224211950934,0.5508909720263716,0.3732496260805936,0.0,0.0,0.4116376725457538,0.4949776798999965,0.4469784200422615,0.6183069457938108,0.3587835310495947,0.6076652874358424,0.3264635356903864,0.4535093945900313,0.48794131532864293,0.49548958203013177,0.5919548117378027,0.0,0.5041092427119617,0.5369822325963665,0.28523904253537835,0.5800233790004545,0.128889706695843,0.41168410292960755,0.08532232639137943,0.4269894947718102,0.49276083906860657,0.6453602628250995,0.45005006030859707,0.4158171817034032,0.0,0.40703915858374284,0.47436353891510025,0.4632204555346376,0.35821229972749913,0.36603565463249743,0.44240048573491864,0.4423441941551427,0.6302319218311255,0.6394436588504896,0.4629134457141529,0.45852331443024036,0.5600108549565864,0.524119422702009,0.3663098700706769
0.2849496109983401,0.24385283917561162,0.0,0.0,0.0,0.5579814059010302,0.5623408670242028,0.7088548462557765,0.0,0.3336433468199505,0.0,0.5144878701299548,0.5762068270506331,0.0,0.7615085523023338,0.4079485296608022,0.5466151915017476,0.32512072388732566,0.0,0.6274448647958056,0.5539425932754641,0.18224475898887582,0.5908581664491329,0.31932743184184176,0.33104207342895775,0.32527994142369954,0.4872058897808825,0.5973742643291091,0.5875488245140098,0.9945061888214828,0.24375015033112818,0.28303063293465014,0.3102728734856777,0.297347855423798,0.2410826109028847,0.9953285875794065,0.0,0.4496522166640427,0.4934239690847465,0.36892408329751025,0.5052010730377625,0.5747867813026901,0.6845824878884,0.8829678788612468,0.1757140353147519,0.33813691614515634,0.4096174379927776,0.49679721837610813,0.5006694225723269,0.637378273265202,0.6193530362768107,0.3085674476443717,0.49042662516404556,0.11440913584063878,0.43522910790924874,0.5772395237093825,0.4481396621880934,0.3777382183475987,0.3889696750216013,0.4200147853505857,0.37724622336856267,0.40703915858374284,0.0,0.41493916225566707,0.40043734715117196,0.2429171202148631,0.3077006570192513,0.2980063034330146,0.40612981137513093,0.3685808753033871,0.394373067388866,0.4904737096363534,0.40789718617652965,0.506010927295645,0.47727074945000436,0.4424447756223667
0.0,0.0,0.47331170565799563,0.0,0.2196159111731325,0.1824594776788258,0.603763968727242,0.5146425860761699,0.25026824835123773,0.5030882008834547,0.31708525850813823,0.3642803528311876,0.6384119405519261,0.19321969302157832,0.0,0.0,0.0,0.0,0.5294851793921269,0.0,0.0,0.0,0.537962591590966,0.4999037097562907,0.0,0.0,0.470950037734935,0.7043366665148066,0.5268175008236224,0.9833046311532898,0.7216569041705481,0.4664691219781417,0.9504627439481081,0.5622505247826382,0.38775128413791565,0.20894679652952713,0.36893639691347,0.31101661384161594,0.10970539109535182,0.5189641803603113,0.19932746588741224,0.1744602690770956,0.35819983437018893,0.23116136894078726,0.19438049996574264,0.0,0.4317942568182744,0.31567388083114634,0.09517260634300911,0.22077795637113656,0.15171701817230393,0.2507075362215432,0.22878244114793714,0.3855238715634511,0.16977209519466335,0.25370399174019626,0.15432418708424273,0.26114884592641274,0.3785842279748064,0.0,0.9985850585638731,0.47436353891510025,0.41493916225566707,0.0,0.0,0.6045754588055535,0.36407208249444417,0.40716489198170236,0.6878361878901479,0.49420000010231296,0.538179631078668,0.4242487535460425,0.19459446188898316,0.6422459505713082,0.5359960565292698,0.1641158349009884
0.4999435539855522,0.15706880168199955,0.6699868014227484,0.0,0.3310584452195185,0.07199790397847783,0.13876081291235465,0.10087312267459347,0.6311825647581977,0.5007602146939828,0.37932613913667984,0.8026313491151131,0.11513781492525166,0.0,0.36941706236994903,0.261482147906593,0.0,0.500521118118141,0.5007764469553752,0.07511877046105425,0.04112861603462403,0.09123752804262358,0.03919083252084987,0.36257975207344656,0.4034856951147552,0.29113118085204565,0.058486313360009756,0.10656003163761624,0.06751975295260015,0.04429156545866075,0.10093529858568856,0.051998351880646776,0.0032384322351863837,0.13135214438605575,0.23176582501573878,0.24697629154556922,0.5402746720754503,0.7281198916543286,0.41537850310342994,0.39214694515803555,0.30959861125668786,0.23895097943490587,0.47469749142104123,0.257788966224928,0.6288752471171771,0.1527892559410553,0.5015202482693388,0.030764414847975485,0.41918034331367143,0.48790742631370887,0.6494546126554945,0.11463613583968552,0.05103522525555643,0.126045809945105,0.423591972827104,0.5029491924081158,0.6586374103682406,0.36456849518470885,0.5012650829628977,0.47936475671330386,0.28708424269570937,0.4632204555346376,0.40043734715117196,0.0,0.0,0.12222474295041247,0.3481470552151523,0.40551034592361523,0.3422742505498332,0.4076279087022372,0.43408012849948174,0.3428374759924492,0.32403921646313727,0.4040945340426392,0.5610585413306679,0.45883186045459484
0.5702530128709544,0.3915462061059497,0.47416419701923074,0.0,0.515670547757317,0.034297395531406205,0.5102850928050158,0.014750478835366176,0.7063782715033575,0.5920158495434461,0.0,0.8025995931763671,0.6113364507614547,0.0,0.38210563165085015,0.68454988945562,0.0,0.6994134629535464,0.0,0.047699749993179386,-0.07053377432908337,0.27495861565895247,0.04846992123862315,0.4817360152497797,0.1724479958104994,0.4732897542793816,0.03604354657453712,0.6194733434718824,0.03980183522493763,0.5424382185101574,0.27800709651629557,0.19269231459931024,0.1805904781164549,0.17111107963624572,0.5685281808791098,0.5350242666947029,0.0,0.0,0.18003241793162422,0.11963427080589878,0.17603323382160613,0.28915208968386186,0.48150439030633924,0.46066616338808497,0.22705162914239307,0.12102990560641441,0.4214133488878075,0.09881571593222727,0.37474505646862044,0.3926468377936965,0.20602370908313983,0.0711655812062526,0.009137257699899426,0.13861889189460708,0.513428535364486,0.5174025186616129,0.5746943057715996,0.047338616134982026,0.2903778258183305,0.2976208327596565,0.38147498482371905,0.35821229972749913,0.2429171202148631,0.6045754588055535,0.12222474295041247,0.0,0.32918347275482857,0.2280022762100935,0.29039522440719867,0.30294361947316223,0.4178708909629555,0.15220197120341444,0.09181037125205077,0.14249297604763533,0.529460964875932,0.22546582858730435
0.660315104941642,0.2942446891503979,0.12074547563578243,0.5002378790426432,0.38586211721209873,0.2598328706575835,0.16074994594328568,0.5101869249152446,0.5846986239172685,0.3677917085309328,0.7177837577963507,0.4528526832415122,0.21219878735979208,0.0,0.48142683576614065,0.3507685622256789,0.5672362183169217,0.3437227048958603,0.5143016327507411,0.1424511381546723,0.30969053315492834,0.23149384498705466,0.09744589446141705,0.19313468162225772,0.29188761888082193,0.4918400233980573,0.09523818056334005,0.2132764042264904,0.09034377123334658,0.5677669855851916,0.23678912211544195,0.2066572010524454,0.21160716763890963,0.22317189745931887,0.2855580296136088,0.44239273908345017,0.36208136414341574,0.8148155848115989,0.39976507531370736,0.29665291300744434,0.32471552999843667,0.29061383365209326,0.46049602015293767,0.3661992659868496,0.6832895964547399,0.32321486173827885,0.513139003631321,0.25254288480631903,0.40485652892958934,0.14028407479189287,0.5518285582714774,0.24620908615295178,0.11678022293648394,0.18964672614250372,0.3189792373155863,0.0,0.5668116510947165,0.3562951415690478,0.23275212607955167,0.5599180963794205,0.20657226548707136,0.36603565463249743,0.3077006570192513,0.36407208249444417,0.3481470552151523,0.32918347275482857,0.0,0.4148708101789914,0.269442805261435,0.5232303414399608,0.5008269856273905,0.3478613442871181,0.23491439405924458,0.5158252747808504,0.7357481557386109,0.3603779567516626
0.6579595767005795,0.07999834336209966,0.3276030486964878,0.6195699013788348,0.10362810204632633,0.057213668192169775,0.028170222292843605,0.18504015595235362,0.2477348824239738,0.587013800559509,0.22025474403628836,0.5184432759974964,0.053166524112672864,0.2507430351626475,0.46850195160688,0.6230581184934683,0.0,0.7873382429517692,0.26037423396307624,0.03453557289659104,0.06639947018923587,0.09336586756012877,0.4477000019460692,0.8678804539253788,0.14624281093138597,0.09710032390414991,0.02870530455615461,0.04987262710935214,0.015361045905598614,0.009340179602961518,0.041687919749818114,0.028539249092827568,-0.036908977332584914,0.06954152190448781,0.08874265729094127,0.21828169883562848,0.03166987114005093,0.6826366994877014,0.12177646582940371,0.16644856093946125,0.043926925154382235,-0.018172736225456898,0.3087333235992487,0.18791527361373744,0.3885603171003899,0.1532871131251829,0.29802536035780025,0.4607598088968404,0.002114947204429951,0.36406639011852876,0.2835784549124503,0.22305729509297173,0.2340248711159873,0.2904590352215498,0.10042678032571573,0.2897173703328857,0.17882685853382402,0.16368131842852718,0.32597800360549234,0.3268095472719816,0.19870884460237248,0.44240048573491864,0.2980063034330146,0.40716489198170236,0.40551034592361523,0.2280022762100935,0.4148708101789914,0.0,0.24844173666626806,0.2427948237724067,0.330085644828265,0.4875233476556562,0.13463966709195008,0.1111178044441341,0.14301535256449566,0.09840951622521044
0.3085458587464648,0.4514352537636125,0.0,0.0,0.0,0.6128456290617078,0.4962410716150464,0.0,0.3360850423430946,0.42160928519681823,0.0,0.458301283291407,0.5311533139476603,0.0,0.48603067656742155,0.45609496982897396,0.2642575750709273,0.2097909437719076,0.0,0.0,0.8487409728909499,0.7818541965320298,0.24017504369343481,0.4281529961812261,0.28061154234346075,0.48218993269676197,0.0,0.5618530789412438,0.49376151928052703,0.0,0.4092042588573377,0.549684907712068,0.5834710927512498,0.53972944880101,0.445901629363117,0.42901428153808585,0.17877547753536466,0.4572822370827999,0.6137561655093842,0.24271287432203648,0.3265458919035197,0.3480370333710836,0.4906329909517068,0.4277863486776063,0.3171706978728569,0.13297554362602268,0.4671157416078423,0.44309622231207246,0.39650708186326555,0.7155802994098572,0.4434303161879325,0.6571114755011483,0.2661306368958025,0.583152626870013,0.43232943127311635,0.6681769988231334,0.4120799224016205,0.5581780872549291,0.5320498286072608,0.4116763074952773,0.27423553887469065,0.4423441941551427,0.40612981137513093,0.6878361878901479,0.3422742505498332,0.29039522440719867,0.269442805261435,0.24844173666626806,0.0,0.6245668667011834,0.5975782657857814,0.34539390854766683,0.5631609264191704,0.38913026212446944,0.3717725653904371,0.44892518958123784
0.4367261110519447,0.10401580736829619,0.6653144817322122,0.0,0.5080562201077535,0.16702226096044992,0.6346505055713257,0.4888461796968227,0.5790840385787677,0.3933569627356869,0.0,0.5035315590574208,0.5658602676050586,0.0,0.24617201371029473,0.45151284621363624,0.4136880304096552,0.3862190034909768,0.0,0.12899798740882185,0.014154707794222732,0.1306485018696677,0.15490246758271697,0.4437400189327052,0.3768976596128219,0.3933291122815169,0.14784391130338753,0.6437636730202972,0.32251283764442207,0.3893401165972613,0.3243400167528305,0.3675094996597031,0.48690611700890807,0.35613516814012836,0.4226597537478874,0.20123843862650334,0.0,0.46886370113684017,0.3221386747993913,0.16064705075702257,0.31150947922052974,0.3406205202951976,0.6808134584644769,0.5304965874380831,0.21554440375225728,0.33715008763882115,0.5896275701275789,0.20777240893518883,0.0,0.4947965913363386,0.37769332599043004,0.2007543176102528,0.2615701509695688,0.3798642380875036,0.5619258463022658,0.6320657692245866,0.6416346330800093,0.3301245818813456,0.6716900560616295,0.443428269610763,0.32138687161042057,0.6302319218311255,0.3685808753033871,0.49420000010231296,0.4076279087022372,0.30294361947316223,0.5232303414399608,0.2427948237724067,0.6245668667011834,0.0,0.5284766399323924,0.34815783662303973,0.36529978984188227,0.4849470821730839,0.41477117383277246,0.3910703779732233
0.46781802933427963,0.0803478887794814,0.37485784227854024,0.0,0.5831547584110964,0.2560365542992938,0.584355383065877,0.45405857780425063,0.29795125880713386,0.4974625518843,0.9776054938913029,0.5224239701518849,0.18392681359392898,0.0,0.32192571622940935,0.40546610070201106,0.4262707951391563,0.45392461302893966,0.0,0.15949840313265823,0.4255546147668848,0.26743151239089863,0.0898919889289379,0.4993143160013935,0.38782045526887077,0.3427484120947307,0.1654600235386749,0.5009577549426992,0.27068212561245664,0.500605947041066,0.33242115183627213,0.3049781645509282,0.44185361854053984,0.3101993404147079,0.34074259773126636,0.44667146344665587,0.5148403741861428,0.6103919242152357,0.46635877173191664,0.35144188186520975,0.33123421556763355,0.36736368894711446,0.6665468045951536,0.7342258825932114,0.5280849105503581,0.5355130254484973,0.6616944267728129,0.2845856140004297,0.5832780626845925,0.20811819149429073,0.34435842566818536,0.21316676624582676,0.33368722616410085,0.23847213673842277,0.592367252010847,0.21890854434270896,0.4957023409889649,0.3236101280093212,0.4740107362941134,0.48531852527591235,0.49424690177104236,0.6394436588504896,0.394373067388866,0.538179631078668,0.43408012849948174,0.4178708909629555,0.5008269856273905,0.330085644828265,0.5975782657857814,0.5284766399323924,0.0,0.4406169502393195,0.3856429911740751,0.5434779088698606,0.586967331165952,0.35678913807824986
0.4882240559221619,0.18306829166781707,0.3703485397431433,0.5213005044458497,0.1305930902373752,0.06846866947503893,0.0597371169158486,0.02591898134931092,0.23397661215669396,0.5877143847543699,0.24413921404183525,0.3489232541886925,0.10877046398726697,0.19950345527457358,0.2763706296762191,0.34663250982185384,0.0,0.5190589469135517,0.2589165266482289,0.056080805413965706,0.01710446993362935,0.11453218414672867,0.06374606278365774,0.5634351725415693,0.09389380427652688,0.23675270017046934,0.05443176672632144,0.06264689282515712,0.017507205737856024,0.10838649309167991,0.05569190130529056,0.049594569714351944,0.4238917190744993,0.03223227393911254,0.15316335369575734,-0.01590121848264231,0.15495620042081643,0.642695447997453,0.3140277211491709,0.23348851589113592,0.17653401248301798,0.17719009403540592,0.43446422740734836,0.30671350852999757,0.5759374521819791,0.18649790730158933,0.39160909884354034,0.4940727270322528,0.17728511972592775,0.5303111911140103,0.338155482977472,0.29489221820919664,0.15323114357884787,0.3788920586660032,0.3614357331827268,0.3014762159567035,0.20581658516589685,0.19301854572141042,0.2922965429126485,0.44186594425242526,0.5271680177149579,0.4629134457141529,0.4904737096363534,0.4242487535460425,0.3428374759924492,0.15220197120341444,0.3478613442871181,0.4875233476556562,0.34539390854766683,0.34815783662303973,0.4406169502393195,0.0,0.11925091638602958,0.23580652019076342,0.15283303503121426,0.18219274820868925
0.4192265720956428,0.6445362836500144,0.5761013478582041,0.5454332880656736,0.6381116260351821,0.0023407903611356584,0.1280022546276925,0.054963733280220695,0.1182198466722783,0.586920784197783,0.49675716056610936,0.6571906049718143,0.16393457743285955,0.7717072941115819,0.06472951495274176,0.6467559613764151,0.3158989233803824,0.6957731680992805,0.6092951604139714,0.07125739768525668,0.6072653382031202,0.23283466778719347,0.033528500741816014,0.7030879595816343,0.6784601254975975,0.6365444262698279,0.04836249826632555,0.0489037375549074,0.03573391663006309,0.07217038353027472,0.0760251567249412,0.3867234488867456,0.575369510612441,0.35727059232885283,0.35225119807400734,0.07705524141590547,0.15620316277171042,0.5062584917720991,0.44083879267125925,0.5707561034770866,0.5364518163138414,0.34867104110641745,0.5204408642805101,0.5758662669133967,0.5107091311471719,0.5003207137886196,0.2269086994231518,0.11863351703295977,0.7674984024309024,0.4609915482074454,0.15010837989157094,0.4833212478959079,0.024063170024555325,0.2210200598388561,0.5018753902724314,0.30768583380242565,0.6293964347878325,0.3020175534807247,0.4308065446776793,0.11652629574647344,0.2445016594543803,0.45852331443024036,0.40789718617652965,0.19459446188898316,0.32403921646313727,0.09181037125205077,0.23491439405924458,0.13463966709195008,0.5631609264191704,0.36529978984188227,0.3856429911740751,0.11925091638602958,0.0,0.22625080067642184,0.2130514982271719,0.45464629817616575
0.5806272929599026,0.27820019792286527,0.6409261962139938,0.6177027655215976,0.4801795609310753,0.04738580139884385,0.10389161604313618,0.07060188771482057,0.6011358474210253,0.4297698521367709,0.39387380098065344,0.526806343525282,0.06874982595306622,0.0,0.07509725456278388,0.34647802293644475,0.5025090798388157,0.5363836696044404,0.4976273413257667,0.13882714714915345,0.036304933386752336,0.23488698533443264,0.07645271771886575,0.6439948652016447,0.2661552282951535,0.42049277787807027,0.051616179403412454,0.0629660063634232,0.03514683082754677,0.04162637244653322,0.15817005249717225,0.11120637359694113,0.4671450947837448,0.14953923329423524,0.16129677889450844,0.4923673841299673,0.5766778527151306,0.506070880157266,0.5201981462828333,0.6068837527371866,0.3068134121921108,0.2684359311101287,0.6226230619255204,0.5084962655358141,0.6346374919751494,0.39322037988401004,0.5624110270341686,0.2065248362936506,0.057705291852154894,0.6021273729842794,0.2892271701725902,0.2974594906604063,0.24261306645232256,0.3802348111257348,0.4518643031975628,0.5404532298553408,0.47766768341189225,0.37804123583714033,0.38755269373121537,0.19443645780619317,0.520497137390834,0.5600108549565864,0.506010927295645,0.6422459505713082,0.4040945340426392,0.14249297604763533,0.5158252747808504,0.1111178044441341,0.38913026212446944,0.4849470821730839,0.5434779088698606,0.23580652019076342,0.22625080067642184,0.0,0.14150776561245143,0.386929405927706
0.0,0.0,0.7212218405724883,0.0,0.0,0.5322384599358567,0.7931646651650613,0.5241284524001669,0.5138046942726807,0.0,0.0,0.0,0.5623212971199938,0.0,0.5671456341288075,0.0,0.0,0.0,0.49994019251071387,0.4992619419066059,0.4638041064175512,0.5738802758532773,0.639090118223871,0.0,0.0,0.5014621367516742,0.540751977584723,0.550501341255656,0.5225650088621034,0.45338980723715117,0.4149909919607797,0.5205599143218195,0.0,0.4938644423933949,0.2516027048056486,0.16832068427296218,0.0,0.0,0.1434655264041187,0.45848482305637844,0.13848798975943477,0.24218954906886886,0.4993459867730561,0.5298922146129651,0.8807701147013463,0.552107184868314,0.6881128147504257,0.41536979178387046,0.6505093723548263,0.33724598210687956,0.18931338664043212,0.5852563785077171,0.5023690630597238,0.5830048985506284,0.6197927550353103,0.43013741222250124,0.5212851344563448,0.3393489293924333,0.4779094207966645,0.50547208252781,0.5457535939366166,0.524119422702009,0.47727074945000436,0.5359960565292698,0.5610585413306679,0.529460964875932,0.7357481557386109,0.14301535256449566,0.3717725653904371,0.41477117383277246,0.586967331165952,0.15283303503121426,0.2130514982271719,0.14150776561245143,0.0,0.11650933854433698
0.5364597405150684,0.12467170619600543,0.4613960723743259,0.0,0.5359712783430303,-0.01778640899015449,0.5358383419540823,0.4866585723492493,0.12282382585689144,0.5569951111758298,0.5793631587100528,0.5483274459140902,0.10034410623652745,0.0,0.06679202181745114,0.5615392669038486,0.6326530343163703,0.353680781956667,0.5988033242071461,0.1250919587752562,0.026641972787562584,0.16941515958444459,0.08004521673624415,0.6136627931676518,0.14493656872425204,0.1706374690268767,0.01035471302111024,0.09024442362390828,0.023850882954986496,0.4225105192476451,0.25290735890741767,0.4309193689829054,0.4894600373730703,0.43639262298985304,0.7235897495197687,0.6522536949045222,0.3094535340518256,0.44216614247897773,0.4243688636397221,0.3103172976544411,0.3170560205607587,0.5852183070180332,0.5192539458502625,0.4044126791188522,0.32685341811174834,0.12706771680558893,0.3921804614462883,0.13532593728610232,0.4722817588220293,0.3342485575158551,0.2575832933389906,0.43911302063469143,0.016534412338514992,0.18429597145337706,0.4591461633263875,0.24192397113318026,0.6689315368972553,0.4667407558032046,0.34685793092201744,0.24240544253664253,0.3296675114915003,0.3663098700706769,0.4424447756223667,0.1641158349009884,0.45883186045459484,0.22546582858730435,0.3603779567516626,0.09840951622521044,0.44892518958123784,0.3910703779732233,0.35678913807824986,0.18219274820868925,0.45464629817616575,0.386929405927706,0.11650933854433698,0.0
