0.0,0.5134336624842682,0.3690691324798483,0.0,0.3726735689922903,0.3938313155321016,0.44505431819918817,0.845181089964801,0.4360571217730866,0.39006911189690396,0.4458402412710953,0.36620583146823293,0.5273493528943523,0.6769091006662933,0.4082063755290555,0.6358630825307123,0.3651962466439488,0.6019167364254958,0.0,0.5174026265682666,0.5551068180927861,0.5892960998293717,0.7196369099246641,0.40292382762579837,0.4650125832120387,0.5941807571099955,0.5106331768868182,0.44572166485720344,0.5029071847023423,0.6877686682734027,0.5546870022561018,0.6749887132206426,0.6435276556123308,0.5106367814972836,0.5822719748812796,0.6613915049116885,0.46025884701874553,0.48884977384402883,0.583026030076589,0.6765422413294807,0.7112724128631965,0.5191969888641931,0.49097518105856636,0.0,0.4431095588817497,0.6143673383693365,0.6862637961370117,0.0,0.0,0.0,0.49888395335622987,0.0,0.5918086780699204,0.0,0.39236619481866986,0.0,0.5237061356440122,0.7490037953945619,0.0,0.7083086394438518,0.673213530721979,0.2434311326250974,0.7594341030487138,0.0,0.5833220511280729,0.661816562587728,0.6327025828854717,0.5868507936845886,0.47568472821646235,0.6822702064237772,0.7471229033487238,0.45139146932219043,0.4426601421826978,0.7701432567453874,0.0,0.5432231109267955
0.5134336624842682,0.0,0.48687775591142546,0.3523205714142922,0.4796688421467633,0.4733519597090374,0.46734121113242644,0.7163505525583705,0.45496629745062567,0.3367153207074932,0.3123973201373291,0.4828999232187972,0.5199599258683011,0.6379256670097422,0.44627784971166856,0.5915764237768903,0.5473828679111709,0.5881570690990936,0.5878820575074982,0.5156829570468072,0.628588623914722,0.6439256698387158,0.5618769173250681,0.3942081665771649,0.5823817477247145,0.5122251995690529,0.4555639695575809,0.5159248713726329,0.5052050501529052,0.44689077630442753,0.6009689647061655,0.6175106864602433,0.3892058871835613,0.5698848276811641,0.5648832363389921,0.4990026387565195,0.23134360270981097,0.0,0.49634865381265364,0.5340597779338075,0.5140181993070494,0.5718238474155911,0.6736052740983778,0.0,0.0,0.5013732094010164,0.535125935930942,0.0,0.0,0.0,0.5614347488455101,0.6413959775114865,0.6023356892615028,0.5497321520310648,0.1718412143643422,0.0,0.20669013215019272,0.6101993999372235,0.0,0.5058415089517228,0.5684229010969191,0.5900004576764255,0.5191352947254284,0.0,0.5602583798355909,0.644399147970463,0.6039015731839322,0.554919634393269,0.42178924887540786,0.4566543465611388,0.47999308058547363,0.508667060854438,0.5780416665852309,0.6333464343980036,0.0,0.6033875315865123
0.3690691324798483,0.48687775591142546,0.0,0.5932345231744041,0.5436432358922725,0.4177083246915745,0.58244915294614,0.5748572100112542,0.3961404203023456,0.5374892464126376,0.7757076103958149,0.5779760134405221,0.5936717687578779,0.5517888748302596,0.3461155598366858,0.39349410447520244,0.7301343583480661,0.5458618079423248,0.5416925640610861,0.3756272524237166,0.43470598904694296,0.7195914862067458,0.5810751569121579,0.4258577956774923,0.425708490485022,0.3963897979430867,0.5745076950475546,0.6992641626958063,0.7126632180128785,0.7617929990756551,0.6990467204641593,0.701486390821481,0.469618456923315,0.7040762953509023,0.7234269805528961,0.6418933365236049,0.5825940310555987,0.5575349967489694,0.6523097465381403,0.49960891698664434,0.5259227125645721,0.580656352045917,0.6742223405259973,0.6374558875285101,0.0,0.0,0.17669184287757417,0.2138610746406584,0.49797604488936875,0.5053388089265884,0.7415460192532203,0.5530541142093932,0.630167519935132,0.731147104374485,0.385585077501941,0.6952125263961728,0.5089469277662312,0.5770411194204529,0.5561199147851161,0.3017889405632075,0.0,0.0,0.0,0.5897845730514151,0.7262927092294509,0.5063226420535937,0.14762453769660694,0.6507246183199651,0.0,0.6545505323192854,0.39917193202520307,0.7081195961327412,0.5532873972267778,0.6380760334428865,0.7422830112201337,0.445690526467563
0.0,0.3523205714142922,0.5932345231744041,0.0,0.5465774766354773,0.5877155494038618,0.3951523854392107,0.5654573015477581,0.6751851567075507,0.45013068041013293,0.5749623298365587,0.23668663234632792,0.5403437455620086,0.6389619737977904,0.5833547946736803,0.0,0.16849287404571184,0.49502093245190015,0.5411467640591162,0.8987991501043602,0.35309517125574474,0.7626551780378742,0.5850123801983014,0.2564147087972757,0.9057588607810201,0.5896770889080681,0.5861374201805367,0.48385353383719,0.4439455750804714,0.5122916507333382,0.5486009558396592,0.4456842817030555,0.13551649699885143,0.2783465063957534,0.7546502817502589,0.39248969346959506,0.3941570490755455,0.2245002596225887,0.1627125081282525,0.3182575850682844,0.4077867247635945,0.3125464877467295,0.2987629010985718,0.24782338526557293,0.0,0.0,0.0,0.515029314819713,0.0,0.0,0.5727899521218124,0.0,0.5055595589099171,0.0,0.0,0.23102835415586528,0.539887769297104,0.5348509957039591,0.0,0.0,0.0,0.0,0.0,0.0,0.0,0.0,0.5001585225251575,0.6609682763827653,0.0,0.0,0.0,0.5173728773748679,0.4872255545226544,0.6457443541491326,0.0,0.0
0.3726735689922903,0.4796688421467633,0.5436432358922725,0.5465774766354773,0.0,0.44865532097828253,0.3779596943254105,0.4132840376041381,0.5050612717506422,0.6456097174563997,0.4874161787335343,0.45352514401347643,0.5578443801094783,0.5449307399226744,0.5121439367003574,0.5374511467073781,0.5383954077611249,0.426078513332763,0.5245019293874288,0.5202581678694738,0.5409083570216238,0.4894158015771607,0.59014229872664,0.510617615000929,0.4323571907971981,0.43752365664239,0.5187626275024001,0.5195631172156403,0.568321976276941,0.6394579507275715,0.547761867138657,0.5020754457685515,0.4227668904538135,0.5605650505208456,0.6379460847966583,0.4434617825867293,0.7513878598248,0.5341495921991937,0.5349413122929729,0.7027944717082737,0.5345055357083439,0.43232254869487713,0.534601352570663,0.6767477331546272,0.2781222342525266,0.0,0.4440732805309907,0.5629979577324369,0.0,0.5472293335731562,0.5874860591934621,0.6310145580486219,0.5456942269646167,0.5663279056994381,0.0,0.48352306937276596,0.37386286821241665,0.6664243092088021,0.511341613846491,0.23385332763464328,0.5239821811041353,0.0,0.0,0.6088066362836447,0.33899724710520523,0.46795885918794267,0.2995969089886331,0.7141605438758039,0.0,0.5017962135798759,0.5275492954661133,0.5266912553361531,0.6197860485953254,0.49211558501836933,0.0,0.5593844157566995
0.3938313155321016,0.4733519597090374,0.4177083246915745,0.5877155494038618,0.44865532097828253,0.0,0.5514360049991406,0.6439489517398109,0.49869486754711057,0.6055048241550348,0.6112424110437825,0.9320003180980756,0.5879033470251702,0.4957289335064871,0.500542699012144,0.5444031049288905,0.5649514980243578,0.5270328138627859,0.6454584026409694,0.6058930721780117,0.6656457019193956,0.46969933867083463,0.5758378635432002,0.34798250996739394,0.620788736308677,0.5839559200733535,0.6065405337536436,0.6492545222856962,0.5730400426622984,0.6916053381179309,0.6719597515961772,0.6322515413122952,0.7797212840593787,0.658261303922534,0.7481853858646532,0.6253212559076411,0.6444683384502594,0.6716952973046662,0.6564946979043738,0.31747512324159266,0.6602640650017614,0.647379351301271,0.6776433979165415,0.5840856299106201,0.24836567957290903,0.5914668476915795,0.4818858741367842,0.6108137843315696,0.6351930432250587,0.4440074390074329,0.6098596063493575,0.6385758647840367,0.6932307274026971,0.719262992736553,0.7085051787570543,0.6352057856600641,0.35498596352034056,0.615860113554028,0.5908039148185864,0.30110961102640926,0.5036661752977992,0.0,0.5245501661361563,0.6373005365738957,0.6335926478337013,0.4713757654106355,0.5602447988049224,0.6554955093529374,0.631914831608022,0.4330099247294943,0.46163177039656966,0.6443705016678041,0.5429964207442458,0.6795996918214986,0.4598813952542209,0.6582649233253083
0.44505431819918817,0.46734121113242644,0.58244915294614,0.3951523854392107,0.3779596943254105,0.5514360049991406,0.0,0.4166044671146868,0.5279828601721663,0.4897270040559403,0.5073317520911751,0.5251331425806847,0.5158204529797377,0.4622887990202719,0.5136197648357128,0.571210739744368,0.5517400930339214,0.4534955247516283,0.5494899276601118,0.4706080518742952,0.3868016434565665,0.5176701138095815,0.45534527418282406,0.5767200178209283,0.5523444957472715,0.5829189878758949,0.45840312911868636,0.48683489938882396,0.46310123644528856,0.4373739899113815,0.2628167581532759,0.5075821168361956,0.39581673395466543,0.28491376552511216,0.5169876713036785,0.6146443441645132,0.4334474170946053,0.43587097852928103,0.6534414201510896,0.45254747137198514,0.5956339549723196,0.6130693057992608,0.6015611089980615,0.8927393164750915,0.35174331097567607,0.0,0.534182214872061,0.4412922813668585,0.0,0.5684810740110846,0.5714858404099659,0.6043065761326917,0.540398195613949,0.5773818920788779,0.5920666844730196,0.5555003555413405,0.47783884743342236,0.4949528115957476,0.406269449596587,0.3736513360012921,0.591846379355669,0.0,0.574717109470315,0.593134976864158,0.590128232264556,0.5343933672897855,0.5503327224646395,0.572801294481417,0.5134268841878133,0.6111094932577238,0.5038629404642131,0.52819575369151,0.546755610118401,0.4258212887172943,0.7117152516965944,0.5311280051901259
0.845181089964801,0.7163505525583705,0.5748572100112542,0.5654573015477581,0.4132840376041381,0.6439489517398109,0.4166044671146868,0.0,0.6731938236919867,0.520027333582339,0.6437615057438997,0.5702304463410781,0.49510841699163277,0.767558330804936,0.7214660768975437,0.8058870198750768,0.4543706706745366,0.6878077295748639,0.47882341638143744,0.6898414458126997,0.66865279415703,0.7715843594405114,0.6474326376701378,0.5440817910405101,0.7291418092211649,0.6934608338874638,0.5650549581024495,0.5007264149298378,0.582687274472715,0.5235811506030619,0.5861873772345437,0.6923166963872887,0.44728415207596917,0.5771103244186576,0.5339504015633071,0.3127002393786785,0.5471296197811315,0.5807483444277481,0.7642686353349433,0.4676485966960657,0.43534797180620105,0.5722399177174383,0.8082295161049362,0.49478217097563715,0.0,0.5902129498509344,0.32770836675963516,0.6789644407192401,0.0,0.6228235607714948,0.6808547546873762,0.6707672328374845,0.7081796715683218,0.6753838437277141,0.8558412128556276,0.6228539986440182,0.9246939850322701,0.5149685927122187,0.3257131671279244,0.6568854306796006,0.38416877494496926,0.0,0.7218449046713206,0.7310300692038283,0.6596073834746963,0.7266487587472883,0.4287990494776125,0.7685743266393446,0.0,0.5281849788736261,0.37394397603576646,0.7117340094768397,0.5241571847529864,0.6378229675090612,0.5140994533821784,0.483325942986007
0.4360571217730866,0.45496629745062567,0.3961404203023456,0.6751851567075507,0.5050612717506422,0.49869486754711057,0.5279828601721663,0.6731938236919867,0.0,0.6470573790537825,0.3719015642668664,0.5944060275663062,0.5914392358531322,0.669099942257656,0.6852552377887545,0.6317978486427628,0.4898246075122757,0.5728615539726862,0.36948602327555313,0.6078192011291709,0.4007896286062567,0.6397087382777573,0.6456357863290261,0.7336915745070379,0.6895067292844704,0.4558174608246448,0.5647611949802845,0.6569258582718773,0.5840648182983881,0.6417782709731104,0.6789147459067727,0.73296799539611,0.503684960157441,0.7040862381024063,0.7326001095581023,0.7258813376666757,0.6876250896929152,0.5925286691536575,0.3358192394328255,0.578034847413991,0.5178540061956022,0.40980303693311193,0.618651240109947,0.476184641548062,0.3262857742102018,0.0,0.4870763927637479,0.23274128059604837,0.5100332330592584,0.6306217325304909,0.4797112696180071,0.6166610830483666,0.6471940828244204,0.5381369225804398,0.28266367021722166,0.6213676997653175,0.4719629421453655,0.5148905289826011,0.4735493626427222,0.4022755921034417,0.648957139726189,0.0,0.0,0.44297358138395865,0.6130711369822632,0.7177907706889015,0.5459774447944218,0.6755203316282705,0.34393847627802543,0.5615302097989818,0.22277582198199802,0.6033558102438186,0.5003929753285853,0.5627686609314375,0.5150038318460669,0.6245264403261486
0.39006911189690396,0.3367153207074932,0.5374892464126376,0.45013068041013293,0.6456097174563997,0.6055048241550348,0.4897270040559403,0.520027333582339,0.6470573790537825,0.0,0.6313702840624572,0.5948477970686269,0.7101966891888079,0.48635839306064155,0.49742392342648256,0.5722108665227011,0.6803200968081878,0.665945180744562,0.5634893137320355,0.04375413176700088,0.5385953660769509,0.41090187629798025,0.4709712689416399,0.507045171297154,0.6719327368899078,0.6148209184212532,0.41267915401149596,0.7371109271239308,0.6448907796274435,0.35764208953062454,0.7855866779957216,0.4662238686909378,0.7788963576281211,0.6565080054563212,0.39898117464217864,0.5305934991674779,0.4196931381683539,0.5320513696880662,0.4759577279022373,0.5471355187346332,0.7010088013093633,0.40914859054170616,0.3579153720001785,0.36824751530494454,0.5650618715201927,0.5402647385379097,0.5146422301121651,0.23482538153852242,0.5004292794236878,0.43008421523562046,0.4607385064063337,0.4571294259601078,0.5951483237085456,0.2731032394476037,0.5481456879751123,0.4816036576016456,0.5353166670586388,0.5262158878634544,0.0,0.929650054977794,0.5612752630473773,0.509112792470889,0.5176312862426897,0.4914049814428921,0.5056075187097038,0.5702917822586284,0.37601777084263566,0.5923896359015349,0.46304048512885776,0.4872018959615805,0.5672510495876313,0.5978066944841615,0.6054031085884273,0.4589884810435224,0.0,0.7224590081736915
0.4458402412710953,0.3123973201373291,0.7757076103958149,0.5749623298365587,0.4874161787335343,0.6112424110437825,0.5073317520911751,0.6437615057438997,0.3719015642668664,0.6313702840624572,0.0,0.5913331903462582,0.5109884017104954,0.6394724275545439,0.0,0.5232927157641125,0.5417653183840372,0.5874369372019459,0.5032035785061089,0.5222656065323535,0.5927636917159679,0.40920231525099426,0.6952355982546061,0.5003749174212545,0.617433641029227,0.6020878831542377,0.7726927524677334,0.5231096414227994,0.37219866469593904,0.5297777578158892,0.5680049345378879,0.3787714485202519,0.44512904106897555,0.6286113336166498,0.626490962133975,0.5384616844464633,0.6584611701665534,0.5362570468217379,0.5915322121025189,0.41303396366204814,0.5159330590744053,0.5241199505064026,0.5239196668218505,0.5836517058748532,0.23153168432047383,0.0,0.0,0.8916216465204602,0.5005146663990825,0.40641018843619287,0.6280879161864396,0.49546079463877757,0.5281545879389365,0.5994361602758845,0.5810628795064219,0.516219426567427,0.47009623735440015,0.5448242427471681,0.41196317159171825,0.0,0.0,0.0,0.0,0.5806598095211544,0.4136805978185154,0.0,0.7630232552601938,0.4754612199293519,0.0,0.0,1.0340279827585623,0.49501915776508454,0.4636954221959762,0.40242087850376057,0.0,0.5591437746500634
0.36620583146823293,0.4828999232187972,0.5779760134405221,0.23668663234632792,0.45352514401347643,0.9320003180980756,0.5251331425806847,0.5702304463410781,0.5944060275663062,0.5948477970686269,0.5913331903462582,0.0,0.6517152715993204,0.6428225863202304,0.35835440623721376,1.1337493774028116,0.7576107907885161,0.7207725048187827,0.9385493024195715,0.4905679590713159,0.4664914898526346,0.3787936471125322,0.34388859394795346,0.5018127676461761,0.6772137095245114,0.5222973043076601,0.8781060362773512,0.7323666660786675,0.6067397728308878,0.3119054790311596,0.6216386191977912,0.5607853518478554,0.6468731903335873,0.49679552884397876,0.9405244084047844,0.38975668026856536,0.4621734765525033,0.3671610310852929,0.4493989955926126,0.49796230232151734,0.4649260989747359,0.3858763422598209,0.43888419873133555,0.9507534260590043,0.6314274403590786,0.40166259335132315,0.5692635519439424,0.28993168979248113,0.20598948486290802,0.2676643186872616,0.3390922993902816,0.5201623446614272,0.23643407734230437,0.4326552509107473,0.5445845249680176,0.28360786935797777,0.6419220559618198,0.547815041200608,0.709210927191636,0.6646409629478331,0.5495838117236934,0.4847408204286032,0.552404080324833,0.35597294025746584,0.7592006427487725,0.7821064494286352,0.4190911583363592,0.5329917832018453,0.44049617643828676,0.5395992976997994,0.597428377613104,0.38884163064934774,0.5619896424526731,0.5696630893637245,0.0,0.7168726776546228
0.5273493528943523,0.5199599258683011,0.5936717687578779,0.5403437455620086,0.5578443801094783,0.5879033470251702,0.5158204529797377,0.49510841699163277,0.5914392358531322,0.7101966891888079,0.5109884017104954,0.6517152715993204,0.0,0.5197851787506504,0.5337521216244813,0.6007906990361142,0.6449664852323326,0.623792564556185,0.5835693224792139,0.565430588108897,0.4882695942485217,0.5370838648826958,0.5068745025092398,0.526457294934023,0.6762161440693468,0.6801809326319509,0.5052667194538869,0.5837298757029326,0.5628503808541475,0.5636821361532424,0.4583058905938854,0.558132604797748,0.3155492023834865,0.5475815629901108,0.6846631840943049,0.6045620177320681,0.7024406751446887,0.5159565200439098,0.49841193064170325,0.5380002603953851,0.5487457552034726,0.5542303642493878,0.5961604159714887,0.45826827423541744,0.4456786681375595,0.6335741372082702,0.5890270069321238,0.5499111420483148,0.0,0.6877696167141149,0.5766530848642206,0.5623079941062848,0.5460624379376421,0.6286178202548871,0.5190004047840655,0.5138603934873152,0.5046312685602602,0.6018215282142957,0.49035781799716144,0.4718262952813071,0.5620490095129025,0.41156296812263216,0.5393046763449857,0.6315428857832093,0.4808083416466766,0.5732739949938311,0.5176554928901641,0.6165637611076186,0.4956913296447833,0.46065654105120235,0.47462489367690447,0.6240272993379694,0.5838977373461965,0.5321212361231384,0.5343477422865263,0.5077129022723071
0.6769091006662933,0.6379256670097422,0.5517888748302596,0.6389619737977904,0.5449307399226744,0.4957289335064871,0.4622887990202719,0.767558330804936,0.669099942257656,0.48635839306064155,0.6394724275545439,0.6428225863202304,0.5197851787506504,0.0,0.5400697275629941,0.6754249023725922,0.49040656551488876,0.49805758770124503,0.5016896341999747,0.4060925655453015,0.5533252120328,0.2855462589782264,0.6393840829180594,0.6806148880718713,0.5388880606056008,0.5443081089807245,0.5398917176629678,0.5880154752428303,0.35860417040120407,0.9003023700570656,0.49448271413499795,0.2561341939591947,0.22953335144671838,0.6651235482301179,0.3696492715295947,0.36486183167293573,0.2999178410502995,0.43440828132457177,0.7216692280275556,0.0,0.7147731896376839,0.8350218784438223,0.6490957888291834,0.4978725005082616,0.0,0.0,0.0,0.5028285711108731,0.0,0.5863443816015869,0.48333135808589006,0.5053107043049702,0.6256724153422623,0.38497786696047176,0.0,0.5701344253178408,0.40073226403901274,0.7753152527386529,0.4773483959461618,0.0,0.0,0.0,0.0,0.5153971830466576,0.0,0.0,0.0,0.6324045706680139,0.0,0.0,0.0,0.49225266416082997,0.7931640730301376,0.0,0.0,0.0
0.4082063755290555,0.44627784971166856,0.3461155598366858,0.5833547946736803,0.5121439367003574,0.500542699012144,0.5136197648357128,0.7214660768975437,0.6852552377887545,0.49742392342648256,0.0,0.35835440623721376,0.5337521216244813,0.5400697275629941,0.0,0.49377602767957923,0.40301290014538954,0.46116235060956107,0.0,0.6359488971306027,0.4244628400393408,0.48450098726601726,0.5306563729371642,0.47313547860623395,0.4693246239230968,0.322595379843271,0.43630716908333195,0.29156091773559906,0.38683681660294633,0.5311411445361656,0.4729164288316706,0.2994681209194779,0.4117775966764451,0.3728499634527189,0.4395342461063685,0.6387570575281001,0.7322231178264065,0.36964282044675484,0.36025412949923846,0.49849107476985766,0.47000801318819074,0.35038598060892856,0.650243091726082,0.6171792352833394,0.0,0.5869130730492932,0.45743220969315934,0.42691531780352276,0.0,0.0,0.3494784230897182,0.6968026483116596,0.5413922444775859,0.5332167299147114,0.0,0.0,0.7111534865852241,0.5658217656598775,0.4946593129073312,0.5998107237603164,0.31909628910412635,0.6689878888386576,0.6989010561400887,0.0,0.6177868292347763,0.5132889248590798,0.6646892564938498,0.7207863350651272,0.4765763873878901,0.08593477139216854,0.3581855171826443,0.5342509858405385,0.5506555650609863,0.5315461779402757,0.8155279361342574,0.4585150483326646
0.6358630825307123,0.5915764237768903,0.39349410447520244,0.0,0.5374511467073781,0.5444031049288905,0.571210739744368,0.8058870198750768,0.6317978486427628,0.5722108665227011,0.5232927157641125,1.1337493774028116,0.6007906990361142,0.6754249023725922,0.49377602767957923,0.0,0.5358499071275966,0.6604621598848995,0.5276482848402448,0.42050102034185677,0.5876036613527791,0.4725364525989799,0.5903638404480321,0.48733657639235073,0.6694069644680181,0.594610220206956,0.5585242855806185,0.5409508242097683,0.5393191386092527,0.5466336145934595,0.5200228735397541,0.6195402991864468,0.34218291315962895,0.43870991903843987,0.543767855734126,0.693598430020067,0.4687337212596814,0.6066307558105787,0.5771438834696911,0.5237439862848321,0.6145390155216718,0.6745515710644229,0.5011822022681729,0.0,0.0,0.439862228792884,0.6206182033454573,0.0,0.0,0.0,0.5229211378453121,0.606790932844999,0.8897908513889078,0.0,0.5184791160121479,0.0,0.36120139763205594,0.5989441862832412,0.0,0.5599205672818051,0.6257937426006649,0.6269458088048867,0.6253817147007157,0.0,0.5258977769131833,0.5116319819739235,0.5940845622552938,0.5719708911104374,0.3980356288451453,0.6283440845498414,0.6700979898058298,0.5535946638587866,0.5319356137835961,0.5915429484961351,0.0,0.49977505438988074
0.3651962466439488,0.5473828679111709,0.7301343583480661,0.16849287404571184,0.5383954077611249,0.5649514980243578,0.5517400930339214,0.4543706706745366,0.4898246075122757,0.6803200968081878,0.5417653183840372,0.7576107907885161,0.6449664852323326,0.49040656551488876,0.40301290014538954,0.5358499071275966,0.0,0.7669442678564925,0.7469731296390525,0.39929443832700295,0.6038426437249171,0.6316114738242382,0.4931909095718157,0.6476862730198012,0.6703606020098902,0.5901121286143085,0.6384330518306357,0.8082019245807289,0.34619906858728716,0.5085385879374358,0.6454426709927812,0.7434564384335507,0.730136316744405,0.6917153149014899,0.7166154531428925,0.6107489261706676,0.2619415188776372,0.5868230244856697,0.5410525799080494,0.48674102058006824,0.4785893723121286,0.584573657162239,0.0,0.0,0.5019525111095964,0.6444323641654429,0.62593995697802,0.0,0.0,0.0,0.0,0.0,0.0,0.0,0.6231229714811367,0.0,0.4397970912141218,0.3224296346194401,0.0,0.7520145286548326,0.4847228114749321,0.5613256299777752,0.5081075821843973,0.0,0.0,0.0,0.5883065702555514,0.0,0.48168386174927846,0.674223727446709,0.7181757275088549,0.0,0.33076138913554026,0.5073283137240988,0.0,0.6209027291880869
0.6019167364254958,0.5881570690990936,0.5458618079423248,0.49502093245190015,0.426078513332763,0.5270328138627859,0.4534955247516283,0.6878077295748639,0.5728615539726862,0.665945180744562,0.5874369372019459,0.7207725048187827,0.623792564556185,0.49805758770124503,0.46116235060956107,0.6604621598848995,0.7669442678564925,0.0,0.5271200925732109,0.49769884740833303,0.8574458801018316,0.4680623554690564,0.8422511317722597,0.5551509675493341,0.6405892563676697,0.5444119372440092,0.6096200700939508,0.5276106929999832,0.504875297324101,0.5988299023557009,0.5328645860777474,0.7495298723103232,0.5605482844204226,0.7028651943319267,0.6421438806059635,0.671493013151464,0.2925609537519053,-0.08240115767399026,0.802343754411033,0.5741376588826546,0.7191057313047055,0.5996039134520452,0.0,0.0,0.546141356445257,0.6174986298288696,0.6663034223535093,0.0,0.0,0.0,0.5586833433446116,0.6102464683931578,0.9177685630317178,0.0,0.5445702408351893,0.0,0.3796752132418696,0.5792434095237762,0.0,0.6078097357944169,0.6965643897142779,0.4956907550365117,0.6817794315285772,0.0,0.4374672288379834,0.5810202567565703,0.5963263869692904,0.7431734355100736,0.4607381515444212,0.642393911315281,0.6883620743509403,0.462624892033938,0.6709298560086575,0.49087652188356107,0.0,0.7106556406115468
0.0,0.5878820575074982,0.5416925640610861,0.5411467640591162,0.5245019293874288,0.6454584026409694,0.5494899276601118,0.47882341638143744,0.36948602327555313,0.5634893137320355,0.5032035785061089,0.9385493024195715,0.5835693224792139,0.5016896341999747,0.0,0.5276482848402448,0.7469731296390525,0.5271200925732109,0.0,0.5186671685718427,0.4638029136384072,0.6695672379459644,0.5507604886855605,0.4931770525929884,0.5554697524076744,0.5553129069916989,0.6651511634369122,0.6461574787343001,0.6023626999334557,0.6017144582683378,0.6461708792108378,0.7253928620020406,0.49359138023678945,0.6911155795437437,0.6627291966624398,0.6475612750147292,0.604562889401981,0.5779096505185496,0.6700548010795099,0.39470386691351633,0.4077392593541729,0.3102486679885842,0.8568164567206648,0.3772131964303735,0.4428434105360163,0.0,0.0,0.553265324019713,0.0,0.43015492307110487,0.5459177797579405,0.5143116447350063,0.5794248963028525,0.5202719975453284,1.0112329188067644,0.7968097119100612,0.5557025255362318,0.4736967580740242,0.30816716672092115,0.0,0.0,0.0,0.0,0.5613475847504044,0.5063465836336638,0.0,0.4780450702795633,0.5766245522445039,0.0,0.0,0.0,0.5523892309658469,0.5879728359365998,0.4937435683564137,0.5354183109012672,0.5524814339566243
0.5174026265682666,0.5156829570468072,0.3756272524237166,0.8987991501043602,0.5202581678694738,0.6058930721780117,0.4706080518742952,0.6898414458126997,0.6078192011291709,0.04375413176700088,0.5222656065323535,0.4905679590713159,0.565430588108897,0.4060925655453015,0.6359488971306027,0.42050102034185677,0.39929443832700295,0.49769884740833303,0.5186671685718427,0.0,0.496556774739472,0.483986451252537,0.5025430834341919,0.524401525929477,0.6619836753078228,0.4944221514819666,0.6257904215748908,0.6164306053854556,0.5101234621411815,0.7098263570095316,0.43687182758461807,0.3691182568165906,0.36214906291949395,0.4450427440317392,0.5516946696949381,0.815201547558624,0.54781620190168,0.7796277617118517,0.5465978211575095,0.5922667595469537,0.6387650101455558,0.49305847386526724,0.5262584899809725,0.2648509903975923,0.23288162358294817,0.5370921403861616,0.5328801685897411,0.49603901569392,0.0,0.0,0.3521088922373975,0.5180189884030819,0.6023990989495888,0.4477761470202188,0.9665680729214595,0.0,0.603678833457065,0.5108077508978137,0.0,0.6086143394763444,0.49012128865801036,0.49633919749179856,0.5303872587079963,0.0,0.5863047898673115,0.5766046752877954,0.5364138715618667,0.6115577350290554,0.0,0.4608728417605015,0.30249584739166413,0.5611488247946966,0.44061991393206534,0.5614585633477911,0.5791751904422082,0.5801336144225863
0.5551068180927861,0.628588623914722,0.43470598904694296,0.35309517125574474,0.5409083570216238,0.6656457019193956,0.3868016434565665,0.66865279415703,0.4007896286062567,0.5385953660769509,0.5927636917159679,0.4664914898526346,0.4882695942485217,0.5533252120328,0.4244628400393408,0.5876036613527791,0.6038426437249171,0.8574458801018316,0.4638029136384072,0.496556774739472,0.0,0.5055237328445266,0.6352787967447159,0.5165067288898247,0.6063723156161651,0.6173686873384886,0.5268240820002618,0.5057169479204883,0.47800119017054704,0.5289065638629795,0.48306106361754225,0.41592547171455735,0.5985890765723136,0.43093695872216475,0.47274137870154787,0.5593169563199972,0.3454723175715344,0.5731103903003895,0.46262679144537927,0.5462666094471735,0.43144093587286575,0.38342766387271787,0.5980179399783162,0.0,0.0,0.3765689446081542,0.5212388774616816,0.6457550217574629,0.0,0.0,0.3799257573249458,0.4502366629243024,0.37605383052909586,0.5732794533958809,0.6159938736409807,0.0,0.7559517765543983,0.5053292890579806,0.0,0.6193308895846378,0.4933803261616604,0.0,0.5096871164808914,0.0,0.47193067354404034,0.622363019007937,0.5251875811205408,0.5559313705964884,0.8330111174379793,0.1018253560237351,0.6475791659184669,0.4363682271888461,0.5404110349758313,0.5136740677078769,0.42575463118196405,0.38013698468836404
0.5892960998293717,0.6439256698387158,0.7195914862067458,0.7626551780378742,0.4894158015771607,0.46969933867083463,0.5176701138095815,0.7715843594405114,0.6397087382777573,0.41090187629798025,0.40920231525099426,0.3787936471125322,0.5370838648826958,0.2855462589782264,0.48450098726601726,0.4725364525989799,0.6316114738242382,0.4680623554690564,0.6695672379459644,0.483986451252537,0.5055237328445266,0.0,0.6303958164299903,0.3736970555184891,0.7542529794739569,0.6813887511195909,0.45122582905634184,0.6495472787406043,0.5113326548663667,0.6065695350432099,0.5391541788555249,0.47022509965134296,0.44599685583135723,0.49778204513735025,0.538802948000272,0.6011847551233136,0.7522884553748007,0.5543773646041817,0.43508516748424797,0.5043890967306239,0.43551962315880716,0.4075230696282888,0.5907936189806589,0.3675014917337511,0.26211748806020535,0.4740238625470006,0.5654530974824392,0.5167712844583754,0.5010082981752595,0.2685139741893338,0.4035054871455755,0.7310023293897399,0.4935217628374509,0.573603963800808,-0.11587912537873768,0.0,0.5300181598700933,0.5619809893177329,0.0,0.5606681053910764,0.5515614019913256,0.44347627105343396,0.15053492281066277,0.0,0.48153718632551606,0.516766219403803,0.48739126999666454,0.6138246605137767,0.7634786106694091,0.09353969897687064,0.45497343302767823,0.4722518591746391,0.48608616947411987,0.564597248237636,0.5700215812312385,0.40083485112746564
0.7196369099246641,0.5618769173250681,0.5810751569121579,0.5850123801983014,0.59014229872664,0.5758378635432002,0.45534527418282406,0.6474326376701378,0.6456357863290261,0.4709712689416399,0.6952355982546061,0.34388859394795346,0.5068745025092398,0.6393840829180594,0.5306563729371642,0.5903638404480321,0.4931909095718157,0.8422511317722597,0.5507604886855605,0.5025430834341919,0.6352787967447159,0.6303958164299903,0.0,0.5886344648987382,0.5965777581954046,0.4895964600755388,0.5402843080072769,0.48760726989047964,0.5334834048918287,0.5230703236318984,0.5186643510763356,0.5752119411639315,0.48309582237311166,0.5476749293215206,0.6183352513646085,0.6409644770607603,0.5927309982407362,0.3057181567265844,0.6332870608766715,0.5915613255434821,0.5975182858520907,0.6082025472550007,0.6908371044888716,0.5565004378694668,0.6225656916000181,0.4986766475366824,0.5513258609519539,0.7755684783403376,0.41342219528468427,0.593026492371316,0.6345161711694979,0.6378984203421428,0.6463881230190266,0.6907003466736419,0.5851260110731719,0.7266383817421994,0.4927909744914098,0.569121611071471,0.575587284663228,0.6366431447367462,0.5478485353391117,0.5056075187097037,0.5617629046571706,0.7223054444790579,0.634357083122473,0.5977009489935193,0.5651188884796039,0.7576342917240866,0.24000876490495715,0.4444251677626676,0.4073204954284,0.6088784148842691,0.5457646060761403,0.6332580147709428,0.5850921590484383,0.5921318177814567
0.40292382762579837,0.3942081665771649,0.4258577956774923,0.2564147087972757,0.510617615000929,0.34798250996739394,0.5767200178209283,0.5440817910405101,0.7336915745070379,0.507045171297154,0.5003749174212545,0.5018127676461761,0.526457294934023,0.6806148880718713,0.47313547860623395,0.48733657639235073,0.6476862730198012,0.5551509675493341,0.4931770525929884,0.524401525929477,0.5165067288898247,0.3736970555184891,0.5886344648987382,0.0,0.5365521428259437,0.46685037925972306,0.35305043547613085,0.6760451243816417,0.581290240063513,0.8536271909759588,0.7393008523270814,0.4107719037659432,0.34473146428048435,0.39535556294627,0.7384147085454873,0.40125118493376893,0.4291154662990747,0.4205134166848686,0.9750774046642828,0.5769687003290471,0.6307290968469143,0.6353622158397555,0.5644715814297705,-0.13119312067500344,0.5894272027249134,0.5057309849740209,0.638940049054165,0.0,0.0,0.48066164473206874,0.5928750069141303,0.2954323370180159,0.0,0.0,0.5433976366559453,0.6043431940306714,0.5336251111573272,0.426231162426073,0.0,0.18395053724786356,0.7848461155986229,0.6080458069086893,0.7669422170752802,0.5358004281467698,0.2867828474253911,0.8780485730144996,0.7129572489694649,0.8648664406459594,0.38206874164138827,0.7160565644345266,0.6670517656986937,0.5248155473858682,0.7533102196600302,0.6906013760310199,0.0,0.6270781672265808
0.4650125832120387,0.5823817477247145,0.425708490485022,0.9057588607810201,0.4323571907971981,0.620788736308677,0.5523444957472715,0.7291418092211649,0.6895067292844704,0.6719327368899078,0.617433641029227,0.6772137095245114,0.6762161440693468,0.5388880606056008,0.4693246239230968,0.6694069644680181,0.6703606020098902,0.6405892563676697,0.5554697524076744,0.6619836753078228,0.6063723156161651,0.7542529794739569,0.5965777581954046,0.5365521428259437,0.0,0.4506623729291563,0.6169487252738344,0.6266574871441648,0.6169423775149977,0.7318244382207961,0.609652986835402,0.49765282384452564,0.5958715311970038,0.5938607174423693,0.6997078676779115,0.58010879487412,0.5866880219542391,0.5426846305528734,0.7211927072835062,0.5630380760625416,0.6821973542235432,0.7783721217805271,0.12003556134762451,0.0,0.49723854197635053,0.5921399834921616,0.6880502075038649,0.0,0.0,0.0,0.531314394765752,0.5806189356500702,0.6912635587439085,0.40693349597915873,0.49132710966394766,0.5028772151556946,0.5427075206193854,0.38325883187619414,0.0,0.541375647236477,0.7003548903302792,0.45541781380286583,0.6915416826262673,0.0,0.6260289171226651,0.48552950330530825,0.7559360040812518,0.4568150629555364,0.5229887003114935,0.6445904080159103,0.6514504993652023,0.4464037350271157,0.4885340716857362,0.44619468812814106,0.0,0.6727813927537265
0.5941807571099955,0.5122251995690529,0.3963897979430867,0.5896770889080681,0.43752365664239,0.5839559200733535,0.5829189878758949,0.6934608338874638,0.4558174608246448,0.6148209184212532,0.6020878831542377,0.5222973043076601,0.6801809326319509,0.5443081089807245,0.322595379843271,0.594610220206956,0.5901121286143085,0.5444119372440092,0.5553129069916989,0.4944221514819666,0.6173686873384886,0.6813887511195909,0.4895964600755388,0.46685037925972306,0.4506623729291563,0.0,0.5599086198928206,0.6903928009188606,0.6110671611055395,0.3491938198306456,0.5315892380860366,0.6133914598626551,0.5500689241478247,0.5517641510307936,0.5738062121369656,0.55126711199876,0.562280211168853,0.5040438400255548,0.5720218113310883,0.6086255526406528,0.6743091102576453,0.5186724015721703,0.22040975547101876,0.5486869164078182,0.5041326484791843,0.5906676414896206,0.6936903211188562,0.6058353565949217,0.0,0.0,0.39750020171944334,0.6474038428464837,0.35685683066834684,0.38786775052297195,0.5462191440920187,0.0,0.6167503688178412,0.6242783255067833,0.0,0.466710794222102,0.6738936836001104,0.5149065672713181,0.7100046480111115,0.0,0.42996318324185445,0.6157001239482423,0.6230803415570751,0.5204747392447638,0.6174002209445151,0.7052132503674333,0.645979694757675,0.41302896642999887,0.6295184781997027,0.5814566655598681,0.4942236826379324,0.6479406409121575
0.5106331768868182,0.4555639695575809,0.5745076950475546,0.5861374201805367,0.5187626275024001,0.6065405337536436,0.45840312911868636,0.5650549581024495,0.5647611949802845,0.41267915401149596,0.7726927524677334,0.8781060362773512,0.5052667194538869,0.5398917176629678,0.43630716908333195,0.5585242855806185,0.6384330518306357,0.6096200700939508,0.6651511634369122,0.6257904215748908,0.5268240820002618,0.45122582905634184,0.5402843080072769,0.35305043547613085,0.6169487252738344,0.5599086198928206,0.0,0.5212773510642891,0.7279538978291947,0.5378612688983395,0.5093954048611067,0.5117582641459493,0.5249333144039173,0.5463491291506688,0.580702481131951,0.4389784295975148,0.6359739714355418,0.47410064742546565,0.6245402647877972,0.48913077755101386,0.5635490348794248,0.5884349230238298,0.6485980067397884,0.5961437982589411,0.40954515545506787,0.4465521634410101,0.44519448192639133,0.583638099896288,0.5396113646890726,0.5382475222249411,0.6074278273650676,0.3485270844779947,0.5869177120374468,0.6773726784626488,0.668892366441026,0.6753680552251615,0.3393893432229946,0.6229141010601963,0.6781574256602176,0.5655540458488779,0.4680483950326023,0.0,0.5840748066430699,0.6555957920022564,0.5627277738706972,0.6158102275683578,0.516567043503836,0.6253142066986279,0.0,0.3969049414843422,0.29919557605598307,0.6283202217936762,0.5278713484013129,0.5519628098514444,0.4370814072016836,0.5451480532549174
0.44572166485720344,0.5159248713726329,0.6992641626958063,0.48385353383719,0.5195631172156403,0.6492545222856962,0.48683489938882396,0.5007264149298378,0.6569258582718773,0.7371109271239308,0.5231096414227994,0.7323666660786675,0.5837298757029326,0.5880154752428303,0.29156091773559906,0.5409508242097683,0.8082019245807289,0.5276106929999832,0.6461574787343001,0.6164306053854556,0.5057169479204883,0.6495472787406043,0.48760726989047964,0.6760451243816417,0.6266574871441648,0.6903928009188606,0.5212773510642891,0.0,0.5547852636055444,0.6436402787546857,0.5419884344962929,0.544048497830059,0.5020836812957479,0.33715720420794265,0.46714844106380027,0.5693616107481424,0.3780075283561357,0.5049744078782814,0.7912751028215299,0.3845120906420505,0.5235831894968792,0.3308638336445884,0.5651468303158154,0.44892890004414504,0.6687411478963415,0.6702696936434304,0.5442048636686668,0.5244095668053423,0.0,0.6764171204579124,0.5961498584758943,0.5697590669492268,0.5356239092757986,0.5375090172834426,0.6081837181862221,0.5442117630077767,0.4476730030051087,0.5308163128913421,0.3617986081224303,0.49868796827564094,0.442683072986936,0.1867625159444707,0.5219345679361324,0.6569251208620412,0.6902851323048053,0.5129897789070186,0.503404954677614,0.6153341187725889,0.5547891220027463,0.5161706530580085,0.4042190046186775,0.6105322572485031,0.5040031851655649,0.6200092176296143,0.5242723884643391,0.4855779677824055
0.5029071847023423,0.5052050501529052,0.7126632180128785,0.4439455750804714,0.568321976276941,0.5730400426622984,0.46310123644528856,0.582687274472715,0.5840648182983881,0.6448907796274435,0.37219866469593904,0.6067397728308878,0.5628503808541475,0.35860417040120407,0.38683681660294633,0.5393191386092527,0.34619906858728716,0.504875297324101,0.6023626999334557,0.5101234621411815,0.47800119017054704,0.5113326548663667,0.5334834048918287,0.581290240063513,0.6169423775149977,0.6110671611055395,0.7279538978291947,0.5547852636055444,0.0,0.5876739274714279,0.5074911431150002,0.4546433017307731,0.538969997586896,0.5015098790385146,0.5235358625536635,0.6177977648631919,0.5068975415857421,0.5952346929088967,0.5591470202826371,0.4965849539284328,0.5132790344090901,0.5149380631992966,0.4296643937141338,0.5209569401009776,0.6021316461664717,0.4657785663813424,0.5203422559968565,0.4960646472087391,0.43499278266774044,0.43181916357444233,0.5548927622327433,0.5143582936796365,0.6023573594108056,0.44111674273530355,0.7074163508993205,0.4363348739042062,0.5343019758534909,0.5263951279505439,0.7881246701684401,0.555502628401917,0.5426958062622134,0.49821327382122627,0.4824792249146956,0.5163565368686374,0.5786901299748161,0.4987517562741022,0.7034556166847948,0.6318325312722813,0.5257033728880978,0.541348911780307,0.5335653797313351,0.627342500642316,0.49954462928009513,0.647709236954508,0.4599215952021706,0.48147922482957006
0.6877686682734027,0.44689077630442753,0.7617929990756551,0.5122916507333382,0.6394579507275715,0.6916053381179309,0.4373739899113815,0.5235811506030619,0.6417782709731104,0.35764208953062454,0.5297777578158892,0.3119054790311596,0.5636821361532424,0.9003023700570656,0.5311411445361656,0.5466336145934595,0.5085385879374358,0.5988299023557009,0.6017144582683378,0.7098263570095316,0.5289065638629795,0.6065695350432099,0.5230703236318984,0.8536271909759588,0.7318244382207961,0.3491938198306456,0.5378612688983395,0.6436402787546857,0.5876739274714279,0.0,0.6160124703322285,0.5004175096019088,0.4519668410947856,0.5598768661083893,0.45006957936513786,0.5258701553865851,0.07570283572720507,0.5761779003865927,0.6650947645726334,0.4920789377082761,0.5225493890277161,0.7433074608080704,0.6113650307418247,0.0,0.0,0.0,0.0,0.23763545912222708,0.0,0.0,0.5203051124672748,0.5673560138899332,0.4480140267737404,0.6321724211563592,0.6439223826956255,0.0,0.0,0.43531981564180094,0.0,0.4383415805459403,0.0,0.0,0.9940387294888491,0.999443131706705,0.549453177776595,0.2220340598215078,0.5548707821788075,0.6162006009263495,0.0,0.36612301532689323,0.5085468511155722,0.6046135804122291,0.5944064907908766,0.5173162518057575,0.47145369949429716,0.41589697578622276
0.5546870022561018,0.6009689647061655,0.6990467204641593,0.5486009558396592,0.547761867138657,0.6719597515961772,0.2628167581532759,0.5861873772345437,0.6789147459067727,0.7855866779957216,0.5680049345378879,0.6216386191977912,0.4583058905938854,0.49448271413499795,0.4729164288316706,0.5200228735397541,0.6454426709927812,0.5328645860777474,0.6461708792108378,0.43687182758461807,0.48306106361754225,0.5391541788555249,0.5186643510763356,0.7393008523270814,0.609652986835402,0.5315892380860366,0.5093954048611067,0.5419884344962929,0.5074911431150002,0.6160124703322285,0.0,0.4229647279813143,0.5343073240094448,0.41272950150142174,0.3465879527600264,0.5894931356453895,0.41164410192553613,0.45506669238590336,0.6197871859844893,0.6609170095424594,0.4742544117147495,0.5954489426316323,0.6335068686168761,0.14006169627288534,0.38723560869041157,0.33878266616660624,0.5263269554873646,0.6480446900245794,0.0,0.5373867052005401,0.5242271583668527,0.6057088414765922,0.4422568196555497,0.6024321559247622,0.4190837925617449,0.6513860716356784,0.47202951269228055,0.6297634313234218,0.0,0.5593077267930603,0.575783714356341,0.5712145621076035,0.7321139975369508,0.7149384094342051,0.6888958003823912,0.492231108599958,0.4304793381590841,0.5983414365614084,0.5145420840378483,0.6887774229900561,0.5686873883867702,0.6242641913127547,0.5054702227114765,0.5817993660062223,0.3623318724270517,0.4201819906159734
0.6749887132206426,0.6175106864602433,0.701486390821481,0.4456842817030555,0.5020754457685515,0.6322515413122952,0.5075821168361956,0.6923166963872887,0.73296799539611,0.4662238686909378,0.3787714485202519,0.5607853518478554,0.558132604797748,0.2561341939591947,0.2994681209194779,0.6195402991864468,0.7434564384335507,0.7495298723103232,0.7253928620020406,0.3691182568165906,0.41592547171455735,0.47022509965134296,0.5752119411639315,0.4107719037659432,0.49765282384452564,0.6133914598626551,0.5117582641459493,0.544048497830059,0.4546433017307731,0.5004175096019088,0.4229647279813143,0.0,0.47559118585465276,0.6180835696890119,0.7805156394016225,0.5996265095058788,0.6963974473447205,0.7286334432085182,0.49811048625596877,0.463978603506603,0.5200823598892834,0.46618085498068224,0.3480556765583172,0.25080821394403147,0.5207388406129662,0.6383811154624626,0.5638319207408597,0.5058763896158084,0.4526779822337801,0.6796827648298058,0.6363729066823315,0.5760332377578288,0.7175296615353493,0.47617426219334347,0.4443419862441985,0.647075018985755,0.22760745416114894,0.5234509783812464,0.7238732582165515,0.49894817172085704,0.6050977597799377,0.5048049193696367,0.8581546288014998,0.37946222141118036,0.5857863487472621,0.4941442096225304,0.4114658108189237,0.6761567379411115,0.3634943636880076,0.6688720563806464,0.6560114101303852,0.6677645387474381,0.2619191065311146,0.5853467808994175,0.5599201142591002,0.713250713342241
0.6435276556123308,0.3892058871835613,0.469618456923315,0.13551649699885143,0.4227668904538135,0.7797212840593787,0.39581673395466543,0.44728415207596917,0.503684960157441,0.7788963576281211,0.44512904106897555,0.6468731903335873,0.3155492023834865,0.22953335144671838,0.4117775966764451,0.34218291315962895,0.730136316744405,0.5605482844204226,0.49359138023678945,0.36214906291949395,0.5985890765723136,0.44599685583135723,0.48309582237311166,0.34473146428048435,0.5958715311970038,0.5500689241478247,0.5249333144039173,0.5020836812957479,0.538969997586896,0.4519668410947856,0.5343073240094448,0.47559118585465276,0.0,0.5602285486673173,0.4794109597104843,0.2009332804115697,0.3607931700530121,0.3871761426786432,0.5602517527620015,0.27221222088576774,0.42046103436495674,0.36616330637670114,0.3067503433018391,0.2589643612358493,0.5542439822705976,0.5105436283070367,0.5467880699565574,0.8293742024236925,0.0,0.5134268841878145,0.5801497487684465,0.5311008260367586,0.35019425353768496,0.2990454769200625,0.31411398495521226,0.4015549595792293,0.46651842951785394,0.4616734782804932,0.0,0.4621456771982282,0.611903928832378,0.4547645630725781,0.7123612632796421,1.0419335399868086,0.6884097727372792,0.3071447043141551,0.5076012026791303,0.6645558393485773,0.5514789407648399,0.7527254243012128,0.7134992076532396,0.5124842103320032,0.57884524925731,0.4117202186272414,0.0,0.5469045299061143
0.5106367814972836,0.5698848276811641,0.7040762953509023,0.2783465063957534,0.5605650505208456,0.658261303922534,0.28491376552511216,0.5771103244186576,0.7040862381024063,0.6565080054563212,0.6286113336166498,0.49679552884397876,0.5475815629901108,0.6651235482301179,0.3728499634527189,0.43870991903843987,0.6917153149014899,0.7028651943319267,0.6911155795437437,0.4450427440317392,0.43093695872216475,0.49778204513735025,0.5476749293215206,0.39535556294627,0.5938607174423693,0.5517641510307936,0.5463491291506688,0.33715720420794265,0.5015098790385146,0.5598768661083893,0.41272950150142174,0.6180835696890119,0.5602285486673173,0.0,0.5482046726275143,0.4742106788590854,0.23131813364447182,0.256093475364321,0.5029734852091395,0.35644356220073414,0.5386103160869895,0.40839510809748614,0.18592004854582084,0.3495589370881197,0.5825381984253799,0.5793348242258128,0.5425585162844303,0.6332190163768595,0.3335487219740906,0.7079603833726442,0.5161704556932802,0.5367053511324337,0.674235406048834,0.43048755620032453,0.5095076544977479,0.4946727571060614,0.7628234983929518,0.3624429103788167,0.3584448378224936,0.5400220505572312,0.5960122275030013,0.5205249613782624,0.7581186640012479,0.5583362078159874,0.5617474582678031,0.5014906331576513,0.41299552867254324,0.6690458174335181,0.48403214781434534,0.6961741170649872,0.5912897497642652,0.6720274579572322,0.025398982705253204,0.7096237277377723,0.5132369006452455,0.31942440584670473
0.5822719748812796,0.5648832363389921,0.7234269805528961,0.7546502817502589,0.6379460847966583,0.7481853858646532,0.5169876713036785,0.5339504015633071,0.7326001095581023,0.39898117464217864,0.626490962133975,0.9405244084047844,0.6846631840943049,0.3696492715295947,0.4395342461063685,0.543767855734126,0.7166154531428925,0.6421438806059635,0.6627291966624398,0.5516946696949381,0.47274137870154787,0.538802948000272,0.6183352513646085,0.7384147085454873,0.6997078676779115,0.5738062121369656,0.580702481131951,0.46714844106380027,0.5235358625536635,0.45006957936513786,0.3465879527600264,0.7805156394016225,0.4794109597104843,0.5482046726275143,0.0,0.8448789739107325,0.7242914805875904,0.6950224610925324,0.45328653264612095,0.3284181516258979,0.3979423620128832,0.497074201513922,0.4291785723529433,0.746758869849638,0.36675127914296823,0.6436628291720912,0.48938779717167363,0.3899085414394289,0.20134048735666063,0.5988763759964788,0.3787808935217437,0.434255958773574,0.53412057295368,0.26036602758996513,0.5615291275919045,0.45847659977106864,0.3928930373079735,0.36018609041545363,0.7416887382209443,0.5627354244194758,0.6033582741719365,0.37801273984551387,0.7491141332649398,0.380884952057751,0.6712864631846905,0.5563211713391484,0.4488532223989865,0.6323059713298627,0.452124147404809,0.6904686909628035,0.6326094692017357,0.6767947784429629,0.29348459152752476,0.5866522420089183,0.23960119512797978,0.5285932215767051
0.6613915049116885,0.4990026387565195,0.6418933365236049,0.39248969346959506,0.4434617825867293,0.6253212559076411,0.6146443441645132,0.3127002393786785,0.7258813376666757,0.5305934991674779,0.5384616844464633,0.38975668026856536,0.6045620177320681,0.36486183167293573,0.6387570575281001,0.693598430020067,0.6107489261706676,0.671493013151464,0.6475612750147292,0.815201547558624,0.5593169563199972,0.6011847551233136,0.6409644770607603,0.40125118493376893,0.58010879487412,0.55126711199876,0.4389784295975148,0.5693616107481424,0.6177977648631919,0.5258701553865851,0.5894931356453895,0.5996265095058788,0.2009332804115697,0.4742106788590854,0.8448789739107325,0.0,0.6367979368815734,0.32297849962428016,0.1373957629721848,0.2302288775033441,0.23268986721105328,0.3140358288349028,0.5093943551934506,0.3536619560567833,0.47809419662044633,0.0,0.09909570537655993,0.36869750636584303,0.20966105574484464,0.6151059639883044,0.4439828586860779,0.6410212860349306,0.6351227721922678,0.5506567266512468,0.34992450939778713,0.6313981053527765,0.34371989701394556,0.5586590491703585,0.4704532061409794,0.6031047243106272,0.45274878604354774,0.0,0.9821671712872385,0.5635323893034421,0.44136690512629734,0.5342721830362398,0.6416596687176697,0.7785807070081721,0.4179541020280105,0.20515024307589774,0.2823795522786566,0.4665596638593238,0.6085946147652128,0.5056386381794312,0.10901888317138958,0.6173092507380604
0.46025884701874553,0.23134360270981097,0.5825940310555987,0.3941570490755455,0.7513878598248,0.6444683384502594,0.4334474170946053,0.5471296197811315,0.6876250896929152,0.4196931381683539,0.6584611701665534,0.4621734765525033,0.7024406751446887,0.2999178410502995,0.7322231178264065,0.4687337212596814,0.2619415188776372,0.2925609537519053,0.604562889401981,0.54781620190168,0.3454723175715344,0.7522884553748007,0.5927309982407362,0.4291154662990747,0.5866880219542391,0.562280211168853,0.6359739714355418,0.3780075283561357,0.5068975415857421,0.07570283572720507,0.41164410192553613,0.6963974473447205,0.3607931700530121,0.23131813364447182,0.7242914805875904,0.6367979368815734,0.0,0.3275788921288003,0.5315268068597354,0.39172235980451237,0.30025576705964513,0.5034113244748912,0.4020889447400119,0.7216859869054177,0.20021095487608806,0.0,0.0,0.5922268550859424,1.0024479640618635,0.0,0.5333623599917565,0.7414298630077557,0.7355659844030538,0.3218904320911363,0.728197480062962,0.6227102108881704,0.5903494548494189,0.35889910929055163,0.0,0.48133092646209585,0.0,0.0,0.0,0.3607797852515535,0.5331016602057913,0.0,0.9241108651402606,0.4819830173089001,0.703786318903022,0.0,0.48740419925084993,0.5358861434411502,0.3781231817623129,0.6148236383700836,0.0,0.3383177274446651
0.48884977384402883,0.0,0.5575349967489694,0.2245002596225887,0.5341495921991937,0.6716952973046662,0.43587097852928103,0.5807483444277481,0.5925286691536575,0.5320513696880662,0.5362570468217379,0.3671610310852929,0.5159565200439098,0.43440828132457177,0.36964282044675484,0.6066307558105787,0.5868230244856697,-0.08240115767399026,0.5779096505185496,0.7796277617118517,0.5731103903003895,0.5543773646041817,0.3057181567265844,0.4205134166848686,0.5426846305528734,0.5040438400255548,0.47410064742546565,0.5049744078782814,0.5952346929088967,0.5761779003865927,0.45506669238590336,0.7286334432085182,0.3871761426786432,0.256093475364321,0.6950224610925324,0.32297849962428016,0.3275788921288003,0.0,0.5867825254996804,0.35482564745028233,0.22710518067894625,0.3256975977379175,0.2918406633072345,0.1452363494187503,0.4127918125784918,0.41354631411439124,0.0,0.6853777285655686,0.0,0.5690837729967398,0.6814309368926954,0.49155019343406836,0.0,0.389206098090284,0.40795290865417116,0.3778217595486641,0.6140402682958259,0.36339651061447176,0.0,0.4719040358571207,0.4987426785305877,0.40033698570851217,0.43586365320527815,0.2891671786334976,0.769376524249337,0.0,0.9036322948739074,0.6931520820120173,0.5148136088519398,0.5313647730834993,0.6156722118961105,0.6947877640150545,0.5027622514021187,0.5074827033513243,0.0,0.40253132949069437
0.583026030076589,0.49634865381265364,0.6523097465381403,0.1627125081282525,0.5349413122929729,0.6564946979043738,0.6534414201510896,0.7642686353349433,0.3358192394328255,0.4759577279022373,0.5915322121025189,0.4493989955926126,0.49841193064170325,0.7216692280275556,0.36025412949923846,0.5771438834696911,0.5410525799080494,0.802343754411033,0.6700548010795099,0.5465978211575095,0.46262679144537927,0.43508516748424797,0.6332870608766715,0.9750774046642828,0.7211927072835062,0.5720218113310883,0.6245402647877972,0.7912751028215299,0.5591470202826371,0.6650947645726334,0.6197871859844893,0.49811048625596877,0.5602517527620015,0.5029734852091395,0.45328653264612095,0.1373957629721848,0.5315268068597354,0.5867825254996804,0.0,0.6557811094731864,0.5589021845162692,0.6951261197188275,0.5450852593416188,0.5140750942533089,0.5434728585777918,0.7530930527612061,0.47377066588195904,0.5760059650774721,0.438114327002458,0.7314007703107233,0.603974375338555,0.5142181982625266,0.6983672462208559,0.6527493496823532,0.5346434977851202,0.4840122737449456,0.6328933986492227,0.5920643392795724,0.3046763296564081,0.3677042372013533,0.530960360071926,0.650620652128704,0.648237096445372,0.505438631090732,0.41463080881249365,0.41002006088280635,0.3408931056438429,0.5950627098127685,0.4780361379612184,0.6124907436745662,0.6344808758601811,0.600456043092268,0.4522594170442745,0.5746839827148312,0.41014958339373037,0.5581211518124682
0.6765422413294807,0.5340597779338075,0.49960891698664434,0.3182575850682844,0.7027944717082737,0.31747512324159266,0.45254747137198514,0.4676485966960657,0.578034847413991,0.5471355187346332,0.41303396366204814,0.49796230232151734,0.5380002603953851,0.0,0.49849107476985766,0.5237439862848321,0.48674102058006824,0.5741376588826546,0.39470386691351633,0.5922667595469537,0.5462666094471735,0.5043890967306239,0.5915613255434821,0.5769687003290471,0.5630380760625416,0.6086255526406528,0.48913077755101386,0.3845120906420505,0.4965849539284328,0.4920789377082761,0.6609170095424594,0.463978603506603,0.27221222088576774,0.35644356220073414,0.3284181516258979,0.2302288775033441,0.39172235980451237,0.35482564745028233,0.6557811094731864,0.0,0.3746967302231745,0.5807923403552705,0.7080142837306815,0.47559675244625305,0.2970086887156766,0.86374613985132,0.5887317745664384,0.5048547908804727,0.35951738000690464,0.5002375853001506,0.4860291206558006,0.5936110579730066,0.4734257360705168,0.40250377218432193,0.5766919819051332,0.5082930177001199,0.5681907341677972,0.4941218603324802,0.10688139992077061,0.5721670347798208,0.6081062510870279,0.5703311897481184,0.5648121269483308,0.43770721985161587,0.5149978880977982,0.6001282476357493,0.4322474450433138,0.4534256894781803,0.7283017928305037,0.5155707255377471,0.5934032067496998,0.44933887324279775,0.35617984246167955,0.7118900167036316,0.5873920987563401,0.5934449137584763
0.7112724128631965,0.5140181993070494,0.5259227125645721,0.4077867247635945,0.5345055357083439,0.6602640650017614,0.5956339549723196,0.43534797180620105,0.5178540061956022,0.7010088013093633,0.5159330590744053,0.4649260989747359,0.5487457552034726,0.7147731896376839,0.47000801318819074,0.6145390155216718,0.4785893723121286,0.7191057313047055,0.4077392593541729,0.6387650101455558,0.43144093587286575,0.43551962315880716,0.5975182858520907,0.6307290968469143,0.6821973542235432,0.6743091102576453,0.5635490348794248,0.5235831894968792,0.5132790344090901,0.5225493890277161,0.4742544117147495,0.5200823598892834,0.42046103436495674,0.5386103160869895,0.3979423620128832,0.23268986721105328,0.30025576705964513,0.22710518067894625,0.5589021845162692,0.3746967302231745,0.0,0.4527023985220416,0.5742185953442718,0.4744311482015284,0.30255560407203436,0.8700730308003797,0.5881825730824867,0.6308428826727003,0.3754035290389796,0.7168027966659138,0.6918578284780411,0.7062768180869059,0.5702747803622599,0.6268026696091166,0.7596464865672118,0.6070739889757955,0.5787435108409887,0.7859007317222185,0.6650983424007705,0.49173777118859663,0.5782310253960459,0.7465798496921392,0.7419946924683687,0.6185526897541639,0.5195640872111663,0.5309628132251514,0.5146626812136663,0.5990638299647916,0.7695505595798562,0.7579595237264038,0.6061838549861843,0.604927701074619,0.4077760066807858,0.5712093934911181,0.5034307362254234,0.2588458875961219
0.5191969888641931,0.5718238474155911,0.580656352045917,0.3125464877467295,0.43232254869487713,0.647379351301271,0.6130693057992608,0.5722399177174383,0.40980303693311193,0.40914859054170616,0.5241199505064026,0.3858763422598209,0.5542303642493878,0.8350218784438223,0.35038598060892856,0.6745515710644229,0.584573657162239,0.5996039134520452,0.3102486679885842,0.49305847386526724,0.38342766387271787,0.4075230696282888,0.6082025472550007,0.6353622158397555,0.7783721217805271,0.5186724015721703,0.5884349230238298,0.3308638336445884,0.5149380631992966,0.7433074608080704,0.5954489426316323,0.46618085498068224,0.36616330637670114,0.40839510809748614,0.497074201513922,0.3140358288349028,0.5034113244748912,0.3256975977379175,0.6951261197188275,0.5807923403552705,0.4527023985220416,0.0,0.7268140710776583,0.5466065428180789,0.5942887721189042,0.7714979261106997,0.6198305612814957,0.5639546243995808,0.5444009214491141,0.7822879561865519,0.6161496915905785,0.6863370880230877,0.7471231902196571,0.5960230320027928,0.7484906294133749,0.5583774470317835,0.5189405089664462,0.8046815446271021,0.6453460551867594,0.4495269331842515,0.6264130548927318,0.7926838752434429,0.813535156558115,0.5948351874934729,0.4157207739261298,0.49785872030881406,0.3704376523560439,0.5795657641309315,0.4363773681550526,0.7939804356443529,0.6150684945044594,0.5503435333611257,0.3902013072715785,0.6024956693613032,0.5527938249144474,0.5185739048960537
0.49097518105856636,0.6736052740983778,0.6742223405259973,0.2987629010985718,0.534601352570663,0.6776433979165415,0.6015611089980615,0.8082295161049362,0.618651240109947,0.3579153720001785,0.5239196668218505,0.43888419873133555,0.5961604159714887,0.6490957888291834,0.650243091726082,0.5011822022681729,0.0,0.0,0.8568164567206648,0.5262584899809725,0.5980179399783162,0.5907936189806589,0.6908371044888716,0.5644715814297705,0.12003556134762451,0.22040975547101876,0.6485980067397884,0.5651468303158154,0.4296643937141338,0.6113650307418247,0.6335068686168761,0.3480556765583172,0.3067503433018391,0.18592004854582084,0.4291785723529433,0.5093943551934506,0.4020889447400119,0.2918406633072345,0.5450852593416188,0.7080142837306815,0.5742185953442718,0.7268140710776583,0.0,0.5700939649537968,0.44196965098803465,0.6239643603179331,0.5784666484856458,0.4953153243976593,0.581785054850703,0.6465678014093833,0.5167050160664646,0.6141543696248754,0.5198113762547957,0.65425246018841,0.7687498273163179,0.4337139660394877,0.6819071271492785,0.5197647773446965,0.4473792921362941,0.604858702657611,0.6783493860024299,0.6124750928742361,0.6961607814302788,0.4878191056070148,0.5671819598572819,0.4801820021946368,0.5194629216528346,0.617739645003001,0.2960738054959989,0.7486990659460676,0.6100988806318898,0.48788079198731005,0.5879795682273545,0.6134815747394153,0.5589032363151234,0.5480502386866073
0.0,0.0,0.6374558875285101,0.24782338526557293,0.6767477331546272,0.5840856299106201,0.8927393164750915,0.49478217097563715,0.476184641548062,0.36824751530494454,0.5836517058748532,0.9507534260590043,0.45826827423541744,0.4978725005082616,0.6171792352833394,0.0,0.0,0.0,0.3772131964303735,0.2648509903975923,0.0,0.3675014917337511,0.5565004378694668,-0.13119312067500344,0.0,0.5486869164078182,0.5961437982589411,0.44892890004414504,0.5209569401009776,0.0,0.14006169627288534,0.25080821394403147,0.2589643612358493,0.3495589370881197,0.746758869849638,0.3536619560567833,0.7216859869054177,0.1452363494187503,0.5140750942533089,0.47559675244625305,0.4744311482015284,0.5466065428180789,0.5700939649537968,0.0,0.4153487868916004,0.0,0.5395737309094474,0.554887624740904,0.6153940127796844,0.5690788720278299,0.6012589011394043,0.5108476462713293,0.5354827738421463,0.6294736044426986,0.993858397063156,0.675239709530303,0.5945751123720828,0.5786027481607515,0.4527049676762769,0.38361289577260316,0.0,0.33374579491028644,0.863181895612194,0.6393584797681833,0.48476315037100753,0.4186418637905691,0.40147170756329686,0.6088883140380358,0.6593131690779747,0.5162291121330903,0.6489565163359189,0.5483384311166125,0.6060675889507506,0.5450732215725804,0.5566170446847424,0.5515594970139924
0.4431095588817497,0.0,0.0,0.0,0.2781222342525266,0.24836567957290903,0.35174331097567607,0.0,0.3262857742102018,0.5650618715201927,0.23153168432047383,0.6314274403590786,0.4456786681375595,0.0,0.0,0.0,0.5019525111095964,0.546141356445257,0.4428434105360163,0.23288162358294817,0.0,0.26211748806020535,0.6225656916000181,0.5894272027249134,0.49723854197635053,0.5041326484791843,0.40954515545506787,0.6687411478963415,0.6021316461664717,0.0,0.38723560869041157,0.5207388406129662,0.5542439822705976,0.5825381984253799,0.36675127914296823,0.47809419662044633,0.20021095487608806,0.4127918125784918,0.5434728585777918,0.2970086887156766,0.30255560407203436,0.5942887721189042,0.44196965098803465,0.4153487868916004,0.0,0.2056177876485187,0.13436553907833193,0.493435158967927,0.30268225441876706,0.5437195842095421,0.4767454082747547,0.6807763264363625,0.5659008531238019,0.4211877343049235,0.6137104628143011,0.3352680036049366,0.5170844072554635,0.45771747981317495,0.5655078400367366,0.2553376818192889,0.547713081374735,0.4813404460106233,0.36116464214603,0.5182915844784167,0.5816298170933817,0.49066194124760043,0.6119995800952122,0.42351929645302144,0.7190003889524229,0.4622818457732153,0.5225675028585645,0.5978785046516564,0.5645921980073126,0.6239332438044423,0.8696189782300033,0.7804245604602325
0.6143673383693365,0.5013732094010164,0.0,0.0,0.0,0.5914668476915795,0.0,0.5902129498509344,0.0,0.5402647385379097,0.0,0.40166259335132315,0.6335741372082702,0.0,0.5869130730492932,0.439862228792884,0.6444323641654429,0.6174986298288696,0.0,0.5370921403861616,0.3765689446081542,0.4740238625470006,0.4986766475366824,0.5057309849740209,0.5921399834921616,0.5906676414896206,0.4465521634410101,0.6702696936434304,0.4657785663813424,0.0,0.33878266616660624,0.6383811154624626,0.5105436283070367,0.5793348242258128,0.6436628291720912,0.0,0.0,0.41354631411439124,0.7530930527612061,0.86374613985132,0.8700730308003797,0.7714979261106997,0.6239643603179331,0.0,0.2056177876485187,0.0,0.809517362940462,0.3573627965691237,0.0,0.760362047624282,0.4633209073920902,0.5181854050861182,0.6584137707508861,0.44266303840693055,0.5294648249785557,0.5747809673504234,0.5905659928652907,0.4124859043509453,0.4972869287924087,0.7394835851790025,0.7347298667702915,0.3937637395218627,0.7254135291873512,0.0,0.6622271377025901,0.6750022865972947,0.699966110606309,0.6015027744026284,0.4227536545192414,0.767141162519642,0.7300344021766347,0.5693675906753148,0.6315147681244908,0.7394601642486516,0.5807782150510955,0.7732343226974379
0.6862637961370117,0.535125935930942,0.17669184287757417,0.0,0.4440732805309907,0.4818858741367842,0.534182214872061,0.32770836675963516,0.4870763927637479,0.5146422301121651,0.0,0.5692635519439424,0.5890270069321238,0.0,0.45743220969315934,0.6206182033454573,0.62593995697802,0.6663034223535093,0.0,0.5328801685897411,0.5212388774616816,0.5654530974824392,0.5513258609519539,0.638940049054165,0.6880502075038649,0.6936903211188562,0.44519448192639133,0.5442048636686668,0.5203422559968565,0.0,0.5263269554873646,0.5638319207408597,0.5467880699565574,0.5425585162844303,0.48938779717167363,0.09909570537655993,0.0,0.0,0.47377066588195904,0.5887317745664384,0.5881825730824867,0.6198305612814957,0.5784666484856458,0.5395737309094474,0.13436553907833193,0.809517362940462,0.0,0.4395908830043901,0.0,0.5534391482977444,0.5090044423394545,0.467603233496741,0.5709081610549253,0.5628960136821858,0.48469056216512313,0.48283359963655414,0.41778839407743734,0.49037913035532976,0.5876083519931907,0.6044645688717065,0.6613066164417019,0.4766551328835892,0.474282594362618,0.4502821853519593,0.5461101936040013,0.7103078646935973,0.6301187433051061,0.6121335599878899,0.35875030713524325,0.7066880848477106,0.7491468740978022,0.503572559419016,0.5664809227779843,0.5391950553568724,0.6744620501705766,0.6193948494921796
0.0,0.0,0.2138610746406584,0.515029314819713,0.5629979577324369,0.6108137843315696,0.4412922813668585,0.6789644407192401,0.23274128059604837,0.23482538153852242,0.8916216465204602,0.28993168979248113,0.5499111420483148,0.5028285711108731,0.42691531780352276,0.0,0.0,0.0,0.553265324019713,0.49603901569392,0.6457550217574629,0.5167712844583754,0.7755684783403376,0.0,0.0,0.6058353565949217,0.583638099896288,0.5244095668053423,0.4960646472087391,0.23763545912222708,0.6480446900245794,0.5058763896158084,0.8293742024236925,0.6332190163768595,0.3899085414394289,0.36869750636584303,0.5922268550859424,0.6853777285655686,0.5760059650774721,0.5048547908804727,0.6308428826727003,0.5639546243995808,0.4953153243976593,0.554887624740904,0.493435158967927,0.3573627965691237,0.4395908830043901,0.0,0.5373745580963812,0.5361715206094194,0.6728728409944694,0.5557322922380222,0.4545796708913427,0.6742230493050805,0.45263147473717424,0.4595076558861228,0.46320224310539504,0.5798987875869983,0.428336681405062,0.41028578697447937,0.515262852771313,0.551225955926611,0.48521286130222624,0.5835564726963245,0.3610815604591336,0.2722215884865235,0.4232076428652318,0.4610939317950019,0.4185668038354057,0.4804565387753621,0.3638148323423718,0.5981495129281211,0.554789594269955,0.34280421032054603,0.3745235115328394,0.5934279196098835
0.0,0.0,0.49797604488936875,0.0,0.0,0.6351930432250587,0.0,0.0,0.5100332330592584,0.5004292794236878,0.5005146663990825,0.20598948486290802,0.0,0.0,0.0,0.0,0.0,0.0,0.0,0.0,0.0,0.5010082981752595,0.41342219528468427,0.0,0.0,0.0,0.5396113646890726,0.0,0.43499278266774044,0.0,0.0,0.4526779822337801,0.0,0.3335487219740906,0.20134048735666063,0.20966105574484464,1.0024479640618635,0.0,0.438114327002458,0.35951738000690464,0.3754035290389796,0.5444009214491141,0.581785054850703,0.6153940127796844,0.30268225441876706,0.0,0.0,0.5373745580963812,0.0,0.5564254281402601,0.494864347198543,0.4335991252000822,0.8112123981836288,0.6954410337957341,0.6610316978644993,0.5770686401242467,0.3850423546754932,0.5271056039404453,0.6723507413099895,0.8084899251691857,0.0,0.0,0.4954887077904536,0.41267319837618593,0.8417203189527142,0.397529647518434,0.3958665269257397,0.6111781080419761,0.35707035700906053,0.0,0.5930299614710407,0.532822751121566,0.5946010414651894,0.5057962285965979,0.6694774226749646,0.3241284960075087
0.0,0.0,0.5053388089265884,0.0,0.5472293335731562,0.4440074390074329,0.5684810740110846,0.6228235607714948,0.6306217325304909,0.43008421523562046,0.40641018843619287,0.2676643186872616,0.6877696167141149,0.5863443816015869,0.0,0.0,0.0,0.0,0.43015492307110487,0.0,0.0,0.2685139741893338,0.593026492371316,0.48066164473206874,0.0,0.0,0.5382475222249411,0.6764171204579124,0.43181916357444233,0.0,0.5373867052005401,0.6796827648298058,0.5134268841878145,0.7079603833726442,0.5988763759964788,0.6151059639883044,0.0,0.5690837729967398,0.7314007703107233,0.5002375853001506,0.7168027966659138,0.7822879561865519,0.6465678014093833,0.5690788720278299,0.5437195842095421,0.760362047624282,0.5534391482977444,0.5361715206094194,0.5564254281402601,0.0,0.5752443231099563,0.5527298584008621,0.49611397305609173,0.6190187466955822,0.5651007738115993,0.6221623375751232,0.5729773477407432,0.47773143350030256,0.5475141977144206,0.4900281306773981,0.5243466647837823,0.4901690156825656,0.6602890682146413,0.6025195180526769,0.4383007372342504,0.3908202100065107,0.41981173109510816,0.663332717249504,0.6656595088398922,0.4535530671408718,0.4916976649596601,0.6044034232662507,0.5192031396127706,0.5954121218545455,0.22284906085479822,0.6880836409438361
0.49888395335622987,0.5614347488455101,0.7415460192532203,0.5727899521218124,0.5874860591934621,0.6098596063493575,0.5714858404099659,0.6808547546873762,0.4797112696180071,0.4607385064063337,0.6280879161864396,0.3390922993902816,0.5766530848642206,0.48333135808589006,0.3494784230897182,0.5229211378453121,0.0,0.5586833433446116,0.5459177797579405,0.3521088922373975,0.3799257573249458,0.4035054871455755,0.6345161711694979,0.5928750069141303,0.531314394765752,0.39750020171944334,0.6074278273650676,0.5961498584758943,0.5548927622327433,0.5203051124672748,0.5242271583668527,0.6363729066823315,0.5801497487684465,0.5161704556932802,0.3787808935217437,0.4439828586860779,0.5333623599917565,0.6814309368926954,0.603974375338555,0.4860291206558006,0.6918578284780411,0.6161496915905785,0.5167050160664646,0.6012589011394043,0.4767454082747547,0.4633209073920902,0.5090044423394545,0.6728728409944694,0.494864347198543,0.5752443231099563,0.0,0.5519120539924609,0.6634191388031676,0.6610211659061659,0.5183179331595617,0.5808870776979665,0.52320504063599,0.6918515428368998,0.38493087104061985,0.3892181059393219,0.6876417014069756,0.6382075097352042,0.6736312106902306,0.5308320232165384,0.613720363749978,0.4998564279025709,0.5094727486080161,0.8125007513985447,0.44486870828252534,0.644708299716207,0.512727412948624,0.6178805336902972,0.6334274494301046,0.5574641215977102,0.5657648600940294,0.70827738012971
0.0,0.6413959775114865,0.5530541142093932,0.0,0.6310145580486219,0.6385758647840367,0.6043065761326917,0.6707672328374845,0.6166610830483666,0.4571294259601078,0.49546079463877757,0.5201623446614272,0.5623079941062848,0.5053107043049702,0.6968026483116596,0.606790932844999,0.0,0.6102464683931578,0.5143116447350063,0.5180189884030819,0.4502366629243024,0.7310023293897399,0.6378984203421428,0.2954323370180159,0.5806189356500702,0.6474038428464837,0.3485270844779947,0.5697590669492268,0.5143582936796365,0.5673560138899332,0.6057088414765922,0.5760332377578288,0.5311008260367586,0.5367053511324337,0.434255958773574,0.6410212860349306,0.7414298630077557,0.49155019343406836,0.5142181982625266,0.5936110579730066,0.7062768180869059,0.6863370880230877,0.6141543696248754,0.5108476462713293,0.6807763264363625,0.5181854050861182,0.467603233496741,0.5557322922380222,0.4335991252000822,0.5527298584008621,0.5519120539924609,0.0,0.4069040904503217,0.7077628561033129,0.5880597832048795,0.6011769857693063,0.316858785418399,0.6335796945935818,0.626993003988524,0.3999272079984174,0.5681302974753238,0.3531706062767355,0.4992725084694367,0.626140909325935,0.39878714993645303,0.38602354950550855,0.44315071970790865,0.5807190890702054,0.3110504785019897,0.6567751528701752,0.43610849019567677,0.585195431237107,0.505270783882516,0.5806982151916124,0.5273731813879391,0.7612036005172499
0.5918086780699204,0.6023356892615028,0.630167519935132,0.5055595589099171,0.5456942269646167,0.6932307274026971,0.540398195613949,0.7081796715683218,0.6471940828244204,0.5951483237085456,0.5281545879389365,0.23643407734230437,0.5460624379376421,0.6256724153422623,0.5413922444775859,0.8897908513889078,0.0,0.9177685630317178,0.5794248963028525,0.6023990989495888,0.37605383052909586,0.4935217628374509,0.6463881230190266,0.0,0.6912635587439085,0.35685683066834684,0.5869177120374468,0.5356239092757986,0.6023573594108056,0.4480140267737404,0.4422568196555497,0.7175296615353493,0.35019425353768496,0.674235406048834,0.53412057295368,0.6351227721922678,0.7355659844030538,0.0,0.6983672462208559,0.4734257360705168,0.5702747803622599,0.7471231902196571,0.5198113762547957,0.5354827738421463,0.5659008531238019,0.6584137707508861,0.5709081610549253,0.4545796708913427,0.8112123981836288,0.49611397305609173,0.6634191388031676,0.4069040904503217,0.0,0.5613425179547818,0.3383198035462982,0.5271490145703365,0.6257883335722305,0.4837871795047951,0.4434568450743012,0.5013005823231867,0.5112529457154261,0.6092839050550912,0.39961820066885834,0.39036920212832293,0.6574149046641116,0.5047721807712626,0.5274440610038228,0.5871342978369855,0.6315613559084245,0.7691631340789157,0.7046678802023835,0.5918892530990894,0.4092176207483419,0.5599884703239723,0.42085779164867265,0.5376422630480465
0.0,0.5497321520310648,0.731147104374485,0.0,0.5663279056994381,0.719262992736553,0.5773818920788779,0.6753838437277141,0.5381369225804398,0.2731032394476037,0.5994361602758845,0.4326552509107473,0.6286178202548871,0.38497786696047176,0.5332167299147114,0.0,0.0,0.0,0.5202719975453284,0.4477761470202188,0.5732794533958809,0.573603963800808,0.6907003466736419,0.0,0.40693349597915873,0.38786775052297195,0.6773726784626488,0.5375090172834426,0.44111674273530355,0.6321724211563592,0.6024321559247622,0.47617426219334347,0.2990454769200625,0.43048755620032453,0.26036602758996513,0.5506567266512468,0.3218904320911363,0.389206098090284,0.6527493496823532,0.40250377218432193,0.6268026696091166,0.5960230320027928,0.65425246018841,0.6294736044426986,0.4211877343049235,0.44266303840693055,0.5628960136821858,0.6742230493050805,0.6954410337957341,0.6190187466955822,0.6610211659061659,0.7077628561033129,0.5613425179547818,0.0,0.51514069976156,0.49062829470779074,0.40213023346856525,0.7392871652690254,0.563834349240063,0.40621370958419306,0.4850857815335107,0.44722453338869106,0.5472231991679946,0.5106572584945641,0.5886877232577905,0.40738373857868837,0.5874232155400461,0.6212101373059792,0.5058699821588755,0.672283901733495,0.42481255595594375,0.47181714612273373,0.6134180893120919,0.6112779056367497,0.5255498587239608,0.5994926937379487
0.39236619481866986,0.1718412143643422,0.385585077501941,0.0,0.0,0.7085051787570543,0.5920666844730196,0.8558412128556276,0.28266367021722166,0.5481456879751123,0.5810628795064219,0.5445845249680176,0.5190004047840655,0.0,0.0,0.5184791160121479,0.6231229714811367,0.5445702408351893,1.0112329188067644,0.9665680729214595,0.6159938736409807,-0.11587912537873768,0.5851260110731719,0.5433976366559453,0.49132710966394766,0.5462191440920187,0.668892366441026,0.6081837181862221,0.7074163508993205,0.6439223826956255,0.4190837925617449,0.4443419862441985,0.31411398495521226,0.5095076544977479,0.5615291275919045,0.34992450939778713,0.728197480062962,0.40795290865417116,0.5346434977851202,0.5766919819051332,0.7596464865672118,0.7484906294133749,0.7687498273163179,0.993858397063156,0.6137104628143011,0.5294648249785557,0.48469056216512313,0.45263147473717424,0.6610316978644993,0.5651007738115993,0.5183179331595617,0.5880597832048795,0.3383198035462982,0.51514069976156,0.0,0.46937277963941854,0.7857433400495559,0.5179296097968179,0.7737164132566656,0.455098113564779,0.5288575319577887,0.5546085724528438,0.5608318424743826,0.40112262884308625,0.6947946626194932,0.42601878747554534,0.5441202031014144,0.6134749557552835,0.6718041968414609,0.6140666667262817,0.6576946857182845,0.5472436466058098,0.4976840128351535,0.5971345866987097,0.6058883200015144,0.7055943167467352
0.0,0.0,0.6952125263961728,0.23102835415586528,0.48352306937276596,0.6352057856600641,0.5555003555413405,0.6228539986440182,0.6213676997653175,0.4816036576016456,0.516219426567427,0.28360786935797777,0.5138603934873152,0.5701344253178408,0.0,0.0,0.0,0.0,0.7968097119100612,0.0,0.0,0.0,0.7266383817421994,0.6043431940306714,0.5028772151556946,0.0,0.6753680552251615,0.5442117630077767,0.4363348739042062,0.0,0.6513860716356784,0.647075018985755,0.4015549595792293,0.4946727571060614,0.45847659977106864,0.6313981053527765,0.6227102108881704,0.3778217595486641,0.4840122737449456,0.5082930177001199,0.6070739889757955,0.5583774470317835,0.4337139660394877,0.675239709530303,0.3352680036049366,0.5747809673504234,0.48283359963655414,0.4595076558861228,0.5770686401242467,0.6221623375751232,0.5808870776979665,0.6011769857693063,0.5271490145703365,0.49062829470779074,0.46937277963941854,0.0,0.5271934434519752,0.6033816398454177,0.6923188783323491,0.0,0.1774493102014027,0.4689082639907173,0.5444917659178943,0.5093835134168159,0.4993541709943333,0.6229182174468193,0.0,0.6123362131603451,0.6341268727902657,0.5981282998646588,0.566779106690765,0.5341301753634998,0.6361958082616721,0.47345860205954937,0.41039861882265605,0.5839253362070255
0.5237061356440122,0.20669013215019272,0.5089469277662312,0.539887769297104,0.37386286821241665,0.35498596352034056,0.47783884743342236,0.9246939850322701,0.4719629421453655,0.5353166670586388,0.47009623735440015,0.6419220559618198,0.5046312685602602,0.40073226403901274,0.7111534865852241,0.36120139763205594,0.4397970912141218,0.3796752132418696,0.5557025255362318,0.603678833457065,0.7559517765543983,0.5300181598700933,0.4927909744914098,0.5336251111573272,0.5427075206193854,0.6167503688178412,0.3393893432229946,0.4476730030051087,0.5343019758534909,0.0,0.47202951269228055,0.22760745416114894,0.46651842951785394,0.7628234983929518,0.3928930373079735,0.34371989701394556,0.5903494548494189,0.6140402682958259,0.6328933986492227,0.5681907341677972,0.5787435108409887,0.5189405089664462,0.6819071271492785,0.5945751123720828,0.5170844072554635,0.5905659928652907,0.41778839407743734,0.46320224310539504,0.3850423546754932,0.5729773477407432,0.52320504063599,0.316858785418399,0.6257883335722305,0.40213023346856525,0.7857433400495559,0.5271934434519752,0.0,0.4667834526293957,0.2930405468515861,0.3363141301776011,0.39225878798016,0.44184869830044077,0.42321450058339655,0.5008188147802491,0.44617863654924284,0.6935433943587378,0.3127949384677271,0.6848282656043201,0.6526669131731208,0.7362237983878449,0.5102944638347177,0.4866850582532124,0.46987732842847874,0.5458982814084173,0.5309299712383365,0.7654291259370231
0.7490037953945619,0.6101993999372235,0.5770411194204529,0.5348509957039591,0.6664243092088021,0.615860113554028,0.4949528115957476,0.5149685927122187,0.5148905289826011,0.5262158878634544,0.5448242427471681,0.547815041200608,0.6018215282142957,0.7753152527386529,0.5658217656598775,0.5989441862832412,0.3224296346194401,0.5792434095237762,0.4736967580740242,0.5108077508978137,0.5053292890579806,0.5619809893177329,0.569121611071471,0.426231162426073,0.38325883187619414,0.6242783255067833,0.6229141010601963,0.5308163128913421,0.5263951279505439,0.43531981564180094,0.6297634313234218,0.5234509783812464,0.4616734782804932,0.3624429103788167,0.36018609041545363,0.5586590491703585,0.35889910929055163,0.36339651061447176,0.5920643392795724,0.4941218603324802,0.7859007317222185,0.8046815446271021,0.5197647773446965,0.5786027481607515,0.45771747981317495,0.4124859043509453,0.49037913035532976,0.5798987875869983,0.5271056039404453,0.47773143350030256,0.6918515428368998,0.6335796945935818,0.4837871795047951,0.7392871652690254,0.5179296097968179,0.6033816398454177,0.4667834526293957,0.0,0.5032584875739031,0.41243563226245156,0.6334858638867786,0.5161241954380397,0.7548257744126445,0.6261762760684081,0.6431949521572985,0.46137370916653697,0.5061719211775482,0.588857730699548,0.5944278644865452,0.6417426916050047,0.4741688705256477,0.5907755992499163,0.5863539098099103,0.5768945290512185,0.43941905342761645,0.7274246700712268
0.0,0.0,0.5561199147851161,0.0,0.511341613846491,0.5908039148185864,0.406269449596587,0.3257131671279244,0.4735493626427222,0.0,0.41196317159171825,0.709210927191636,0.49035781799716144,0.4773483959461618,0.4946593129073312,0.0,0.0,0.0,0.30816716672092115,0.0,0.0,0.0,0.575587284663228,0.0,0.0,0.0,0.6781574256602176,0.3617986081224303,0.7881246701684401,0.0,0.0,0.7238732582165515,0.0,0.3584448378224936,0.7416887382209443,0.4704532061409794,0.0,0.0,0.3046763296564081,0.10688139992077061,0.6650983424007705,0.6453460551867594,0.4473792921362941,0.4527049676762769,0.5655078400367366,0.4972869287924087,0.5876083519931907,0.428336681405062,0.6723507413099895,0.5475141977144206,0.38493087104061985,0.626993003988524,0.4434568450743012,0.563834349240063,0.7737164132566656,0.6923188783323491,0.2930405468515861,0.5032584875739031,0.0,0.0,0.48524874292342307,0.6202072110220752,0.40130486171488416,0.48510793562413185,0.505507950599581,0.45523184721704024,0.23606464937270258,0.5000897147169941,0.6426910464812379,0.686445518407719,0.6349696730568497,0.48066867999649554,0.7118495634410221,0.37952345962086115,0.17192559121463102,0.5053349775109399
0.7083086394438518,0.5058415089517228,0.3017889405632075,0.0,0.23385332763464328,0.30110961102640926,0.3736513360012921,0.6568854306796006,0.4022755921034417,0.929650054977794,0.0,0.6646409629478331,0.4718262952813071,0.0,0.5998107237603164,0.5599205672818051,0.7520145286548326,0.6078097357944169,0.0,0.6086143394763444,0.6193308895846378,0.5606681053910764,0.6366431447367462,0.18395053724786356,0.541375647236477,0.466710794222102,0.5655540458488779,0.49868796827564094,0.555502628401917,0.4383415805459403,0.5593077267930603,0.49894817172085704,0.4621456771982282,0.5400220505572312,0.5627354244194758,0.6031047243106272,0.48133092646209585,0.4719040358571207,0.3677042372013533,0.5721670347798208,0.49173777118859663,0.4495269331842515,0.604858702657611,0.38361289577260316,0.2553376818192889,0.7394835851790025,0.6044645688717065,0.41028578697447937,0.8084899251691857,0.4900281306773981,0.3892181059393219,0.3999272079984174,0.5013005823231867,0.40621370958419306,0.455098113564779,0.0,0.3363141301776011,0.41243563226245156,0.0,0.0,0.6638980464666356,0.4785480617460516,0.511221748564718,0.0,0.7289459255944879,0.5662831819383185,0.6021935494026481,0.5221019498365497,0.7762434629177362,0.6991207599321484,0.5951101031437572,0.5825709718634727,0.35861094979712416,0.6166031259196401,0.7181852480712673,0.48370297816201074
0.673213530721979,0.5684229010969191,0.0,0.0,0.5239821811041353,0.5036661752977992,0.591846379355669,0.38416877494496926,0.648957139726189,0.5612752630473773,0.0,0.5495838117236934,0.5620490095129025,0.0,0.31909628910412635,0.6257937426006649,0.4847228114749321,0.6965643897142779,0.0,0.49012128865801036,0.4933803261616604,0.5515614019913256,0.5478485353391117,0.7848461155986229,0.7003548903302792,0.6738936836001104,0.4680483950326023,0.442683072986936,0.5426958062622134,0.0,0.575783714356341,0.6050977597799377,0.611903928832378,0.5960122275030013,0.6033582741719365,0.45274878604354774,0.0,0.4987426785305877,0.530960360071926,0.6081062510870279,0.5782310253960459,0.6264130548927318,0.6783493860024299,0.0,0.547713081374735,0.7347298667702915,0.6613066164417019,0.515262852771313,0.0,0.5243466647837823,0.6876417014069756,0.5681302974753238,0.5112529457154261,0.4850857815335107,0.5288575319577887,0.1774493102014027,0.39225878798016,0.6334858638867786,0.48524874292342307,0.6638980464666356,0.0,0.5469620788117027,0.5766953362241992,0.9869983363969137,0.4069986847178881,0.6846664109688885,0.4304791912863599,0.6025615080521438,0.4738605331618378,0.5569764995469448,0.7227180926156035,0.6827476130429933,0.6811408599868465,0.5652806554486935,0.7540809631850734,0.46980226938234876
0.2434311326250974,0.5900004576764255,0.0,0.0,0.0,0.0,0.0,0.0,0.0,0.509112792470889,0.0,0.4847408204286032,0.41156296812263216,0.0,0.6689878888386576,0.6269458088048867,0.5613256299777752,0.4956907550365117,0.0,0.49633919749179856,0.0,0.44347627105343396,0.5056075187097037,0.6080458069086893,0.45541781380286583,0.5149065672713181,0.0,0.1867625159444707,0.49821327382122627,0.0,0.5712145621076035,0.5048049193696367,0.4547645630725781,0.5205249613782624,0.37801273984551387,0.0,0.0,0.40033698570851217,0.650620652128704,0.5703311897481184,0.7465798496921392,0.7926838752434429,0.6124750928742361,0.33374579491028644,0.4813404460106233,0.3937637395218627,0.4766551328835892,0.551225955926611,0.0,0.4901690156825656,0.6382075097352042,0.3531706062767355,0.6092839050550912,0.44722453338869106,0.5546085724528438,0.4689082639907173,0.44184869830044077,0.5161241954380397,0.6202072110220752,0.4785480617460516,0.5469620788117027,0.0,0.4698182580623799,0.47921381888515613,0.5253087858162746,0.3326152133711348,0.5189484237376553,0.46966359238507494,0.672490185759121,0.5757264872074817,0.7240430841099949,0.5771764714150901,0.5563148475154402,0.6887294039938955,0.4838611462786583,0.6032428391771039
0.7594341030487138,0.5191352947254284,0.0,0.0,0.0,0.5245501661361563,0.574717109470315,0.7218449046713206,0.0,0.5176312862426897,0.0,0.552404080324833,0.5393046763449857,0.0,0.6989010561400887,0.6253817147007157,0.5081075821843973,0.6817794315285772,0.0,0.5303872587079963,0.5096871164808914,0.15053492281066277,0.5617629046571706,0.7669422170752802,0.6915416826262673,0.7100046480111115,0.5840748066430699,0.5219345679361324,0.4824792249146956,0.9940387294888491,0.7321139975369508,0.8581546288014998,0.7123612632796421,0.7581186640012479,0.7491141332649398,0.9821671712872385,0.0,0.43586365320527815,0.648237096445372,0.5648121269483308,0.7419946924683687,0.813535156558115,0.6961607814302788,0.863181895612194,0.36116464214603,0.7254135291873512,0.474282594362618,0.48521286130222624,0.4954887077904536,0.6602890682146413,0.6736312106902306,0.4992725084694367,0.39961820066885834,0.5472231991679946,0.5608318424743826,0.5444917659178943,0.42321450058339655,0.7548257744126445,0.40130486171488416,0.511221748564718,0.5766953362241992,0.4698182580623799,0.0,0.39709161443832985,0.5203913663460131,0.621288332444276,0.47306762452761264,0.5996060655716774,0.6683759137289074,0.521652755096371,0.5678191218596946,0.7122982215256438,0.7642391826069829,0.679558729809468,0.3879044141330281,0.5967874865823647
0.0,0.0,0.5897845730514151,0.0,0.6088066362836447,0.6373005365738957,0.593134976864158,0.7310300692038283,0.44297358138395865,0.4914049814428921,0.5806598095211544,0.35597294025746584,0.6315428857832093,0.5153971830466576,0.0,0.0,0.0,0.0,0.5613475847504044,0.0,0.0,0.0,0.7223054444790579,0.5358004281467698,0.0,0.0,0.6555957920022564,0.6569251208620412,0.5163565368686374,0.999443131706705,0.7149384094342051,0.37946222141118036,1.0419335399868086,0.5583362078159874,0.380884952057751,0.5635323893034421,0.3607797852515535,0.2891671786334976,0.505438631090732,0.43770721985161587,0.6185526897541639,0.5948351874934729,0.4878191056070148,0.6393584797681833,0.5182915844784167,0.0,0.4502821853519593,0.5835564726963245,0.41267319837618593,0.6025195180526769,0.5308320232165384,0.626140909325935,0.39036920212832293,0.5106572584945641,0.40112262884308625,0.5093835134168159,0.5008188147802491,0.6261762760684081,0.48510793562413185,0.0,0.9869983363969137,0.47921381888515613,0.39709161443832985,0.0,0.0,0.6129220233764103,0.3969058976713486,0.4817191701216538,0.6833732543460436,0.48222961168274364,0.5049755101081386,0.6078429068815021,0.6119602694237747,0.6051444591042062,0.4970711285270607,0.6015037734402622
0.5833220511280729,0.5602583798355909,0.7262927092294509,0.0,0.33899724710520523,0.6335926478337013,0.590128232264556,0.6596073834746963,0.6130711369822632,0.5056075187097038,0.4136805978185154,0.7592006427487725,0.4808083416466766,0.0,0.6177868292347763,0.5258977769131833,0.0,0.4374672288379834,0.5063465836336638,0.5863047898673115,0.47193067354404034,0.48153718632551606,0.634357083122473,0.2867828474253911,0.6260289171226651,0.42996318324185445,0.5627277738706972,0.6902851323048053,0.5786901299748161,0.549453177776595,0.6888958003823912,0.5857863487472621,0.6884097727372792,0.5617474582678031,0.6712864631846905,0.44136690512629734,0.5331016602057913,0.769376524249337,0.41463080881249365,0.5149978880977982,0.5195640872111663,0.4157207739261298,0.5671819598572819,0.48476315037100753,0.5816298170933817,0.6622271377025901,0.5461101936040013,0.3610815604591336,0.8417203189527142,0.4383007372342504,0.613720363749978,0.39878714993645303,0.6574149046641116,0.5886877232577905,0.6947946626194932,0.4993541709943333,0.44617863654924284,0.6431949521572985,0.505507950599581,0.7289459255944879,0.4069986847178881,0.5253087858162746,0.5203913663460131,0.0,0.0,0.49760362799332025,0.407258269653709,0.5441687091744629,0.5288707074705782,0.5927977266043019,0.6119966046785306,0.44277514009389396,0.7550237090859088,0.5564600657814922,0.7282565498875067,0.5884192077100775
0.661816562587728,0.644399147970463,0.5063226420535937,0.0,0.46795885918794267,0.4713757654106355,0.5343933672897855,0.7266487587472883,0.7177907706889015,0.5702917822586284,0.0,0.7821064494286352,0.5732739949938311,0.0,0.5132889248590798,0.5116319819739235,0.0,0.5810202567565703,0.0,0.5766046752877954,0.622363019007937,0.516766219403803,0.5977009489935193,0.8780485730144996,0.48552950330530825,0.6157001239482423,0.6158102275683578,0.5129897789070186,0.4987517562741022,0.2220340598215078,0.492231108599958,0.4941442096225304,0.3071447043141551,0.5014906331576513,0.5563211713391484,0.5342721830362398,0.0,0.0,0.41002006088280635,0.6001282476357493,0.5309628132251514,0.49785872030881406,0.4801820021946368,0.4186418637905691,0.49066194124760043,0.6750022865972947,0.7103078646935973,0.2722215884865235,0.397529647518434,0.3908202100065107,0.4998564279025709,0.38602354950550855,0.5047721807712626,0.40738373857868837,0.42601878747554534,0.6229182174468193,0.6935433943587378,0.46137370916653697,0.45523184721704024,0.5662831819383185,0.6846664109688885,0.3326152133711348,0.621288332444276,0.6129220233764103,0.49760362799332025,0.0,0.5785815881105416,0.626895468024196,0.5777185736056405,0.6699906817874756,0.6201516763766081,0.45549587068697517,0.4593118174429032,0.5861862852823886,0.4785692145310468,0.6411442615514409
0.6327025828854717,0.6039015731839322,0.14762453769660694,0.5001585225251575,0.2995969089886331,0.5602447988049224,0.5503327224646395,0.4287990494776125,0.5459774447944218,0.37601777084263566,0.7630232552601938,0.4190911583363592,0.5176554928901641,0.0,0.6646892564938498,0.5940845622552938,0.5883065702555514,0.5963263869692904,0.4780450702795633,0.5364138715618667,0.5251875811205408,0.48739126999666454,0.5651188884796039,0.7129572489694649,0.7559360040812518,0.6230803415570751,0.516567043503836,0.503404954677614,0.7034556166847948,0.5548707821788075,0.4304793381590841,0.4114658108189237,0.5076012026791303,0.41299552867254324,0.4488532223989865,0.6416596687176697,0.9241108651402606,0.9036322948739074,0.3408931056438429,0.4322474450433138,0.5146626812136663,0.3704376523560439,0.5194629216528346,0.40147170756329686,0.6119995800952122,0.699966110606309,0.6301187433051061,0.4232076428652318,0.3958665269257397,0.41981173109510816,0.5094727486080161,0.44315071970790865,0.5274440610038228,0.5874232155400461,0.5441202031014144,0.0,0.3127949384677271,0.5061719211775482,0.23606464937270258,0.6021935494026481,0.4304791912863599,0.5189484237376553,0.47306762452761264,0.3969058976713486,0.407258269653709,0.5785815881105416,0.0,0.47517072927956217,0.34482423288593445,0.6257234300129081,0.6310319015590107,0.4213422985068709,0.6302479131469038,0.539457573414911,0.8436231637716808,0.4380900034493951
0.5868507936845886,0.554919634393269,0.6507246183199651,0.6609682763827653,0.7141605438758039,0.6554955093529374,0.572801294481417,0.7685743266393446,0.6755203316282705,0.5923896359015349,0.4754612199293519,0.5329917832018453,0.6165637611076186,0.6324045706680139,0.7207863350651272,0.5719708911104374,0.0,0.7431734355100736,0.5766245522445039,0.6115577350290554,0.5559313705964884,0.6138246605137767,0.7576342917240866,0.8648664406459594,0.4568150629555364,0.5204747392447638,0.6253142066986279,0.6153341187725889,0.6318325312722813,0.6162006009263495,0.5983414365614084,0.6761567379411115,0.6645558393485773,0.6690458174335181,0.6323059713298627,0.7785807070081721,0.4819830173089001,0.6931520820120173,0.5950627098127685,0.4534256894781803,0.5990638299647916,0.5795657641309315,0.617739645003001,0.6088883140380358,0.42351929645302144,0.6015027744026284,0.6121335599878899,0.4610939317950019,0.6111781080419761,0.663332717249504,0.8125007513985447,0.5807190890702054,0.5871342978369855,0.6212101373059792,0.6134749557552835,0.6123362131603451,0.6848282656043201,0.588857730699548,0.5000897147169941,0.5221019498365497,0.6025615080521438,0.46966359238507494,0.5996060655716774,0.4817191701216538,0.5441687091744629,0.626895468024196,0.47517072927956217,0.0,0.5814843249630677,0.5962065586036512,0.5807645566695329,0.7818100619569579,0.5536454557646179,0.45491909667060304,0.5655004469208531,0.6199652392057808
0.47568472821646235,0.42178924887540786,0.0,0.0,0.0,0.631914831608022,0.5134268841878133,0.0,0.34393847627802543,0.46304048512885776,0.0,0.44049617643828676,0.4956913296447833,0.0,0.4765763873878901,0.3980356288451453,0.48168386174927846,0.4607381515444212,0.0,0.0,0.8330111174379793,0.7634786106694091,0.24000876490495715,0.38206874164138827,0.5229887003114935,0.6174002209445151,0.0,0.5547891220027463,0.5257033728880978,0.0,0.5145420840378483,0.3634943636880076,0.5514789407648399,0.48403214781434534,0.452124147404809,0.4179541020280105,0.703786318903022,0.5148136088519398,0.4780361379612184,0.7283017928305037,0.7695505595798562,0.4363773681550526,0.2960738054959989,0.6593131690779747,0.7190003889524229,0.4227536545192414,0.35875030713524325,0.4185668038354057,0.35707035700906053,0.6656595088398922,0.44486870828252534,0.3110504785019897,0.6315613559084245,0.5058699821588755,0.6718041968414609,0.6341268727902657,0.6526669131731208,0.5944278644865452,0.6426910464812379,0.7762434629177362,0.4738605331618378,0.672490185759121,0.6683759137289074,0.6833732543460436,0.5288707074705782,0.5777185736056405,0.34482423288593445,0.5814843249630677,0.0,0.6933605347480288,0.6217805462148309,0.6933165229522845,0.5403114738030941,0.5249304211614201,0.36114126600610785,0.8147617939228042
0.6822702064237772,0.4566543465611388,0.6545505323192854,0.0,0.5017962135798759,0.4330099247294943,0.6111094932577238,0.5281849788736261,0.5615302097989818,0.4872018959615805,0.0,0.5395992976997994,0.46065654105120235,0.0,0.08593477139216854,0.6283440845498414,0.674223727446709,0.642393911315281,0.0,0.4608728417605015,0.1018253560237351,0.09353969897687064,0.4444251677626676,0.7160565644345266,0.6445904080159103,0.7052132503674333,0.3969049414843422,0.5161706530580085,0.541348911780307,0.36612301532689323,0.6887774229900561,0.6688720563806464,0.7527254243012128,0.6961741170649872,0.6904686909628035,0.20515024307589774,0.0,0.5313647730834993,0.6124907436745662,0.5155707255377471,0.7579595237264038,0.7939804356443529,0.7486990659460676,0.5162291121330903,0.4622818457732153,0.767141162519642,0.7066880848477106,0.4804565387753621,0.0,0.4535530671408718,0.644708299716207,0.6567751528701752,0.7691631340789157,0.672283901733495,0.6140666667262817,0.5981282998646588,0.7362237983878449,0.6417426916050047,0.686445518407719,0.6991207599321484,0.5569764995469448,0.5757264872074817,0.521652755096371,0.48222961168274364,0.5927977266043019,0.6699906817874756,0.6257234300129081,0.5962065586036512,0.6933605347480288,0.0,0.6820182547682323,0.6780976239687382,0.5849983805691986,0.6652426083302739,0.397920922894508,0.6222793414929869
0.7471229033487238,0.47999308058547363,0.39917193202520307,0.0,0.5275492954661133,0.46163177039656966,0.5038629404642131,0.37394397603576646,0.22277582198199802,0.5672510495876313,1.0340279827585623,0.597428377613104,0.47462489367690447,0.0,0.3581855171826443,0.6700979898058298,0.7181757275088549,0.6883620743509403,0.0,0.30249584739166413,0.6475791659184669,0.45497343302767823,0.4073204954284,0.6670517656986937,0.6514504993652023,0.645979694757675,0.29919557605598307,0.4042190046186775,0.5335653797313351,0.5085468511155722,0.5686873883867702,0.6560114101303852,0.7134992076532396,0.5912897497642652,0.6326094692017357,0.2823795522786566,0.48740419925084993,0.6156722118961105,0.6344808758601811,0.5934032067496998,0.6061838549861843,0.6150684945044594,0.6100988806318898,0.6489565163359189,0.5225675028585645,0.7300344021766347,0.7491468740978022,0.3638148323423718,0.5930299614710407,0.4916976649596601,0.512727412948624,0.43610849019567677,0.7046678802023835,0.42481255595594375,0.6576946857182845,0.566779106690765,0.5102944638347177,0.4741688705256477,0.6349696730568497,0.5951101031437572,0.7227180926156035,0.7240430841099949,0.5678191218596946,0.5049755101081386,0.6119966046785306,0.6201516763766081,0.6310319015590107,0.5807645566695329,0.6217805462148309,0.6820182547682323,0.0,0.529971639952939,0.6087579197447034,0.7640022753356054,0.5772877317438921,0.6027035534059844
0.45139146932219043,0.508667060854438,0.7081195961327412,0.5173728773748679,0.5266912553361531,0.6443705016678041,0.52819575369151,0.7117340094768397,0.6033558102438186,0.5978066944841615,0.49501915776508454,0.38884163064934774,0.6240272993379694,0.49225266416082997,0.5342509858405385,0.5535946638587866,0.0,0.462624892033938,0.5523892309658469,0.5611488247946966,0.4363682271888461,0.4722518591746391,0.6088784148842691,0.5248155473858682,0.4464037350271157,0.41302896642999887,0.6283202217936762,0.6105322572485031,0.627342500642316,0.6046135804122291,0.6242641913127547,0.6677645387474381,0.5124842103320032,0.6720274579572322,0.6767947784429629,0.4665596638593238,0.5358861434411502,0.6947877640150545,0.600456043092268,0.44933887324279775,0.604927701074619,0.5503435333611257,0.48788079198731005,0.5483384311166125,0.5978785046516564,0.5693675906753148,0.503572559419016,0.5981495129281211,0.532822751121566,0.6044034232662507,0.6178805336902972,0.585195431237107,0.5918892530990894,0.47181714612273373,0.5472436466058098,0.5341301753634998,0.4866850582532124,0.5907755992499163,0.48066867999649554,0.5825709718634727,0.6827476130429933,0.5771764714150901,0.7122982215256438,0.6078429068815021,0.44277514009389396,0.45549587068697517,0.4213422985068709,0.7818100619569579,0.6933165229522845,0.6780976239687382,0.529971639952939,0.0,0.5229143800774606,0.6026655621958754,0.5357982990468829,0.5925791722374815
0.4426601421826978,0.5780416665852309,0.5532873972267778,0.4872255545226544,0.6197860485953254,0.5429964207442458,0.546755610118401,0.5241571847529864,0.5003929753285853,0.6054031085884273,0.4636954221959762,0.5619896424526731,0.5838977373461965,0.7931640730301376,0.5506555650609863,0.5319356137835961,0.33076138913554026,0.6709298560086575,0.5879728359365998,0.44061991393206534,0.5404110349758313,0.48608616947411987,0.5457646060761403,0.7533102196600302,0.4885340716857362,0.6295184781997027,0.5278713484013129,0.5040031851655649,0.49954462928009513,0.5944064907908766,0.5054702227114765,0.2619191065311146,0.57884524925731,0.025398982705253204,0.29348459152752476,0.6085946147652128,0.3781231817623129,0.5027622514021187,0.4522594170442745,0.35617984246167955,0.4077760066807858,0.3902013072715785,0.5879795682273545,0.6060675889507506,0.5645921980073126,0.6315147681244908,0.5664809227779843,0.554789594269955,0.5946010414651894,0.5192031396127706,0.6334274494301046,0.505270783882516,0.4092176207483419,0.6134180893120919,0.4976840128351535,0.6361958082616721,0.46987732842847874,0.5863539098099103,0.7118495634410221,0.35861094979712416,0.6811408599868465,0.5563148475154402,0.7642391826069829,0.6119602694237747,0.7550237090859088,0.4593118174429032,0.6302479131469038,0.5536454557646179,0.5403114738030941,0.5849983805691986,0.6087579197447034,0.5229143800774606,0.0,0.5579164251688786,0.5168357873422025,0.6920820255965539
0.7701432567453874,0.6333464343980036,0.6380760334428865,0.6457443541491326,0.49211558501836933,0.6795996918214986,0.4258212887172943,0.6378229675090612,0.5627686609314375,0.4589884810435224,0.40242087850376057,0.5696630893637245,0.5321212361231384,0.0,0.5315461779402757,0.5915429484961351,0.5073283137240988,0.49087652188356107,0.4937435683564137,0.5614585633477911,0.5136740677078769,0.564597248237636,0.6332580147709428,0.6906013760310199,0.44619468812814106,0.5814566655598681,0.5519628098514444,0.6200092176296143,0.647709236954508,0.5173162518057575,0.5817993660062223,0.5853467808994175,0.4117202186272414,0.7096237277377723,0.5866522420089183,0.5056386381794312,0.6148236383700836,0.5074827033513243,0.5746839827148312,0.7118900167036316,0.5712093934911181,0.6024956693613032,0.6134815747394153,0.5450732215725804,0.6239332438044423,0.7394601642486516,0.5391950553568724,0.34280421032054603,0.5057962285965979,0.5954121218545455,0.5574641215977102,0.5806982151916124,0.5599884703239723,0.6112779056367497,0.5971345866987097,0.47345860205954937,0.5458982814084173,0.5768945290512185,0.37952345962086115,0.6166031259196401,0.5652806554486935,0.6887294039938955,0.679558729809468,0.6051444591042062,0.5564600657814922,0.5861862852823886,0.539457573414911,0.45491909667060304,0.5249304211614201,0.6652426083302739,0.7640022753356054,0.6026655621958754,0.5579164251688786,0.0,0.4628304873622346,0.6596103686507122
0.0,0.0,0.7422830112201337,0.0,0.0,0.4598813952542209,0.7117152516965944,0.5140994533821784,0.5150038318460669,0.0,0.0,0.0,0.5343477422865263,0.0,0.8155279361342574,0.0,0.0,0.0,0.5354183109012672,0.5791751904422082,0.42575463118196405,0.5700215812312385,0.5850921590484383,0.0,0.0,0.4942236826379324,0.4370814072016836,0.5242723884643391,0.4599215952021706,0.47145369949429716,0.3623318724270517,0.5599201142591002,0.0,0.5132369006452455,0.23960119512797978,0.10901888317138958,0.0,0.0,0.41014958339373037,0.5873920987563401,0.5034307362254234,0.5527938249144474,0.5589032363151234,0.5566170446847424,0.8696189782300033,0.5807782150510955,0.6744620501705766,0.3745235115328394,0.6694774226749646,0.22284906085479822,0.5657648600940294,0.5273731813879391,0.42085779164867265,0.5255498587239608,0.6058883200015144,0.41039861882265605,0.5309299712383365,0.43941905342761645,0.17192559121463102,0.7181852480712673,0.7540809631850734,0.4838611462786583,0.3879044141330281,0.4970711285270607,0.7282565498875067,0.4785692145310468,0.8436231637716808,0.5655004469208531,0.36114126600610785,0.397920922894508,0.5772877317438921,0.5357982990468829,0.5168357873422025,0.4628304873622346,0.0,0.5722007384842361
0.5432231109267955,0.6033875315865123,0.445690526467563,0.0,0.5593844157566995,0.6582649233253083,0.5311280051901259,0.483325942986007,0.6245264403261486,0.7224590081736915,0.5591437746500634,0.7168726776546228,0.5077129022723071,0.0,0.4585150483326646,0.49977505438988074,0.6209027291880869,0.7106556406115468,0.5524814339566243,0.5801336144225863,0.38013698468836404,0.40083485112746564,0.5921318177814567,0.6270781672265808,0.6727813927537265,0.6479406409121575,0.5451480532549174,0.4855779677824055,0.48147922482957006,0.41589697578622276,0.4201819906159734,0.713250713342241,0.5469045299061143,0.31942440584670473,0.5285932215767051,0.6173092507380604,0.3383177274446651,0.40253132949069437,0.5581211518124682,0.5934449137584763,0.2588458875961219,0.5185739048960537,0.5480502386866073,0.5515594970139924,0.7804245604602325,0.7732343226974379,0.6193948494921796,0.5934279196098835,0.3241284960075087,0.6880836409438361,0.70827738012971,0.7612036005172499,0.5376422630480465,0.5994926937379487,0.7055943167467352,0.5839253362070255,0.7654291259370231,0.7274246700712268,0.5053349775109399,0.48370297816201074,0.46980226938234876,0.6032428391771039,0.5967874865823647,0.6015037734402622,0.5884192077100775,0.6411442615514409,0.4380900034493951,0.6199652392057808,0.8147617939228042,0.6222793414929869,0.6027035534059844,0.5925791722374815,0.6920820255965539,0.6596103686507122,0.5722007384842361,0.0
