0.0,0.34147397538509994,0.022281256051685627,0.0,0.018862223835370413,0.34982553201581656,0.0376146041342903,0.6188007987235038,0.43651833880425694,0.4618983015567157,0.3779972976538389,0.5006759967006704,0.3762144762300113,0.5559603027051238,0.4024858700951264,0.4456504972525156,0.2933849275981471,0.37025191554956904,0.0,0.4650530599251522,0.5812858203407738,0.4742805870642779,0.4771362019036359,0.612919547272755,0.4788267545445666,0.5755033708368222,0.468020674000709,0.3727901931311816,0.377357220885489,0.23936817860844456,0.29549913199014577,0.5203101677967727,0.15514113556429832,0.3021505991832684,0.31562737215157444,0.5222246736732692,0.0,0.6787190857771366,0.4304321654856643,0.15321752833058627,0.28388863154695815,0.26708406195071294,0.0,0.0,0.689913708131862,0.3303715825810404,0.3271858771950562,0.0,0.0,0.0,0.18931738040931012,0.0,0.4959054300192217,0.0,0.5563202810266958,0.0,0.7138113215325199,0.6097977654879401,0.0,0.5535007447214922,0.2829325791974622,0.33539676804474183,0.20364498526813013,0.0,0.34641066759821293,0.4166012124434163,0.4201465366960218,0.1874381989693491,0.5224526769884403,0.2683999845397829,0.37487887293068917,0.5529730737649416,0.5162686063454586,0.6565464826829308,0.0,0.22491069965845883
0.34147397538509994,0.0,0.03374284195018229,0.0,0.06715911427642163,0.37160575326867534,0.16904160594157724,0.4240334022977409,0.19080383335882467,0.5211512933602228,0.4468005543507242,0.46880853086675645,0.23078262958846818,0.0,0.40636519372558383,0.6288207223960394,0.3689357981096546,0.6367358116387283,0.5915629229056539,0.6025459204241469,0.4452398649957316,0.5965528759512445,0.3130386098520383,0.456317461950448,0.627140055493348,0.5312643470024041,0.44115875992835474,0.31352142556741913,0.4217944771323968,0.11989821075458584,0.5847732987323995,0.5701758542034152,0.18431573939872625,0.5122188728591597,0.331414606710166,0.533030611235638,0.6277509756600693,0.14289741064807698,0.4618617480440391,0.3757147775428341,0.38458946524647036,0.42260922834843184,0.26825845642634377,0.0,0.4857406174982766,0.34921908539363244,0.39106325705519557,0.4293228779324934,0.0,0.0,0.207935146017882,0.5917146034381715,0.17474426601942888,0.5463365292191752,0.7403282423828644,0.0,0.5570809787703059,0.2778365157833739,0.0,0.42788950319962826,0.3698654110617856,0.44141119159596554,0.363643736402908,0.0,0.474471123647337,0.4393771491715658,0.449103230553762,0.3376576495348655,0.35227313788685627,0.35168179518898257,0.3930370357665555,0.3134277296343708,0.266718573457545,0.3287457977759387,0.12281719575416983,0.41697125756402426
0.022281256051685627,0.03374284195018229,0.0,0.27643268792416587,0.31087080140634477,0.3224023312525563,0.13475333030299796,0.35418511524443497,0.2571788001510815,0.2022647286691891,0.3617277873932613,0.46176324431335697,0.1197697066966491,0.46799209737631897,0.3900346918807556,0.6324830804001531,0.570637821433132,0.6461125521363285,0.2195217059589512,0.16804051866365732,0.6493403458263617,0.2517635961167824,0.26675845272764664,0.5014097442338883,0.5683239938335749,0.3671626595683503,0.405381953287947,0.19371358698915786,0.07161063648804111,0.1762398420405571,0.1932668576347748,0.16681636718373327,0.7333154921694536,0.14682566228326505,0.11893350788297491,0.25035032957224856,0.25791461804036275,0.6859521495515268,0.10736926709300126,0.3611499449994386,0.14244138659891264,0.6048560495202174,0.15530541208110438,0.3700633996984416,0.5686304982710444,0.0,0.6954679063376716,0.19781911218780124,0.5123917361970567,0.39454102656890094,0.47891808928959495,0.39182811213237745,0.4046175497832915,0.48218409030769105,0.6576127991261056,0.3982683653595747,0.19132731001534473,0.4132902166241064,0.2148889730273345,0.7482479811979872,0.5008341458090618,0.0,0.0,0.17122852803435212,0.5199114712834849,0.6989823726417866,0.520049321314521,0.4853665345480291,0.0,0.0,0.42530069270989485,0.5074924236225093,0.4647235128875461,0.15638687472380636,0.24038957723312554,0.16482064385634299
0.0,0.0,0.27643268792416587,0.0,0.6254586865073115,0.1933495199996923,0.5545518936297317,0.3623294073790564,0.31097560959964793,0.4623372378620665,0.46793662258929686,0.334003978511604,0.5564288282807265,0.3677305170336437,0.7820331642590971,0.0,0.09671793333574191,0.0,0.45002113315915154,0.5182875655276544,0.5154950829462673,0.22176608982827295,0.2513026570264575,0.0759380567586547,0.0,0.8024338885188944,0.0721415652189421,0.7396429516938063,0.18887318481603424,0.49766701234702515,0.39611005271265937,0.3278634671129099,0.19574753936381567,0.46377340774118175,0.2322455930319343,0.035039604839743665,0.34711048612971934,0.19356562101811647,0.4229986769035603,0.0,0.507751709383378,0.0,0.6902133038029586,0.0,0.0,0.0,0.0,0.8377468714172821,0.0,0.0,0.1271817755147075,0.0,0.0,0.5065349165726271,0.0,0.16504746603704257,0.0,0.4925373509923602,0.0,0.0,0.0,0.0,0.0,0.0,0.0,0.0,0.0,0.14523669770567504,0.0,0.0,0.0,0.7446070439750844,0.5072213349938085,0.9612596108375744,0.0,0.0
0.018862223835370413,0.06715911427642163,0.31087080140634477,0.6254586865073115,0.0,0.4297405123403731,0.4972011927096525,0.47482999151920274,0.4859248084810524,0.5451362603207313,0.5094158132205068,0.34754992227508513,0.44869611811444254,0.3341256195109852,0.4135573680041454,0.0603166671931179,0.5130134857665803,0.13064581939979347,0.3132008801881203,0.37129129676033557,0.24658365618629402,0.2886060684095139,0.24900179609655426,0.4698280389609197,0.08052052167974971,0.33544915075338005,0.30842909929411866,0.5456168104208579,0.1253060931391935,0.3152552990601431,0.39556375115283116,0.4502611613799452,0.5273101487308747,0.37795159975783266,0.3408231540712653,0.2289827180452313,0.31022596807023584,0.5559339239335166,0.27908612886401596,0.6226712388981641,0.27663757747109957,0.5025433255747829,0.24567930686774264,0.5017591374923118,0.6052900509618989,0.0,0.3571421684182957,0.43872225045217883,0.0,0.28365041733422763,0.17967354693891446,0.10989747097871944,0.20209003697091377,0.17702200274640628,0.669781300696314,0.23801451232340348,0.4411063947052059,0.18114800335910242,0.08987008989114709,0.5872317712244383,0.16406425378073775,0.0,0.0,0.22787388183059432,0.6919877247686624,0.0,0.5446132737024957,0.2452718990458353,0.0,0.5069014940589094,0.6095919810871994,0.2601077572675435,0.17677322498070014,0.08130642820271772,0.26101796932883514,0.14899201591597683
0.34982553201581656,0.37160575326867534,0.3224023312525563,0.1933495199996923,0.4297405123403731,0.0,0.19878643425149684,0.35741073209229046,0.28124965288726217,0.3119061043752238,0.4784238570132249,0.28492118946232586,0.19133070637141558,0.2083346808192148,0.3107046139482746,0.35438381946919506,0.5512500615316485,0.2581122749635141,0.2724434836475454,0.3625857907934846,0.2701250599095711,0.3897936684446135,0.2771789878605723,0.27193379029769194,0.35876515058594505,0.40382766046479,0.31918952154997804,0.25746129017132696,0.38965743538548164,0.2479986694582917,0.2857701928166519,0.23040047400401759,0.06220416352739577,0.20701873897669104,0.2559348350617283,0.20386950608983956,0.2943225132772216,0.6129656850316314,0.2874425534881066,0.499884553305339,0.39088376522686935,0.1048950612127777,0.24807635317285204,0.5860360018051959,0.5091721059472268,0.650415424822857,0.17908083160261168,0.20367542746028694,0.0,0.15296579432937374,0.09294907553971188,0.07019647463405665,0.5331952309136171,0.11143024637567123,0.701610648932644,0.2941142991383925,0.4602100695510288,0.11925667920552274,0.47557256339584497,0.28630072426868386,0.6467541358458148,0.0,0.31816854494182983,0.21161286189692335,0.2722140592280922,0.2622328879989453,0.34687352341487204,0.061741079529345044,0.0,0.6453332217439474,0.38402741695669235,0.4288506112578207,0.1415794706879352,0.16360275241573385,0.19306633993648464,0.36530925951875587
0.0376146041342903,0.16904160594157724,0.13475333030299796,0.5545518936297317,0.4972011927096525,0.19878643425149684,0.0,0.21592820252321487,0.33417778090362077,0.62075589210243,0.3767256324960805,0.5461647787637711,0.4823660233375395,0.34176217651719115,0.18787426306367022,0.263452165614988,0.673532238285371,0.3106503163113776,0.22471484868477049,0.19411645591572396,0.1460514650345479,0.22343863855710394,0.1853217249247166,0.41477586447241804,0.05529464541405005,0.2375988345214406,0.11283512443091587,0.6389194719673024,0.0917242546427971,0.24872489210910032,0.5582433296340696,0.46747722434317857,0.38521155750854047,0.5648895957986866,0.44756965608818966,0.21200563468049277,0.3791869416438012,0.6356677061456906,0.3145419622559168,0.38590745080223865,0.21001082930135678,0.7046150563781588,0.28681334914652407,0.1400849715324439,0.4196040988114022,0.48234579827607166,0.6492626775380311,0.18908120033632098,0.0,0.09829510924293483,0.06708333828666113,0.048141601493439934,0.10404576475299587,0.13004879563660887,0.5417292127075397,0.3166212756780887,0.6441061267296403,0.04807429464008495,0.62953850800749,0.35262426722970497,0.44046353868424043,0.0,0.4305376785910248,0.10009140964239038,0.24734573743558796,0.7295947117003068,0.37661339112937703,0.07054425771928852,0.24829508991975516,0.5366120790826083,0.30287236466713474,0.10115566336738258,0.14075503039320092,0.05309338474649239,0.20675771963484724,0.17578299684137766
0.6188007987235038,0.4240334022977409,0.35418511524443497,0.3623294073790564,0.47482999151920274,0.35741073209229046,0.21592820252321487,0.0,0.2298146209569118,0.43898465436874734,0.41778592076040183,0.49320885991166424,0.2414738335863047,0.5001486069557458,0.4982941145578802,0.5787954424699837,0.2322772455617183,0.5568323376858451,0.23526598769269874,0.19091015725726862,0.46886658968580563,0.3559013297898717,0.4261781202822804,0.6202675889391303,0.5616911489561802,0.5594250657242072,0.2904485840924477,0.339384014965922,0.12138081041189719,0.32922670865902304,0.28561709671607205,0.5074891396075534,0.3663862256450633,0.2603195552226794,0.2501776680915615,0.25815639215754005,0.4745768764805393,0.6457748088345928,0.5196148024965876,0.3445713739540475,0.23540777878781521,0.050431617969090015,0.3829556626282984,0.4942031271108037,0.49097783481015483,0.5719208587453462,0.5862720043680638,0.3924534202080823,0.0,0.38713609964224305,0.07568006980411884,0.11839680375308048,0.5370844412065258,0.31455525688284675,0.4977949894582884,0.4210319320399041,0.0,0.09359352416135225,0.3144756469567044,0.31823690984403563,0.6299838973996479,0.0,0.29921721517610017,0.4942742046472869,0.4431850840653253,0.5976316041707475,0.4893841155014048,0.583552597131994,0.6622305575869424,0.6982835982810578,0.6205171403480194,0.32801907852474693,0.14879750270055164,0.05276314297121509,0.25124481731208087,0.21579360619481908
0.43651833880425694,0.19080383335882467,0.2571788001510815,0.31097560959964793,0.4859248084810524,0.28124965288726217,0.33417778090362077,0.2298146209569118,0.0,0.26077917906841075,0.4512539512396573,0.27072311277154065,0.3694941681532795,0.4523169310137819,0.008312198200642662,0.23401682675299645,0.5541029565025077,0.12843165109491278,0.16165996747135047,0.22078385241919257,0.44209350854003737,0.2538956348564823,0.212575311710953,0.22414170992851806,0.16678624536894765,0.20435712170154458,0.4076588010523524,0.23201306492237866,0.08099226797023917,0.14020429048640526,0.22157323529658168,0.12239696378378162,0.08885507909619833,0.1714902051605165,0.19871305638408676,0.16914237353318545,0.24403184997343358,0.1550960237261073,0.2959025487543128,0.25196213087014396,0.2253110199523024,0.06958496029617156,0.24076776559696333,0.4269660707070207,0.5965171579620939,0.0,0.6132169215753955,0.4120079464420147,0.6880765345936682,0.2498599805197349,0.21527558501489336,0.20229050514672464,0.3288213142273014,0.22878722929547696,0.42263357755181913,0.36380768199623276,0.35021940351204794,0.08690830473481292,0.10384402253408109,0.6786805362705058,0.6553112905853965,0.0,0.0,0.18774574015742668,0.24196748760525133,0.6145916190368683,0.31890108404597006,0.263541789975707,0.5110014263919354,0.6202497986222644,0.015084514059559795,0.30069529645623294,0.20444590478635477,0.04490922949166376,0.13774694768630347,0.19106660564515987
0.4618983015567157,0.5211512933602228,0.2022647286691891,0.4623372378620665,0.5451362603207313,0.3119061043752238,0.62075589210243,0.43898465436874734,0.26077917906841075,0.0,0.38974345753063555,0.32814318357904626,0.6140308755918917,0.113791729793836,0.5658857093566578,0.5321636776826372,0.5058017759681667,0.5014366322846763,0.27006775428098656,0.5822253543879015,0.5016810738903227,0.688697828000919,0.32683027927232705,0.347403008514227,0.600659067514552,0.43997509645650307,0.3295841401178486,0.6276159463078286,0.3595615591662871,0.319549586350015,0.4222233390491977,0.5250846687257692,0.12916314827593123,0.31331831367291124,0.318777301702713,0.22126529282245855,0.187458616139988,0.3512846782571887,0.4425284873924944,0.1503926076786074,0.3418068503772388,0.4267150076757872,0.30224541737023064,0.4581944098897115,0.18402397546918173,0.5477719321446853,0.5127864875251008,0.7455550472830316,0.0,0.0,0.6983190105362371,0.5195218976416784,0.6781076928355947,0.45761735872617404,0.2772137836790614,0.6593016662957492,0.3833969438949844,0.4586448188050925,0.0,0.06273751926072005,0.25142345776577746,0.3998439357896705,0.36931896145729465,0.31927449144824016,0.37521220081157947,0.6263359295415547,0.6593282080895053,0.05264485283043818,0.43796599141213927,0.2854092995336965,0.4005817260213747,0.017936543005066308,0.5223642287680221,0.6790189282499053,0.0,0.22601295756851802
0.3779972976538389,0.4468005543507242,0.3617277873932613,0.46793662258929686,0.5094158132205068,0.4784238570132249,0.3767256324960805,0.41778592076040183,0.4512539512396573,0.38974345753063555,0.0,0.2512381074680208,0.3392255688710367,0.4497777520173091,0.0,0.502359179926308,0.563257094830051,0.6232363532505254,0.3001237438779266,0.4981048807410832,0.8076795042604658,0.44210498004403,0.32924021353303545,0.25640765757528805,0.0874482201729041,0.2578590156751789,0.4436007744852845,0.3437260904914551,0.561301693737644,0.33736194027974664,0.308607148597965,0.42064879375299424,0.649066381295815,0.27214468051712076,0.2775886524840292,0.06507063968160354,0.15107937318651388,0.16800091579290927,0.03364771225708274,0.6626069667271596,0.17860545596741628,0.8562510883176457,0.1875704910013316,0.7283697436436575,0.8276288082605512,0.0,0.0,0.36518489258473513,0.49158151127635874,0.3576745264526255,0.39173454460067303,0.3306832363738761,0.3608358155525485,0.37487674845601676,0.7003351232508905,0.3464961822055381,0.7303959970946999,0.36534637967142397,0.3946367738312741,0.6924532800916313,0.0,0.0,0.0,0.18431506382602014,0.3949550204263496,0.0,0.36686229701608614,0.6092152103043134,0.0,0.0,0.5872260213919476,0.3155553917571242,0.37547581042176625,0.47681146599856183,0.7691157839978696,0.12786433361787908
0.5006759967006704,0.46880853086675645,0.46176324431335697,0.334003978511604,0.34754992227508513,0.28492118946232586,0.5461647787637711,0.49320885991166424,0.27072311277154065,0.32814318357904626,0.2512381074680208,0.0,0.5004529204511101,0.7002663881764966,0.487472032965224,0.3490691236755424,0.2743349438563533,0.28094128414526254,0.6632525712843294,0.6089673394438467,0.528397982839186,0.8040234084025567,0.346756503984568,0.3206313216635316,0.35487980440643496,0.5471889635311408,0.12968729745754143,0.5075253605550497,0.5046401584979733,0.431376747391545,0.31435090906518776,0.4838830627964263,0.09343488897472718,0.17197191936458706,0.18106858863003245,0.3365963852453919,0.5543250206483575,0.17612981698326216,0.1762441021056912,0.16404221234542632,0.5618829511517085,0.5652808803377521,0.33899543686620703,0.5412805904038908,0.28504249015338884,0.39462938332873876,0.6043468854007223,0.6054681815025897,0.0,0.3638131624741315,0.4133825525908797,0.6935844577247747,0.0,0.7274054330199133,0.38027928038780234,0.5539026401796484,0.400137642079839,0.6220355950507443,0.0,0.6727458496035605,0.38879864262414127,0.34421810997698654,0.3778459497786057,0.0,0.4800049670157002,0.7575114974458299,0.8063573339919133,0.05912423853721638,0.48124771834681507,0.28332227661018855,0.41877579348943483,0.4050611105580394,0.7630599940231894,0.41182176120008906,0.0,0.37009659919113275
0.3762144762300113,0.23078262958846818,0.1197697066966491,0.5564288282807265,0.44869611811444254,0.19133070637141558,0.4823660233375395,0.2414738335863047,0.3694941681532795,0.6140308755918917,0.3392255688710367,0.5004529204511101,0.0,0.3538763531752909,0.10948962921369781,0.33911594560291036,0.6549607919575896,0.3196502882010343,0.20039643443180055,0.2241028542896168,0.23303184937627164,0.23847196016481437,0.20569047298005216,0.42418939578584447,0.20782456766970575,0.31710328639067514,0.12669971213337805,0.5496645892516925,0.07630573050330447,0.3541537200263608,0.5303835380778605,0.4581985090346372,0.2748654685870822,0.554146823630339,0.45593041215223373,0.41566373824923475,0.5732364146488415,0.5154475684006501,0.2922866314639751,0.5352691182111272,0.24925621236950046,0.3078558616183341,0.2328708262244012,0.833317654300742,0.5589896750354175,0.4662749711185535,0.05456763363914208,0.07361653638091048,0.0,0.07162955170735652,0.05832154608347162,0.046741090930312756,0.09503402966271013,0.06732669002133196,0.5908862419141989,0.3048400427529089,0.6047799800049287,0.0664711531617137,0.12825628287636665,0.30585875520315264,0.6580587703589424,0.7826293380713614,0.5985986568912526,0.13329887025163645,0.1968159456649557,0.3375150879697159,0.3394818311339166,0.09126401450919663,0.46600068225369007,0.52517611705111,0.30096112275956455,0.10206609996518445,0.13442782628116456,0.14826240242428224,0.21569376792054246,0.1702827239057042
0.5559603027051238,0.0,0.46799209737631897,0.3677305170336437,0.3341256195109852,0.2083346808192148,0.34176217651719115,0.5001486069557458,0.4523169310137819,0.113791729793836,0.4497777520173091,0.7002663881764966,0.3538763531752909,0.0,0.4431607252192521,0.0,0.0,0.0,0.4375819317311017,0.6395818639583837,0.5208732668781172,0.7511758229138111,0.533658635085779,0.7714878918024605,0.5054956653281767,0.49309337301473954,0.5139280437251703,0.3604962120379638,0.044879063342803005,0.14512115725114097,0.3059114592165062,0.010720429110125163,0.3525940050320179,0.14807531515878342,-0.04683462528309773,0.03926689406078965,0.29133038055281685,0.5157541097794279,0.6012316022486575,0.0,0.17454431246705027,0.0,0.5706317074079355,0.0,0.0,0.0,0.0,0.44417189892876685,0.0,0.13879116750284304,0.13780072712829317,0.6127236977590964,0.4806037167898714,0.0808941073106565,0.0,0.3531112311226352,0.49514591899321175,0.5502059562848551,-0.01301499056533667,0.0,0.0,0.0,0.0,0.026383097811007894,0.29017671113605525,0.0,0.0,0.08875466315949493,0.4933739404520912,0.0,0.0,0.0685132605989473,0.5832165670598949,0.7753095205276056,0.0,0.0
0.4024858700951264,0.40636519372558383,0.3900346918807556,0.7820331642590971,0.4135573680041454,0.3107046139482746,0.18787426306367022,0.4982941145578802,0.008312198200642662,0.5658857093566578,0.0,0.487472032965224,0.10948962921369781,0.4431607252192521,0.0,0.4847147776544938,0.2058733776806636,0.31499030546845835,0.0,0.564307017046067,0.3919246861407212,0.46541282865888395,0.29341951322727705,0.22862234072881843,0.3379010985536195,0.6395763418618735,0.4534486207016558,0.3997301240822746,0.2611497258680418,0.42028734081587604,0.4461773423867724,0.4567528088309413,0.21930192334841236,0.4005720471383002,0.4034373157052898,0.5252958690448112,0.597016599644617,0.4595531534953312,0.6348931324194435,0.4996891466514689,0.5714937509069302,0.6071680336238712,0.497778478175543,0.7694387348934486,0.2757740378047247,0.3956292616676529,0.48376409517116226,0.5038502490859315,0.0,0.0,0.26919983977521206,0.4863059883010454,0.4170323525699382,0.5650190016352574,0.3658235750951548,0.0,0.25075974755564456,0.3449856027030203,0.0,0.6622580726798744,0.49177560174552726,0.43090337046542093,0.5296391743070725,0.0,0.5783030638283639,0.49594931069918713,0.6826318333342474,0.3613605349926193,0.5313989867454094,0.4037423129842655,0.5422975828288025,0.460998800558059,0.4009479117510728,0.41901689028358197,0.2657049168210494,0.5593866993244253
0.4456504972525156,0.6288207223960394,0.6324830804001531,0.0,0.0603166671931179,0.35438381946919506,0.263452165614988,0.5787954424699837,0.23401682675299645,0.5321636776826372,0.502359179926308,0.3490691236755424,0.33911594560291036,0.0,0.4847147776544938,0.0,0.5368809437325494,0.6637571491326136,0.488913232345772,0.6165497698194523,0.4870455387142744,0.6439242159451406,0.41425203144701267,0.3770149304504573,0.6354962550135211,0.5344313676031083,0.4565336809731787,0.43636922842356385,0.5432915064434045,0.3698566036170329,0.6377321979464943,0.538812597777427,0.2732761402959455,0.6497366972037446,0.37876307623922256,0.8961866480106528,0.7463637684520619,0.36016960128771175,0.4873671883146756,0.3421108475795367,0.3967585170483915,0.3712898107593481,0.6795783265057905,0.0,0.0,0.3758233570551419,0.43771866464697784,0.0,0.0,0.0,0.3485904751874337,0.32908390465017806,0.16479566214293395,0.0,0.1366029007692327,0.0,0.618385043390087,0.6278350497131816,0.0,0.5084595750633032,0.41573817799538176,0.2723135125946003,0.3214286755164747,0.0,0.4884296853167097,0.4993892495431127,0.5479667795691362,0.3832896359224379,0.33001959060470365,0.34408826127699643,0.39798721104954415,0.39784766884931405,0.44550098553421447,0.6911208066061848,0.6173970783287716,0.38902552590097883
0.2933849275981471,0.3689357981096546,0.570637821433132,0.09671793333574191,0.5130134857665803,0.5512500615316485,0.673532238285371,0.2322772455617183,0.5541029565025077,0.5058017759681667,0.563257094830051,0.2743349438563533,0.6549607919575896,0.0,0.2058733776806636,0.5368809437325494,0.0,0.5464409948865474,0.46302470642511884,0.4487545982047179,0.4295789685743988,0.4249391161647339,0.059573014409076475,0.2922359299465408,0.5035674089320732,0.3800665110141789,0.5446169593807418,0.5625732044830429,0.5538518538216478,0.5239826518890522,0.44184626907602836,0.5242976260239096,0.18695796764306988,0.38463336395873615,0.4084758963846688,0.17890755718460594,0.5606455362779722,0.09035118000389841,0.23958789762854765,0.21586727954097357,0.2785626346488039,0.30225861742338517,0.0,0.0,0.2217336716969982,0.2749399647711933,0.15672339168971733,0.0,0.0,0.0,0.7614024763556587,0.4935711032138727,0.0,0.0,0.32415877653533365,0.5077887096944232,0.291665249141709,0.5162874680206143,0.0,0.0,0.21582320784999565,0.439976084459498,0.31572281958842946,0.0,0.6850030570349661,0.0,0.7355861936158281,0.9498095974137896,0.3672276664020646,0.30409375503825326,0.3913752763256104,0.0,0.6154103788397156,0.5750834233763528,0.0,0.3512554354335993
0.37025191554956904,0.6367358116387283,0.6461125521363285,0.0,0.13064581939979347,0.2581122749635141,0.3106503163113776,0.5568323376858451,0.12843165109491278,0.5014366322846763,0.6232363532505254,0.28094128414526254,0.3196502882010343,0.0,0.31499030546845835,0.6637571491326136,0.5464409948865474,0.0,0.4984651838425408,0.5589520662537736,0.4595580812902938,0.6818950865212128,0.4275610757975086,0.3414470112629903,0.5992977569962354,0.5066952157159976,0.4335669890690527,0.49936506048718765,0.5256028262922081,0.5491979700533565,0.41903372055632127,0.4776848650356539,0.13411533349619742,0.38369631399127474,0.4102549861726227,0.6279424859455885,0.0,0.3413935428553175,0.333099742502445,0.21049962243750542,0.26948888949036437,0.25264307033398875,0.0,0.0,0.5064046716922369,0.3120076254863843,0.3327255652155688,0.0,0.0,0.0,0.19916660274467485,0.3301160980271604,0.3223983991020676,0.0,0.384824650258847,0.0,0.3583569015292259,0.45037104829418123,0.0,0.06706740438775405,0.2797337657379912,0.375257254595106,0.2632710693047904,0.0,0.2300682495315597,0.2524156981256052,0.4810904146619203,0.2551922183950259,0.35761224270977354,0.27417705041858176,0.32890037997177524,0.6526647600097739,0.2685526673761983,0.19615215118148654,0.0,0.26912378926601055
0.0,0.5915629229056539,0.2195217059589512,0.45002113315915154,0.3132008801881203,0.2724434836475454,0.22471484868477049,0.23526598769269874,0.16165996747135047,0.27006775428098656,0.3001237438779266,0.6632525712843294,0.20039643443180055,0.4375819317311017,0.0,0.488913232345772,0.46302470642511884,0.4984651838425408,0.0,0.13651298113128615,0.5579362385675488,0.5298413860653794,0.15698758859358364,0.6347923202748196,0.7038527619484974,0.14741527271053445,0.38928263945878583,0.21570250286984566,0.15915676557038622,0.1782630173836326,0.23553804600841588,0.17502474018878528,0.621294274602211,0.20147376237760506,0.1605303518947233,0.22896756406929342,0.20958818670828505,0.6181566901864098,0.07905343631259931,0.5654111495303822,0.10184742730179541,0.5621385941849194,0.13113889676223356,0.0,0.0,0.0,0.0,0.2828319139669473,0.0,0.22820784008941686,0.13573783092890557,0.12374246181536563,0.3191237206827914,0.11365482492940393,0.6146211514477113,0.27421997942732096,0.5039134879875192,0.14921754752582872,0.27922714636227314,0.11596186653668597,0.0,0.0,0.0,0.4500961922091941,0.5333454116037407,0.0,0.5024230580186985,0.24876344664010092,0.0,0.0,0.742213861994907,0.24452755466540949,0.14331479641486267,0.23898123403065624,0.840869326836505,0.6694932709726271
0.4650530599251522,0.6025459204241469,0.16804051866365732,0.5182875655276544,0.37129129676033557,0.3625857907934846,0.19411645591572396,0.19091015725726862,0.22078385241919257,0.5822253543879015,0.4981048807410832,0.6089673394438467,0.2241028542896168,0.6395818639583837,0.564307017046067,0.6165497698194523,0.4487545982047179,0.5589520662537736,0.13651298113128615,0.0,0.3755361887918303,0.6521256896324401,0.36046416697133365,0.4328878191739496,0.5596867893483067,0.6582057290331498,0.5188890570282303,0.545910111612856,0.5678467013904971,0.7592721327696497,0.624612653069071,0.5960577368592295,0.278127616840138,0.6339507040648636,0.4617872265226157,0.6165366348577518,0.5302112195777364,0.5346595905884671,0.5053985491912831,0.4717403350556205,0.5225307526543423,0.4705855516670351,0.64024117804333,0.48045005121794815,0.48652078562445644,0.6819444456303736,0.5456070104313089,0.7395048597648837,0.0,0.47296209885872703,0.2624699099886945,0.12079999947660086,0.38902223518178985,0.0997278985812553,0.670441729464079,0.3836581055716341,0.46076692138759673,0.3003685643583316,0.0,0.4064393457254409,0.4893266915088363,0.7829352918659048,0.4629681535240926,0.3608511741914798,0.40003136145421664,0.44908637920208244,0.5545837131592624,0.3506810205109209,0.020289748213701365,0.4224988291469969,0.5538314970689457,0.32300525947875,0.4432205818361068,0.4076229776855624,0.34010194933518356,0.4991079976907413
0.5812858203407738,0.4452398649957316,0.6493403458263617,0.5154950829462673,0.24658365618629402,0.2701250599095711,0.1460514650345479,0.46886658968580563,0.44209350854003737,0.5016810738903227,0.8076795042604658,0.528397982839186,0.23303184937627164,0.5208732668781172,0.3919246861407212,0.4870455387142744,0.4295789685743988,0.4595580812902938,0.5579362385675488,0.3755361887918303,0.0,0.501919090617265,0.3565266160249982,0.6350729200388738,0.4537675571861757,0.5468237380616617,0.23151081142295932,0.3816400062786967,0.23184082162613717,0.39300639318228964,0.40475730928186093,0.4745564948525769,0.24338071375162051,0.4362754526995442,0.2991472191298732,0.42740478205242377,0.11924102804821729,0.3752816182202998,0.544273241136429,0.24060381368579264,0.3965428672068464,0.5404044392362171,0.45131679919163525,0.0,0.6120356314790243,0.3587088382105624,0.36714824211298036,0.6693526645391661,0.0,0.5073668385795375,0.19974134214161882,0.12030833326065271,0.36611070019562886,0.7380364054382006,0.3651079313486263,0.0,0.5183130282075133,0.21418541808234393,0.0,0.35737908808320956,0.4039266333178575,0.0,0.4122541466056182,0.0,0.30997468172193104,0.25124399960148114,0.45625349638192153,0.2077968462805988,0.5265519135145386,0.45066580668274553,0.4180550308846043,0.22031873934719604,0.38944657043284536,0.35074064246266945,0.362705089442625,0.43071920688015486
0.4742805870642779,0.5965528759512445,0.2517635961167824,0.22176608982827295,0.2886060684095139,0.3897936684446135,0.22343863855710394,0.3559013297898717,0.2538956348564823,0.688697828000919,0.44210498004403,0.8040234084025567,0.23847196016481437,0.7511758229138111,0.46541282865888395,0.6439242159451406,0.4249391161647339,0.6818950865212128,0.5298413860653794,0.6521256896324401,0.501919090617265,0.0,0.3310064756653146,0.1911925541936173,0.6144924043236698,0.6420793201527276,0.5177139131977686,0.4220593352948951,0.5422438420359336,0.5159047624657227,0.5869370942941909,0.5120285480422532,0.3557669697973839,0.554406483600291,0.47294718565068966,0.6475959467204688,0.602609829240017,0.7028148945750431,0.6742469612200732,0.6003977807885673,0.6349434019469903,0.6524493073307601,0.7454571698135376,0.0,0.6019190836492007,0.3414586617069665,0.5457393667248176,0.5311664310074972,0.0,0.8564095329381833,0.30364673280001997,0.1415895379415914,0.47350385921383986,0.3858289301634102,0.7730960218320015,0.0,0.5092555981786847,0.38499439682150915,0.0,0.5381631723135468,0.5178210973695598,0.6388621374724903,0.4797100098107231,0.0,0.4847478898412765,0.5043616251554075,0.6111091963852551,0.386568123136246,0.4970161653750088,0.4486135902448089,0.5647635962860451,0.3440654683851909,0.424189240267018,0.4353898375236541,0.2058413552614553,0.5154661333705974
0.4771362019036359,0.3130386098520383,0.26675845272764664,0.2513026570264575,0.24900179609655426,0.2771789878605723,0.1853217249247166,0.4261781202822804,0.212575311710953,0.32683027927232705,0.32924021353303545,0.346756503984568,0.20569047298005216,0.533658635085779,0.29341951322727705,0.41425203144701267,0.059573014409076475,0.4275610757975086,0.15698758859358364,0.36046416697133365,0.3565266160249982,0.3310064756653146,0.0,0.5427593757176188,0.387404816971476,0.4881546947857644,0.5051016145637716,0.325682182162206,0.11433600970270597,0.3199631488331232,0.2178699411229641,0.19201575933475323,0.13221656489809935,0.2444325103554678,0.2381700755057261,0.22372279217100677,0.3830341920705177,0.26186718892424166,0.3508085969332484,0.40661834505195205,0.3734461735351644,0.34045442042280555,0.3331746744408177,0.6421261030617909,0.5671300786624554,0.3891065778311024,0.4855329724718134,0.06925451701892293,0.5123917361970632,0.19760193281660965,0.3545656759942169,0.032937228259592,0.4500134459170475,0.149903798225702,0.3182569548914858,0.15452172136138653,0.44378531697559837,0.08973647220753211,0.13185260700627233,0.30533428231618015,0.3676719872984721,0.4705760038317149,0.213868261566177,0.31588272556204117,0.33599294574467753,0.39166732625667083,0.4289546599236759,0.5519207081833297,0.615629554441439,0.4748938870160038,0.4904913055743967,0.42554581918190715,0.20880476856107621,0.37223409631905036,0.25997203470789826,0.38700876712819243
0.612919547272755,0.456317461950448,0.5014097442338883,0.0759380567586547,0.4698280389609197,0.27193379029769194,0.41477586447241804,0.6202675889391303,0.22414170992851806,0.347403008514227,0.25640765757528805,0.3206313216635316,0.42418939578584447,0.7714878918024605,0.22862234072881843,0.3770149304504573,0.2922359299465408,0.3414470112629903,0.6347923202748196,0.4328878191739496,0.6350729200388738,0.1911925541936173,0.5427593757176188,0.0,0.4477999793343576,0.5268087978276005,0.45428732241856373,0.5200371145168885,0.3566540483171683,0.6752998524337958,0.36741331205952005,0.29358461494922394,0.12828092101925725,0.39051633554815735,0.2510953005715626,0.13265226290349347,0.43629578205306896,0.35319854228534353,0.49562233617619167,0.29354827875387424,0.4385265265686166,0.546691073238327,0.39690470422314383,0.41404894805824993,0.5302487237785225,0.48808162815088546,0.3814667252933545,0.5015154256577514,0.0,0.0,0.3420673678871527,0.6279419377050856,0.7115350131232613,0.40074255676686105,0.45420084498718616,0.3903969611834495,0.5589396575003573,0.710426101920583,0.0,0.5605861918850599,0.35752049606695147,0.40815003622879686,0.33759799814014174,0.0,0.6471190872686223,0.22648018741624446,0.4776775925911954,0.2431735155751616,0.785748476095649,0.37476803818364474,0.5075259300244593,0.4125301122369096,0.6008744884157251,0.47994004921511974,0.0,0.2967245443076732
0.4788267545445666,0.627140055493348,0.5683239938335749,0.0,0.08052052167974971,0.35876515058594505,0.05529464541405005,0.5616911489561802,0.16678624536894765,0.600659067514552,0.0874482201729041,0.35487980440643496,0.20782456766970575,0.5054956653281767,0.3379010985536195,0.6354962550135211,0.5035674089320732,0.5992977569962354,0.7038527619484974,0.5596867893483067,0.4537675571861757,0.6144924043236698,0.387404816971476,0.4477999793343576,0.0,0.5589289617903044,0.44099872508134913,0.37440643019271286,0.46038786433339784,0.19772633568647852,0.4977318531182411,0.5017679863793715,0.34316841314448215,0.5207490330871782,0.4947222611724287,0.4040584648890873,0.6554370555655997,0.17223391451091385,0.37908218843435,0.21021183927019882,0.2623458999086732,0.2998320690819924,0.35201429697394643,0.0,0.5722959670254237,0.3739917579386403,0.32813196405507966,0.0,0.0,0.0,0.6266123939005234,0.703486570809136,0.35991024782208086,0.6269187817130967,0.4176975662798007,0.0,0.4045300400067644,0.6463048929146029,0.0,0.5175343746251337,0.3075225834430674,0.38853416619348835,0.29361008055922017,0.0,0.3202337328711283,0.45726215127675335,0.439013037229824,0.2951119262443916,0.3962496673463321,0.30427140104710876,0.35928025692428894,0.26809580243707415,0.04009825962889946,0.2526267137826887,0.0,0.2982425896733351
0.5755033708368222,0.5312643470024041,0.3671626595683503,0.8024338885188944,0.33544915075338005,0.40382766046479,0.2375988345214406,0.5594250657242072,0.20435712170154458,0.43997509645650307,0.2578590156751789,0.5471889635311408,0.31710328639067514,0.49309337301473954,0.6395763418618735,0.5344313676031083,0.3800665110141789,0.5066952157159976,0.14741527271053445,0.6582057290331498,0.5468237380616617,0.6420793201527276,0.4881546947857644,0.5268087978276005,0.5589289617903044,0.0,0.6347617020082784,0.39462869034229975,0.4629709199471316,0.33040546612920646,0.4775612531549749,0.5992919950250912,0.37180067912512244,0.5343523118090692,0.46255577599720726,0.7138111461112646,0.5769699343296943,0.3455173789301177,0.529072924022351,0.3940989630516609,0.47385121449053413,0.55679544642233,0.35289958922346404,0.0,0.05297847137770162,0.4250310667142851,0.45731802934997695,0.5977101791569934,0.0,0.5673983425006627,0.355968776741462,0.4108962215151506,0.6042595828515795,0.519343729011137,0.37904199857252086,0.5970666110614946,0.35278205788879613,0.4358960942034133,0.0,0.5967044536756028,0.40197221760433305,0.4036583503183287,0.3446997772469441,0.0,0.6046672292963384,0.5144980501019634,0.5686573861238888,0.42254413574040844,0.5218201964942739,0.34870013172527753,0.4772030012174505,0.45448371051103975,0.5082937616594051,0.5299320127401583,0.31182041509197644,0.4025363516545995
0.468020674000709,0.44115875992835474,0.405381953287947,0.0721415652189421,0.30842909929411866,0.31918952154997804,0.11283512443091587,0.2904485840924477,0.4076588010523524,0.3295841401178486,0.4436007744852845,0.12968729745754143,0.12669971213337805,0.5139280437251703,0.4534486207016558,0.4565336809731787,0.5446169593807418,0.4335669890690527,0.38928263945878583,0.5188890570282303,0.23151081142295932,0.5177139131977686,0.5051016145637716,0.45428732241856373,0.44099872508134913,0.6347617020082784,0.0,0.2709651152782049,0.4325984696720493,0.2661197948624315,0.32299223166033714,0.2406878937570227,0.23641912602295917,0.2813638969286268,0.261302081587546,0.38141988037481767,0.2367730987357753,0.16892606783200614,0.3266679776562708,0.30683654941917354,0.400124185309304,0.3067396844184077,0.3305908535454354,0.6167003183468949,0.3532553595513072,0.6456335341430636,0.47179399081934725,0.29488990758374745,0.0,0.23765409962431006,0.290847143287622,0.09166244983578564,0.2250197071619615,0.2211182320423069,0.45302425959581505,0.30365234296670235,0.44342853273388405,0.15684736281639078,0.2479283999829222,0.3276574635552326,0.4080449806075467,0.539234381179619,0.05501742662816089,0.21950906025040812,0.31200764933732034,0.383744817532805,0.41153343235795364,0.3591859239672958,0.411043850763042,0.4740118056250421,0.509935535636959,0.3687895646516424,0.2868716216322942,0.3744283494057125,0.2692522444841435,0.37325229254887243
0.3727901931311816,0.31352142556741913,0.19371358698915786,0.7396429516938063,0.5456168104208579,0.25746129017132696,0.6389194719673024,0.339384014965922,0.23201306492237866,0.6276159463078286,0.3437260904914551,0.5075253605550497,0.5496645892516925,0.3604962120379638,0.3997301240822746,0.43636922842356385,0.5625732044830429,0.49936506048718765,0.21570250286984566,0.545910111612856,0.3816400062786967,0.4220593352948951,0.325682182162206,0.5200371145168885,0.37440643019271286,0.39462869034229975,0.2709651152782049,0.0,0.3538619681653195,0.585842567889975,0.5297868752512368,0.5330841707341671,0.5366910198900786,0.5321156008008385,0.44052475692029225,0.26225995840020977,0.45997305872201943,0.5251184681470078,0.5055639095395816,0.5012154096679726,0.3602790512073451,0.3869715590233458,0.2835679525260909,0.832115007068076,0.50689440944925,0.6525204532177884,0.4462894696690154,0.07256417975449136,0.0,0.17543119724936335,0.12060685282547845,0.1054268807498615,0.4303293509541713,0.055987830891201074,0.5918786705652926,0.3038889619813059,0.6970313606168455,0.1417875106316795,0.6465941086123601,0.33882102308040296,0.4488417929416194,0.7798109729074101,0.6511163110877884,0.10263662729507683,0.30031113814157334,0.4312139390179454,0.4359511208303024,0.15454078592192944,0.6031153218189107,0.08327383885834572,0.4253174158690819,0.16348472899603772,0.27532188374237765,0.2302291819798329,0.30485458757146133,0.3345111819032837
0.377357220885489,0.4217944771323968,0.07161063648804111,0.18887318481603424,0.1253060931391935,0.38965743538548164,0.0917242546427971,0.12138081041189719,0.08099226797023917,0.3595615591662871,0.561301693737644,0.5046401584979733,0.07630573050330447,0.044879063342803005,0.2611497258680418,0.5432915064434045,0.5538518538216478,0.5256028262922081,0.15915676557038622,0.5678467013904971,0.23184082162613717,0.5422438420359336,0.11433600970270597,0.3566540483171683,0.46038786433339784,0.4629709199471316,0.4325984696720493,0.3538619681653195,0.0,0.5907001156710212,0.5291799258239873,0.28475068168799467,0.1490498815452757,0.5076381596980949,0.4502184040367612,0.36555597179025495,0.33515530272024574,0.9314019692977141,0.3935545586995224,0.3966423568479426,0.4270786693898077,0.289175240777108,0.34563930730225045,0.6395855300704477,0.3185966998436394,0.7007840619225718,0.4597593691295313,0.13771805177178076,0.0,0.09509056577937125,0.2455576077699792,0.17555841539312,0.22131334610880504,0.20103248995916845,0.6431369648870302,0.559081119650836,0.4598284544397226,0.20658203374477846,0.1939088826825318,0.3475722981544173,0.4361666907982127,0.3446702939171164,0.72787548719272,0.060857308783056285,0.36149760623477,0.3195416638129119,0.45690156282156813,0.32918274369605255,0.4400619773899289,0.7492557472731785,0.4557342734796467,0.31050833923998716,0.4335618888068379,0.26151373258512883,0.29118425962316485,0.38808713086528174
0.23936817860844456,0.11989821075458584,0.1762398420405571,0.49766701234702515,0.3152552990601431,0.2479986694582917,0.24872489210910032,0.32922670865902304,0.14020429048640526,0.319549586350015,0.33736194027974664,0.431376747391545,0.3541537200263608,0.14512115725114097,0.42028734081587604,0.3698566036170329,0.5239826518890522,0.5491979700533565,0.1782630173836326,0.7592721327696497,0.39300639318228964,0.5159047624657227,0.3199631488331232,0.6752998524337958,0.19772633568647852,0.33040546612920646,0.2661197948624315,0.585842567889975,0.5907001156710212,0.0,0.6677059957831529,0.5175038000587132,0.4877403573091412,0.39821985934129644,0.42246221438266923,0.4960001840540643,0.46884897450740426,0.4309613122208725,0.29478971585511043,0.0,0.2933141789744844,0.5892207400347355,0.5677834174662664,0.0,0.0,0.0,0.6135371506056575,0.12115838343222052,0.0,0.16696980823695673,0.24188212429445605,0.1528755637020599,0.22795468316009787,0.19648296629257006,0.0,0.13559130581463194,0.0,0.190192813454149,0.0,0.4291345132219236,0.0,0.0,0.0,0.45065326719759435,0.3560172697077992,0.7015182063577037,0.46312983771712507,0.23355428812778195,0.0,0.0,0.7330147700962345,0.21875572603427096,0.3059737163942874,0.31293501815388985,0.16386833004188006,0.38488245610753935
0.29549913199014577,0.5847732987323995,0.1932668576347748,0.39611005271265937,0.39556375115283116,0.2857701928166519,0.5582433296340696,0.28561709671607205,0.22157323529658168,0.4222233390491977,0.308607148597965,0.31435090906518776,0.5303835380778605,0.3059114592165062,0.4461773423867724,0.6377321979464943,0.44184626907602836,0.41903372055632127,0.23553804600841588,0.624612653069071,0.40475730928186093,0.5869370942941909,0.2178699411229641,0.36741331205952005,0.4977318531182411,0.4775612531549749,0.32299223166033714,0.5297868752512368,0.5291799258239873,0.6677059957831529,0.0,0.629650108273479,0.4252560093054065,0.5838297960810378,0.5513730658149834,0.5423346019310167,0.5244600887557725,0.5567107861643223,0.5052189773721274,0.3245226493085802,0.3553273068538084,0.3679769958191538,0.6224742618164291,0.5235124464094926,0.6469819337684267,0.27101335988832104,0.4138448054084756,0.0978792512598966,0.0,0.1977709816933193,0.3103867032516768,0.09922502688851242,0.42125078548755873,0.09187747506387878,0.25103142539697443,0.5874662292127806,0.25568021366098975,0.15655717661557916,0.0,0.4812341814123157,0.3761186460864648,0.3281020089588456,0.22252475405012762,0.7145576374172892,0.40876416991913345,0.30359222021988724,0.5705350635218236,0.394808370263652,0.3419652569435553,0.30475478579517934,0.40025405790253843,0.3329660902466271,0.40212715467475973,0.41311281846354675,0.3439514808876624,0.29368542996063657
0.5203101677967727,0.5701758542034152,0.16681636718373327,0.3278634671129099,0.4502611613799452,0.23040047400401759,0.46747722434317857,0.5074891396075534,0.12239696378378162,0.5250846687257692,0.42064879375299424,0.4838830627964263,0.4581985090346372,0.010720429110125163,0.4567528088309413,0.538812597777427,0.5242976260239096,0.4776848650356539,0.17502474018878528,0.5960577368592295,0.4745564948525769,0.5120285480422532,0.19201575933475323,0.29358461494922394,0.5017679863793715,0.5992919950250912,0.2406878937570227,0.5330841707341671,0.28475068168799467,0.5175038000587132,0.629650108273479,0.0,0.7002356997073457,0.45920441955584684,0.5370917408605371,0.31189850639503497,0.42482069033299014,0.5382060266675628,0.574586828536133,0.4823398103790996,0.632339626563631,0.10905517196007222,0.9809142240434231,0.29005640534010185,0.29123999019082036,0.3401081256450024,0.521734431262685,0.12035319553170332,0.847970484871156,0.17027573336595792,0.18628134565604915,0.21164829667450474,0.5247164805637013,0.07691672490079082,0.43748388797615667,0.25072110948351733,0.13847664341418864,0.2727581696326298,0.25706842438020727,0.6110035393486838,0.48509383654847393,0.24259992354501753,0.2228478237425502,0.25673021975974886,0.4609307065446706,0.5882448797617403,0.6755879487895967,0.27336373446088397,0.23621703578382655,0.3688245827575192,0.4956829883117797,0.22499899249832067,0.4950415983482626,0.2897019359444667,0.3450866666539708,0.4664641372001247
0.15514113556429832,0.18431573939872625,0.7333154921694536,0.19574753936381567,0.5273101487308747,0.06220416352739577,0.38521155750854047,0.3663862256450633,0.08885507909619833,0.12916314827593123,0.649066381295815,0.09343488897472718,0.2748654685870822,0.3525940050320179,0.21930192334841236,0.2732761402959455,0.18695796764306988,0.13411533349619742,0.621294274602211,0.278127616840138,0.24338071375162051,0.3557669697973839,0.13221656489809935,0.12828092101925725,0.34316841314448215,0.37180067912512244,0.23641912602295917,0.5366910198900786,0.1490498815452757,0.4877403573091412,0.4252560093054065,0.7002356997073457,0.0,0.33293968502878746,0.34393299645120995,0.7222215209072044,0.31945486648187627,0.4428958328211576,0.7552082784128908,0.19736921797382864,0.639056775714076,0.6076417257738008,0.5000670141584832,0.3146387443715321,0.28253919474814654,0.2586173580688053,0.3763948752494992,0.3552365896774946,0.5065826816802506,0.0,0.08430424888802074,0.5874042274060441,0.2178889386020595,0.5815100244366913,0.2644967985147923,0.4928152549682709,0.2567838738239651,0.4904740709650727,0.49620362782572236,0.47448823274812746,0.3341894279350417,0.24524307727056055,0.21257863974894614,0.4907392429113676,0.3693913731690466,0.36592411233090655,0.5698223702772782,0.25972388661919227,0.366656443100272,0.24179809998010693,0.3563404182540475,0.0670999622659097,0.46735684992054005,0.1515568233664487,0.0,0.337269708028058
0.3021505991832684,0.5122188728591597,0.14682566228326505,0.46377340774118175,0.37795159975783266,0.20701873897669104,0.5648895957986866,0.2603195552226794,0.1714902051605165,0.31331831367291124,0.27214468051712076,0.17197191936458706,0.554146823630339,0.14807531515878342,0.4005720471383002,0.6497366972037446,0.38463336395873615,0.38369631399127474,0.20147376237760506,0.6339507040648636,0.4362754526995442,0.554406483600291,0.2444325103554678,0.39051633554815735,0.5207490330871782,0.5343523118090692,0.2813638969286268,0.5321156008008385,0.5076381596980949,0.39821985934129644,0.5838297960810378,0.45920441955584684,0.33293968502878746,0.0,0.3500230326539348,0.6046543353780571,0.24518770527594372,0.3368973103164916,0.7408009967507273,0.581485075271235,0.6947242172648466,0.7339180058462105,0.5735020580142094,0.21558273524510022,0.4619138300881754,0.2348473280980296,0.4330095254350393,0.11402400451919514,0.0,0.7348416076893453,0.30030674000881974,0.1747967944406904,0.270715003248658,0.06471413350606248,0.3984219664964252,0.6775244863594253,0.46672282058149395,0.1841896293571058,0.7545939477819048,0.566299376246362,0.38394037354453314,0.34238791438046134,0.24727851575623394,0.6867618664155584,0.45428933574048513,0.472846843622058,0.5738712935791855,0.34090886352125777,0.47325997943068915,0.26336960514898916,0.38241319653656647,0.31517449999387087,0.38148147949679445,0.39157713858599674,0.3820924966545384,0.25101625750680784
0.31562737215157444,0.331414606710166,0.11893350788297491,0.2322455930319343,0.3408231540712653,0.2559348350617283,0.44756965608818966,0.2501776680915615,0.19871305638408676,0.318777301702713,0.2775886524840292,0.18106858863003245,0.45593041215223373,-0.04683462528309773,0.4034373157052898,0.37876307623922256,0.4084758963846688,0.4102549861726227,0.1605303518947233,0.4617872265226157,0.2991472191298732,0.47294718565068966,0.2381700755057261,0.2510953005715626,0.4947222611724287,0.46255577599720726,0.261302081587546,0.44052475692029225,0.4502184040367612,0.42246221438266923,0.5513730658149834,0.5370917408605371,0.34393299645120995,0.3500230326539348,0.0,0.5194994538138447,0.2460148636183786,0.17201064475243844,0.5344592475723202,0.5437538341423984,0.6770736966814529,0.6153432841427717,0.6331682419718123,0.5362705846204893,0.3345467892998445,0.09240144736215167,0.357097397937551,0.7471092013741435,0.48196864305198095,0.9947412894264429,0.1782839142298262,0.25682515416758095,0.2322859018262754,0.6490637469718556,0.5079950698872793,0.15651354101703754,0.5738202184513032,0.3835391840068297,0.0,0.5594819074591165,0.2959260956494008,0.41396122432613097,0.268644544998562,0.8259409339170988,0.417688538692777,0.27320172785922986,0.5943434465701409,0.2757342512520817,0.5800995580246168,0.21281342617923954,0.3214280542809703,0.16301303982205623,0.7108427462950657,0.1994464513847436,0.3386448447254072,0.3000862058662215
0.5222246736732692,0.533030611235638,0.25035032957224856,0.035039604839743665,0.2289827180452313,0.20386950608983956,0.21200563468049277,0.25815639215754005,0.16914237353318545,0.22126529282245855,0.06507063968160354,0.3365963852453919,0.41566373824923475,0.03926689406078965,0.5252958690448112,0.8961866480106528,0.17890755718460594,0.6279424859455885,0.22896756406929342,0.6165366348577518,0.42740478205242377,0.6475959467204688,0.22372279217100677,0.13265226290349347,0.4040584648890873,0.7138111461112646,0.38141988037481767,0.26225995840020977,0.36555597179025495,0.4960001840540643,0.5423346019310167,0.31189850639503497,0.7222215209072044,0.6046543353780571,0.5194994538138447,0.0,0.15888970517487933,0.3123379997357195,0.7606495195687053,0.41905688464090074,0.7191985460643112,0.22336556952550116,0.15837238157629818,0.625424139553902,0.35726648429660113,0.0,0.5470726925566987,0.1680580278796331,0.0,0.6790357792200501,0.24339252800433542,0.14783891481820932,0.5543088906856253,0.6252165857428764,0.5132650197537396,0.29096915771252396,0.5749946973862174,0.2019586641321387,0.6979437185511979,0.46571459188696734,0.4573689295437111,0.0,0.0,0.07970669647967665,0.5326570308708819,0.9240432360775388,0.6827268384104024,0.1766510017833618,0.4033998887760555,0.2736155998050328,0.7094854580461192,0.20883800945192954,0.3985175539305025,0.357205564000991,0.21616530760218777,0.4835358924987349
0.0,0.6277509756600693,0.25791461804036275,0.34711048612971934,0.31022596807023584,0.2943225132772216,0.3791869416438012,0.4745768764805393,0.24403184997343358,0.187458616139988,0.15107937318651388,0.5543250206483575,0.5732364146488415,0.29133038055281685,0.597016599644617,0.7463637684520619,0.5606455362779722,0.0,0.20958818670828505,0.5302112195777364,0.11924102804821729,0.602609829240017,0.3830341920705177,0.43629578205306896,0.6554370555655997,0.5769699343296943,0.2367730987357753,0.45997305872201943,0.33515530272024574,0.46884897450740426,0.5244600887557725,0.42482069033299014,0.31945486648187627,0.24518770527594372,0.2460148636183786,0.15888970517487933,0.0,0.36762431257746436,0.3579409238514589,0.49789291796967183,0.7857928844908803,0.20590829732522975,0.40011075383424344,0.4237001153713746,0.3093239892432806,0.0,0.0,0.6179609702246619,0.0,0.0,0.689459838143605,0.5998303569865553,0.17394832391336573,0.3633513412579837,0.4643293595862863,0.5275619915711938,0.31228772650331793,0.3945407785667027,0.0,0.6431364255726532,0.0,0.0,0.0,0.0,0.6800683870739661,0.7256224924272181,0.5031923400222328,0.295601828376233,0.43236483751616495,0.0,0.8512318614344958,0.16625483399155128,0.5527937701005912,0.1624466558827175,-0.05597730654830496,0.7798980743964856
0.6787190857771366,0.14289741064807698,0.6859521495515268,0.19356562101811647,0.5559339239335166,0.6129656850316314,0.6356677061456906,0.6457748088345928,0.1550960237261073,0.3512846782571887,0.16800091579290927,0.17612981698326216,0.5154475684006501,0.5157541097794279,0.4595531534953312,0.36016960128771175,0.09035118000389841,0.3413935428553175,0.6181566901864098,0.5346595905884671,0.3752816182202998,0.7028148945750431,0.26186718892424166,0.35319854228534353,0.17223391451091385,0.3455173789301177,0.16892606783200614,0.5251184681470078,0.9314019692977141,0.4309613122208725,0.5567107861643223,0.5382060266675628,0.4428958328211576,0.3368973103164916,0.17201064475243844,0.3123379997357195,0.36762431257746436,0.0,0.44529612869135576,0.2516318110053133,0.26944829668858217,0.4724367175773413,0.5052974897802016,0.3810710413685873,0.26602610407713423,0.5662992896961923,0.5152116911780588,0.6256850642552343,0.0,0.5477693477460397,0.4279467754719895,0.6185845427039828,0.5005744883361927,0.6778659541656115,0.3622745984593863,0.5032755399086281,0.3593754975032647,0.5301161104107702,0.5038030087007822,0.4486018498431454,0.018308411042657877,0.29085571811372135,0.31008175199714627,0.0,0.1692135124989736,0.0,0.4865755801332995,0.4111467393250774,0.5403288459664467,0.32431299154227583,0.5489890643692374,0.45055954944641785,0.4592862500877336,0.3924949608392073,0.0,0.4700736272501746
0.4304321654856643,0.4618617480440391,0.10736926709300126,0.4229986769035603,0.27908612886401596,0.2874425534881066,0.3145419622559168,0.5196148024965876,0.2959025487543128,0.4425284873924944,0.03364771225708274,0.1762441021056912,0.2922866314639751,0.6012316022486575,0.6348931324194435,0.4873671883146756,0.23958789762854765,0.333099742502445,0.07905343631259931,0.5053985491912831,0.544273241136429,0.6742469612200732,0.3508085969332484,0.49562233617619167,0.37908218843435,0.529072924022351,0.3266679776562708,0.5055639095395816,0.3935545586995224,0.29478971585511043,0.5052189773721274,0.574586828536133,0.7552082784128908,0.7408009967507273,0.5344592475723202,0.7606495195687053,0.3579409238514589,0.44529612869135576,0.0,0.5003124876624809,0.5274620364729387,0.719294220883237,0.37911137566379394,0.5253871799226975,0.47862152499550176,0.35909650404631765,0.5446575486406673,0.555272448217493,0.34282619182359364,0.6334423482140524,0.39177730879885153,0.565164099303108,0.5446039183133077,0.45136203664050784,0.4025238743049455,0.5412916315687575,0.44027710831219624,0.5959964539816777,0.08008794835424782,0.5119936391619456,0.5006770620057628,0.5333837825339426,0.42382643549565874,0.49681328534917096,0.46842187399096136,0.5583241332980393,0.7244046092068284,0.3323651015916058,0.535734174043109,0.4421618116481314,0.472071104609842,0.22999846944482888,0.5242790296335587,0.5470421514388416,0.48599856787666124,0.6892130041714005
0.15321752833058627,0.3757147775428341,0.3611499449994386,0.0,0.6226712388981641,0.499884553305339,0.38590745080223865,0.3445713739540475,0.25196213087014396,0.1503926076786074,0.6626069667271596,0.16404221234542632,0.5352691182111272,0.0,0.4996891466514689,0.3421108475795367,0.21586727954097357,0.21049962243750542,0.5654111495303822,0.4717403350556205,0.24060381368579264,0.6003977807885673,0.40661834505195205,0.29354827875387424,0.21021183927019882,0.3940989630516609,0.30683654941917354,0.5012154096679726,0.3966423568479426,0.0,0.3245226493085802,0.4823398103790996,0.19736921797382864,0.581485075271235,0.5437538341423984,0.41905688464090074,0.49789291796967183,0.2516318110053133,0.5003124876624809,0.0,0.41984112981441146,0.3826630007341212,0.3427822280780749,0.196906922716282,0.16246122550239778,0.06339022898983238,0.19568878986872457,0.2757247403548014,0.4282862273645759,0.3805987552047724,0.3351886394760733,0.6415346158209417,0.5905381567344785,0.26127226771152257,0.06771477399793951,0.736502370521445,0.08451529284132148,0.6724129853668364,0.3240859307100157,0.20020487651652824,0.09700313135857658,0.17762591613146672,0.07968513407145306,0.7084413114473747,0.45265018044658895,0.21798388349868425,0.6363946346157426,0.21856343295278363,0.04494703810259887,0.07944450614889387,0.1571896580409976,0.20057718482244036,0.420300812582029,0.3566462701444736,0.4359626084618436,0.4123936004159766
0.28388863154695815,0.38458946524647036,0.14244138659891264,0.507751709383378,0.27663757747109957,0.39088376522686935,0.21001082930135678,0.23540777878781521,0.2253110199523024,0.3418068503772388,0.17860545596741628,0.5618829511517085,0.24925621236950046,0.17454431246705027,0.5714937509069302,0.3967585170483915,0.2785626346488039,0.26948888949036437,0.10184742730179541,0.5225307526543423,0.3965428672068464,0.6349434019469903,0.3734461735351644,0.4385265265686166,0.2623458999086732,0.47385121449053413,0.400124185309304,0.3602790512073451,0.4270786693898077,0.2933141789744844,0.3553273068538084,0.632339626563631,0.639056775714076,0.6947242172648466,0.6770736966814529,0.7191985460643112,0.7857928844908803,0.26944829668858217,0.5274620364729387,0.41984112981441146,0.0,0.4079157085595805,0.49611849365223337,0.364865353565337,0.3442774387006453,0.10246498930440645,0.4308173806081848,0.39079030961337796,0.44938127744823897,0.46973129808618225,0.3035787898691327,0.5323133245439282,0.3980639395226938,0.2630551799110239,0.3138265135786088,0.25242557195481996,0.25386083793423975,0.46572738689155924,0.2144969279149667,0.4874799896723151,0.41278803886221377,0.43000314558109565,0.3079016684389589,0.22499192871907303,0.458631017212348,0.4131590567608151,0.7650728335518933,0.3513182325573279,0.18856830729400154,0.3327141145899865,0.39253346259916466,0.21514730603591103,0.4092287004900145,0.33802262616371376,0.6484796140544326,0.6373327471115098
0.26708406195071294,0.42260922834843184,0.6048560495202174,0.0,0.5025433255747829,0.1048950612127777,0.7046150563781588,0.050431617969090015,0.06958496029617156,0.4267150076757872,0.8562510883176457,0.5652808803377521,0.3078558616183341,0.0,0.6071680336238712,0.3712898107593481,0.30225861742338517,0.25264307033398875,0.5621385941849194,0.4705855516670351,0.5404044392362171,0.6524493073307601,0.34045442042280555,0.546691073238327,0.2998320690819924,0.55679544642233,0.3067396844184077,0.3869715590233458,0.289175240777108,0.5892207400347355,0.3679769958191538,0.10905517196007222,0.6076417257738008,0.7339180058462105,0.6153432841427717,0.22336556952550116,0.20590829732522975,0.4724367175773413,0.719294220883237,0.3826630007341212,0.4079157085595805,0.0,0.548586049512929,0.3698055517360661,0.25457940580859206,0.16041603732032322,0.3462019472560873,0.36560789424870666,0.14460345289889204,0.3760417092318075,0.41883605486001496,0.4449538721268101,0.3815780044077989,0.2800155210170136,0.449223180768245,0.25572379095294295,0.24796330455744914,0.5543367188757505,0.3084990417689886,0.4902201626488831,0.3085619088129334,0.5043365864800077,0.29077821455017183,0.2831847345663646,0.40815784650910386,0.41201770785186853,0.7015093586678331,0.28563295524302806,0.3678402876191489,0.3262580928349655,0.3476936144874929,0.2522659249330867,0.5402134747276126,0.43062384262294995,0.5726339157171773,0.819892092331135
0.0,0.26825845642634377,0.15530541208110438,0.6902133038029586,0.24567930686774264,0.24807635317285204,0.28681334914652407,0.3829556626282984,0.24076776559696333,0.30224541737023064,0.1875704910013316,0.33899543686620703,0.2328708262244012,0.5706317074079355,0.497778478175543,0.6795783265057905,0.0,0.0,0.13113889676223356,0.64024117804333,0.45131679919163525,0.7454571698135376,0.3331746744408177,0.39690470422314383,0.35201429697394643,0.35289958922346404,0.3305908535454354,0.2835679525260909,0.34563930730225045,0.5677834174662664,0.6224742618164291,0.9809142240434231,0.5000670141584832,0.5735020580142094,0.6331682419718123,0.15837238157629818,0.40011075383424344,0.5052974897802016,0.37911137566379394,0.3427822280780749,0.49611849365223337,0.548586049512929,0.0,0.18716076888112604,0.49642352577903714,0.5483245752791555,0.7203534151463256,0.3456677468888601,-0.00011040055067540466,0.3282741654718214,0.3197460383591523,0.37833143224621757,0.3852600275323582,0.34394788852907204,0.5734851095550146,0.19570248499800963,0.1853559316527336,0.5570393497751471,0.07575573849377565,0.6887710327853662,0.6523759482432597,0.6521944585056214,0.6302106756899913,0.3550909628820759,0.4439089980654455,0.6319158749340676,0.8251617982997215,0.3535545212688036,0.4795350153280679,0.8100164952884783,0.6608113173495751,0.3302074664161981,0.2415313621291485,0.5846865932595396,0.7541392583256284,0.6500504750792981
0.0,0.0,0.3700633996984416,0.0,0.5017591374923118,0.5860360018051959,0.1400849715324439,0.4942031271108037,0.4269660707070207,0.4581944098897115,0.7283697436436575,0.5412805904038908,0.833317654300742,0.0,0.7694387348934486,0.0,0.0,0.0,0.0,0.48045005121794815,0.0,0.0,0.6421261030617909,0.41404894805824993,0.0,0.0,0.6167003183468949,0.832115007068076,0.6395855300704477,0.0,0.5235124464094926,0.29005640534010185,0.3146387443715321,0.21558273524510022,0.5362705846204893,0.625424139553902,0.4237001153713746,0.3810710413685873,0.5253871799226975,0.196906922716282,0.364865353565337,0.3698055517360661,0.18716076888112604,0.0,0.3421873678788159,0.0,0.6851572330193467,0.6116185689162464,0.4102844243343816,0.39399825380560033,0.4331709410840818,0.503176048675273,0.4596884674327587,0.4822277578950797,0.5381315096965563,0.2545984289341559,0.35101272971558617,0.41567667452897955,0.21846974864441793,0.7073356727121914,0.4782845146763566,0.0,0.0,0.5558252020014893,0.31715026586833295,0.5492031533682323,0.5303446830165384,0.5596305917069104,0.2384072846689234,0.4997170221723463,0.3944005437691594,0.3481533878489128,0.42550517656585907,0.5927234837052797,0.3071559515200321,0.35607307436351504
0.689913708131862,0.4857406174982766,0.5686304982710444,0.0,0.6052900509618989,0.5091721059472268,0.4196040988114022,0.49097783481015483,0.5965171579620939,0.18402397546918173,0.8276288082605512,0.28504249015338884,0.5589896750354175,0.0,0.2757740378047247,0.0,0.2217336716969982,0.5064046716922369,0.0,0.48652078562445644,0.6120356314790243,0.6019190836492007,0.5671300786624554,0.5302487237785225,0.5722959670254237,0.05297847137770162,0.3532553595513072,0.50689440944925,0.3185966998436394,0.0,0.6469819337684267,0.29123999019082036,0.28253919474814654,0.4619138300881754,0.3345467892998445,0.35726648429660113,0.3093239892432806,0.26602610407713423,0.47862152499550176,0.16246122550239778,0.3442774387006453,0.25457940580859206,0.49642352577903714,0.3421873678788159,0.0,0.8786237032588599,0.5016191500876128,0.6161364197841115,0.28261431234922996,0.4844892564746158,0.144328491452886,0.7674582765157366,0.10361648617820407,0.09642269581366875,0.1545291850592787,0.5569201929045284,0.20198912864041563,0.473375375351512,0.3974295062197305,0.5231089987315938,0.5863608514276829,0.42077227177225307,0.5314692565768218,0.6197871936731609,0.4178608185861853,0.1928703278310231,0.8637229723233675,0.2425973831963566,0.33145994891362723,0.09841278468754361,0.2986288654523015,0.0977299060551256,0.35220218831356087,0.36772984352225097,0.4910695883409987,0.6369353588791236
0.3303715825810404,0.34921908539363244,0.0,0.0,0.0,0.650415424822857,0.48234579827607166,0.5719208587453462,0.0,0.5477719321446853,0.0,0.39462938332873876,0.4662749711185535,0.0,0.3956292616676529,0.3758233570551419,0.2749399647711933,0.3120076254863843,0.0,0.6819444456303736,0.3587088382105624,0.3414586617069665,0.3891065778311024,0.48808162815088546,0.3739917579386403,0.4250310667142851,0.6456335341430636,0.6525204532177884,0.7007840619225718,0.0,0.27101335988832104,0.3401081256450024,0.2586173580688053,0.2348473280980296,0.09240144736215167,0.0,0.0,0.5662992896961923,0.35909650404631765,0.06339022898983238,0.10246498930440645,0.16041603732032322,0.5483245752791555,0.0,0.8786237032588599,0.0,0.3170119940238203,0.40184812214305776,0.0,0.756920442626174,0.20921579648309507,0.4640310971307735,0.606246472134102,0.07878073053813218,0.4526904029766974,0.4569948901763285,0.5611198188234996,0.31347036766916403,0.45622170918557764,0.4760712358813741,0.2718154696710838,0.19384682617796378,0.21338893374671386,0.0,0.3383237543778748,0.48476616866503097,0.2979901384368144,0.5234698420274604,0.45745312976354496,0.32489160899056385,0.37544023682926786,0.4320142520265553,0.28639526832475126,0.2267993619937601,0.6475504831693946,0.1235859668366851
0.3271858771950562,0.39106325705519557,0.6954679063376716,0.0,0.3571421684182957,0.17908083160261168,0.6492626775380311,0.5862720043680638,0.6132169215753955,0.5127864875251008,0.0,0.6043468854007223,0.05456763363914208,0.0,0.48376409517116226,0.43771866464697784,0.15672339168971733,0.3327255652155688,0.0,0.5456070104313089,0.36714824211298036,0.5457393667248176,0.4855329724718134,0.3814667252933545,0.32813196405507966,0.45731802934997695,0.47179399081934725,0.4462894696690154,0.4597593691295313,0.6135371506056575,0.4138448054084756,0.521734431262685,0.3763948752494992,0.4330095254350393,0.357097397937551,0.5470726925566987,0.0,0.5152116911780588,0.5446575486406673,0.19568878986872457,0.4308173806081848,0.3462019472560873,0.7203534151463256,0.6851572330193467,0.5016191500876128,0.3170119940238203,0.0,0.3497444775571657,0.0,0.09310907941982893,0.12637478207413427,0.12086050368510054,0.29739947006111694,0.28902197918892386,0.3475453473585596,0.4724792095164411,0.34906693495186875,0.2712604552832466,0.03323032840168684,0.4416497791217485,0.4626514302023367,0.30710699933424745,0.4836418522570357,0.45590611283224425,0.5066671680975201,0.3180390082307987,0.4866145278117833,0.23561288035323752,0.18967741384477832,0.5428558037936255,0.5095563387075726,0.4070890339830049,0.3436494395042626,0.3387810526416639,0.457873174687259,0.461123162553046
0.0,0.4293228779324934,0.19781911218780124,0.8377468714172821,0.43872225045217883,0.20367542746028694,0.18908120033632098,0.3924534202080823,0.4120079464420147,0.7455550472830316,0.36518489258473513,0.6054681815025897,0.07361653638091048,0.44417189892876685,0.5038502490859315,0.0,0.0,0.0,0.2828319139669473,0.7395048597648837,0.6693526645391661,0.5311664310074972,0.06925451701892293,0.5015154256577514,0.0,0.5977101791569934,0.29488990758374745,0.07256417975449136,0.13771805177178076,0.12115838343222052,0.0978792512598966,0.12035319553170332,0.3552365896774946,0.11402400451919514,0.7471092013741435,0.1680580278796331,0.6179609702246619,0.6256850642552343,0.555272448217493,0.2757247403548014,0.39079030961337796,0.36560789424870666,0.3456677468888601,0.6116185689162464,0.6161364197841115,0.40184812214305776,0.3497444775571657,0.0,0.6019304918644242,0.30564256518434957,0.4127781151862458,0.1883901185087874,0.4426631385166557,0.1592221516569684,0.3516166140461324,0.32940972086647685,0.41191755623722726,0.2545490550769381,0.49355785290449306,0.613368251234825,0.5935789190388526,0.6905836252557152,0.07952073801527204,0.2025072295183847,0.26040820291876493,0.3289954078237848,0.2842347918207635,0.3962275645213815,0.6580391599445826,0.2293854558741068,0.2794148949259929,0.5125208847059366,0.3213218234229596,0.25784055196040634,0.4361637740234091,0.35180414293586604
0.0,0.0,0.5123917361970567,0.0,0.0,0.0,0.0,0.0,0.6880765345936682,0.0,0.49158151127635874,0.0,0.0,0.0,0.0,0.0,0.0,0.0,0.0,0.0,0.0,0.0,0.5123917361970632,0.0,0.0,0.0,0.0,0.0,0.0,0.0,0.0,0.847970484871156,0.5065826816802506,0.0,0.48196864305198095,0.0,0.0,0.0,0.34282619182359364,0.4282862273645759,0.44938127744823897,0.14460345289889204,-0.00011040055067540466,0.4102844243343816,0.28261431234922996,0.0,0.0,0.6019304918644242,0.0,0.38473230717395523,0.2473430456836735,0.7664717368314242,0.553426694172681,0.44862359112783057,0.9314101834849757,0.39461350736390177,0.31668803757985353,0.6870519268424669,0.23518372022870845,0.0,0.0,0.0,0.0,0.3748042310481834,0.3679703669991977,0.0,0.5609887781810811,0.43502854148648057,0.3760632339302156,0.0,0.5430978274308857,0.5637601695893203,0.6377697220636136,0.0,0.0,0.6665443410344082
0.0,0.0,0.39454102656890094,0.0,0.28365041733422763,0.15296579432937374,0.09829510924293483,0.38713609964224305,0.2498599805197349,0.0,0.3576745264526255,0.3638131624741315,0.07162955170735652,0.13879116750284304,0.0,0.0,0.0,0.0,0.22820784008941686,0.47296209885872703,0.5073668385795375,0.8564095329381833,0.19760193281660965,0.0,0.0,0.5673983425006627,0.23765409962431006,0.17543119724936335,0.09509056577937125,0.16696980823695673,0.1977709816933193,0.17027573336595792,0.0,0.7348416076893453,0.9947412894264429,0.6790357792200501,0.0,0.5477693477460397,0.6334423482140524,0.3805987552047724,0.46973129808618225,0.3760417092318075,0.3282741654718214,0.39399825380560033,0.4844892564746158,0.756920442626174,0.09310907941982893,0.30564256518434957,0.38473230717395523,0.0,0.3233778319341165,0.39019896446173047,0.5555713521385762,0.5577032324013146,0.5196593663306779,0.5379760320976973,0.46769093181418997,0.4760091515368145,0.4542788180797426,0.16221973163212905,0.059835707583243525,0.29683833008547666,0.15506834052251556,0.23260532432506642,0.250521858618452,0.3421653084953793,0.15415767771727812,0.31701068307324115,0.29992123410734994,0.051198019505190484,0.10326839188173237,0.3614987527180448,0.5382688806188637,0.120043871381523,0.17704836483543718,0.41040302245210636
0.18931738040931012,0.207935146017882,0.47891808928959495,0.1271817755147075,0.17967354693891446,0.09294907553971188,0.06708333828666113,0.07568006980411884,0.21527558501489336,0.6983190105362371,0.39173454460067303,0.4133825525908797,0.05832154608347162,0.13780072712829317,0.26919983977521206,0.3485904751874337,0.7614024763556587,0.19916660274467485,0.13573783092890557,0.2624699099886945,0.19974134214161882,0.30364673280001997,0.3545656759942169,0.3420673678871527,0.6266123939005234,0.355968776741462,0.290847143287622,0.12060685282547845,0.2455576077699792,0.24188212429445605,0.3103867032516768,0.18628134565604915,0.08430424888802074,0.30030674000881974,0.1782839142298262,0.24339252800433542,0.689459838143605,0.4279467754719895,0.39177730879885153,0.3351886394760733,0.3035787898691327,0.41883605486001496,0.3197460383591523,0.4331709410840818,0.144328491452886,0.20921579648309507,0.12637478207413427,0.4127781151862458,0.2473430456836735,0.3233778319341165,0.0,0.23524824782712817,0.2677742084028131,0.38293121294592186,0.3879344113776042,0.3832856706680233,0.32198670181727146,0.2021566395283695,0.29902242426130676,0.1013008165205952,0.4239938763059245,0.23538961745375953,0.3652477272157812,0.2613417282251733,0.4017737881651261,0.23123107109293578,0.40911706700836026,0.33260116792549455,0.3105375205196259,0.3021156190974838,0.32151709486146796,0.4487165450972225,0.2729412475311405,0.29228951527550456,0.3258724256700995,0.3078486599913616
0.0,0.5917146034381715,0.39182811213237745,0.0,0.10989747097871944,0.07019647463405665,0.048141601493439934,0.11839680375308048,0.20229050514672464,0.5195218976416784,0.3306832363738761,0.6935844577247747,0.046741090930312756,0.6127236977590964,0.4863059883010454,0.32908390465017806,0.4935711032138727,0.3301160980271604,0.12374246181536563,0.12079999947660086,0.12030833326065271,0.1415895379415914,0.032937228259592,0.6279419377050856,0.703486570809136,0.4108962215151506,0.09166244983578564,0.1054268807498615,0.17555841539312,0.1528755637020599,0.09922502688851242,0.21164829667450474,0.5874042274060441,0.1747967944406904,0.25682515416758095,0.14783891481820932,0.5998303569865553,0.6185845427039828,0.565164099303108,0.6415346158209417,0.5323133245439282,0.4449538721268101,0.37833143224621757,0.503176048675273,0.7674582765157366,0.4640310971307735,0.12086050368510054,0.1883901185087874,0.7664717368314242,0.39019896446173047,0.23524824782712817,0.0,0.227050770244142,0.22097809037625404,0.6490568521153093,0.2995074478319067,0.6513719404475179,0.49102397009350757,0.4914387415901116,0.23927598885507273,0.25373528600417167,0.5783486778129381,0.4813730264056039,0.17253293967714706,0.23686998729893233,0.2641718179555278,0.2909098359171763,0.22540899042180035,0.5679232326226313,0.4238005906394181,0.46287655383738335,0.29002849903418654,0.6314184266913055,0.11937723508027848,0.2645690927243294,0.5240200362892399
0.4959054300192217,0.17474426601942888,0.4046175497832915,0.0,0.20209003697091377,0.5331952309136171,0.10404576475299587,0.5370844412065258,0.3288213142273014,0.6781076928355947,0.3608358155525485,0.0,0.09503402966271013,0.4806037167898714,0.4170323525699382,0.16479566214293395,0.0,0.3223983991020676,0.3191237206827914,0.38902223518178985,0.36611070019562886,0.47350385921383986,0.4500134459170475,0.7115350131232613,0.35991024782208086,0.6042595828515795,0.2250197071619615,0.4303293509541713,0.22131334610880504,0.22795468316009787,0.42125078548755873,0.5247164805637013,0.2178889386020595,0.270715003248658,0.2322859018262754,0.5543088906856253,0.17394832391336573,0.5005744883361927,0.5446039183133077,0.5905381567344785,0.3980639395226938,0.3815780044077989,0.3852600275323582,0.4596884674327587,0.10361648617820407,0.606246472134102,0.29739947006111694,0.4426631385166557,0.553426694172681,0.5555713521385762,0.2677742084028131,0.227050770244142,0.0,0.36687301082027346,0.4589876911405646,0.5620187262044447,0.44722306337513057,0.23517223470790344,0.5433899170770212,0.30353999165627404,0.4963071975531724,0.13183699349355293,0.31611808987502904,0.37616055309038837,0.23009529556488523,0.5797536103128573,0.4358017495492452,0.4576755237929824,0.5747285566151498,0.37021218032708225,0.6071814489617855,0.4306346009941755,0.27717288355672764,0.20872026432411206,0.3066563548934474,0.381657016932879
0.0,0.5463365292191752,0.48218409030769105,0.5065349165726271,0.17702200274640628,0.11143024637567123,0.13004879563660887,0.31455525688284675,0.22878722929547696,0.45761735872617404,0.37487674845601676,0.7274054330199133,0.06732669002133196,0.0808941073106565,0.5650190016352574,0.0,0.0,0.0,0.11365482492940393,0.0997278985812553,0.7380364054382006,0.3858289301634102,0.149903798225702,0.40074255676686105,0.6269187817130967,0.519343729011137,0.2211182320423069,0.055987830891201074,0.20103248995916845,0.19648296629257006,0.09187747506387878,0.07691672490079082,0.5815100244366913,0.06471413350606248,0.6490637469718556,0.6252165857428764,0.3633513412579837,0.6778659541656115,0.45136203664050784,0.26127226771152257,0.2630551799110239,0.2800155210170136,0.34394788852907204,0.4822277578950797,0.09642269581366875,0.07878073053813218,0.28902197918892386,0.1592221516569684,0.44862359112783057,0.5577032324013146,0.38293121294592186,0.22097809037625404,0.36687301082027346,0.0,0.31182496288346045,0.46151225610252766,0.2721364894061148,0.1699986981341678,0.5314384375445396,0.5019793337729097,0.2545966026238182,0.2964129935160693,0.31130537307103356,0.26176248146530556,0.3230139295689707,0.6667835067189064,0.3417147712194251,0.31527481445333794,0.26732418956847537,0.21241735860326,0.2526939688451664,0.37699816493705995,0.24634675183560578,0.2400499375138503,0.3999728659650755,0.25106589982713406
0.5563202810266958,0.7403282423828644,0.6576127991261056,0.0,0.669781300696314,0.701610648932644,0.5417292127075397,0.4977949894582884,0.42263357755181913,0.2772137836790614,0.7003351232508905,0.38027928038780234,0.5908862419141989,0.0,0.3658235750951548,0.1366029007692327,0.32415877653533365,0.384824650258847,0.6146211514477113,0.670441729464079,0.3651079313486263,0.7730960218320015,0.3182569548914858,0.45420084498718616,0.4176975662798007,0.37904199857252086,0.45302425959581505,0.5918786705652926,0.6431369648870302,0.0,0.25103142539697443,0.43748388797615667,0.2644967985147923,0.3984219664964252,0.5079950698872793,0.5132650197537396,0.4643293595862863,0.3622745984593863,0.4025238743049455,0.06771477399793951,0.3138265135786088,0.449223180768245,0.5734851095550146,0.5381315096965563,0.1545291850592787,0.4526904029766974,0.3475453473585596,0.3516166140461324,0.9314101834849757,0.5196593663306779,0.3879344113776042,0.6490568521153093,0.4589876911405646,0.31182496288346045,0.0,0.3823981517706731,0.5338897769329845,0.6540531858995453,0.6850430320034997,0.16349768921887387,0.5180621205328064,0.4062720148154648,0.5798871025267881,0.27625754119062085,0.44552679224133424,0.32335754673717937,0.48521623358476773,0.37484970621675195,0.31334440494805293,0.49004830735534,0.6113549885569555,0.3650434560655485,0.5997697185707845,0.20754743699100572,0.2586583150855482,0.5064949207124343
0.0,0.0,0.3982683653595747,0.16504746603704257,0.23801451232340348,0.2941142991383925,0.3166212756780887,0.4210319320399041,0.36380768199623276,0.6593016662957492,0.3464961822055381,0.5539026401796484,0.3048400427529089,0.3531112311226352,0.0,0.0,0.5077887096944232,0.0,0.27421997942732096,0.3836581055716341,0.0,0.0,0.15452172136138653,0.3903969611834495,0.0,0.5970666110614946,0.30365234296670235,0.3038889619813059,0.559081119650836,0.13559130581463194,0.5874662292127806,0.25072110948351733,0.4928152549682709,0.6775244863594253,0.15651354101703754,0.29096915771252396,0.5275619915711938,0.5032755399086281,0.5412916315687575,0.736502370521445,0.25242557195481996,0.25572379095294295,0.19570248499800963,0.2545984289341559,0.5569201929045284,0.4569948901763285,0.4724792095164411,0.32940972086647685,0.39461350736390177,0.5379760320976973,0.3832856706680233,0.2995074478319067,0.5620187262044447,0.46151225610252766,0.3823981517706731,0.0,0.21602663962820384,0.2384074336236881,0.40660530337564516,0.2549432713405289,0.0,0.4852811793374541,0.6966301692446943,0.258713755104686,0.3514918932847037,0.14669817430866552,0.6574193188374651,0.5079886814371886,0.1904440918886216,0.6975395049109215,0.2828760567826858,0.5851363059172304,0.2990210697338892,0.1377508855692664,0.6114565847876398,0.28436397104366784
0.7138113215325199,0.5570809787703059,0.19132731001534473,0.0,0.4411063947052059,0.4602100695510288,0.6441061267296403,0.0,0.35021940351204794,0.3833969438949844,0.7303959970946999,0.400137642079839,0.6047799800049287,0.49514591899321175,0.25075974755564456,0.618385043390087,0.291665249141709,0.3583569015292259,0.5039134879875192,0.46076692138759673,0.5183130282075133,0.5092555981786847,0.44378531697559837,0.5589396575003573,0.4045300400067644,0.35278205788879613,0.44342853273388405,0.6970313606168455,0.4598284544397226,0.0,0.25568021366098975,0.13847664341418864,0.2567838738239651,0.46672282058149395,0.5738202184513032,0.5749946973862174,0.31228772650331793,0.3593754975032647,0.44027710831219624,0.08451529284132148,0.25386083793423975,0.24796330455744914,0.1853559316527336,0.35101272971558617,0.20198912864041563,0.5611198188234996,0.34906693495186875,0.41191755623722726,0.31668803757985353,0.46769093181418997,0.32198670181727146,0.6513719404475179,0.44722306337513057,0.2721364894061148,0.5338897769329845,0.21602663962820384,0.0,0.6114641522484376,0.5893535751115981,0.4799852086195263,0.44191939890438725,0.6264517507222669,0.5197582644913158,0.1301556384162208,0.5985751557291392,0.35312219250250876,0.7725634246669764,0.35802284239085364,0.3727454455948217,0.47962777067172163,0.47946292479741476,0.20932689134191468,0.4752460856251663,0.28765817577959074,0.513172301229667,0.44867656438480363
0.6097977654879401,0.2778365157833739,0.4132902166241064,0.4925373509923602,0.18114800335910242,0.11925667920552274,0.04807429464008495,0.09359352416135225,0.08690830473481292,0.4586448188050925,0.36534637967142397,0.6220355950507443,0.0664711531617137,0.5502059562848551,0.3449856027030203,0.6278350497131816,0.5162874680206143,0.45037104829418123,0.14921754752582872,0.3003685643583316,0.21418541808234393,0.38499439682150915,0.08973647220753211,0.710426101920583,0.6463048929146029,0.4358960942034133,0.15684736281639078,0.1417875106316795,0.20658203374477846,0.190192813454149,0.15655717661557916,0.2727581696326298,0.4904740709650727,0.1841896293571058,0.3835391840068297,0.2019586641321387,0.3945407785667027,0.5301161104107702,0.5959964539816777,0.6724129853668364,0.46572738689155924,0.5543367188757505,0.5570393497751471,0.41567667452897955,0.473375375351512,0.31347036766916403,0.2712604552832466,0.2545490550769381,0.6870519268424669,0.4760091515368145,0.2021566395283695,0.49102397009350757,0.23517223470790344,0.1699986981341678,0.6540531858995453,0.2384074336236881,0.6114641522484376,0.0,0.5428493294776032,0.14461693199556208,0.38224438172265846,0.518398788533079,0.4622804519624285,0.17450510441880335,0.3152877115523089,0.23958101254422376,0.3352203261189165,0.2180576810092985,0.4607493252643148,0.46379467031218174,0.4455037077361118,0.22549304144921772,0.5216605245874826,0.17979512798846164,0.46402768495697594,0.5541128128183274
0.0,0.0,0.2148889730273345,0.0,0.08987008989114709,0.47557256339584497,0.62953850800749,0.3144756469567044,0.10384402253408109,0.0,0.3946367738312741,0.0,0.12825628287636665,-0.01301499056533667,0.0,0.0,0.0,0.0,0.27922714636227314,0.0,0.0,0.0,0.13185260700627233,0.0,0.0,0.0,0.2479283999829222,0.6465941086123601,0.1939088826825318,0.0,0.0,0.25706842438020727,0.49620362782572236,0.7545939477819048,0.0,0.6979437185511979,0.0,0.5038030087007822,0.08008794835424782,0.3240859307100157,0.2144969279149667,0.3084990417689886,0.07575573849377565,0.21846974864441793,0.3974295062197305,0.45622170918557764,0.03323032840168684,0.49355785290449306,0.23518372022870845,0.4542788180797426,0.29902242426130676,0.4914387415901116,0.5433899170770212,0.5314384375445396,0.6850430320034997,0.40660530337564516,0.5893535751115981,0.5428493294776032,0.0,0.5575957570583843,0.0,0.321659209624371,0.8757685746707372,0.4865960901458445,0.2319784433361629,0.6019307932566361,0.11452479459120468,0.5383772454529332,0.24017832888565288,0.21066987089713352,0.1414928451944677,0.5311061482313145,0.509194413273962,0.05768798740824749,0.0,0.5015306215288275
0.5535007447214922,0.42788950319962826,0.7482479811979872,0.0,0.5872317712244383,0.28630072426868386,0.35262426722970497,0.31823690984403563,0.6786805362705058,0.06273751926072005,0.6924532800916313,0.6727458496035605,0.30585875520315264,0.0,0.6622580726798744,0.5084595750633032,0.0,0.06706740438775405,0.11596186653668597,0.4064393457254409,0.35737908808320956,0.5381631723135468,0.30533428231618015,0.5605861918850599,0.5175343746251337,0.5967044536756028,0.3276574635552326,0.33882102308040296,0.3475722981544173,0.4291345132219236,0.4812341814123157,0.6110035393486838,0.47448823274812746,0.566299376246362,0.5594819074591165,0.46571459188696734,0.6431364255726532,0.4486018498431454,0.5119936391619456,0.20020487651652824,0.4874799896723151,0.4902201626488831,0.6887710327853662,0.7073356727121914,0.5231089987315938,0.4760712358813741,0.4416497791217485,0.613368251234825,0.0,0.16221973163212905,0.1013008165205952,0.23927598885507273,0.30353999165627404,0.5019793337729097,0.16349768921887387,0.2549432713405289,0.4799852086195263,0.14461693199556208,0.5575957570583843,0.0,0.33972634375327015,0.3197983817727761,0.3714879222432824,0.4834039047016714,0.531610654265782,0.38656293196671687,0.5671530222634508,0.4144335908704074,0.3887450045406565,0.4649019947980021,0.3724003555709816,0.4685222540767708,0.27813988693545455,0.22219845107643488,0.37731924369735104,0.3642523681538141
0.2829325791974622,0.3698654110617856,0.5008341458090618,0.0,0.16406425378073775,0.6467541358458148,0.44046353868424043,0.6299838973996479,0.6553112905853965,0.25142345776577746,0.0,0.38879864262414127,0.6580587703589424,0.0,0.49177560174552726,0.41573817799538176,0.21582320784999565,0.2797337657379912,0.0,0.4893266915088363,0.4039266333178575,0.5178210973695598,0.3676719872984721,0.35752049606695147,0.3075225834430674,0.40197221760433305,0.4080449806075467,0.4488417929416194,0.4361666907982127,0.0,0.3761186460864648,0.48509383654847393,0.3341894279350417,0.38394037354453314,0.2959260956494008,0.4573689295437111,0.0,0.018308411042657877,0.5006770620057628,0.09700313135857658,0.41278803886221377,0.3085619088129334,0.6523759482432597,0.4782845146763566,0.5863608514276829,0.2718154696710838,0.4626514302023367,0.5935789190388526,0.0,0.059835707583243525,0.4239938763059245,0.25373528600417167,0.4963071975531724,0.2545966026238182,0.5180621205328064,0.0,0.44191939890438725,0.38224438172265846,0.0,0.33972634375327015,0.0,0.5176470104711008,0.6114447122594442,0.5012658219583108,0.5113423153144719,0.3950859142938983,0.45547610266594624,0.2550051703526952,0.4074898895762698,0.5929435288956466,0.40086944161220645,0.4966862177083452,0.4802086325358281,0.44398743822857867,0.5257939010363788,0.6101668683209984
0.33539676804474183,0.44141119159596554,0.0,0.0,0.0,0.0,0.0,0.0,0.0,0.3998439357896705,0.0,0.34421810997698654,0.7826293380713614,0.0,0.43090337046542093,0.2723135125946003,0.439976084459498,0.375257254595106,0.0,0.7829352918659048,0.0,0.6388621374724903,0.4705760038317149,0.40815003622879686,0.38853416619348835,0.4036583503183287,0.539234381179619,0.7798109729074101,0.3446702939171164,0.0,0.3281020089588456,0.24259992354501753,0.24524307727056055,0.34238791438046134,0.41396122432613097,0.0,0.0,0.29085571811372135,0.5333837825339426,0.17762591613146672,0.43000314558109565,0.5043365864800077,0.6521944585056214,0.0,0.42077227177225307,0.19384682617796378,0.30710699933424745,0.6905836252557152,0.0,0.29683833008547666,0.23538961745375953,0.5783486778129381,0.13183699349355293,0.2964129935160693,0.4062720148154648,0.4852811793374541,0.6264517507222669,0.518398788533079,0.321659209624371,0.3197983817727761,0.5176470104711008,0.0,0.600303237068439,0.6529749718139191,0.337764928126959,0.5181013405852857,0.47158603465749643,0.32676608528781625,0.369438098801386,0.5192822213204125,0.5909839576450755,0.32109428832287007,0.5592573496373492,0.31459272590827786,0.47363814397657117,0.5715110002812576
0.20364498526813013,0.363643736402908,0.0,0.0,0.0,0.31816854494182983,0.4305376785910248,0.29921721517610017,0.0,0.36931896145729465,0.0,0.3778459497786057,0.5985986568912526,0.0,0.5296391743070725,0.3214286755164747,0.31572281958842946,0.2632710693047904,0.0,0.4629681535240926,0.4122541466056182,0.4797100098107231,0.213868261566177,0.33759799814014174,0.29361008055922017,0.3446997772469441,0.05501742662816089,0.6511163110877884,0.72787548719272,0.0,0.22252475405012762,0.2228478237425502,0.21257863974894614,0.24727851575623394,0.268644544998562,0.0,0.0,0.31008175199714627,0.42382643549565874,0.07968513407145306,0.3079016684389589,0.29077821455017183,0.6302106756899913,0.0,0.5314692565768218,0.21338893374671386,0.4836418522570357,0.07952073801527204,0.0,0.15506834052251556,0.3652477272157812,0.4813730264056039,0.31611808987502904,0.31130537307103356,0.5798871025267881,0.6966301692446943,0.5197582644913158,0.4622804519624285,0.8757685746707372,0.3714879222432824,0.6114447122594442,0.600303237068439,0.0,0.6219179977228638,0.5195127793136783,0.355338503195402,0.49153169215151393,0.3216570507537217,0.34076609447832884,0.596042940032798,0.4379527566217925,0.47199481697233064,0.5110358819048179,0.46632976321828523,0.22306021792585462,0.5158733294255199
0.0,0.0,0.17122852803435212,0.0,0.22787388183059432,0.21161286189692335,0.10009140964239038,0.4942742046472869,0.18774574015742668,0.31927449144824016,0.18431506382602014,0.0,0.13329887025163645,0.026383097811007894,0.0,0.0,0.0,0.0,0.4500961922091941,0.3608511741914798,0.0,0.0,0.31588272556204117,0.0,0.0,0.0,0.21950906025040812,0.10263662729507683,0.060857308783056285,0.45065326719759435,0.7145576374172892,0.25673021975974886,0.4907392429113676,0.6867618664155584,0.8259409339170988,0.07970669647967665,0.0,0.0,0.49681328534917096,0.7084413114473747,0.22499192871907303,0.2831847345663646,0.3550909628820759,0.5558252020014893,0.6197871936731609,0.0,0.45590611283224425,0.2025072295183847,0.3748042310481834,0.23260532432506642,0.2613417282251733,0.17253293967714706,0.37616055309038837,0.26176248146530556,0.27625754119062085,0.258713755104686,0.1301556384162208,0.17450510441880335,0.4865960901458445,0.4834039047016714,0.5012658219583108,0.6529749718139191,0.6219179977228638,0.0,0.6203795524876319,0.5758514274144203,0.6472320997878639,0.188876161489822,0.4625359617549677,0.6311419988443674,0.07682041974815446,0.5292055071409283,0.2175594879903709,0.11300862405350653,0.5996041857154468,0.2121723229374478
0.34641066759821293,0.474471123647337,0.5199114712834849,0.0,0.6919877247686624,0.2722140592280922,0.24734573743558796,0.4431850840653253,0.24196748760525133,0.37521220081157947,0.3949550204263496,0.4800049670157002,0.1968159456649557,0.29017671113605525,0.5783030638283639,0.4884296853167097,0.6850030570349661,0.2300682495315597,0.5333454116037407,0.40003136145421664,0.30997468172193104,0.4847478898412765,0.33599294574467753,0.6471190872686223,0.3202337328711283,0.6046672292963384,0.31200764933732034,0.30031113814157334,0.36149760623477,0.3560172697077992,0.40876416991913345,0.4609307065446706,0.3693913731690466,0.45428933574048513,0.417688538692777,0.5326570308708819,0.6800683870739661,0.1692135124989736,0.46842187399096136,0.45265018044658895,0.458631017212348,0.40815784650910386,0.4439089980654455,0.31715026586833295,0.4178608185861853,0.3383237543778748,0.5066671680975201,0.26040820291876493,0.3679703669991977,0.250521858618452,0.4017737881651261,0.23686998729893233,0.23009529556488523,0.3230139295689707,0.44552679224133424,0.3514918932847037,0.5985751557291392,0.3152877115523089,0.2319784433361629,0.531610654265782,0.5113423153144719,0.337764928126959,0.5195127793136783,0.6203795524876319,0.0,0.31795653565001103,0.6268982679553271,0.454836195010185,0.41105361136400975,0.45601106793649554,0.524352654886007,0.5854216277125859,0.41064924001636494,0.5222016379960416,0.579001113059348,0.5778246675269298
0.4166012124434163,0.4393771491715658,0.6989823726417866,0.0,0.0,0.2622328879989453,0.7295947117003068,0.5976316041707475,0.6145916190368683,0.6263359295415547,0.0,0.7575114974458299,0.3375150879697159,0.0,0.49594931069918713,0.4993892495431127,0.0,0.2524156981256052,0.0,0.44908637920208244,0.25124399960148114,0.5043616251554075,0.39166732625667083,0.22648018741624446,0.45726215127675335,0.5144980501019634,0.383744817532805,0.4312139390179454,0.3195416638129119,0.7015182063577037,0.30359222021988724,0.5882448797617403,0.36592411233090655,0.472846843622058,0.27320172785922986,0.9240432360775388,0.7256224924272181,0.0,0.5583241332980393,0.21798388349868425,0.4131590567608151,0.41201770785186853,0.6319158749340676,0.5492031533682323,0.1928703278310231,0.48476616866503097,0.3180390082307987,0.3289954078237848,0.0,0.3421653084953793,0.23123107109293578,0.2641718179555278,0.5797536103128573,0.6667835067189064,0.32335754673717937,0.14669817430866552,0.35312219250250876,0.23958101254422376,0.6019307932566361,0.38656293196671687,0.3950859142938983,0.5181013405852857,0.355338503195402,0.5758514274144203,0.31795653565001103,0.0,0.40021436140010597,0.34581727872049245,0.5554086296479204,0.377448166725076,0.4173908004805289,0.2469004037409318,0.32761949380973504,0.29421067547775004,0.3883981997712227,0.3332343236550911
0.4201465366960218,0.449103230553762,0.520049321314521,0.0,0.5446132737024957,0.34687352341487204,0.37661339112937703,0.4893841155014048,0.31890108404597006,0.6593282080895053,0.36686229701608614,0.8063573339919133,0.3394818311339166,0.0,0.6826318333342474,0.5479667795691362,0.7355861936158281,0.4810904146619203,0.5024230580186985,0.5545837131592624,0.45625349638192153,0.6111091963852551,0.4289546599236759,0.4776775925911954,0.439013037229824,0.5686573861238888,0.41153343235795364,0.4359511208303024,0.45690156282156813,0.46312983771712507,0.5705350635218236,0.6755879487895967,0.5698223702772782,0.5738712935791855,0.5943434465701409,0.6827268384104024,0.5031923400222328,0.4865755801332995,0.7244046092068284,0.6363946346157426,0.7650728335518933,0.7015093586678331,0.8251617982997215,0.5303446830165384,0.8637229723233675,0.2979901384368144,0.4866145278117833,0.2842347918207635,0.5609887781810811,0.15415767771727812,0.40911706700836026,0.2909098359171763,0.4358017495492452,0.3417147712194251,0.48521623358476773,0.6574193188374651,0.7725634246669764,0.3352203261189165,0.11452479459120468,0.5671530222634508,0.45547610266594624,0.47158603465749643,0.49153169215151393,0.6472320997878639,0.6268982679553271,0.40021436140010597,0.0,0.4334270536546685,0.17123195575136985,0.4944465437725668,0.4806359888185612,0.5519714130841199,0.4984753727232031,0.5043291424511113,0.5996248695933791,0.6688678274093967
0.1874381989693491,0.3376576495348655,0.4853665345480291,0.14523669770567504,0.2452718990458353,0.061741079529345044,0.07054425771928852,0.583552597131994,0.263541789975707,0.05264485283043818,0.6092152103043134,0.05912423853721638,0.09126401450919663,0.08875466315949493,0.3613605349926193,0.3832896359224379,0.9498095974137896,0.2551922183950259,0.24876344664010092,0.3506810205109209,0.2077968462805988,0.386568123136246,0.5519207081833297,0.2431735155751616,0.2951119262443916,0.42254413574040844,0.3591859239672958,0.15454078592192944,0.32918274369605255,0.23355428812778195,0.394808370263652,0.27336373446088397,0.25972388661919227,0.34090886352125777,0.2757342512520817,0.1766510017833618,0.295601828376233,0.4111467393250774,0.3323651015916058,0.21856343295278363,0.3513182325573279,0.28563295524302806,0.3535545212688036,0.5596305917069104,0.2425973831963566,0.5234698420274604,0.23561288035323752,0.3962275645213815,0.43502854148648057,0.31701068307324115,0.33260116792549455,0.22540899042180035,0.4576755237929824,0.31527481445333794,0.37484970621675195,0.5079886814371886,0.35802284239085364,0.2180576810092985,0.5383772454529332,0.4144335908704074,0.2550051703526952,0.32676608528781625,0.3216570507537217,0.188876161489822,0.454836195010185,0.34581727872049245,0.4334270536546685,0.0,0.4974404164756839,0.2909980485275354,0.33188072322891077,0.5279226936844506,0.26899877903106306,0.25664087557297105,0.2765907878770884,0.3415247677288276
0.5224526769884403,0.35227313788685627,0.0,0.0,0.0,0.0,0.24829508991975516,0.6622305575869424,0.5110014263919354,0.43796599141213927,0.0,0.48124771834681507,0.46600068225369007,0.4933739404520912,0.5313989867454094,0.33001959060470365,0.3672276664020646,0.35761224270977354,0.0,0.020289748213701365,0.5265519135145386,0.4970161653750088,0.615629554441439,0.785748476095649,0.3962496673463321,0.5218201964942739,0.411043850763042,0.6031153218189107,0.4400619773899289,0.0,0.3419652569435553,0.23621703578382655,0.366656443100272,0.47325997943068915,0.5800995580246168,0.4033998887760555,0.43236483751616495,0.5403288459664467,0.535734174043109,0.04494703810259887,0.18856830729400154,0.3678402876191489,0.4795350153280679,0.2384072846689234,0.33145994891362723,0.45745312976354496,0.18967741384477832,0.6580391599445826,0.3760632339302156,0.29992123410734994,0.3105375205196259,0.5679232326226313,0.5747285566151498,0.26732418956847537,0.31334440494805293,0.1904440918886216,0.3727454455948217,0.4607493252643148,0.24017832888565288,0.3887450045406565,0.4074898895762698,0.369438098801386,0.34076609447832884,0.4625359617549677,0.41105361136400975,0.5554086296479204,0.17123195575136985,0.4974404164756839,0.0,0.45250303020391014,0.47628857362306487,0.39620459258644547,0.4505356518961119,0.15202928585083608,0.6087927894098987,0.32922095151013137
0.2683999845397829,0.35168179518898257,0.0,0.0,0.5069014940589094,0.6453332217439474,0.5366120790826083,0.6982835982810578,0.6202497986222644,0.2854092995336965,0.0,0.28332227661018855,0.52517611705111,0.0,0.4037423129842655,0.34408826127699643,0.30409375503825326,0.27417705041858176,0.0,0.4224988291469969,0.45066580668274553,0.4486135902448089,0.4748938870160038,0.37476803818364474,0.30427140104710876,0.34870013172527753,0.4740118056250421,0.08327383885834572,0.7492557472731785,0.0,0.30475478579517934,0.3688245827575192,0.24179809998010693,0.26336960514898916,0.21281342617923954,0.2736155998050328,0.0,0.32431299154227583,0.4421618116481314,0.07944450614889387,0.3327141145899865,0.3262580928349655,0.8100164952884783,0.4997170221723463,0.09841278468754361,0.32489160899056385,0.5428558037936255,0.2293854558741068,0.0,0.051198019505190484,0.3021156190974838,0.4238005906394181,0.37021218032708225,0.21241735860326,0.49004830735534,0.6975395049109215,0.47962777067172163,0.46379467031218174,0.21066987089713352,0.4649019947980021,0.5929435288956466,0.5192822213204125,0.596042940032798,0.6311419988443674,0.45601106793649554,0.377448166725076,0.4944465437725668,0.2909980485275354,0.45250303020391014,0.0,0.511329607084973,0.36247391888911695,0.4666491034904535,0.4307131280961033,0.43297435125643224,0.38896334149476774
0.37487887293068917,0.3930370357665555,0.42530069270989485,0.0,0.6095919810871994,0.38402741695669235,0.30287236466713474,0.6205171403480194,0.015084514059559795,0.4005817260213747,0.5872260213919476,0.41877579348943483,0.30096112275956455,0.0,0.5422975828288025,0.39798721104954415,0.3913752763256104,0.32890037997177524,0.742213861994907,0.5538314970689457,0.4180550308846043,0.5647635962860451,0.4904913055743967,0.5075259300244593,0.35928025692428894,0.4772030012174505,0.509935535636959,0.4253174158690819,0.4557342734796467,0.7330147700962345,0.40025405790253843,0.4956829883117797,0.3563404182540475,0.38241319653656647,0.3214280542809703,0.7094854580461192,0.8512318614344958,0.5489890643692374,0.472071104609842,0.1571896580409976,0.39253346259916466,0.3476936144874929,0.6608113173495751,0.3944005437691594,0.2986288654523015,0.37544023682926786,0.5095563387075726,0.2794148949259929,0.5430978274308857,0.10326839188173237,0.32151709486146796,0.46287655383738335,0.6071814489617855,0.2526939688451664,0.6113549885569555,0.2828760567826858,0.47946292479741476,0.4455037077361118,0.1414928451944677,0.3724003555709816,0.40086944161220645,0.5909839576450755,0.4379527566217925,0.07682041974815446,0.524352654886007,0.4173908004805289,0.4806359888185612,0.33188072322891077,0.47628857362306487,0.511329607084973,0.0,0.43180285313461686,0.3832449244269431,0.44710249515104183,0.3204325515298332,0.3142482324225168
0.5529730737649416,0.3134277296343708,0.5074924236225093,0.7446070439750844,0.2601077572675435,0.4288506112578207,0.10115566336738258,0.32801907852474693,0.30069529645623294,0.017936543005066308,0.3155553917571242,0.4050611105580394,0.10206609996518445,0.0685132605989473,0.460998800558059,0.39784766884931405,0.0,0.6526647600097739,0.24452755466540949,0.32300525947875,0.22031873934719604,0.3440654683851909,0.42554581918190715,0.4125301122369096,0.26809580243707415,0.45448371051103975,0.3687895646516424,0.16348472899603772,0.31050833923998716,0.21875572603427096,0.3329660902466271,0.22499899249832067,0.0670999622659097,0.31517449999387087,0.16301303982205623,0.20883800945192954,0.16625483399155128,0.45055954944641785,0.22999846944482888,0.20057718482244036,0.21514730603591103,0.2522659249330867,0.3302074664161981,0.3481533878489128,0.0977299060551256,0.4320142520265553,0.4070890339830049,0.5125208847059366,0.5637601695893203,0.3614987527180448,0.4487165450972225,0.29002849903418654,0.4306346009941755,0.37699816493705995,0.3650434560655485,0.5851363059172304,0.20932689134191468,0.22549304144921772,0.5311061482313145,0.4685222540767708,0.4966862177083452,0.32109428832287007,0.47199481697233064,0.5292055071409283,0.5854216277125859,0.2469004037409318,0.5519714130841199,0.5279226936844506,0.39620459258644547,0.36247391888911695,0.43180285313461686,0.0,0.2872026749740011,0.46393501962259326,0.26575906918489994,0.3188447066235742
0.5162686063454586,0.266718573457545,0.4647235128875461,0.5072213349938085,0.17677322498070014,0.1415794706879352,0.14075503039320092,0.14879750270055164,0.20444590478635477,0.5223642287680221,0.37547581042176625,0.7630599940231894,0.13442782628116456,0.5832165670598949,0.4009479117510728,0.44550098553421447,0.6154103788397156,0.2685526673761983,0.14331479641486267,0.4432205818361068,0.38944657043284536,0.424189240267018,0.20880476856107621,0.6008744884157251,0.04009825962889946,0.5082937616594051,0.2868716216322942,0.27532188374237765,0.4335618888068379,0.3059737163942874,0.40212715467475973,0.4950415983482626,0.46735684992054005,0.38148147949679445,0.7108427462950657,0.3985175539305025,0.5527937701005912,0.4592862500877336,0.5242790296335587,0.420300812582029,0.4092287004900145,0.5402134747276126,0.2415313621291485,0.42550517656585907,0.35220218831356087,0.28639526832475126,0.3436494395042626,0.3213218234229596,0.6377697220636136,0.5382688806188637,0.2729412475311405,0.6314184266913055,0.27717288355672764,0.24634675183560578,0.5997697185707845,0.2990210697338892,0.4752460856251663,0.5216605245874826,0.509194413273962,0.27813988693545455,0.4802086325358281,0.5592573496373492,0.5110358819048179,0.2175594879903709,0.41064924001636494,0.32761949380973504,0.4984753727232031,0.26899877903106306,0.4505356518961119,0.4666491034904535,0.3832449244269431,0.2872026749740011,0.0,0.38379417956198825,0.4939522501245348,0.5292146254064495
0.6565464826829308,0.3287457977759387,0.15638687472380636,0.9612596108375744,0.08130642820271772,0.16360275241573385,0.05309338474649239,0.05276314297121509,0.04490922949166376,0.6790189282499053,0.47681146599856183,0.41182176120008906,0.14826240242428224,0.7753095205276056,0.41901689028358197,0.6911208066061848,0.5750834233763528,0.19615215118148654,0.23898123403065624,0.4076229776855624,0.35074064246266945,0.4353898375236541,0.37223409631905036,0.47994004921511974,0.2526267137826887,0.5299320127401583,0.3744283494057125,0.2302291819798329,0.26151373258512883,0.31293501815388985,0.41311281846354675,0.2897019359444667,0.1515568233664487,0.39157713858599674,0.1994464513847436,0.357205564000991,0.1624466558827175,0.3924949608392073,0.5470421514388416,0.3566462701444736,0.33802262616371376,0.43062384262294995,0.5846865932595396,0.5927234837052797,0.36772984352225097,0.2267993619937601,0.3387810526416639,0.25784055196040634,0.0,0.120043871381523,0.29228951527550456,0.11937723508027848,0.20872026432411206,0.2400499375138503,0.20754743699100572,0.1377508855692664,0.28765817577959074,0.17979512798846164,0.05768798740824749,0.22219845107643488,0.44398743822857867,0.31459272590827786,0.46632976321828523,0.11300862405350653,0.5222016379960416,0.29421067547775004,0.5043291424511113,0.25664087557297105,0.15202928585083608,0.4307131280961033,0.44710249515104183,0.46393501962259326,0.38379417956198825,0.0,0.31406476127626987,0.5165155279005059
0.0,0.12281719575416983,0.24038957723312554,0.0,0.26101796932883514,0.19306633993648464,0.20675771963484724,0.25124481731208087,0.13774694768630347,0.0,0.7691157839978696,0.0,0.21569376792054246,0.0,0.2657049168210494,0.6173970783287716,0.0,0.0,0.840869326836505,0.34010194933518356,0.362705089442625,0.2058413552614553,0.25997203470789826,0.0,0.0,0.31182041509197644,0.2692522444841435,0.30485458757146133,0.29118425962316485,0.16386833004188006,0.3439514808876624,0.3450866666539708,0.0,0.3820924966545384,0.3386448447254072,0.21616530760218777,-0.05597730654830496,0.0,0.48599856787666124,0.4359626084618436,0.6484796140544326,0.5726339157171773,0.7541392583256284,0.3071559515200321,0.4910695883409987,0.6475504831693946,0.457873174687259,0.4361637740234091,0.0,0.17704836483543718,0.3258724256700995,0.2645690927243294,0.3066563548934474,0.3999728659650755,0.2586583150855482,0.6114565847876398,0.513172301229667,0.46402768495697594,0.0,0.37731924369735104,0.5257939010363788,0.47363814397657117,0.22306021792585462,0.5996041857154468,0.579001113059348,0.3883981997712227,0.5996248695933791,0.2765907878770884,0.6087927894098987,0.43297435125643224,0.3204325515298332,0.26575906918489994,0.4939522501245348,0.31406476127626987,0.0,0.6304093880360566
0.22491069965845883,0.41697125756402426,0.16482064385634299,0.0,0.14899201591597683,0.36530925951875587,0.17578299684137766,0.21579360619481908,0.19106660564515987,0.22601295756851802,0.12786433361787908,0.37009659919113275,0.1702827239057042,0.0,0.5593866993244253,0.38902552590097883,0.3512554354335993,0.26912378926601055,0.6694932709726271,0.4991079976907413,0.43071920688015486,0.5154661333705974,0.38700876712819243,0.2967245443076732,0.2982425896733351,0.4025363516545995,0.37325229254887243,0.3345111819032837,0.38808713086528174,0.38488245610753935,0.29368542996063657,0.4664641372001247,0.337269708028058,0.25101625750680784,0.3000862058662215,0.4835358924987349,0.7798980743964856,0.4700736272501746,0.6892130041714005,0.4123936004159766,0.6373327471115098,0.819892092331135,0.6500504750792981,0.35607307436351504,0.6369353588791236,0.1235859668366851,0.461123162553046,0.35180414293586604,0.6665443410344082,0.41040302245210636,0.3078486599913616,0.5240200362892399,0.381657016932879,0.25106589982713406,0.5064949207124343,0.28436397104366784,0.44867656438480363,0.5541128128183274,0.5015306215288275,0.3642523681538141,0.6101668683209984,0.5715110002812576,0.5158733294255199,0.2121723229374478,0.5778246675269298,0.3332343236550911,0.6688678274093967,0.3415247677288276,0.32922095151013137,0.38896334149476774,0.3142482324225168,0.3188447066235742,0.5292146254064495,0.5165155279005059,0.6304093880360566,0.0
