0.0,0.26115901193753754,0.09175734028891336,0.7378510313036456,0.7444423720236824,0.6018102386988291,0.739629527665247,0.5545626831277854,0.5582872473961243,0.0,0.593017050582225,0.04844207362693344,0.7189899284597047,0.8414822696648048,0.30703766364423307,0.4432720123305014,0.23026288448039295,0.3716066714092586,0.40752506790239007,0.635061823290694,0.5390852279139835,0.4889968122743374,0.3472057943805365,0.4455161597164582,0.6433785360016353,0.41770624993954997,0.46094421884748915,0.31291946116915376,0.7761463481350366,0.5765511794179397,0.5428642176849747,0.3040116984317366,0.45778671850920843,0.4759538611990557,0.22786472935928273,0.5896835010750154,0.3565555510354671,0.5650096116313623,0.40261160409402863,0.5906887002729397,0.9245201922772898,0.4331730715689882,0.0038009057218746888,0.16290774433325098,0.5708216552574295,0.8025323560290697,0.11284958586973534,0.548286534873168,0.7185001771613498,0.7630643867689617,0.4140233943329016,0.41114995187583264,0.4150733256305075,0.6112339494444978,0.0,0.5820978286713318,0.07654263282319208,0.014593833982249227,0.5600828466085265,0.09260600372177533,0.294127130765493,0.18158014605183342,0.11946403429756339,0.18868667852829787,0.20873144093741736,0.6498490328066353,0.08960707557692436,0.28434809155877183,0.3634590173890402,0.33608870069862595,0.08257309324809764,0.3124396172399586,0.04632960588157224,0.5294447452416313,0.5259582079107853,0.43058488721741484
0.26115901193753754,0.0,0.3488719280528009,0.15676824708951442,0.5305360126287142,0.7482356092049053,0.5464333494905765,0.7569641267306323,0.6254136348021999,0.2024103963203824,0.7496925227628963,0.011733574233496954,0.23720563187095084,0.62435650541862,0.0,0.5587889153340907,0.4555530967382341,0.6363798499226974,0.42422176606918277,0.15233448177743428,0.20779423137249614,0.33692361693253026,0.4990745767853474,0.48498566792576153,0.3716238055373861,0.47797152693927614,0.6427119725817249,0.31183980048962096,0.4162273957301228,0.0,0.593974267280841,0.37103494703351525,0.4684526971019435,0.792018459414524,0.5701140332526882,0.5182457228439437,0.32728050499214173,0.47580617964947725,0.7654962324777467,0.4487959564977888,0.59560042204905,0.8094827801056759,0.48595310376046624,0.3614240150834551,0.6644209173929906,0.2641563145026014,0.11201883109394904,0.6155300764710604,0.4503060053729333,0.6909586144335068,0.6730954011773203,0.3887736576520692,0.7560123065291169,0.5081801315488473,0.034046908283731164,0.7092151094256105,0.0,0.46281954344312787,0.7315015190848794,0.2187977612039328,0.525923678861379,0.12226119229235119,0.32306372746550377,0.601677886655201,0.7040590387797512,0.45701380462658525,0.5069819713255341,0.4597380558008985,0.3030924849550696,0.3486325590301184,0.0107072209173006,0.6647010345579456,0.4213133110282558,0.5216676399270086,0.6227946402851822,0.35151801010486533
0.09175734028891336,0.3488719280528009,0.0,0.33034326231601985,0.41778225335433516,0.182908188231445,0.3387209939031442,0.25319203019159053,0.0,0.8205827143871948,0.2253720642913168,0.5094747273274056,0.08575788012955954,0.3678925338644968,0.16305662345475858,0.34409662332757607,0.6667176644632905,0.5379345285635715,0.03474784105675459,0.0,0.0,0.21340195227825437,0.294595335731435,0.677112420850854,0.40480001106677743,0.4663114664552825,0.26971493465695967,0.28728175858870025,0.1613176643235364,0.04503977000229874,0.3085312306582425,0.4382808828480928,0.5584704139577108,0.6295883143729076,0.7600586473065901,0.08952744182612901,0.545747261775799,0.3693175235912435,0.8010385936007106,0.41282594003494505,0.4417997230210686,0.7748047282354721,0.6904353405006406,0.7191927286811153,0.3998083238986907,0.2520860551388839,0.6348823738752573,0.014773915534958937,0.17439871956553912,0.22479933676807212,0.5168634908116957,0.32302472008393,0.25096710712327697,0.038979424660170264,0.5862963637650873,0.29153671035483675,0.4452703770599763,0.6894269936578656,0.34664705409875407,0.5821332455416006,0.8493010601830445,0.7237946571692567,0.7052974061323535,0.3791616949450014,0.5363383823018333,0.0,0.7712572499975798,0.42799193058830376,0.6324374207082509,0.4883851150406951,0.6203638092871648,0.4340901679434558,0.6465131413977585,0.607755055223008,0.6087948418233384,0.7398949645996388
0.7378510313036456,0.15676824708951442,0.33034326231601985,0.0,0.5596342793872837,0.3035817446934492,0.5937153167383203,0.45656904879060456,0.34566463616873266,0.2004208640381711,0.35008742263748815,0.4318249386774035,0.7735261657811948,0.4834452325899222,0.6256486400089997,0.3223568756730299,0.19732761149635747,0.32673724729725334,0.3179316134929279,0.9120622774999908,0.7045222261574657,0.610522636219817,0.19693161469682158,0.3761878022190651,0.42778142105504346,0.18368040154319892,0.24141929484810914,0.37327408948357427,0.8021655445342385,0.8986718619159977,0.555780753776028,0.307415529926838,0.4283224614115455,0.2515467566094404,0.13190430180535126,0.6993956057400103,0.5381330920873255,0.5031978030862386,0.08333791029949646,0.6447262070586114,0.8209268940982932,0.33055073194597157,0.3240193285549307,0.29969278529654386,0.40384505959891365,0.7798182638795619,0.2616617572779429,0.31436029355849987,0.8073573583089557,0.5979856817629008,0.2942575217791869,0.604642347392918,0.3186123058206305,0.32214447677792696,0.37336187094251944,0.28774143768935867,0.47495251255067444,0.3502760393932713,0.4772155516206164,0.1598451143058932,0.2113619168064613,0.30850538156323726,0.2548839785007617,0.07630561731569986,0.22837039239708912,0.5271666087902295,0.18571375723596173,0.1338802705172552,0.45085942315767885,0.4716713162387682,0.3961006858408076,0.17179221158286384,0.21912828668746315,0.5222339839634709,0.3200275438374406,0.32128735041628165
0.7444423720236824,0.5305360126287142,0.41778225335433516,0.5596342793872837,0.0,0.809115803123991,0.6834852038735812,0.6726897054415181,0.8665506535919677,0.05080727107170918,0.8638277152195618,0.0,0.7524434385930128,0.8751213822509982,0.11415547748849453,0.5626195822383433,0.7653389084766213,0.7874405257563721,0.582072710524184,0.17657368265141077,0.4638708617001912,0.221699222846701,0.6128671735265387,0.6102887942664037,0.9562580610366851,0.7585609972476133,0.7037886175016669,0.0,0.5155165256315377,0.2173609535519198,0.434185918491097,0.0,0.7100065199764474,0.7956565516479143,0.18638118931785214,0.37457828257414405,0.0,0.9999999999999999,0.5865740941652512,0.24661456097934317,0.9507409208353509,0.8828351577996846,0.07977248535643318,0.0,0.8251159794970252,0.8189357664366831,0.1228245515699101,0.761496999405538,0.44805416559758515,0.9164704368137313,0.7486432557702069,0.0,0.6027156003254976,0.7832072466571688,0.0,0.7341146846151951,0.0,0.0,0.48352581121420835,0.10263655756271682,0.38045502931275976,0.1911326145628387,0.05903779228568085,0.19230432044402906,0.593141524864841,0.7747924791592313,0.34180769608959666,0.5754986830799802,0.4350544304783331,0.48231029556215227,0.3200258208939507,0.6435792553006052,0.06635798483590896,0.7341437107106465,0.9510827536857813,0.4197826107405923
0.6018102386988291,0.7482356092049053,0.182908188231445,0.3035817446934492,0.809115803123991,0.0,0.5669235852197461,0.7751695803804078,0.8516962230259878,0.19015637970110771,0.933800442045567,0.0,0.4275138287328273,0.9494156972715334,0.0,0.4165422408906866,0.9542448620851062,0.909935982364797,0.6644644306606358,0.0,0.0,0.1419352152328393,0.7719112654873748,0.7767327975215922,1.0,0.9999999999999999,0.9421445542919595,0.08427385370417459,0.0,0.0,0.31024715010280535,0.10126137682957187,0.6787446916057591,0.8948383695410538,0.41632156868263553,0.3144208648296376,0.0,1.0,0.7759333131589689,0.014578321706813255,0.8883878163147539,0.9999999999999999,0.306867462883866,0.27095432928022745,1.0,0.5531982483028635,0.2401158830451242,0.9583287591433541,0.23699052753922215,0.7960217035208921,0.9675172594944877,0.04589940076695413,0.7257608831778584,0.8235627883404365,0.0,0.9639149129859443,0.0,0.09134986445097766,0.6325372637822707,0.22588936064486043,0.5772836562448384,0.25886883672888483,0.2517483723885395,0.5127251085748782,0.9147567281280877,0.5969300121675003,0.6768079505220455,0.8086817837340302,0.4372592166988754,0.5773150148202567,0.29923141067615483,0.9323695717083471,0.13276713727411266,0.8372069487244177,1.0000000000000002,0.7133981751967332
0.739629527665247,0.5464333494905765,0.3387209939031442,0.5937153167383203,0.6834852038735812,0.5669235852197461,0.0,0.5896883200062789,0.5874331521435466,0.0,0.5518736533618843,0.007227821248730842,0.549207660417498,0.6863163561499394,0.029829542501011802,0.6652524226889378,0.4308985825743059,0.5485892496993396,0.2753206764007861,0.5986572535488841,0.6415234363024107,0.6431737642230445,0.17011695431566976,0.5178420945982563,0.7067035518660094,0.4565886299035918,0.37323590724077205,0.05115545695434828,0.8002287213147049,0.5769349820266099,0.8047304152405117,0.11231024244781437,0.6132163314409501,0.6805202449187016,0.14807053217435379,0.41703905461995283,0.27045129501202414,0.60275640254644,0.23552174781344898,0.568197830300055,0.8272246468927923,0.5859163398052484,0.17245211088381354,0.12853191543517603,0.40180832091776225,0.7746275201081386,0.0,0.3763040914083486,0.5509225182700801,0.8644327575715095,0.5184376663681096,0.369165635850246,0.46394506195479357,0.5445016831105746,0.0,0.5355532863738636,0.0,0.06920021144496741,0.6496605776134607,0.0,0.14972487430897258,0.0,0.0,0.060606194115654946,0.4499304607436661,0.7218848783010712,0.18452153917478303,0.11800930896303294,0.3415059127252718,0.3178082991780658,0.0,0.471707032823225,0.03672402542678327,0.5376970617440932,0.5606125773821359,0.01762612553366713
0.5545626831277854,0.7569641267306323,0.25319203019159053,0.45656904879060456,0.6726897054415181,0.7751695803804078,0.5896883200062789,0.0,0.7547880365758952,0.07976086994379987,0.6811902461885921,0.0,0.5043707519699421,0.7783717392238855,0.0,0.42121377227443046,0.7445929681616164,0.7239393394819047,0.5967790257264685,0.06096366935166474,0.14616887686705446,0.2766110205345713,0.4532519467769219,0.7149990451510204,0.8581030751698369,0.9103858176656152,0.8132075446521912,0.16841667267808152,0.3425264641589828,0.0,0.4058973239403119,0.2593587925826652,0.5106454428702941,0.784771921148803,0.47588270821210676,0.3153648886168475,0.0,0.8564829268124576,0.7223848669971773,0.21893381818497976,0.778529650140808,0.999163318968454,0.4422099548954569,0.2234762319822,0.8619466635516964,0.45441160673435554,0.07945815996056806,0.731290937898212,0.49413296149556973,0.7656400852202468,0.7883287103536449,0.0,0.8075145896962683,0.6196533737644287,0.0,0.6810975836869287,0.0,0.0018502395185333864,0.6242013347496552,0.19504325752317148,0.33447050952482343,0.16283515262826312,0.08769575440341193,0.4037057745626843,0.7010875162224364,0.6292045489461054,0.368849408075953,0.5228195436768694,0.48791069095991746,0.56076587737705,0.2469037424932934,0.8762678600405402,0.08325095796177204,0.6435521052921171,0.9147371932921946,0.43532400345343825
0.5582872473961243,0.6254136348021999,0.0,0.34566463616873266,0.8665506535919677,0.8516962230259878,0.5874331521435466,0.7547880365758952,0.0,0.0,0.9414515315392794,0.0,0.5308838972247618,0.8671301014373269,0.0,0.5330844149055465,0.9299684603316402,0.8159711325005484,0.6146185020657162,0.0,0.2787854199662441,0.04525531228809894,0.6728951750307989,0.6889384793652576,0.9789513698518046,0.9693994994318457,0.89105325129107,0.1549412023688766,0.30397112527624753,0.04054665237786839,0.3215830326845318,0.032774230190260815,0.6463275767845572,0.9170115305340436,0.305513830890323,0.19927999031833,0.0,0.9999999999999999,0.8470245785682823,0.0031489660568082556,0.8104836232559933,1.0,0.10665452632949085,0.0,0.9999999999999998,0.6090216262638488,0.12166122822743788,0.8678715928477377,0.2389229016909283,0.8741307622348913,0.7781044761210278,0.0,0.7549015892680785,0.8848560643293553,0.0,0.930672513930339,0.0,0.0,0.5632204151019017,0.1830459494082209,0.42332232372348105,0.10357124194047153,0.14466413390206528,0.35638374864449873,0.8138977760811115,0.7261652946123873,0.5353502037195121,0.6934954523079946,0.34192486054776283,0.545365182168225,0.30967774371088086,0.8339865625157546,0.048867183984378934,0.7000841305906421,0.9777609896133148,0.5396234238097236
0.0,0.2024103963203824,0.8205827143871948,0.2004208640381711,0.05080727107170918,0.19015637970110771,0.0,0.07976086994379987,0.0,0.0,0.0,0.6035189567393885,0.0,0.12812019700043126,0.6073457289829436,0.2591323919839334,0.0,0.2989356390195079,0.40144042239411193,0.04957911332640838,0.11919302381240658,0.07980953580524944,0.5047558170642049,0.24087084844133563,0.0,0.07753058890883023,0.24495903126770194,0.5188009327201677,0.08105470157388915,0.0,0.0,0.5192666698108108,0.3765397288171435,0.14366680241508323,0.7141086670834296,0.5477950029744909,0.7931584420516399,0.0,0.5378388979957562,0.6580563032866774,0.1140037555816513,0.3636975289278831,0.9040260816560685,0.8641692085561569,0.3489825861413328,0.07092240924120582,0.8279912727421865,0.24071871909907716,0.2989523660440598,0.062038918974651136,0.4394590130647712,0.6191538708994883,0.15507612897011622,0.16025276329389493,0.7804040987103952,0.10199462958876629,0.6493102545635046,0.9519090425859035,0.17080365077092274,0.9322539696618973,0.8227317786564583,0.9381491101694847,0.887861454491994,0.6584653176082866,0.43345068037467477,0.0,0.6878280427265114,0.464659538895393,0.4720314759268722,0.39346845630393845,0.6866874490052581,0.29965132472345335,0.9440894232833885,0.5295708804501714,0.2416497706272236,0.7512243942828042
0.593017050582225,0.7496925227628963,0.2253720642913168,0.35008742263748815,0.8638277152195618,0.933800442045567,0.5518736533618843,0.6811902461885921,0.9414515315392794,0.0,0.0,0.0,0.5833697495282336,0.9401706674097274,0.0,0.5667752694694371,0.8908288101948348,0.8701715832707417,0.524489792866074,0.0,0.1994285337997458,0.13327522297991481,0.6687808729882352,0.8245797854424429,0.9999999999999999,0.9999999999999999,0.8076210167226054,0.0,0.3558122332983295,0.0,0.30433329126193726,0.07183815857456498,0.6620630847794315,0.8671808502724939,0.40899091216803074,0.08403005393869294,0.0,1.0,0.808829366301256,0.0,0.8935874126775716,1.0,0.10559632372979567,0.0,0.9999999999999999,0.6385858060868123,0.23038421303550413,0.8571166505850769,0.16036264248486815,0.8144609755096753,0.849601920066567,0.0,0.7410839617906033,0.8607210561464183,0.0,0.9261328875542265,0.0,0.06237120743568374,0.5549079229823837,0.21632781938852508,0.5274282365141708,0.14353509731326453,0.2006229930649236,0.22784938595833978,0.7812592975978676,0.7305279432212681,0.572690673090604,0.7401356822253903,0.3950244708028913,0.504403477196095,0.36980299519692106,0.8414499648705754,0.13856852487565555,0.6566841188530332,1.0,0.6180598247984358
0.04844207362693344,0.011733574233496954,0.5094747273274056,0.4318249386774035,0.0,0.0,0.007227821248730842,0.0,0.0,0.6035189567393885,0.0,0.0,0.0,0.0,0.6791440366898704,0.2962302140102343,0.0,0.0,0.1898389610917898,0.3365696702176456,0.34805206305332476,0.4117867025591797,0.0,0.0,0.0,0.0,0.0,0.719376775592077,0.3429916416253311,0.4408229693383955,0.21610623461872294,0.9836367375044323,0.2248104793097009,0.0,0.7454561349069146,0.6821816383817909,0.9999999999999998,0.0,0.314755833692452,0.8449266283908057,0.029186676581329268,0.0,0.8972798522137517,0.93240642194435,0.0,0.07434050746999943,0.7504390551290151,0.0,0.5914459301354232,0.0,0.0,0.9493179040493269,0.0,0.0,0.8852674881745336,0.0,0.9374772597680492,0.7989471168708595,0.2142175104352967,0.7135694109945699,0.5374816227273942,0.7133149823278141,0.7583367324682284,0.4224235687394359,0.0,0.0,0.28746346025026565,0.0031909698281002916,0.5025968858332129,0.27716862099171974,0.46720090148619775,0.0,0.9264106580094961,0.19819376631950072,0.0,0.5167078591761937
0.7189899284597047,0.23720563187095084,0.08575788012955954,0.7735261657811948,0.7524434385930128,0.4275138287328273,0.549207660417498,0.5043707519699421,0.5308838972247618,0.0,0.5833697495282336,0.0,0.0,0.718374157825088,0.2751885523364441,0.36749956594298194,0.39069326396355164,0.5076376808881004,0.37363373409377815,0.3399792624122123,0.4942508163507317,0.30787242671868165,0.10162206970021136,0.4432233708082351,0.7314284435226361,0.4361756584014146,0.5566980914410157,0.008020235481823942,0.7196981965882459,0.3159229434057408,0.3940290687535327,0.09626562538073946,0.4680267245409485,0.43220165066565136,0.21669387239452803,0.6031331596404085,0.254330527840406,0.7211721584599882,0.31599068904608274,0.38246069908085556,0.9087801669826298,0.6087693329588892,0.03332651508087639,0.16789133338979276,0.554132157932974,0.793253552307982,0.1817338173435608,0.5114490438151934,0.696447970413249,0.7379062941125326,0.4318240144618497,0.25136390113633117,0.5194282882248785,0.5234954984038348,0.0,0.5600528352287947,0.0,0.0,0.35041711127689057,0.005403688233560057,0.28884882976625387,0.13917832135999203,0.20453051247516912,0.15915035619554646,0.26471033766916874,0.7171965518994281,0.18742365346576137,0.1027334474790772,0.3633765878425138,0.5662351718243102,0.35032494118323787,0.33996044022607075,0.06649426518920146,0.6854956709901598,0.5539877703846795,0.4014913395599945
0.8414822696648048,0.62435650541862,0.3678925338644968,0.4834452325899222,0.8751213822509982,0.9494156972715334,0.6863163561499394,0.7783717392238855,0.8671301014373269,0.12812019700043126,0.9401706674097274,0.0,0.718374157825088,0.0,0.14118512502512387,0.6056760261193966,0.765237687403979,0.9756745073940702,0.6086932747834595,0.3033091602780461,0.31721412528611137,0.3279911464346975,0.7974411921413211,0.8755177713391705,0.9592536486954396,0.8299040317072147,0.928839678354141,0.3666357570479652,0.5581486497760892,0.28823605318431467,0.5313318426085664,0.1997447505350044,0.7673922992100403,0.8614302501729553,0.2824301389300805,0.316824987274964,0.07533219981094902,1.0,0.6723415232047967,0.2809703260339418,1.0,0.9429189768441476,0.17456151777863105,0.18256616760192962,0.8679880480452037,0.8623879137011097,0.14842635232763554,0.9307414020558628,0.44762244479268065,0.9749059604801171,0.8533250118410443,0.16654718519519607,0.751041018246095,0.8209123870046193,0.0,0.8865102029440817,0.058630601693943296,0.311493546764862,0.5394685468545698,0.240267169651485,0.5592006768749286,0.3174355768930548,0.3020904649165309,0.39658917977864117,0.7406281866939738,0.6834093299240207,0.5142821319004108,0.7203512672867884,0.5440707934134129,0.601386501107341,0.4361956395677819,0.9198659822541521,0.0676513264069245,0.8300132685250033,0.9499238596700808,0.5813660512877042
0.30703766364423307,0.0,0.16305662345475858,0.6256486400089997,0.11415547748849453,0.0,0.029829542501011802,0.0,0.0,0.6073457289829436,0.0,0.6791440366898704,0.2751885523364441,0.14118512502512387,0.0,0.18490085624057878,0.0,0.0,0.31890126363393007,0.5749834873613786,0.6188542911663935,0.43928878596703025,0.0,0.25663853434508066,0.26681221996814697,0.04400942095660161,0.0,0.6150011682991102,0.47713008083186614,0.5356414956737319,0.27033367197916724,0.7615740443074471,0.2875850675630546,0.0,0.3483968554710691,0.6931665574846821,0.7737985601249521,0.13057070171459276,0.20219964346787306,0.6600382899493806,0.39295759646553724,0.0,0.312017991291772,0.504913314727362,0.1758515385111738,0.4379913912299307,0.8225348546134394,0.09673966749458043,0.6494101822902576,0.0,0.06410870414160874,0.5460183948946525,0.0,0.23217187184753457,0.6413883312680959,0.044774985993257486,0.7146892369608762,0.40412113027514857,0.0,0.31214366543970734,0.27581512840007755,0.6558872444140257,0.4914420930524276,0.14591843107105504,0.0,0.22502747131489845,0.034312477116219806,0.0,0.49282007476528866,0.5077182299240067,0.7243015588529431,0.0,0.5775978135173059,0.3295454734559249,0.031224047569966232,0.5332007497572637
0.4432720123305014,0.5587889153340907,0.34409662332757607,0.3223568756730299,0.5626195822383433,0.4165422408906866,0.6652524226889378,0.42121377227443046,0.5330844149055465,0.2591323919839334,0.5667752694694371,0.2962302140102343,0.36749956594298194,0.6056760261193966,0.18490085624057878,0.0,0.3474227469685941,0.3360922695696411,0.3248963706618207,0.42435464506482234,0.4622503236802656,0.6521862811005708,0.2553844046598784,0.45289261710480594,0.5463831878753946,0.364867894634252,0.45775953541504877,0.5413221199961404,0.7205187819593258,0.4276428935133979,0.642024755889828,0.43172898430549717,0.3346904135045886,0.47732596283503903,0.5334922424090205,0.48061978908180536,0.41800960780173524,0.32151903345634414,0.5251133345463286,0.5651492751213771,0.5858300338962698,0.5880669785316964,0.42277378761912904,0.4688132633398357,0.4706478335034623,0.3393136645817014,0.07534484217322215,0.4093350115355416,0.487993648040238,0.5888351941590281,0.3990375388936702,0.6311543197354291,0.4525033968398914,0.4332695769425223,0.2694897213282562,0.5600079463649027,0.254977121562201,0.4177031620412638,0.6046702810422426,0.2769295010128559,0.4099551225096123,0.16134114489868845,0.3617782821327641,0.21720115573010124,0.48328638246418953,0.5614386800766765,0.32084731374450104,0.1731868590581015,0.2914217689896708,0.34171550188847055,0.10698252548104101,0.5233075581882036,0.3823093662556816,0.6563015682658193,0.41373231258578225,0.2430187667132503
0.23026288448039295,0.4555530967382341,0.6667176644632905,0.19732761149635747,0.7653389084766213,0.9542448620851062,0.4308985825743059,0.7445929681616164,0.9299684603316402,0.0,0.8908288101948348,0.0,0.39069326396355164,0.765237687403979,0.0,0.3474227469685941,0.0,0.7560284403731462,0.7512601303853873,0.0,0.043221552529129195,0.0,1.0,0.4784028416730956,0.700194655726801,0.7721582723207101,0.9664339485068938,0.0,0.17199668192958514,0.0,0.09893953551493362,0.0,0.694622330695749,0.9999999999999999,0.5320058243767934,0.2428556123342908,0.08446485899975516,0.8833521347148767,0.8531325358468185,0.21210698362680436,0.7622507640947853,1.0,0.406302541527145,0.2599714180607671,0.8906209313411397,0.3784649570472568,0.19709874415532572,0.9522162056755651,0.15302184936869,0.7538105345446688,1.0,0.00254079038124614,0.7328408521602972,0.8561097072285875,0.0,0.9285459350086586,0.0,0.44407206544976807,0.5088552891858296,0.30338067408792047,0.6760537473444559,0.27996732677476593,0.12386466158991488,0.6893046813046032,0.9768630695133709,0.3806261106346432,0.8594319856781367,0.9574787335811098,0.2727750517680703,0.3390611089261919,0.24804410985646075,1.0,0.12225585660466808,0.9140958474927973,0.9999999999999999,0.7338262833571427
0.3716066714092586,0.6363798499226974,0.5379345285635715,0.32673724729725334,0.7874405257563721,0.909935982364797,0.5485892496993396,0.7239393394819047,0.8159711325005484,0.2989356390195079,0.8701715832707417,0.0,0.5076376808881004,0.9756745073940702,0.0,0.3360922695696411,0.7560284403731462,0.0,0.6421056775702914,0.0,0.20623621231614545,0.0,0.7988722386492683,0.6589278368488117,0.749003602169176,0.809936348322891,0.9463040834902259,0.44524562571810705,0.4199822024144387,0.04093128925370387,0.41935710608167376,0.3001290167026749,0.5851361258066706,0.8733428698716224,0.6046312796759403,0.35792812449713657,0.24424297034920217,0.8211081535565554,0.9074252222972214,0.2614311913657782,0.7477926431111553,0.9999999999999999,0.6119594888362104,0.4785642277978317,0.8501612107402946,0.422434458826478,0.09339227591813144,0.8505225743065588,0.35327093586806274,0.7820381394982364,0.818456994824555,0.12238588132156719,0.7291528197041305,0.7925787224190551,0.05762235818474482,0.9101328202062849,0.0,0.5278381065285278,0.8111298862807192,0.25764162539715807,0.628815578512693,0.21834172798044094,0.3547240681202356,0.6079258713471222,0.8833162060808567,0.44161150128182497,0.7513845846118606,0.7346137305564784,0.2979280203479572,0.3096631472605883,0.14514912460284132,0.9154144391074566,0.3424905473803057,0.8630508183327628,0.8067909673858791,0.6964458063937025
0.40752506790239007,0.42422176606918277,0.03474784105675459,0.3179316134929279,0.582072710524184,0.6644644306606358,0.2753206764007861,0.5967790257264685,0.6146185020657162,0.40144042239411193,0.524489792866074,0.1898389610917898,0.37363373409377815,0.6086932747834595,0.31890126363393007,0.3248963706618207,0.7512601303853873,0.6421056775702914,0.0,0.019651179643014632,0.25962124754150706,0.074426290332189,0.6416314977247599,0.7270847566242341,0.8459807033317234,0.8769545792321218,0.7642221939777138,0.27895187900204865,0.12196882585578053,0.0,0.10179371804695259,0.3788896629167875,0.48001110901032007,0.5469385608595595,0.5111272252605567,0.15414319681883917,0.0,0.708953343395894,0.8581589397127476,0.15771284990990725,0.4460090702136234,0.8835052539501671,0.5480475064040476,0.30218910296435786,0.8847211190520275,0.4552779934244266,0.552127147363475,0.648314368728956,0.19674007307193733,0.502331797135477,0.8095843762008476,0.0,0.6600707012787541,0.7810401771889022,0.2525730300196376,0.7188315219718704,0.15441224295203593,0.39093233116841875,0.30144119125413615,0.6371731097590166,0.605539791776471,0.5471448038653601,0.5263943287180658,0.38771472162040277,0.7833799661944891,0.5210765404765977,0.7294377222747833,0.6130077437815253,0.6040923958875154,0.7572039853478715,0.7114199999558959,0.6658251598674993,0.5338228403472232,0.7608587477061727,0.8245283269661554,0.7918016574610965
0.635061823290694,0.15233448177743428,0.0,0.9120622774999908,0.17657368265141077,0.0,0.5986572535488841,0.06096366935166474,0.0,0.04957911332640838,0.0,0.3365696702176456,0.3399792624122123,0.3033091602780461,0.5749834873613786,0.42435464506482234,0.0,0.0,0.019651179643014632,0.0,0.8668975822031896,0.7736646914476181,0.0,0.1667140245001066,0.277350340250244,0.0,0.0,0.4471506925707311,0.8118524598929828,0.8871993837601326,0.6302050653936363,0.5990637278482435,0.4310261553400291,0.11226097582016008,0.2668069223527471,0.5919450469850492,0.6599654887593099,0.12557778475119258,0.08035248524652168,0.8669886600464889,0.5923247483350125,0.11344200102551429,0.20953537940709632,0.4038596020663063,0.0,0.619194696325545,0.24552024047696547,0.0,0.8780777458944002,0.33793535483778747,0.0,0.7867914089662218,0.0,0.1471711187868111,0.3527637119692854,0.0,0.47385865499700663,0.053641309584877866,0.3392679980593155,0.09499966265383217,0.1522067222193756,0.09728309414421177,0.20986885998149388,0.0,0.0,0.5971822871337481,0.0,0.0,0.3943214022092832,0.19546051449263138,0.055609243472956496,0.0,0.13033571750681683,0.17507206161708413,0.010381566863231356,0.02342031521424392
0.5390852279139835,0.20779423137249614,0.0,0.7045222261574657,0.4638708617001912,0.0,0.6415234363024107,0.14616887686705446,0.2787854199662441,0.11919302381240658,0.1994285337997458,0.34805206305332476,0.4942508163507317,0.31721412528611137,0.6188542911663935,0.4622503236802656,0.043221552529129195,0.20623621231614545,0.25962124754150706,0.8668975822031896,0.0,0.7645004956540685,0.0,0.35546529715125086,0.4625824527019312,0.040483192118036776,0.21419133158204118,0.4584641405926964,0.8710299750346193,0.6788935422014469,0.592678372666137,0.4945077454793464,0.3328962136744362,0.11459166577430656,0.21886229953131897,0.5546278168248299,0.5077117605258453,0.29503506659982054,0.03424345862406131,0.5974759118042262,0.6493555760801524,0.16971587944268549,0.0,0.18995586245970905,0.2455560983162961,0.5567849990195135,0.1941957367198313,0.17153414338198683,0.7290257560945911,0.44923960939107804,0.06619346047991301,0.5167975228871312,0.14379011050411866,0.3386655378494546,0.23006787516121696,0.30883673565420167,0.3813701966167068,0.0,0.2560001556523682,0.04861996474416012,0.02948013280256246,0.16091841955366973,0.08874911506211758,0.0,0.03283589046744692,0.4708500238649003,0.0,0.0,0.32286252497555334,0.43089291321223977,0.1640344616143427,0.15173719608057779,0.13718734620976292,0.3073065789261843,0.0752295021198293,0.1612658741090353
0.4889968122743374,0.33692361693253026,0.21340195227825437,0.610522636219817,0.221699222846701,0.1419352152328393,0.6431737642230445,0.2766110205345713,0.04525531228809894,0.07980953580524944,0.13327522297991481,0.4117867025591797,0.30787242671868165,0.3279911464346975,0.43928878596703025,0.6521862811005708,0.0,0.0,0.074426290332189,0.7736646914476181,0.7645004956540685,0.0,0.0,0.1918796684355827,0.0,0.0,0.0,0.5350335707003302,0.7897865210659722,0.6750359738600543,0.8143263068719767,0.7013168628034013,0.1319585768022544,0.29496190848815346,0.4060524798580533,0.537344925337659,0.6528342611697493,0.01492716121014831,0.14940180521245794,0.693836332140551,0.4851643017853079,0.14673842157342845,0.3506051054479603,0.35824562771038937,0.12731585158130335,0.36964976147663264,0.19013069693798834,0.0021338696477646094,0.7601326438989978,0.3175893588366311,0.0676287856862578,0.7621577416786279,0.2985657500260755,0.1437740035432139,0.28592134878183934,0.0930473044740145,0.40779450469680595,0.20519410729874135,0.4479005183676545,0.15802959049001297,0.0,0.14678094732069166,0.19341097938776608,0.06109718697890393,0.0,0.5358847256541637,0.0,0.0,0.3398735648993077,0.256683256417485,0.0,0.0,0.2903801428101101,0.13287699397357575,0.0,0.0
0.3472057943805365,0.4990745767853474,0.294595335731435,0.19693161469682158,0.6128671735265387,0.7719112654873748,0.17011695431566976,0.4532519467769219,0.6728951750307989,0.5047558170642049,0.6687808729882352,0.0,0.10162206970021136,0.7974411921413211,0.0,0.2553844046598784,1.0,0.7988722386492683,0.6416314977247599,0.0,0.0,0.0,0.0,0.7544150839554142,0.8554661776437207,0.9563342236610702,0.7927495403289989,0.1715792154658006,0.0,0.0,0.0,0.2269983158833691,0.5322232900001812,0.7647798257976943,0.5845277882228694,0.2908493529407293,0.1193789704033109,0.9147526851589836,0.9454443066599405,0.040485768134413486,0.5652831809476199,1.0,0.4530415025826951,0.3989210039879956,1.0,0.3286006902423715,0.4388681633118003,0.9471912215719807,0.0872878262797782,0.5101651559074036,0.9959825829575588,0.0,0.49775024342826407,0.7280568718215479,0.07932551757230942,0.7917749574505412,0.051540029353613806,0.3388169651568479,0.3832049262576827,0.4502029540156589,0.7501436069230473,0.6026567165759737,0.48526660001503386,0.6017584740833061,0.8607524623781091,0.07875283640898349,0.7761285841361913,1.0,0.4959947394477233,0.5481930454476551,0.6640912427555572,0.8659679318330259,0.3975636812066782,0.7244723640003163,1.0,0.9115085536303826
0.4455161597164582,0.48498566792576153,0.677112420850854,0.3761878022190651,0.6102887942664037,0.7767327975215922,0.5178420945982563,0.7149990451510204,0.6889384793652576,0.24087084844133563,0.8245797854424429,0.0,0.4432233708082351,0.8755177713391705,0.25663853434508066,0.45289261710480594,0.4784028416730956,0.6589278368488117,0.7270847566242341,0.1667140245001066,0.35546529715125086,0.1918796684355827,0.7544150839554142,0.0,0.5366826186271273,0.6669929020404382,0.7748716784833751,0.3732486966571977,0.40740637228913484,0.14769424220619598,0.4747693876596253,0.4720659637627394,0.6751557951588646,0.8224256440380182,0.6247709456305485,0.326712585188285,0.3471582819199695,0.582470420113016,0.8024061286193633,0.4900834634257045,0.6316944677915888,0.8454030429351093,0.5496842253553392,0.43554053012847227,0.6996683627942253,0.4388917329374056,0.28836346292951687,0.7486812492385116,0.4314139903479662,0.69520374227553,0.7502444674178235,0.37406709371041535,0.8029889184392546,0.6803278901417841,0.16498857276870058,0.8015750642174766,0.0,0.46012714326116294,0.7329892030723832,0.45537408542274244,0.5667113495392757,0.2039706439493274,0.43795382663009547,0.7328694443760204,0.661012376243892,0.4754121989099459,0.6141103900340464,0.6870953039682545,0.01012476219243198,0.33545844728909635,0.14683030190603608,0.6887161590826728,0.31038166467444805,0.6122181009579992,0.746745631975724,0.5864248165522754
0.6433785360016353,0.3716238055373861,0.40480001106677743,0.42778142105504346,0.9562580610366851,1.0,0.7067035518660094,0.8581030751698369,0.9789513698518046,0.0,0.9999999999999999,0.0,0.7314284435226361,0.9592536486954396,0.26681221996814697,0.5463831878753946,0.700194655726801,0.749003602169176,0.8459807033317234,0.277350340250244,0.4625824527019312,0.0,0.8554661776437207,0.5366826186271273,0.0,0.6685327058508037,0.9360172673791364,0.1828640617000422,0.602627766513865,0.17166734927314964,0.4515307763755291,0.17852751503799183,0.7682856620603513,0.9139650822436212,0.4450694874186793,0.32606659381188424,0.06082344602186193,0.9199330547495231,0.7747877874950835,0.3241908456968105,0.9103758084756951,0.958713084070327,0.2223569880336971,0.12656372062169877,0.9800706467190577,0.6639857776760544,0.21227236576672587,0.9344931206110577,0.47605013886011943,0.9436696252835894,0.8462388525323241,0.18378125570500675,0.8120310568178444,0.9674520730982582,0.0,1.0,0.0,0.22198071219631033,0.7517887773654387,0.28866678937151624,0.4884841529406181,0.17059142851605885,0.18338701552906417,0.6474572746609272,0.6880517577648534,0.7449715918475474,0.3892393356711784,0.7051729857105918,0.21352312039103785,0.5189354014017677,0.26424731339730106,0.8216784707078286,0.015660435303882163,0.8281665020037827,0.9273880619925736,0.533782251971586
0.41770624993954997,0.47797152693927614,0.4663114664552825,0.18368040154319892,0.7585609972476133,0.9999999999999999,0.4565886299035918,0.9103858176656152,0.9693994994318457,0.07753058890883023,0.9999999999999999,0.0,0.4361756584014146,0.8299040317072147,0.04400942095660161,0.364867894634252,0.7721582723207101,0.809936348322891,0.8769545792321218,0.0,0.040483192118036776,0.0,0.9563342236610702,0.6669929020404382,0.6685327058508037,0.0,0.9051988425752555,0.14109895885924806,0.11685660763579894,0.0,0.27991694064681844,0.16237782223667777,0.7108434376572235,0.9999999999999999,0.658074308072731,0.24840301211847005,0.06971270912899011,0.9757935225602354,0.9615374151419686,0.10414721206430103,0.7482581159352604,1.0,0.3508925211602703,0.22938168450720356,1.0,0.2978389098672952,0.19150396403700437,1.0,0.24859265938434227,0.7978636101828707,0.9090369799140694,0.0,0.9370247924910051,0.934287004706164,0.0,0.9654154024746422,0.0,0.22333972989300763,0.7005817373834413,0.28108239067616064,0.5170963461439083,0.095217235552048,0.28587453573545757,0.8279210012362928,0.7894989432061648,0.555095276681458,0.6171467777000311,0.9178329075902135,0.2532632711533039,0.3227771823932237,0.17365566153931472,0.9241889729117433,0.16074278615451038,0.6817822368424932,0.958356635553303,0.652156792311142
0.46094421884748915,0.6427119725817249,0.26971493465695967,0.24141929484810914,0.7037886175016669,0.9421445542919595,0.37323590724077205,0.8132075446521912,0.89105325129107,0.24495903126770194,0.8076210167226054,0.0,0.5566980914410157,0.928839678354141,0.0,0.45775953541504877,0.9664339485068938,0.9463040834902259,0.7642221939777138,0.0,0.21419133158204118,0.0,0.7927495403289989,0.7748716784833751,0.9360172673791364,0.9051988425752555,0.0,0.27304359704799713,0.026041089456531618,0.0,0.12347103764774572,0.21207206905223489,0.6328682644243449,0.8992482727190754,0.5407495269286013,0.3391539795945605,0.055940521887429304,0.9265560961183977,0.9268682858488235,0.05951341511961563,0.7788530850231514,1.0000000000000002,0.337886534256498,0.2693769101912021,0.992803687305261,0.4948520027213917,0.2310317644446579,0.9227230826182095,0.10051104726464213,0.6705558613762373,0.945304329846128,0.0,0.8145502036770047,0.8260870336636014,0.0,0.9251727881450638,0.0,0.19168677444191118,0.5775485259286448,0.3141257949184001,0.5305224403159865,0.32711864071146335,0.19412741996148905,0.6513010179827193,0.8847310576342762,0.5826380399281861,0.659509421093441,0.8381751687586705,0.3501466323675731,0.39817271877739996,0.31724896682701115,0.8961857943667559,0.23745265965609097,0.8146612729774396,1.0,0.6877140417313088
0.31291946116915376,0.31183980048962096,0.28728175858870025,0.37327408948357427,0.0,0.08427385370417459,0.05115545695434828,0.16841667267808152,0.1549412023688766,0.5188009327201677,0.0,0.719376775592077,0.008020235481823942,0.3666357570479652,0.6150011682991102,0.5413221199961404,0.0,0.44524562571810705,0.27895187900204865,0.4471506925707311,0.4584641405926964,0.5350335707003302,0.1715792154658006,0.3732486966571977,0.1828640617000422,0.14109895885924806,0.27304359704799713,0.0,0.5679735034269483,0.3504786465826812,0.23454113138748062,0.7069904801611465,0.2113162909155418,0.08355346414411519,0.5573408897847456,0.6658312290714219,0.6385979494806835,0.0,0.4400472402941455,0.7409393202599015,0.48560709380587286,0.26578952067896927,0.5420940697127081,0.6265853684226741,0.3471836947791548,0.3534105084101236,0.5759963025432971,0.03851027904208225,0.7074956273364769,0.0912222512617842,0.23573011012116502,0.6879072325251975,0.2553274834895237,0.19190903722910893,0.6601197718362297,0.0,0.6992193554484354,0.6420877837016445,0.4543727544770762,0.5573145898983703,0.4994752404512039,0.7055647514903861,0.6879280282144223,0.24412665707777562,0.2431393537209306,0.29739858055098645,0.31656912580339924,0.06126647156279578,0.47653381556569824,0.5485333249376342,0.5066101301363147,0.14987201123656582,0.704649205073474,0.46469280455579454,0.13119205473844814,0.5925542875540538
0.7761463481350366,0.4162273957301228,0.1613176643235364,0.8021655445342385,0.5155165256315377,0.0,0.8002287213147049,0.3425264641589828,0.30397112527624753,0.08105470157388915,0.3558122332983295,0.3429916416253311,0.7196981965882459,0.5581486497760892,0.47713008083186614,0.7205187819593258,0.17199668192958514,0.4199822024144387,0.12196882585578053,0.8118524598929828,0.8710299750346193,0.7897865210659722,0.0,0.40740637228913484,0.602627766513865,0.11685660763579894,0.026041089456531618,0.5679735034269483,0.0,0.7240486734326409,0.7777351609701214,0.4583992408212336,0.5165281895283775,0.2261917489962695,0.34697439528679114,0.5516536775026043,0.5081529208186267,0.34505985050710913,0.16741019604347807,0.6690519791472881,0.8493763137556314,0.3351243006675764,0.10676903741489584,0.22191241492116165,0.1704456031666716,0.7552774544440725,0.09443180555168709,0.0,0.8577965188995671,0.6296573357716728,0.19727520440156718,0.675083551370929,0.3218558856886891,0.3995516878877406,0.2481222477384551,0.2647532245136799,0.32808896574562285,0.2536548480867948,0.48704307379560613,0.12845205084956945,0.02571763616366607,0.16472528464621083,0.2738559664980912,0.0,0.14436395695745793,0.7645467008453751,0.0,0.0,0.42954663512356817,0.5153212345364877,0.1174120735882937,0.17339408417013927,0.14636125929903926,0.487495384389277,0.28246137889824807,0.11732304792040162
0.5765511794179397,0.0,0.04503977000229874,0.8986718619159977,0.2173609535519198,0.0,0.5769349820266099,0.0,0.04054665237786839,0.0,0.0,0.4408229693383955,0.3159229434057408,0.28823605318431467,0.5356414956737319,0.4276428935133979,0.0,0.04093128925370387,0.0,0.8871993837601326,0.6788935422014469,0.6750359738600543,0.0,0.14769424220619598,0.17166734927314964,0.0,0.0,0.3504786465826812,0.7240486734326409,0.0,0.5404245005792073,0.4348437513408867,0.30278994388335567,0.09002830164132603,0.18123301954362075,0.529965595326597,0.7085592242193661,0.09134012080151496,0.0,0.7215005785158014,0.6915113797669603,0.06921726008749556,0.13322836831578352,0.25097027054723475,0.0,0.5077939559147256,0.1347913820655472,0.0,0.8055473015494502,0.3602400514917512,0.0,0.7022573348893708,0.0,0.0362141808988829,0.2653968079586987,0.0,0.5351726700059335,0.07165973121168351,0.29874408694650767,0.0,0.029180341554386195,0.23205152870199608,0.02714089833619146,0.0,0.0,0.3955213548416938,0.0,0.0,0.42411792808791277,0.21630591634847351,0.0,0.0,0.018422641025734342,0.0693413779958317,0.0,0.05659953163806995
0.5428642176849747,0.593974267280841,0.3085312306582425,0.555780753776028,0.434185918491097,0.31024715010280535,0.8047304152405117,0.4058973239403119,0.3215830326845318,0.0,0.30433329126193726,0.21610623461872294,0.3940290687535327,0.5313318426085664,0.27033367197916724,0.642024755889828,0.09893953551493362,0.41935710608167376,0.10179371804695259,0.6302050653936363,0.592678372666137,0.8143263068719767,0.0,0.4747693876596253,0.4515307763755291,0.27991694064681844,0.12347103764774572,0.23454113138748062,0.7777351609701214,0.5404245005792073,0.0,0.36592548316803053,0.44031278035448784,0.3335110208646038,0.3504479385571046,0.2650603842099996,0.3334398184801567,0.3732457630016182,0.2660726485754027,0.6997211388904391,0.7434492732461278,0.5947723770525271,0.3384746654952975,0.3470547720628862,0.2253718357294618,0.48733786795815287,0.0,0.09798084722953501,0.728847322903505,0.5627325613863348,0.21459104113868444,0.5591467006664017,0.3861786983772641,0.22279672302799985,0.09743406523949735,0.20601304636912304,0.23118281695248105,0.24610049968164058,0.7218702443272216,0.054137476272828486,0.13398318186499877,0.14556068489997553,0.12084430851294964,7.148315147922912e-05,0.22900469508996452,0.5579030866989616,0.1606651331993664,0.0037237657444734867,0.402171717184969,0.036228743469734856,0.0,0.2796315480541521,0.09169639839509378,0.3916523710786869,0.24768334731150116,0.09027673620891549
0.3040116984317366,0.37103494703351525,0.4382808828480928,0.307415529926838,0.0,0.10126137682957187,0.11231024244781437,0.2593587925826652,0.032774230190260815,0.5192666698108108,0.07183815857456498,0.9836367375044323,0.09626562538073946,0.1997447505350044,0.7615740443074471,0.43172898430549717,0.0,0.3001290167026749,0.3788896629167875,0.5990637278482435,0.4945077454793464,0.7013168628034013,0.2269983158833691,0.4720659637627394,0.17852751503799183,0.16237782223667777,0.21207206905223489,0.7069904801611465,0.4583992408212336,0.4348437513408867,0.36592548316803053,0.0,0.07823100205437067,0.057996341162839984,0.5064181723195238,0.6462434991322735,0.7717382100001428,0.0,0.34890239165597625,0.7367220221482711,0.3104608367493285,0.2846151985522942,0.6723166443621682,0.7523214092965756,0.16106614921172452,0.16505997679450254,0.7086608944679356,0.1480887074910345,0.6884297499348061,0.18371451590186338,0.3355051708357236,0.7025669196707209,0.38972659232524176,0.07396324658524588,0.7202422613381404,0.04989052073372548,0.9645325305667813,0.6314771846959626,0.37081990443472934,0.7502522145262149,0.5115169328384859,0.626310185759098,0.80013868932234,0.4443387117444556,0.17573293546641267,0.31815215480550785,0.3022518820151891,0.19820010823714443,0.6844884101065853,0.5132252221533288,0.6160809204398184,0.233253182581583,0.7929060735663481,0.42328396179204725,0.11855614567161477,0.48582970093396194
0.45778671850920843,0.4684526971019435,0.5584704139577108,0.4283224614115455,0.7100065199764474,0.6787446916057591,0.6132163314409501,0.5106454428702941,0.6463275767845572,0.3765397288171435,0.6620630847794315,0.2248104793097009,0.4680267245409485,0.7673922992100403,0.2875850675630546,0.3346904135045886,0.694622330695749,0.5851361258066706,0.48001110901032007,0.4310261553400291,0.3328962136744362,0.1319585768022544,0.5322232900001812,0.6751557951588646,0.7682856620603513,0.7108434376572235,0.6328682644243449,0.2113162909155418,0.5165281895283775,0.30278994388335567,0.44031278035448784,0.07823100205437067,0.0,0.6498414768446863,0.37707177826056343,0.25764867327157454,0.1646140591190784,0.6089208600833578,0.5836222373351856,0.0,0.6299948049177129,0.6896338229024557,0.392946653433126,0.4590384988303182,0.5071028569624311,0.5652393790098623,0.30069953981848324,0.6343844064964234,0.3564862393593923,0.6261688269807429,0.6525408080530817,0.2630054110952467,0.5576170974516027,0.631415165271416,0.27016628645727825,0.6742449705565514,0.1205964838075945,0.3440669988389309,0.5854848291374998,0.26555568676152896,0.6489761712870745,0.34266500325960497,0.43723411206822,0.4592365240587535,0.5872337369756926,0.49049349342713094,0.5652971407877557,0.6045005902234442,0.6051304647022542,0.5846131166955546,0.4425501067937515,0.6625326486964149,0.2141279888643236,0.638438146042613,0.7513612139244612,0.5098795336902263
0.4759538611990557,0.792018459414524,0.6295883143729076,0.2515467566094404,0.7956565516479143,0.8948383695410538,0.6805202449187016,0.784771921148803,0.9170115305340436,0.14366680241508323,0.8671808502724939,0.0,0.43220165066565136,0.8614302501729553,0.0,0.47732596283503903,0.9999999999999999,0.8733428698716224,0.5469385608595595,0.11226097582016008,0.11459166577430656,0.29496190848815346,0.7647798257976943,0.8224256440380182,0.9139650822436212,0.9999999999999999,0.8992482727190754,0.08355346414411519,0.2261917489962695,0.09002830164132603,0.3335110208646038,0.057996341162839984,0.6498414768446863,0.0,0.25052610169423967,0.0,0.0,0.9017039056532323,0.6105749491953802,0.10127061403723522,0.6219460607314353,0.9999999999999999,0.4640066196185234,0.21384435307914793,0.7561042694654779,0.4394116135471949,0.0,0.8932029235037346,0.20598290156646765,0.8314513971532095,0.9237386099715968,0.0,0.7734790453472685,0.8043467484038378,0.0,0.8049508537464063,0.0,0.2021440357141377,0.7403343470548864,0.16034502590482028,0.46636306963910956,0.1892809920174222,0.14447551835516145,0.5797919362968039,0.8328512038547334,0.48565280591493076,0.6341813927276108,0.8007319414436429,0.507244864102213,0.2844228601217978,0.11631511148483183,0.9999999999999999,0.14843514528496404,0.7509417440751005,0.9805347315735482,0.46979797084865227
0.22786472935928273,0.5701140332526882,0.7600586473065901,0.13190430180535126,0.18638118931785214,0.41632156868263553,0.14807053217435379,0.47588270821210676,0.305513830890323,0.7141086670834296,0.40899091216803074,0.7454561349069146,0.21669387239452803,0.2824301389300805,0.3483968554710691,0.5334922424090205,0.5320058243767934,0.6046312796759403,0.5111272252605567,0.2668069223527471,0.21886229953131897,0.4060524798580533,0.5845277882228694,0.6247709456305485,0.4450694874186793,0.658074308072731,0.5407495269286013,0.5573408897847456,0.34697439528679114,0.18123301954362075,0.3504479385571046,0.5064181723195238,0.37707177826056343,0.25052610169423967,0.0,0.4872603243397155,0.6624954979335701,0.2894115236377686,0.5758753615467141,0.6001066831359697,0.270898824941221,0.5215481853369085,0.9834877718931018,0.7753974567666085,0.45188590945899165,0.23898505886110363,0.5048008156420793,0.41313309429880485,0.3285754391593286,0.18354742390089962,0.66457946672536,0.5469469316272778,0.5245833096233827,0.2604389645591412,0.7299858645725144,0.39626286699139723,0.6920057569154594,0.8508748051192906,0.5919207050174358,0.6780023622352297,0.7519957917718755,0.7239674635993377,0.751529728198917,0.8615003604156756,0.747256978858704,0.23120586001188212,0.776337579517909,0.6414187467339733,0.6522159569659418,0.5204951925438864,0.5203273798937924,0.737985055062344,0.7532175938281527,0.7016474412237641,0.6046701228738299,0.5939905043356672
0.5896835010750154,0.5182457228439437,0.08952744182612901,0.6993956057400103,0.37457828257414405,0.3144208648296376,0.41703905461995283,0.3153648886168475,0.19927999031833,0.5477950029744909,0.08403005393869294,0.6821816383817909,0.6031331596404085,0.316824987274964,0.6931665574846821,0.48061978908180536,0.2428556123342908,0.35792812449713657,0.15414319681883917,0.5919450469850492,0.5546278168248299,0.537344925337659,0.2908493529407293,0.326712585188285,0.32606659381188424,0.24840301211847005,0.3391539795945605,0.6658312290714219,0.5516536775026043,0.529965595326597,0.2650603842099996,0.6462434991322735,0.25764867327157454,0.0,0.4872603243397155,0.0,0.5825798484716411,0.16264736410460656,0.29355641700947377,0.7324502704406611,0.5745752914899566,0.24893280980347898,0.12524003979895482,0.48127291970888464,0.37161519496553913,0.570843023206495,0.6314942549951685,0.25306709777529895,0.746166701867276,0.3369936770359893,0.20937799630032683,0.7416790201121649,0.3552499743335806,0.14796478448553246,0.703063969632586,0.017125507062262287,0.7700105689785707,0.4594129482072634,0.27592308334142895,0.5090905542331398,0.5265450865215887,0.6763988434828477,0.5521725467050792,0.060867692515108554,0.022035194497034775,0.44009147670930077,0.15866294072524997,0.2651918349735185,0.6020452140355559,0.517211681482814,0.5965419881877762,0.1350736383360084,0.5284527404529497,0.21768394411277642,0.2810931961659538,0.5602597735478905
0.3565555510354671,0.32728050499214173,0.545747261775799,0.5381330920873255,0.0,0.0,0.27045129501202414,0.0,0.0,0.7931584420516399,0.0,0.9999999999999998,0.254330527840406,0.07533219981094902,0.7737985601249521,0.41800960780173524,0.08446485899975516,0.24424297034920217,0.0,0.6599654887593099,0.5077117605258453,0.6528342611697493,0.1193789704033109,0.3471582819199695,0.06082344602186193,0.06971270912899011,0.055940521887429304,0.6385979494806835,0.5081529208186267,0.7085592242193661,0.3334398184801567,0.7717382100001428,0.1646140591190784,0.0,0.6624954979335701,0.5825798484716411,0.0,0.0,0.1782573055645878,0.9346405850134353,0.42730317487955133,0.03476234346726926,0.6006812954726588,0.736810658456129,0.0,0.30547386511692143,0.8914323904996466,0.0,0.6324057921551197,0.0,0.0471653546467926,0.9999999999999999,0.0,0.014510607827295224,0.9523335254043762,0.0,0.9999999999999999,0.7717697110351479,0.07233163451335226,0.6533637748250625,0.6668127377976013,0.8676595062140678,0.835371633785338,0.05360381610762863,0.0,0.14919643430613416,0.2361683516257771,0.029947044105146748,0.7354098535071719,0.4924682167008567,0.7132956799257322,0.0,0.8190620340566809,0.22084772848369383,0.0605079915193757,0.6047710704242782
0.5650096116313623,0.47580617964947725,0.3693175235912435,0.5031978030862386,0.9999999999999999,1.0,0.60275640254644,0.8564829268124576,0.9999999999999999,0.0,1.0,0.0,0.7211721584599882,1.0,0.13057070171459276,0.32151903345634414,0.8833521347148767,0.8211081535565554,0.708953343395894,0.12557778475119258,0.29503506659982054,0.01492716121014831,0.9147526851589836,0.582470420113016,0.9199330547495231,0.9757935225602354,0.9265560961183977,0.0,0.34505985050710913,0.09134012080151496,0.3732457630016182,0.0,0.6089208600833578,0.9017039056532323,0.2894115236377686,0.16264736410460656,0.0,0.0,0.6077068947342487,0.17155283707020413,0.8074136125011685,0.9728843619827352,0.15282773275497397,0.07092031008563304,0.8903160670499024,0.5743859157983183,0.0,1.0,0.2669458389249241,0.9854086867484979,0.9662442465130089,0.0,0.8156072109190592,0.9665175571662803,0.0,1.0,0.0,0.1199276373636854,0.5925700321513763,0.14089649411213004,0.5212174714017186,0.28215890379957087,0.04116645605371298,0.5398277297376537,0.8394503723694373,0.696220746593638,0.600230625236455,0.9668736371239016,0.28155446922042626,0.35369747504193116,0.10228312161014741,0.9708587769819899,0.031017634821079464,0.7265773270329627,1.0,0.5567981316326251
0.40261160409402863,0.7654962324777467,0.8010385936007106,0.08333791029949646,0.5865740941652512,0.7759333131589689,0.23552174781344898,0.7223848669971773,0.8470245785682823,0.5378388979957562,0.808829366301256,0.314755833692452,0.31599068904608274,0.6723415232047967,0.20219964346787306,0.5251133345463286,0.8531325358468185,0.9074252222972214,0.8581589397127476,0.08035248524652168,0.03424345862406131,0.14940180521245794,0.9454443066599405,0.8024061286193633,0.7747877874950835,0.9615374151419686,0.9268682858488235,0.4400472402941455,0.16741019604347807,0.0,0.2660726485754027,0.34890239165597625,0.5836222373351856,0.6105749491953802,0.5758753615467141,0.29355641700947377,0.1782573055645878,0.6077068947342487,0.0,0.2747541324949747,0.5050999101969057,0.936443589201295,0.6074834760426984,0.5306460068121687,0.9021647011198893,0.3875248923896601,0.5393042386701964,0.939067380468774,0.2758778821492325,0.5599900759780884,0.9454976524916772,0.14429764168207326,0.8467807375659516,0.7503832164786362,0.4098977319006679,0.8223055078664177,0.2652987361038435,0.6802716934655586,0.5486940856866421,0.7613902688936647,0.775589793346381,0.5537210661525052,0.6645642702938508,0.9088835177853714,0.8826970913622229,0.35444089514920946,0.8286788387114888,0.9999999999999999,0.6181061342203213,0.6147588437935013,0.6792455915198649,1.0,0.5868120053786644,0.826762709893696,0.7734315149574204,0.7508964545896272
0.5906887002729397,0.4487959564977888,0.41282594003494505,0.6447262070586114,0.24661456097934317,0.014578321706813255,0.568197830300055,0.21893381818497976,0.0031489660568082556,0.6580563032866774,0.0,0.8449266283908057,0.38246069908085556,0.2809703260339418,0.6600382899493806,0.5651492751213771,0.21210698362680436,0.2614311913657782,0.15771284990990725,0.8669886600464889,0.5974759118042262,0.693836332140551,0.040485768134413486,0.4900834634257045,0.3241908456968105,0.10414721206430103,0.05951341511961563,0.7409393202599015,0.6690519791472881,0.7215005785158014,0.6997211388904391,0.7367220221482711,0.0,0.10127061403723522,0.6001066831359697,0.7324502704406611,0.9346405850134353,0.17155283707020413,0.2747541324949747,0.0,0.3648165484618696,0.15694136032641096,0.6599681987889098,0.8940372225629662,0.0,0.6176447933545358,0.4472361597428912,0.0,0.8144883728151245,0.23778740330537163,0.1260702613121955,0.990777419473844,0.2902154349230987,0.07329324414122282,0.7893956297084468,0.008110733060425826,0.7969570052318484,0.5700685274412435,0.5032101308161514,0.4118993874236718,0.4398477590955914,0.5545539350618878,0.6992676219538099,0.09942891725115284,0.050722191232363385,0.36639974661067115,0.04855636843843132,0.05897685376042498,0.7506069307744822,0.5827447699104628,0.44390242008086694,0.125761046262984,0.5966535194150628,0.32811973567631475,0.03470763873646106,0.38866250399496755
0.9245201922772898,0.59560042204905,0.4417997230210686,0.8209268940982932,0.9507409208353509,0.8883878163147539,0.8272246468927923,0.778529650140808,0.8104836232559933,0.1140037555816513,0.8935874126775716,0.029186676581329268,0.9087801669826298,1.0,0.39295759646553724,0.5858300338962698,0.7622507640947853,0.7477926431111553,0.4460090702136234,0.5923247483350125,0.6493555760801524,0.4851643017853079,0.5652831809476199,0.6316944677915888,0.9103758084756951,0.7482581159352604,0.7788530850231514,0.48560709380587286,0.8493763137556314,0.6915113797669603,0.7434492732461278,0.3104608367493285,0.6299948049177129,0.6219460607314353,0.270898824941221,0.5745752914899566,0.42730317487955133,0.8074136125011685,0.5050999101969057,0.3648165484618696,0.0,0.4809528845700989,0.19036751548008443,0.22663684181551697,0.6441374091926952,0.914426248585277,0.1791081526696116,0.8093563921610767,0.6557191789515993,0.9390333914517477,0.5624516079142938,0.3508370483205626,0.7562028181012561,0.7761485793659635,0.0,0.7319500726697244,0.10391107299119737,0.1913909978326618,0.6764245201528948,0.06110374999105761,0.2306254018711969,0.13371997582092865,0.12396292065773323,0.2834119008600668,0.3647704406526831,0.771920215560749,0.23258815031146704,0.5104403230743175,0.3169306518615687,0.4976175623580022,0.28756486827266065,0.5176359297366854,0.0,0.5745585040672737,0.6185561456469894,0.29618924664555313
0.4331730715689882,0.8094827801056759,0.7748047282354721,0.33055073194597157,0.8828351577996846,0.9999999999999999,0.5859163398052484,0.999163318968454,1.0,0.3636975289278831,1.0,0.0,0.6087693329588892,0.9429189768441476,0.0,0.5880669785316964,1.0,0.9999999999999999,0.8835052539501671,0.11344200102551429,0.16971587944268549,0.14673842157342845,1.0,0.8454030429351093,0.958713084070327,1.0,1.0000000000000002,0.26578952067896927,0.3351243006675764,0.06921726008749556,0.5947723770525271,0.2846151985522942,0.6896338229024557,0.9999999999999999,0.5215481853369085,0.24893280980347898,0.03476234346726926,0.9728843619827352,0.936443589201295,0.15694136032641096,0.4809528845700989,0.0,0.6910340984945339,0.38688043785998877,0.8101378186083232,0.5605971728770494,0.21682973148068915,0.9999999999999999,0.29625211265225543,0.9357381925080662,1.0000000000000002,0.07807020630801789,1.0,0.9060154243697575,0.1119717398124563,1.0,0.0,0.51185966247387,0.925321503374061,0.35120723385119623,0.5756059583382682,0.3050690115925096,0.31661787108810086,0.9233026090746937,0.9999999999999999,0.5599429284886785,0.8269229102054059,1.0,0.3631851141600532,0.4823368617061394,0.2810706120707575,1.0000000000000002,0.36319825413557694,0.8884405320205179,1.0,0.5413990375497795
0.0038009057218746888,0.48595310376046624,0.6904353405006406,0.3240193285549307,0.07977248535643318,0.306867462883866,0.17245211088381354,0.4422099548954569,0.10665452632949085,0.9040260816560685,0.10559632372979567,0.8972798522137517,0.03332651508087639,0.17456151777863105,0.312017991291772,0.42277378761912904,0.406302541527145,0.6119594888362104,0.5480475064040476,0.20953537940709632,0.0,0.3506051054479603,0.4530415025826951,0.5496842253553392,0.2223569880336971,0.3508925211602703,0.337886534256498,0.5420940697127081,0.10676903741489584,0.13322836831578352,0.3384746654952975,0.6723166443621682,0.392946653433126,0.4640066196185234,0.9834877718931018,0.12524003979895482,0.6006812954726588,0.15282773275497397,0.6074834760426984,0.6599681987889098,0.19036751548008443,0.6910340984945339,0.0,0.8076043364930915,0.36281731530024836,0.10534051356738076,0.6227384558505054,0.28348170612751855,0.5787177628533702,0.21575541647390623,0.4000286787410708,0.6945917887220403,0.4225989063852826,0.02898826112210387,0.9384466154689395,0.12670351566938187,0.8459644741076271,0.8524589158835054,0.43942686334222036,0.7655298472372392,0.7039276268104023,0.7869972321006057,0.7733654148736617,0.7039262664996927,0.5069344370003851,0.0,0.6452786438109288,0.4871400712720498,0.6613771384121409,0.38866441403221763,0.5544423084121028,0.48211087271109837,0.774027367998114,0.3532221286088904,0.32476492469255663,0.5574904605743618
0.16290774433325098,0.3614240150834551,0.7191927286811153,0.29969278529654386,0.0,0.27095432928022745,0.12853191543517603,0.2234762319822,0.0,0.8641692085561569,0.0,0.93240642194435,0.16789133338979276,0.18256616760192962,0.504913314727362,0.4688132633398357,0.2599714180607671,0.4785642277978317,0.30218910296435786,0.4038596020663063,0.18995586245970905,0.35824562771038937,0.3989210039879956,0.43554053012847227,0.12656372062169877,0.22938168450720356,0.2693769101912021,0.6265853684226741,0.22191241492116165,0.25097027054723475,0.3470547720628862,0.7523214092965756,0.4590384988303182,0.21384435307914793,0.7753974567666085,0.48127291970888464,0.736810658456129,0.07092031008563304,0.5306460068121687,0.8940372225629662,0.22663684181551697,0.38688043785998877,0.8076043364930915,0.0,0.25384886395091943,0.2007681416861549,0.8424404030341157,0.10599432352231258,0.4579475648826854,0.10154493448780541,0.40295786809946743,0.8881320799820183,0.32481351305331124,0.04687992676359829,0.9537557635059551,0.0,1.0,0.9667715802342349,0.3561929452719336,0.7988482929295122,0.8859822659849055,0.8168754801762915,0.8256456118034297,0.5990141470753096,0.30391622556785014,0.014019310465557738,0.6123294415256109,0.40096067808676616,0.7443830210021821,0.484721009052892,0.7002985613864797,0.3076318603562723,0.9273032990992,0.38020071051055426,0.16337850081964617,0.5925924670915476
0.5708216552574295,0.6644209173929906,0.3998083238986907,0.40384505959891365,0.8251159794970252,1.0,0.40180832091776225,0.8619466635516964,0.9999999999999998,0.3489825861413328,0.9999999999999999,0.0,0.554132157932974,0.8679880480452037,0.1758515385111738,0.4706478335034623,0.8906209313411397,0.8501612107402946,0.8847211190520275,0.0,0.2455560983162961,0.12731585158130335,1.0,0.6996683627942253,0.9800706467190577,1.0,0.992803687305261,0.3471836947791548,0.1704456031666716,0.0,0.2253718357294618,0.16106614921172452,0.5071028569624311,0.7561042694654779,0.45188590945899165,0.37161519496553913,0.0,0.8903160670499024,0.9021647011198893,0.0,0.6441374091926952,0.8101378186083232,0.36281731530024836,0.25384886395091943,0.0,0.5824995863838,0.5174259943422514,1.0,0.40439180694291144,0.7352883637996611,1.0,0.0,0.8301891587311613,0.9433165917338687,0.05576237605716361,1.0000000000000002,0.0,0.31749418441913413,0.47389422916905766,0.5786132918910415,0.6541600009378999,0.46089952397548123,0.4660661997974658,0.7622048230893677,0.8993855393716416,0.5908351010531536,0.7746616571865385,1.0,0.4540639294492651,0.6438332758860877,0.6628823500485876,0.9451028489196872,0.35995926788422816,0.8165783507261097,1.0,0.8011969579545952
0.8025323560290697,0.2641563145026014,0.2520860551388839,0.7798182638795619,0.8189357664366831,0.5531982483028635,0.7746275201081386,0.45441160673435554,0.6090216262638488,0.07092240924120582,0.6385858060868123,0.07434050746999943,0.793253552307982,0.8623879137011097,0.4379913912299307,0.3393136645817014,0.3784649570472568,0.422434458826478,0.4552779934244266,0.619194696325545,0.5567849990195135,0.36964976147663264,0.3286006902423715,0.4388917329374056,0.6639857776760544,0.2978389098672952,0.4948520027213917,0.3534105084101236,0.7552774544440725,0.5077939559147256,0.48733786795815287,0.16505997679450254,0.5652393790098623,0.4394116135471949,0.23898505886110363,0.570843023206495,0.30547386511692143,0.5743859157983183,0.3875248923896601,0.6176447933545358,0.914426248585277,0.5605971728770494,0.10534051356738076,0.2007681416861549,0.5824995863838,0.0,0.2243213471481119,0.5399404548853338,0.7323172817554584,0.8198126804539967,0.41869998678436626,0.4328204253043492,0.38816101866851044,0.6334883499265539,0.01971160696651964,0.5711694157710651,0.0855732496358291,0.22890127740980634,0.5621233650769725,0.13723853824001822,0.2837257849722187,0.2464371974151454,0.2042644468812153,0.18942652213070993,0.16240402413444258,0.5252162647209729,0.11852277239963925,0.33473157448294266,0.3623333937376441,0.40699034763221786,0.1847604769275933,0.29914788485959665,0.12083396035493592,0.5895948895713174,0.5458994704661497,0.5293468580257537
0.11284958586973534,0.11201883109394904,0.6348823738752573,0.2616617572779429,0.1228245515699101,0.2401158830451242,0.0,0.07945815996056806,0.12166122822743788,0.8279912727421865,0.23038421303550413,0.7504390551290151,0.1817338173435608,0.14842635232763554,0.8225348546134394,0.07534484217322215,0.19709874415532572,0.09339227591813144,0.552127147363475,0.24552024047696547,0.1941957367198313,0.19013069693798834,0.4388681633118003,0.28836346292951687,0.21227236576672587,0.19150396403700437,0.2310317644446579,0.5759963025432971,0.09443180555168709,0.1347913820655472,0.0,0.7086608944679356,0.30069953981848324,0.0,0.5048008156420793,0.6314942549951685,0.8914323904996466,0.0,0.5393042386701964,0.4472361597428912,0.1791081526696116,0.21682973148068915,0.6227384558505054,0.8424404030341157,0.5174259943422514,0.2243213471481119,0.0,0.3726046955801104,0.3025904863965463,0.0,0.33452268206135133,0.3797650397590264,0.19814660097950892,0.33278295470243474,0.6942988507112379,0.3269160397684086,0.7189545336962561,0.7297929298993369,0.0,0.9310190166271851,0.6316560506133577,0.8057889532698501,0.719098425608127,0.6578929413931339,0.2623999575078231,0.07945914747684651,0.6036770788402204,0.537508668482502,0.5667478906321458,0.28642816524724285,0.8205502794779788,0.30697285923832396,0.8755093265605863,0.4713892606810571,0.2856006700714324,0.9309345096005937
0.548286534873168,0.6155300764710604,0.014773915534958937,0.31436029355849987,0.761496999405538,0.9583287591433541,0.3763040914083486,0.731290937898212,0.8678715928477377,0.24071871909907716,0.8571166505850769,0.0,0.5114490438151934,0.9307414020558628,0.09673966749458043,0.4093350115355416,0.9522162056755651,0.8505225743065588,0.648314368728956,0.0,0.17153414338198683,0.0021338696477646094,0.9471912215719807,0.7486812492385116,0.9344931206110577,1.0,0.9227230826182095,0.03851027904208225,0.0,0.0,0.09798084722953501,0.1480887074910345,0.6343844064964234,0.8932029235037346,0.41313309429880485,0.25306709777529895,0.0,1.0,0.939067380468774,0.0,0.8093563921610767,0.9999999999999999,0.28348170612751855,0.10599432352231258,1.0,0.5399404548853338,0.3726046955801104,0.0,0.1636865053845486,0.7136769826348011,0.9781997079188787,0.0,0.6730603339672478,0.9641758535214442,0.0,0.8942040018464357,0.0,0.13055473537613105,0.4938524854180726,0.3380433904456337,0.5885464421040505,0.2944526975927077,0.3294655646950372,0.4327681374600815,0.8666106851943921,0.5875118821519563,0.7202959484800255,0.9136100249220434,0.4066759220513757,0.6057820732599686,0.5607836100983398,0.7888900850309083,0.15427118442618654,0.7860232551658213,1.0,0.7355252176582303
0.7185001771613498,0.4503060053729333,0.17439871956553912,0.8073573583089557,0.44805416559758515,0.23699052753922215,0.5509225182700801,0.49413296149556973,0.2389229016909283,0.2989523660440598,0.16036264248486815,0.5914459301354232,0.696447970413249,0.44762244479268065,0.6494101822902576,0.487993648040238,0.15302184936869,0.35327093586806274,0.19674007307193733,0.8780777458944002,0.7290257560945911,0.7601326438989978,0.0872878262797782,0.4314139903479662,0.47605013886011943,0.24859265938434227,0.10051104726464213,0.7074956273364769,0.8577965188995671,0.8055473015494502,0.728847322903505,0.6884297499348061,0.3564862393593923,0.20598290156646765,0.3285754391593286,0.746166701867276,0.6324057921551197,0.2669458389249241,0.2758778821492325,0.8144883728151245,0.6557191789515993,0.29625211265225543,0.5787177628533702,0.4579475648826854,0.40439180694291144,0.7323172817554584,0.3025904863965463,0.1636865053845486,0.0,0.43010843769166185,0.2676201632892356,0.7461898518509683,0.3915067791209017,0.22318070510586135,0.506980397933541,0.13681774420093082,0.6343937437879624,0.4464319028657434,0.6290525408342919,0.2954378069447571,0.2745949082209363,0.4101523695852854,0.4606225059145974,0.0066741901900223555,0.18620745994830354,0.5660453398630284,0.10817949016306767,0.051827620380286224,0.4985100963004415,0.5354980973556615,0.38714468384363154,0.12567800342600394,0.3502088772591505,0.4256745888554875,0.12935284875081055,0.3543046128102435
0.7630643867689617,0.6909586144335068,0.22479933676807212,0.5979856817629008,0.9164704368137313,0.7960217035208921,0.8644327575715095,0.7656400852202468,0.8741307622348913,0.062038918974651136,0.8144609755096753,0.0,0.7379062941125326,0.9749059604801171,0.0,0.5888351941590281,0.7538105345446688,0.7820381394982364,0.502331797135477,0.33793535483778747,0.44923960939107804,0.3175893588366311,0.5101651559074036,0.69520374227553,0.9436696252835894,0.7978636101828707,0.6705558613762373,0.0912222512617842,0.6296573357716728,0.3602400514917512,0.5627325613863348,0.18371451590186338,0.6261688269807429,0.8314513971532095,0.18354742390089962,0.3369936770359893,0.0,0.9854086867484979,0.5599900759780884,0.23778740330537163,0.9390333914517477,0.9357381925080662,0.21575541647390623,0.10154493448780541,0.7352883637996611,0.8198126804539967,0.0,0.7136769826348011,0.43010843769166185,0.0,0.720640831437556,0.0,0.7167970112390364,0.6591166361772113,0.0,0.7176944849804141,0.0,0.0,0.6226362970003114,0.0,0.3144800488318849,0.12111939015407922,0.0,0.11381176173657419,0.5215095323472853,0.773210304439454,0.30979951242693893,0.46063164469386103,0.42385547024655046,0.36288004213218605,0.09129992488493792,0.6708133448212031,0.0,0.6341155186324695,0.813516704107829,0.3433608015432071
0.4140233943329016,0.6730954011773203,0.5168634908116957,0.2942575217791869,0.7486432557702069,0.9675172594944877,0.5184376663681096,0.7883287103536449,0.7781044761210278,0.4394590130647712,0.849601920066567,0.0,0.4318240144618497,0.8533250118410443,0.06410870414160874,0.3990375388936702,1.0,0.818456994824555,0.8095843762008476,0.0,0.06619346047991301,0.0676287856862578,0.9959825829575588,0.7502444674178235,0.8462388525323241,0.9090369799140694,0.945304329846128,0.23573011012116502,0.19727520440156718,0.0,0.21459104113868444,0.3355051708357236,0.6525408080530817,0.9237386099715968,0.66457946672536,0.20937799630032683,0.0471653546467926,0.9662442465130089,0.9454976524916772,0.1260702613121955,0.5624516079142938,1.0000000000000002,0.4000286787410708,0.40295786809946743,1.0,0.41869998678436626,0.33452268206135133,0.9781997079188787,0.2676201632892356,0.720640831437556,0.0,0.0,0.8700287073677148,0.6909052788251409,0.18778794203282914,0.9172432654309397,0.03266927337053834,0.0,0.5024103779410173,0.5146155394105546,0.5445188197682859,0.3834882926887507,0.2558024674216075,0.78953379556917,0.8997210939083198,0.4700499286326333,0.7021783268029774,0.8785467883364222,0.4324494431468045,0.5850084173637321,0.47192173062780013,0.8479118656584457,0.12235010120891443,0.7249598277975828,0.9321165430540883,0.658866604478338
0.41114995187583264,0.3887736576520692,0.32302472008393,0.604642347392918,0.0,0.04589940076695413,0.369165635850246,0.0,0.0,0.6191538708994883,0.0,0.9493179040493269,0.25136390113633117,0.16654718519519607,0.5460183948946525,0.6311543197354291,0.00254079038124614,0.12238588132156719,0.0,0.7867914089662218,0.5167975228871312,0.7621577416786279,0.0,0.37406709371041535,0.18378125570500675,0.0,0.0,0.6879072325251975,0.675083551370929,0.7022573348893708,0.5591467006664017,0.7025669196707209,0.2630054110952467,0.0,0.5469469316272778,0.7416790201121649,0.9999999999999999,0.0,0.14429764168207326,0.990777419473844,0.3508370483205626,0.07807020630801789,0.6945917887220403,0.8881320799820183,0.0,0.4328204253043492,0.3797650397590264,0.0,0.7461898518509683,0.0,0.0,0.0,0.06823079101495391,0.0,0.8155888498305472,0.0,0.921953412106663,0.46829029793384147,0.35467932410952,0.3462014836073447,0.4220104078888368,0.5654709716410978,0.6718397416254616,0.0,0.0,0.25795887752454943,0.15963253288689366,0.0,0.6137937931670613,0.3270138818004355,0.27274951127905595,0.0,0.5904815028014532,0.13531345268625183,0.0,0.314810350966385
0.4150733256305075,0.7560123065291169,0.25096710712327697,0.3186123058206305,0.6027156003254976,0.7257608831778584,0.46394506195479357,0.8075145896962683,0.7549015892680785,0.15507612897011622,0.7410839617906033,0.0,0.5194282882248785,0.751041018246095,0.0,0.4525033968398914,0.7328408521602972,0.7291528197041305,0.6600707012787541,0.0,0.14379011050411866,0.2985657500260755,0.49775024342826407,0.8029889184392546,0.8120310568178444,0.9370247924910051,0.8145502036770047,0.2553274834895237,0.3218558856886891,0.0,0.3861786983772641,0.38972659232524176,0.5576170974516027,0.7734790453472685,0.5245833096233827,0.3552499743335806,0.0,0.8156072109190592,0.8467807375659516,0.2902154349230987,0.7562028181012561,1.0,0.4225989063852826,0.32481351305331124,0.8301891587311613,0.38816101866851044,0.19814660097950892,0.6730603339672478,0.3915067791209017,0.7167970112390364,0.8700287073677148,0.06823079101495391,0.0,0.6133658768590111,0.03779578591373796,0.6946461648292057,0.0,0.15675319901463558,0.6018645613075855,0.2963458189636267,0.39579243159359556,0.2063904462143224,0.2073895372011326,0.45831080793863144,0.7895454075447268,0.6277417503426453,0.4905812425236739,0.31509404713688205,0.6154737586976576,0.6459221379904058,0.3615411018264869,0.8758998238836506,0.18450071764010595,0.6471500130085027,0.834770121536627,0.5217461579369207
0.6112339494444978,0.5081801315488473,0.038979424660170264,0.32214447677792696,0.7832072466571688,0.8235627883404365,0.5445016831105746,0.6196533737644287,0.8848560643293553,0.16025276329389493,0.8607210561464183,0.0,0.5234954984038348,0.8209123870046193,0.23217187184753457,0.4332695769425223,0.8561097072285875,0.7925787224190551,0.7810401771889022,0.1471711187868111,0.3386655378494546,0.1437740035432139,0.7280568718215479,0.6803278901417841,0.9674520730982582,0.934287004706164,0.8260870336636014,0.19190903722910893,0.3995516878877406,0.0362141808988829,0.22279672302799985,0.07396324658524588,0.631415165271416,0.8043467484038378,0.2604389645591412,0.14796478448553246,0.014510607827295224,0.9665175571662803,0.7503832164786362,0.07329324414122282,0.7761485793659635,0.9060154243697575,0.02898826112210387,0.04687992676359829,0.9433165917338687,0.6334883499265539,0.33278295470243474,0.9641758535214442,0.22318070510586135,0.6591166361772113,0.6909052788251409,0.0,0.6133658768590111,0.0,0.0,0.935954037071487,0.0,0.0,0.400714032448906,0.34675419185458767,0.4649406058246871,0.16926294942497216,0.2569476777358518,0.36377331413261726,0.7012089475697063,0.6887623450575184,0.574777645691143,0.7018075828128707,0.400476624900057,0.5800169045456901,0.5023563511467548,0.7526296179615488,0.09853921792608437,0.7449201905441362,0.9696136360252955,0.6298692036952755
0.0,0.034046908283731164,0.5862963637650873,0.37336187094251944,0.0,0.0,0.0,0.0,0.0,0.7804040987103952,0.0,0.8852674881745336,0.0,0.0,0.6413883312680959,0.2694897213282562,0.0,0.05762235818474482,0.2525730300196376,0.3527637119692854,0.23006787516121696,0.28592134878183934,0.07932551757230942,0.16498857276870058,0.0,0.0,0.0,0.6601197718362297,0.2481222477384551,0.2653968079586987,0.09743406523949735,0.7202422613381404,0.27016628645727825,0.0,0.7299858645725144,0.703063969632586,0.9523335254043762,0.0,0.4098977319006679,0.7893956297084468,0.0,0.1119717398124563,0.9384466154689395,0.9537557635059551,0.05576237605716361,0.01971160696651964,0.6942988507112379,0.0,0.506980397933541,0.0,0.18778794203282914,0.8155888498305472,0.03779578591373796,0.0,0.0,0.0,0.9143099140185942,0.8529112571929388,0.15733285991018622,0.7958044074756142,0.6123640323027483,0.7641348365313723,0.8321678412364816,0.470514990488483,0.0769420714726029,0.0,0.405013089101824,0.08274172444842894,0.5427162606144328,0.3622621338186154,0.4856935134632038,0.03315710032228941,0.9277746909869136,0.291993559623539,0.0,0.517706342724498
0.5820978286713318,0.7092151094256105,0.29153671035483675,0.28774143768935867,0.7341146846151951,0.9639149129859443,0.5355532863738636,0.6810975836869287,0.930672513930339,0.10199462958876629,0.9261328875542265,0.0,0.5600528352287947,0.8865102029440817,0.044774985993257486,0.5600079463649027,0.9285459350086586,0.9101328202062849,0.7188315219718704,0.0,0.30883673565420167,0.0930473044740145,0.7917749574505412,0.8015750642174766,1.0,0.9654154024746422,0.9251727881450638,0.0,0.2647532245136799,0.0,0.20601304636912304,0.04989052073372548,0.6742449705565514,0.8049508537464063,0.39626286699139723,0.017125507062262287,0.0,1.0,0.8223055078664177,0.008110733060425826,0.7319500726697244,1.0,0.12670351566938187,0.0,1.0000000000000002,0.5711694157710651,0.3269160397684086,0.8942040018464357,0.13681774420093082,0.7176944849804141,0.9172432654309397,0.0,0.6946461648292057,0.935954037071487,0.0,0.0,0.0,0.0,0.4322551174482017,0.3526115004597724,0.5255406005744988,0.12098154282831715,0.20172070567304243,0.40558980645005266,0.8533442220425866,0.7258049637147486,0.6321550172518579,0.7726806809592589,0.3946231548178316,0.6087830626667264,0.46320154083888915,0.9158004831010317,0.017136217866257845,0.7393822238731432,1.0000000000000002,0.5935245556558288
0.07654263282319208,0.0,0.4452703770599763,0.47495251255067444,0.0,0.0,0.0,0.0,0.0,0.6493102545635046,0.0,0.9374772597680492,0.0,0.058630601693943296,0.7146892369608762,0.254977121562201,0.0,0.0,0.15441224295203593,0.47385865499700663,0.3813701966167068,0.40779450469680595,0.051540029353613806,0.0,0.0,0.0,0.0,0.6992193554484354,0.32808896574562285,0.5351726700059335,0.23118281695248105,0.9645325305667813,0.1205964838075945,0.0,0.6920057569154594,0.7700105689785707,0.9999999999999999,0.0,0.2652987361038435,0.7969570052318484,0.10391107299119737,0.0,0.8459644741076271,1.0,0.0,0.0855732496358291,0.7189545336962561,0.0,0.6343937437879624,0.0,0.03266927337053834,0.921953412106663,0.0,0.0,0.9143099140185942,0.0,0.0,0.7749235060952276,0.27110482180465745,0.684356458698779,0.5088305871578891,0.7382662157615019,0.7589570948959392,0.30543564157014763,0.0,0.024074763638881936,0.22083277628007433,0.016597629466009976,0.4779403190719358,0.22533205218252106,0.4825236191180483,0.0,0.9238115465019298,0.244808505039682,0.0,0.5213011136626202
0.014593833982249227,0.46281954344312787,0.6894269936578656,0.3502760393932713,0.0,0.09134986445097766,0.06920021144496741,0.0018502395185333864,0.0,0.9519090425859035,0.06237120743568374,0.7989471168708595,0.0,0.311493546764862,0.40412113027514857,0.4177031620412638,0.44407206544976807,0.5278381065285278,0.39093233116841875,0.053641309584877866,0.0,0.20519410729874135,0.3388169651568479,0.46012714326116294,0.22198071219631033,0.22333972989300763,0.19168677444191118,0.6420877837016445,0.2536548480867948,0.07165973121168351,0.24610049968164058,0.6314771846959626,0.3440669988389309,0.2021440357141377,0.8508748051192906,0.4594129482072634,0.7717697110351479,0.1199276373636854,0.6802716934655586,0.5700685274412435,0.1913909978326618,0.51185966247387,0.8524589158835054,0.9667715802342349,0.31749418441913413,0.22890127740980634,0.7297929298993369,0.13055473537613105,0.4464319028657434,0.0,0.0,0.46829029793384147,0.15675319901463558,0.0,0.8529112571929388,0.0,0.7749235060952276,0.0,0.2930878920001493,0.7290660995295135,0.7466421413209924,0.7422509011976155,0.7945592284565881,0.47001342958408493,0.28602710230099315,0.00031034544013545245,0.6203662676428515,0.3248258106885892,0.5555109426866013,0.5210385264452018,0.6772565806798921,0.15908987877804637,0.7072302058032999,0.5052793696814577,0.19786431111641126,0.7146639350204671
0.5600828466085265,0.7315015190848794,0.34664705409875407,0.4772155516206164,0.48352581121420835,0.6325372637822707,0.6496605776134607,0.6242013347496552,0.5632204151019017,0.17080365077092274,0.5549079229823837,0.2142175104352967,0.35041711127689057,0.5394685468545698,0.0,0.6046702810422426,0.5088552891858296,0.8111298862807192,0.30144119125413615,0.3392679980593155,0.2560001556523682,0.4479005183676545,0.3832049262576827,0.7329892030723832,0.7517887773654387,0.7005817373834413,0.5775485259286448,0.4543727544770762,0.48704307379560613,0.29874408694650767,0.7218702443272216,0.37081990443472934,0.5854848291374998,0.7403343470548864,0.5919207050174358,0.27592308334142895,0.07233163451335226,0.5925700321513763,0.5486940856866421,0.5032101308161514,0.6764245201528948,0.925321503374061,0.43942686334222036,0.3561929452719336,0.47389422916905766,0.5621233650769725,0.0,0.4938524854180726,0.6290525408342919,0.6226362970003114,0.5024103779410173,0.35467932410952,0.6018645613075855,0.400714032448906,0.15733285991018622,0.4322551174482017,0.27110482180465745,0.2930878920001493,0.0,0.19283596297946137,0.39607498159360743,0.14565912889530838,0.25186256226513576,0.26488203024663187,0.5225060089710908,0.4049336001982067,0.3434887825161628,0.37055702861614853,0.5487778869960626,0.35352021311077336,0.12277110865846959,0.5951531225132449,0.17754331366665546,0.37350802803372596,0.6120741821889825,0.21811469126044908
0.09260600372177533,0.2187977612039328,0.5821332455416006,0.1598451143058932,0.10263655756271682,0.22588936064486043,0.0,0.19504325752317148,0.1830459494082209,0.9322539696618973,0.21632781938852508,0.7135694109945699,0.005403688233560057,0.240267169651485,0.31214366543970734,0.2769295010128559,0.30338067408792047,0.25764162539715807,0.6371731097590166,0.09499966265383217,0.04861996474416012,0.15802959049001297,0.4502029540156589,0.45537408542274244,0.28866678937151624,0.28108239067616064,0.3141257949184001,0.5573145898983703,0.12845205084956945,0.0,0.054137476272828486,0.7502522145262149,0.26555568676152896,0.16034502590482028,0.6780023622352297,0.5090905542331398,0.6533637748250625,0.14089649411213004,0.7613902688936647,0.4118993874236718,0.06110374999105761,0.35120723385119623,0.7655298472372392,0.7988482929295122,0.5786132918910415,0.13723853824001822,0.9310190166271851,0.3380433904456337,0.2954378069447571,0.0,0.5146155394105546,0.3462014836073447,0.2963458189636267,0.34675419185458767,0.7958044074756142,0.3526115004597724,0.684356458698779,0.7290660995295135,0.19283596297946137,0.0,0.6918951619507259,0.9185060590826285,0.7708477001357139,0.7638689871242652,0.15118041208725044,0.011790717075962215,0.688637759801752,0.47435311260455304,0.5166030208477279,0.5647132088775627,0.7841413399523475,0.24055764390375217,0.8837429629794017,0.4501934460684866,0.3410683995072364,0.8467135057266075
0.294127130765493,0.525923678861379,0.8493010601830445,0.2113619168064613,0.38045502931275976,0.5772836562448384,0.14972487430897258,0.33447050952482343,0.42332232372348105,0.8227317786564583,0.5274282365141708,0.5374816227273942,0.28884882976625387,0.5592006768749286,0.27581512840007755,0.4099551225096123,0.6760537473444559,0.628815578512693,0.605539791776471,0.1522067222193756,0.02948013280256246,0.0,0.7501436069230473,0.5667113495392757,0.4884841529406181,0.5170963461439083,0.5305224403159865,0.4994752404512039,0.02571763616366607,0.029180341554386195,0.13398318186499877,0.5115169328384859,0.6489761712870745,0.46636306963910956,0.7519957917718755,0.5265450865215887,0.6668127377976013,0.5212174714017186,0.775589793346381,0.4398477590955914,0.2306254018711969,0.5756059583382682,0.7039276268104023,0.8859822659849055,0.6541600009378999,0.2837257849722187,0.6316560506133577,0.5885464421040505,0.2745949082209363,0.3144800488318849,0.5445188197682859,0.4220104078888368,0.39579243159359556,0.4649406058246871,0.6123640323027483,0.5255406005744988,0.5088305871578891,0.7466421413209924,0.39607498159360743,0.6918951619507259,0.0,0.7860826735746067,0.7351399734760407,0.7366353666974861,0.6215108736487679,0.14496639795040223,0.7667466396187603,0.675178462282809,0.552479989321582,0.43796183808196554,0.6054147179526432,0.6029315242009661,0.8008778712122145,0.6088655540223595,0.5495739904288672,0.7976585099104514
0.18158014605183342,0.12226119229235119,0.7237946571692567,0.30850538156323726,0.1911326145628387,0.25886883672888483,0.0,0.16283515262826312,0.10357124194047153,0.9381491101694847,0.14353509731326453,0.7133149823278141,0.13917832135999203,0.3174355768930548,0.6558872444140257,0.16134114489868845,0.27996732677476593,0.21834172798044094,0.5471448038653601,0.09728309414421177,0.16091841955366973,0.14678094732069166,0.6026567165759737,0.2039706439493274,0.17059142851605885,0.095217235552048,0.32711864071146335,0.7055647514903861,0.16472528464621083,0.23205152870199608,0.14556068489997553,0.626310185759098,0.34266500325960497,0.1892809920174222,0.7239674635993377,0.6763988434828477,0.8676595062140678,0.28215890379957087,0.5537210661525052,0.5545539350618878,0.13371997582092865,0.3050690115925096,0.7869972321006057,0.8168754801762915,0.46089952397548123,0.2464371974151454,0.8057889532698501,0.2944526975927077,0.4101523695852854,0.12111939015407922,0.3834882926887507,0.5654709716410978,0.2063904462143224,0.16926294942497216,0.7641348365313723,0.12098154282831715,0.7382662157615019,0.7422509011976155,0.14565912889530838,0.9185060590826285,0.7860826735746067,0.0,0.8172457107664641,0.6620603793837412,0.3016557427314722,0.04823412182659662,0.5669689886712902,0.5202942207073424,0.4310492666716377,0.49807993388287386,0.8013181234432207,0.29415314856217856,0.817782826973239,0.4764773461961538,0.17778964883273873,0.813192805606778
0.11946403429756339,0.32306372746550377,0.7052974061323535,0.2548839785007617,0.05903779228568085,0.2517483723885395,0.0,0.08769575440341193,0.14466413390206528,0.887861454491994,0.2006229930649236,0.7583367324682284,0.20453051247516912,0.3020904649165309,0.4914420930524276,0.3617782821327641,0.12386466158991488,0.3547240681202356,0.5263943287180658,0.20986885998149388,0.08874911506211758,0.19341097938776608,0.48526660001503386,0.43795382663009547,0.18338701552906417,0.28587453573545757,0.19412741996148905,0.6879280282144223,0.2738559664980912,0.02714089833619146,0.12084430851294964,0.80013868932234,0.43723411206822,0.14447551835516145,0.751529728198917,0.5521725467050792,0.835371633785338,0.04116645605371298,0.6645642702938508,0.6992676219538099,0.12396292065773323,0.31661787108810086,0.7733654148736617,0.8256456118034297,0.4660661997974658,0.2042644468812153,0.719098425608127,0.3294655646950372,0.4606225059145974,0.0,0.2558024674216075,0.6718397416254616,0.2073895372011326,0.2569476777358518,0.8321678412364816,0.20172070567304243,0.7589570948959392,0.7945592284565881,0.25186256226513576,0.7708477001357139,0.7351399734760407,0.8172457107664641,0.0,0.6402601400772583,0.3249004363232295,0.0,0.42243151746576585,0.3866073303643844,0.505428291591409,0.34430395486694865,0.6814818194900413,0.2346377217506297,0.8915342820868193,0.3487266192541527,0.11428677869578602,0.7542827322545502
0.18868667852829787,0.601677886655201,0.3791616949450014,0.07630561731569986,0.19230432044402906,0.5127251085748782,0.060606194115654946,0.4037057745626843,0.35638374864449873,0.6584653176082866,0.22784938595833978,0.4224235687394359,0.15915035619554646,0.39658917977864117,0.14591843107105504,0.21720115573010124,0.6893046813046032,0.6079258713471222,0.38771472162040277,0.0,0.0,0.06109718697890393,0.6017584740833061,0.7328694443760204,0.6474572746609272,0.8279210012362928,0.6513010179827193,0.24412665707777562,0.0,0.0,7.148315147922912e-05,0.4443387117444556,0.4592365240587535,0.5797919362968039,0.8615003604156756,0.060867692515108554,0.05360381610762863,0.5398277297376537,0.9088835177853714,0.09942891725115284,0.2834119008600668,0.9233026090746937,0.7039262664996927,0.5990141470753096,0.7622048230893677,0.18942652213070993,0.6578929413931339,0.4327681374600815,0.0066741901900223555,0.11381176173657419,0.78953379556917,0.0,0.45831080793863144,0.36377331413261726,0.470514990488483,0.40558980645005266,0.30543564157014763,0.47001342958408493,0.26488203024663187,0.7638689871242652,0.7366353666974861,0.6620603793837412,0.6402601400772583,0.0,0.7943344528057975,0.1764254596126808,0.8476906783377697,0.5558079827793958,0.6098214940094338,0.6709939450899333,0.6624600600148816,0.6970672516664098,0.6688066970074114,0.6538692835638445,0.8009166073078329,0.7780758112925333
0.20873144093741736,0.7040590387797512,0.5363383823018333,0.22837039239708912,0.593141524864841,0.9147567281280877,0.4499304607436661,0.7010875162224364,0.8138977760811115,0.43345068037467477,0.7812592975978676,0.0,0.26471033766916874,0.7406281866939738,0.0,0.48328638246418953,0.9768630695133709,0.8833162060808567,0.7833799661944891,0.0,0.03283589046744692,0.0,0.8607524623781091,0.661012376243892,0.6880517577648534,0.7894989432061648,0.8847310576342762,0.2431393537209306,0.14436395695745793,0.0,0.22900469508996452,0.17573293546641267,0.5872337369756926,0.8328512038547334,0.747256978858704,0.022035194497034775,0.0,0.8394503723694373,0.8826970913622229,0.050722191232363385,0.3647704406526831,0.9999999999999999,0.5069344370003851,0.30391622556785014,0.8993855393716416,0.16240402413444258,0.2623999575078231,0.8666106851943921,0.18620745994830354,0.5215095323472853,0.8997210939083198,0.0,0.7895454075447268,0.7012089475697063,0.0769420714726029,0.8533442220425866,0.0,0.28602710230099315,0.5225060089710908,0.15118041208725044,0.6215108736487679,0.3016557427314722,0.3249004363232295,0.7943344528057975,0.0,0.36456091251544165,0.7623583568415374,0.8778614601634093,0.2993006907575862,0.32200682926556917,0.30353271680571003,0.8999203174760332,0.18999427486129428,0.6524611069886632,0.9279218050899336,0.48473885246900517
0.6498490328066353,0.45701380462658525,0.0,0.5271666087902295,0.7747924791592313,0.5969300121675003,0.7218848783010712,0.6292045489461054,0.7261652946123873,0.0,0.7305279432212681,0.0,0.7171965518994281,0.6834093299240207,0.22502747131489845,0.5614386800766765,0.3806261106346432,0.44161150128182497,0.5210765404765977,0.5971822871337481,0.4708500238649003,0.5358847256541637,0.07875283640898349,0.4754121989099459,0.7449715918475474,0.555095276681458,0.5826380399281861,0.29739858055098645,0.7645467008453751,0.3955213548416938,0.5579030866989616,0.31815215480550785,0.49049349342713094,0.48565280591493076,0.23120586001188212,0.44009147670930077,0.14919643430613416,0.696220746593638,0.35444089514920946,0.36639974661067115,0.771920215560749,0.5599429284886785,0.0,0.014019310465557738,0.5908351010531536,0.5252162647209729,0.07945914747684651,0.5875118821519563,0.5660453398630284,0.773210304439454,0.4700499286326333,0.25795887752454943,0.6277417503426453,0.6887623450575184,0.0,0.7258049637147486,0.024074763638881936,0.00031034544013545245,0.4049336001982067,0.011790717075962215,0.14496639795040223,0.04823412182659662,0.0,0.1764254596126808,0.36456091251544165,0.0,0.15289557242509594,0.15055434933383902,0.2884708820203215,0.4902308524443871,0.11083757448868399,0.4713488568381055,0.0,0.5167358160524054,0.4236154557157746,0.23776789775740706
0.08960707557692436,0.5069819713255341,0.7712572499975798,0.18571375723596173,0.34180769608959666,0.6768079505220455,0.18452153917478303,0.368849408075953,0.5353502037195121,0.6878280427265114,0.572690673090604,0.28746346025026565,0.18742365346576137,0.5142821319004108,0.034312477116219806,0.32084731374450104,0.8594319856781367,0.7513845846118606,0.7294377222747833,0.0,0.0,0.0,0.7761285841361913,0.6141103900340464,0.3892393356711784,0.6171467777000311,0.659509421093441,0.31656912580339924,0.0,0.0,0.1606651331993664,0.3022518820151891,0.5652971407877557,0.6341813927276108,0.776337579517909,0.15866294072524997,0.2361683516257771,0.600230625236455,0.8286788387114888,0.04855636843843132,0.23258815031146704,0.8269229102054059,0.6452786438109288,0.6123294415256109,0.7746616571865385,0.11852277239963925,0.6036770788402204,0.7202959484800255,0.10817949016306767,0.30979951242693893,0.7021783268029774,0.15963253288689366,0.4905812425236739,0.574777645691143,0.405013089101824,0.6321550172518579,0.22083277628007433,0.6203662676428515,0.3434887825161628,0.688637759801752,0.7667466396187603,0.5669689886712902,0.42243151746576585,0.8476906783377697,0.7623583568415374,0.15289557242509594,0.0,0.8383110560562642,0.47022423520560663,0.25182170991948194,0.5042578341689592,0.7403280875977324,0.5221771992233472,0.5647528695724027,0.7278801346903145,0.7825900287866436
0.28434809155877183,0.4597380558008985,0.42799193058830376,0.1338802705172552,0.5754986830799802,0.8086817837340302,0.11800930896303294,0.5228195436768694,0.6934954523079946,0.464659538895393,0.7401356822253903,0.0031909698281002916,0.1027334474790772,0.7203512672867884,0.0,0.1731868590581015,0.9574787335811098,0.7346137305564784,0.6130077437815253,0.0,0.0,0.0,1.0,0.6870953039682545,0.7051729857105918,0.9178329075902135,0.8381751687586705,0.06126647156279578,0.0,0.0,0.0037237657444734867,0.19820010823714443,0.6045005902234442,0.8007319414436429,0.6414187467339733,0.2651918349735185,0.029947044105146748,0.9668736371239016,0.9999999999999999,0.05897685376042498,0.5104403230743175,1.0,0.4871400712720498,0.40096067808676616,1.0,0.33473157448294266,0.537508668482502,0.9136100249220434,0.051827620380286224,0.46063164469386103,0.8785467883364222,0.0,0.31509404713688205,0.7018075828128707,0.08274172444842894,0.7726806809592589,0.016597629466009976,0.3248258106885892,0.37055702861614853,0.47435311260455304,0.675178462282809,0.5202942207073424,0.3866073303643844,0.5558079827793958,0.8778614601634093,0.15055434933383902,0.8383110560562642,0.0,0.3747932743972893,0.4909214267982583,0.6046618413661617,0.8233037561970588,0.37458762954822417,0.6410934300379704,1.0,0.8471100885699305
0.3634590173890402,0.3030924849550696,0.6324374207082509,0.45085942315767885,0.4350544304783331,0.4372592166988754,0.3415059127252718,0.48791069095991746,0.34192486054776283,0.4720314759268722,0.3950244708028913,0.5025968858332129,0.3633765878425138,0.5440707934134129,0.49282007476528866,0.2914217689896708,0.2727750517680703,0.2979280203479572,0.6040923958875154,0.3943214022092832,0.32286252497555334,0.3398735648993077,0.4959947394477233,0.01012476219243198,0.21352312039103785,0.2532632711533039,0.3501466323675731,0.47653381556569824,0.42954663512356817,0.42411792808791277,0.402171717184969,0.6844884101065853,0.6051304647022542,0.507244864102213,0.6522159569659418,0.6020452140355559,0.7354098535071719,0.28155446922042626,0.6181061342203213,0.7506069307744822,0.3169306518615687,0.3631851141600532,0.6613771384121409,0.7443830210021821,0.4540639294492651,0.3623333937376441,0.5667478906321458,0.4066759220513757,0.4985100963004415,0.42385547024655046,0.4324494431468045,0.6137937931670613,0.6154737586976576,0.400476624900057,0.5427162606144328,0.3946231548178316,0.4779403190719358,0.5555109426866013,0.5487778869960626,0.5166030208477279,0.552479989321582,0.4310492666716377,0.505428291591409,0.6098214940094338,0.2993006907575862,0.2884708820203215,0.47022423520560663,0.3747932743972893,0.0,0.3863389349354176,0.387837041289779,0.26289932588013054,0.506608285828536,0.39430111132892753,0.346508162404773,0.4759195622292122
0.33608870069862595,0.3486325590301184,0.4883851150406951,0.4716713162387682,0.48231029556215227,0.5773150148202567,0.3178082991780658,0.56076587737705,0.545365182168225,0.39346845630393845,0.504403477196095,0.27716862099171974,0.5662351718243102,0.601386501107341,0.5077182299240067,0.34171550188847055,0.3390611089261919,0.3096631472605883,0.7572039853478715,0.19546051449263138,0.43089291321223977,0.256683256417485,0.5481930454476551,0.33545844728909635,0.5189354014017677,0.3227771823932237,0.39817271877739996,0.5485333249376342,0.5153212345364877,0.21630591634847351,0.036228743469734856,0.5132252221533288,0.5846131166955546,0.2844228601217978,0.5204951925438864,0.517211681482814,0.4924682167008567,0.35369747504193116,0.6147588437935013,0.5827447699104628,0.4976175623580022,0.4823368617061394,0.38866441403221763,0.484721009052892,0.6438332758860877,0.40699034763221786,0.28642816524724285,0.6057820732599686,0.5354980973556615,0.36288004213218605,0.5850084173637321,0.3270138818004355,0.6459221379904058,0.5800169045456901,0.3622621338186154,0.6087830626667264,0.22533205218252106,0.5210385264452018,0.35352021311077336,0.5647132088775627,0.43796183808196554,0.49807993388287386,0.34430395486694865,0.6709939450899333,0.32200682926556917,0.4902308524443871,0.25182170991948194,0.4909214267982583,0.3863389349354176,0.0,0.40061861266815774,0.38410167949514473,0.4715605098388689,0.5342225151882743,0.4163355750880471,0.6147137402681229
0.08257309324809764,0.0107072209173006,0.6203638092871648,0.3961006858408076,0.3200258208939507,0.29923141067615483,0.0,0.2469037424932934,0.30967774371088086,0.6866874490052581,0.36980299519692106,0.46720090148619775,0.35032494118323787,0.4361956395677819,0.7243015588529431,0.10698252548104101,0.24804410985646075,0.14514912460284132,0.7114199999558959,0.055609243472956496,0.1640344616143427,0.0,0.6640912427555572,0.14683030190603608,0.26424731339730106,0.17365566153931472,0.31724896682701115,0.5066101301363147,0.1174120735882937,0.0,0.0,0.6160809204398184,0.4425501067937515,0.11631511148483183,0.5203273798937924,0.5965419881877762,0.7132956799257322,0.10228312161014741,0.6792455915198649,0.44390242008086694,0.28756486827266065,0.2810706120707575,0.5544423084121028,0.7002985613864797,0.6628823500485876,0.1847604769275933,0.8205502794779788,0.5607836100983398,0.38714468384363154,0.09129992488493792,0.47192173062780013,0.27274951127905595,0.3615411018264869,0.5023563511467548,0.4856935134632038,0.46320154083888915,0.4825236191180483,0.6772565806798921,0.12277110865846959,0.7841413399523475,0.6054147179526432,0.8013181234432207,0.6814818194900413,0.6624600600148816,0.30353271680571003,0.11083757448868399,0.5042578341689592,0.6046618413661617,0.387837041289779,0.40061861266815774,0.0,0.2619458992927671,0.7224552588675748,0.5093258249441123,0.2904753617572556,0.9624472361250488
0.3124396172399586,0.6647010345579456,0.4340901679434558,0.17179221158286384,0.6435792553006052,0.9323695717083471,0.471707032823225,0.8762678600405402,0.8339865625157546,0.29965132472345335,0.8414499648705754,0.0,0.33996044022607075,0.9198659822541521,0.0,0.5233075581882036,1.0,0.9154144391074566,0.6658251598674993,0.0,0.15173719608057779,0.0,0.8659679318330259,0.6887161590826728,0.8216784707078286,0.9241889729117433,0.8961857943667559,0.14987201123656582,0.17339408417013927,0.0,0.2796315480541521,0.233253182581583,0.6625326486964149,0.9999999999999999,0.737985055062344,0.1350736383360084,0.0,0.9708587769819899,1.0,0.125761046262984,0.5176359297366854,1.0000000000000002,0.48211087271109837,0.3076318603562723,0.9451028489196872,0.29914788485959665,0.30697285923832396,0.7888900850309083,0.12567800342600394,0.6708133448212031,0.8479118656584457,0.0,0.8758998238836506,0.7526296179615488,0.03315710032228941,0.9158004831010317,0.0,0.15908987877804637,0.5951531225132449,0.24055764390375217,0.6029315242009661,0.29415314856217856,0.2346377217506297,0.6970672516664098,0.8999203174760332,0.4713488568381055,0.7403280875977324,0.8233037561970588,0.26289932588013054,0.38410167949514473,0.2619458992927671,0.0,0.19982650844893776,0.672400471782594,1.0,0.5083101009873974
0.04632960588157224,0.4213133110282558,0.6465131413977585,0.21912828668746315,0.06635798483590896,0.13276713727411266,0.03672402542678327,0.08325095796177204,0.048867183984378934,0.9440894232833885,0.13856852487565555,0.9264106580094961,0.06649426518920146,0.0676513264069245,0.5775978135173059,0.3823093662556816,0.12225585660466808,0.3424905473803057,0.5338228403472232,0.13033571750681683,0.13718734620976292,0.2903801428101101,0.3975636812066782,0.31038166467444805,0.015660435303882163,0.16074278615451038,0.23745265965609097,0.704649205073474,0.14636125929903926,0.018422641025734342,0.09169639839509378,0.7929060735663481,0.2141279888643236,0.14843514528496404,0.7532175938281527,0.5284527404529497,0.8190620340566809,0.031017634821079464,0.5868120053786644,0.5966535194150628,0.0,0.36319825413557694,0.774027367998114,0.9273032990992,0.35995926788422816,0.12083396035493592,0.8755093265605863,0.15427118442618654,0.3502088772591505,0.0,0.12235010120891443,0.5904815028014532,0.18450071764010595,0.09853921792608437,0.9277746909869136,0.017136217866257845,0.9238115465019298,0.7072302058032999,0.17754331366665546,0.8837429629794017,0.8008778712122145,0.817782826973239,0.8915342820868193,0.6688066970074114,0.18999427486129428,0.0,0.5221771992233472,0.37458762954822417,0.506608285828536,0.4715605098388689,0.7224552588675748,0.19982650844893776,0.0,0.4480053039824069,0.0,0.7197021701864211
0.5294447452416313,0.5216676399270086,0.607755055223008,0.5222339839634709,0.7341437107106465,0.8372069487244177,0.5376970617440932,0.6435521052921171,0.7000841305906421,0.5295708804501714,0.6566841188530332,0.19819376631950072,0.6854956709901598,0.8300132685250033,0.3295454734559249,0.6563015682658193,0.9140958474927973,0.8630508183327628,0.7608587477061727,0.17507206161708413,0.3073065789261843,0.13287699397357575,0.7244723640003163,0.6122181009579992,0.8281665020037827,0.6817822368424932,0.8146612729774396,0.46469280455579454,0.487495384389277,0.0693413779958317,0.3916523710786869,0.42328396179204725,0.638438146042613,0.7509417440751005,0.7016474412237641,0.21768394411277642,0.22084772848369383,0.7265773270329627,0.826762709893696,0.32811973567631475,0.5745585040672737,0.8884405320205179,0.3532221286088904,0.38020071051055426,0.8165783507261097,0.5895948895713174,0.4713892606810571,0.7860232551658213,0.4256745888554875,0.6341155186324695,0.7249598277975828,0.13531345268625183,0.6471500130085027,0.7449201905441362,0.291993559623539,0.7393822238731432,0.244808505039682,0.5052793696814577,0.37350802803372596,0.4501934460684866,0.6088655540223595,0.4764773461961538,0.3487266192541527,0.6538692835638445,0.6524611069886632,0.5167358160524054,0.5647528695724027,0.6410934300379704,0.39430111132892753,0.5342225151882743,0.5093258249441123,0.672400471782594,0.4480053039824069,0.0,0.6587234422773778,0.6391239392095011
0.5259582079107853,0.6227946402851822,0.6087948418233384,0.3200275438374406,0.9510827536857813,1.0000000000000002,0.5606125773821359,0.9147371932921946,0.9777609896133148,0.2416497706272236,1.0,0.0,0.5539877703846795,0.9499238596700808,0.031224047569966232,0.41373231258578225,0.9999999999999999,0.8067909673858791,0.8245283269661554,0.010381566863231356,0.0752295021198293,0.0,1.0,0.746745631975724,0.9273880619925736,0.958356635553303,1.0,0.13119205473844814,0.28246137889824807,0.0,0.24768334731150116,0.11855614567161477,0.7513612139244612,0.9805347315735482,0.6046701228738299,0.2810931961659538,0.0605079915193757,1.0,0.7734315149574204,0.03470763873646106,0.6185561456469894,1.0,0.32476492469255663,0.16337850081964617,1.0,0.5458994704661497,0.2856006700714324,1.0,0.12935284875081055,0.813516704107829,0.9321165430540883,0.0,0.834770121536627,0.9696136360252955,0.0,1.0000000000000002,0.0,0.19786431111641126,0.6120741821889825,0.3410683995072364,0.5495739904288672,0.17778964883273873,0.11428677869578602,0.8009166073078329,0.9279218050899336,0.4236154557157746,0.7278801346903145,1.0,0.346508162404773,0.4163355750880471,0.2904753617572556,1.0,0.0,0.6587234422773778,0.0,0.5427681140832269
0.43058488721741484,0.35151801010486533,0.7398949645996388,0.32128735041628165,0.4197826107405923,0.7133981751967332,0.01762612553366713,0.43532400345343825,0.5396234238097236,0.7512243942828042,0.6180598247984358,0.5167078591761937,0.4014913395599945,0.5813660512877042,0.5332007497572637,0.2430187667132503,0.7338262833571427,0.6964458063937025,0.7918016574610965,0.02342031521424392,0.1612658741090353,0.0,0.9115085536303826,0.5864248165522754,0.533782251971586,0.652156792311142,0.6877140417313088,0.5925542875540538,0.11732304792040162,0.05659953163806995,0.09027673620891549,0.48582970093396194,0.5098795336902263,0.46979797084865227,0.5939905043356672,0.5602597735478905,0.6047710704242782,0.5567981316326251,0.7508964545896272,0.38866250399496755,0.29618924664555313,0.5413990375497795,0.5574904605743618,0.5925924670915476,0.8011969579545952,0.5293468580257537,0.9309345096005937,0.7355252176582303,0.3543046128102435,0.3433608015432071,0.658866604478338,0.314810350966385,0.5217461579369207,0.6298692036952755,0.517706342724498,0.5935245556558288,0.5213011136626202,0.7146639350204671,0.21811469126044908,0.8467135057266075,0.7976585099104514,0.813192805606778,0.7542827322545502,0.7780758112925333,0.48473885246900517,0.23776789775740706,0.7825900287866436,0.8471100885699305,0.4759195622292122,0.6147137402681229,0.9624472361250488,0.5083101009873974,0.7197021701864211,0.6391239392095011,0.5427681140832269,0.0
