0.0,0.2945358176554817,0.23422520625167761,0.3270354632955994,0.3569366032702748,0.24318800772939803,0.319540332333422,0.20076241988340154,0.29215098136685913,0.09629996826332461,0.3196851277899543,0.12064599547944233,0.32276423071509214,0.3546547436645774,0.31602851722258196,0.2543856309318724,0.19906833856388087,0.22652898735828195,0.2619749073075983,0.2594526752323058,0.08242341684035136,0.2173375141251441,0.23890632929112962,0.1640760387017452,0.2329772096037299,0.25371298819195454,0.29441765659196384,0.2803753538176914,0.2888548458747127,0.2498798204100543,0.26325344404338435,0.00993544988344849,0.11023623892002313,0.11660850523353529,0.07486036039600424,0.31691405375742526,0.29695627198120456,0.18361860483494544,0.022031585914108046,0.3695822343647673,0.16180261410628488,0.10026410126724805,0.2696051602695478,0.03422491186616132,0.10137715729007189,0.05274583176464533,0.32282083165509823,0.35065110353474493,0.3536946207584282,0.2952113292205405,0.3444588181614202,0.0,0.06869548462299215,0.26776709444374075,0.15436899086472317,0.25649560673363847,0.12585022378030725,0.005495760324050785,0.257539042134709,0.2904882588789575,0.22573781071215884,0.24540835575523356,0.2283729692261992,0.29094644634734995,0.2819475293694922,0.23276259420731232,0.30340573005687416,0.23091101203533063,0.26503812316226383,0.16058882017448894,0.0,0.22503163539831872,0.2632060876146323,0.24152792613580112,0.276567399104559,0.22791959052341504
0.2945358176554817,0.0,0.38205713153636917,0.30039803450608493,0.40048697397624167,0.0021877817831951023,0.31870050912405595,0.04321060130867039,0.11712772403064191,0.4257727690871208,0.49062499185435415,0.29903689581311393,0.28044098861033406,0.3485084536277428,0.25684797772879275,0.16594773393256598,0.04253538794615214,0.06920926945303668,0.38858641121754023,0.15884205304473545,0.149179111903964,0.07537191703740487,0.40188764167169444,0.34729993087607247,0.001242749791221312,0.0,0.3847032913723208,0.2068321895426638,0.12808692117812423,0.47665057729631377,0.10371176431562901,0.21625843215984344,0.5427452089014103,0.42206630117921434,0.378286694970922,0.5487763480715327,0.16773611323924048,0.20854518395749952,0.34030025227075605,0.5003754964948501,0.6641004210177104,0.5603836743221299,0.09568221449182295,0.22983183880790545,0.4912539201503322,0.410546817509968,0.2681738956171501,0.4158563488357243,0.17841772119544297,0.27134911769540576,0.13023366519429214,0.2885085388313299,0.33992162358182637,0.0,0.5205809885171376,0.42814484364991684,0.38023078298610286,0.4707049433121439,0.32080150608448554,0.3769407772296124,0.3964278326062596,0.017346274890314275,0.09086367615148155,0.10490166934032463,0.040748502829574464,0.2690962630620024,0.08101193414213587,0.3882998662686757,0.3625723180149778,0.03929482839240751,0.12228219186562324,0.3287198325139927,0.617908869751511,0.0752999248119649,0.13103279848868427,0.2809927455293428
0.23422520625167761,0.38205713153636917,0.0,0.16603306745805538,0.06314297445160008,0.3783483269982903,0.15329565801996914,0.3207615986062938,0.31182311205123686,0.08630352685380296,0.12301521091730372,0.3415256110007977,0.1056595458006514,0.1508318565504902,0.2648352964937061,0.23580964278087552,0.28526917827058157,0.2868316265499738,0.2774220315521724,0.28920260715400026,0.3231679926128869,0.26781909377659785,0.3169952959909378,0.31551081838928924,0.3313956763082221,0.2862572269872616,0.31468394452339277,0.32279312997253085,0.3038078954710984,0.22627955918114268,0.3011290077625992,0.13947650555242497,0.32986681759084313,0.1988599670248413,0.19804250322760758,0.24834435218257825,0.3279676436142281,0.11133365720916592,0.17295230318952348,0.2799004121087209,0.32196644853512835,0.4084571292028354,0.35826791914493084,0.07614905621192926,0.11169708648338929,0.401825837500645,0.28868352968502164,0.29125864664629764,0.09863951460257385,0.07323246897679042,0.03143236457886199,0.13939524330528413,0.31485726096202143,0.40507142605831536,0.30304198872843796,0.30985074013455277,0.36478021117844517,0.23577167627968712,0.49537990621659733,0.25855932014072947,0.3280671236697724,0.2952780524235269,0.3099682950344439,0.35171001723574324,0.37678151758081396,0.3876307291439088,0.25869827199132894,0.34953872568148414,0.15066659350448214,0.2810695442657352,0.3054971409378034,0.32448865977540553,0.2822448246351756,0.25877648797061337,0.329908114543716,0.045640715586528685
0.3270354632955994,0.30039803450608493,0.16603306745805538,0.0,0.4671719727354085,0.33453994615696636,0.45639766671505655,0.24996902176971905,0.30980522986379083,0.5076796802290067,0.5154341486162783,0.26722531097419233,0.4033399148927147,0.45185452919126823,0.29438459117346477,0.2511839544383102,0.23003498887952306,0.2338965432861695,0.19588867982541444,0.437334543177797,0.26496562251519584,0.2896102955018067,0.2527064491568712,0.26823388650046565,0.19911561766296146,0.2534078479447096,0.3744935761746866,0.4204607571058157,0.4953935592995068,0.39258352324127477,0.3512340914803598,0.37046524759816885,0.6729213908698795,0.5096610322417371,0.44292795766871257,0.6085987657592229,0.20582517847720247,0.41465495903469274,0.4071685125712751,0.5983527330478152,0.6429297803071482,0.4829980000284685,0.3011091902648691,0.315788405291347,0.49228810812049345,0.3882132690242037,0.18017677864334805,0.27688016551611705,0.27271729085994534,0.2731805733103206,0.38344008925686873,0.3537162879828074,0.16650416879096258,0.3368789982023171,0.6240912632326941,0.4262079658546224,0.21540577073296613,0.5546663997213923,0.24564685277292952,0.40664827200484804,0.026953643244396305,0.2391975426115861,0.2926300038083044,0.3545220567754351,0.2636579725467304,0.1927170615299224,0.17747571794883868,0.0,0.4933780040603615,0.3358896471861375,0.29826709380522154,0.05925731477795292,0.627250944862879,0.21325204373814066,0.3061710908933805,0.4340519074738804
0.3569366032702748,0.40048697397624167,0.06314297445160008,0.4671719727354085,0.0,0.2662792015471849,0.3958315433422184,0.2791820828469101,0.3104362576226028,0.5220818080106071,0.5616680681125058,0.2734791360883957,0.33726245229618745,0.587363476534058,0.249193671813805,0.3214809488487925,0.2533982552654235,0.2658529433976177,0.18687676701211248,0.40530004950819726,0.37050294814008233,0.3763161024937829,0.16638743185182445,0.22767513658310137,0.281358145243334,0.19393539239432944,0.24272700774876746,0.3761237358319871,0.414755616732666,0.2710469855104429,0.43144964476738157,0.37015407243748066,0.7200187687146459,0.5843141187965124,0.45041637069889207,0.6662687330406124,0.3094702479220068,0.36426038028667485,0.42718266459268506,0.6613931302626574,0.8316862691239073,0.6528280857011071,0.3056203608393193,0.3380770347164394,0.6027031029667222,0.48301045444370955,0.1230909300944341,0.23911141271038,0.3296351658761494,0.3150131239406104,0.30013915859418855,0.3775999666392574,0.2923584639331294,0.22417530764861773,0.5719543921408989,0.44531379102565644,0.27506722497109454,0.6026335209723088,0.04610586492930337,0.2197645946982518,0.39698559150059937,0.2663038381470877,0.2782470046448185,0.42545199115086774,0.28652263553272134,0.15366711940154323,0.2143747507400028,0.4462816041305593,0.572602990908092,0.24309155590261625,0.30739321073162806,0.05279219124431367,0.6894343877064935,0.20742717670083793,0.4255282780489481,0.4297524094652145
0.24318800772939803,0.0021877817831951023,0.3783483269982903,0.33453994615696636,0.2662792015471849,0.0,0.39280206401628,0.0,0.12149521086299277,0.3962831744565847,0.43826575079943336,0.2850339952581475,0.31079880350329164,0.42227606556903696,0.26324271254385107,0.09735797150090239,0.47316300273474654,0.033795975033262524,0.38073385830654094,0.20137041483885212,0.12592289329463552,0.11811812883317202,0.3612595984370411,0.17547483862896204,0.07329035081246979,0.10366776605516474,0.4035072106741518,0.25887275469817134,0.1736554738889663,0.3607122214759484,0.21085981300588597,0.2147633737045235,0.6492037401627424,0.6364586793203317,0.5699941152953368,0.5062958332672552,0.13306643529157874,0.33175532764630816,0.3814193031508397,0.6766652919687411,0.8753784834113996,0.7638065691895144,0.17357581612239426,0.28027926062202885,0.4012093150692621,0.3552042945206169,0.27645684981728136,0.12335092735678985,0.24342724276486746,0.2023588216770744,0.1558774180974839,0.26691502889607066,0.34943747807632947,0.1710396640516668,0.49551634477227147,0.3338079021220181,0.31445968439910593,0.5003963665834175,0.39178382874499296,0.2700268248442957,0.29075805712103764,0.2671362244084819,0.12514480545802922,0.13916416671701273,0.13839699020030827,0.33023875310900486,0.03620046104751187,0.4195352541340308,0.5157188504050322,0.09601587634417434,0.1432533644985849,0.2923254093982893,0.753879062476759,0.09017249255216761,0.29860082580439284,0.3506677020662379
0.319540332333422,0.31870050912405595,0.15329565801996914,0.45639766671505655,0.3958315433422184,0.39280206401628,0.0,0.20488738202657736,0.29644237051837363,0.5287367381914547,0.5981872422839731,0.24352239838746315,0.27383116570299626,0.6162589223803004,0.38486942608351254,0.41211406958326263,0.2441097695282285,0.3792499016302552,0.21274322688829403,0.5780923842943587,0.38685623756583026,0.4847485799019672,0.2842452543100073,0.23686386384203575,0.30722973585628505,0.28969854512924154,0.304514374687342,0.43371549831714074,0.4672481563996864,0.31977319847507624,0.5392865615396777,0.33158786609850693,0.701492079679679,0.6163076526213677,0.42172026782331323,0.6226365571563087,0.3576938132257499,0.48382425850048555,0.42534100308897516,0.7996073170134452,0.8614109514336437,0.603686794568572,0.26361278103035296,0.3813631565882382,0.6952028712817386,0.5099997901284684,0.2158277812386993,0.3752649826416007,0.20698558519698418,0.28682231152917514,0.4329159275046186,0.31790989569108896,0.19545942199523053,0.33416161692479107,0.6218550350159264,0.5881364859436303,0.1934399519248794,0.5269705273095818,0.07907424776173165,0.2890062458266194,0.0939949428691395,0.30130258018817924,0.36801502867503993,0.4381576689044082,0.3937437546607583,0.14757247407216717,0.3751891742445745,0.011475764772502804,0.6273676225956635,0.28430199800365286,0.3425712651575787,0.13694758458228873,0.7816780707491228,0.3482962902486366,0.3705361301018054,0.5188560729835694
0.20076241988340154,0.04321060130867039,0.3207615986062938,0.24996902176971905,0.2791820828469101,0.0,0.20488738202657736,0.0,0.3263654172763421,0.28723021944920024,0.32730661431416497,0.29187247251306947,0.08586075622470679,0.2542000148449415,0.21390025928005355,0.036275195782552526,0.0451624612532099,0.3000165626266736,0.30908602815007175,0.0,0.24716835722213903,0.26639398786134605,0.15946116465363291,0.3149479522439531,0.3484430979942747,0.15974932139380632,0.2825617703391052,0.19699740067716165,0.0,0.027265252064614345,0.1799307882231274,0.22052597508617441,0.4286847118299342,0.41618494513088394,0.39512905230633466,0.40894012406168373,0.2539906211239003,0.2506323079511507,0.22886771783629611,0.3275694509620782,0.4620640209440747,0.3871805815776881,0.0765090299644325,0.21215625936627988,0.2774282800076053,0.14045122433285886,0.33953102954744924,0.3550960940125689,0.22391306839648667,0.18152609732160185,0.16091429841109509,0.30765377700219526,0.16010476279999267,0.3776751448848244,0.3347856659210782,0.2263951516367086,0.2594830490757872,0.303403148238641,0.0,0.26832155063472357,0.26274902038354914,0.02336531127563417,0.1221966545718633,0.05719889875570472,0.2631252820448504,0.10243918642356115,0.24051402294800955,0.3283685369821335,0.4990374235758954,0.05359283841495506,0.27172189793773044,0.29209194616590434,0.33403256043634416,0.27933402217575304,0.3629315983042394,0.15725724069959582
0.29215098136685913,0.11712772403064191,0.31182311205123686,0.30980522986379083,0.3104362576226028,0.12149521086299277,0.29644237051837363,0.3263654172763421,0.0,0.4850014728526002,0.47630995915312446,0.3392312697603285,0.309196309894208,0.41969072247126327,0.30111836459442065,0.14959555225226584,0.03738369431006287,0.14023146346918872,0.3503587161625888,0.2684941542248535,0.13938564090482056,0.2629285174536644,0.4079448376461534,0.08286919699369177,0.21243297694332955,0.13134608323857938,0.05718349333061566,0.26512777515902103,0.20177019236272875,0.0,0.28083209023878014,0.304455814624353,0.5407886790385024,0.5138044419137391,0.4453333524621264,0.5267563494320245,0.22509971209488103,0.2798905364696345,0.3464739511719733,0.5741723132476612,0.738418651226323,0.5853914132246573,0.18660862503591996,0.2668574741197773,0.4591724707666572,0.44668090784722153,0.07032316698235858,0.07665853544905182,0.1870055396090378,0.19042464960601374,0.27248033906189323,0.26109804179662705,0.3884975751588773,0.17138977445737863,0.5622190063352732,0.4011831461744451,0.31308735736739485,0.5549509754165803,0.0,0.33060170121086724,0.4852751674705661,0.13325739319627067,0.23461970561946513,0.12337766300607537,0.21535445938613246,0.36565723852836907,0.14839265576873897,0.46815023830130614,0.5181401544492098,0.12207335300819291,0.2135494623357202,0.3430200483202344,0.6997058132283123,0.2064212431600274,0.13389668707544403,0.3598352657868309
0.09629996826332461,0.4257727690871208,0.08630352685380296,0.5076796802290067,0.5220818080106071,0.3962831744565847,0.5287367381914547,0.28723021944920024,0.4850014728526002,0.0,0.5992381439727128,0.33131043263887405,0.5526175053133512,0.655121289693751,0.2894276009263203,0.3801799388390703,0.2069990095131704,0.34242613960888446,0.17616708123326538,0.45365070336364244,0.5427453888150752,0.39252011393071895,0.27413525530351884,0.25735990469010595,0.3672970883584883,0.36103463977710387,0.39643971604314276,0.49437772469615904,0.46672217810532957,0.47025832641013077,0.5652354561658436,0.5265597687792403,0.760202453495484,0.7497143968653663,0.5573146420923042,0.762749196289515,0.3502683640545122,0.4148960525025383,0.5141353792522848,0.7248286430431609,0.8688719686826195,0.6819095330905125,0.37012394351987116,0.34312599081415834,0.5912143048453209,0.34737045656887766,0.17647099956806536,0.2690436166799054,0.3817442236004924,0.4411325625325882,0.5031156389741709,0.493063124257264,0.21422115790207574,0.41441279355811605,0.6143066921821003,0.5738500351455486,0.3424108247222167,0.7583403594065933,0.2272642614892677,0.3519557669385981,0.0522480469277983,0.34303587202650254,0.45809949447216747,0.575269896394559,0.4800956238800343,0.18514052621803911,0.4376765140481803,0.422713020943708,0.6398168915271218,0.3262627781513872,0.4290759809882923,0.06447096963044882,0.7761645258451783,0.3778807492699178,0.35207583880158355,0.6199928134253858
0.3196851277899543,0.49062499185435415,0.12301521091730372,0.5154341486162783,0.5616680681125058,0.43826575079943336,0.5981872422839731,0.32730661431416497,0.47630995915312446,0.5992381439727128,0.0,0.2821452512121396,0.6232272838798654,0.6849951206998741,0.19421594653785715,0.46970016455439095,0.359968474890931,0.47696108421642364,0.19281115914615243,0.5517373656555147,0.4524014295871638,0.555887745220438,0.15753842950645575,0.24349117889762958,0.46112346165276724,0.39193835795539866,0.2907617589319482,0.618439651394287,0.5562684126231655,0.4426059689081651,0.6278379348982751,0.6002251782301214,0.8836692360530412,0.7031509813520064,0.659052527899981,0.7702642891817668,0.4558893348066173,0.385389251987878,0.7657889724973261,0.9469330675277455,0.9258649517034588,0.8700478611423337,0.3445933519340806,0.5038199106962782,0.8322339606041,0.39576481045180617,0.21699105995925227,0.30984004009077354,0.4631300115628668,0.5400062813528299,0.44552258615486906,0.53284969060017,0.2581129224462699,0.3827833232974179,0.6387480335404158,0.5627742254925712,0.3214249885074278,0.8785535863003534,0.22987094337281552,0.29813445321023124,0.3752152374189309,0.3643946392670621,0.33954718534088585,0.44553521843606114,0.4137048610683006,0.19696868242826837,0.4306547251546523,0.33051404963028624,0.6462792138533863,0.32512271203435417,0.4216865382183441,0.044809461950933334,0.9160178890884979,0.37427876063189136,0.6869571213942016,0.6166083851230125
0.12064599547944233,0.29903689581311393,0.3415256110007977,0.26722531097419233,0.2734791360883957,0.2850339952581475,0.24352239838746315,0.29187247251306947,0.3392312697603285,0.33131043263887405,0.2821452512121396,0.0,0.19977794117132272,0.35314963857645554,0.3860052469074478,0.3191227472296524,0.45477294087397374,0.43680602024942816,0.41876536821769283,0.3437711461055243,0.20816365138691093,0.36525647155957724,0.10335530292947503,0.26070140794247904,0.40397654436976504,0.3223697897265205,0.31205985623163446,0.08707430759578919,0.3012899817974231,0.33864871569925836,0.12134307965922314,0.12574016627587514,0.4110941550578462,0.4242653397325756,0.19495437709704616,0.49560581408444093,0.250462606243077,0.3439167056679086,0.22949333034256147,0.2952895613916441,0.5026424039092138,0.3791682411802617,0.15869671146129788,0.2237402798003469,0.32295756717035456,0.07804293113268751,0.3299015336306463,0.4063302279265954,0.12989277654078318,0.18348253981830615,0.11094195210264628,0.1949152244646467,0.12978335853770273,0.3211901205228729,0.40135457695594534,0.18518036287010875,0.18780670870583788,0.3061469165804781,0.4372832611970243,0.2813517426161313,0.4292491485785247,0.31888701149158055,0.10415514131712489,0.3422634636108367,0.2709842959277033,0.09570225761269156,0.29080265638770153,0.43484388173933564,0.3373369801194893,0.3469517464405327,0.13054083959466653,0.32632342249571,0.3168653745438955,0.3284591976319997,0.22467673756943626,0.16589579624120676
0.32276423071509214,0.28044098861033406,0.1056595458006514,0.4033399148927147,0.33726245229618745,0.31079880350329164,0.27383116570299626,0.08586075622470679,0.309196309894208,0.5526175053133512,0.6232272838798654,0.19977794117132272,0.0,0.5409981714621601,0.3924387123349966,0.35563040598075474,0.26798683950499874,0.30552650832487677,0.15670533979145274,0.4541674942226337,0.3269041783619848,0.43210263071595434,0.11057282341271514,0.1731890468290228,0.2833920655664185,0.1736370101847818,0.28752748903094005,0.3938350533790646,0.403326221501484,0.19852032199903422,0.46983999927382514,0.3319053092856653,0.7756394677540893,0.6375572786215233,0.46896621036933256,0.6407646538518702,0.1898959802806816,0.4786623627544614,0.3800281487343742,0.7807513917786886,0.910311538232377,0.6982106894529909,0.23937455854331297,0.39808616383139506,0.5608331556304,0.4006211795839253,0.16067744757464353,0.40135518007857884,0.2396530140345728,0.15855339691536455,0.3922290436827825,0.250641230633069,0.13233797521041657,0.27590457059248413,0.6027740686756156,0.4882093740603872,0.15444306919709025,0.640073840618403,0.10336461407206851,0.2544317894514642,0.3891005150051663,0.18478660478520403,0.32105563336503407,0.40085539887858296,0.3965780043164487,0.05681039798506505,0.3275009451497025,0.36186121850167974,0.5233386534916677,0.2263106900703273,0.28892129034976033,0.04751360409872702,0.8807249369219164,0.3584665496310945,0.26072271860715884,0.5738499619471634
0.3546547436645774,0.3485084536277428,0.1508318565504902,0.45185452919126823,0.587363476534058,0.42227606556903696,0.6162589223803004,0.2542000148449415,0.41969072247126327,0.655121289693751,0.6849951206998741,0.35314963857645554,0.5409981714621601,0.0,0.21861587089487605,0.3847512259911834,0.218477127251263,0.3542378727546866,0.22531328048394092,0.7213215380097947,0.41983038017816166,0.49005307331993253,0.25568057861294735,0.3966153493805311,0.37163057228924795,0.3254679979036895,0.3056926678177939,0.5557587164124441,0.6225293313759221,0.35624380468938044,0.45649250931777907,0.4366585738718469,0.9400881619403291,0.8479381030492639,0.7025071000482468,0.674373765091425,0.3529486592594793,0.5745383326579081,0.5839879620307915,0.8426359223707593,0.9251203053017459,0.7128432784074733,0.3716507976287973,0.5355029438620884,0.78567581560244,0.41620529003653306,0.2291352025068129,0.39550159038607824,0.4372255459532874,0.424284816854838,0.5557775427865806,0.5085621062441638,0.1830547625730664,0.4307088381611468,0.7250606277211183,0.5604310875821314,0.27516771629137743,0.7079087628607429,0.19099531888349294,0.22952256670527466,0.0,0.3711225664516405,0.4270560900199443,0.4719805678386009,0.3394947724841085,0.19671126490283683,0.2563148726964286,0.33680062020192053,0.6800285118602706,0.35882961064759544,0.3709727282568111,0.05569227913371311,0.8308947796952499,0.333808666140103,0.4526807207054099,0.6060936437022834
0.31602851722258196,0.25684797772879275,0.2648352964937061,0.29438459117346477,0.249193671813805,0.26324271254385107,0.38486942608351254,0.21390025928005355,0.30111836459442065,0.2894276009263203,0.19421594653785715,0.3860052469074478,0.3924387123349966,0.21861587089487605,0.0,0.28728395446459043,0.31139055215759337,0.38313986265285005,0.23154223571414909,0.24443078664854923,0.28762879776130423,0.19984939021728762,0.2575548983910443,0.33345100427112134,0.2587012090990617,0.30775984163515535,0.19694101313331264,0.199410552519132,0.3332907455940942,0.232272639679803,0.20951353523461355,0.30132564074606344,0.2081258509071687,0.08482040179346877,0.02475462876210712,0.2260973527072136,0.21820916708042207,0.3102577465568581,0.25676924740650825,0.09415752050171665,0.2214529296848711,0.06187135708960801,0.2690587103602907,0.3577553901968709,0.426936830197268,0.3311285461317248,0.36553574927634014,0.36472421918042275,0.31660932080208926,0.2908439536947688,0.29879559370283354,0.3062414342574141,0.3805093199737525,0.19910699673836757,0.35774111707523504,0.2515317477345681,0.3150431465256702,0.29682403277240366,0.36095558234367836,0.3010304834761588,0.19374845143455527,0.20760078244531152,0.2681946933649969,0.30020104345027154,0.39578210907601524,0.3388997502941308,0.3876545682442307,0.26499988216760484,0.07271495148663265,0.2670068333734632,0.3648199143407542,0.24188941506326264,0.30502311693682505,0.27711905695859135,0.26083877936753663,0.27797761980668106
0.2543856309318724,0.16594773393256598,0.23580964278087552,0.2511839544383102,0.3214809488487925,0.09735797150090239,0.41211406958326263,0.036275195782552526,0.14959555225226584,0.3801799388390703,0.46970016455439095,0.3191227472296524,0.35563040598075474,0.3847512259911834,0.28728395446459043,0.0,0.11333202055042596,0.19584633561632642,0.225563002588172,0.21026100103199036,0.23226273922074828,0.1613862279962407,0.36015700329942646,0.3867880951028546,0.1602361570705919,0.1321705444165562,0.3320824828221189,0.27265285984383125,0.2169797688328025,0.14553838590960838,0.2171897289539915,0.32227351674352417,0.7971982442314673,0.5117931501810047,0.4639424326041403,0.6165496438688838,0.14329054009097184,0.1807994323051305,0.37149987026348114,0.6654434541062606,0.5939780625229474,0.5374914985976387,0.1279409449266983,0.30753299257496497,0.5752960779057515,0.27563302480098406,0.02824033501176343,0.1409852959341989,0.26489221556630255,0.3153732633795406,0.20259944011051273,0.3444019591130805,0.22793800426122227,0.1834255608190152,0.5546293080117697,0.3964440120446256,0.34297785609909065,0.45927113793763247,0.06574440618053752,0.18867652325112141,0.30618912897899536,0.16915525324799313,0.1228060591258345,0.1090877574255305,0.15928873938194912,0.3026963288931368,0.15759494434686452,0.3306637572442202,0.29104791861451396,0.13196526928307684,0.13041646194718,0.33924420313734055,0.450598435625637,0.15855663191673694,0.20236523132213718,0.34293512771585666
0.19906833856388087,0.04253538794615214,0.28526917827058157,0.23003498887952306,0.2533982552654235,0.47316300273474654,0.2441097695282285,0.0451624612532099,0.03738369431006287,0.2069990095131704,0.359968474890931,0.45477294087397374,0.26798683950499874,0.218477127251263,0.31139055215759337,0.11333202055042596,0.0,0.0,0.30794592965928047,0.37092745360317464,0.10736128911744106,0.4271966937689516,0.32764772710846385,0.3481402476065414,0.361063803271054,0.3615476655652688,0.44215680899681187,0.18074998095376785,0.07577956174184075,0.20470365269905708,0.19945607544028052,0.20070600529856827,0.48326389222792476,0.32899760268159645,0.3109087084090535,0.36961196396941415,0.2637492597531076,0.13054713174568683,0.21615138599567488,0.3946779953346603,0.47919171399793575,0.3555006822481411,0.039022203417322085,0.1439060360437803,0.3397135937459654,0.2854479953682335,0.3282655275024814,0.3518543345473297,0.18505471246059113,0.1389813566611403,0.04081288835141561,0.2033487178992654,0.39342222121949005,0.4658724404439223,0.3126089714865588,0.19813075052753235,0.3928368074632918,0.33678989911863494,0.4189280289830625,0.2883832785612473,0.3252640059106821,0.16707476276791647,0.05917770123993651,0.3698359305251929,0.26175763758399706,0.3429495759229861,0.3535767622990185,0.3187523838636779,0.29229936326201805,0.006404663721809985,0.026211504364655566,0.31308071478112004,0.32020857085752413,0.34454061834051025,0.1210742664254144,0.18770716798769185
0.22652898735828195,0.06920926945303668,0.2868316265499738,0.2338965432861695,0.2658529433976177,0.033795975033262524,0.3792499016302552,0.3000165626266736,0.14023146346918872,0.34242613960888446,0.47696108421642364,0.43680602024942816,0.30552650832487677,0.3542378727546866,0.38313986265285005,0.19584633561632642,0.0,0.0,0.3935956306358389,0.17803507992751713,0.07050203651194592,0.17997391616415895,0.29583285683147303,0.3532548360240286,0.1310342090710343,0.048708748758857674,0.36931288207113916,0.2463885437984714,0.1618687530592439,0.26901585647695864,0.21624978344068713,0.2796915174701804,0.5690230822495284,0.31441550380259425,0.3403877690653663,0.44238712671132785,0.15693070917798344,0.10086942118259748,0.333107775876411,0.554255073574594,0.6160869837994531,0.5201968364280781,0.08160028384761707,0.21969836737134985,0.41082306149956693,0.35857178311419424,0.3442020518656074,0.05195631847451922,0.2321171230885865,0.20043798168616073,0.15468739236207468,0.26612217323038895,0.4520368713071213,0.12481410750494316,0.4113469794457961,0.3065706652070814,0.38344811346643043,0.4531288438000159,0.39283201100400983,0.3896097754143952,0.3283692787873552,0.0742700361612067,0.09768565022615863,0.13614503523011084,0.12265403971409673,0.2456222981979938,0.1241214671659486,0.35524431445148047,0.24554481122587174,0.055259764442833544,0.10409971282997671,0.3061931306540305,0.6131186662835151,0.0187881925080651,0.15348195247889845,0.30102306071776214
0.2619749073075983,0.38858641121754023,0.2774220315521724,0.19588867982541444,0.18687676701211248,0.38073385830654094,0.21274322688829403,0.30908602815007175,0.3503587161625888,0.17616708123326538,0.19281115914615243,0.41876536821769283,0.15670533979145274,0.22531328048394092,0.23154223571414909,0.225563002588172,0.30794592965928047,0.3935956306358389,0.0,0.2766682192253512,0.3024397648386086,0.23693444988606782,0.31596911775971565,0.31519149926442724,0.3341496662425467,0.36563555972989775,0.27331194983284635,0.03180621771503967,0.34714677373306063,0.49442330598657647,0.33064647637527494,0.07423004439123769,0.5025485259214167,0.29981465362608317,0.3658211894443675,0.40389536440282003,0.1556641838960374,0.11503626978255828,0.12539052764161904,0.4401970661080449,0.5207079201245494,0.4600600683875741,0.03282602664462958,0.23269913114282753,0.26686769000347305,0.303676650486972,0.23294888859477744,0.35427754737195954,0.12666927313444204,0.14357820791404338,0.32649673613204216,0.1425256806275456,0.3025738077550723,0.38062697393629963,0.31765543030868915,0.07281101590311613,0.3385988790968208,0.3223686461632127,0.3450587831228371,0.20239022880176968,0.39459165665770657,0.3847466017505608,0.29043267414292195,0.3313100324289504,0.2889453182132248,0.32373245362062064,0.25737248759008163,0.27701793494444826,0.13032331708073686,0.2803832283064921,0.2575937406381579,0.26289095981634936,0.4074464038862009,0.23815049090648308,0.2789914878744628,0.1367798497463204
0.2594526752323058,0.15884205304473545,0.28920260715400026,0.437334543177797,0.40530004950819726,0.20137041483885212,0.5780923842943587,0.0,0.2684941542248535,0.45365070336364244,0.5517373656555147,0.3437711461055243,0.4541674942226337,0.7213215380097947,0.24443078664854923,0.21026100103199036,0.37092745360317464,0.17803507992751713,0.2766682192253512,0.0,0.21938879061160443,0.2638132126868138,0.36784639235611005,0.07355667289105067,0.2188421599984952,0.13735288035442927,0.06588826528035426,0.40257310936425544,0.2972947972903759,0.3807290483604747,0.23760253498049141,0.388740735910213,0.8423936232227908,0.6879576938132954,0.7608522818516408,0.8144892150454934,0.3685042366415962,0.2977061287070101,0.5177838015944026,0.7974151055119851,0.812893074120908,0.7166043543630312,0.2141973493634525,0.4816867572219981,0.5941056589007823,0.22900086509063647,0.052375838095850794,0.09238697784580702,0.3438467142889559,0.3754163057774647,0.3920206081805269,0.416264754798813,0.3846157893842326,0.27530427741229063,0.7303938643523543,0.4543169123703188,0.3482630448280465,0.7349315889067443,0.3019862283311639,0.3419514566452582,0.24954778097396207,0.08588133181601898,0.2685081853181627,0.21194655993430922,0.2595337511750928,0.41805595643577226,0.2518764601426474,0.31223603920983506,0.4658367266775951,0.18460643946051958,0.2396190696343063,0.2308121627289279,0.8772229566645519,0.32375855486285726,0.08296730389755677,0.4901711082385858
0.08242341684035136,0.149179111903964,0.3231679926128869,0.26496562251519584,0.37050294814008233,0.12592289329463552,0.38685623756583026,0.24716835722213903,0.13938564090482056,0.5427453888150752,0.4524014295871638,0.20816365138691093,0.3269041783619848,0.41983038017816166,0.28762879776130423,0.23226273922074828,0.10736128911744106,0.07050203651194592,0.3024397648386086,0.21938879061160443,0.0,0.1378000859890531,0.07229624301540506,0.20603410506069428,0.06772398808890709,0.18118957834944147,0.22616570869890693,0.32773812379790773,0.2617553567175864,0.0,0.26838849137136783,0.3575459308563518,0.5916628081745109,0.5777544040401322,0.4723756722263611,0.4586229204293231,0.28814928137562973,0.42178772439475276,0.33722931384696847,0.539520159777626,0.7075247342025565,0.5628018599804956,0.1174741978167525,0.2811532363123923,0.5084215615273732,0.3744982808950786,0.31670179639520685,0.03158347024951766,0.3006701353561271,0.1731506184041085,0.2351842530020376,0.3149401255020464,0.1785351413782915,0.1550924614027185,0.5993312355739031,0.32040457123841193,0.23101184841407668,0.5131886656292669,0.38352442593651137,0.34222910982923926,0.2989942577093945,0.1378527042950996,0.19575409817010386,0.24586769525521104,0.12612974280102185,0.11892904004756494,0.05432698772327505,0.3247987767162115,0.4982613324747809,0.20234136393687974,0.28196043153236533,0.3395471071850595,0.6465531579014383,0.08294600715524052,0.0907105742832102,0.4001174870192412
0.2173375141251441,0.07537191703740487,0.26781909377659785,0.2896102955018067,0.3763161024937829,0.11811812883317202,0.4847485799019672,0.26639398786134605,0.2629285174536644,0.39252011393071895,0.555887745220438,0.36525647155957724,0.43210263071595434,0.49005307331993253,0.19984939021728762,0.1613862279962407,0.4271966937689516,0.17997391616415895,0.23693444988606782,0.2638132126868138,0.1378000859890531,0.0,0.3330745863199184,0.27307374221816744,0.10666277350770566,0.12997914578303887,0.2968510676937035,0.29688488825475023,0.20705794939652516,0.21241931626744834,0.19115884421695156,0.31399530073453763,0.7742430111337294,0.5874685350033427,0.523479541540229,0.6370810610096833,0.1802216944249249,0.2868988773146369,0.5062018264954272,0.7313502007379741,0.8186895702577952,0.6406229502326414,0.11012611018987153,0.3585043412295501,0.4866256730217619,0.20578792675705843,0.2529086794192234,0.0,0.2607765411246836,0.29507828439304595,0.25285730520192073,0.3807130313691949,0.31888458251030927,0.18500748395300504,0.5672402559413078,0.38057235223145974,0.36986646617970226,0.7077044729414196,0.34914275086251806,0.24758056877695497,0.33112256616752445,0.19398250500947764,0.1352759202599772,0.06832837499700184,0.23370816018284526,0.3431851481116745,0.17994222195004375,0.28999614427414666,0.34305552192714767,0.0475713540218433,0.17448428746083994,0.2991497386888913,0.6877845304449034,0.15513139836331208,0.17866992770137483,0.4119679228105298
0.23890632929112962,0.40188764167169444,0.3169952959909378,0.2527064491568712,0.16638743185182445,0.3612595984370411,0.2842452543100073,0.15946116465363291,0.4079448376461534,0.27413525530351884,0.15753842950645575,0.10335530292947503,0.11057282341271514,0.25568057861294735,0.2575548983910443,0.36015700329942646,0.32764772710846385,0.29583285683147303,0.31596911775971565,0.36784639235611005,0.07229624301540506,0.3330745863199184,0.0,0.2682060599297689,0.39519394877474334,0.3222379611090858,0.26434027617258055,0.037489923287136545,0.3481810852708837,0.23248138567546248,0.3013446015785557,0.1866360433042853,0.48868488719014636,0.5146822009334204,0.4150535015387195,0.4522755836716225,0.195374591942059,0.3865081811324543,0.2500803843802196,0.40822958108865276,0.6712737832225346,0.5847431148683027,0.007430089890519058,0.3150800898058912,0.3012749570526014,0.35136294500642445,0.23134336329430374,0.48233978141404876,0.14957476748929716,0.07994070620920306,0.09145718372770385,0.20743568771117718,0.4273965132773947,0.40151202435925687,0.487086674433508,0.10722344312564597,0.311332451742369,0.37822650680221254,0.42142940118150035,0.2710361204597059,0.38578146121698625,0.36762240839913296,0.07849232770120523,0.40452461310817756,0.17475990166007335,0.27213894800233984,0.2560565950939776,0.3704128739088583,0.45654366337861724,0.3161376628067715,0.08550929545503419,0.3019421463720873,0.43827621496344715,0.23613951217830131,0.22076955020157252,0.032874749837734835
0.1640760387017452,0.34729993087607247,0.31551081838928924,0.26823388650046565,0.22767513658310137,0.17547483862896204,0.23686386384203575,0.3149479522439531,0.08286919699369177,0.25735990469010595,0.24349117889762958,0.26070140794247904,0.1731890468290228,0.3966153493805311,0.33345100427112134,0.3867880951028546,0.3481402476065414,0.3532548360240286,0.31519149926442724,0.07355667289105067,0.20603410506069428,0.27307374221816744,0.2682060599297689,0.0,0.38384562544575784,0.0873545196141482,0.3195960878732578,0.14014101719022914,0.09652786905142374,0.4349409577143002,0.1721700328538643,0.26260716777814674,0.5214716374227544,0.5548326279898634,0.4578428545543316,0.4731003621645873,0.2689573535113854,0.5808947329091441,0.2820030316345972,0.4543332155101194,0.563505487835214,0.48032035898363684,0.1813202024437036,0.27828926645844865,0.2885130001474214,0.1431142303684797,0.2919627245055559,0.05989617279988493,0.23069405135783308,0.13194362760324585,0.21910706799015137,0.2977795311439166,0.17536495547167333,0.10047229505260094,0.4202406562146204,0.09848260980473086,0.18764319977250754,0.37291745698768886,0.42751682152293863,0.26693702979456413,0.39681662793180006,0.2994287920108587,0.21209436563909195,0.0,0.3105140693007855,0.06654886778250989,0.3019650916092903,0.37122943726063495,0.4528886868928018,0.13060262075787862,0.23122038499157416,0.32116279527919667,0.4148627132398792,0.06997541904753703,0.29673210198740624,0.2579685259091021
0.2329772096037299,0.001242749791221312,0.3313956763082221,0.19911561766296146,0.281358145243334,0.07329035081246979,0.30722973585628505,0.3484430979942747,0.21243297694332955,0.3672970883584883,0.46112346165276724,0.40397654436976504,0.2833920655664185,0.37163057228924795,0.2587012090990617,0.1602361570705919,0.361063803271054,0.1310342090710343,0.3341496662425467,0.2188421599984952,0.06772398808890709,0.10666277350770566,0.39519394877474334,0.38384562544575784,0.0,0.020852337837108784,0.4243397850956503,0.2244001144821293,0.17512856744043892,0.0,0.12622950215332165,0.1964281662547677,0.5794043180812508,0.3717682901170934,0.3843622740040434,0.5252135816371349,0.1423547761019772,0.21096040396778945,0.3969468977947091,0.5111498132241393,0.7269012444226017,0.6131476014046037,0.09191465372399214,0.21129021217264854,0.4986946874084827,0.2544555934292725,0.2703116390667026,0.0,0.2662308342560532,0.22231418619132062,0.1784249820807277,0.30142531065895245,0.4141272373529084,0.040569757005370195,0.41762523500461984,0.27203422906049807,0.3512022155461958,0.4772323893717418,0.5261818763384257,0.4354886218449773,0.4203472115386309,0.003507917560762777,0.10396672588207756,0.018586925717069016,0.12587854422977876,0.40664672055544027,0.10003556133742637,0.42196678246996616,0.292701805404873,0.08129552433402079,0.09493207849254544,0.2907408206646464,0.537791523965164,0.0,0.07613060470063326,0.2635868382594675
0.25371298819195454,0.0,0.2862572269872616,0.2534078479447096,0.19393539239432944,0.10366776605516474,0.28969854512924154,0.15974932139380632,0.13134608323857938,0.36103463977710387,0.39193835795539866,0.3223697897265205,0.1736370101847818,0.3254679979036895,0.30775984163515535,0.1321705444165562,0.3615476655652688,0.048708748758857674,0.36563555972989775,0.13735288035442927,0.18118957834944147,0.12997914578303887,0.3222379611090858,0.0873545196141482,0.020852337837108784,0.0,0.2889455850822342,0.21603027899277363,0.0807475845423991,0.3004665311513081,0.19003372160935564,0.29404930173702964,0.48697901526486337,0.4119102003698318,0.31502473086483707,0.4519433398945043,0.14652381236344034,0.2804411337234337,0.25411651837430127,0.4651774551181883,0.6831045907363469,0.5546525846110802,0.0640952144389238,0.24712068764941186,0.3871224929574625,0.3687368098372342,0.2770153277150296,0.14044699807320174,0.14892946218795303,0.12104436772009002,0.21328450917879477,0.2952543880785882,0.009140975326641227,0.06872661262125442,0.33538011508111404,0.22530898167093458,0.040841392609480116,0.42932513798194194,0.48523284150669643,0.23967703549301067,0.3251084936522852,0.3169504218170452,0.0946971674483317,0.07045743144473747,0.04429987828922784,0.28130328492886136,0.0,0.34486860521848506,0.4536078266003205,0.007022536081027342,0.17270418232335213,0.29363082406313556,0.5281516627522227,0.01836839335320517,0.26929907282515697,0.32240727866239427
0.29441765659196384,0.3847032913723208,0.31468394452339277,0.3744935761746866,0.24272700774876746,0.4035072106741518,0.304514374687342,0.2825617703391052,0.05718349333061566,0.39643971604314276,0.2907617589319482,0.31205985623163446,0.28752748903094005,0.3056926678177939,0.19694101313331264,0.3320824828221189,0.44215680899681187,0.36931288207113916,0.27331194983284635,0.06588826528035426,0.22616570869890693,0.2968510676937035,0.26434027617258055,0.3195960878732578,0.4243397850956503,0.2889455850822342,0.0,0.15292153327456232,0.05349474494383572,0.2809725647744916,0.3156066143235567,0.1465231082168381,0.7184605512784852,0.5303960496173431,0.47991452635806836,0.5280431810797831,0.1427999170932681,0.22154351784284687,0.29787156567768547,0.5845583200223048,0.8183784847878665,0.6502179076276801,0.07655215553039889,0.36113310401335186,0.4308702999245154,0.3645777185111153,0.2764791311441085,0.3435476143667758,0.21545319787728728,0.18901927248374892,0.1430995977228056,0.24307175248605184,0.3932002829040683,0.10389266177992651,0.3588434253394094,0.12840666372696502,0.2651176189132261,0.5083384801487342,0.342992003460106,0.1907051630084686,0.18955357677182003,0.2366254505929584,0.05459953762865134,0.2904759748039085,0.09035478902661875,0.26067556121035906,0.30981822207585863,0.2567857330061866,0.3486702252300274,0.2790044284640636,0.059900595425233155,0.25920135378288456,0.7382591437744992,0.0659212177342034,0.389701211318963,0.2684619328958278
0.2803753538176914,0.2068321895426638,0.32279312997253085,0.4204607571058157,0.3761237358319871,0.25887275469817134,0.43371549831714074,0.19699740067716165,0.26512777515902103,0.49437772469615904,0.618439651394287,0.08707430759578919,0.3938350533790646,0.5557587164124441,0.199410552519132,0.27265285984383125,0.18074998095376785,0.2463885437984714,0.03180621771503967,0.40257310936425544,0.32773812379790773,0.29688488825475023,0.037489923287136545,0.14014101719022914,0.2244001144821293,0.21603027899277363,0.15292153327456232,0.0,0.41188374235903275,0.1180366839284605,0.34607129253340374,0.42088657274100755,0.8470047959980492,0.6321841392117783,0.5526519908418989,0.665141388774857,0.25301337579915256,0.4991658874689429,0.4335351854443107,0.7648063697668512,0.9670842427553814,0.7612671448525999,0.27274549581111807,0.40589211331311736,0.6330867545190502,0.34461386887424356,0.1153337018104,0.22558904859975643,0.2702823880091789,0.34264169284578916,0.414372902498157,0.38595028551561583,0.09860854915190306,0.2406944576200105,0.664539586679517,0.472007894842863,0.09384951424767894,0.6819103864497342,0.13866801629894063,0.26003445135570963,0.4505939898176579,0.1133651830370889,0.28749358705980466,0.3316005309648918,0.2997500740129457,0.031166415537571324,0.25526756289444474,0.2989330677018183,0.5066537262481804,0.19482066827749453,0.3060897986895796,0.3241850625518391,0.7887496640191285,0.24891237336629235,0.2016888297105957,0.4810949081714178
0.2888548458747127,0.12808692117812423,0.3038078954710984,0.4953935592995068,0.414755616732666,0.1736554738889663,0.4672481563996864,0.0,0.20177019236272875,0.46672217810532957,0.5562684126231655,0.3012899817974231,0.403326221501484,0.6225293313759221,0.3332907455940942,0.2169797688328025,0.07577956174184075,0.1618687530592439,0.34714677373306063,0.2972947972903759,0.2617553567175864,0.20705794939652516,0.3481810852708837,0.09652786905142374,0.17512856744043892,0.0807475845423991,0.05349474494383572,0.41188374235903275,0.0,0.2734443539883476,0.22891474568466608,0.43107588252597884,0.8099875353072142,0.8317919255936074,0.6337077031832887,0.7939362917678433,0.2639465891338137,0.32140543249336073,0.5932584722373735,0.8630846842729067,1.0000000000000002,0.8954956280737051,0.29640449436823996,0.4440512561066296,0.5712171388527721,0.3169417170305779,0.09959346178763334,0.08283055064176395,0.31417348583907795,0.29068505871589395,0.23589846070350629,0.40338829668872206,0.02248654276348902,0.24686147889586066,0.6851371854433814,0.3801553283919119,0.30526142996094385,0.7008368949804502,0.0,0.2525005262604855,0.2455502803778771,0.0699557438245944,0.20752686731459055,0.18218446182698872,0.24824294106102848,0.3230180363201933,0.1924608375560059,0.33389069535383253,0.6338245695943256,0.1527524000875304,0.24101686688841972,0.18857594585013168,0.9155746044141533,0.18808101812301647,0.12727779412710488,0.538631393253103
0.2498798204100543,0.47665057729631377,0.22627955918114268,0.39258352324127477,0.2710469855104429,0.3607122214759484,0.31977319847507624,0.027265252064614345,0.0,0.47025832641013077,0.4426059689081651,0.33864871569925836,0.19852032199903422,0.35624380468938044,0.232272639679803,0.14553838590960838,0.20470365269905708,0.26901585647695864,0.49442330598657647,0.3807290483604747,0.0,0.21241931626744834,0.23248138567546248,0.4349409577143002,0.0,0.3004665311513081,0.2809725647744916,0.1180366839284605,0.2734443539883476,0.0,0.0538518991886491,0.31542016051726696,0.5541643902078227,0.382997796600802,0.3937194659135762,0.6827784576666158,0.1964065878853282,0.24339643285805182,0.3323125013764955,0.461753410763545,0.7063724296456172,0.5837261029734514,0.022858337829417572,0.2258329758602457,0.6209472745680366,0.4098580287363298,0.22963245089694412,0.2844763599914375,0.1233266131934117,0.2600270107866154,0.18925054684148127,0.2774823650477679,0.24705535632211623,0.3485373899720826,0.6638950427017254,0.2540896175131254,0.40039898365265963,0.49118117156995844,0.338206652739673,0.29497081874094,0.500968545881888,0.3243972550076157,0.08496575916259351,0.45564828614475217,0.38603425855277407,0.2987486113750233,0.19707172118536803,0.4915533543959084,0.5246609678237356,0.35875333377343765,0.030254045727149598,0.23933522715708527,0.8535167895703495,0.5035857956490946,0.2532183956583945,0.1470504599853486
0.26325344404338435,0.10371176431562901,0.3011290077625992,0.3512340914803598,0.43144964476738157,0.21085981300588597,0.5392865615396777,0.1799307882231274,0.28083209023878014,0.5652354561658436,0.6278379348982751,0.12134307965922314,0.46983999927382514,0.45649250931777907,0.20951353523461355,0.2171897289539915,0.19945607544028052,0.21624978344068713,0.33064647637527494,0.23760253498049141,0.26838849137136783,0.19115884421695156,0.3013446015785557,0.1721700328538643,0.12622950215332165,0.19003372160935564,0.3156066143235567,0.34607129253340374,0.22891474568466608,0.0538518991886491,0.0,0.414479570063431,0.7469985165936504,0.564132894305448,0.5339910636854416,0.6640648951152525,0.2673949251051115,0.3259299189460673,0.531742555896982,0.5803039158154276,0.8337858338045941,0.7765002585260713,0.19551682471633072,0.3471520832878969,0.661959840503764,0.4599956261676249,0.2994841954878099,0.08427343181992003,0.36715712275720863,0.4200927897836117,0.25560493379331306,0.5018316605086347,0.36632223383817814,0.1963786611273476,0.6188012996170099,0.37337266186230295,0.10384226521800485,0.6464737105872814,0.05060289219749513,0.3052861700411712,0.38183848992706637,0.051928689598292374,0.2104394881260644,0.1354101053657775,0.08437376421698647,0.4007149594413751,0.09613382389850779,0.3517611915252645,0.4984887252480629,0.1942551828532675,0.3631241409713678,0.38218900293552716,0.838592381302612,0.03404461840807425,0.07410322160408622,0.40601632481669137
0.00993544988344849,0.21625843215984344,0.13947650555242497,0.37046524759816885,0.37015407243748066,0.2147633737045235,0.33158786609850693,0.22052597508617441,0.304455814624353,0.5265597687792403,0.6002251782301214,0.12574016627587514,0.3319053092856653,0.4366585738718469,0.30132564074606344,0.32227351674352417,0.20070600529856827,0.2796915174701804,0.07423004439123769,0.388740735910213,0.3575459308563518,0.31399530073453763,0.1866360433042853,0.26260716777814674,0.1964281662547677,0.29404930173702964,0.1465231082168381,0.42088657274100755,0.43107588252597884,0.31542016051726696,0.414479570063431,0.0,0.6934517968115566,0.527535670196441,0.4099702015378812,0.5318038343660189,0.18512532724940464,0.4140264813319232,0.445560254561313,0.6021699787350132,0.734151369053424,0.5958337622322022,0.18508645988764377,0.31916618725781765,0.3944146337872364,0.3920296775198121,0.14104172563329379,0.35877791180956964,0.2673845592499735,0.2722462815804091,0.313230717080582,0.3073094429516988,0.20159378654067622,0.17550495455916293,0.6149806301455735,0.4288232842694743,0.22732207816902822,0.45035332345916645,0.06874820765969103,0.2879459329361497,0.36009996907539116,0.249712191104569,0.24685778819196652,0.324189665613966,0.28649565753845013,0.14097510584594775,0.20701596052227442,0.0027229446741384514,0.5876701202034199,0.26219347449407154,0.3170885335604171,0.27255515601382896,0.621674348568664,0.2727068297346909,0.22237983288126065,0.405285837023395
0.11023623892002313,0.5427452089014103,0.32986681759084313,0.6729213908698795,0.7200187687146459,0.6492037401627424,0.701492079679679,0.4286847118299342,0.5407886790385024,0.760202453495484,0.8836692360530412,0.4110941550578462,0.7756394677540893,0.9400881619403291,0.2081258509071687,0.7971982442314673,0.48326389222792476,0.5690230822495284,0.5025485259214167,0.8423936232227908,0.5916628081745109,0.7742430111337294,0.48868488719014636,0.5214716374227544,0.5794043180812508,0.48697901526486337,0.7184605512784852,0.8470047959980492,0.8099875353072142,0.5541643902078227,0.7469985165936504,0.6934517968115566,0.0,0.785482160551166,0.863829788240533,0.9676746148724771,0.4989119617011746,0.5717695049495156,0.7308988728802004,0.9485175365088606,1.0,1.0,0.5842412288292114,0.6782123113616343,0.6235837894797768,0.030057765320630554,0.4757129015607464,0.7740411707255477,0.5776381984856819,0.4653551110782653,0.7473999615434468,0.6915222148491595,0.44569658998068123,0.6871146936351801,0.8567189033298177,0.7648219868862832,0.3685353823130021,0.9740671337346721,0.3839834151228546,0.2730473824478471,0.2425928885306619,0.43412802289967967,0.5745949477733567,0.7084815363136938,0.7754134627939407,0.4489756848932334,0.7351777044282416,0.3411660284281284,0.9474464132736541,0.6821938744970432,0.6268105831443662,0.4062824515203745,1.0,0.6918097526240536,0.4832163234971436,0.9046674703636388
0.11660850523353529,0.42206630117921434,0.1988599670248413,0.5096610322417371,0.5843141187965124,0.6364586793203317,0.6163076526213677,0.41618494513088394,0.5138044419137391,0.7497143968653663,0.7031509813520064,0.4242653397325756,0.6375572786215233,0.8479381030492639,0.08482040179346877,0.5117931501810047,0.32899760268159645,0.31441550380259425,0.29981465362608317,0.6879576938132954,0.5777544040401322,0.5874685350033427,0.5146822009334204,0.5548326279898634,0.3717682901170934,0.4119102003698318,0.5303960496173431,0.6321841392117783,0.8317919255936074,0.382997796600802,0.564132894305448,0.527535670196441,0.785482160551166,0.0,0.6977725738701874,0.7131815980146373,0.49197503294189115,0.5150590679687321,0.5791234814452888,0.7936039814096999,0.9178977866652925,0.7526718278458976,0.4628974093530563,0.5949582193133456,0.487662678457481,0.1737678340483953,0.34922531213521163,0.5479912299276497,0.48829438654758167,0.4369925593657573,0.6709813959115513,0.6071081030049138,0.30828881750520615,0.553141217301318,0.7470025266142335,0.530842745495223,0.3347702886658598,0.7875586121073564,0.24252806243133712,0.1596837715428393,0.09167375045029115,0.2927987668931379,0.5024947818194494,0.4890718056497376,0.4596966545855869,0.33452441994886034,0.42398349133892405,0.22007035190305738,0.8607914764761805,0.5353525911001077,0.5641824627284576,0.22339375556937555,0.9999999999999998,0.6076575708728077,0.6374739145970675,0.6615202895602805
0.07486036039600424,0.378286694970922,0.19804250322760758,0.44292795766871257,0.45041637069889207,0.5699941152953368,0.42172026782331323,0.39512905230633466,0.4453333524621264,0.5573146420923042,0.659052527899981,0.19495437709704616,0.46896621036933256,0.7025071000482468,0.02475462876210712,0.4639424326041403,0.3109087084090535,0.3403877690653663,0.3658211894443675,0.7608522818516408,0.4723756722263611,0.523479541540229,0.4150535015387195,0.4578428545543316,0.3843622740040434,0.31502473086483707,0.47991452635806836,0.5526519908418989,0.6337077031832887,0.3937194659135762,0.5339910636854416,0.4099702015378812,0.863829788240533,0.6977725738701874,0.0,0.6903696889900783,0.3065171850867411,0.4204922524304568,0.6179887407137347,0.7286352322792593,0.9121340146925913,0.7048645880759687,0.3782957616771472,0.45883971056443346,0.45049502768975197,0.15146127564736017,0.31179618918829344,0.5730074191557727,0.4189169729601345,0.2598014903579297,0.5872213269938867,0.5246133430157033,0.2679942168755793,0.49126493726354004,0.6336207215615873,0.48303387915946766,0.208354111767152,0.7728362123828436,0.22088517493923346,0.0642608696369738,0.08421669887518356,0.3106692111980114,0.3499437494853303,0.46726134119156815,0.4849244391931391,0.20664704453738075,0.3626422489953762,0.17770292897493226,0.6827015617055897,0.44448396582132804,0.4841074752272362,0.21784401945681425,0.7926921225003242,0.6254729521713981,0.4200453524135087,0.6145967917533446
0.31691405375742526,0.5487763480715327,0.24834435218257825,0.6085987657592229,0.6662687330406124,0.5062958332672552,0.6226365571563087,0.40894012406168373,0.5267563494320245,0.762749196289515,0.7702642891817668,0.49560581408444093,0.6407646538518702,0.674373765091425,0.2260973527072136,0.6165496438688838,0.36961196396941415,0.44238712671132785,0.40389536440282003,0.8144892150454934,0.4586229204293231,0.6370810610096833,0.4522755836716225,0.4731003621645873,0.5252135816371349,0.4519433398945043,0.5280431810797831,0.665141388774857,0.7939362917678433,0.6827784576666158,0.6640648951152525,0.5318038343660189,0.9676746148724771,0.7131815980146373,0.6903696889900783,0.0,0.5537548079686624,0.6056948216366194,0.6674543324093013,0.8765736615927022,0.9998966520948809,0.7800730643906729,0.40981001547322216,0.4971590151235393,0.6710541725524717,0.43674632226689897,0.3069424523151317,0.5372709034127011,0.30809157411170907,0.4400403857612224,0.6603270077346033,0.5339031977372701,0.31758127772716666,0.4594645120868268,0.8868536172277747,0.7055206796901728,0.39265885004458617,0.8065171359755506,0.23099389614284876,0.08825414763527917,0.19514970248719002,0.46234263466220205,0.5383652008687583,0.6293605373793066,0.544689869758854,0.3307841464969315,0.48449703671248856,0.1513755649234769,0.6955790352549526,0.5206509705803178,0.4945012877833978,0.2430740442199126,1.0000000000000002,0.5256262354951655,0.4724296250028727,0.6628443443450113
0.29695627198120456,0.16773611323924048,0.3279676436142281,0.20582517847720247,0.3094702479220068,0.13306643529157874,0.3576938132257499,0.2539906211239003,0.22509971209488103,0.3502683640545122,0.4558893348066173,0.250462606243077,0.1898959802806816,0.3529486592594793,0.21820916708042207,0.14329054009097184,0.2637492597531076,0.15693070917798344,0.1556641838960374,0.3685042366415962,0.28814928137562973,0.1802216944249249,0.195374591942059,0.2689573535113854,0.1423547761019772,0.14652381236344034,0.1427999170932681,0.25301337579915256,0.2639465891338137,0.1964065878853282,0.2673949251051115,0.18512532724940464,0.4989119617011746,0.49197503294189115,0.3065171850867411,0.5537548079686624,0.0,0.4290267046705707,0.2550666110843321,0.4300126202320179,0.6221514652230433,0.27883604435728676,0.1651394570745864,0.1315223467058429,0.4551774146867769,0.42477968120669307,0.0958862739138309,0.1877289979318586,0.08130260167895738,0.1472882997902752,0.25672164635169037,0.2069104401993368,0.13988763373371285,0.16631320092442836,0.48198343131796156,0.39860949353695013,0.18902523662773246,0.3489303145658395,0.0,0.3280275379012004,0.48273649890759296,0.1783172776024176,0.19455198835402215,0.2995091484874226,0.1897940615394456,0.037756956601921604,0.09816986854407624,0.4314802022066541,0.5803973628329789,0.1886194756927945,0.20787775678037543,0.3076615282930452,0.39424872582512394,0.21689194699834027,0.14999714878731968,0.33519949717603525
0.18361860483494544,0.20854518395749952,0.11133365720916592,0.41465495903469274,0.36426038028667485,0.33175532764630816,0.48382425850048555,0.2506323079511507,0.2798905364696345,0.4148960525025383,0.385389251987878,0.3439167056679086,0.4786623627544614,0.5745383326579081,0.3102577465568581,0.1807994323051305,0.13054713174568683,0.10086942118259748,0.11503626978255828,0.2977061287070101,0.42178772439475276,0.2868988773146369,0.3865081811324543,0.5808947329091441,0.21096040396778945,0.2804411337234337,0.22154351784284687,0.4991658874689429,0.32140543249336073,0.24339643285805182,0.3259299189460673,0.4140264813319232,0.5717695049495156,0.5150590679687321,0.4204922524304568,0.6056948216366194,0.4290267046705707,0.0,0.48763716367132226,0.5086586089909841,0.6885479058968549,0.5078984317437176,0.37998252001069144,0.4090044586203494,0.40543534729924946,0.10198891024624876,0.16841747879275562,0.2007290653311675,0.32061355480858156,0.3339202614653962,0.46945161477251685,0.3966037423478361,0.16480697950471496,0.3690249736528491,0.4788241540718575,0.33832879323000825,0.23197234677471312,0.5178645229887954,0.2947568043674891,0.30241916026385646,0.08919412173497518,0.1059234822418387,0.30537821641836466,0.26714654436832824,0.25723318639983433,0.1565144584712821,0.18583252152982657,0.08170006943453893,0.6728784006580721,0.375140776989898,0.3912028039900245,0.37210536835979857,0.6148992364997727,0.4031380695346956,0.24903494987852062,0.4626687109172319
0.022031585914108046,0.34030025227075605,0.17295230318952348,0.4071685125712751,0.42718266459268506,0.3814193031508397,0.42534100308897516,0.22886771783629611,0.3464739511719733,0.5141353792522848,0.7657889724973261,0.22949333034256147,0.3800281487343742,0.5839879620307915,0.25676924740650825,0.37149987026348114,0.21615138599567488,0.333107775876411,0.12539052764161904,0.5177838015944026,0.33722931384696847,0.5062018264954272,0.2500803843802196,0.2820030316345972,0.3969468977947091,0.25411651837430127,0.29787156567768547,0.4335351854443107,0.5932584722373735,0.3323125013764955,0.531742555896982,0.445560254561313,0.7308988728802004,0.5791234814452888,0.6179887407137347,0.6674543324093013,0.2550666110843321,0.48763716367132226,0.0,0.6843476328729882,0.8658703140477644,0.6391945820778515,0.22717897145967095,0.40795271472745603,0.6463700697369689,0.4103879312564839,0.1328467959538202,0.29808602516891913,0.30919407352160844,0.30652988390681185,0.4576836995558865,0.36849281647935134,0.27354123065356983,0.3223000971441241,0.6420208620707591,0.486718129548167,0.2504258101318668,0.654844845108084,0.10803322801459907,0.289993359813156,0.008220163467653103,0.2879922849155294,0.3834340717192263,0.4000678302604495,0.38850232933784523,0.18512722892746863,0.35129056548534054,0.03372601390935382,0.6983891662880068,0.3392220825477276,0.4296047658455044,0.029062781869080984,0.8411948725188152,0.45469646423689947,0.3704840228155512,0.5664509292549087
0.3695822343647673,0.5003754964948501,0.2799004121087209,0.5983527330478152,0.6613931302626574,0.6766652919687411,0.7996073170134452,0.3275694509620782,0.5741723132476612,0.7248286430431609,0.9469330675277455,0.2952895613916441,0.7807513917786886,0.8426359223707593,0.09415752050171665,0.6654434541062606,0.3946779953346603,0.554255073574594,0.4401970661080449,0.7974151055119851,0.539520159777626,0.7313502007379741,0.40822958108865276,0.4543332155101194,0.5111498132241393,0.4651774551181883,0.5845583200223048,0.7648063697668512,0.8630846842729067,0.461753410763545,0.5803039158154276,0.6021699787350132,0.9485175365088606,0.7936039814096999,0.7286352322792593,0.8765736615927022,0.4300126202320179,0.5086586089909841,0.6843476328729882,0.0,0.9999999999999999,0.973767464588992,0.44308261170421137,0.6401274726561661,0.699118476769547,0.46734656952558684,0.4448737237938124,0.6261993627173308,0.5025937286143071,0.5224808828252941,0.6567182425199983,0.6473212356967234,0.3156015638145462,0.596418002138167,0.7836847709990743,0.6924192165504618,0.36658845351583613,0.9303642107428176,0.23762476895622797,0.18609590237938134,0.23566141257392867,0.3760173029112258,0.5628209846309501,0.6512764237024045,0.7020213997178093,0.3459181545651751,0.5691885979043101,0.25227344143570885,0.7993971459061132,0.519348688761183,0.5005363096834986,0.2907412442187604,1.0,0.5983023847365514,0.4909501788855067,0.705217080086992
0.16180261410628488,0.6641004210177104,0.32196644853512835,0.6429297803071482,0.8316862691239073,0.8753784834113996,0.8614109514336437,0.4620640209440747,0.738418651226323,0.8688719686826195,0.9258649517034588,0.5026424039092138,0.910311538232377,0.9251203053017459,0.2214529296848711,0.5939780625229474,0.47919171399793575,0.6160869837994531,0.5207079201245494,0.812893074120908,0.7075247342025565,0.8186895702577952,0.6712737832225346,0.563505487835214,0.7269012444226017,0.6831045907363469,0.8183784847878665,0.9670842427553814,1.0000000000000002,0.7063724296456172,0.8337858338045941,0.734151369053424,1.0,0.9178977866652925,0.9121340146925913,0.9998966520948809,0.6221514652230433,0.6885479058968549,0.8658703140477644,0.9999999999999999,0.0,0.9567922901611291,0.6619467535367884,0.8456322406515497,0.7140489608252121,0.17604445919674816,0.5792202670939833,0.6794730119919875,0.6526642139807712,0.6401536751087513,0.8605847702108617,0.8181417547612029,0.4340479608581626,0.7446325387102718,0.854948157492111,0.8485447411676573,0.46109082547996383,0.9999999999999999,0.480104747224898,0.24075566034382614,0.28333314830581563,0.5859428160486337,0.7267313183741421,0.8272363897558682,0.6408036562012647,0.49112257709338847,0.6355710018309628,0.40229828914000015,0.873174069426113,0.8218956843262406,0.7972090811865853,0.4436625624017203,1.0,0.8437566491035018,0.697913627637124,0.9746228174302031
0.10026410126724805,0.5603836743221299,0.4084571292028354,0.4829980000284685,0.6528280857011071,0.7638065691895144,0.603686794568572,0.3871805815776881,0.5853914132246573,0.6819095330905125,0.8700478611423337,0.3791682411802617,0.6982106894529909,0.7128432784074733,0.06187135708960801,0.5374914985976387,0.3555006822481411,0.5201968364280781,0.4600600683875741,0.7166043543630312,0.5628018599804956,0.6406229502326414,0.5847431148683027,0.48032035898363684,0.6131476014046037,0.5546525846110802,0.6502179076276801,0.7612671448525999,0.8954956280737051,0.5837261029734514,0.7765002585260713,0.5958337622322022,1.0,0.7526718278458976,0.7048645880759687,0.7800730643906729,0.27883604435728676,0.5078984317437176,0.6391945820778515,0.973767464588992,0.9567922901611291,0.0,0.4854823577174101,0.6345989474107598,0.6326336819996532,0.09200773529141086,0.53376768551724,0.5790711397898031,0.5081786297045725,0.5174305467201987,0.7039047692451502,0.6900721794792589,0.41537220847930106,0.5726711620850105,0.6524149924048988,0.7513469242560963,0.35207161224379174,0.7875400175556292,0.27580135630845715,0.16907619972503837,0.2466274439581772,0.4776340109687611,0.49785416951630396,0.6378171296872601,0.718808238505833,0.35610499468958257,0.6183164335209197,0.33794905106199247,0.7488190770863044,0.6216928608165689,0.5380365369432133,0.37261348478105655,0.9286796764110855,0.7138913391549824,0.5491256977814093,0.8071177015496132
0.2696051602695478,0.09568221449182295,0.35826791914493084,0.3011091902648691,0.3056203608393193,0.17357581612239426,0.26361278103035296,0.0765090299644325,0.18660862503591996,0.37012394351987116,0.3445933519340806,0.15869671146129788,0.23937455854331297,0.3716507976287973,0.2690587103602907,0.1279409449266983,0.039022203417322085,0.08160028384761707,0.03282602664462958,0.2141973493634525,0.1174741978167525,0.11012611018987153,0.007430089890519058,0.1813202024437036,0.09191465372399214,0.0640952144389238,0.07655215553039889,0.27274549581111807,0.29640449436823996,0.022858337829417572,0.19551682471633072,0.18508645988764377,0.5842412288292114,0.4628974093530563,0.3782957616771472,0.40981001547322216,0.1651394570745864,0.37998252001069144,0.22717897145967095,0.44308261170421137,0.6619467535367884,0.4854823577174101,0.0,0.2924609287524024,0.4057608706243835,0.4017153862861906,0.09751848098297461,0.12095218152108225,0.2614619837782091,0.19989907640677024,0.25135621438919037,0.16867026520844575,0.06652242087386383,0.14019776555166324,0.36843073707638235,0.3433720257933736,0.019591539079750586,0.40204534559115734,0.11948921823987996,0.2905877235451415,0.40675264249603527,0.07462022810806229,0.21301376095610577,0.21099448097739587,0.11793089321347518,0.3800477456358806,0.09001160086947811,0.3899065745516326,0.5483921896799643,0.1206235432578725,0.12534299739371207,0.31001646764456,0.4431123722123408,0.17765689943646484,0.19340605236829456,0.2970535620351376
0.03422491186616132,0.22983183880790545,0.07614905621192926,0.315788405291347,0.3380770347164394,0.28027926062202885,0.3813631565882382,0.21215625936627988,0.2668574741197773,0.34312599081415834,0.5038199106962782,0.2237402798003469,0.39808616383139506,0.5355029438620884,0.3577553901968709,0.30753299257496497,0.1439060360437803,0.21969836737134985,0.23269913114282753,0.4816867572219981,0.2811532363123923,0.3585043412295501,0.3150800898058912,0.27828926645844865,0.21129021217264854,0.24712068764941186,0.36113310401335186,0.40589211331311736,0.4440512561066296,0.2258329758602457,0.3471520832878969,0.31916618725781765,0.6782123113616343,0.5949582193133456,0.45883971056443346,0.4971590151235393,0.1315223467058429,0.4090044586203494,0.40795271472745603,0.6401274726561661,0.8456322406515497,0.6345989474107598,0.2924609287524024,0.0,0.5495972521514306,0.444730322627624,0.22589414476945952,0.3833304206388929,0.18814308282698544,0.2107826764948562,0.30198881207004724,0.31433671261843393,0.20633566969786135,0.27172455064498885,0.5917327802790883,0.40737105496181814,0.18940183964043145,0.5214601924141902,0.11171946979708133,0.026565267111280884,0.05847724178518819,0.214307837304828,0.2946686171394039,0.3306933088489015,0.30860077322990137,0.18843987359644337,0.23638163402021523,0.13503240778864217,0.6474260627612763,0.28962076257595454,0.2552457869934815,0.08369264801314556,0.6312886541138215,0.2729260614865402,0.21751185733391407,0.5105121195262677
0.10137715729007189,0.4912539201503322,0.11169708648338929,0.49228810812049345,0.6027031029667222,0.4012093150692621,0.6952028712817386,0.2774282800076053,0.4591724707666572,0.5912143048453209,0.8322339606041,0.32295756717035456,0.5608331556304,0.78567581560244,0.426936830197268,0.5752960779057515,0.3397135937459654,0.41082306149956693,0.26686769000347305,0.5941056589007823,0.5084215615273732,0.4866256730217619,0.3012749570526014,0.2885130001474214,0.4986946874084827,0.3871224929574625,0.4308702999245154,0.6330867545190502,0.5712171388527721,0.6209472745680366,0.661959840503764,0.3944146337872364,0.6235837894797768,0.487662678457481,0.45049502768975197,0.6710541725524717,0.4551774146867769,0.40543534729924946,0.6463700697369689,0.699118476769547,0.7140489608252121,0.6326336819996532,0.4057608706243835,0.5495972521514306,0.0,0.11585715669220548,0.4215227596088368,0.28761646088638176,0.5129878818400294,0.6373263998416828,0.4642490514544332,0.6603943778077384,0.2318004532578178,0.3641707017014732,0.5802853587306801,0.7784843907011311,0.3450226379581155,0.8794216561362337,0.4025879589415993,0.36294941054501895,0.14427992275029275,0.36556016665607066,0.47172823073410414,0.5603233843867722,0.5913717044748263,0.34426361717588194,0.4997283822950031,0.09949061862102158,0.49724980402762825,0.594470475613223,0.48790963801804726,0.1747803671148785,0.731304758596874,0.48906762580870766,0.4268745571413646,0.6154175128966282
0.05274583176464533,0.410546817509968,0.401825837500645,0.3882132690242037,0.48301045444370955,0.3552042945206169,0.5099997901284684,0.14045122433285886,0.44668090784722153,0.34737045656887766,0.39576481045180617,0.07804293113268751,0.4006211795839253,0.41620529003653306,0.3311285461317248,0.27563302480098406,0.2854479953682335,0.35857178311419424,0.303676650486972,0.22900086509063647,0.3744982808950786,0.20578792675705843,0.35136294500642445,0.1431142303684797,0.2544555934292725,0.3687368098372342,0.3645777185111153,0.34461386887424356,0.3169417170305779,0.4098580287363298,0.4599956261676249,0.3920296775198121,0.030057765320630554,0.1737678340483953,0.15146127564736017,0.43674632226689897,0.42477968120669307,0.10198891024624876,0.4103879312564839,0.46734656952558684,0.17604445919674816,0.09200773529141086,0.4017153862861906,0.444730322627624,0.11585715669220548,0.0,0.3118669540247939,0.35977241249432745,0.3483644122209275,0.4022244348211905,0.34253415997516456,0.4533131168031527,0.10486280701106239,0.3787369188808473,0.010695055487245059,0.3708932628331889,0.10799618081304548,0.3640625292134039,0.33022122262861064,0.3467736488071445,0.3119105784089026,0.4252668962834781,0.36532810575823216,0.42517305900425306,0.26314013890638316,0.34211747242097196,0.29216029593780657,0.3524809918481848,0.23839419665641504,0.27023073652578633,0.38128913164741673,0.3008295823804283,0.40984276962166205,0.28132249184369457,0.23396610258194492,0.3225650182309445
0.32282083165509823,0.2681738956171501,0.28868352968502164,0.18017677864334805,0.1230909300944341,0.27645684981728136,0.2158277812386993,0.33953102954744924,0.07032316698235858,0.17647099956806536,0.21699105995925227,0.3299015336306463,0.16067744757464353,0.2291352025068129,0.36553574927634014,0.02824033501176343,0.3282655275024814,0.3442020518656074,0.23294888859477744,0.052375838095850794,0.31670179639520685,0.2529086794192234,0.23134336329430374,0.2919627245055559,0.2703116390667026,0.2770153277150296,0.2764791311441085,0.1153337018104,0.09959346178763334,0.22963245089694412,0.2994841954878099,0.14104172563329379,0.4757129015607464,0.34922531213521163,0.31179618918829344,0.3069424523151317,0.0958862739138309,0.16841747879275562,0.1328467959538202,0.4448737237938124,0.5792202670939833,0.53376768551724,0.09751848098297461,0.22589414476945952,0.4215227596088368,0.3118669540247939,0.0,0.3173613935998359,0.11203203537445322,0.08779299062305207,0.07651780289335024,0.20834442699933967,0.3694923596897946,0.0003963506034045405,0.2643137869363478,0.07757986702719816,0.27821542178142594,0.34388394232563096,0.344698091322056,0.20835508332570665,0.3060033954827637,0.21860490653066245,0.0856969039654223,0.24409816583259117,0.06930249704413757,0.3342999152857058,0.2665390030447181,0.2544543395590711,0.3354494574637558,0.28937341399467575,0.013109196125592368,0.20431107400626375,0.38432317541490196,0.2583541525796081,0.43427308930698544,0.16898037127081533
0.35065110353474493,0.4158563488357243,0.29125864664629764,0.27688016551611705,0.23911141271038,0.12335092735678985,0.3752649826416007,0.3550960940125689,0.07665853544905182,0.2690436166799054,0.30984004009077354,0.4063302279265954,0.40135518007857884,0.39550159038607824,0.36472421918042275,0.1409852959341989,0.3518543345473297,0.05195631847451922,0.35427754737195954,0.09238697784580702,0.03158347024951766,0.0,0.48233978141404876,0.05989617279988493,0.0,0.14044699807320174,0.3435476143667758,0.22558904859975643,0.08283055064176395,0.2844763599914375,0.08427343181992003,0.35877791180956964,0.7740411707255477,0.5479912299276497,0.5730074191557727,0.5372709034127011,0.1877289979318586,0.2007290653311675,0.29808602516891913,0.6261993627173308,0.6794730119919875,0.5790711397898031,0.12095218152108225,0.3833304206388929,0.28761646088638176,0.35977241249432745,0.3173613935998359,0.0,0.3564225682955326,0.2886063758018498,0.09779004861647675,0.2939890122007916,0.3431765461710857,0.11940347350791938,0.43897083057517244,0.1679099568399413,0.3884946519709567,0.6115897848747944,0.40566701911735786,0.4379605110554206,0.3941718513100649,0.3144002705569522,0.10439628940375639,0.0211090950799056,0.42011508449072527,0.4051836504483033,0.3809225060084382,0.38055495970438646,0.5644759058655936,0.048998189288078094,0.19808043181267992,0.27698363506284274,0.651822257078982,0.025102704115659305,0.41521552590230687,0.3742543869517269
0.3536946207584282,0.17841772119544297,0.09863951460257385,0.27271729085994534,0.3296351658761494,0.24342724276486746,0.20698558519698418,0.22391306839648667,0.1870055396090378,0.3817442236004924,0.4631300115628668,0.12989277654078318,0.2396530140345728,0.4372255459532874,0.31660932080208926,0.26489221556630255,0.18505471246059113,0.2321171230885865,0.12666927313444204,0.3438467142889559,0.3006701353561271,0.2607765411246836,0.14957476748929716,0.23069405135783308,0.2662308342560532,0.14892946218795303,0.21545319787728728,0.2702823880091789,0.31417348583907795,0.1233266131934117,0.36715712275720863,0.2673845592499735,0.5776381984856819,0.48829438654758167,0.4189169729601345,0.30809157411170907,0.08130260167895738,0.32061355480858156,0.30919407352160844,0.5025937286143071,0.6526642139807712,0.5081786297045725,0.2614619837782091,0.18814308282698544,0.5129878818400294,0.3483644122209275,0.11203203537445322,0.3564225682955326,0.0,0.25422691497576516,0.2105487088113584,0.2673244163402331,0.17542845884058136,0.13989384981014244,0.4539682051560466,0.46960116205032126,0.1531740176863418,0.391813922077228,0.09257901499473926,0.30113384395145004,0.4649021129835179,0.19247391992199273,0.18757822228189294,0.29435111345735887,0.20543087613740957,0.11285439927875617,0.13009260724255928,0.4305717815454587,0.4384979624802677,0.2914015350798847,0.24250349041275854,0.042701230990450666,0.5157302637147774,0.1570238417754049,0.23436555918773694,0.3717721607967861
0.2952113292205405,0.27134911769540576,0.07323246897679042,0.2731805733103206,0.3150131239406104,0.2023588216770744,0.28682231152917514,0.18152609732160185,0.19042464960601374,0.4411325625325882,0.5400062813528299,0.18348253981830615,0.15855339691536455,0.424284816854838,0.2908439536947688,0.3153732633795406,0.1389813566611403,0.20043798168616073,0.14357820791404338,0.3754163057774647,0.1731506184041085,0.29507828439304595,0.07994070620920306,0.13194362760324585,0.22231418619132062,0.12104436772009002,0.18901927248374892,0.34264169284578916,0.29068505871589395,0.2600270107866154,0.4200927897836117,0.2722462815804091,0.4653551110782653,0.4369925593657573,0.2598014903579297,0.4400403857612224,0.1472882997902752,0.3339202614653962,0.30652988390681185,0.5224808828252941,0.6401536751087513,0.5174305467201987,0.19989907640677024,0.2107826764948562,0.6373263998416828,0.4022244348211905,0.08779299062305207,0.2886063758018498,0.25422691497576516,0.0,0.20979059801649555,0.25869205102156756,0.1600371898555959,0.1308999669166859,0.5454923752979354,0.41477450381927594,0.19536846961960652,0.47296773922242696,0.07814151970002697,0.3203479961759606,0.43222899284150973,0.20233037824143638,0.190474168905515,0.32652769901967293,0.18906335256623358,0.08989026644425623,0.15303879455949015,0.4270947779657913,0.5025291224877885,0.18435380801603604,0.2767741977038533,0.4302004324058511,0.604700101931428,0.10846512514081429,0.26903993204539683,0.33522481126150305
0.3444588181614202,0.13023366519429214,0.03143236457886199,0.38344008925686873,0.30013915859418855,0.1558774180974839,0.4329159275046186,0.16091429841109509,0.27248033906189323,0.5031156389741709,0.44552258615486906,0.11094195210264628,0.3922290436827825,0.5557775427865806,0.29879559370283354,0.20259944011051273,0.04081288835141561,0.15468739236207468,0.32649673613204216,0.3920206081805269,0.2351842530020376,0.25285730520192073,0.09145718372770385,0.21910706799015137,0.1784249820807277,0.21328450917879477,0.1430995977228056,0.414372902498157,0.23589846070350629,0.18925054684148127,0.25560493379331306,0.313230717080582,0.7473999615434468,0.6709813959115513,0.5872213269938867,0.6603270077346033,0.25672164635169037,0.46945161477251685,0.4576836995558865,0.6567182425199983,0.8605847702108617,0.7039047692451502,0.25135621438919037,0.30198881207004724,0.4642490514544332,0.34253415997516456,0.07651780289335024,0.09779004861647675,0.2105487088113584,0.20979059801649555,0.0,0.36700886885997586,0.013315281371077896,0.1801754390446405,0.5804363570994027,0.3092147167636953,0.36996914085604465,0.6253548583630001,0.07478008429679164,0.2962952635109972,0.4383111338295499,0.03882417327477841,0.30308030116986756,0.16863839961282756,0.2541301654330289,0.39218635395289986,0.17713555750936888,0.36404044227879534,0.5202943513165237,0.19020765103370932,0.27016199259639767,0.31109934298324404,0.7416306206913784,0.25403468032848225,0.028170502237800408,0.4918299940980692
0.0,0.2885085388313299,0.13939524330528413,0.3537162879828074,0.3775999666392574,0.26691502889607066,0.31790989569108896,0.30765377700219526,0.26109804179662705,0.493063124257264,0.53284969060017,0.1949152244646467,0.250641230633069,0.5085621062441638,0.3062414342574141,0.3444019591130805,0.2033487178992654,0.26612217323038895,0.1425256806275456,0.416264754798813,0.3149401255020464,0.3807130313691949,0.20743568771117718,0.2977795311439166,0.30142531065895245,0.2952543880785882,0.24307175248605184,0.38595028551561583,0.40338829668872206,0.2774823650477679,0.5018316605086347,0.3073094429516988,0.6915222148491595,0.6071081030049138,0.5246133430157033,0.5339031977372701,0.2069104401993368,0.3966037423478361,0.36849281647935134,0.6473212356967234,0.8181417547612029,0.6900721794792589,0.16867026520844575,0.31433671261843393,0.6603943778077384,0.4533131168031527,0.20834442699933967,0.2939890122007916,0.2673244163402331,0.25869205102156756,0.36700886885997586,0.0,0.15978865160250916,0.18179070415488177,0.5782499037225134,0.4874285571013817,0.3045909864380369,0.5449159647772499,0.09245596648191137,0.28653220371173477,0.35649372142319763,0.25260206685287107,0.27024213603332015,0.36286874311937795,0.287394241519647,0.17875466202750065,0.2261434506951152,0.45703557666927674,0.553235113468537,0.2776072043039508,0.31068981032871085,0.04348973199456544,0.7594833361329698,0.16860806088327557,0.3190244253194325,0.5190473932096616
0.06869548462299215,0.33992162358182637,0.31485726096202143,0.16650416879096258,0.2923584639331294,0.34943747807632947,0.19545942199523053,0.16010476279999267,0.3884975751588773,0.21422115790207574,0.2581129224462699,0.12978335853770273,0.13233797521041657,0.1830547625730664,0.3805093199737525,0.22793800426122227,0.39342222121949005,0.4520368713071213,0.3025738077550723,0.3846157893842326,0.1785351413782915,0.31888458251030927,0.4273965132773947,0.17536495547167333,0.4141272373529084,0.009140975326641227,0.3932002829040683,0.09860854915190306,0.02248654276348902,0.24705535632211623,0.36632223383817814,0.20159378654067622,0.44569658998068123,0.30828881750520615,0.2679942168755793,0.31758127772716666,0.13988763373371285,0.16480697950471496,0.27354123065356983,0.3156015638145462,0.4340479608581626,0.41537220847930106,0.06652242087386383,0.20633566969786135,0.2318004532578178,0.10486280701106239,0.3694923596897946,0.3431765461710857,0.17542845884058136,0.1600371898555959,0.013315281371077896,0.15978865160250916,0.0,0.41537747635343575,0.30795619207016367,0.14152381941467443,0.14785610038639466,0.27789448166420055,0.46831317704537456,0.4110676140666097,0.42179215670187553,0.43258230279577153,0.02698358847678085,0.08393754753706577,0.2299470836535543,0.1531795110910205,0.30568844029616654,0.38719574546502206,0.4527033891393336,0.3997714912742145,0.1986271188333089,0.37959630642737746,0.25860600508859016,0.34923383773339145,0.2080386345325706,0.11791870268811001
0.26776709444374075,0.0,0.40507142605831536,0.3368789982023171,0.22417530764861773,0.1710396640516668,0.33416161692479107,0.3776751448848244,0.17138977445737863,0.41441279355811605,0.3827833232974179,0.3211901205228729,0.27590457059248413,0.4307088381611468,0.19910699673836757,0.1834255608190152,0.4658724404439223,0.12481410750494316,0.38062697393629963,0.27530427741229063,0.1550924614027185,0.18500748395300504,0.40151202435925687,0.10047229505260094,0.040569757005370195,0.06872661262125442,0.10389266177992651,0.2406944576200105,0.24686147889586066,0.3485373899720826,0.1963786611273476,0.17550495455916293,0.6871146936351801,0.553141217301318,0.49126493726354004,0.4594645120868268,0.16631320092442836,0.3690249736528491,0.3223000971441241,0.596418002138167,0.7446325387102718,0.5726711620850105,0.14019776555166324,0.27172455064498885,0.3641707017014732,0.3787369188808473,0.0003963506034045405,0.11940347350791938,0.13989384981014244,0.1308999669166859,0.1801754390446405,0.18179070415488177,0.41537747635343575,0.0,0.46998577644817047,0.2275556860807464,0.4178900987735475,0.41442944113890845,0.48355498633338423,0.3738163497691261,0.39605142563336276,0.39962639365864566,0.15079156746706088,0.08922541927023334,0.11589026902132021,0.3724494750174455,0.037629295575509765,0.3911656254282351,0.41766036261432626,0.04719886014824494,0.15765392531974656,0.330970407879133,0.6724627551520653,0.10520580192079079,0.22007308509075435,0.32954502578501743
0.15436899086472317,0.5205809885171376,0.30304198872843796,0.6240912632326941,0.5719543921408989,0.49551634477227147,0.6218550350159264,0.3347856659210782,0.5622190063352732,0.6143066921821003,0.6387480335404158,0.40135457695594534,0.6027740686756156,0.7250606277211183,0.35774111707523504,0.5546293080117697,0.3126089714865588,0.4113469794457961,0.31765543030868915,0.7303938643523543,0.5993312355739031,0.5672402559413078,0.487086674433508,0.4202406562146204,0.41762523500461984,0.33538011508111404,0.3588434253394094,0.664539586679517,0.6851371854433814,0.6638950427017254,0.6188012996170099,0.6149806301455735,0.8567189033298177,0.7470025266142335,0.6336207215615873,0.8868536172277747,0.48198343131796156,0.4788241540718575,0.6420208620707591,0.7836847709990743,0.854948157492111,0.6524149924048988,0.36843073707638235,0.5917327802790883,0.5802853587306801,0.010695055487245059,0.2643137869363478,0.43897083057517244,0.4539682051560466,0.5454923752979354,0.5804363570994027,0.5782499037225134,0.30795619207016367,0.46998577644817047,0.0,0.5904737944926184,0.3249969224544108,0.9172543414649981,0.3079823753911394,0.2549265377090586,0.11388793186073072,0.35642198421284094,0.49817789461653716,0.5816638065267722,0.7227744318162905,0.3212810600347061,0.6508314405779351,0.16701179172588848,0.7516486638140258,0.41131843229650406,0.47112387538586725,0.16005163200259703,0.8575329498492579,0.5184029144457993,0.5092568273447561,0.663467089489574
0.25649560673363847,0.42814484364991684,0.30985074013455277,0.4262079658546224,0.44531379102565644,0.3338079021220181,0.5881364859436303,0.2263951516367086,0.4011831461744451,0.5738500351455486,0.5627742254925712,0.18518036287010875,0.4882093740603872,0.5604310875821314,0.2515317477345681,0.3964440120446256,0.19813075052753235,0.3065706652070814,0.07281101590311613,0.4543169123703188,0.32040457123841193,0.38057235223145974,0.10722344312564597,0.09848260980473086,0.27203422906049807,0.22530898167093458,0.12840666372696502,0.472007894842863,0.3801553283919119,0.2540896175131254,0.37337266186230295,0.4288232842694743,0.7648219868862832,0.530842745495223,0.48303387915946766,0.7055206796901728,0.39860949353695013,0.33832879323000825,0.486718129548167,0.6924192165504618,0.8485447411676573,0.7513469242560963,0.3433720257933736,0.40737105496181814,0.7784843907011311,0.3708932628331889,0.07757986702719816,0.1679099568399413,0.46960116205032126,0.41477450381927594,0.3092147167636953,0.4874285571013817,0.14152381941467443,0.2275556860807464,0.5904737944926184,0.0,0.18009337145550322,0.5751757613975395,0.19547020440632223,0.26294726511558186,0.45357360000613045,0.24422882374406288,0.27508407307195165,0.26260827096473627,0.18634011148050983,0.10431630231690353,0.2294310025192997,0.35792361004484763,0.534219931777235,0.2421025580283842,0.2838126777884331,0.259503126655004,0.7882439165038615,0.14966821310607553,0.33056346042324153,0.5224479786334282
0.12585022378030725,0.38023078298610286,0.36478021117844517,0.21540577073296613,0.27506722497109454,0.31445968439910593,0.1934399519248794,0.2594830490757872,0.31308735736739485,0.3424108247222167,0.3214249885074278,0.18780670870583788,0.15444306919709025,0.27516771629137743,0.3150431465256702,0.34297785609909065,0.3928368074632918,0.38344811346643043,0.3385988790968208,0.3482630448280465,0.23101184841407668,0.36986646617970226,0.311332451742369,0.18764319977250754,0.3512022155461958,0.040841392609480116,0.2651176189132261,0.09384951424767894,0.30526142996094385,0.40039898365265963,0.10384226521800485,0.22732207816902822,0.3685353823130021,0.3347702886658598,0.208354111767152,0.39265885004458617,0.18902523662773246,0.23197234677471312,0.2504258101318668,0.36658845351583613,0.46109082547996383,0.35207161224379174,0.019591539079750586,0.18940183964043145,0.3450226379581155,0.10799618081304548,0.27821542178142594,0.3884946519709567,0.1531740176863418,0.19536846961960652,0.36996914085604465,0.3045909864380369,0.14785610038639466,0.4178900987735475,0.3249969224544108,0.18009337145550322,0.0,0.3341580225516329,0.43378777559084586,0.23773901927895763,0.28278352750015684,0.3374478393356971,0.024627900319175906,0.0,0.27243802630672,0.08686827348671336,0.2535445843586842,0.3403853572526696,0.3411765280085256,0.3277971210115725,0.18306707513074394,0.32874200998841197,0.30587282325537013,0.27437346988619443,0.2296467962389447,0.1698753777434828
0.005495760324050785,0.4707049433121439,0.23577167627968712,0.5546663997213923,0.6026335209723088,0.5003963665834175,0.5269705273095818,0.303403148238641,0.5549509754165803,0.7583403594065933,0.8785535863003534,0.3061469165804781,0.640073840618403,0.7079087628607429,0.29682403277240366,0.45927113793763247,0.33678989911863494,0.4531288438000159,0.3223686461632127,0.7349315889067443,0.5131886656292669,0.7077044729414196,0.37822650680221254,0.37291745698768886,0.4772323893717418,0.42932513798194194,0.5083384801487342,0.6819103864497342,0.7008368949804502,0.49118117156995844,0.6464737105872814,0.45035332345916645,0.9740671337346721,0.7875586121073564,0.7728362123828436,0.8065171359755506,0.3489303145658395,0.5178645229887954,0.654844845108084,0.9303642107428176,0.9999999999999999,0.7875400175556292,0.40204534559115734,0.5214601924141902,0.8794216561362337,0.3640625292134039,0.34388394232563096,0.6115897848747944,0.391813922077228,0.47296773922242696,0.6253548583630001,0.5449159647772499,0.27789448166420055,0.41442944113890845,0.9172543414649981,0.5751757613975395,0.3341580225516329,0.0,0.2741890977497952,0.37072136052472937,0.07735443525416129,0.3848358988096848,0.47522693764989266,0.5343958725810353,0.5652496750995928,0.23592018533891293,0.47986358469657014,0.12734889133891186,0.8942550167222735,0.5296142492441612,0.541327748562688,0.19670758438559582,0.9775587888542455,0.5767667141616837,0.530592386487831,0.8002698249195557
0.257539042134709,0.32080150608448554,0.49537990621659733,0.24564685277292952,0.04610586492930337,0.39178382874499296,0.07907424776173165,0.0,0.0,0.2272642614892677,0.22987094337281552,0.4372832611970243,0.10336461407206851,0.19099531888349294,0.36095558234367836,0.06574440618053752,0.4189280289830625,0.39283201100400983,0.3450587831228371,0.3019862283311639,0.38352442593651137,0.34914275086251806,0.42142940118150035,0.42751682152293863,0.5261818763384257,0.48523284150669643,0.342992003460106,0.13866801629894063,0.0,0.338206652739673,0.05060289219749513,0.06874820765969103,0.3839834151228546,0.24252806243133712,0.22088517493923346,0.23099389614284876,0.0,0.2947568043674891,0.10803322801459907,0.23762476895622797,0.480104747224898,0.27580135630845715,0.11948921823987996,0.11171946979708133,0.4025879589415993,0.33022122262861064,0.344698091322056,0.40566701911735786,0.09257901499473926,0.07814151970002697,0.07478008429679164,0.09245596648191137,0.46831317704537456,0.48355498633338423,0.3079823753911394,0.19547020440632223,0.43378777559084586,0.2741890977497952,0.0,0.2812489873774034,0.4842069082659613,0.46059604547668087,0.0619545850119124,0.44599038135867203,0.24723582148607287,0.35965790866503855,0.34858334073623226,0.3808808598104967,0.2528194516399944,0.3884035551272691,0.07492221124451771,0.28977438770972563,0.3576124828208248,0.40282897707983073,0.2346768327371689,0.03261938151147295
0.2904882588789575,0.3769407772296124,0.25855932014072947,0.40664827200484804,0.2197645946982518,0.2700268248442957,0.2890062458266194,0.26832155063472357,0.33060170121086724,0.3519557669385981,0.29813445321023124,0.2813517426161313,0.2544317894514642,0.22952256670527466,0.3010304834761588,0.18867652325112141,0.2883832785612473,0.3896097754143952,0.20239022880176968,0.3419514566452582,0.34222910982923926,0.24758056877695497,0.2710361204597059,0.26693702979456413,0.4354886218449773,0.23967703549301067,0.1907051630084686,0.26003445135570963,0.2525005262604855,0.29497081874094,0.3052861700411712,0.2879459329361497,0.2730473824478471,0.1596837715428393,0.0642608696369738,0.08825414763527917,0.3280275379012004,0.30241916026385646,0.289993359813156,0.18609590237938134,0.24075566034382614,0.16907619972503837,0.2905877235451415,0.026565267111280884,0.36294941054501895,0.3467736488071445,0.20835508332570665,0.4379605110554206,0.30113384395145004,0.3203479961759606,0.2962952635109972,0.28653220371173477,0.4110676140666097,0.3738163497691261,0.2549265377090586,0.26294726511558186,0.23773901927895763,0.37072136052472937,0.2812489873774034,0.0,0.33030182181139145,0.26550805129779903,0.3580520277940483,0.353698338252961,0.22118398525181132,0.2731060614396262,0.29474297600397464,0.21957990978971145,0.09062284743288694,0.1961103848305243,0.1981280790177251,0.25799810583897903,0.36736087444925797,0.2200754221213198,0.4040965953345503,0.26045090242677194
0.22573781071215884,0.3964278326062596,0.3280671236697724,0.026953643244396305,0.39698559150059937,0.29075805712103764,0.0939949428691395,0.26274902038354914,0.4852751674705661,0.0522480469277983,0.3752152374189309,0.4292491485785247,0.3891005150051663,0.0,0.19374845143455527,0.30618912897899536,0.3252640059106821,0.3283692787873552,0.39459165665770657,0.24954778097396207,0.2989942577093945,0.33112256616752445,0.38578146121698625,0.39681662793180006,0.4203472115386309,0.3251084936522852,0.18955357677182003,0.4505939898176579,0.2455502803778771,0.500968545881888,0.38183848992706637,0.36009996907539116,0.2425928885306619,0.09167375045029115,0.08421669887518356,0.19514970248719002,0.48273649890759296,0.08919412173497518,0.008220163467653103,0.23566141257392867,0.28333314830581563,0.2466274439581772,0.40675264249603527,0.05847724178518819,0.14427992275029275,0.3119105784089026,0.3060033954827637,0.3941718513100649,0.4649021129835179,0.43222899284150973,0.4383111338295499,0.35649372142319763,0.42179215670187553,0.39605142563336276,0.11388793186073072,0.45357360000613045,0.28278352750015684,0.07735443525416129,0.4842069082659613,0.33030182181139145,0.0,0.2512305357194195,0.4018825090837574,0.41045463637497487,0.27525220263915084,0.33327013114023163,0.30471961238422157,0.4450433023064465,0.05208332124173206,0.36316424406994696,0.38062194494700835,0.3538569553980736,0.15963388180764143,0.3363263555509748,0.3019643832403148,0.4425334263018066
0.24540835575523356,0.017346274890314275,0.2952780524235269,0.2391975426115861,0.2663038381470877,0.2671362244084819,0.30130258018817924,0.02336531127563417,0.13325739319627067,0.34303587202650254,0.3643946392670621,0.31888701149158055,0.18478660478520403,0.3711225664516405,0.20760078244531152,0.16915525324799313,0.16707476276791647,0.0742700361612067,0.3847466017505608,0.08588133181601898,0.1378527042950996,0.19398250500947764,0.36762240839913296,0.2994287920108587,0.003507917560762777,0.3169504218170452,0.2366254505929584,0.1133651830370889,0.0699557438245944,0.3243972550076157,0.051928689598292374,0.249712191104569,0.43412802289967967,0.2927987668931379,0.3106692111980114,0.46234263466220205,0.1783172776024176,0.1059234822418387,0.2879922849155294,0.3760173029112258,0.5859428160486337,0.4776340109687611,0.07462022810806229,0.214307837304828,0.36556016665607066,0.4252668962834781,0.21860490653066245,0.3144002705569522,0.19247391992199273,0.20233037824143638,0.03882417327477841,0.25260206685287107,0.43258230279577153,0.39962639365864566,0.35642198421284094,0.24422882374406288,0.3374478393356971,0.3848358988096848,0.46059604547668087,0.26550805129779903,0.2512305357194195,0.0,0.02097064510539718,0.0414008281875485,0.21339812131160402,0.32304875569260216,0.23314121407323748,0.2812858390492425,0.2966898645859852,0.02717015813505653,0.07314155586446976,0.18507467767155072,0.4232712821004362,0.24830266505489515,0.24684507098742073,0.19179347560787813
0.2283729692261992,0.09086367615148155,0.3099682950344439,0.2926300038083044,0.2782470046448185,0.12514480545802922,0.36801502867503993,0.1221966545718633,0.23461970561946513,0.45809949447216747,0.33954718534088585,0.10415514131712489,0.32105563336503407,0.4270560900199443,0.2681946933649969,0.1228060591258345,0.05917770123993651,0.09768565022615863,0.29043267414292195,0.2685081853181627,0.19575409817010386,0.1352759202599772,0.07849232770120523,0.21209436563909195,0.10396672588207756,0.0946971674483317,0.05459953762865134,0.28749358705980466,0.20752686731459055,0.08496575916259351,0.2104394881260644,0.24685778819196652,0.5745949477733567,0.5024947818194494,0.3499437494853303,0.5383652008687583,0.19455198835402215,0.30537821641836466,0.3834340717192263,0.5628209846309501,0.7267313183741421,0.49785416951630396,0.21301376095610577,0.2946686171394039,0.47172823073410414,0.36532810575823216,0.0856969039654223,0.10439628940375639,0.18757822228189294,0.190474168905515,0.30308030116986756,0.27024213603332015,0.02698358847678085,0.15079156746706088,0.49817789461653716,0.27508407307195165,0.024627900319175906,0.47522693764989266,0.0619545850119124,0.3580520277940483,0.4018825090837574,0.02097064510539718,0.0,0.16175765792851113,0.23528215741437525,0.34553191595618155,0.18373786311601426,0.31992126580396146,0.601142892590337,0.0891381913354616,0.23749078757881928,0.29359795331908306,0.5626737879387713,0.2666301638694716,0.0,0.3088723180144872
0.29094644634734995,0.10490166934032463,0.35171001723574324,0.3545220567754351,0.42545199115086774,0.13916416671701273,0.4381576689044082,0.05719889875570472,0.12337766300607537,0.575269896394559,0.44553521843606114,0.3422634636108367,0.40085539887858296,0.4719805678386009,0.30020104345027154,0.1090877574255305,0.3698359305251929,0.13614503523011084,0.3313100324289504,0.21194655993430922,0.24586769525521104,0.06832837499700184,0.40452461310817756,0.0,0.018586925717069016,0.07045743144473747,0.2904759748039085,0.3316005309648918,0.18218446182698872,0.45564828614475217,0.1354101053657775,0.324189665613966,0.7084815363136938,0.4890718056497376,0.46726134119156815,0.6293605373793066,0.2995091484874226,0.26714654436832824,0.4000678302604495,0.6512764237024045,0.8272363897558682,0.6378171296872601,0.21099448097739587,0.3306933088489015,0.5603233843867722,0.42517305900425306,0.24409816583259117,0.0211090950799056,0.29435111345735887,0.32652769901967293,0.16863839961282756,0.36286874311937795,0.08393754753706577,0.08922541927023334,0.5816638065267722,0.26260827096473627,0.0,0.5343958725810353,0.44599038135867203,0.353698338252961,0.41045463637497487,0.0414008281875485,0.16175765792851113,0.0,0.09329777694578471,0.0,0.07666674257857897,0.338701028991287,0.6010171793966063,0.06520735235142662,0.17766499816121034,0.25813828233909863,0.6424374095824243,0.0,0.24543479391585032,0.45750197523678265
0.2819475293694922,0.040748502829574464,0.37678151758081396,0.2636579725467304,0.28652263553272134,0.13839699020030827,0.3937437546607583,0.2631252820448504,0.21535445938613246,0.4800956238800343,0.4137048610683006,0.2709842959277033,0.3965780043164487,0.3394947724841085,0.39578210907601524,0.15928873938194912,0.26175763758399706,0.12265403971409673,0.2889453182132248,0.2595337511750928,0.12612974280102185,0.23370816018284526,0.17475990166007335,0.3105140693007855,0.12587854422977876,0.04429987828922784,0.09035478902661875,0.2997500740129457,0.24824294106102848,0.38603425855277407,0.08437376421698647,0.28649565753845013,0.7754134627939407,0.4596966545855869,0.4849244391931391,0.544689869758854,0.1897940615394456,0.25723318639983433,0.38850232933784523,0.7020213997178093,0.6408036562012647,0.718808238505833,0.11793089321347518,0.30860077322990137,0.5913717044748263,0.26314013890638316,0.06930249704413757,0.42011508449072527,0.20543087613740957,0.18906335256623358,0.2541301654330289,0.287394241519647,0.2299470836535543,0.11589026902132021,0.7227744318162905,0.18634011148050983,0.27243802630672,0.5652496750995928,0.24723582148607287,0.22118398525181132,0.27525220263915084,0.21339812131160402,0.23528215741437525,0.09329777694578471,0.0,0.25580162246215693,0.11690077696120023,0.2742870385086177,0.44520659168051385,0.10340106959010456,0.15786527407999498,0.2875254133266951,0.5852489332530743,0.18417021457318575,0.4254413456182052,0.38866413893070995
0.23276259420731232,0.2690962630620024,0.3876307291439088,0.1927170615299224,0.15366711940154323,0.33023875310900486,0.14757247407216717,0.10243918642356115,0.36565723852836907,0.18514052621803911,0.19696868242826837,0.09570225761269156,0.05681039798506505,0.19671126490283683,0.3388997502941308,0.3026963288931368,0.3429495759229861,0.2456222981979938,0.32373245362062064,0.41805595643577226,0.11892904004756494,0.3431851481116745,0.27213894800233984,0.06654886778250989,0.40664672055544027,0.28130328492886136,0.26067556121035906,0.031166415537571324,0.3230180363201933,0.2987486113750233,0.4007149594413751,0.14097510584594775,0.4489756848932334,0.33452441994886034,0.20664704453738075,0.3307841464969315,0.037756956601921604,0.1565144584712821,0.18512722892746863,0.3459181545651751,0.49112257709338847,0.35610499468958257,0.3800477456358806,0.18843987359644337,0.34426361717588194,0.34211747242097196,0.3342999152857058,0.4051836504483033,0.11285439927875617,0.08989026644425623,0.39218635395289986,0.17875466202750065,0.1531795110910205,0.3724494750174455,0.3212810600347061,0.10431630231690353,0.08686827348671336,0.23592018533891293,0.35965790866503855,0.2731060614396262,0.33327013114023163,0.32304875569260216,0.34553191595618155,0.0,0.25580162246215693,0.0,0.3027909951422242,0.31048861602713956,0.399371637052473,0.29442466365993125,0.09717595194507214,0.30191990897423726,0.28072444317687867,0.24862762626906093,0.2599964455072081,0.1067233518454459
0.30340573005687416,0.08101193414213587,0.25869827199132894,0.17747571794883868,0.2143747507400028,0.03620046104751187,0.3751891742445745,0.24051402294800955,0.14839265576873897,0.4376765140481803,0.4306547251546523,0.29080265638770153,0.3275009451497025,0.2563148726964286,0.3876545682442307,0.15759494434686452,0.3535767622990185,0.1241214671659486,0.25737248759008163,0.2518764601426474,0.05432698772327505,0.17994222195004375,0.2560565950939776,0.3019650916092903,0.10003556133742637,0.0,0.30981822207585863,0.25526756289444474,0.1924608375560059,0.19707172118536803,0.09613382389850779,0.20701596052227442,0.7351777044282416,0.42398349133892405,0.3626422489953762,0.48449703671248856,0.09816986854407624,0.18583252152982657,0.35129056548534054,0.5691885979043101,0.6355710018309628,0.6183164335209197,0.09001160086947811,0.23638163402021523,0.4997283822950031,0.29216029593780657,0.2665390030447181,0.3809225060084382,0.13009260724255928,0.15303879455949015,0.17713555750936888,0.2261434506951152,0.30568844029616654,0.037629295575509765,0.6508314405779351,0.2294310025192997,0.2535445843586842,0.47986358469657014,0.34858334073623226,0.29474297600397464,0.30471961238422157,0.23314121407323748,0.18373786311601426,0.07666674257857897,0.11690077696120023,0.3027909951422242,0.0,0.31489493104758354,0.3692116616488545,0.05377557017488821,0.12619030475437412,0.2595412989538513,0.46574526217462303,0.1256031428007595,0.3845966651344693,0.27828957325457077
0.23091101203533063,0.3882998662686757,0.34953872568148414,0.0,0.4462816041305593,0.4195352541340308,0.011475764772502804,0.3283685369821335,0.46815023830130614,0.422713020943708,0.33051404963028624,0.43484388173933564,0.36186121850167974,0.33680062020192053,0.26499988216760484,0.3306637572442202,0.3187523838636779,0.35524431445148047,0.27701793494444826,0.31223603920983506,0.3247987767162115,0.28999614427414666,0.3704128739088583,0.37122943726063495,0.42196678246996616,0.34486860521848506,0.2567857330061866,0.2989330677018183,0.33389069535383253,0.4915533543959084,0.3517611915252645,0.0027229446741384514,0.3411660284281284,0.22007035190305738,0.17770292897493226,0.1513755649234769,0.4314802022066541,0.08170006943453893,0.03372601390935382,0.25227344143570885,0.40229828914000015,0.33794905106199247,0.3899065745516326,0.13503240778864217,0.09949061862102158,0.3524809918481848,0.2544543395590711,0.38055495970438646,0.4305717815454587,0.4270947779657913,0.36404044227879534,0.45703557666927674,0.38719574546502206,0.3911656254282351,0.16701179172588848,0.35792361004484763,0.3403853572526696,0.12734889133891186,0.3808808598104967,0.21957990978971145,0.4450433023064465,0.2812858390492425,0.31992126580396146,0.338701028991287,0.2742870385086177,0.31048861602713956,0.31489493104758354,0.0,0.30883267392056873,0.27953409167854376,0.31691164278647566,0.2988093231932108,0.12847661772307925,0.32641583658787665,0.26536945413662477,0.33675794400868014
0.26503812316226383,0.3625723180149778,0.15066659350448214,0.4933780040603615,0.572602990908092,0.5157188504050322,0.6273676225956635,0.4990374235758954,0.5181401544492098,0.6398168915271218,0.6462792138533863,0.3373369801194893,0.5233386534916677,0.6800285118602706,0.07271495148663265,0.29104791861451396,0.29229936326201805,0.24554481122587174,0.13032331708073686,0.4658367266775951,0.4982613324747809,0.34305552192714767,0.45654366337861724,0.4528886868928018,0.292701805404873,0.4536078266003205,0.3486702252300274,0.5066537262481804,0.6338245695943256,0.5246609678237356,0.4984887252480629,0.5876701202034199,0.9474464132736541,0.8607914764761805,0.6827015617055897,0.6955790352549526,0.5803973628329789,0.6728784006580721,0.6983891662880068,0.7993971459061132,0.873174069426113,0.7488190770863044,0.5483921896799643,0.6474260627612763,0.49724980402762825,0.23839419665641504,0.3354494574637558,0.5644759058655936,0.4384979624802677,0.5025291224877885,0.5202943513165237,0.553235113468537,0.4527033891393336,0.41766036261432626,0.7516486638140258,0.534219931777235,0.3411765280085256,0.8942550167222735,0.2528194516399944,0.09062284743288694,0.05208332124173206,0.2966898645859852,0.601142892590337,0.6010171793966063,0.44520659168051385,0.399371637052473,0.3692116616488545,0.30883267392056873,0.0,0.5019058538527396,0.5181407565236218,0.09050345481983063,0.9553508473013822,0.4446174788660142,0.4349260860325462,0.6139006324662988
0.16058882017448894,0.03929482839240751,0.2810695442657352,0.3358896471861375,0.24309155590261625,0.09601587634417434,0.28430199800365286,0.05359283841495506,0.12207335300819291,0.3262627781513872,0.32512271203435417,0.3469517464405327,0.2263106900703273,0.35882961064759544,0.2670068333734632,0.13196526928307684,0.006404663721809985,0.055259764442833544,0.2803832283064921,0.18460643946051958,0.20234136393687974,0.0475713540218433,0.3161376628067715,0.13060262075787862,0.08129552433402079,0.007022536081027342,0.2790044284640636,0.19482066827749453,0.1527524000875304,0.35875333377343765,0.1942551828532675,0.26219347449407154,0.6821938744970432,0.5353525911001077,0.44448396582132804,0.5206509705803178,0.1886194756927945,0.375140776989898,0.3392220825477276,0.519348688761183,0.8218956843262406,0.6216928608165689,0.1206235432578725,0.28962076257595454,0.594470475613223,0.27023073652578633,0.28937341399467575,0.048998189288078094,0.2914015350798847,0.18435380801603604,0.19020765103370932,0.2776072043039508,0.3997714912742145,0.04719886014824494,0.41131843229650406,0.2421025580283842,0.3277971210115725,0.5296142492441612,0.3884035551272691,0.1961103848305243,0.36316424406994696,0.02717015813505653,0.0891381913354616,0.06520735235142662,0.10340106959010456,0.29442466365993125,0.05377557017488821,0.27953409167854376,0.5019058538527396,0.0,0.13196131114895226,0.23344567358266002,0.5498654975697345,0.030785756259358255,0.32260967530808765,0.29749745168010105
0.0,0.12228219186562324,0.3054971409378034,0.29826709380522154,0.30739321073162806,0.1432533644985849,0.3425712651575787,0.27172189793773044,0.2135494623357202,0.4290759809882923,0.4216865382183441,0.13054083959466653,0.28892129034976033,0.3709727282568111,0.3648199143407542,0.13041646194718,0.026211504364655566,0.10409971282997671,0.2575937406381579,0.2396190696343063,0.28196043153236533,0.17448428746083994,0.08550929545503419,0.23122038499157416,0.09493207849254544,0.17270418232335213,0.059900595425233155,0.3060897986895796,0.24101686688841972,0.030254045727149598,0.3631241409713678,0.3170885335604171,0.6268105831443662,0.5641824627284576,0.4841074752272362,0.4945012877833978,0.20787775678037543,0.3912028039900245,0.4296047658455044,0.5005363096834986,0.7972090811865853,0.5380365369432133,0.12534299739371207,0.2552457869934815,0.48790963801804726,0.38128913164741673,0.013109196125592368,0.19808043181267992,0.24250349041275854,0.2767741977038533,0.27016199259639767,0.31068981032871085,0.1986271188333089,0.15765392531974656,0.47112387538586725,0.2838126777884331,0.18306707513074394,0.541327748562688,0.07492221124451771,0.1981280790177251,0.38062194494700835,0.07314155586446976,0.23749078757881928,0.17766499816121034,0.15786527407999498,0.09717595194507214,0.12619030475437412,0.31691164278647566,0.5181407565236218,0.13196131114895226,0.0,0.2209054384503684,0.6353494579369579,0.10035905266415891,0.2619952928061182,0.37254804696887167
0.22503163539831872,0.3287198325139927,0.32448865977540553,0.05925731477795292,0.05279219124431367,0.2923254093982893,0.13694758458228873,0.29209194616590434,0.3430200483202344,0.06447096963044882,0.044809461950933334,0.32632342249571,0.04751360409872702,0.05569227913371311,0.24188941506326264,0.33924420313734055,0.31308071478112004,0.3061931306540305,0.26289095981634936,0.2308121627289279,0.3395471071850595,0.2991497386888913,0.3019421463720873,0.32116279527919667,0.2907408206646464,0.29363082406313556,0.25920135378288456,0.3241850625518391,0.18857594585013168,0.23933522715708527,0.38218900293552716,0.27255515601382896,0.4062824515203745,0.22339375556937555,0.21784401945681425,0.2430740442199126,0.3076615282930452,0.37210536835979857,0.029062781869080984,0.2907412442187604,0.4436625624017203,0.37261348478105655,0.31001646764456,0.08369264801314556,0.1747803671148785,0.3008295823804283,0.20431107400626375,0.27698363506284274,0.042701230990450666,0.4302004324058511,0.31109934298324404,0.04348973199456544,0.37959630642737746,0.330970407879133,0.16005163200259703,0.259503126655004,0.32874200998841197,0.19670758438559582,0.28977438770972563,0.25799810583897903,0.3538569553980736,0.18507467767155072,0.29359795331908306,0.25813828233909863,0.2875254133266951,0.30191990897423726,0.2595412989538513,0.2988093231932108,0.09050345481983063,0.23344567358266002,0.2209054384503684,0.0,0.24896400223023907,0.24817108141486457,0.28362231862881976,0.3182681638888299
0.2632060876146323,0.617908869751511,0.2822448246351756,0.627250944862879,0.6894343877064935,0.753879062476759,0.7816780707491228,0.33403256043634416,0.6997058132283123,0.7761645258451783,0.9160178890884979,0.3168653745438955,0.8807249369219164,0.8308947796952499,0.30502311693682505,0.450598435625637,0.32020857085752413,0.6131186662835151,0.4074464038862009,0.8772229566645519,0.6465531579014383,0.6877845304449034,0.43827621496344715,0.4148627132398792,0.537791523965164,0.5281516627522227,0.7382591437744992,0.7887496640191285,0.9155746044141533,0.8535167895703495,0.838592381302612,0.621674348568664,1.0,0.9999999999999998,0.7926921225003242,1.0000000000000002,0.39424872582512394,0.6148992364997727,0.8411948725188152,1.0,1.0,0.9286796764110855,0.4431123722123408,0.6312886541138215,0.731304758596874,0.40984276962166205,0.38432317541490196,0.651822257078982,0.5157302637147774,0.604700101931428,0.7416306206913784,0.7594833361329698,0.25860600508859016,0.6724627551520653,0.8575329498492579,0.7882439165038615,0.30587282325537013,0.9775587888542455,0.3576124828208248,0.36736087444925797,0.15963388180764143,0.4232712821004362,0.5626737879387713,0.6424374095824243,0.5852489332530743,0.28072444317687867,0.46574526217462303,0.12847661772307925,0.9553508473013822,0.5498654975697345,0.6353494579369579,0.24896400223023907,0.0,0.6552957218013423,0.46345781001249686,1.0
0.24152792613580112,0.0752999248119649,0.25877648797061337,0.21325204373814066,0.20742717670083793,0.09017249255216761,0.3482962902486366,0.27933402217575304,0.2064212431600274,0.3778807492699178,0.37427876063189136,0.3284591976319997,0.3584665496310945,0.333808666140103,0.27711905695859135,0.15855663191673694,0.34454061834051025,0.0187881925080651,0.23815049090648308,0.32375855486285726,0.08294600715524052,0.15513139836331208,0.23613951217830131,0.06997541904753703,0.0,0.01836839335320517,0.0659212177342034,0.24891237336629235,0.18808101812301647,0.5035857956490946,0.03404461840807425,0.2727068297346909,0.6918097526240536,0.6076575708728077,0.6254729521713981,0.5256262354951655,0.21689194699834027,0.4031380695346956,0.45469646423689947,0.5983023847365514,0.8437566491035018,0.7138913391549824,0.17765689943646484,0.2729260614865402,0.48906762580870766,0.28132249184369457,0.2583541525796081,0.025102704115659305,0.1570238417754049,0.10846512514081429,0.25403468032848225,0.16860806088327557,0.34923383773339145,0.10520580192079079,0.5184029144457993,0.14966821310607553,0.27437346988619443,0.5767667141616837,0.40282897707983073,0.2200754221213198,0.3363263555509748,0.24830266505489515,0.2666301638694716,0.0,0.18417021457318575,0.24862762626906093,0.1256031428007595,0.32641583658787665,0.4446174788660142,0.030785756259358255,0.10035905266415891,0.24817108141486457,0.6552957218013423,0.0,0.25918359558880105,0.3273212933463289
0.276567399104559,0.13103279848868427,0.329908114543716,0.3061710908933805,0.4255282780489481,0.29860082580439284,0.3705361301018054,0.3629315983042394,0.13389668707544403,0.35207583880158355,0.6869571213942016,0.22467673756943626,0.26072271860715884,0.4526807207054099,0.26083877936753663,0.20236523132213718,0.1210742664254144,0.15348195247889845,0.2789914878744628,0.08296730389755677,0.0907105742832102,0.17866992770137483,0.22076955020157252,0.29673210198740624,0.07613060470063326,0.26929907282515697,0.389701211318963,0.2016888297105957,0.12727779412710488,0.2532183956583945,0.07410322160408622,0.22237983288126065,0.4832163234971436,0.6374739145970675,0.4200453524135087,0.4724296250028727,0.14999714878731968,0.24903494987852062,0.3704840228155512,0.4909501788855067,0.697913627637124,0.5491256977814093,0.19340605236829456,0.21751185733391407,0.4268745571413646,0.23396610258194492,0.43427308930698544,0.41521552590230687,0.23436555918773694,0.26903993204539683,0.028170502237800408,0.3190244253194325,0.2080386345325706,0.22007308509075435,0.5092568273447561,0.33056346042324153,0.2296467962389447,0.530592386487831,0.2346768327371689,0.4040965953345503,0.3019643832403148,0.24684507098742073,0.0,0.24543479391585032,0.4254413456182052,0.2599964455072081,0.3845966651344693,0.26536945413662477,0.4349260860325462,0.32260967530808765,0.2619952928061182,0.28362231862881976,0.46345781001249686,0.25918359558880105,0.0,0.19713097656805387
0.22791959052341504,0.2809927455293428,0.045640715586528685,0.4340519074738804,0.4297524094652145,0.3506677020662379,0.5188560729835694,0.15725724069959582,0.3598352657868309,0.6199928134253858,0.6166083851230125,0.16589579624120676,0.5738499619471634,0.6060936437022834,0.27797761980668106,0.34293512771585666,0.18770716798769185,0.30102306071776214,0.1367798497463204,0.4901711082385858,0.4001174870192412,0.4119679228105298,0.032874749837734835,0.2579685259091021,0.2635868382594675,0.32240727866239427,0.2684619328958278,0.4810949081714178,0.538631393253103,0.1470504599853486,0.40601632481669137,0.405285837023395,0.9046674703636388,0.6615202895602805,0.6145967917533446,0.6628443443450113,0.33519949717603525,0.4626687109172319,0.5664509292549087,0.705217080086992,0.9746228174302031,0.8071177015496132,0.2970535620351376,0.5105121195262677,0.6154175128966282,0.3225650182309445,0.16898037127081533,0.3742543869517269,0.3717721607967861,0.33522481126150305,0.4918299940980692,0.5190473932096616,0.11791870268811001,0.32954502578501743,0.663467089489574,0.5224479786334282,0.1698753777434828,0.8002698249195557,0.03261938151147295,0.26045090242677194,0.4425334263018066,0.19179347560787813,0.3088723180144872,0.45750197523678265,0.38866413893070995,0.1067233518454459,0.27828957325457077,0.33675794400868014,0.6139006324662988,0.29749745168010105,0.37254804696887167,0.3182681638888299,1.0,0.3273212933463289,0.19713097656805387,0.0
