0.0,0.7119252710383275,0.06022532024916574,0.3935796472317115,0.4814307872274368,0.27895874839505674,0.565423990190402,0.35548117784068445,0.5430947488691604,0.23635289505563484,0.37121055384612844,0.36234245243912605,0.5955740186587255,0.28700691113292304,0.3031100449059705,0.4723162795928799,0.646493304159336,0.2949714045539781,0.11085572652018667,0.09814624853307265,0.44667635435716674,0.36463056727027005,0.22847924400983377,0.6054848740463372,0.4354279165506767,0.5024072962468642,0.27280107242795265,0.5534183713060711,0.5075901639609818,0.2144747590602631,0.46105548526499884,0.7291210089171873,0.539047103741463,0.4546232454485658,0.598515631684405,0.34833313357061724,0.5383020147885532,0.08614142639887516,0.557128376197376,0.5017327071906145,0.46474767862464295,0.4715148406377101,0.40858237835355865,0.7031369699323937,0.05268538338684463,0.5752068301121512,0.4035110770334519,0.5001328594273159,0.6666717498102175,0.46235112028517694,0.4017788036964318,0.44833128657542043,0.1884126226699902,0.549991712050127,0.5033955230059947,0.31192381840183037,0.5213426097553377,0.4949902025090107,0.2412522953265737,0.12398013308741664,0.5502083584092372,0.653849003442179,0.5373987924529202,0.17388439044595624,0.49136986344979205,0.360347681556369,0.4830345022958036,0.04355273019634653,0.5012666675599198,0.5046310286189547,0.443265088565103,0.24286949687487805,0.5925641921894005,0.42759297599578416,0.26182038348773756,0.5704451907190478
0.7119252710383275,0.0,0.21550425678861976,0.3049588919282426,0.594155773772079,0.48288766620696183,0.6528572303094761,0.6078987364012207,0.5803325343253951,0.26006112723996483,0.48922912465646073,0.24277376646199925,0.8347020663701127,0.3200473459357698,0.013532175193872422,0.4104793626729636,1.0,0.41077391347629466,0.30391690980841063,0.33558890540166525,0.37367353963977346,0.5426568508026097,0.2605783720502377,0.5458349689885797,0.6583961808495052,0.8215212967434691,0.36697723569494733,0.5589850673056385,0.5343144468638855,0.4372035182117199,0.6329877283310062,0.6161682699689374,0.6336287827617566,0.7679970292973882,0.7904950872673939,0.42454500253150035,0.592162376610022,0.18313989843388334,0.7497314506418263,0.6507208102108568,0.742933912149687,0.7589657450690652,0.4468463038552915,0.6458836007476749,0.2601149975175413,0.9037923308776539,0.5591899834143005,0.5978519674103242,0.6440601922866285,0.6254952959166074,0.4410698949689502,0.5286533930167105,0.30876678927155043,0.6296735859321276,0.5499759950281897,0.42325930576487886,0.49329814340226086,0.6928601109190242,0.2366874740978568,0.09179993132514333,0.8520282115921458,0.6018161695803564,0.7510766867148035,0.24068251677405242,0.7671498311367009,0.45450167718127205,0.5511788674902199,0.27848614287615714,0.43138100266659174,0.9161218726758289,0.7804285482032793,0.2990917111492019,0.7599433874832656,0.518785197749753,0.3962440601115297,0.8578526124874973
0.06022532024916574,0.21550425678861976,0.0,0.2749656725348759,0.11010061535327151,0.08511712595573129,0.17481214598651945,0.2352221072439803,0.2070037575349043,0.24015105547501087,0.17868438549685414,0.2795828456941656,0.22230197845146552,0.0747858102482506,0.2048496638334667,0.09245145161966933,0.4146468633034372,0.21539842081134306,0.21662791872270012,0.21452059286757144,0.2697019731685582,0.18955341045777685,0.25560899473368326,0.09977487770737622,0.14119176240590697,0.20429946993675938,0.2715972294887448,0.14651869920081614,0.09415517313010159,0.19584849766705595,0.09511332337247991,0.25947868239305194,0.18305688422181499,0.24529867374524525,0.17562522923140678,0.1380719341273425,0.17106691267519405,0.24604166901792454,0.1290513992982665,0.23730798434725872,0.28589590207863735,0.2584350913788589,0.2345423156177005,0.3604721892111399,0.25703366980915165,0.2669948021865907,0.11097922586973624,0.14218575123248206,0.252540535821674,0.19345612560041472,0.09503964277019614,0.16179439348836788,0.08728021210151632,0.31695915793089,0.21895749401507397,0.22297158262641206,0.29829468280607097,0.19910350629123932,0.33999642809904024,0.21303967006611854,0.14969609058239808,0.2870375531813966,0.109192000812141,0.28313293945430157,0.30518410689308795,0.28670444557141,0.14641223933642952,0.2955607163505084,0.1885950825163654,0.30079931711058855,0.19126444956603533,0.2757758505848308,0.15982748079546,0.21138103067950031,0.2969464975007897,0.1807073946766082
0.3935796472317115,0.3049588919282426,0.2749656725348759,0.0,0.3299316180812207,0.12166924997722316,0.27252138355310174,0.31977972695131235,0.2808493142255226,0.09519509630639582,0.20902946675338685,0.23080926089688952,0.3366980586009498,0.17020172571631692,0.2598555539238721,0.12604827392006923,0.5573706051057192,0.021078108375213206,0.28701860705375176,0.06679198960930949,0.23643146313342095,0.17862804439873814,0.4844914275860346,0.38251613243933996,0.1764854119054602,0.4077774053775229,0.45044960339932805,0.2400937160150623,0.14809316636756203,0.3035308990782291,0.22335700512934248,0.30209499287476416,0.26493595172887935,0.31597854869821196,0.26323495597657065,0.2319778484573359,0.3059158828540979,0.08781745555636215,0.19480247100455264,0.360437150071484,0.2964950522323124,0.11742010053552206,0.18879338529819295,0.37985560628341974,0.15021682664766023,0.45308515586380416,0.18259777688130013,0.16765814314604094,0.3929121137725543,0.15466981600356333,0.05150544451590098,0.20565240673010068,0.11738964015671118,0.3330585023057283,0.368715421183017,0.11000089484827856,0.3026549271188752,0.26825259078723535,0.0200890591351089,0.4198988849979562,0.3249227755681859,0.3750883733638717,0.20146971770442856,0.3861174822879327,0.25851305713363476,0.2334628129684324,0.08330780700779832,0.46252032928718456,0.20944842908441802,0.4238147353602129,0.3219051286095723,0.4144353731034574,0.30149910115337003,0.09693746859466618,0.20604564648673368,0.31818333650210034
0.4814307872274368,0.594155773772079,0.11010061535327151,0.3299316180812207,0.0,0.37693277186508656,0.48070432858211365,0.4069074874506654,0.447956931005467,0.19582537364801725,0.38293616306573564,0.25820714552039664,0.5330066261744716,0.44854022373343194,0.22817414631280478,0.40461437452699855,0.6851660956268553,0.28257386841211996,0.03986110905641381,0.2004567414851989,0.3753766550784634,0.3771268214690451,0.21029493350974385,0.45381204647785367,0.5051322064174948,0.4815972906554194,0.13033412478142498,0.49251784183009273,0.38184085840805826,0.16524810583839308,0.4846353222722683,0.5450304201425371,0.3802495863758136,0.5666084760399738,0.5827208570032718,0.3742212845600757,0.4963338796514864,0.16544350320289997,0.44642081475352835,0.5425625675890057,0.611330106855357,0.5348320099552535,0.4977810947761672,0.6371073996328275,0.30126386648447534,0.7224902105061677,0.390091148383112,0.42371157231556544,0.5595069648231229,0.46294876061974904,0.3546563539382912,0.3493231472020803,0.36263691034357104,0.49037431341177534,0.44587924289983033,0.26126681168657107,0.37664985423780567,0.4630197596504818,0.16070527371128673,0.23707955102345948,0.5441194531091561,0.568822569620719,0.5524132348945872,0.14266963488076548,0.395164360846412,0.35757171908661006,0.2983377118417954,0.32380109434943094,0.3174625342612239,0.6229947418176854,0.547239315142045,0.24962381487059826,0.5496366547974894,0.3578457773818656,0.21382567400573113,0.537670492782793
0.27895874839505674,0.48288766620696183,0.08511712595573129,0.12166924997722316,0.37693277186508656,0.0,0.5165349265266251,0.3654219909037618,0.3447558140142697,0.18090482281036102,0.28596529457628544,0.3203024577230641,0.5281752352428318,0.27495113808102295,0.21940262646134004,0.2474919373085648,0.8103362356977741,0.043099201520112276,0.29988263975294494,0.015241538685709275,0.03918112921710753,0.2706840105142735,0.31070776743579054,0.21751136362287615,0.34516367732445163,0.3575489244840737,0.3520741750778331,0.388475907696115,0.20125928199346718,0.1308383003991861,0.3829747001041943,0.4369849456335766,0.36454086839671646,0.5948873592853958,0.5265318750497702,0.24786432785886162,0.3370021384435837,0.43367980989844795,0.38414466301711114,0.49306045738709936,0.5700569062744948,0.47553429017772314,0.4522050736934946,0.553748764565953,0.07447372973079733,0.45825209915353304,0.20714236214663903,0.29286120177865005,0.5654750989429663,0.3642941111613408,0.20652930144045434,0.28428375102947767,0.20045411892211484,0.3487556772713072,0.3882727416946826,0.12467372085664728,0.12019879720975837,0.4319929779117362,0.14642905884874227,0.2719968161793019,0.4461341538293345,0.4895966363252905,0.39036552415594183,0.2685887605896584,0.3753228915996751,0.11065327727730268,0.18582303057646787,0.426174181786679,0.08079046346284861,0.5292005225843142,0.4298514508507449,0.2959041376574251,0.4611540868648242,0.18708565492838633,0.31572690844919205,0.3806748762276908
0.565423990190402,0.6528572303094761,0.17481214598651945,0.27252138355310174,0.48070432858211365,0.5165349265266251,0.0,0.4036461355488787,0.5394308376446828,0.2721667570175471,0.47539495981855645,0.2942576363509722,0.5664647694719932,0.5188083362124959,0.11451058985137283,0.5230486035712262,0.802868061636848,0.4297558196793964,0.053133667633877446,0.3458313081213437,0.5229665844616364,0.6176926904534664,0.36149184664665607,0.5826344017222734,0.6003705343713251,0.6801536297412321,0.17644910671161185,0.5974018298827171,0.5713479493366318,0.36575234380053834,0.676263081160982,0.558239263959565,0.44677071540697805,0.6123350983645195,0.5345586182496737,0.39811774153231694,0.6047063841770255,0.14148389271717884,0.5036330010251872,0.6548036390867257,0.6535240254174316,0.4440381432579182,0.5246623357706234,0.674051720326669,0.36571390673057447,0.7933384760594532,0.5706351150185682,0.5145368043693014,0.5068681746709289,0.5693008806350373,0.45234354716552416,0.37943387953576063,0.32323052642826317,0.5755528798071807,0.6212908622564919,0.46057805491503506,0.4610543840424387,0.5266608039533552,0.2339582360974897,0.11237644150491855,0.8198481588692875,0.7650183882156243,0.6966313044711141,0.1933792964297317,0.5866391364333009,0.5052623788291893,0.5594361130796447,0.31964068954047536,0.47006434184316326,0.7763972869756637,0.6341882747197043,0.381191246076884,0.7064897354517634,0.5353956646563846,0.37828894591829276,0.7150855197216376
0.35548117784068445,0.6078987364012207,0.2352221072439803,0.31977972695131235,0.4069074874506654,0.3654219909037618,0.4036461355488787,0.0,0.4700210275480018,0.2313637288716328,0.4947610551818788,0.22618281884950484,0.515747478929355,0.34734660471759204,0.13363410128365596,0.3399454802557862,0.688905028163969,0.22708788593806364,0.153698666254857,0.31019874356940885,0.3597643843677421,0.4558837139508726,0.27165224300793256,0.49568063280392316,0.4809688007906471,0.6329104422948133,0.12127823243604689,0.49845621461095246,0.4146805249825064,0.2040073622643176,0.5502250685254807,0.5541830041367258,0.5518618535066797,0.680579540661793,0.6126966969647409,0.37042690498968817,0.4868737947153611,0.10106237794786604,0.43427941855122953,0.593926016937507,0.6577618778624955,0.6246057496929386,0.4316584375441049,0.5996085559050104,0.2822871474803402,0.5163361425368608,0.453722165648558,0.5787219667615668,0.5898574076838766,0.3945927395496096,0.4435007610627415,0.4989861020695202,0.24209153876583708,0.62226981989567,0.4272851821611752,0.2811415097056577,0.40556668945916,0.5297524912775121,0.24852501336797322,0.1462124865661272,0.4875234335773586,0.5845701584682256,0.435377916895592,0.22967221910402397,0.533959532941964,0.2773744023986363,0.3670361036658156,0.25129812334335266,0.41125135193299023,0.6346738007911854,0.6263168730805015,0.34590385208830376,0.5258230245273997,0.38605833829651026,0.261823257026758,0.5084928726653032
0.5430947488691604,0.5803325343253951,0.2070037575349043,0.2808493142255226,0.447956931005467,0.3447558140142697,0.5394308376446828,0.4700210275480018,0.0,0.32947748297848695,0.4495458855027143,0.18253759864738325,0.6913779412742114,0.4233114809742797,0.2483566172327838,0.49945200696366354,0.8752599386682456,0.4327810785452223,0.27875809717477545,0.3449924970877008,0.3116694901422109,0.668209101736273,0.31692278924395756,0.5065016549445049,0.684692633448905,0.5879308505867893,0.07369612699206819,0.5790192435361086,0.5245667891474424,0.4305166420830554,0.7058561347981053,0.6728918577106,0.5461714286311729,0.6783996641946719,0.6797391943245407,0.415666928324731,0.5714777898241111,0.13781163964203863,0.6059134951000802,0.6941919731179019,0.6895822798803536,0.5968158699575442,0.646834591750019,0.6388203221046564,0.2995578538654952,0.7580789884551737,0.5223483466750399,0.4548535523550198,0.5895398553149506,0.5329559089969127,0.562002897338317,0.47295230993071624,0.3439831863877889,0.6110674737804249,0.6953335004850255,0.38397139115604617,0.3423041769899898,0.7213560610691279,0.2824724951951095,0.33352536697325147,0.8058109601456319,0.8330880710172281,0.7614341741220761,0.11466438109526382,0.8022001131941681,0.369129141049252,0.5775113628790788,0.28210537966338967,0.33793012294414765,0.8309005377814348,0.6564276414169616,0.3828420388847528,0.7371747871460385,0.6014755152809004,0.6799237035498553,0.732631179272738
0.23635289505563484,0.26006112723996483,0.24015105547501087,0.09519509630639582,0.19582537364801725,0.18090482281036102,0.2721667570175471,0.2313637288716328,0.32947748297848695,0.0,0.183008318412855,0.4257750553779937,0.3852399225431334,0.19759205477757294,0.2609840472948222,0.23514417820678502,0.39989332441822445,0.1160007871398209,0.26196503097860097,0.03327217437123554,0.2851981142701186,0.1484007607750372,0.3635901137616796,0.13204628297117005,0.30417365837952215,0.3179005606911167,0.31557610255967483,0.23966843599370338,0.13293498766857492,0.1525085946110846,0.20622304179366474,0.31517999451526824,0.19743940771441162,0.2652402589914859,0.17587481796974175,0.15533720487088307,0.23886201300057658,0.4252897621703195,0.19702242623140268,0.25013282137499027,0.303563596477668,0.19053938300204826,0.31556858723167,0.36312368281669966,0.02841807328886655,0.2833348187564863,0.05509250855537392,0.06221580451984293,0.43309941946990893,0.2906386369233616,0.10280902123899008,0.21873279194723097,0.10358278172698053,0.26845285095547855,0.3311306040964307,0.0874174046654562,0.18098793243265157,0.30442950891053283,0.0693386065368767,0.3794893931655052,0.3540933961314558,0.42586049267072257,0.22803309007113698,0.3262742319799252,0.22954898637918478,0.16330798698090415,0.1330268910086312,0.4042272026856304,0.073629356508991,0.33046079198966744,0.33479330909701255,0.30993833237198326,0.2859094837530497,0.16500256134392555,0.0,0.33689036844285297
0.37121055384612844,0.48922912465646073,0.17868438549685414,0.20902946675338685,0.38293616306573564,0.28596529457628544,0.47539495981855645,0.4947610551818788,0.4495458855027143,0.183008318412855,0.0,0.23014358383129455,0.5544629607766651,0.405556849315154,0.17482112433620775,0.34648328722629945,0.755080453087105,0.34765453728054735,0.2725328704313293,0.273441982376593,0.3186370568164711,0.38316023206810085,0.2042926158693003,0.4055404972334717,0.5067147090438774,0.5204224460781889,0.26174125435117285,0.4629630837899685,0.35436671267963277,0.3064765564305079,0.45651475352412163,0.4967600439124925,0.40646672853076427,0.5353041310109377,0.514084263928744,0.3682690064193353,0.4467535249170037,0.1351396307864245,0.3869285516186489,0.612546981434729,0.5449261119907758,0.4714220681778754,0.3741366175194208,0.5645753852540977,0.3063818649319838,0.6092910997099613,0.3027297514015258,0.4142834523816598,0.5088961754979128,0.5299303065240664,0.2886647880473732,0.339209929286567,0.27003818582046324,0.47403786900591993,0.4350026326962343,0.2407042410602047,0.37166273350175194,0.49749772576572215,0.2594447898915591,0.26004786131062,0.46928305180696794,0.5491463594607454,0.40639221301852346,0.3055215131308589,0.3586102186683503,0.3068801611512759,0.3510592051166483,0.1137874928939057,0.2556016609853061,0.5327347215860568,0.4815582124713411,0.23095845943780086,0.4560178799489027,0.29785876482369944,0.32224962683361646,0.4688318417999451
0.36234245243912605,0.24277376646199925,0.2795828456941656,0.23080926089688952,0.25820714552039664,0.3203024577230641,0.2942576363509722,0.22618281884950484,0.18253759864738325,0.4257750553779937,0.23014358383129455,0.0,0.35998509700138315,0.21073758271093618,0.36645861905026705,0.0941345810683919,0.4774272930351633,0.059622640906787074,0.3732254952598366,0.31335453311902056,0.2744895876546024,0.025139661254761678,0.3693969052983581,0.27948561796635146,0.20185705594987208,0.2631026744677935,0.27671730824209195,0.16506370658571276,0.2834477668156097,0.33821912307606244,0.258924544835316,0.29096055654917213,0.32647291046621774,0.39392717342579237,0.32600699607635625,0.23873030371905535,0.3207682265235611,0.4082632696940978,0.10608844608554657,0.3584859092433817,0.3993415192077889,0.3481952460336834,0.1961809204025816,0.4599222138541872,0.10326854814928436,0.42408759819364866,0.05651794545198728,0.26165134230507503,0.3890004304931021,0.2778109874484484,0.12239352186148204,0.16348779101765895,0.051908443585265945,0.14742831467165493,0.3052925571836468,0.14029810682819954,0.22856056048498663,0.2942602584146652,0.1409395840467627,0.2974842408689852,0.29263290706524064,0.2608194676868171,0.23856671292732237,0.2827966653681114,0.047972586672759936,0.1659433511390317,0.2873849780996587,0.4498856548656129,0.20220111550413608,0.3581909890823304,0.3104345749968151,0.35700883827665564,0.33006844668453245,0.15503672847193278,0.23184557192986247,0.3365709057036848
0.5955740186587255,0.8347020663701127,0.22230197845146552,0.3366980586009498,0.5330066261744716,0.5281752352428318,0.5664647694719932,0.515747478929355,0.6913779412742114,0.3852399225431334,0.5544629607766651,0.35998509700138315,0.0,0.5348334329369809,0.170147943382789,0.5533924547741969,0.9897312221710792,0.46331628212973014,0.07403067213659077,0.3482310091464927,0.5069878936171418,0.6457270527339378,0.3310549930853086,0.6294632546993545,0.7556769803253616,0.7482161637698144,0.234130292831259,0.6326719731935407,0.5587403952793405,0.5017513869855624,0.7041644200165934,0.6346873877380621,0.6505336943337753,0.7120974236025468,0.6726388474410939,0.476700280653299,0.5770817094206988,0.19651479421934137,0.5765126060853312,0.7005496577133741,0.7474043717941588,0.6425573527540771,0.6224672403287866,0.8001486063265174,0.34205723238844393,0.7393132689446835,0.5928919079065859,0.5785474913108837,0.651165620350592,0.6523851590654689,0.5633095266499998,0.472625077746671,0.3660534502840045,0.7196643912634062,0.6974903640117308,0.43420210864686687,0.49355429836294473,0.7190942429447104,0.3534405875802424,0.12977158085929733,0.6911644460490467,0.7603516153452955,0.6952628360189961,0.2083875672144025,0.7878323416103262,0.44454514639014414,0.579071204187815,0.302225293587138,0.4145325684146375,0.792519802189851,0.6507213265224997,0.4392194382696641,0.8103514813568443,0.5895020269681595,0.47453318268239303,0.8139064030206051
0.28700691113292304,0.3200473459357698,0.0747858102482506,0.17020172571631692,0.44854022373343194,0.27495113808102295,0.5188083362124959,0.34734660471759204,0.4233114809742797,0.19759205477757294,0.405556849315154,0.21073758271093618,0.5348334329369809,0.0,0.224027168655507,0.22061386125298446,0.5620984477338147,0.1685791821540727,0.284487365325272,0.15224822115560332,0.15645359490546856,0.27297729670022436,0.3422580928621176,0.29541342185189845,0.350852666201516,0.43791773739579504,0.3041202875366664,0.4587640526590877,0.3030892115807004,0.16148846639245956,0.30170849089696167,0.3972801165254923,0.32950992098000736,0.43779244022861513,0.48193193959171904,0.2066469452354912,0.27408412106505303,0.08306207925974707,0.3601886152776213,0.3619741189076941,0.45745150594064776,0.3742887978705817,0.3635943273071964,0.6127573732986885,0.27835432585190567,0.4808654728795654,0.2343395799620352,0.27528162848789534,0.5330430764418312,0.45054852627799397,0.320182573583877,0.2987794053136981,0.21145445471236,0.40977524680910016,0.47057018539717577,0.2340453192768753,0.30199715156418105,0.4082392542433836,0.012639210177435672,0.2687167329138834,0.5483361495725003,0.5613019302553104,0.3855075488691596,0.24334412109284775,0.3549099167138094,0.1550144923390781,0.19864128463026337,0.38439756801681857,0.20043225184335722,0.5760996662491128,0.4213157065324412,0.08178332121820409,0.37051585055296743,0.19645443303314494,0.25487193765036065,0.42425946264341013
0.3031100449059705,0.013532175193872422,0.2048496638334667,0.2598555539238721,0.22817414631280478,0.21940262646134004,0.11451058985137283,0.13363410128365596,0.2483566172327838,0.2609840472948222,0.17482112433620775,0.36645861905026705,0.170147943382789,0.224027168655507,0.0,0.24539097551602873,0.3450474731201232,0.31414871948685724,0.1719346923013304,0.186775429902694,0.26665194831652284,0.15986076932519203,0.20265900234363068,0.1132680596005429,0.2298562473952052,0.13717638392504888,0.16312134976062603,0.15906065135411515,0.29263167409083524,0.21271789373605104,0.17649877399726785,0.06398625446862977,0.2028382151652155,0.25770330413677267,0.1742511231862494,0.18753880535443357,0.06824948021136941,0.2586945081406365,0.2555164937354267,0.20377867388692641,0.2818885148934681,0.1520353707843582,0.2600759226806271,0.2736234175075809,0.3805912934387799,0.21871044953806018,0.333004475278041,0.2758366158031045,0.24257439599552652,0.11757400572828225,0.24155639603580412,0.280116824605917,0.34625970740839407,0.05158890446906245,0.3070865021783549,0.20473420439238052,0.290032800196446,0.21993299865649438,0.281991337096853,0.26537641826225505,0.17892479030492886,0.0527893213032058,0.017406417495075738,0.24334483719140254,0.3810599332362655,0.2927788336453842,0.334501484153853,0.2520849146618662,0.28340519050325885,0.1721069543432445,0.15083931559348465,0.21240613530950858,0.2593955876142801,0.2322834859604587,0.23657530459129447,0.24484460241605316
0.4723162795928799,0.4104793626729636,0.09245145161966933,0.12604827392006923,0.40461437452699855,0.2474919373085648,0.5230486035712262,0.3399454802557862,0.49945200696366354,0.23514417820678502,0.34648328722629945,0.0941345810683919,0.5533924547741969,0.22061386125298446,0.24539097551602873,0.0,0.6758835429997123,0.21252675838941376,0.20567864479126297,0.17140490355698063,0.30968837012555744,0.21125111359415863,0.1492807039365725,0.45909552888436916,0.33537986417974974,0.4837164661524546,0.3040135063649538,0.3204358883818553,0.34176039794199076,0.20241980508125312,0.33622534348714855,0.3805198025938016,0.42862429137165325,0.5537399564375022,0.4434372242889143,0.3788083436617054,0.35260028027585194,0.37472823250241893,0.44971225067007947,0.5419810492001921,0.4448767919145767,0.4748417280407739,0.42575551309738907,0.5565813851366581,0.15101480239615453,0.5431386610138036,0.24639378502527937,0.2575653114225113,0.5803090678047085,0.4783150944183554,0.29934435750842103,0.40955259701026153,0.16018517049590072,0.5765601126926005,0.5736284299583206,0.22453354921909532,0.3227458258847512,0.4665760068075925,0.22768830542947036,0.18742219228227358,0.48638590259652237,0.6818949362923742,0.34181050572757077,0.20683187668532688,0.30132249555168994,0.22183205416566296,0.22344648976686196,0.2997501417392929,0.23979569112886356,0.5097546250336281,0.4147789073402073,0.1612466091658876,0.3341957056791336,0.2927994945939282,0.07116861959934521,0.43948721246243017
0.646493304159336,1.0,0.4146468633034372,0.5573706051057192,0.6851660956268553,0.8103362356977741,0.802868061636848,0.688905028163969,0.8752599386682456,0.39989332441822445,0.755080453087105,0.4774272930351633,0.9897312221710792,0.5620984477338147,0.3450474731201232,0.6758835429997123,0.0,0.5792623357621055,0.25883530136599886,0.5774495287757597,0.7453127612698007,0.8722421119674134,0.5588890937516701,0.7331532438081741,0.6983095891343272,0.8516556552789364,0.35668173472859627,0.7990462581574158,0.7690647052984583,0.47639501234146,0.6978222992655188,0.863575651654,0.8399191966859205,0.7012261737650165,0.7098751017722837,0.6174192363669102,0.8458637775439525,0.2248995387420483,0.8046931485691634,0.8076542383534471,0.8454564721001566,0.715155480177072,0.7355138273831842,0.8150172242933555,0.3622730681245051,0.8016452216064831,0.8033343371639553,0.671842276504993,0.7661314449732989,0.8345729579153062,0.6025359147808153,0.7079092897751149,0.4490036267475934,0.8156965378840842,0.7459720020251587,0.534638938793045,0.7312645078081764,0.8273360585124021,0.5788611415970168,0.26962565699210084,0.7519523970239684,0.8215960210100944,0.7875093945315731,0.3958749540083175,0.7626571894869897,0.6493696587373141,0.8309866813571253,0.337605897020107,0.6489936641880808,0.8370932857846042,0.8301610910948161,0.5015308183841652,0.8673492175487696,0.6187650990647646,0.5930182264005155,0.8194912523724461
0.2949714045539781,0.41077391347629466,0.21539842081134306,0.021078108375213206,0.28257386841211996,0.043099201520112276,0.4297558196793964,0.22708788593806364,0.4327810785452223,0.1160007871398209,0.34765453728054735,0.059622640906787074,0.46331628212973014,0.1685791821540727,0.31414871948685724,0.21252675838941376,0.5792623357621055,0.0,0.35544799718853703,0.10452044631859107,0.213316561758177,0.24812857454834636,0.2356401087105301,0.2731289770234171,0.34751102059943056,0.38859100114554257,0.2940885811761359,0.30536410181570295,0.24591681073750796,0.09355815858401152,0.35570398454048036,0.39600951296124187,0.3382435603869966,0.38662272151795274,0.37202079002009186,0.21671201122144906,0.4226399462468448,0.041155389277204045,0.2665598264107317,0.3958442362981258,0.47088909108382565,0.37235343657428116,0.2465947301712858,0.5912124166522332,0.062004069121774336,0.43411929310335406,0.2649431134664881,0.23526820833678097,0.5254558989699535,0.31132880278284286,0.1929899659009379,0.29251121751031345,0.0964325905204333,0.4179676132608416,0.43218938254039013,0.09126892643015042,0.24895561754729728,0.40383041152160704,0.0530439203851376,0.3519765439219501,0.38307574661629645,0.5359357791865106,0.291045894446945,0.2914101433658564,0.43510235217567905,0.18350285488633705,0.2892523300927935,0.26342957666175615,0.15598259907094067,0.4328976370430402,0.37387278761247583,0.08584882513399753,0.3851207893793035,0.1866258081507829,0.0614949937155381,0.3830641301913935
0.11085572652018667,0.30391690980841063,0.21662791872270012,0.28701860705375176,0.03986110905641381,0.29988263975294494,0.053133667633877446,0.153698666254857,0.27875809717477545,0.26196503097860097,0.2725328704313293,0.3732254952598366,0.07403067213659077,0.284487365325272,0.1719346923013304,0.20567864479126297,0.25883530136599886,0.35544799718853703,0.0,0.24328735325561282,0.2081262654076539,0.20988532966239534,0.25269610815077415,0.25618538395964857,0.27746153234113397,0.2888944630280183,0.23605431056673362,0.2275331878139099,0.29487586303315577,0.46196076352104987,0.25291770177730244,0.22474467814749444,0.18671680608295665,0.23625723149516512,0.21027148409549506,0.30259123381754033,0.0,0.3193802913970872,0.25089765774351563,0.25727295015621054,0.29194126853075697,0.25908683589486553,0.04321342957755378,0.27691642082404366,0.3114948802307974,0.23145566678448243,0.22418765769160667,0.2917205610661017,0.1840189136296239,0.14382518134339808,0.28177575845420766,0.00743825239362558,0.2469621399912491,0.05364481130480836,0.24012671085782178,0.2750505007356611,0.2713215317263444,0.03630418262457064,0.24663509751097984,0.1732419479731965,0.3239652763741064,0.1687477748852932,0.0,0.2512927880845781,0.2530233610717942,0.2410379501558219,0.2248659947204495,0.23068830260591758,0.21296687714836682,0.13563151724755002,0.06226428259867198,0.21454638023845876,0.05176726314222142,0.20489774407159225,0.2629889724342466,0.122031430471744
0.09814624853307265,0.33558890540166525,0.21452059286757144,0.06679198960930949,0.2004567414851989,0.015241538685709275,0.3458313081213437,0.31019874356940885,0.3449924970877008,0.03327217437123554,0.273441982376593,0.31335453311902056,0.3482310091464927,0.15224822115560332,0.186775429902694,0.17140490355698063,0.5774495287757597,0.10452044631859107,0.24328735325561282,0.0,0.11443707814747556,0.24707625914038503,0.2655974876542514,0.07030364212128891,0.2610930829331978,0.3330327361752372,0.2527445586757027,0.26294416812471755,0.13128696887501226,0.34033392970564885,0.26835745345568845,0.26060564651967655,0.3095112640603175,0.43345002442441805,0.4196830249647749,0.2533419455241337,0.3423147375543453,0.3105571135758029,0.09946864316528956,0.41325959329277706,0.3569362684218399,0.37165291695776653,0.3066330557516922,0.5524748442486376,0.11191537980657776,0.2940671407474005,0.09446588127549455,0.21749545302101853,0.4306471475803424,0.3119826545624675,0.14933221576269423,0.26453678264511354,0.0860641287517023,0.37136753300922726,0.37604155436298287,0.13567919254407002,0.08587371930191953,0.3385151309949686,0.2377061864007379,0.2910525713786304,0.27015588266846907,0.3704636307480745,0.2294017210607761,0.24699941778373385,0.29527623341025355,0.3497091852085783,0.1706143999198848,0.24526591341757042,0.257860870186425,0.42801778407626867,0.3394676676285223,0.21291015773298017,0.307153307590084,0.11562662638808031,0.3585725586060658,0.31291007735407284
0.44667635435716674,0.37367353963977346,0.2697019731685582,0.23643146313342095,0.3753766550784634,0.03918112921710753,0.5229665844616364,0.3597643843677421,0.3116694901422109,0.2851981142701186,0.3186370568164711,0.2744895876546024,0.5069878936171418,0.15645359490546856,0.26665194831652284,0.30968837012555744,0.7453127612698007,0.213316561758177,0.2081262654076539,0.11443707814747556,0.0,0.1947004300792448,0.08252596968077797,0.42055026443565285,0.43011955970000915,0.43630335186226354,0.21233969464789157,0.3823396410283111,0.24338328765785408,0.25383297500684865,0.3503262282579522,0.550478982255678,0.46227749656394385,0.5413149439134474,0.5818697240778029,0.23412201052422918,0.5824688515143502,0.47693645909961857,0.42340359982919984,0.485104319463883,0.532446601506316,0.4948473063950245,0.2922279623322022,0.6260616404963154,0.17995069507232364,0.6380724998639262,0.275822066279658,0.2563197842652325,0.6243322204629178,0.39579518196176333,0.19342898151958718,0.3631580004324272,0.11544047817637035,0.4848861715276944,0.5525539343097935,0.24166311801661905,0.37807123496259865,0.5103960438952909,0.1809123643534425,0.34532844712435984,0.4993880407810216,0.48165105519476664,0.40633882538942123,0.279822702890605,0.21930785495593058,0.2601141218640662,0.2233314134788172,0.35468372585906704,0.32469524545127026,0.5398688492052118,0.45098054258876785,0.3460197875285287,0.5096878084696741,0.24492346027131193,0.24929753985028094,0.4410401108932485
0.36463056727027005,0.5426568508026097,0.18955341045777685,0.17862804439873814,0.3771268214690451,0.2706840105142735,0.6176926904534664,0.4558837139508726,0.668209101736273,0.1484007607750372,0.38316023206810085,0.025139661254761678,0.6457270527339378,0.27297729670022436,0.15986076932519203,0.21125111359415863,0.8722421119674134,0.24812857454834636,0.20988532966239534,0.24707625914038503,0.1947004300792448,0.0,0.061625931511027465,0.23895366147488262,0.37136181817787567,0.5948120677151641,0.25325806192386274,0.40980639364708615,0.3619998188675521,0.16239217443776466,0.4705095694438679,0.4149502664993879,0.5621349279757029,0.745454076186671,0.5541049980448952,0.36431520243082416,0.44178703828707133,0.10308076337455013,0.5186040326159777,0.7001724261377495,0.645149872367711,0.5738267376648013,0.47511426337292734,0.7176267959283774,0.1425005813017028,0.48842797704056873,0.3156967238318448,0.38022269977436457,0.6247421515962087,0.4910122714229382,0.3389961073056572,0.4636396341349393,0.24134266940942942,0.6777642192073251,0.5116215102444225,0.2212442664730779,0.23451305873267833,0.6483083026270741,0.09243502321082565,0.22207685299626512,0.48313212572325814,0.6205218473036949,0.4424552821441804,0.23912072119981417,0.5967280416590313,0.22535018331639556,0.3725605478240126,0.04327408078611539,0.13944091236413025,0.6572674426090057,0.5600419293452293,0.22978502629025463,0.46097122611688685,0.3318000907671901,0.3285319404874372,0.621252681819927
0.22847924400983377,0.2605783720502377,0.25560899473368326,0.4844914275860346,0.21029493350974385,0.31070776743579054,0.36149184664665607,0.27165224300793256,0.31692278924395756,0.3635901137616796,0.2042926158693003,0.3693969052983581,0.3310549930853086,0.3422580928621176,0.20265900234363068,0.1492807039365725,0.5588890937516701,0.2356401087105301,0.25269610815077415,0.2655974876542514,0.08252596968077797,0.061625931511027465,0.0,0.16020271601824115,0.29056214645498424,0.2508725472835649,0.23407565758840046,0.19073787236320136,0.09523381474534068,0.20524170827593638,0.18409511652854177,0.3878036465867498,0.24223199404993742,0.4045244138523872,0.44040350462425515,0.16283476477707232,0.30915391274911025,0.38001216644186253,0.264374521002572,0.33529348288277533,0.4790630080086855,0.4659611854556741,0.31247768159677536,0.5764945412816819,0.003972115971016575,0.41640121630537774,0.07204261970400354,0.10174869761841776,0.4957410168989797,0.32677522881903165,0.06826943632979542,0.2465521188592095,0.09857947799321454,0.3287305320790144,0.2909601039477701,0.35763440935854884,0.0550775791401153,0.33963060795411587,0.320536601985097,0.26742168231271185,0.39710106016349517,0.47037066228825836,0.2541203680978225,0.32289045039984066,0.13148584688902137,0.05460159304382451,0.056256947640258785,0.3934870256873708,0.04119599561035729,0.43561337408381046,0.21078759447324424,0.3125299160126179,0.32107508101477744,0.08533382873056009,0.23254856062863735,0.21729526612447556
0.6054848740463372,0.5458349689885797,0.09977487770737622,0.38251613243933996,0.45381204647785367,0.21751136362287615,0.5826344017222734,0.49568063280392316,0.5065016549445049,0.13204628297117005,0.4055404972334717,0.27948561796635146,0.6294632546993545,0.29541342185189845,0.1132680596005429,0.45909552888436916,0.7331532438081741,0.2731289770234171,0.25618538395964857,0.07030364212128891,0.42055026443565285,0.23895366147488262,0.16020271601824115,0.0,0.49098578538615023,0.47496031566454133,0.24796769727183973,0.44342920956473864,0.4157199809735206,0.22204626525662363,0.4557248009075486,0.6811494310386119,0.5637962230453364,0.5385546100745005,0.601961939162133,0.3635460954607838,0.5214035969521101,0.41870175141486,0.4954456073071716,0.5946739127011564,0.4772773231522123,0.44751483311439183,0.33419849142957775,0.6121368391971601,0.07938029582968276,0.5812344259226901,0.39202492715472564,0.3955950256546954,0.6613195041747122,0.5804083071841405,0.2184676878937977,0.5058859291973219,0.18271005143114744,0.47945590480220107,0.5142282586267554,0.2690652511511015,0.47341602554828704,0.5847670991105832,0.32307447307431236,0.07339035877532894,0.6202220142989203,0.5208935788159798,0.5912346957093897,0.08543454529523167,0.3514018695516123,0.3607413576729095,0.40929569076731154,0.3514673263403784,0.376369003165451,0.5792352782482936,0.48714377328269176,0.1190585363026811,0.5934010054295902,0.3243889892294274,0.3923510395059068,0.5148774348178453
0.4354279165506767,0.6583961808495052,0.14119176240590697,0.1764854119054602,0.5051322064174948,0.34516367732445163,0.6003705343713251,0.4809688007906471,0.684692633448905,0.30417365837952215,0.5067147090438774,0.20185705594987208,0.7556769803253616,0.350852666201516,0.2298562473952052,0.33537986417974974,0.6983095891343272,0.34751102059943056,0.27746153234113397,0.2610930829331978,0.43011955970000915,0.37136181817787567,0.29056214645498424,0.49098578538615023,0.0,0.6663397788567431,0.37931216494885145,0.4931536940615184,0.5374541294905331,0.36046779501012194,0.4770968062633679,0.5175693825432298,0.588942362188173,0.5776212215928409,0.6429938143827625,0.44481220932682414,0.519222806546838,0.13155563507148443,0.6951866686347463,0.5430235985970663,0.662967109999921,0.6248844125068679,0.5784629912237481,0.7177197538959956,0.21778035745892993,0.6346788242717445,0.4093023029851316,0.4150887758031711,0.752929443081849,0.5897300101909854,0.4943423444444852,0.5549638166975532,0.23003206537089824,0.6406063932876076,0.58945441316522,0.3130937155121111,0.3696402924509462,0.675631448658583,0.3065368055298056,0.4210953540288329,0.606438474404029,0.6597620389582678,0.5443395282963561,0.09117482910726803,0.5223655221383454,0.44953482611863665,0.38287686812209354,0.11815134795609569,0.3184872363369483,0.701328706220051,0.6341774951218887,0.26210380978503334,0.5509667848691006,0.515307154000988,0.3973931750650064,0.5874726368643501
0.5024072962468642,0.8215212967434691,0.20429946993675938,0.4077774053775229,0.4815972906554194,0.3575489244840737,0.6801536297412321,0.6329104422948133,0.5879308505867893,0.3179005606911167,0.5204224460781889,0.2631026744677935,0.7482161637698144,0.43791773739579504,0.13717638392504888,0.4837164661524546,0.8516556552789364,0.38859100114554257,0.2888944630280183,0.3330327361752372,0.43630335186226354,0.5948120677151641,0.2508725472835649,0.47496031566454133,0.6663397788567431,0.0,0.27096691431818554,0.610563647422393,0.5109629174200006,0.4010997178663611,0.5825406352222945,0.7286332065786184,0.5847989763476473,0.7434587717227052,0.6523739861417094,0.477243254963964,0.6398552964333519,0.1234482318266568,0.5526092751075334,0.7121399969666726,0.8012219977630292,0.6638639315647225,0.5606668118102234,0.8047618381957681,0.22214023422053722,0.7236823952164604,0.5444170645170195,0.6119471440725032,0.7172755511795512,0.6204932664664561,0.5740261263918942,0.6231851131894195,0.3038385088746051,0.8076520189890396,0.5766585744369763,0.35116109243238214,0.3714865216090071,0.6858751097275535,0.3556711193669605,0.10978351390960386,0.7038307522438829,0.7689432430181661,0.6999787187831285,0.25061333729001656,0.8301317640705538,0.36516126098195917,0.5763207723843327,0.2509116529223964,0.40720001253519134,0.7754946878105878,0.6178109341291372,0.3894674488760094,0.7215785617696855,0.48973777665063156,0.5406395102927126,0.7706452514425383
0.27280107242795265,0.36697723569494733,0.2715972294887448,0.45044960339932805,0.13033412478142498,0.3520741750778331,0.17644910671161185,0.12127823243604689,0.07369612699206819,0.31557610255967483,0.26174125435117285,0.27671730824209195,0.234130292831259,0.3041202875366664,0.16312134976062603,0.3040135063649538,0.35668173472859627,0.2940885811761359,0.23605431056673362,0.2527445586757027,0.21233969464789157,0.25325806192386274,0.23407565758840046,0.24796769727183973,0.37931216494885145,0.27096691431818554,0.0,0.2393357916813518,0.28829752141523024,0.25260093215218743,0.2904320435294553,0.18439964730811348,0.21568574000422294,0.2540975759297664,0.24972466087992434,0.3560192452636781,0.12270365673405119,0.3636165835812745,0.3386096381549015,0.23751603980613226,0.28962214289171473,0.22613179115372312,0.12167041361583804,0.4521046804759275,0.35663231093307785,0.10815246750750397,0.2757276942703762,0.2826962975060037,0.2703831062994996,0.11925987642450828,0.2531759865027526,0.3337974284017986,0.3407051830855633,0.1422104672302704,0.08462370997830247,0.2129114218134361,0.23060775329627217,0.09470825012525985,0.2844101634710975,0.17383271722108506,0.03830995757909622,0.17868464431291636,0.23893465176582926,0.21992236035846963,0.2546033415214096,0.2268555196979603,0.2615281065839767,0.2372940558443673,0.22219618395890314,0.17621640409722947,0.022029017549470058,0.24438856238036383,0.3376864397583835,0.23664497924240233,0.39845825671664103,0.3102387635523949
0.5534183713060711,0.5589850673056385,0.14651869920081614,0.2400937160150623,0.49251784183009273,0.388475907696115,0.5974018298827171,0.49845621461095246,0.5790192435361086,0.23966843599370338,0.4629630837899685,0.16506370658571276,0.6326719731935407,0.4587640526590877,0.15906065135411515,0.3204358883818553,0.7990462581574158,0.30536410181570295,0.2275331878139099,0.26294416812471755,0.3823396410283111,0.40980639364708615,0.19073787236320136,0.44342920956473864,0.4931536940615184,0.610563647422393,0.2393357916813518,0.0,0.4888892516591586,0.2734934268209426,0.4103159685852481,0.5036074606521215,0.5341871167787023,0.4969467356401344,0.5704008611273914,0.3825456433132011,0.4789389742557713,0.10954259163971689,0.4198261143146729,0.5947082860768557,0.6086960921960094,0.5337980744877493,0.5901396009755568,0.765251621691194,0.2703837462103875,0.5967340016432061,0.40910792720504185,0.38962212432642557,0.6402071660470722,0.621894871628989,0.441880952842726,0.48738047309361715,0.25206632728117173,0.5669650418820068,0.6086279837286386,0.30652147644133854,0.34758363637051554,0.6383999555088423,0.2903091991198612,0.2638317590916185,0.7722069414457493,0.6350838274098911,0.6211124592303618,0.04927672273717475,0.5678874054086639,0.3350572666407561,0.3908757792667742,0.14018561810675717,0.26060405598657826,0.677728351847968,0.5372556799296219,0.2699398596483485,0.6006202634265618,0.4390876319046528,0.3051035167284459,0.5365328286021288
0.5075901639609818,0.5343144468638855,0.09415517313010159,0.14809316636756203,0.38184085840805826,0.20125928199346718,0.5713479493366318,0.4146805249825064,0.5245667891474424,0.13293498766857492,0.35436671267963277,0.2834477668156097,0.5587403952793405,0.3030892115807004,0.29263167409083524,0.34176039794199076,0.7690647052984583,0.24591681073750796,0.29487586303315577,0.13128696887501226,0.24338328765785408,0.3619998188675521,0.09523381474534068,0.4157199809735206,0.5374541294905331,0.5109629174200006,0.28829752141523024,0.4888892516591586,0.0,0.1608264592524685,0.42258258691039285,0.522238234142952,0.4269110291505571,0.5479195751504161,0.5363027106227534,0.4061636101640548,0.4074018066466113,0.3246894159759835,0.5559908815085168,0.565940993586583,0.4739140999694917,0.5689406403870295,0.5310603189699241,0.6006763670990823,0.07326256375953573,0.7369870367706676,0.3123379554241759,0.27338058034928514,0.6147913551976053,0.47041415955818555,0.2400261909242956,0.4136214155631539,0.23555067222692605,0.5283918728820198,0.5291364118178744,0.23358185383914853,0.2842819405412816,0.5765059522936866,0.15944766315737655,0.22320874590731354,0.41539820495426466,0.5150902229574379,0.4399670317365242,0.27360689499824026,0.4799078432713312,0.21000903392554404,0.3181719479631418,0.2989464738005281,0.2378511798263937,0.5834223057581389,0.4744680015753995,0.10124759344174955,0.5035142126073263,0.25468942737160316,0.20296936501112917,0.5373050279493983
0.2144747590602631,0.4372035182117199,0.19584849766705595,0.3035308990782291,0.16524810583839308,0.1308383003991861,0.36575234380053834,0.2040073622643176,0.4305166420830554,0.1525085946110846,0.3064765564305079,0.33821912307606244,0.5017513869855624,0.16148846639245956,0.21271789373605104,0.20241980508125312,0.47639501234146,0.09355815858401152,0.46196076352104987,0.34033392970564885,0.25383297500684865,0.16239217443776466,0.20524170827593638,0.22204626525662363,0.36046779501012194,0.4010997178663611,0.25260093215218743,0.2734934268209426,0.1608264592524685,0.0,0.1482205222106287,0.3710604176259078,0.2916298564982033,0.29520843149163384,0.29270028484794575,0.2872001058107255,0.21134931101988266,0.24389968629294154,0.3679821620125791,0.3339677508025324,0.40110021519463623,0.3312182500293246,0.5765777263156878,0.5305356937328347,0.38032937171177045,0.6130507169089079,0.1125451120532735,0.23863096402085118,0.43830014096185554,0.44237775408328983,0.17237979263039943,0.27342944953147535,0.160189316011787,0.4311945723069982,0.4949208907165807,0.13782841459032355,0.10351424519936665,0.39071260891143983,0.162269654645584,0.27257429533529354,0.6546091723619437,0.6422854614422739,0.40644705517835733,0.40715529507283144,0.5100055645940041,0.1324252684407366,0.07175145596668496,0.4766624182830958,0.31622123114107287,0.57752246047105,0.4823516015025281,0.22793136118363358,0.4809829114263967,0.26265303791469236,0.18680793778806876,0.4401554810876554
0.46105548526499884,0.6329877283310062,0.09511332337247991,0.22335700512934248,0.4846353222722683,0.3829747001041943,0.676263081160982,0.5502250685254807,0.7058561347981053,0.20622304179366474,0.45651475352412163,0.258924544835316,0.7041644200165934,0.30170849089696167,0.17649877399726785,0.33622534348714855,0.6978222992655188,0.35570398454048036,0.25291770177730244,0.26835745345568845,0.3503262282579522,0.4705095694438679,0.18409511652854177,0.4557248009075486,0.4770968062633679,0.5825406352222945,0.2904320435294553,0.4103159685852481,0.42258258691039285,0.1482205222106287,0.0,0.5454292331313898,0.5398646805043339,0.6027068217014909,0.6076586953278483,0.4408345002653601,0.5866350692062643,0.07533556900533815,0.5795143502381241,0.6215874860298847,0.7411334274388364,0.6826653292288721,0.403451907906998,0.6586077677213857,0.2788119939102839,0.8135902569169366,0.4518736672066115,0.45591829334763423,0.6568749513399622,0.6389175251054197,0.29894778025334656,0.5372312518939093,0.25715942206701947,0.6478225789582441,0.5665701619736038,0.19506506716640828,0.41844555263418437,0.5443740285144628,0.1993985882438862,0.2733759992067727,0.6888171376087268,0.6332745307936614,0.5956950866201133,0.029467290661129956,0.7936984137653396,0.3217358270883687,0.5343927082541733,0.24012974556253758,0.32908040143186074,0.7717580903138762,0.786558492624811,0.2710767735769096,0.6599163095563896,0.3132439312173385,0.04795746848042657,0.5425754593212692
0.7291210089171873,0.6161682699689374,0.25947868239305194,0.30209499287476416,0.5450304201425371,0.4369849456335766,0.558239263959565,0.5541830041367258,0.6728918577106,0.31517999451526824,0.4967600439124925,0.29096055654917213,0.6346873877380621,0.3972801165254923,0.06398625446862977,0.3805198025938016,0.863575651654,0.39600951296124187,0.22474467814749444,0.26060564651967655,0.550478982255678,0.4149502664993879,0.3878036465867498,0.6811494310386119,0.5175693825432298,0.7286332065786184,0.18439964730811348,0.5036074606521215,0.522238234142952,0.3710604176259078,0.5454292331313898,0.0,0.5786905718187382,0.663217910949567,0.5509143653391816,0.3728482539851599,0.5303600350923627,0.13048615524083212,0.6316645728825041,0.5928906958553414,0.6833030733995281,0.5214722598487331,0.5370925935171652,0.6649239635694718,0.22772283593136078,0.7353590618127305,0.5528073251362164,0.48530545640106515,0.5489460135939886,0.5804312048892009,0.45276856403972104,0.44168186016963473,0.29273889804590514,0.5416044223725874,0.7104041654462588,0.4010435841681592,0.5561251922075824,0.47148426381014197,0.3414969389692405,0.19036794472298618,0.7182321464231413,0.8775187665664871,0.572627413832107,0.29182116797280744,0.520813266719171,0.4056914699621879,0.41308110516974295,0.31726324418134566,0.5004306066756914,0.8494441716170944,0.6690715294389087,0.3433270362191297,0.5873271415580418,0.5560966235922694,0.3867061869659576,0.6195464893921317
0.539047103741463,0.6336287827617566,0.18305688422181499,0.26493595172887935,0.3802495863758136,0.36454086839671646,0.44677071540697805,0.5518618535066797,0.5461714286311729,0.19743940771441162,0.40646672853076427,0.32647291046621774,0.6505336943337753,0.32950992098000736,0.2028382151652155,0.42862429137165325,0.8399191966859205,0.3382435603869966,0.18671680608295665,0.3095112640603175,0.46227749656394385,0.5621349279757029,0.24223199404993742,0.5637962230453364,0.588942362188173,0.5847989763476473,0.21568574000422294,0.5341871167787023,0.4269110291505571,0.2916298564982033,0.5398646805043339,0.5786905718187382,0.0,0.45242768886680307,0.6121422179803789,0.22534053921991798,0.47226649575307456,0.18154301376765167,0.403103035062097,0.41593980200414243,0.4300212448818932,0.4360698014546741,0.32146294240316287,0.5788026344480878,0.2513069358132255,0.6969036811853844,0.5528245346395237,0.5170483527588228,0.6095298289487036,0.3974886005015141,0.36116263670874454,0.36741503445704815,0.34483686923830087,0.6353384210966869,0.45973613094091587,0.31048355058140326,0.4913647981963791,0.446573295873006,0.2550792375144638,0.21999000162369564,0.5577307414612859,0.5384862833148102,0.5815237162118688,0.15007311070831192,0.5745305183660966,0.4273880743782375,0.6129109674994375,0.35774002178730174,0.49280246789130816,0.7780244892557682,0.6071934797206633,0.33085920872065533,0.5311997359184103,0.43015056305878646,0.3478242572993474,0.6656517173740331
0.4546232454485658,0.7679970292973882,0.24529867374524525,0.31597854869821196,0.5666084760399738,0.5948873592853958,0.6123350983645195,0.680579540661793,0.6783996641946719,0.2652402589914859,0.5353041310109377,0.39392717342579237,0.7120974236025468,0.43779244022861513,0.25770330413677267,0.5537399564375022,0.7012261737650165,0.38662272151795274,0.23625723149516512,0.43345002442441805,0.5413149439134474,0.745454076186671,0.4045244138523872,0.5385546100745005,0.5776212215928409,0.7434587717227052,0.2540975759297664,0.4969467356401344,0.5479195751504161,0.29520843149163384,0.6027068217014909,0.663217910949567,0.45242768886680307,0.0,0.653322400139725,0.3722519197469839,0.6924062321658813,0.2747537551947682,0.5007193486144841,0.6131639439493574,0.6709090679070774,0.5412925419025415,0.3673718669861772,0.8038022948483139,0.27843294890141246,0.7407960749483898,0.5415794219168444,0.7101580700269098,0.737066076723567,0.6849957217787711,0.5347283259687046,0.5284671156600392,0.3978277420086177,0.7976094659501068,0.5367508694331143,0.40454376035988276,0.5289086961477028,0.58140642556499,0.25690560298979187,0.2541968047621456,0.5927273286359179,0.6059250647976924,0.6376050024427191,0.26025599721649506,0.5333949064968364,0.4378091911666664,0.5465829540737026,0.5305064526252292,0.47029203832123145,0.8644400760490617,0.751093040124375,0.45316317112551086,0.676847964499521,0.44769169344657445,0.5316896524075363,0.6476591958014017
0.598515631684405,0.7904950872673939,0.17562522923140678,0.26323495597657065,0.5827208570032718,0.5265318750497702,0.5345586182496737,0.6126966969647409,0.6797391943245407,0.17587481796974175,0.514084263928744,0.32600699607635625,0.6726388474410939,0.48193193959171904,0.1742511231862494,0.4434372242889143,0.7098751017722837,0.37202079002009186,0.21027148409549506,0.4196830249647749,0.5818697240778029,0.5541049980448952,0.44040350462425515,0.601961939162133,0.6429938143827625,0.6523739861417094,0.24972466087992434,0.5704008611273914,0.5363027106227534,0.29270028484794575,0.6076586953278483,0.5509143653391816,0.6121422179803789,0.653322400139725,0.0,0.37737855067917336,0.6261280872875684,0.18035240273201936,0.723442043756642,0.5540893364225526,0.6978811181498003,0.4987519029307131,0.45361859123548154,0.7649457523413357,0.24889507758565985,0.7877651944456373,0.6440172221256636,0.5554301763422896,0.6939739701031813,0.576863969244267,0.5289728825251868,0.5478636114909756,0.36040652266186507,0.7584376988373697,0.5399043515238597,0.3806181094619479,0.497298805568566,0.5914986166784025,0.3337407756230476,0.21222753505560338,0.6421954698889352,0.6718131333990126,0.584004231691535,0.29108976451195645,0.539730652405355,0.4340459456191406,0.5593147250821371,0.45837121936064557,0.44426854558361506,0.9236582293034958,0.6944980968744222,0.4205268279969895,0.5929507552005536,0.527998677282343,0.48282226526265143,0.6337908041473843
0.34833313357061724,0.42454500253150035,0.1380719341273425,0.2319778484573359,0.3742212845600757,0.24786432785886162,0.39811774153231694,0.37042690498968817,0.415666928324731,0.15533720487088307,0.3682690064193353,0.23873030371905535,0.476700280653299,0.2066469452354912,0.18753880535443357,0.3788083436617054,0.6174192363669102,0.21671201122144906,0.30259123381754033,0.2533419455241337,0.23412201052422918,0.36431520243082416,0.16283476477707232,0.3635460954607838,0.44481220932682414,0.477243254963964,0.3560192452636781,0.3825456433132011,0.4061636101640548,0.2872001058107255,0.4408345002653601,0.3728482539851599,0.22534053921991798,0.3722519197469839,0.37737855067917336,0.0,0.43756525149287906,0.0942544662802822,0.33557339625948096,0.4014906973428944,0.5120143489830828,0.36905215300976796,0.3835198730515535,0.580560820133268,0.2354171984369806,0.5428850233358498,0.3249355062308625,0.28828378289181983,0.35308390677967205,0.3439139634351595,0.32453282508770653,0.24462790668248638,0.24023346515877758,0.4143308656633732,0.5223109327682605,0.24242870820763923,0.33483670230790136,0.3568542144561614,0.005157544549133038,0.23017766858407182,0.5222112965888318,0.6215340538472551,0.4402117311804713,0.06167756594618771,0.44931393446590756,0.2664315966947988,0.3169042733545157,0.1500411498998098,0.21436628537379906,0.6295094470332603,0.4309693913859115,0.24935547541209335,0.4087973098283423,0.34245912654432087,0.1370252381844967,0.45039796080555894
0.5383020147885532,0.592162376610022,0.17106691267519405,0.3059158828540979,0.4963338796514864,0.3370021384435837,0.6047063841770255,0.4868737947153611,0.5714777898241111,0.23886201300057658,0.4467535249170037,0.3207682265235611,0.5770817094206988,0.27408412106505303,0.06824948021136941,0.35260028027585194,0.8458637775439525,0.4226399462468448,0.0,0.3423147375543453,0.5824688515143502,0.44178703828707133,0.30915391274911025,0.5214035969521101,0.519222806546838,0.6398552964333519,0.12270365673405119,0.4789389742557713,0.4074018066466113,0.21134931101988266,0.5866350692062643,0.5303600350923627,0.47226649575307456,0.6924062321658813,0.6261280872875684,0.43756525149287906,0.0,0.1883086555405053,0.5289809730559092,0.4921214828691179,0.638699313908411,0.38493040932204114,0.43764214580385313,0.5705767278119023,0.28694678468261753,0.7362270765530197,0.45631545112819477,0.5251518294015646,0.5164618882073441,0.526107816425947,0.37191884938349073,0.4814288614578741,0.29069861243991374,0.5890568389114879,0.5149693234948477,0.40913410821440893,0.4582091628137124,0.5314863111906194,0.16006492827166785,0.11628415396649594,0.6454946314852325,0.7126353223986791,0.4799319993865107,0.24372157124646554,0.48463741364905466,0.42427887853699936,0.36371553487591074,0.24606032115710946,0.45601908648657286,0.7338486246243402,0.6160431729418401,0.3266462603871224,0.5058798900399023,0.4932959348333909,0.2750485151422562,0.6722395546923656
0.08614142639887516,0.18313989843388334,0.24604166901792454,0.08781745555636215,0.16544350320289997,0.43367980989844795,0.14148389271717884,0.10106237794786604,0.13781163964203863,0.4252897621703195,0.1351396307864245,0.4082632696940978,0.19651479421934137,0.08306207925974707,0.2586945081406365,0.37472823250241893,0.2248995387420483,0.041155389277204045,0.3193802913970872,0.3105571135758029,0.47693645909961857,0.10308076337455013,0.38001216644186253,0.41870175141486,0.13155563507148443,0.1234482318266568,0.3636165835812745,0.10954259163971689,0.3246894159759835,0.24389968629294154,0.07533556900533815,0.13048615524083212,0.18154301376765167,0.2747537551947682,0.18035240273201936,0.0942544662802822,0.1883086555405053,0.0,0.6019000026562867,0.2837129394106725,0.3420723421022773,0.29651123591681305,0.18606361615045214,0.26937242951488233,0.1436222238956755,0.2552937894637295,0.2626418581017776,0.05361719474473423,0.22483316565426859,0.1713118267632217,0.03245058265151369,0.12046477435823977,0.05699416402387533,0.2627615689425123,0.13731543170419047,0.4252402311727758,0.05722756009032541,0.05765223215430239,0.45361542197762833,0.2991393405533786,0.32528954221249734,0.2044696378099493,0.17220733948395886,0.3088581978073003,0.1887953494878155,0.4315817409628374,0.0838024889640557,0.44425339400375696,0.3951593600965442,0.32671379313070315,0.1824135599412606,0.39611846587418803,0.08414427228565216,0.38552997325037763,0.32396490404913986,0.17641381735082684
0.557128376197376,0.7497314506418263,0.1290513992982665,0.19480247100455264,0.44642081475352835,0.38414466301711114,0.5036330010251872,0.43427941855122953,0.6059134951000802,0.19702242623140268,0.3869285516186489,0.10608844608554657,0.5765126060853312,0.3601886152776213,0.2555164937354267,0.44971225067007947,0.8046931485691634,0.2665598264107317,0.25089765774351563,0.09946864316528956,0.42340359982919984,0.5186040326159777,0.264374521002572,0.4954456073071716,0.6951866686347463,0.5526092751075334,0.3386096381549015,0.4198261143146729,0.5559908815085168,0.3679821620125791,0.5795143502381241,0.6316645728825041,0.403103035062097,0.5007193486144841,0.723442043756642,0.33557339625948096,0.5289809730559092,0.6019000026562867,0.0,0.4317096346202999,0.573103833705613,0.4312102818717254,0.493705735849759,0.557021901067127,0.1684736062734105,0.6874236563213995,0.5662144354163303,0.4069141882667712,0.5242219609996558,0.5239931822116937,0.4954134674295763,0.340833108777939,0.31020646484979425,0.6139213691752942,0.5265167159449027,0.24489890827457195,0.3479412707435397,0.5630464470757887,0.2846499581312784,0.3378366446726529,0.6297073611100037,0.7049778710205544,0.5972974196930266,0.1310354403291634,0.546775042450561,0.341037698545863,0.5067721672361737,0.22837218855283367,0.42440363940276676,0.7561145512001839,0.6826758784375353,0.2558946004567435,0.6581362652520871,0.5437817925101046,0.3216258020992543,0.6387650586564539
0.5017327071906145,0.6507208102108568,0.23730798434725872,0.360437150071484,0.5425625675890057,0.49306045738709936,0.6548036390867257,0.593926016937507,0.6941919731179019,0.25013282137499027,0.612546981434729,0.3584859092433817,0.7005496577133741,0.3619741189076941,0.20377867388692641,0.5419810492001921,0.8076542383534471,0.3958442362981258,0.25727295015621054,0.41325959329277706,0.485104319463883,0.7001724261377495,0.33529348288277533,0.5946739127011564,0.5430235985970663,0.7121399969666726,0.23751603980613226,0.5947082860768557,0.565940993586583,0.3339677508025324,0.6215874860298847,0.5928906958553414,0.41593980200414243,0.6131639439493574,0.5540893364225526,0.4014906973428944,0.4921214828691179,0.2837129394106725,0.4317096346202999,0.0,0.5485751445718952,0.5424148710751509,0.3857299548348748,0.6979664933053714,0.32015754817145,0.7153235991555417,0.5524839756092298,0.6235395088423757,0.6265891490915485,0.5872057846269645,0.494855224316958,0.4908208474990194,0.27582948861468515,0.7202774981017517,0.5200122186452886,0.3930847227342577,0.5398314973962124,0.5468479199708051,0.22351153671665341,0.19481804473840134,0.7323241525562364,0.5705446515237915,0.6382679800946927,0.2495837655055842,0.7382518051876931,0.43519059835190516,0.6828859262637846,0.46910511283125955,0.4634235165798873,0.8225626087044706,0.6468800408183607,0.40031026505737477,0.6630701829550696,0.538239340560549,0.3692622940584058,0.6104218574086621
0.46474767862464295,0.742933912149687,0.28589590207863735,0.2964950522323124,0.611330106855357,0.5700569062744948,0.6535240254174316,0.6577618778624955,0.6895822798803536,0.303563596477668,0.5449261119907758,0.3993415192077889,0.7474043717941588,0.45745150594064776,0.2818885148934681,0.4448767919145767,0.8454564721001566,0.47088909108382565,0.29194126853075697,0.3569362684218399,0.532446601506316,0.645149872367711,0.4790630080086855,0.4772773231522123,0.662967109999921,0.8012219977630292,0.28962214289171473,0.6086960921960094,0.4739140999694917,0.40110021519463623,0.7411334274388364,0.6833030733995281,0.4300212448818932,0.6709090679070774,0.6978811181498003,0.5120143489830828,0.638699313908411,0.3420723421022773,0.573103833705613,0.5485751445718952,0.0,0.6344064032451966,0.519249869651038,0.8084211708488739,0.34673237193590173,0.6802574442696971,0.6113839168122056,0.6525317738591773,0.7523528089648053,0.6901629167625695,0.5752069296618004,0.5681300900896535,0.4475467946414397,0.7251630875157764,0.5535598372887339,0.5143030872583384,0.5114223393200755,0.620979499226744,0.329654563198109,0.207729588189465,0.5757005442609365,0.8001157851369529,0.6558909576545964,0.3714396824276207,0.5834879959198066,0.5053381459242451,0.5887768591116512,0.6009540805946401,0.40491592699798207,1.0000000000000002,0.8617533047600092,0.5124897050020645,0.5556239583912638,0.5377926584196681,0.4622186832189488,0.6647636712476773
0.4715148406377101,0.7589657450690652,0.2584350913788589,0.11742010053552206,0.5348320099552535,0.47553429017772314,0.4440381432579182,0.6246057496929386,0.5968158699575442,0.19053938300204826,0.4714220681778754,0.3481952460336834,0.6425573527540771,0.3742887978705817,0.1520353707843582,0.4748417280407739,0.715155480177072,0.37235343657428116,0.25908683589486553,0.37165291695776653,0.4948473063950245,0.5738267376648013,0.4659611854556741,0.44751483311439183,0.6248844125068679,0.6638639315647225,0.22613179115372312,0.5337980744877493,0.5689406403870295,0.3312182500293246,0.6826653292288721,0.5214722598487331,0.4360698014546741,0.5412925419025415,0.4987519029307131,0.36905215300976796,0.38493040932204114,0.29651123591681305,0.4312102818717254,0.5424148710751509,0.6344064032451966,0.0,0.43962500272649707,0.5307681497642638,0.24948940173386805,0.6086316368850436,0.6425689747864173,0.5031938760671695,0.5221926129360864,0.5793923920456041,0.5453455479760286,0.42044425501791366,0.46207436094369536,0.6005131905142314,0.40809185282202026,0.3604308089038327,0.3835432613999345,0.40844355107035346,0.23572008561584398,0.1716767346110653,0.6939231091234421,0.6455680027761699,0.5503372424367309,0.18906694325525725,0.622236149996045,0.3791405170300072,0.6137493757751051,0.5298528313697548,0.36294603255070224,0.8730861195768669,0.6113935707247657,0.4657555244445724,0.5411057141073228,0.5876465413226216,0.28904400388611884,0.6516698017087574
0.40858237835355865,0.4468463038552915,0.2345423156177005,0.18879338529819295,0.4977810947761672,0.4522050736934946,0.5246623357706234,0.4316584375441049,0.646834591750019,0.31556858723167,0.3741366175194208,0.1961809204025816,0.6224672403287866,0.3635943273071964,0.2600759226806271,0.42575551309738907,0.7355138273831842,0.2465947301712858,0.04321342957755378,0.3066330557516922,0.2922279623322022,0.47511426337292734,0.31247768159677536,0.33419849142957775,0.5784629912237481,0.5606668118102234,0.12167041361583804,0.5901396009755568,0.5310603189699241,0.5765777263156878,0.403451907906998,0.5370925935171652,0.32146294240316287,0.3673718669861772,0.45361859123548154,0.3835198730515535,0.43764214580385313,0.18606361615045214,0.493705735849759,0.3857299548348748,0.519249869651038,0.43962500272649707,0.0,0.6556347747758531,0.2696725402191443,0.48845690941779696,0.34859870386941594,0.35772126215155803,0.6330480167533065,0.5572656725584564,0.4720678321905744,0.39902784200401736,0.32216996527306463,0.6348211580789439,0.5152839870196189,0.3496528609704399,0.3123805631700677,0.5497202999037673,0.2583393871567804,0.30754929640167183,0.6209728976373863,0.7206109681338854,0.46626640647797396,0.0617582026539871,0.5540366188245635,0.21605838288578444,0.43847196125286947,0.2572604704995555,0.19473548828282836,0.6822174183325063,0.5028627137811325,0.35465335154765437,0.46930012087060946,0.47418588244680415,0.29632863646704105,0.5197393148398742
0.7031369699323937,0.6458836007476749,0.3604721892111399,0.37985560628341974,0.6371073996328275,0.553748764565953,0.674051720326669,0.5996085559050104,0.6388203221046564,0.36312368281669966,0.5645753852540977,0.4599222138541872,0.8001486063265174,0.6127573732986885,0.2736234175075809,0.5565813851366581,0.8150172242933555,0.5912124166522332,0.27691642082404366,0.5524748442486376,0.6260616404963154,0.7176267959283774,0.5764945412816819,0.6121368391971601,0.7177197538959956,0.8047618381957681,0.4521046804759275,0.765251621691194,0.6006763670990823,0.5305356937328347,0.6586077677213857,0.6649239635694718,0.5788026344480878,0.8038022948483139,0.7649457523413357,0.580560820133268,0.5705767278119023,0.26937242951488233,0.557021901067127,0.6979664933053714,0.8084211708488739,0.5307681497642638,0.6556347747758531,0.0,0.5244518402498789,0.8868766138972757,0.682202858309126,0.5523671426883461,0.6516423325677477,0.7301849567274095,0.5246767227666249,0.5986384955532307,0.4064847606347711,0.6805280396019154,0.8085779392091801,0.5022626491975233,0.62463626881662,0.7181492258319006,0.4067224767432005,0.33003602894337186,0.6854807275883065,0.6510824426933284,0.6362101930945305,0.2480534275328301,0.8115689209385366,0.5786089570753705,0.7014906719939974,0.49462401912382215,0.5598546098723072,0.9111896110662835,0.85861333846544,0.5611897247461642,0.8449391792744076,0.7025670459086024,0.5109112791660176,0.8620646412901648
0.05268538338684463,0.2601149975175413,0.25703366980915165,0.15021682664766023,0.30126386648447534,0.07447372973079733,0.36571390673057447,0.2822871474803402,0.2995578538654952,0.02841807328886655,0.3063818649319838,0.10326854814928436,0.34205723238844393,0.27835432585190567,0.3805912934387799,0.15101480239615453,0.3622730681245051,0.062004069121774336,0.3114948802307974,0.11191537980657776,0.17995069507232364,0.1425005813017028,0.003972115971016575,0.07938029582968276,0.21778035745892993,0.22214023422053722,0.35663231093307785,0.2703837462103875,0.07326256375953573,0.38032937171177045,0.2788119939102839,0.22772283593136078,0.2513069358132255,0.27843294890141246,0.24889507758565985,0.2354171984369806,0.28694678468261753,0.1436222238956755,0.1684736062734105,0.32015754817145,0.34673237193590173,0.24948940173386805,0.2696725402191443,0.5244518402498789,0.0,0.24827180150248163,0.1710260741904366,0.18669677137023855,0.47416790859027375,0.4021274165848133,0.20474913528641508,0.3144755460887524,0.166877411418519,0.3152082275220934,0.3325547175402679,0.2768173282790904,0.1611485843056102,0.3126320418812666,0.1321939516729524,0.3406953078456693,0.18960155638546067,0.4482575863333418,0.26278764862045095,0.3967132226024431,0.30693958230514395,0.17045138502942594,0.09492605409877816,0.4156557497617528,0.036880758098802854,0.4661106583918105,0.3276981803967534,0.0604000690193718,0.33292789367566084,0.21811177373328142,0.0,0.32046782622969233
0.5752068301121512,0.9037923308776539,0.2669948021865907,0.45308515586380416,0.7224902105061677,0.45825209915353304,0.7933384760594532,0.5163361425368608,0.7580789884551737,0.2833348187564863,0.6092910997099613,0.42408759819364866,0.7393132689446835,0.4808654728795654,0.21871044953806018,0.5431386610138036,0.8016452216064831,0.43411929310335406,0.23145566678448243,0.2940671407474005,0.6380724998639262,0.48842797704056873,0.41640121630537774,0.5812344259226901,0.6346788242717445,0.7236823952164604,0.10815246750750397,0.5967340016432061,0.7369870367706676,0.6130507169089079,0.8135902569169366,0.7353590618127305,0.6969036811853844,0.7407960749483898,0.7877651944456373,0.5428850233358498,0.7362270765530197,0.2552937894637295,0.6874236563213995,0.7153235991555417,0.6802574442696971,0.6086316368850436,0.48845690941779696,0.8868766138972757,0.24827180150248163,0.0,0.6199608654701665,0.5884179301702464,0.8029390055764353,0.6876937100654862,0.4971902404149262,0.6696251112706693,0.32704287791106496,0.7726939227491523,0.6294448159309136,0.49131276490711245,0.5576579544201773,0.7201340430885579,0.3533796629636289,0.271751034228138,0.7258010402174913,0.8994030554887155,0.7304001065100703,0.4043511915697376,0.6564662472023239,0.4361474869868559,0.6677719256712548,0.2956164966248104,0.500574546549756,0.6931948666750551,0.6241364006861726,0.42500867367855,0.7643265973497907,0.5755992546919697,0.47029395387472844,0.6802545368407579
0.4035110770334519,0.5591899834143005,0.11097922586973624,0.18259777688130013,0.390091148383112,0.20714236214663903,0.5706351150185682,0.453722165648558,0.5223483466750399,0.05509250855537392,0.3027297514015258,0.05651794545198728,0.5928919079065859,0.2343395799620352,0.333004475278041,0.24639378502527937,0.8033343371639553,0.2649431134664881,0.22418765769160667,0.09446588127549455,0.275822066279658,0.3156967238318448,0.07204261970400354,0.39202492715472564,0.4093023029851316,0.5444170645170195,0.2757276942703762,0.40910792720504185,0.3123379554241759,0.1125451120532735,0.4518736672066115,0.5528073251362164,0.5528245346395237,0.5415794219168444,0.6440172221256636,0.3249355062308625,0.45631545112819477,0.2626418581017776,0.5662144354163303,0.5524839756092298,0.6113839168122056,0.6425689747864173,0.34859870386941594,0.682202858309126,0.1710260741904366,0.6199608654701665,0.0,0.3825617263694099,0.5443040830458891,0.4874767218616692,0.2539800985669398,0.45523710963246433,0.19687462629747618,0.5267078482533308,0.4652553838820529,0.17762992165130537,0.30819179191463475,0.5646672180371295,0.06343153122808683,0.20848454292453553,0.5081492588234012,0.49879581862030775,0.48521294895918354,0.2197674947749975,0.3266256135527375,0.2555599551651191,0.2866347641835723,0.23871700718741237,0.2257759517184785,0.5726926854125407,0.48367572610331566,0.09628941499761562,0.43008785687979284,0.2677830170645413,0.11689154788069135,0.49095447806898673
0.5001328594273159,0.5978519674103242,0.14218575123248206,0.16765814314604094,0.42371157231556544,0.29286120177865005,0.5145368043693014,0.5787219667615668,0.4548535523550198,0.06221580451984293,0.4142834523816598,0.26165134230507503,0.5785474913108837,0.27528162848789534,0.2758366158031045,0.2575653114225113,0.671842276504993,0.23526820833678097,0.2917205610661017,0.21749545302101853,0.2563197842652325,0.38022269977436457,0.10174869761841776,0.3955950256546954,0.4150887758031711,0.6119471440725032,0.2826962975060037,0.38962212432642557,0.27338058034928514,0.23863096402085118,0.45591829334763423,0.48530545640106515,0.5170483527588228,0.7101580700269098,0.5554301763422896,0.28828378289181983,0.5251518294015646,0.05361719474473423,0.4069141882667712,0.6235395088423757,0.6525317738591773,0.5031938760671695,0.35772126215155803,0.5523671426883461,0.18669677137023855,0.5884179301702464,0.3825617263694099,0.0,0.621287854358662,0.640767354697732,0.24095067004722892,0.38597740854357765,0.3456253750578164,0.4371060055435208,0.3919336534229752,0.20754120798658746,0.40734957518174963,0.5093212951810093,0.13589770162724232,0.385722319335347,0.45106648353400675,0.5054364580498357,0.3871624788909074,0.20535389993591568,0.49502923846203334,0.30726816480316654,0.37413627697316515,0.16797258636276913,0.28763749709248254,0.6684727033157567,0.6073049621475591,0.14991333279239952,0.5138013508077509,0.24843973929246155,0.2299830091355197,0.5590142811984847
0.6666717498102175,0.6440601922866285,0.252540535821674,0.3929121137725543,0.5595069648231229,0.5654750989429663,0.5068681746709289,0.5898574076838766,0.5895398553149506,0.43309941946990893,0.5088961754979128,0.3890004304931021,0.651165620350592,0.5330430764418312,0.24257439599552652,0.5803090678047085,0.7661314449732989,0.5254558989699535,0.1840189136296239,0.4306471475803424,0.6243322204629178,0.6247421515962087,0.4957410168989797,0.6613195041747122,0.752929443081849,0.7172755511795512,0.2703831062994996,0.6402071660470722,0.6147913551976053,0.43830014096185554,0.6568749513399622,0.5489460135939886,0.6095298289487036,0.737066076723567,0.6939739701031813,0.35308390677967205,0.5164618882073441,0.22483316565426859,0.5242219609996558,0.6265891490915485,0.7523528089648053,0.5221926129360864,0.6330480167533065,0.6516423325677477,0.47416790859027375,0.8029390055764353,0.5443040830458891,0.621287854358662,0.0,0.7047756999255577,0.4834730449904538,0.5009554992361777,0.3947510449891731,0.546232785723158,0.6736965574495218,0.4940610523451917,0.5813708106083746,0.5899554817357036,0.4931874024284847,0.2426923989750068,0.7602053636905054,0.8232994856338572,0.5945447238886574,0.31528080801692887,0.7101231746163809,0.5351679985568244,0.570271196139561,0.3899372414381831,0.5054878679807764,0.856050213329845,0.6904292542943348,0.4979511822476504,0.7237221600312925,0.5508306330728411,0.35769226022271006,0.7884703200233742
0.46235112028517694,0.6254952959166074,0.19345612560041472,0.15466981600356333,0.46294876061974904,0.3642941111613408,0.5693008806350373,0.3945927395496096,0.5329559089969127,0.2906386369233616,0.5299303065240664,0.2778109874484484,0.6523851590654689,0.45054852627799397,0.11757400572828225,0.4783150944183554,0.8345729579153062,0.31132880278284286,0.14382518134339808,0.3119826545624675,0.39579518196176333,0.4910122714229382,0.32677522881903165,0.5804083071841405,0.5897300101909854,0.6204932664664561,0.11925987642450828,0.621894871628989,0.47041415955818555,0.44237775408328983,0.6389175251054197,0.5804312048892009,0.3974886005015141,0.6849957217787711,0.576863969244267,0.3439139634351595,0.526107816425947,0.1713118267632217,0.5239931822116937,0.5872057846269645,0.6901629167625695,0.5793923920456041,0.5572656725584564,0.7301849567274095,0.4021274165848133,0.6876937100654862,0.4874767218616692,0.640767354697732,0.7047756999255577,0.0,0.4644815217909781,0.3785591462481583,0.3598416882725703,0.50798052044328,0.6626550423489289,0.36309261633950485,0.45175639094602976,0.6077399089974855,0.29915693600392945,0.33585806438246285,0.7536613871190057,0.7550196612383919,0.6041761605712996,0.17932382019649593,0.6021889051237256,0.4973329369769622,0.4156482650820744,0.31882471111691235,0.44917172927428367,0.6600904636128703,0.6622735417144685,0.41922298318452905,0.658789349387835,0.5359784666227003,0.2873054083445452,0.62331930342072
0.4017788036964318,0.4410698949689502,0.09503964277019614,0.05150544451590098,0.3546563539382912,0.20652930144045434,0.45234354716552416,0.4435007610627415,0.562002897338317,0.10280902123899008,0.2886647880473732,0.12239352186148204,0.5633095266499998,0.320182573583877,0.24155639603580412,0.29934435750842103,0.6025359147808153,0.1929899659009379,0.28177575845420766,0.14933221576269423,0.19342898151958718,0.3389961073056572,0.06826943632979542,0.2184676878937977,0.4943423444444852,0.5740261263918942,0.2531759865027526,0.441880952842726,0.2400261909242956,0.17237979263039943,0.29894778025334656,0.45276856403972104,0.36116263670874454,0.5347283259687046,0.5289728825251868,0.32453282508770653,0.37191884938349073,0.03245058265151369,0.4954134674295763,0.494855224316958,0.5752069296618004,0.5453455479760286,0.4720678321905744,0.5246767227666249,0.20474913528641508,0.4971902404149262,0.2539800985669398,0.24095067004722892,0.4834730449904538,0.4644815217909781,0.0,0.42498943176688747,0.18319269891334422,0.48917575315065187,0.4324646285558165,0.15596273728234628,0.20788932614675745,0.5579216904399003,0.14740387579831338,0.26564648515817496,0.5958833395858232,0.5195557099439633,0.4032503525839549,0.22442667938253574,0.5289929932597632,0.1784055829132569,0.33211691418419487,0.37122523472686014,0.11483259521748163,0.6077017072025114,0.47758971545390805,0.2064398718902764,0.48676797598071647,0.2990722728064422,0.18051825464102333,0.4699081767842974
0.44833128657542043,0.5286533930167105,0.16179439348836788,0.20565240673010068,0.3493231472020803,0.28428375102947767,0.37943387953576063,0.4989861020695202,0.47295230993071624,0.21873279194723097,0.339209929286567,0.16348779101765895,0.472625077746671,0.2987794053136981,0.280116824605917,0.40955259701026153,0.7079092897751149,0.29251121751031345,0.00743825239362558,0.26453678264511354,0.3631580004324272,0.4636396341349393,0.2465521188592095,0.5058859291973219,0.5549638166975532,0.6231851131894195,0.3337974284017986,0.48738047309361715,0.4136214155631539,0.27342944953147535,0.5372312518939093,0.44168186016963473,0.36741503445704815,0.5284671156600392,0.5478636114909756,0.24462790668248638,0.4814288614578741,0.12046477435823977,0.340833108777939,0.4908208474990194,0.5681300900896535,0.42044425501791366,0.39902784200401736,0.5986384955532307,0.3144755460887524,0.6696251112706693,0.45523710963246433,0.38597740854357765,0.5009554992361777,0.3785591462481583,0.42498943176688747,0.0,0.24755021343037031,0.40817153027072733,0.49127877368142064,0.2508433987915941,0.40652357031451536,0.46054251313728584,0.15397428919021652,0.3054420289746818,0.46650772917075056,0.6217013625679807,0.49878300563545075,0.10693114097492959,0.5119002126119947,0.39125732963889404,0.3785577101281549,0.2079999808433294,0.33625353184972334,0.6150340524467488,0.514345174985913,0.3046186494198607,0.6131254584459715,0.4239066841568042,0.27120464519391585,0.5808088008276202
0.1884126226699902,0.30876678927155043,0.08728021210151632,0.11738964015671118,0.36263691034357104,0.20045411892211484,0.32323052642826317,0.24209153876583708,0.3439831863877889,0.10358278172698053,0.27003818582046324,0.051908443585265945,0.3660534502840045,0.21145445471236,0.34625970740839407,0.16018517049590072,0.4490036267475934,0.0964325905204333,0.2469621399912491,0.0860641287517023,0.11544047817637035,0.24134266940942942,0.09857947799321454,0.18271005143114744,0.23003206537089824,0.3038385088746051,0.3407051830855633,0.25206632728117173,0.23555067222692605,0.160189316011787,0.25715942206701947,0.29273889804590514,0.34483686923830087,0.3978277420086177,0.36040652266186507,0.24023346515877758,0.29069861243991374,0.05699416402387533,0.31020646484979425,0.27582948861468515,0.4475467946414397,0.46207436094369536,0.32216996527306463,0.4064847606347711,0.166877411418519,0.32704287791106496,0.19687462629747618,0.3456253750578164,0.3947510449891731,0.3598416882725703,0.18319269891334422,0.24755021343037031,0.0,0.368055491027622,0.3519614682996037,0.1623803496616809,0.15230754189569987,0.3123603672008407,0.10127772776304617,0.4243266322082033,0.3398238458310116,0.5005268170871148,0.2500687536643512,0.2576857648280344,0.27996377595519456,0.09681585616503192,0.17166998904728425,0.12652883038917737,0.019520899801394313,0.5034514604584168,0.35251978542327883,0.19932938836640937,0.2607521593586091,0.20176840878615157,0.11212795976171354,0.31337122129501777
0.549991712050127,0.6296735859321276,0.31695915793089,0.3330585023057283,0.49037431341177534,0.3487556772713072,0.5755528798071807,0.62226981989567,0.6110674737804249,0.26845285095547855,0.47403786900591993,0.14742831467165493,0.7196643912634062,0.40977524680910016,0.05158890446906245,0.5765601126926005,0.8156965378840842,0.4179676132608416,0.05364481130480836,0.37136753300922726,0.4848861715276944,0.6777642192073251,0.3287305320790144,0.47945590480220107,0.6406063932876076,0.8076520189890396,0.1422104672302704,0.5669650418820068,0.5283918728820198,0.4311945723069982,0.6478225789582441,0.5416044223725874,0.6353384210966869,0.7976094659501068,0.7584376988373697,0.4143308656633732,0.5890568389114879,0.2627615689425123,0.6139213691752942,0.7202774981017517,0.7251630875157764,0.6005131905142314,0.6348211580789439,0.6805280396019154,0.3152082275220934,0.7726939227491523,0.5267078482533308,0.4371060055435208,0.546232785723158,0.50798052044328,0.48917575315065187,0.40817153027072733,0.368055491027622,0.0,0.7019813874784695,0.3450246896229788,0.39744270988102093,0.6112052318599803,0.26742161562612515,0.10353777179129567,0.6443651838361939,0.7445674290903739,0.4860652850717175,0.2030879532719226,0.8287535814637816,0.3979781042695581,0.5209182606388797,0.3101879048878088,0.30830218051941066,0.6711269641605786,0.6672257961533999,0.4347688190563103,0.7244377736263808,0.5257026941089524,0.4864897452967258,0.6259362000061304
0.5033955230059947,0.5499759950281897,0.21895749401507397,0.368715421183017,0.44587924289983033,0.3882727416946826,0.6212908622564919,0.4272851821611752,0.6953335004850255,0.3311306040964307,0.4350026326962343,0.3052925571836468,0.6974903640117308,0.47057018539717577,0.3070865021783549,0.5736284299583206,0.7459720020251587,0.43218938254039013,0.24012671085782178,0.37604155436298287,0.5525539343097935,0.5116215102444225,0.2909601039477701,0.5142282586267554,0.58945441316522,0.5766585744369763,0.08462370997830247,0.6086279837286386,0.5291364118178744,0.4949208907165807,0.5665701619736038,0.7104041654462588,0.45973613094091587,0.5367508694331143,0.5399043515238597,0.5223109327682605,0.5149693234948477,0.13731543170419047,0.5265167159449027,0.5200122186452886,0.5535598372887339,0.40809185282202026,0.5152839870196189,0.8085779392091801,0.3325547175402679,0.6294448159309136,0.4652553838820529,0.3919336534229752,0.6736965574495218,0.6626550423489289,0.4324646285558165,0.49127877368142064,0.3519614682996037,0.7019813874784695,0.0,0.37088349812195354,0.3866207555510303,0.7075940101217915,0.26018315445671375,0.07468810128743461,0.509528937093627,0.6927337216203181,0.6014255775361372,0.1766924097605237,0.7149489765435204,0.5142026013681127,0.6338044413718767,0.283858310038976,0.3792967085745864,0.6764741008492091,0.583888339540732,0.3423155417314165,0.6403393790251293,0.47543109791822913,0.4397380904248291,0.618661808357399
0.31192381840183037,0.42325930576487886,0.22297158262641206,0.11000089484827856,0.26126681168657107,0.12467372085664728,0.46057805491503506,0.2811415097056577,0.38397139115604617,0.0874174046654562,0.2407042410602047,0.14029810682819954,0.43420210864686687,0.2340453192768753,0.20473420439238052,0.22453354921909532,0.534638938793045,0.09126892643015042,0.2750505007356611,0.13567919254407002,0.24166311801661905,0.2212442664730779,0.35763440935854884,0.2690652511511015,0.3130937155121111,0.35116109243238214,0.2129114218134361,0.30652147644133854,0.23358185383914853,0.13782841459032355,0.19506506716640828,0.4010435841681592,0.31048355058140326,0.40454376035988276,0.3806181094619479,0.24242870820763923,0.40913410821440893,0.4252402311727758,0.24489890827457195,0.3930847227342577,0.5143030872583384,0.3604308089038327,0.3496528609704399,0.5022626491975233,0.2768173282790904,0.49131276490711245,0.17762992165130537,0.20754120798658746,0.4940610523451917,0.36309261633950485,0.15596273728234628,0.2508433987915941,0.1623803496616809,0.3450246896229788,0.37088349812195354,0.0,0.25493475744320393,0.26746609169153013,0.09909345011075854,0.2385442502065107,0.35973889530918485,0.48082016608466144,0.2965087655681967,0.23023686929300005,0.19286546187752024,0.1771149198447762,0.19981858712281264,0.2976287871994158,0.18841314509291654,0.46377019128831964,0.33580952286392823,0.06153948090529329,0.33269710114210177,0.15162777692229407,0.18533738176738263,0.4042159785320762
0.5213426097553377,0.49329814340226086,0.29829468280607097,0.3026549271188752,0.37664985423780567,0.12019879720975837,0.4610543840424387,0.40556668945916,0.3423041769899898,0.18098793243265157,0.37166273350175194,0.22856056048498663,0.49355429836294473,0.30199715156418105,0.290032800196446,0.3227458258847512,0.7312645078081764,0.24895561754729728,0.2713215317263444,0.08587371930191953,0.37807123496259865,0.23451305873267833,0.0550775791401153,0.47341602554828704,0.3696402924509462,0.3714865216090071,0.23060775329627217,0.34758363637051554,0.2842819405412816,0.10351424519936665,0.41844555263418437,0.5561251922075824,0.4913647981963791,0.5289086961477028,0.497298805568566,0.33483670230790136,0.4582091628137124,0.05722756009032541,0.3479412707435397,0.5398314973962124,0.5114223393200755,0.3835432613999345,0.3123805631700677,0.62463626881662,0.1611485843056102,0.5576579544201773,0.30819179191463475,0.40734957518174963,0.5813708106083746,0.45175639094602976,0.20788932614675745,0.40652357031451536,0.15230754189569987,0.39744270988102093,0.3866207555510303,0.25493475744320393,0.0,0.46674335126518535,0.2691229919299458,0.23535713141724707,0.35659477046352334,0.41824496872437367,0.4515300114055641,0.05155789027146497,0.24601524549842863,0.26985915461855836,0.23341068722162675,0.33960835327478206,0.3440332956569838,0.5265413521442869,0.4383816965926954,0.09553516913229317,0.4723191255641589,0.2872147989235939,0.16086398750390596,0.4466910370589752
0.4949902025090107,0.6928601109190242,0.19910350629123932,0.26825259078723535,0.4630197596504818,0.4319929779117362,0.5266608039533552,0.5297524912775121,0.7213560610691279,0.30442950891053283,0.49749772576572215,0.2942602584146652,0.7190942429447104,0.4082392542433836,0.21993299865649438,0.4665760068075925,0.8273360585124021,0.40383041152160704,0.03630418262457064,0.3385151309949686,0.5103960438952909,0.6483083026270741,0.33963060795411587,0.5847670991105832,0.675631448658583,0.6858751097275535,0.09470825012525985,0.6383999555088423,0.5765059522936866,0.39071260891143983,0.5443740285144628,0.47148426381014197,0.446573295873006,0.58140642556499,0.5914986166784025,0.3568542144561614,0.5314863111906194,0.05765223215430239,0.5630464470757887,0.5468479199708051,0.620979499226744,0.40844355107035346,0.5497202999037673,0.7181492258319006,0.3126320418812666,0.7201340430885579,0.5646672180371295,0.5093212951810093,0.5899554817357036,0.6077399089974855,0.5579216904399003,0.46054251313728584,0.3123603672008407,0.6112052318599803,0.7075940101217915,0.26746609169153013,0.46674335126518535,0.0,0.3470818028120955,0.35443835081121006,0.5967401098672941,0.8099123347243439,0.6167749111880536,0.13749313177768796,0.6751418495307046,0.4145454108541589,0.5632783823706824,0.24587380250323004,0.46914570434206543,0.8940463208963867,0.70017574797709,0.4484561961233734,0.6442949438774708,0.6339437432028537,0.33975132253805296,0.69619274052867
0.2412522953265737,0.2366874740978568,0.33999642809904024,0.0200890591351089,0.16070527371128673,0.14642905884874227,0.2339582360974897,0.24852501336797322,0.2824724951951095,0.0693386065368767,0.2594447898915591,0.1409395840467627,0.3534405875802424,0.012639210177435672,0.281991337096853,0.22768830542947036,0.5788611415970168,0.0530439203851376,0.24663509751097984,0.2377061864007379,0.1809123643534425,0.09243502321082565,0.320536601985097,0.32307447307431236,0.3065368055298056,0.3556711193669605,0.2844101634710975,0.2903091991198612,0.15944766315737655,0.162269654645584,0.1993985882438862,0.3414969389692405,0.2550792375144638,0.25690560298979187,0.3337407756230476,0.005157544549133038,0.16006492827166785,0.45361542197762833,0.2846499581312784,0.22351153671665341,0.329654563198109,0.23572008561584398,0.2583393871567804,0.4067224767432005,0.1321939516729524,0.3533796629636289,0.06343153122808683,0.13589770162724232,0.4931874024284847,0.29915693600392945,0.14740387579831338,0.15397428919021652,0.10127772776304617,0.26742161562612515,0.26018315445671375,0.09909345011075854,0.2691229919299458,0.3470818028120955,0.0,0.2555426028861982,0.5333043750542055,0.4467911451776051,0.31176308989008045,0.3411742695302556,0.11674698831191052,0.08672782217316355,0.14378071326322883,0.2993501048811766,0.19606213267472122,0.31565690474054364,0.279864111518799,0.27753093801885415,0.23690777797394114,0.15793268143516306,0.1806331015410392,0.22106420480270608
0.12398013308741664,0.09179993132514333,0.21303967006611854,0.4198988849979562,0.23707955102345948,0.2719968161793019,0.11237644150491855,0.1462124865661272,0.33352536697325147,0.3794893931655052,0.26004786131062,0.2974842408689852,0.12977158085929733,0.2687167329138834,0.26537641826225505,0.18742219228227358,0.26962565699210084,0.3519765439219501,0.1732419479731965,0.2910525713786304,0.34532844712435984,0.22207685299626512,0.26742168231271185,0.07339035877532894,0.4210953540288329,0.10978351390960386,0.17383271722108506,0.2638317590916185,0.22320874590731354,0.27257429533529354,0.2733759992067727,0.19036794472298618,0.21999000162369564,0.2541968047621456,0.21222753505560338,0.23017766858407182,0.11628415396649594,0.2991393405533786,0.3378366446726529,0.19481804473840134,0.207729588189465,0.1716767346110653,0.30754929640167183,0.33003602894337186,0.3406953078456693,0.271751034228138,0.20848454292453553,0.385722319335347,0.2426923989750068,0.33585806438246285,0.26564648515817496,0.3054420289746818,0.4243266322082033,0.10353777179129567,0.07468810128743461,0.2385442502065107,0.23535713141724707,0.35443835081121006,0.2555426028861982,0.0,0.29488896664585895,0.1468037824592722,0.17123785226070212,0.299161221378628,0.20823732060543151,0.27697636151298977,0.2565316138448031,0.23415916841923595,0.18844911194309935,0.12648050726022128,0.09221460224890299,0.2527987955602391,0.33181294058062094,0.19262766432261946,0.3773946240677896,0.2650779347254832
0.5502083584092372,0.8520282115921458,0.14969609058239808,0.3249227755681859,0.5441194531091561,0.4461341538293345,0.8198481588692875,0.4875234335773586,0.8058109601456319,0.3540933961314558,0.46928305180696794,0.29263290706524064,0.6911644460490467,0.5483361495725003,0.17892479030492886,0.48638590259652237,0.7519523970239684,0.38307574661629645,0.3239652763741064,0.27015588266846907,0.4993880407810216,0.48313212572325814,0.39710106016349517,0.6202220142989203,0.606438474404029,0.7038307522438829,0.03830995757909622,0.7722069414457493,0.41539820495426466,0.6546091723619437,0.6888171376087268,0.7182321464231413,0.5577307414612859,0.5927273286359179,0.6421954698889352,0.5222112965888318,0.6454946314852325,0.32528954221249734,0.6297073611100037,0.7323241525562364,0.5757005442609365,0.6939231091234421,0.6209728976373863,0.6854807275883065,0.18960155638546067,0.7258010402174913,0.5081492588234012,0.45106648353400675,0.7602053636905054,0.7536613871190057,0.5958833395858232,0.46650772917075056,0.3398238458310116,0.6443651838361939,0.509528937093627,0.35973889530918485,0.35659477046352334,0.5967401098672941,0.5333043750542055,0.29488896664585895,0.0,0.5298490764030566,0.5670330599950956,0.17156082884088633,0.6737277911174568,0.5074529683586524,0.5484135150748967,0.28475604073345573,0.44610406067998903,0.722223474676363,0.8191719293848294,0.35958903613316867,0.763208833851275,0.4725990972001581,0.31950796914919277,0.7656849360075052
0.653849003442179,0.6018161695803564,0.2870375531813966,0.3750883733638717,0.568822569620719,0.4895966363252905,0.7650183882156243,0.5845701584682256,0.8330880710172281,0.42586049267072257,0.5491463594607454,0.2608194676868171,0.7603516153452955,0.5613019302553104,0.0527893213032058,0.6818949362923742,0.8215960210100944,0.5359357791865106,0.1687477748852932,0.3704636307480745,0.48165105519476664,0.6205218473036949,0.47037066228825836,0.5208935788159798,0.6597620389582678,0.7689432430181661,0.17868464431291636,0.6350838274098911,0.5150902229574379,0.6422854614422739,0.6332745307936614,0.8775187665664871,0.5384862833148102,0.6059250647976924,0.6718131333990126,0.6215340538472551,0.7126353223986791,0.2044696378099493,0.7049778710205544,0.5705446515237915,0.8001157851369529,0.6455680027761699,0.7206109681338854,0.6510824426933284,0.4482575863333418,0.8994030554887155,0.49879581862030775,0.5054364580498357,0.8232994856338572,0.7550196612383919,0.5195557099439633,0.6217013625679807,0.5005268170871148,0.7445674290903739,0.6927337216203181,0.48082016608466144,0.41824496872437367,0.8099123347243439,0.4467911451776051,0.1468037824592722,0.5298490764030566,0.0,0.6862888723587897,0.28599310703220515,0.6199785177854814,0.5095410223463597,0.578316656037822,0.3617407477158331,0.3829099154922083,0.8275937457078728,0.8300831369282893,0.37404322161318376,0.789109786876554,0.50193346930976,0.5323345465887771,0.7776924652211443
0.5373987924529202,0.7510766867148035,0.109192000812141,0.20146971770442856,0.5524132348945872,0.39036552415594183,0.6966313044711141,0.435377916895592,0.7614341741220761,0.22803309007113698,0.40639221301852346,0.23856671292732237,0.6952628360189961,0.3855075488691596,0.017406417495075738,0.34181050572757077,0.7875093945315731,0.291045894446945,0.0,0.2294017210607761,0.40633882538942123,0.4424552821441804,0.2541203680978225,0.5912346957093897,0.5443395282963561,0.6999787187831285,0.23893465176582926,0.6211124592303618,0.4399670317365242,0.40644705517835733,0.5956950866201133,0.572627413832107,0.5815237162118688,0.6376050024427191,0.584004231691535,0.4402117311804713,0.4799319993865107,0.17220733948395886,0.5972974196930266,0.6382679800946927,0.6558909576545964,0.5503372424367309,0.46626640647797396,0.6362101930945305,0.26278764862045095,0.7304001065100703,0.48521294895918354,0.3871624788909074,0.5945447238886574,0.6041761605712996,0.4032503525839549,0.49878300563545075,0.2500687536643512,0.4860652850717175,0.6014255775361372,0.2965087655681967,0.4515300114055641,0.6167749111880536,0.31176308989008045,0.17123785226070212,0.5670330599950956,0.6862888723587897,0.0,0.0948717506249654,0.5867423182726458,0.4389702351205744,0.449785896500414,0.24103606182041398,0.4628496663997557,0.7355475707863298,0.6424317991058521,0.30901976293011185,0.5965126072963867,0.45866209457497453,0.38963750363361577,0.6169209701180988
0.17388439044595624,0.24068251677405242,0.28313293945430157,0.3861174822879327,0.14266963488076548,0.2685887605896584,0.1933792964297317,0.22967221910402397,0.11466438109526382,0.3262742319799252,0.3055215131308589,0.2827966653681114,0.2083875672144025,0.24334412109284775,0.24334483719140254,0.20683187668532688,0.3958749540083175,0.2914101433658564,0.2512927880845781,0.24699941778373385,0.279822702890605,0.23912072119981417,0.32289045039984066,0.08543454529523167,0.09117482910726803,0.25061333729001656,0.21992236035846963,0.04927672273717475,0.27360689499824026,0.40715529507283144,0.029467290661129956,0.29182116797280744,0.15007311070831192,0.26025599721649506,0.29108976451195645,0.06167756594618771,0.24372157124646554,0.3088581978073003,0.1310354403291634,0.2495837655055842,0.3714396824276207,0.18906694325525725,0.0617582026539871,0.2480534275328301,0.3967132226024431,0.4043511915697376,0.2197674947749975,0.20535389993591568,0.31528080801692887,0.17932382019649593,0.22442667938253574,0.10693114097492959,0.2576857648280344,0.2030879532719226,0.1766924097605237,0.23023686929300005,0.05155789027146497,0.13749313177768796,0.3411742695302556,0.299161221378628,0.17156082884088633,0.28599310703220515,0.0948717506249654,0.0,0.04725787891942077,0.30969529694753045,0.2284464277570771,0.2502706283052706,0.26658710406270925,0.2566016521905572,0.16140856778267346,0.2504232469080538,0.12446269111206514,0.26421875123910166,0.22161001267621444,0.20444731727876286
0.49136986344979205,0.7671498311367009,0.30518410689308795,0.25851305713363476,0.395164360846412,0.3753228915996751,0.5866391364333009,0.533959532941964,0.8022001131941681,0.22954898637918478,0.3586102186683503,0.047972586672759936,0.7878323416103262,0.3549099167138094,0.3810599332362655,0.30132249555168994,0.7626571894869897,0.43510235217567905,0.2530233610717942,0.29527623341025355,0.21930785495593058,0.5967280416590313,0.13148584688902137,0.3514018695516123,0.5223655221383454,0.8301317640705538,0.2546033415214096,0.5678874054086639,0.4799078432713312,0.5100055645940041,0.7936984137653396,0.520813266719171,0.5745305183660966,0.5333949064968364,0.539730652405355,0.44931393446590756,0.48463741364905466,0.1887953494878155,0.546775042450561,0.7382518051876931,0.5834879959198066,0.622236149996045,0.5540366188245635,0.8115689209385366,0.30693958230514395,0.6564662472023239,0.3266256135527375,0.49502923846203334,0.7101231746163809,0.6021889051237256,0.5289929932597632,0.5119002126119947,0.27996377595519456,0.8287535814637816,0.7149489765435204,0.19286546187752024,0.24601524549842863,0.6751418495307046,0.11674698831191052,0.20823732060543151,0.6737277911174568,0.6199785177854814,0.5867423182726458,0.04725787891942077,0.0,0.276037168645629,0.4116513074519388,0.16581168495158483,0.13259508397841235,0.9258940513308903,0.6826958520377385,0.3550591480256766,0.5629502180028794,0.36931789153853706,0.6165587718797544,0.6940891520955585
0.360347681556369,0.45450167718127205,0.28670444557141,0.2334628129684324,0.35757171908661006,0.11065327727730268,0.5052623788291893,0.2773744023986363,0.369129141049252,0.16330798698090415,0.3068801611512759,0.1659433511390317,0.44454514639014414,0.1550144923390781,0.2927788336453842,0.22183205416566296,0.6493696587373141,0.18350285488633705,0.2410379501558219,0.3497091852085783,0.2601141218640662,0.22535018331639556,0.05460159304382451,0.3607413576729095,0.44953482611863665,0.36516126098195917,0.2268555196979603,0.3350572666407561,0.21000903392554404,0.1324252684407366,0.3217358270883687,0.4056914699621879,0.4273880743782375,0.4378091911666664,0.4340459456191406,0.2664315966947988,0.42427887853699936,0.4315817409628374,0.341037698545863,0.43519059835190516,0.5053381459242451,0.3791405170300072,0.21605838288578444,0.5786089570753705,0.17045138502942594,0.4361474869868559,0.2555599551651191,0.30726816480316654,0.5351679985568244,0.4973329369769622,0.1784055829132569,0.39125732963889404,0.09681585616503192,0.3979781042695581,0.5142026013681127,0.1771149198447762,0.26985915461855836,0.4145454108541589,0.08672782217316355,0.27697636151298977,0.5074529683586524,0.5095410223463597,0.4389702351205744,0.30969529694753045,0.276037168645629,0.0,0.1652117601710785,0.3177340425809362,0.288382203369973,0.44545364941963156,0.35027244288002063,0.3070216355589612,0.4382579920027523,0.22544008380339914,0.24484194837776097,0.3800072918519243
0.4830345022958036,0.5511788674902199,0.14641223933642952,0.08330780700779832,0.2983377118417954,0.18582303057646787,0.5594361130796447,0.3670361036658156,0.5775113628790788,0.1330268910086312,0.3510592051166483,0.2873849780996587,0.579071204187815,0.19864128463026337,0.334501484153853,0.22344648976686196,0.8309866813571253,0.2892523300927935,0.2248659947204495,0.1706143999198848,0.2233314134788172,0.3725605478240126,0.056256947640258785,0.40929569076731154,0.38287686812209354,0.5763207723843327,0.2615281065839767,0.3908757792667742,0.3181719479631418,0.07175145596668496,0.5343927082541733,0.41308110516974295,0.6129109674994375,0.5465829540737026,0.5593147250821371,0.3169042733545157,0.36371553487591074,0.0838024889640557,0.5067721672361737,0.6828859262637846,0.5887768591116512,0.6137493757751051,0.43847196125286947,0.7014906719939974,0.09492605409877816,0.6677719256712548,0.2866347641835723,0.37413627697316515,0.570271196139561,0.4156482650820744,0.33211691418419487,0.3785577101281549,0.17166998904728425,0.5209182606388797,0.6338044413718767,0.19981858712281264,0.23341068722162675,0.5632783823706824,0.14378071326322883,0.2565316138448031,0.5484135150748967,0.578316656037822,0.449785896500414,0.2284464277570771,0.4116513074519388,0.1652117601710785,0.0,0.28491169080313755,0.18496420810304576,0.6676118271901473,0.5184469037829218,0.18340535197761434,0.4039759516938466,0.26894140622434054,0.15897583931852488,0.561515574782543
0.04355273019634653,0.27848614287615714,0.2955607163505084,0.46252032928718456,0.32380109434943094,0.426174181786679,0.31964068954047536,0.25129812334335266,0.28210537966338967,0.4042272026856304,0.1137874928939057,0.4498856548656129,0.302225293587138,0.38439756801681857,0.2520849146618662,0.2997501417392929,0.337605897020107,0.26342957666175615,0.23068830260591758,0.24526591341757042,0.35468372585906704,0.04327408078611539,0.3934870256873708,0.3514673263403784,0.11815134795609569,0.2509116529223964,0.2372940558443673,0.14018561810675717,0.2989464738005281,0.4766624182830958,0.24012974556253758,0.31726324418134566,0.35774002178730174,0.5305064526252292,0.45837121936064557,0.1500411498998098,0.24606032115710946,0.44425339400375696,0.22837218855283367,0.46910511283125955,0.6009540805946401,0.5298528313697548,0.2572604704995555,0.49462401912382215,0.4156557497617528,0.2956164966248104,0.23871700718741237,0.16797258636276913,0.3899372414381831,0.31882471111691235,0.37122523472686014,0.2079999808433294,0.12652883038917737,0.3101879048878088,0.283858310038976,0.2976287871994158,0.33960835327478206,0.24587380250323004,0.2993501048811766,0.23415916841923595,0.28475604073345573,0.3617407477158331,0.24103606182041398,0.2502706283052706,0.16581168495158483,0.3177340425809362,0.28491169080313755,0.0,0.2908649431051115,0.38885671056156895,0.2685461572457608,0.3391673381550231,0.1969685027149245,0.3028316110307755,0.27024364988394245,0.2723285774566767
0.5012666675599198,0.43138100266659174,0.1885950825163654,0.20944842908441802,0.3174625342612239,0.08079046346284861,0.47006434184316326,0.41125135193299023,0.33793012294414765,0.073629356508991,0.2556016609853061,0.20220111550413608,0.4145325684146375,0.20043225184335722,0.28340519050325885,0.23979569112886356,0.6489936641880808,0.15598259907094067,0.21296687714836682,0.257860870186425,0.32469524545127026,0.13944091236413025,0.04119599561035729,0.376369003165451,0.3184872363369483,0.40720001253519134,0.22219618395890314,0.26060405598657826,0.2378511798263937,0.31622123114107287,0.32908040143186074,0.5004306066756914,0.49280246789130816,0.47029203832123145,0.44426854558361506,0.21436628537379906,0.45601908648657286,0.3951593600965442,0.42440363940276676,0.4634235165798873,0.40491592699798207,0.36294603255070224,0.19473548828282836,0.5598546098723072,0.036880758098802854,0.500574546549756,0.2257759517184785,0.28763749709248254,0.5054878679807764,0.44917172927428367,0.11483259521748163,0.33625353184972334,0.019520899801394313,0.30830218051941066,0.3792967085745864,0.18841314509291654,0.3440332956569838,0.46914570434206543,0.19606213267472122,0.18844911194309935,0.44610406067998903,0.3829099154922083,0.4628496663997557,0.26658710406270925,0.13259508397841235,0.288382203369973,0.18496420810304576,0.2908649431051115,0.0,0.4732942572767363,0.36559577780620695,0.26204088383956853,0.4518466983726401,0.20643390853888818,0.051716945777216215,0.3155430589708895
0.5046310286189547,0.9161218726758289,0.30079931711058855,0.4238147353602129,0.6229947418176854,0.5292005225843142,0.7763972869756637,0.6346738007911854,0.8309005377814348,0.33046079198966744,0.5327347215860568,0.3581909890823304,0.792519802189851,0.5760996662491128,0.1721069543432445,0.5097546250336281,0.8370932857846042,0.4328976370430402,0.13563151724755002,0.42801778407626867,0.5398688492052118,0.6572674426090057,0.43561337408381046,0.5792352782482936,0.701328706220051,0.7754946878105878,0.17621640409722947,0.677728351847968,0.5834223057581389,0.57752246047105,0.7717580903138762,0.8494441716170944,0.7780244892557682,0.8644400760490617,0.9236582293034958,0.6295094470332603,0.7338486246243402,0.32671379313070315,0.7561145512001839,0.8225626087044706,1.0000000000000002,0.8730861195768669,0.6822174183325063,0.9111896110662835,0.4661106583918105,0.6931948666750551,0.5726926854125407,0.6684727033157567,0.856050213329845,0.6600904636128703,0.6077017072025114,0.6150340524467488,0.5034514604584168,0.6711269641605786,0.6764741008492091,0.46377019128831964,0.5265413521442869,0.8940463208963867,0.31565690474054364,0.12648050726022128,0.722223474676363,0.8275937457078728,0.7355475707863298,0.2566016521905572,0.9258940513308903,0.44545364941963156,0.6676118271901473,0.38885671056156895,0.4732942572767363,0.0,0.7188869958354939,0.5139392087011153,0.7773274748666308,0.5643315010851646,0.6626295842503406,0.8628727348286861
0.443265088565103,0.7804285482032793,0.19126444956603533,0.3219051286095723,0.547239315142045,0.4298514508507449,0.6341882747197043,0.6263168730805015,0.6564276414169616,0.33479330909701255,0.4815582124713411,0.3104345749968151,0.6507213265224997,0.4213157065324412,0.15083931559348465,0.4147789073402073,0.8301610910948161,0.37387278761247583,0.06226428259867198,0.3394676676285223,0.45098054258876785,0.5600419293452293,0.21078759447324424,0.48714377328269176,0.6341774951218887,0.6178109341291372,0.022029017549470058,0.5372556799296219,0.4744680015753995,0.4823516015025281,0.786558492624811,0.6690715294389087,0.6071934797206633,0.751093040124375,0.6944980968744222,0.4309693913859115,0.6160431729418401,0.1824135599412606,0.6826758784375353,0.6468800408183607,0.8617533047600092,0.6113935707247657,0.5028627137811325,0.85861333846544,0.3276981803967534,0.6241364006861726,0.48367572610331566,0.6073049621475591,0.6904292542943348,0.6622735417144685,0.47758971545390805,0.514345174985913,0.35251978542327883,0.6672257961533999,0.583888339540732,0.33580952286392823,0.4383816965926954,0.70017574797709,0.279864111518799,0.09221460224890299,0.8191719293848294,0.8300831369282893,0.6424317991058521,0.16140856778267346,0.6826958520377385,0.35027244288002063,0.5184469037829218,0.2685461572457608,0.36559577780620695,0.7188869958354939,0.0,0.2942446745695435,0.7177586438249338,0.44448571476864734,0.42419270182414726,0.665212226499592
0.24286949687487805,0.2990917111492019,0.2757758505848308,0.4144353731034574,0.24962381487059826,0.2959041376574251,0.381191246076884,0.34590385208830376,0.3828420388847528,0.30993833237198326,0.23095845943780086,0.35700883827665564,0.4392194382696641,0.08178332121820409,0.21240613530950858,0.1612466091658876,0.5015308183841652,0.08584882513399753,0.21454638023845876,0.21291015773298017,0.3460197875285287,0.22978502629025463,0.3125299160126179,0.1190585363026811,0.26210380978503334,0.3894674488760094,0.24438856238036383,0.2699398596483485,0.10124759344174955,0.22793136118363358,0.2710767735769096,0.3433270362191297,0.33085920872065533,0.45316317112551086,0.4205268279969895,0.24935547541209335,0.3266462603871224,0.39611846587418803,0.2558946004567435,0.40031026505737477,0.5124897050020645,0.4657555244445724,0.35465335154765437,0.5611897247461642,0.0604000690193718,0.42500867367855,0.09628941499761562,0.14991333279239952,0.4979511822476504,0.41922298318452905,0.2064398718902764,0.3046186494198607,0.19932938836640937,0.4347688190563103,0.3423155417314165,0.06153948090529329,0.09553516913229317,0.4484561961233734,0.27753093801885415,0.2527987955602391,0.35958903613316867,0.37404322161318376,0.30901976293011185,0.2504232469080538,0.3550591480256766,0.3070216355589612,0.18340535197761434,0.3391673381550231,0.26204088383956853,0.5139392087011153,0.2942446745695435,0.0,0.3698771996051526,0.08470344286835824,0.29538562262381846,0.37311936494923137
0.5925641921894005,0.7599433874832656,0.15982748079546,0.30149910115337003,0.5496366547974894,0.4611540868648242,0.7064897354517634,0.5258230245273997,0.7371747871460385,0.2859094837530497,0.4560178799489027,0.33006844668453245,0.8103514813568443,0.37051585055296743,0.2593955876142801,0.3341957056791336,0.8673492175487696,0.3851207893793035,0.05176726314222142,0.307153307590084,0.5096878084696741,0.46097122611688685,0.32107508101477744,0.5934010054295902,0.5509667848691006,0.7215785617696855,0.3376864397583835,0.6006202634265618,0.5035142126073263,0.4809829114263967,0.6599163095563896,0.5873271415580418,0.5311997359184103,0.676847964499521,0.5929507552005536,0.4087973098283423,0.5058798900399023,0.08414427228565216,0.6581362652520871,0.6630701829550696,0.5556239583912638,0.5411057141073228,0.46930012087060946,0.8449391792744076,0.33292789367566084,0.7643265973497907,0.43008785687979284,0.5138013508077509,0.7237221600312925,0.658789349387835,0.48676797598071647,0.6131254584459715,0.2607521593586091,0.7244377736263808,0.6403393790251293,0.33269710114210177,0.4723191255641589,0.6442949438774708,0.23690777797394114,0.33181294058062094,0.763208833851275,0.789109786876554,0.5965126072963867,0.12446269111206514,0.5629502180028794,0.4382579920027523,0.4039759516938466,0.1969685027149245,0.4518466983726401,0.7773274748666308,0.7177586438249338,0.3698771996051526,0.0,0.4880549554311863,0.2494332011941284,0.6868346396588036
0.42759297599578416,0.518785197749753,0.21138103067950031,0.09693746859466618,0.3578457773818656,0.18708565492838633,0.5353956646563846,0.38605833829651026,0.6014755152809004,0.16500256134392555,0.29785876482369944,0.15503672847193278,0.5895020269681595,0.19645443303314494,0.2322834859604587,0.2927994945939282,0.6187650990647646,0.1866258081507829,0.20489774407159225,0.11562662638808031,0.24492346027131193,0.3318000907671901,0.08533382873056009,0.3243889892294274,0.515307154000988,0.48973777665063156,0.23664497924240233,0.4390876319046528,0.25468942737160316,0.26265303791469236,0.3132439312173385,0.5560966235922694,0.43015056305878646,0.44769169344657445,0.527998677282343,0.34245912654432087,0.4932959348333909,0.38552997325037763,0.5437817925101046,0.538239340560549,0.5377926584196681,0.5876465413226216,0.47418588244680415,0.7025670459086024,0.21811177373328142,0.5755992546919697,0.2677830170645413,0.24843973929246155,0.5508306330728411,0.5359784666227003,0.2990722728064422,0.4239066841568042,0.20176840878615157,0.5257026941089524,0.47543109791822913,0.15162777692229407,0.2872147989235939,0.6339437432028537,0.15793268143516306,0.19262766432261946,0.4725990972001581,0.50193346930976,0.45866209457497453,0.26421875123910166,0.36931789153853706,0.22544008380339914,0.26894140622434054,0.3028316110307755,0.20643390853888818,0.5643315010851646,0.44448571476864734,0.08470344286835824,0.4880549554311863,0.0,0.08274014822064586,0.4777378040800884
0.26182038348773756,0.3962440601115297,0.2969464975007897,0.20604564648673368,0.21382567400573113,0.31572690844919205,0.37828894591829276,0.261823257026758,0.6799237035498553,0.0,0.32224962683361646,0.23184557192986247,0.47453318268239303,0.25487193765036065,0.23657530459129447,0.07116861959934521,0.5930182264005155,0.0614949937155381,0.2629889724342466,0.3585725586060658,0.24929753985028094,0.3285319404874372,0.23254856062863735,0.3923510395059068,0.3973931750650064,0.5406395102927126,0.39845825671664103,0.3051035167284459,0.20296936501112917,0.18680793778806876,0.04795746848042657,0.3867061869659576,0.3478242572993474,0.5316896524075363,0.48282226526265143,0.1370252381844967,0.2750485151422562,0.32396490404913986,0.3216258020992543,0.3692622940584058,0.4622186832189488,0.28904400388611884,0.29632863646704105,0.5109112791660176,0.0,0.47029395387472844,0.11689154788069135,0.2299830091355197,0.35769226022271006,0.2873054083445452,0.18051825464102333,0.27120464519391585,0.11212795976171354,0.4864897452967258,0.4397380904248291,0.18533738176738263,0.16086398750390596,0.33975132253805296,0.1806331015410392,0.3773946240677896,0.31950796914919277,0.5323345465887771,0.38963750363361577,0.22161001267621444,0.6165587718797544,0.24484194837776097,0.15897583931852488,0.27024364988394245,0.051716945777216215,0.6626295842503406,0.42419270182414726,0.29538562262381846,0.2494332011941284,0.08274014822064586,0.0,0.3699053597824933
0.5704451907190478,0.8578526124874973,0.1807073946766082,0.31818333650210034,0.537670492782793,0.3806748762276908,0.7150855197216376,0.5084928726653032,0.732631179272738,0.33689036844285297,0.4688318417999451,0.3365709057036848,0.8139064030206051,0.42425946264341013,0.24484460241605316,0.43948721246243017,0.8194912523724461,0.3830641301913935,0.122031430471744,0.31291007735407284,0.4410401108932485,0.621252681819927,0.21729526612447556,0.5148774348178453,0.5874726368643501,0.7706452514425383,0.3102387635523949,0.5365328286021288,0.5373050279493983,0.4401554810876554,0.5425754593212692,0.6195464893921317,0.6656517173740331,0.6476591958014017,0.6337908041473843,0.45039796080555894,0.6722395546923656,0.17641381735082684,0.6387650586564539,0.6104218574086621,0.6647636712476773,0.6516698017087574,0.5197393148398742,0.8620646412901648,0.32046782622969233,0.6802545368407579,0.49095447806898673,0.5590142811984847,0.7884703200233742,0.62331930342072,0.4699081767842974,0.5808088008276202,0.31337122129501777,0.6259362000061304,0.618661808357399,0.4042159785320762,0.4466910370589752,0.69619274052867,0.22106420480270608,0.2650779347254832,0.7656849360075052,0.7776924652211443,0.6169209701180988,0.20444731727876286,0.6940891520955585,0.3800072918519243,0.561515574782543,0.2723285774566767,0.3155430589708895,0.8628727348286861,0.665212226499592,0.37311936494923137,0.6868346396588036,0.4777378040800884,0.3699053597824933,0.0
