0.0,0.44101860600350273,0.27645877912306566,0.4914930353773087,0.4126158198321111,0.3157680018261315,0.37618600559650156,0.2614754104855518,0.3106953907553845,0.4712208522208678,0.35841743071162546,0.5073613872780749,0.3432096198249201,0.4403504174839912,0.29505144173164993,0.3273568450173663,0.16066116462102456,0.17913244797597683,0.15311627325936536,0.07245758735329076,0.5111709496394965,0.16215334812691232,0.1817470117395157,0.45753374781683587,0.314950445508059,0.4417085610524429,0.4274059285826899,0.37447961941753116,0.44358754680171436,0.21560139398747824,0.14218438508527872,0.49095690845539874,0.4427720773954595,0.3965836384041461,0.3125733512720385,0.4751183492912411,0.6421571827704652,0.48729008442593563,0.4336605935523882,0.39220298278603977,0.2457531794546417,0.45022006304466067,0.08564613751932718,0.5860754989920988,0.3129792076196524,0.3056803785124784,0.044198685060848876,0.3275158484084594,0.5621525120937263,0.4216541287278862,0.36529524975499356,0.40777872218448125,0.43186433363387905,0.23312892261427373,0.3401858692312666,0.36079991814355383,0.38085788548320454,0.3829507272961196,0.18803402636577335,0.4330256123569744,0.12807125028933738,0.17351694888906186,0.06042860344195521,0.43100056417988497,0.2755601145004458,0.5901027306025771,0.052036585583106754,0.36382033969670075,0.4659279164165961,0.0639560937176585,0.3618514610535243,0.18458570670051253,0.2994229855181044,0.23353910779217177,0.2604169694402599,0.1565975940486167
0.44101860600350273,0.0,0.7881980452999611,0.7211968449652124,0.5085722918147593,0.5941568260277557,0.5197688124760746,0.31783033679466416,0.3926397382874295,0.9585134191544251,0.5747876492397798,0.7009651739351551,0.5565768589282715,0.3773232330034237,0.22602412498011187,0.44698641233492276,0.470644676009251,0.31549495337527933,0.5001687726239014,0.37309562042007266,0.43131844984220796,0.4665886718021752,0.5072460315240339,0.7727785553401739,0.5165018423013543,0.8643386817405073,0.6733521226780692,0.4567369277412411,0.6619038790140697,0.157008247740832,0.21652754576553482,0.6093259671021172,0.6153635848656032,0.7416966919707924,0.5816001662711938,0.6709108492048625,0.9107906365886235,0.8389819242607982,0.7035071963554711,0.4786206626625219,0.4291257320041647,0.6117608101456022,0.38743292274617164,0.8490185541581208,0.6550571652236213,0.4428200325449698,0.11203664906347172,0.4973349622032416,0.7607404327570786,0.5872728688013258,0.4896875222024791,0.6091021034683943,0.40889135757565176,0.2925807972233828,0.5770047196617341,0.6930221336498282,0.39767909320978395,0.6594616548414726,0.3088034369026926,0.5609933425053635,0.5045210913163897,0.33200147112642325,0.32509043863392423,0.8006898979108592,0.3248204869565232,0.7019122777942278,0.2787130828249971,0.7922572828981466,0.5912380998836589,0.2982609625871235,0.6312479244759458,0.44994597176845125,0.5362278680184275,0.540734635321397,0.40780072227805925,0.31813721958809615
0.27645877912306566,0.7881980452999611,0.0,0.48548587197955695,0.3015203816517251,0.45265066372504736,0.4272745371717205,0.18620819986014717,0.28464157950971364,0.6114345491203501,0.41011105742565285,0.5427475027960318,0.36990851475118264,0.3574830891792296,0.2226377908986996,0.30008492955561417,0.28566218364070933,0.2190990899672221,0.30749295236690877,0.2243564443630521,0.36568416622515565,0.32529101849004016,0.38642597564625836,0.5071577238424843,0.438511034349987,0.4939995725054895,0.468547001449887,0.3326166551494101,0.4924834896018278,0.17789077849364054,0.19788291755245763,0.49957327915612176,0.523418776532194,0.6258973663097199,0.3777532343984071,0.5003305129645041,0.7775812868981727,0.538950989303683,0.5270745128430426,0.43085756559685207,0.3580160044110922,0.4483236850742612,0.2752788193597079,0.6694605771469936,0.5457357398249874,0.3309371108777779,0.09074508014282395,0.34148815172514346,0.7342844545252993,0.5481010976254046,0.37127887204267107,0.4956218093011773,0.32803377853719085,0.30226360709204114,0.4333106554432409,0.429990992814636,0.23996470382746918,0.4566888391625475,0.3890808319104291,0.48143015403132816,0.2554815418413755,0.2629607821352866,0.20397720644595138,0.6562621473212114,0.2982068488937288,0.5969021854075715,0.22320095236400872,0.4185324198070063,0.3472426419184059,0.14087123350473404,0.398241868695335,0.3004819491728229,0.3671704027526813,0.3332068448154475,0.31160120192384744,0.22265350317429675
0.4914930353773087,0.7211968449652124,0.48548587197955695,0.0,0.6448902563376422,0.7764210534601282,0.621738822585406,0.40653921961791845,0.5051101129448319,0.8620714674188259,0.6933274544619211,0.9197410733015631,0.6044833645721366,0.5067158626915812,0.43558148615289555,0.4888854023148604,0.4743156397675478,0.4705724977147183,0.39712520053314376,0.44484110398748017,0.7457251115406799,0.4865776184350488,0.5678342067221019,0.9045627257169793,0.5405813698043102,0.9298575361134668,0.8675157274729551,0.590574036696783,0.9276810938909705,0.3263832835152713,0.43418172459831567,0.6637247937863832,0.6340299404761025,0.6545296438566144,0.4259060519004863,0.7640915255130806,0.8932125163637079,0.6644673847511802,0.6704670090457291,0.6132881589153734,0.37197269751101225,0.5035307337574264,0.32287591014816114,0.915678478426096,0.6349577453313443,0.47529457817995824,0.24405632064860883,0.4020720481979971,0.7279840103515672,0.7105939604169678,0.6400357113521803,0.6380219198134889,0.5007092054172065,0.49449037428783993,0.7188167488685593,0.6696636162161715,0.6105247642724988,0.7154054352886214,0.5569642030776298,0.7325397623412087,0.4925259377409421,0.48729848806191195,0.29932720632057597,0.8817708527151835,0.30670249230647195,0.9048143768455823,0.2880789203892882,0.7106611412034659,0.6656483344724685,0.4722901852586996,0.711420250725908,0.5336177896109312,0.6070731215344916,0.5205363429612104,0.18069356058351554,0.39004723323883217
0.4126158198321111,0.5085722918147593,0.3015203816517251,0.6448902563376422,0.0,0.38071724922539313,0.3597622669736028,0.19727790445496102,0.2422878684642483,0.5838925501934441,0.3231384481677029,0.6015959907611949,0.3121534205121823,0.3063273255325629,0.16644365980375,0.33130522517020183,0.24371486028799128,0.20582442474022727,0.19076758387257403,0.14622364493257697,0.5653118543799438,0.283671887171791,0.16648197480963003,0.6466640514371441,0.4465380709442129,0.5111054450525834,0.37198112618967033,0.35049512131023586,0.5520864992036693,0.04009915167454608,0.10671164826439214,0.5123442100833602,0.3646851169555273,0.474644205597264,0.2641929201873229,0.46489006259636895,0.7950358877428737,0.5021261410432869,0.5113985090127575,0.3734768293711168,0.23683444542855994,0.34619379971432596,0.2168387183671883,0.696602772681756,0.5148715844179058,0.5485091720805119,0.013562370344737906,0.27869160635768564,0.652349063274423,0.48584719107006974,0.3552486469136931,0.3997861525562351,0.44129454347012254,0.19577082827616557,0.33991290354344805,0.4061085510381829,0.35355557173151597,0.44288287083053135,0.1822042138812932,0.298275614329077,0.197082225779381,0.23143682448946565,0.10612241181447156,0.6075329772704469,0.043281752407589795,0.6922546027484348,0.05965355160716675,0.4987538395632496,0.5384158516479247,0.1410217792292773,0.4639117046236625,0.23051719947667348,0.36090516730040745,0.27940172295059323,0.27813524715072263,0.09407396600999156
0.3157680018261315,0.5941568260277557,0.45265066372504736,0.7764210534601282,0.38071724922539313,0.0,0.54958308231442,0.20647274453852277,0.3354194121829577,0.8533326460394567,0.4990762865169196,0.5775704595209391,0.5540937086762449,0.4314307749862376,0.22861430499414448,0.43757467659023325,0.4422605919975655,0.22925406612850038,0.3030998337762115,0.16605074025634337,0.5299792017515542,0.3759858397082237,0.34128003066280976,0.7834775100403579,0.55454051621225,0.6749651445439828,0.4959046477477934,0.5548646705185892,0.5972949686059233,0.13079315322302945,0.2450397247339835,0.645326918695308,0.5043974192543755,0.6377596405510091,0.4742444564306397,0.6064142179405773,0.9425867729014095,0.734672948560154,0.7267250560153011,0.5483982490866277,0.27545894954196026,0.5540891501994605,0.4131916855739841,0.7752895611905078,0.688576152197259,0.4120855381391324,0.032915474149557374,0.367913500058026,0.7858053545869974,0.6143645475797238,0.36632099384044475,0.512583351882226,0.39275479333517366,0.25160876906368657,0.5559474957503641,0.645061191862182,0.29840632755380847,0.587212196188343,0.3710763533111096,0.4148918465168167,0.22664762690615434,0.2709291285752341,0.1516199231062348,0.5684495645322709,0.12065388087199237,0.7778014418077517,0.10411148862778873,0.6159951572861705,0.6695462609637771,0.2398357735788697,0.5789686721010282,0.2871812788429568,0.545643582275057,0.3368663909195018,0.27470181742839184,0.15596239597258924
0.37618600559650156,0.5197688124760746,0.4272745371717205,0.621738822585406,0.3597622669736028,0.54958308231442,0.0,0.2429358860286593,0.2916173375240099,0.6857050062983467,0.4376732365131599,0.7303986073386562,0.3048865461580712,0.37170456594403894,0.32856719903180687,0.45596863847028984,0.3070261074208966,0.3056199919648913,0.2928815906842281,0.2928040355205609,0.6591038958524182,0.38804596386703427,0.3282475947069441,0.6936884451465565,0.48231628158887246,0.6486772109088965,0.48845561516132,0.42695926507054804,0.6819549119554892,0.18847759821311696,0.29124006245000755,0.4991891838792049,0.392311743936888,0.5164991373389359,0.22245107449613616,0.49041766159064587,0.9155456991162763,0.5988424256971123,0.5476184579902741,0.5166948343065276,0.24986245342640775,0.3434281637043208,0.17311771007155394,0.7246895925645154,0.626799621055874,0.528236369090408,0.14363276665620503,0.3881951903929432,0.5449832594347664,0.5517330650108331,0.4531055975265459,0.41116586814053624,0.45808921345243714,0.28742716472721935,0.48017101159077213,0.6091558693496751,0.3801105053765501,0.4550235190892433,0.20429025278370358,0.36029285269320904,0.3120942452738515,0.3403354297687808,0.12711047365289177,0.5895934200768069,0.15113468679814157,0.8138080780308079,0.21366041990967488,0.5624557282787632,0.634088993272668,0.2283196403004755,0.5149828440792151,0.3566961743506756,0.3830418760076508,0.40979562773684824,0.0548978824303308,0.22392801788044156
0.2614754104855518,0.31783033679466416,0.18620819986014717,0.40653921961791845,0.19727790445496102,0.20647274453852277,0.2429358860286593,0.0,0.12921927731936644,0.3582639903490133,0.19776995500098132,0.3486461551847721,0.254321801229144,0.15475463767466485,0.1043895314818852,0.24486768260176964,0.10740324774306687,0.149796313705987,0.10023466240633,0.07632060872791256,0.386946520331316,0.115620230578892,0.18051244750361606,0.4628829734072521,0.26916385870217074,0.4286197213510916,0.22360431071953243,0.31770727332099136,0.40122992088308956,0.31343387351810054,0.07022218947318533,0.3738982508441961,0.2717233926875103,0.2941525278248098,0.3197877505009368,0.24763346214183551,0.49084927796787514,0.2711092970826817,0.3319721704126673,0.2914711362864776,0.12475361011800964,0.37391923600783233,0.10138018338887869,0.4607110534734557,0.3289954166773927,0.34764314859678425,0.03813768856855883,0.21199965545485921,0.4854790182230976,0.3478698457597377,0.3072971810950821,0.3630604737564591,0.3100822684051888,0.17396510623692474,0.20507907623442787,0.303647748785651,0.26110327673648814,0.3265547022764629,0.1848381218600148,0.270817664574805,0.00012343027725150637,0.11686901873492163,0.04680120499539184,0.27208945386654176,0.24223701713900353,0.5399585130749454,0.0,0.2797456992068474,0.4724819595897424,0.0910704666981511,0.3891876253758224,0.1524940703604869,0.18495153113332174,0.19940166131702922,0.36354235287174974,0.11912885652187466
0.3106953907553845,0.3926397382874295,0.28464157950971364,0.5051101129448319,0.2422878684642483,0.3354194121829577,0.2916173375240099,0.12921927731936644,0.0,0.6305243905824036,0.3566439468853593,0.4408362499542913,0.3532411701413928,0.22732791166778493,0.21925155223210685,0.27649714524750896,0.22220291723906616,0.2044394779209288,0.21854313762846914,0.1502906865748818,0.37928124904339405,0.3149092247874401,0.28077777845516516,0.5538521415746944,0.46256149767895083,0.4973562884331549,0.4113901182276431,0.33718356503487007,0.5072410364755341,0.29803269298713503,0.15139784355624236,0.47047349389729465,0.34068364100260495,0.4807718064853493,0.3324461604344324,0.43461893252799283,0.8056029513299369,0.5280790299396126,0.4313502330576867,0.4404319685982816,0.1432126147642812,0.25517834270290823,0.23485270592511948,0.5306614850152152,0.6095704747150461,0.425409804345371,0.29879412003441974,0.2419148144741261,0.5277326885595305,0.4208211081995734,0.39074365263038413,0.3591577405125865,0.3077029345457797,0.16525151368809554,0.41410225612382107,0.4650261825858971,0.21575395408594714,0.5149762647462677,0.22764692072217269,0.38527315522805156,0.11410076257925447,0.27891130389536467,0.11744161968683402,0.3839101938167801,0.16551463948558912,0.6026031254598441,0.15987570025979456,0.4993390244655315,0.5185579767788153,0.16069327026263194,0.42542711134444106,0.2760377826543058,0.41015301064119086,0.3616448348665651,0.0383332105427064,0.0995703870762806
0.4712208522208678,0.9585134191544251,0.6114345491203501,0.8620714674188259,0.5838925501934441,0.8533326460394567,0.6857050062983467,0.3582639903490133,0.6305243905824036,0.0,0.6147933424466346,0.8811886161159023,0.7708327052510626,0.6090750784641272,0.46981372310087,0.6270876176373369,0.48965804586775724,0.46489251685762545,0.5206044783545026,0.5276350802507768,0.8290539338724199,0.5382434600507636,0.5642370168901928,0.8561789582477994,0.7639022402963117,0.9030700739942931,1.0000000000000002,0.6647081449428434,1.0,0.4294556846014774,0.5103741642851993,0.8752811754852265,0.694005914112505,0.8966262812252137,0.5002201757382712,0.8593133646142015,1.0,0.7338352165403557,0.7386107707051859,0.6699451948255439,0.482315688638292,0.617322326707374,0.532193287067648,0.7961727333098699,0.7579660005158514,0.529342957102496,0.25216125874382767,0.6055011742451027,0.9741527703510761,0.8020006134200627,0.6823200030597045,0.7700675811300159,0.5563077743059311,0.5597814266633258,0.650648729375579,0.7569885897092035,0.5844747755912795,0.8684875652588371,0.5239117042164797,0.6144129147756773,0.5705813407691778,0.5301680865189613,0.47213750483735983,0.9069261673080037,0.5467427381625986,0.9451277087799439,0.5465571283466335,0.8273901154466531,0.6716907385184463,0.43559924569284375,0.7677793716330847,0.5363816791466132,0.7535021074419279,0.6606793918681555,0.25677893038854455,0.4664598448428823
0.35841743071162546,0.5747876492397798,0.41011105742565285,0.6933274544619211,0.3231384481677029,0.4990762865169196,0.4376732365131599,0.19776995500098132,0.3566439468853593,0.6147933424466346,0.0,0.7521075395294307,0.4509694719372757,0.3546083605713783,0.1362423659397617,0.42966222689426325,0.4178171173885232,0.31800940841696557,0.2753733904177286,0.23713777659761626,0.5004510679357078,0.4042250459965019,0.2851338041481645,0.7173032692685248,0.5506741387874136,0.664791578544459,0.5141048316768653,0.4844137614635104,0.6771728749927366,0.12577642494273322,0.2049342093337865,0.639486709161025,0.42712768097268194,0.5522324797251529,0.328304647655065,0.5740848096664887,1.0,0.5569024755561043,0.6810081208910435,0.5271938710823112,0.18128938066213665,0.4311265232684817,0.25126891728032663,0.7867797562370186,0.7151861497422539,0.41401168155406165,0.0,0.30331017508096886,0.7221699951944196,0.6393131358204533,0.3619077650741293,0.4832440166909596,0.39639674713413986,0.2679572857106764,0.411468298437317,0.47287521099347374,0.38489512726956,0.6107534459744575,0.32941283547428696,0.36964366283289884,0.22773213750324303,0.3034943043844674,0.10977282073025522,0.5820329103300494,0.09922611355827014,0.6960357555001112,0.13321971804000626,0.4587177315558763,0.5079673289361382,0.17256236027047633,0.4743120973495346,0.304112703668177,0.39773304836793666,0.32404062916260545,0.3673214518990697,0.14023784691836164
0.5073613872780749,0.7009651739351551,0.5427475027960318,0.9197410733015631,0.6015959907611949,0.5775704595209391,0.7303986073386562,0.3486461551847721,0.4408362499542913,0.8811886161159023,0.7521075395294307,0.0,0.7081150258810172,0.6742152202421683,0.46705573453019184,0.6677072600673453,0.5664392177498941,0.45094032269960616,0.4875341288803377,0.44834602401759927,0.6666116619452412,0.5492096250085834,0.4067569477315219,0.711747903256285,0.6870509720382584,0.6905349235178428,0.7640828171624996,0.6494234234422747,0.9081015234832625,0.3495094560493217,0.3864968250290197,0.8312182494744934,0.681907898471837,0.7844716815716946,0.4303173154034641,0.8619453920242554,1.0,0.6526478782203861,0.7969931033254356,0.6131080624585827,0.5081729146951149,0.6756559728416791,0.3969172623177573,1.0000000000000002,0.5752949371062729,0.48925659156900836,0.16852814766336727,0.6032808824702794,0.8581891432712034,0.6737723659185268,0.6628346138552647,0.5944057311687607,0.4869536201137253,0.3443584820395652,0.638295484188126,0.7911023529354657,0.4609812084954808,0.6857562162646862,0.4769965329766855,0.4430654986336087,0.5093916133283503,0.3412367915576318,0.32021024423611105,0.9377078136723095,0.18444656606541884,0.9765711857463748,0.2371767429587093,0.7955852907874063,0.5625109609894321,0.37098875219966315,0.6676768954309952,0.4826790688927839,0.620600197479801,0.5059103898918993,0.0521526653052827,0.36236488321594396
0.3432096198249201,0.5565768589282715,0.36990851475118264,0.6044833645721366,0.3121534205121823,0.5540937086762449,0.3048865461580712,0.254321801229144,0.3532411701413928,0.7708327052510626,0.4509694719372757,0.7081150258810172,0.0,0.3313607602155532,0.34837148509260035,0.48886898884652885,0.40128095357223853,0.27620006887576254,0.22832277236753798,0.20375277909326853,0.574949257256784,0.37056063192929883,0.2730660532647139,0.7184812216247399,0.5176819665543871,0.6431316713381222,0.5147746595955573,0.4031481385291309,0.664240654330766,0.16341127113442624,0.19637792269491217,0.5116364386658858,0.4516439698324891,0.4436773435432354,0.22306334769630223,0.5376848094540901,0.8586674808231894,0.6698393772295349,0.5142496116258618,0.48672208718349497,0.19894133974119424,0.40067636863477785,0.18108708846945964,0.7345382566464831,0.555651937940277,0.4044729094336032,0.08829488595768281,0.36208394746215466,0.5800119880616255,0.5359320801880594,0.4524287562011706,0.4177126532638806,0.4311290771166265,0.25010430426578256,0.44580540361283333,0.5071666779838349,0.35138136555990146,0.5727490592451867,0.2660522056187176,0.3271291696768657,0.21242685830050698,0.2901277754040549,0.13382683150593846,0.5388834741205683,0.09349980457215361,0.6882055011317678,0.16138881380398032,0.500026990993297,0.5394920856151665,0.23488580797928213,0.48069721079838873,0.3334458590486323,0.47459410113326866,0.45020183214223297,0.23406197503251908,0.2276320233887993
0.4403504174839912,0.3773232330034237,0.3574830891792296,0.5067158626915812,0.3063273255325629,0.4314307749862376,0.37170456594403894,0.15475463767466485,0.22732791166778493,0.6090750784641272,0.3546083605713783,0.6742152202421683,0.3313607602155532,0.0,0.08743168204762712,0.25152690028879926,0.20276776991854598,0.19423706042243685,0.1672291669568227,0.06449522589519471,0.5057272190488806,0.1802811937427039,0.12621894213770288,0.6058068080504138,0.4057079395407749,0.5299162105634345,0.2930994162355188,0.3493355934655021,0.5685927055873272,0.2193137023079823,0.1035632207919179,0.437047143517294,0.4379739140163406,0.5650878799547543,0.3173057590162512,0.40001133871738764,0.6084519796248045,0.44897179017246275,0.47727285718154977,0.34510387587940317,0.16566862148174963,0.3591016876097682,0.18515206433381723,0.6684372393420307,0.5571939356457226,0.4070228528554462,0.2583011031003602,0.14872914738000031,0.6278539715472929,0.514523759658538,0.37018219016423565,0.39963160365750106,0.28663771878723254,0.17097203822786328,0.3442257280311643,0.43453827813891543,0.29155934720460597,0.4372301279443409,0.26529795476733237,0.20012598520319128,0.11853928237324288,0.24659455940515834,0.030186079739660455,0.4245179618115957,0.07021707319441592,0.5922721521999943,0.1708867424599155,0.35022155859402787,0.4675391710453589,0.1438378430878294,0.35686642620202935,0.12610860891048192,0.2618736568291986,0.2739184091613789,0.20932731403405802,0.0796227972777984
0.29505144173164993,0.22602412498011187,0.2226377908986996,0.43558148615289555,0.16644365980375,0.22861430499414448,0.32856719903180687,0.1043895314818852,0.21925155223210685,0.46981372310087,0.1362423659397617,0.46705573453019184,0.34837148509260035,0.08743168204762712,0.0,0.1617734501832687,0.29069014515135844,0.08929394910022972,0.04088619203858287,0.20296949365659114,0.3087576906534157,0.16129664781849856,0.08069147456511983,0.49689974411654875,0.2712086510754171,0.5204604251340759,0.11318470170370624,0.1357978033083614,0.3369130365993669,0.19286256336082555,0.17487282974432827,0.35181063778957544,0.37148769919127395,0.2720526018777884,0.16938250636231333,0.22073905213572606,0.5068522700522649,0.34312951821973886,0.35630705326613454,0.38288310895942185,0.11104704663071581,0.2127317524332705,0.2261559492371196,0.6188364704051985,0.6228356348187698,0.39606732892086993,0.36868652418180914,0.2105398244070544,0.4781587381974327,0.3625371828856409,0.18683247198669858,0.32608527963258604,0.3777704462821359,0.0557778162319744,0.2802459521558101,0.28284021295940526,0.25836143521872906,0.35935895226668424,0.10990444100060222,0.3782602433750498,0.17205039619102125,0.026580847865110266,0.24642070068810001,0.2898896877024642,0.38769688402762514,0.5930739507396743,0.36194051348724704,0.2865398003558958,0.5937316572839373,0.24526731669298582,0.5006235199795832,0.19729032456849513,0.15976965242762384,0.10511380426744632,0.24665941477428385,0.2402939831753481
0.3273568450173663,0.44698641233492276,0.30008492955561417,0.4888854023148604,0.33130522517020183,0.43757467659023325,0.45596863847028984,0.24486768260176964,0.27649714524750896,0.6270876176373369,0.42966222689426325,0.6677072600673453,0.48886898884652885,0.25152690028879926,0.1617734501832687,0.0,0.3056871133979812,0.24494378972837422,0.1915218001272776,0.18276687126939806,0.5908862180010407,0.19152742705875545,0.3061024975914101,0.7274741836615495,0.3647707937823326,0.6451887922009775,0.4874050262035061,0.3361678722273075,0.6336691037845679,0.2362850004914236,0.12284074490493996,0.46157593032732536,0.5274714639984975,0.611748086792236,0.3281487670375362,0.5386488190570088,0.6447376830341308,0.6210885660405306,0.5288782603312133,0.5441746815693684,0.22887380320295658,0.4535475930497027,0.22576407782081656,0.7326008723634819,0.7452644854870027,0.34642173062602744,0.22069312374257755,0.33584094657693053,0.7511340676833632,0.5723826596892464,0.3904488685138627,0.5379963051176009,0.27334232911544787,0.2581264893723655,0.5513459904614769,0.4938568176093314,0.3512628686669845,0.48053615912611236,0.3117038461650867,0.3358581958004861,0.22838570349776732,0.3640237532817546,0.10731853402582751,0.4650659578256952,0.18120026052895885,0.7819247102247586,0.03249243864594603,0.43786397301022617,0.6133195314478007,0.1768895647008952,0.46650562106362603,0.2599652051946081,0.24952374051604678,0.2947329400948848,0.2537930425560489,0.0946881774313222
0.16066116462102456,0.470644676009251,0.28566218364070933,0.4743156397675478,0.24371486028799128,0.4422605919975655,0.3070261074208966,0.10740324774306687,0.22220291723906616,0.48965804586775724,0.4178171173885232,0.5664392177498941,0.40128095357223853,0.20276776991854598,0.29069014515135844,0.3056871133979812,0.0,0.11946713585879518,0.2950265010309991,0.08236354307247148,0.3487878462916358,0.2505218259390545,0.18435798289636157,0.4290363122666711,0.30361687298959195,0.4259262042398888,0.44988865166478115,0.3359627845594711,0.5503226510588544,0.0,0.12437169617516315,0.4744058366575822,0.3487658341465785,0.42478631763595914,0.27418606190769546,0.46409195502196743,0.7105150117025252,0.436287729981932,0.3676648782652368,0.33673704375249164,0.20341214392804863,0.2823219001071021,0.29477637881304863,0.490230425592829,0.47680385882681486,0.20513769374040716,0.04335110844633716,0.21970112765592792,0.4478350996863669,0.33176473301557446,0.30570065594319146,0.3721148703590279,0.20843247270248821,0.15648622478072258,0.3423126268806448,0.3536582945050418,0.2113187992087031,0.3733219196889102,0.21815755707654239,0.18460486195643103,0.1753772802565489,0.3096074652059268,0.0850581406680994,0.43907176681692733,0.06297804201179347,0.45970289972541695,0.09438377206048942,0.2779362423781008,0.4084451993366799,0.1549192152028212,0.3211445580892524,0.19149009008978105,0.29930409158022003,0.26220895607453437,0.19312882102741244,0.06391330205209297
0.17913244797597683,0.31549495337527933,0.2190990899672221,0.4705724977147183,0.20582442474022727,0.22925406612850038,0.3056199919648913,0.149796313705987,0.2044394779209288,0.46489251685762545,0.31800940841696557,0.45094032269960616,0.27620006887576254,0.19423706042243685,0.08929394910022972,0.24494378972837422,0.11946713585879518,0.0,0.15830556470528023,0.23519251549620263,0.3452099501240644,0.10269498203150346,0.13609587932504444,0.4088840209444287,0.28271793486858426,0.418853379270348,0.2601734981714814,0.24485827316528508,0.3988462459863539,0.23260368601379539,0.3577858019270288,0.44392076221619986,0.3046928745034084,0.3067172421859569,0.1943636500420952,0.3336048592283275,0.7249145711414163,0.3034641478688988,0.4044159455116023,0.36845069264377417,0.07539944822011438,0.28197504318242084,0.13709619603475834,0.5853021366958384,0.4226238765845398,0.298783194634998,0.29619087943692834,0.11072410244886653,0.5465500370532622,0.3164053038705468,0.2655214981848978,0.33278989959906913,0.3125764818109572,0.10807854232435915,0.27750134849269265,0.2766158222548674,0.18163362199743416,0.3424958055279943,0.13348870779447752,0.3409424516488365,0.29402358571560944,0.14956214063962484,0.28707923792744233,0.2854622166399343,0.33814655337101934,0.48099278120812605,0.3051036971125583,0.27389409165015266,0.347785368656675,0.034639383733440145,0.3413370981358655,0.07241639996362742,0.23108620620602185,0.11313946357907637,0.38854676905815305,0.3359059272789466
0.15311627325936536,0.5001687726239014,0.30749295236690877,0.39712520053314376,0.19076758387257403,0.3030998337762115,0.2928815906842281,0.10023466240633,0.21854313762846914,0.5206044783545026,0.2753733904177286,0.4875341288803377,0.22832277236753798,0.1672291669568227,0.04088619203858287,0.1915218001272776,0.2950265010309991,0.15830556470528023,0.0,0.23827535631055052,0.21135341775392016,0.06508151292474487,0.1606501080419897,0.32023737322354706,0.2920800474124827,0.36581227519080706,0.25201847589848686,0.20643572497692214,0.40203489388973496,0.45664291405058477,0.25543278353704435,0.25450640091159427,0.39535407032760356,0.4875903456858655,0.27110655672740686,0.36354195648294,0.7516905651375645,0.43862073881566566,0.4076258090564383,0.277923114659003,0.16251429407434329,0.3598007183983838,0.18481163559376354,0.5543122245955929,0.4055832657752081,0.03104334437754654,0.23174821804307968,0.1937164153015517,0.5922329021986729,0.4584483004611716,0.2662537861051639,0.3556634114150957,0.20486268396492052,0.10863183558899864,0.26001078976771574,0.2581037071131261,0.08661146534541929,0.40928447199770196,0.1877817477182816,0.16759578995463761,0.06893815992147759,0.2779838645868829,0.25133010876362977,0.3437901966153407,0.03674492981128613,0.4553737999061897,0.2416765729632666,0.21609650577928302,0.20079158745674744,0.24606384463637704,0.17322733539998922,0.1134944169400554,0.17218346924850336,0.14099450588380621,0.2538855121739021,0.29763978593318674
0.07245758735329076,0.37309562042007266,0.2243564443630521,0.44484110398748017,0.14622364493257697,0.16605074025634337,0.2928040355205609,0.07632060872791256,0.1502906865748818,0.5276350802507768,0.23713777659761626,0.44834602401759927,0.20375277909326853,0.06449522589519471,0.20296949365659114,0.18276687126939806,0.08236354307247148,0.23519251549620263,0.23827535631055052,0.0,0.2504654152251916,0.36326130761526737,0.3272172078779114,0.34595946979482556,0.2073538566507752,0.43370128744741393,0.16410406821154144,0.14791520876556866,0.3204556030343107,0.34754661812485443,0.274432261348843,0.43521847402096697,0.28590261561154284,0.30171363445273214,0.2419154761563195,0.38038585480129583,0.867967809897216,0.40144343503697055,0.4574528697952532,0.328692616760059,0.009870753572116819,0.2174641180953775,0.08282641938701511,0.7216265538608426,0.416764281736031,0.06697748045918468,0.21103485137776587,0.25446281535850096,0.5523911057281438,0.43567454051833715,0.1198807453655214,0.3618650343091729,0.15710330866189612,0.34117693453461123,0.35473708080465194,0.29146121375637074,0.08654664453403695,0.3684747865114951,0.05447984172304878,0.25737791435356727,0.23518275684048084,0.08539267395475089,0.30304165924891086,0.26322948625353676,0.26420435694225247,0.5446856587652716,0.2646905857894904,0.21803328373424122,0.29933566785082044,0.3260815929776613,0.2845682299873692,0.1911970247102987,0.19099827412908793,0.015659818399593232,0.3961596623592684,0.26004424554800604
0.5111709496394965,0.43131844984220796,0.36568416622515565,0.7457251115406799,0.5653118543799438,0.5299792017515542,0.6591038958524182,0.386946520331316,0.37928124904339405,0.8290539338724199,0.5004510679357078,0.6666116619452412,0.574949257256784,0.5057272190488806,0.3087576906534157,0.5908862180010407,0.3487878462916358,0.3452099501240644,0.21135341775392016,0.2504654152251916,0.0,0.37761286421613677,0.30801488844373315,0.6752732986528619,0.7318892209382347,0.7035519704319565,0.44550893179359774,0.6325694214336015,0.8513268882894758,0.07888198207448188,0.2912981431728617,0.7725727205524452,0.545606379151417,0.536038100828344,0.4514347096326936,0.5479755762062913,0.944914861731035,0.5960740277019385,0.7525348737376035,0.6748806173623123,0.3161541250213898,0.6490149162975879,0.22060750875296947,0.8504252746964047,0.5868557703084843,0.7220493450058552,0.19391878974760102,0.4417584407219035,0.8620468468105349,0.6504885204164356,0.5116300108839631,0.6058342479867682,0.605672396638591,0.4451417356873396,0.5704274139204986,0.6795196390000915,0.44075364151506535,0.6901888609901337,0.3890649023795805,0.6389610514161173,0.24843857877416495,0.3149165168034271,0.16204725498332206,0.6577232277236671,0.03680199656417199,0.7708213662092913,0.17194366644775272,0.6466055346214739,0.6474962666802263,0.3671474594028775,0.6924594675858434,0.3322465385926072,0.5720879748156553,0.44472047968337514,0.0,0.28673638177161553
0.16215334812691232,0.4665886718021752,0.32529101849004016,0.4865776184350488,0.283671887171791,0.3759858397082237,0.38804596386703427,0.115620230578892,0.3149092247874401,0.5382434600507636,0.4042250459965019,0.5492096250085834,0.37056063192929883,0.1802811937427039,0.16129664781849856,0.19152742705875545,0.2505218259390545,0.10269498203150346,0.06508151292474487,0.36326130761526737,0.37761286421613677,0.0,0.11967537643619883,0.4710693483634203,0.2821349443536096,0.6473278969560646,0.25990041884585985,0.2377803651682506,0.5058658110031646,0.17328924499330645,0.25965689474542397,0.44135765662117277,0.4515648753415673,0.4952011664616945,0.2951839969520681,0.4486602290200372,0.6968172186110864,0.5279518684700949,0.5970476607388837,0.4623037118745087,0.1282714811989783,0.3038169135462712,0.16309485172829047,0.7519652278345165,0.48414309525021015,0.13105798689789835,0.24604893794596083,0.20356538105267685,0.6395687163461272,0.468750274452779,0.2434876935879831,0.4953979167651486,0.24709286465415312,0.08108384835105577,0.37545960690469243,0.3961626922733927,0.135451814347543,0.555545844299087,0.12461306750551503,0.285940535287307,0.31248033981225914,0.1598826001316024,0.23732123429492163,0.35805574055885236,0.24158080247380456,0.7857055475294197,0.24456323878070754,0.3964565454845368,0.3770421340496876,0.22747812215187113,0.3926342979599032,0.1433781699861027,0.21280708726065725,0.1733797226114792,0.3264989790100961,0.3028701469644173
0.1817470117395157,0.5072460315240339,0.38642597564625836,0.5678342067221019,0.16648197480963003,0.34128003066280976,0.3282475947069441,0.18051244750361606,0.28077777845516516,0.5642370168901928,0.2851338041481645,0.4067569477315219,0.2730660532647139,0.12621894213770288,0.08069147456511983,0.3061024975914101,0.18435798289636157,0.13609587932504444,0.1606501080419897,0.3272172078779114,0.30801488844373315,0.11967537643619883,0.0,0.46518795960962755,0.4162755695693437,0.4779096400804361,0.26870518553948236,0.2086293772000283,0.4538679547383577,0.1879295774297815,0.22158560556774143,0.45779192220508236,0.3923647125553952,0.5616503433518979,0.33748554038893624,0.3799108648044712,0.788335081029464,0.4948840722056131,0.4754159211487935,0.37793632948433553,0.24737399813213534,0.45339105072066765,0.10846364133620326,0.7185559255881755,0.5650455020956711,0.24799013156672975,0.19747831942224997,0.37648937869690524,0.654544118917124,0.39864299932839525,0.29663730481281503,0.4295922471938176,0.3336349242217054,0.15881090195614303,0.32107901404798334,0.3408059574878386,0.13131633499770462,0.4698068369988071,0.132667504295629,0.3203065640492019,0.3197750203615342,0.13887085710674324,0.28865674354166065,0.4846482318724392,0.1510376149241331,0.4932503205266177,0.22956907429776863,0.37915929585224056,0.4157303075635802,0.268343410992132,0.32247654352863353,0.14007720898545728,0.27295755747194383,0.23460267743199315,0.20359158301065436,0.2613551412816522
0.45753374781683587,0.7727785553401739,0.5071577238424843,0.9045627257169793,0.6466640514371441,0.7834775100403579,0.6936884451465565,0.4628829734072521,0.5538521415746944,0.8561789582477994,0.7173032692685248,0.711747903256285,0.7184812216247399,0.6058068080504138,0.49689974411654875,0.7274741836615495,0.4290363122666711,0.4088840209444287,0.32023737322354706,0.34595946979482556,0.6752732986528619,0.4710693483634203,0.46518795960962755,0.0,0.6570787852150197,0.7273844559270636,0.8041439821437968,0.6922527518979931,0.9649059407445213,0.28495765022322217,0.3527319688793126,0.8916584649734453,0.7059652342733818,0.6839694725087891,0.5454897603205769,0.8129468700398915,1.0,0.8027515916103932,0.8308221174854843,0.6826287022354479,0.4311719971235683,0.6435229944084693,0.4645313942363491,1.0000000000000002,0.5456034901443715,0.46424604380047535,0.19472290302082645,0.6538325349321029,0.9617525949473055,0.8404622418235373,0.5972513508863047,0.7983696064846756,0.5783491040279272,0.42327798852201814,0.6945189249759686,0.716107645827785,0.5234129396526633,0.8203533484546716,0.5423684304221965,0.504602047790251,0.43497251627019884,0.3722160768240034,0.31517634108149856,0.8978262180532467,0.1132663952860348,0.8677943277925803,0.2146127466690146,0.7850679605773102,0.5638081512962584,0.394773691408897,0.7246488598426389,0.44855640775885675,0.6433827783125444,0.5102155556369545,0.2781792034452418,0.35353653012895003
0.314950445508059,0.5165018423013543,0.438511034349987,0.5405813698043102,0.4465380709442129,0.55454051621225,0.48231628158887246,0.26916385870217074,0.46256149767895083,0.7639022402963117,0.5506741387874136,0.6870509720382584,0.5176819665543871,0.4057079395407749,0.2712086510754171,0.3647707937823326,0.30361687298959195,0.28271793486858426,0.2920800474124827,0.2073538566507752,0.7318892209382347,0.2821349443536096,0.4162755695693437,0.6570787852150197,0.0,0.693677816481254,0.6373691235144556,0.4383549169666587,0.7951685005625689,0.10726038933334926,0.1697547602231578,0.510195110877021,0.48650294511610204,0.4820853197918516,0.334948501740409,0.6095139592960165,0.7480139251550283,0.6032792607046124,0.7299867140997099,0.49130043048641964,0.2681764777712863,0.5721892103688786,0.3210180244795817,0.7864449736023229,0.6326716458615965,0.41396517244483505,0.02194680605854614,0.29046732629210253,0.8318684014044133,0.6481837143885584,0.4853066138433834,0.6242793763806654,0.45112817682848677,0.24264758431066782,0.45921846944232025,0.5408602460709984,0.39177928327431344,0.6458987391983297,0.3894034941169932,0.6018283526640432,0.23559947093128836,0.2689266279801184,0.10178179393222987,0.39949621856709017,0.023657127924111843,0.9581793517678651,0.1077829158461393,0.6192743755731882,0.5372675940055579,0.20013162999469358,0.5557334679498614,0.312004975907536,0.39938597898175243,0.47422737292733363,0.2793594953601295,0.1642006241564442
0.4417085610524429,0.8643386817405073,0.4939995725054895,0.9298575361134668,0.5111054450525834,0.6749651445439828,0.6486772109088965,0.4286197213510916,0.4973562884331549,0.9030700739942931,0.664791578544459,0.6905349235178428,0.6431316713381222,0.5299162105634345,0.5204604251340759,0.6451887922009775,0.4259262042398888,0.418853379270348,0.36581227519080706,0.43370128744741393,0.7035519704319565,0.6473278969560646,0.4779096400804361,0.7273844559270636,0.693677816481254,0.0,0.7016743843649796,0.6709770700105141,0.8938352291388798,0.22768736383000113,0.3034999116666924,0.8323564923170249,0.592378872021447,0.650321297894839,0.47450753039625265,0.7589300787850028,1.0,0.7270431989395628,0.7513413752731866,0.6623417447678125,0.3893605974631045,0.6823483333700137,0.45649487412720513,1.0,0.6903187233456782,0.6178554481088686,0.18918204785265952,0.6534023837055731,0.966835326784751,0.7940550044693715,0.6707881564272415,0.7627131007737293,0.5783581152033692,0.4802491987231581,0.5311265806649492,0.6972676527051634,0.4457067008061476,0.7874662123403243,0.5427036717304501,0.5756799792219601,0.33876173775005775,0.37719748012545207,0.284029622590779,0.8537856574303032,0.2440103492463952,0.8398061325594465,0.3459761383172093,0.8132268131573341,0.7756961005116023,0.3007817905823485,0.6982667118048963,0.517844834093067,0.6277342370422103,0.5999442156448582,0.2504190182885461,0.3439757144332231
0.4274059285826899,0.6733521226780692,0.468547001449887,0.8675157274729551,0.37198112618967033,0.4959046477477934,0.48845561516132,0.22360431071953243,0.4113901182276431,1.0000000000000002,0.5141048316768653,0.7640828171624996,0.5147746595955573,0.2930994162355188,0.11318470170370624,0.4874050262035061,0.44988865166478115,0.2601734981714814,0.25201847589848686,0.16410406821154144,0.44550893179359774,0.25990041884585985,0.26870518553948236,0.8041439821437968,0.6373691235144556,0.7016743843649796,0.0,0.43082775871683815,0.759164083881577,0.2410369034132406,0.1891611408212075,0.6459873555322626,0.6078555946202765,0.7083406922510656,0.5018235835734478,0.6084613524139418,0.9742434763586925,0.7248664583456795,0.7898228672735487,0.5314857644387393,0.31298450952164214,0.5593647191357648,0.3417359316785283,0.9700737438106678,0.769105026421432,0.5291950417966421,0.24955564669606042,0.29984100469720987,0.8266726031410394,0.731256270549266,0.4023765380961057,0.6269142874257155,0.4766717890507743,0.31372362115277297,0.4382726506557075,0.5111117882565938,0.2917417822306745,0.7151735615554148,0.27227735090186295,0.39231390177312164,0.12657358255864676,0.2648097421181398,0.12154222298578213,0.4771956687452315,0.10676559601920689,0.8151038136279884,0.13037453308621932,0.5217815090601698,0.5945253978389886,0.20139358555679682,0.49346297779111437,0.2832054333567691,0.5839469661745638,0.3810666621821548,0.38882192363069684,0.13776270980628696
0.37447961941753116,0.4567369277412411,0.3326166551494101,0.590574036696783,0.35049512131023586,0.5548646705185892,0.42695926507054804,0.31770727332099136,0.33718356503487007,0.6647081449428434,0.4844137614635104,0.6494234234422747,0.4031481385291309,0.3493355934655021,0.1357978033083614,0.3361678722273075,0.3359627845594711,0.24485827316528508,0.20643572497692214,0.14791520876556866,0.6325694214336015,0.2377803651682506,0.2086293772000283,0.6922527518979931,0.4383549169666587,0.6709770700105141,0.43082775871683815,0.0,0.80396866660465,0.04430942578452229,0.11182647301469337,0.5579722461489615,0.38352984015806507,0.4128318305003059,0.307067563855518,0.52942269974429,0.7953089297307848,0.6507587448065123,0.5340345044842122,0.5202317182778347,0.18812879810343403,0.44473754231914986,0.28709879066906335,0.7811795440927494,0.6048849800075694,0.36883346028383396,0.03717341658982706,0.2574196397722267,0.6521415685608708,0.6535593444789137,0.4011690991154305,0.5435095317214489,0.3972031949815512,0.19598899513487344,0.4887566565258669,0.5195783002021529,0.3654509916852893,0.6145630109810059,0.34277721013029316,0.3521698901843149,0.26480036294757703,0.2656540823762647,0.06506867189731637,0.4552286454836161,0.0,0.717052701178383,0.060120660274151395,0.47682196950659167,0.514668721722538,0.1809031811624428,0.4735930234107561,0.3079925922255442,0.4362876742441051,0.3829662694412372,0.29759144319911485,0.1315117853916411
0.44358754680171436,0.6619038790140697,0.4924834896018278,0.9276810938909705,0.5520864992036693,0.5972949686059233,0.6819549119554892,0.40122992088308956,0.5072410364755341,1.0,0.6771728749927366,0.9081015234832625,0.664240654330766,0.5685927055873272,0.3369130365993669,0.6336691037845679,0.5503226510588544,0.3988462459863539,0.40203489388973496,0.3204556030343107,0.8513268882894758,0.5058658110031646,0.4538679547383577,0.9649059407445213,0.7951685005625689,0.8938352291388798,0.759164083881577,0.80396866660465,0.0,0.2822626569017938,0.343181160485207,0.9382164539648626,0.5858647144284463,0.7494439342146957,0.5583946177283888,0.8666238572691874,1.0000000000000002,0.7507283002664337,1.0,0.6533937146569736,0.3479512316186794,0.7144796828777152,0.5550951622480274,0.9699335980678189,0.8307631769327912,0.5623378788551538,0.1765020806541214,0.4262737939030607,0.9284697278852317,0.7986538979512774,0.48229218866965873,0.7753726478652841,0.6277307581341236,0.3984024308361812,0.831995113704329,0.7439138952665184,0.5072016125542912,0.8408533927990861,0.5425374994156162,0.5037440093548212,0.3326454368719589,0.37849843896092566,0.23732108517413833,0.6150275094121662,0.24553407013692294,1.0,0.2664974282499146,0.7733045178057449,0.8089631515371707,0.3788151155920439,0.7011387476795162,0.38055631104885684,0.7074276144375733,0.451572873684532,0.22232961524816539,0.3505035370718335
0.21560139398747824,0.157008247740832,0.17789077849364054,0.3263832835152713,0.04009915167454608,0.13079315322302945,0.18847759821311696,0.31343387351810054,0.29803269298713503,0.4294556846014774,0.12577642494273322,0.3495094560493217,0.16341127113442624,0.2193137023079823,0.19286256336082555,0.2362850004914236,0.0,0.23260368601379539,0.45664291405058477,0.34754661812485443,0.07888198207448188,0.17328924499330645,0.1879295774297815,0.28495765022322217,0.10726038933334926,0.22768736383000113,0.2410369034132406,0.04430942578452229,0.2822626569017938,0.0,0.2699428673934844,0.3398346286608209,0.18874648234508848,0.17600278651833162,0.15303774569437342,0.23797640287575192,0.6394179169182967,0.32801117095453175,0.3383641585679413,0.2743283486561626,0.3858304674616797,0.16864315230717125,0.042932946825878934,0.41948301025015955,0.443434384948441,0.10352063671501532,0.22853443540929078,0.23339431175210765,0.2910102437709874,0.35088207228495494,0.2451117447025455,0.23460666401766783,0.215852978521836,0.29615809988032293,0.2613138625235636,0.158680189596983,0.3719017740407469,0.19878461882779666,0.2898502150559982,0.26611648554396927,0.4742471875613933,0.2666882000028523,0.3208025420905639,0.40524797939615087,0.37004343128869904,0.2757294036532484,0.1873552178467684,0.4680291384126498,0.20681416471699127,0.3294639740195886,0.045981024562202405,0.1890990285659824,0.09927707786534803,0.4547079329117796,0.25656934834905387,0.34800549748515636
0.14218438508527872,0.21652754576553482,0.19788291755245763,0.43418172459831567,0.10671164826439214,0.2450397247339835,0.29124006245000755,0.07022218947318533,0.15139784355624236,0.5103741642851993,0.2049342093337865,0.3864968250290197,0.19637792269491217,0.1035632207919179,0.17487282974432827,0.12284074490493996,0.12437169617516315,0.3577858019270288,0.25543278353704435,0.274432261348843,0.2912981431728617,0.25965689474542397,0.22158560556774143,0.3527319688793126,0.1697547602231578,0.3034999116666924,0.1891611408212075,0.11182647301469337,0.343181160485207,0.2699428673934844,0.0,0.3668367162418094,0.24071153153174682,0.2091871861342993,0.10659831088137597,0.4038222822034867,0.645960841357424,0.33949798562110267,0.40713987639555826,0.2465459527976717,0.07883111359775619,0.25091525422845273,0.06394132351692591,0.5416932888381961,0.4670876478863759,0.215408343480083,0.25465343720242584,0.06770974950658784,0.4832635562969986,0.38994927716663136,0.1425007875224837,0.33689400750875237,0.1820892359653279,0.28074306585382874,0.26245495795099777,0.2348570215996447,0.14469559774769736,0.3085770628699176,0.11931619723429644,0.14968698819512405,0.35989200225157003,0.11409519733437032,0.328563633266959,0.2090976945234506,0.3431455379244917,0.5080036036845429,0.3414274787715987,0.21763547662285582,0.3310105374702845,0.3096980275289998,0.23201075601014703,0.3210740921935198,0.1306225224289789,0.0,0.29285159155172114,0.28620574901031265
0.49095690845539874,0.6093259671021172,0.49957327915612176,0.6637247937863832,0.5123442100833602,0.645326918695308,0.4991891838792049,0.3738982508441961,0.47047349389729465,0.8752811754852265,0.639486709161025,0.8312182494744934,0.5116364386658858,0.437047143517294,0.35181063778957544,0.46157593032732536,0.4744058366575822,0.44392076221619986,0.25450640091159427,0.43521847402096697,0.7725727205524452,0.44135765662117277,0.45779192220508236,0.8916584649734453,0.510195110877021,0.8323564923170249,0.6459873555322626,0.5579722461489615,0.9382164539648626,0.3398346286608209,0.3668367162418094,0.0,0.5579701035565997,0.5497426874279018,0.3561457104225675,0.5437861213619554,0.7862799738687607,0.6993276074127875,0.7502099938090329,0.5261891763574342,0.3195824219455315,0.5766105680908231,0.3558003984876294,0.8272905144354751,0.5426160630913105,0.5613667844261698,0.21402119278268827,0.4421192654866025,0.7022736349044303,0.7186641074513768,0.6119628845580196,0.6006581312091656,0.48979604319296194,0.3228945967066712,0.6281136411818763,0.6663391241575658,0.4778702509029861,0.5297830938929694,0.420815092939251,0.5047063591295661,0.43302504551032284,0.47015459133114995,0.24750372376613733,0.5147961963453195,0.09706652380495828,0.7696088281266307,0.1686618406710116,0.6160957437906439,0.7257672975973714,0.45328448254143633,0.6755370909236642,0.45573730298324727,0.47996846342339267,0.6264903774100422,0.09341671678591898,0.24522029156365419
0.4427720773954595,0.6153635848656032,0.523418776532194,0.6340299404761025,0.3646851169555273,0.5043974192543755,0.392311743936888,0.2717233926875103,0.34068364100260495,0.694005914112505,0.42712768097268194,0.681907898471837,0.4516439698324891,0.4379739140163406,0.37148769919127395,0.5274714639984975,0.3487658341465785,0.3046928745034084,0.39535407032760356,0.28590261561154284,0.545606379151417,0.4515648753415673,0.3923647125553952,0.7059652342733818,0.48650294511610204,0.592378872021447,0.6078555946202765,0.38352984015806507,0.5858647144284463,0.18874648234508848,0.24071153153174682,0.5579701035565997,0.0,0.3999482589426025,0.3546316692946787,0.5024709338958464,0.8144649636506062,0.4096865874123829,0.5477169131076892,0.28688244729594814,0.20589222240673874,0.3863623609495084,0.16745699751046428,0.7385361207627728,0.4915942163471075,0.44287815927457286,0.23289636612651976,0.5181075315412906,0.7091203257275267,0.5149071222425108,0.46922131770661674,0.5040586325120809,0.4521448009850535,0.23160254287801765,0.4113683810089958,0.5418310865894262,0.4128949974129199,0.5205577293437704,0.43545727247532967,0.5447958461795404,0.29158157011068236,0.3228697725651589,0.25998526190010157,0.6753172315035199,0.29150231163227497,0.9185574620973473,0.296743193704518,0.599846865240541,0.6741481864175417,0.36438318820049215,0.581351606595965,0.3706148585902433,0.41240035927779595,0.46071499555106316,0.17105401544509546,0.3169700431773972
0.3965836384041461,0.7416966919707924,0.6258973663097199,0.6545296438566144,0.474644205597264,0.6377596405510091,0.5164991373389359,0.2941525278248098,0.4807718064853493,0.8966262812252137,0.5522324797251529,0.7844716815716946,0.4436773435432354,0.5650878799547543,0.2720526018777884,0.611748086792236,0.42478631763595914,0.3067172421859569,0.4875903456858655,0.30171363445273214,0.536038100828344,0.4952011664616945,0.5616503433518979,0.6839694725087891,0.4820853197918516,0.650321297894839,0.7083406922510656,0.4128318305003059,0.7494439342146957,0.17600278651833162,0.2091871861342993,0.5497426874279018,0.3999482589426025,0.0,0.2940046276649779,0.6406114601109442,0.9999999999999998,0.4747519591749329,0.5579436158223721,0.35804271696344653,0.31210789830326435,0.31023541627306905,0.263777569297367,0.8295511654232798,0.46584338142150733,0.4340330755226145,0.12976727513100467,0.5410771591066373,0.8849455940134866,0.6482186620923429,0.5183173654334129,0.6448938837291751,0.40207254710562795,0.33642314749793056,0.558318682554191,0.541543535665501,0.39916033246387606,0.5859582393404975,0.4201786988274877,0.4460578827744777,0.437889521312332,0.4059314411935203,0.31467516498081144,0.6521443739380448,0.18695722425034286,0.6799064638330298,0.2430960735969592,0.6552610691899757,0.5349303066728105,0.3155716544981821,0.5653381174728026,0.4040659655359099,0.5061637669514156,0.4580731290450475,0.3724875696889924,0.3001772499919261
0.3125733512720385,0.5816001662711938,0.3777532343984071,0.4259060519004863,0.2641929201873229,0.4742444564306397,0.22245107449613616,0.3197877505009368,0.3324461604344324,0.5002201757382712,0.328304647655065,0.4303173154034641,0.22306334769630223,0.3173057590162512,0.16938250636231333,0.3281487670375362,0.27418606190769546,0.1943636500420952,0.27110655672740686,0.2419154761563195,0.4514347096326936,0.2951839969520681,0.33748554038893624,0.5454897603205769,0.334948501740409,0.47450753039625265,0.5018235835734478,0.307067563855518,0.5583946177283888,0.15303774569437342,0.10659831088137597,0.3561457104225675,0.3546316692946787,0.2940046276649779,0.0,0.26213615024582315,0.566397323816054,0.3437509959620079,0.5386144432923827,0.1368338474101529,0.2283625727482953,0.2235883101013831,0.13092931421234935,0.488988006793777,0.39329900009934904,0.38406847665340343,0.12113366579393427,0.37953980931125963,0.4989694054365736,0.33067695545183967,0.36368560831187013,0.40107781223008315,0.35928134862960653,0.10709849895561413,0.3074195524570225,0.37419253236007693,0.23151580761379548,0.35775683445686607,0.17002826086686862,0.31230882564426915,0.2544131750610084,0.28212438375961113,0.1391935632920301,0.45201691252779763,0.01745836861545076,0.6034514834588376,0.08916407155015432,0.5696828769315422,0.4194426761065416,0.12787504021891527,0.45147301813816126,0.32795024308862547,0.1906077347062355,0.34546566515767524,0.266927559973317,0.15124700443652936
0.4751183492912411,0.6709108492048625,0.5003305129645041,0.7640915255130806,0.46489006259636895,0.6064142179405773,0.49041766159064587,0.24763346214183551,0.43461893252799283,0.8593133646142015,0.5740848096664887,0.8619453920242554,0.5376848094540901,0.40001133871738764,0.22073905213572606,0.5386488190570088,0.46409195502196743,0.3336048592283275,0.36354195648294,0.38038585480129583,0.5479755762062913,0.4486602290200372,0.3799108648044712,0.8129468700398915,0.6095139592960165,0.7589300787850028,0.6084613524139418,0.52942269974429,0.8666238572691874,0.23797640287575192,0.4038222822034867,0.5437861213619554,0.5024709338958464,0.6406114601109442,0.26213615024582315,0.0,0.9924216971709444,0.6371281315674051,0.6376207184156443,0.4873317214814684,0.3569136598494849,0.5713255449580594,0.36541945031526646,0.8816918650677862,0.5727436690720226,0.5008093125305929,0.17963900741068248,0.37847208660333703,0.6551592150015553,0.6554007070802069,0.568773997519878,0.5789410934322413,0.4126076569055549,0.31367114336191515,0.589443916400346,0.6279355209962818,0.43201843715529464,0.6133413040187486,0.383274939426441,0.31329557412732517,0.45887236486401545,0.4244184555417549,0.2279369309307177,0.6969346413658256,0.23524610542407337,0.7517083646088467,0.244655137958316,0.5670867732861943,0.5391193491167775,0.35475796703881884,0.5675533040310705,0.4090774729312717,0.48498533986184256,0.5150738610566187,0.07943233723222434,0.2528670338066867
0.6421571827704652,0.9107906365886235,0.7775812868981727,0.8932125163637079,0.7950358877428737,0.9425867729014095,0.9155456991162763,0.49084927796787514,0.8056029513299369,1.0,1.0,1.0,0.8586674808231894,0.6084519796248045,0.5068522700522649,0.6447376830341308,0.7105150117025252,0.7249145711414163,0.7516905651375645,0.867967809897216,0.944914861731035,0.6968172186110864,0.788335081029464,1.0,0.7480139251550283,1.0,0.9742434763586925,0.7953089297307848,1.0000000000000002,0.6394179169182967,0.645960841357424,0.7862799738687607,0.8144649636506062,0.9999999999999998,0.566397323816054,0.9924216971709444,0.0,0.9217100236503709,0.9322754248584886,0.6574282472083022,0.6404332939674717,0.6718892567231592,0.5843014568292282,1.0,0.8638391220647956,0.8095995335491891,0.4014599922465499,0.6991034167906567,1.0000000000000002,1.0,0.7735691222753109,1.0,0.6199029022245047,0.6235690335266593,0.8763089732963647,1.0,0.7888944301434819,1.0,0.5641884409090122,0.8516093672012267,0.7847301616026422,0.573451439224737,0.44015332005132946,0.9999999999999999,0.43593472019708573,1.0,0.4726030593951204,0.9770069877982809,1.0,0.6330408890479483,0.8963153735873214,0.7157530557089403,0.7370049511927118,0.8444283482353943,0.35112455157722505,0.5769987877725712
0.48729008442593563,0.8389819242607982,0.538950989303683,0.6644673847511802,0.5021261410432869,0.734672948560154,0.5988424256971123,0.2711092970826817,0.5280790299396126,0.7338352165403557,0.5569024755561043,0.6526478782203861,0.6698393772295349,0.44897179017246275,0.34312951821973886,0.6210885660405306,0.436287729981932,0.3034641478688988,0.43862073881566566,0.40144343503697055,0.5960740277019385,0.5279518684700949,0.4948840722056131,0.8027515916103932,0.6032792607046124,0.7270431989395628,0.7248664583456795,0.6507587448065123,0.7507283002664337,0.32801117095453175,0.33949798562110267,0.6993276074127875,0.4096865874123829,0.4747519591749329,0.3437509959620079,0.6371281315674051,0.9217100236503709,0.0,0.8657674975095794,0.47875079666424514,0.36160927838715556,0.5156052281254283,0.37065080344983314,0.6937694477614091,0.5046556454452449,0.5933543827169242,0.1597400050508465,0.5316306230483052,0.7790927225333208,0.731400133770673,0.5705999758335026,0.6674461664851405,0.438798052207699,0.4982967050678899,0.5711404301152834,0.6458558640339761,0.42310605087611886,0.7218058796910912,0.394542484118568,0.4950844970319978,0.44099288067258,0.37104463578001035,0.3198223601316166,0.6952614825703608,0.2542964295537034,0.9294338293411755,0.3069758277368412,0.69450554849311,0.6606951810359636,0.44119279285417584,0.7429014857716557,0.48168843986606985,0.6025676822070841,0.5774078906040212,0.234888226517422,0.3568262791407083
0.4336605935523882,0.7035071963554711,0.5270745128430426,0.6704670090457291,0.5113985090127575,0.7267250560153011,0.5476184579902741,0.3319721704126673,0.4313502330576867,0.7386107707051859,0.6810081208910435,0.7969931033254356,0.5142496116258618,0.47727285718154977,0.35630705326613454,0.5288782603312133,0.3676648782652368,0.4044159455116023,0.4076258090564383,0.4574528697952532,0.7525348737376035,0.5970476607388837,0.4754159211487935,0.8308221174854843,0.7299867140997099,0.7513413752731866,0.7898228672735487,0.5340345044842122,1.0,0.3383641585679413,0.40713987639555826,0.7502099938090329,0.5477169131076892,0.5579436158223721,0.5386144432923827,0.6376207184156443,0.9322754248584886,0.8657674975095794,0.0,0.528141251395656,0.3273728415211913,0.5084493100120201,0.3053822520933933,0.8251066299544614,0.8242175889158915,0.5938352446667082,0.23525806397101995,0.49002086339990264,0.7643764699801336,0.7480038455310246,0.6580968213959241,0.6595387762073494,0.5086834815322094,0.4023870899342542,0.6096893111704715,0.627130833547515,0.4412638061284483,0.7084730242589663,0.36824489807182986,0.5318000200234366,0.38525546183506115,0.4424341395370962,0.3098628314364912,0.5578746504945215,0.18225199975920872,0.7916449445112319,0.2979179013256614,0.6225161682417698,0.8338567078971783,0.4407193652378879,0.8010421426041119,0.544460767439819,0.6436546656427067,0.6338723748666375,0.1920500215571607,0.29090914477371754
0.39220298278603977,0.4786206626625219,0.43085756559685207,0.6132881589153734,0.3734768293711168,0.5483982490866277,0.5166948343065276,0.2914711362864776,0.4404319685982816,0.6699451948255439,0.5271938710823112,0.6131080624585827,0.48672208718349497,0.34510387587940317,0.38288310895942185,0.5441746815693684,0.33673704375249164,0.36845069264377417,0.277923114659003,0.328692616760059,0.6748806173623123,0.4623037118745087,0.37793632948433553,0.6826287022354479,0.49130043048641964,0.6623417447678125,0.5314857644387393,0.5202317182778347,0.6533937146569736,0.2743283486561626,0.2465459527976717,0.5261891763574342,0.28688244729594814,0.35804271696344653,0.1368338474101529,0.4873317214814684,0.6574282472083022,0.47875079666424514,0.528141251395656,0.0,0.09439707309432266,0.35952542342954336,0.25718623501697513,0.784696307352924,0.5250624701779066,0.48523245863680065,0.11950975123258256,0.45205054390872385,0.6726999096971805,0.6067939277220675,0.5115883988454951,0.5199695645464526,0.4318304948873109,0.3139510925204205,0.437308333541154,0.542974552176855,0.4455153182305579,0.5432801800917633,0.3614652681559166,0.4635594647897897,0.3225356435533885,0.3184653349130489,0.15501022127825714,0.5682058864345032,0.1801442195734237,0.844780556566515,0.2425685557524049,0.603305719007027,0.6242271822298526,0.30055530351210274,0.5592091687427403,0.349929375908439,0.42155888320141843,0.3944743347101111,0.21327712612973557,0.21643603987004395
0.2457531794546417,0.4291257320041647,0.3580160044110922,0.37197269751101225,0.23683444542855994,0.27545894954196026,0.24986245342640775,0.12475361011800964,0.1432126147642812,0.482315688638292,0.18128938066213665,0.5081729146951149,0.19894133974119424,0.16566862148174963,0.11104704663071581,0.22887380320295658,0.20341214392804863,0.07539944822011438,0.16251429407434329,0.009870753572116819,0.3161541250213898,0.1282714811989783,0.24737399813213534,0.4311719971235683,0.2681764777712863,0.3893605974631045,0.31298450952164214,0.18812879810343403,0.3479512316186794,0.3858304674616797,0.07883111359775619,0.3195824219455315,0.20589222240673874,0.31210789830326435,0.2283625727482953,0.3569136598494849,0.6404332939674717,0.36160927838715556,0.3273728415211913,0.09439707309432266,0.0,0.22393894438282283,0.056221248271287924,0.5597396130652545,0.365185170391667,0.18822856662754472,0.2841852761915895,0.30635776180006935,0.5316384187211747,0.37169654142912834,0.2902620008690617,0.3030131406674735,0.22983474765937367,0.04934168941281091,0.2812654512347524,0.3606824437809246,0.1625788683063812,0.322945857015791,0.16367356767346447,0.18746226066215632,0.12215763486429668,0.23620680362993385,0.07666577109718936,0.5384477939418407,0.20902669066411653,0.5087876941731843,0.29689775929947143,0.3412714600299724,0.3309857040543914,0.0,0.3466427768192009,0.14882886955434585,0.12325392083279282,0.1323981845226536,0.2864220986438927,0.09855173771748561
0.45022006304466067,0.6117608101456022,0.4483236850742612,0.5035307337574264,0.34619379971432596,0.5540891501994605,0.3434281637043208,0.37391923600783233,0.25517834270290823,0.617322326707374,0.4311265232684817,0.6756559728416791,0.40067636863477785,0.3591016876097682,0.2127317524332705,0.4535475930497027,0.2823219001071021,0.28197504318242084,0.3598007183983838,0.2174641180953775,0.6490149162975879,0.3038169135462712,0.45339105072066765,0.6435229944084693,0.5721892103688786,0.6823483333700137,0.5593647191357648,0.44473754231914986,0.7144796828777152,0.16864315230717125,0.25091525422845273,0.5766105680908231,0.3863623609495084,0.31023541627306905,0.2235883101013831,0.5713255449580594,0.6718892567231592,0.5156052281254283,0.5084493100120201,0.35952542342954336,0.22393894438282283,0.0,0.20517107370253207,0.704606954143862,0.5547223440249363,0.4980347445904064,0.12241135272476285,0.39141147870101045,0.6989102592517584,0.6053225003604241,0.4903481333445043,0.5617910910856365,0.5277357047019792,0.2203024934281648,0.41344811618694005,0.5677597880682177,0.3235878233436279,0.42192170856128886,0.2870151435291872,0.3769994537425331,0.3152362725201583,0.38696648628871133,0.13002931716461183,0.6012515761276126,0.11522609741357287,0.7695568053221418,0.16690799533705275,0.6010428051046798,0.5924491491197783,0.2622819759673477,0.5220187461654404,0.40596270411764324,0.358394101677122,0.4813379532326245,0.06802739776121991,0.1778611474008586
0.08564613751932718,0.38743292274617164,0.2752788193597079,0.32287591014816114,0.2168387183671883,0.4131916855739841,0.17311771007155394,0.10138018338887869,0.23485270592511948,0.532193287067648,0.25126891728032663,0.3969172623177573,0.18108708846945964,0.18515206433381723,0.2261559492371196,0.22576407782081656,0.29477637881304863,0.13709619603475834,0.18481163559376354,0.08282641938701511,0.22060750875296947,0.16309485172829047,0.10846364133620326,0.4645313942363491,0.3210180244795817,0.45649487412720513,0.3417359316785283,0.28709879066906335,0.5550951622480274,0.042932946825878934,0.06394132351692591,0.3558003984876294,0.16745699751046428,0.263777569297367,0.13092931421234935,0.36541945031526646,0.5843014568292282,0.37065080344983314,0.3053822520933933,0.25718623501697513,0.056221248271287924,0.20517107370253207,0.0,0.3775589531514575,0.4564979219828337,0.11228523956460057,0.03331687924815979,0.13310217248848638,0.42727734852195676,0.35358196951781373,0.3117759112849083,0.258822487053605,0.13783179936306006,0.036884703410487885,0.23994696664099818,0.35726461884712163,0.10334970807443647,0.360831160152547,0.1641811327757994,0.14454273991044578,0.18558432152703155,0.2060042561885532,0.043654977916450705,0.26570868754494725,0.13824442337827628,0.3429740754743526,0.10820508352777877,0.27696251895460605,0.38869884916852293,0.11168839313404971,0.2619158034791545,0.22313620265228862,0.22700625792480444,0.3255933730303133,0.06770543057190406,0.0
0.5860754989920988,0.8490185541581208,0.6694605771469936,0.915678478426096,0.696602772681756,0.7752895611905078,0.7246895925645154,0.4607110534734557,0.5306614850152152,0.7961727333098699,0.7867797562370186,1.0000000000000002,0.7345382566464831,0.6684372393420307,0.6188364704051985,0.7326008723634819,0.490230425592829,0.5853021366958384,0.5543122245955929,0.7216265538608426,0.8504252746964047,0.7519652278345165,0.7185559255881755,1.0000000000000002,0.7864449736023229,1.0,0.9700737438106678,0.7811795440927494,0.9699335980678189,0.41948301025015955,0.5416932888381961,0.8272905144354751,0.7385361207627728,0.8295511654232798,0.488988006793777,0.8816918650677862,1.0,0.6937694477614091,0.8251066299544614,0.784696307352924,0.5597396130652545,0.704606954143862,0.3775589531514575,0.0,0.863306759884446,0.6673760921125633,0.34767741680543146,0.5719573765075071,0.878942808369431,0.7796195939212642,0.6528896047808102,0.8128708414524513,0.5939235486593714,0.5639036097437359,0.8755742243588476,0.8084902117915193,0.6188807010153569,0.882673397049271,0.4850122849643853,0.8239200503039472,0.5366310293617085,0.49773263315213545,0.4314799430667586,0.7379982062536697,0.5194136137060057,0.9999999999999998,0.4884882359060566,0.8925288144699717,0.8740879631788875,0.5535251474480363,0.9229155388539407,0.5652392673671371,0.7847400992577953,0.6846692094484692,0.2611032459494959,0.49044734267253254
0.3129792076196524,0.6550571652236213,0.5457357398249874,0.6349577453313443,0.5148715844179058,0.688576152197259,0.626799621055874,0.3289954166773927,0.6095704747150461,0.7579660005158514,0.7151861497422539,0.5752949371062729,0.555651937940277,0.5571939356457226,0.6228356348187698,0.7452644854870027,0.47680385882681486,0.4226238765845398,0.4055832657752081,0.416764281736031,0.5868557703084843,0.48414309525021015,0.5650455020956711,0.5456034901443715,0.6326716458615965,0.6903187233456782,0.769105026421432,0.6048849800075694,0.8307631769327912,0.443434384948441,0.4670876478863759,0.5426160630913105,0.4915942163471075,0.46584338142150733,0.39329900009934904,0.5727436690720226,0.8638391220647956,0.5046556454452449,0.8242175889158915,0.5250624701779066,0.365185170391667,0.5547223440249363,0.4564979219828337,0.863306759884446,0.0,0.37079583206280586,0.21721238940179027,0.4460619401733592,0.9116980825496348,0.7237845617394274,0.6931004232191026,0.716072037891889,0.6034108764235869,0.4441929148438713,0.5058768171839265,0.7817265207921333,0.38560659945190384,0.7471010914324923,0.5538606151154305,0.6074349301655753,0.33515907685219304,0.47043631854000134,0.24354169848007237,0.8423429597165906,0.26369341167023175,0.8272458833248917,0.4064901674309286,0.745993501365605,0.5086719475562937,0.4690744268107899,0.6845092606557688,0.45236461821742296,0.46792883245077793,0.6841617794674117,0.047187100250758035,0.3230666273830366
0.3056803785124784,0.4428200325449698,0.3309371108777779,0.47529457817995824,0.5485091720805119,0.4120855381391324,0.528236369090408,0.34764314859678425,0.425409804345371,0.529342957102496,0.41401168155406165,0.48925659156900836,0.4044729094336032,0.4070228528554462,0.39606732892086993,0.34642173062602744,0.20513769374040716,0.298783194634998,0.03104334437754654,0.06697748045918468,0.7220493450058552,0.13105798689789835,0.24799013156672975,0.46424604380047535,0.41396517244483505,0.6178554481088686,0.5291950417966421,0.36883346028383396,0.5623378788551538,0.10352063671501532,0.215408343480083,0.5613667844261698,0.44287815927457286,0.4340330755226145,0.38406847665340343,0.5008093125305929,0.8095995335491891,0.5933543827169242,0.5938352446667082,0.48523245863680065,0.18822856662754472,0.4980347445904064,0.11228523956460057,0.6673760921125633,0.37079583206280586,0.0,0.053806189347283984,0.30794422113343967,0.6478316265642823,0.5726224210343832,0.34839687035139566,0.5152012899662638,0.519397735226887,0.33515038533498387,0.4413627786124582,0.44636362239285865,0.3939736492532459,0.5220892017797112,0.2213870653460003,0.5122921041664349,0.2025067830904136,0.24087664541396303,0.07143673109049112,0.45706729606168534,0.22728811718765274,0.6595313058712516,0.07227143892579858,0.4776597747993136,0.4305096524421923,0.15350691174347106,0.5063763791272627,0.21040523776648454,0.3734939083408814,0.26218613572044364,0.21606908852407866,0.1476841759406921
0.044198685060848876,0.11203664906347172,0.09074508014282395,0.24405632064860883,0.013562370344737906,0.032915474149557374,0.14363276665620503,0.03813768856855883,0.29879412003441974,0.25216125874382767,0.0,0.16852814766336727,0.08829488595768281,0.2583011031003602,0.36868652418180914,0.22069312374257755,0.04335110844633716,0.29619087943692834,0.23174821804307968,0.21103485137776587,0.19391878974760102,0.24604893794596083,0.19747831942224997,0.19472290302082645,0.02194680605854614,0.18918204785265952,0.24955564669606042,0.03717341658982706,0.1765020806541214,0.22853443540929078,0.25465343720242584,0.21402119278268827,0.23289636612651976,0.12976727513100467,0.12113366579393427,0.17963900741068248,0.4014599922465499,0.1597400050508465,0.23525806397101995,0.11950975123258256,0.2841852761915895,0.12241135272476285,0.03331687924815979,0.34767741680543146,0.21721238940179027,0.053806189347283984,0.0,0.2694171470819005,0.27890814429761457,0.2607462690657465,0.06224835119481015,0.1867547608587613,0.1444764703244927,0.2483576191324996,0.04175572529894741,0.08376393744085439,0.22914732630527349,0.1594701160808973,0.0025882536032049907,0.0,0.28289780282395527,0.203956879058707,0.29483071456279497,0.060024537252194754,0.19413875766388214,0.300950334524961,0.2511773725099267,0.012147685762629333,0.19207850904429616,0.268527654137366,0.04920288759847199,0.1667857156105357,0.28877437386152005,0.24725216788464077,0.4425477346672476,0.2716623149244955
0.3275158484084594,0.4973349622032416,0.34148815172514346,0.4020720481979971,0.27869160635768564,0.367913500058026,0.3881951903929432,0.21199965545485921,0.2419148144741261,0.6055011742451027,0.30331017508096886,0.6032808824702794,0.36208394746215466,0.14872914738000031,0.2105398244070544,0.33584094657693053,0.21970112765592792,0.11072410244886653,0.1937164153015517,0.25446281535850096,0.4417584407219035,0.20356538105267685,0.37648937869690524,0.6538325349321029,0.29046732629210253,0.6534023837055731,0.29984100469720987,0.2574196397722267,0.4262737939030607,0.23339431175210765,0.06770974950658784,0.4421192654866025,0.5181075315412906,0.5410771591066373,0.37953980931125963,0.37847208660333703,0.6991034167906567,0.5316306230483052,0.49002086339990264,0.45205054390872385,0.30635776180006935,0.39141147870101045,0.13310217248848638,0.5719573765075071,0.4460619401733592,0.30794422113343967,0.2694171470819005,0.0,0.7419800889604379,0.5501979694689965,0.2627628787809627,0.41730784553821076,0.29962552491460115,0.12059413632562474,0.3137088894443406,0.30658331712782994,0.2648001025119286,0.4907394404754378,0.2269272169697041,0.47958899737743277,0.11957173609970766,0.18016716497234495,0.08610433139831794,0.3025335685125472,0.3808887042671312,0.7555616677833339,0.29861120127627727,0.37281800422291594,0.5078898065834436,0.06583129174661438,0.45946362516731015,0.15875544089762186,0.2725774461508315,0.22561536622217598,0.3851739632174415,0.12162140612884273
0.5621525120937263,0.7607404327570786,0.7342844545252993,0.7279840103515672,0.652349063274423,0.7858053545869974,0.5449832594347664,0.4854790182230976,0.5277326885595305,0.9741527703510761,0.7221699951944196,0.8581891432712034,0.5800119880616255,0.6278539715472929,0.4781587381974327,0.7511340676833632,0.4478350996863669,0.5465500370532622,0.5922329021986729,0.5523911057281438,0.8620468468105349,0.6395687163461272,0.654544118917124,0.9617525949473055,0.8318684014044133,0.966835326784751,0.8266726031410394,0.6521415685608708,0.9284697278852317,0.2910102437709874,0.4832635562969986,0.7022736349044303,0.7091203257275267,0.8849455940134866,0.4989694054365736,0.6551592150015553,1.0000000000000002,0.7790927225333208,0.7643764699801336,0.6726999096971805,0.5316384187211747,0.6989102592517584,0.42727734852195676,0.878942808369431,0.9116980825496348,0.6478316265642823,0.27890814429761457,0.7419800889604379,0.0,0.8161996769110582,0.6035700708804344,0.6461712082559515,0.653035307889473,0.4325302852059296,0.7538730405813032,0.8386381501255268,0.5805027668397671,0.6901883872880762,0.5163494014320141,0.6303787559148261,0.6457896911375416,0.5570135828727885,0.3103981834350148,0.9860909470519407,0.4666261897639573,0.9999999999999999,0.4701149129968737,0.8298128916120198,0.7532519448266944,0.4976685248714545,0.8253916300736025,0.6099725366888155,0.6784936462993153,0.6035313194196187,0.16189366892077695,0.4246172850111184
0.4216541287278862,0.5872728688013258,0.5481010976254046,0.7105939604169678,0.48584719107006974,0.6143645475797238,0.5517330650108331,0.3478698457597377,0.4208211081995734,0.8020006134200627,0.6393131358204533,0.6737723659185268,0.5359320801880594,0.514523759658538,0.3625371828856409,0.5723826596892464,0.33176473301557446,0.3164053038705468,0.4584483004611716,0.43567454051833715,0.6504885204164356,0.468750274452779,0.39864299932839525,0.8404622418235373,0.6481837143885584,0.7940550044693715,0.731256270549266,0.6535593444789137,0.7986538979512774,0.35088207228495494,0.38994927716663136,0.7186641074513768,0.5149071222425108,0.6482186620923429,0.33067695545183967,0.6554007070802069,1.0,0.731400133770673,0.7480038455310246,0.6067939277220675,0.37169654142912834,0.6053225003604241,0.35358196951781373,0.7796195939212642,0.7237845617394274,0.5726224210343832,0.2607462690657465,0.5501979694689965,0.8161996769110582,0.0,0.5543795831197065,0.5027038764652483,0.5439864489211289,0.3131953731914023,0.6190129873932768,0.6460970699450139,0.4883426078651187,0.6935554713397764,0.3739105266878545,0.49889794684618,0.43416782431738005,0.3939572201630416,0.18409772390883716,0.752305811909402,0.25098542884207065,0.9938065737341809,0.3095939322085537,0.723001106598802,0.783700041765804,0.31353407553870455,0.6877998429090479,0.5821121742135591,0.5896354692954537,0.6110260977692324,0.20513179802025383,0.28846364497546995
0.36529524975499356,0.4896875222024791,0.37127887204267107,0.6400357113521803,0.3552486469136931,0.36632099384044475,0.4531055975265459,0.3072971810950821,0.39074365263038413,0.6823200030597045,0.3619077650741293,0.6628346138552647,0.4524287562011706,0.37018219016423565,0.18683247198669858,0.3904488685138627,0.30570065594319146,0.2655214981848978,0.2662537861051639,0.1198807453655214,0.5116300108839631,0.2434876935879831,0.29663730481281503,0.5972513508863047,0.4853066138433834,0.6707881564272415,0.4023765380961057,0.4011690991154305,0.48229218866965873,0.2451117447025455,0.1425007875224837,0.6119628845580196,0.46922131770661674,0.5183173654334129,0.36368560831187013,0.568773997519878,0.7735691222753109,0.5705999758335026,0.6580968213959241,0.5115883988454951,0.2902620008690617,0.4903481333445043,0.3117759112849083,0.6528896047808102,0.6931004232191026,0.34839687035139566,0.06224835119481015,0.2627628787809627,0.6035700708804344,0.5543795831197065,0.0,0.5778240134579424,0.42707866469557443,0.20148873011032353,0.4485644553890364,0.45607405366647885,0.32632008835752957,0.6144497517308743,0.36014970896915516,0.38060881389564644,0.11720999348553647,0.26045472318305435,0.13162935197957945,0.36298789135369375,0.15351665291332836,0.8228603784151335,0.10246147245188415,0.44101131850114433,0.46542473936470424,0.16962631266771971,0.4631636959425292,0.24792893423197215,0.3969982107548402,0.31500317914096165,0.2299873715525982,0.15349916875196495
0.40777872218448125,0.6091021034683943,0.4956218093011773,0.6380219198134889,0.3997861525562351,0.512583351882226,0.41116586814053624,0.3630604737564591,0.3591577405125865,0.7700675811300159,0.4832440166909596,0.5944057311687607,0.4177126532638806,0.39963160365750106,0.32608527963258604,0.5379963051176009,0.3721148703590279,0.33278989959906913,0.3556634114150957,0.3618650343091729,0.6058342479867682,0.4953979167651486,0.4295922471938176,0.7983696064846756,0.6242793763806654,0.7627131007737293,0.6269142874257155,0.5435095317214489,0.7753726478652841,0.23460666401766783,0.33689400750875237,0.6006581312091656,0.5040586325120809,0.6448938837291751,0.40107781223008315,0.5789410934322413,1.0,0.6674461664851405,0.6595387762073494,0.5199695645464526,0.3030131406674735,0.5617910910856365,0.258822487053605,0.8128708414524513,0.716072037891889,0.5152012899662638,0.1867547608587613,0.41730784553821076,0.6461712082559515,0.5027038764652483,0.5778240134579424,0.0,0.4447117573638922,0.24867624760277576,0.5264693238256012,0.6336957988692897,0.4365788530960054,0.5835696818362786,0.28066458618464096,0.4073079665067884,0.3200396163886809,0.37986834680661974,0.2008015299495385,0.5866893248657503,0.20883359718872352,0.8573840818152472,0.2578229229114258,0.6213211031267176,0.6458487273533258,0.2833014397011667,0.55455223905707,0.4334345005627659,0.5429060065855724,0.48473641649120014,0.12166233635097187,0.2568216188174725
0.43186433363387905,0.40889135757565176,0.32803377853719085,0.5007092054172065,0.44129454347012254,0.39275479333517366,0.45808921345243714,0.3100822684051888,0.3077029345457797,0.5563077743059311,0.39639674713413986,0.4869536201137253,0.4311290771166265,0.28663771878723254,0.3777704462821359,0.27334232911544787,0.20843247270248821,0.3125764818109572,0.20486268396492052,0.15710330866189612,0.605672396638591,0.24709286465415312,0.3336349242217054,0.5783491040279272,0.45112817682848677,0.5783581152033692,0.4766717890507743,0.3972031949815512,0.6277307581341236,0.215852978521836,0.1820892359653279,0.48979604319296194,0.4521448009850535,0.40207254710562795,0.35928134862960653,0.4126076569055549,0.6199029022245047,0.438798052207699,0.5086834815322094,0.4318304948873109,0.22983474765937367,0.5277357047019792,0.13783179936306006,0.5939235486593714,0.6034108764235869,0.519397735226887,0.1444764703244927,0.29962552491460115,0.653035307889473,0.5439864489211289,0.42707866469557443,0.4447117573638922,0.0,0.2815148732001776,0.39759346908408283,0.5012825405864718,0.36523783347220473,0.510135930865786,0.32529130590259925,0.5615658205505752,0.11372381438063957,0.24431131229149397,0.10522567645769176,0.4428844409021923,0.03644258252114258,0.689659117584241,0.09543805224253334,0.40936322402221953,0.5489927891069032,0.24213866136009687,0.5627740150370911,0.34883343057534466,0.30177126972416235,0.417054264153402,0.02093644162513735,0.1690071157822621
0.23312892261427373,0.2925807972233828,0.30226360709204114,0.49449037428783993,0.19577082827616557,0.25160876906368657,0.28742716472721935,0.17396510623692474,0.16525151368809554,0.5597814266633258,0.2679572857106764,0.3443584820395652,0.25010430426578256,0.17097203822786328,0.0557778162319744,0.2581264893723655,0.15648622478072258,0.10807854232435915,0.10863183558899864,0.34117693453461123,0.4451417356873396,0.08108384835105577,0.15881090195614303,0.42327798852201814,0.24264758431066782,0.4802491987231581,0.31372362115277297,0.19598899513487344,0.3984024308361812,0.29615809988032293,0.28074306585382874,0.3228945967066712,0.23160254287801765,0.33642314749793056,0.10709849895561413,0.31367114336191515,0.6235690335266593,0.4982967050678899,0.4023870899342542,0.3139510925204205,0.04934168941281091,0.2203024934281648,0.036884703410487885,0.5639036097437359,0.4441929148438713,0.33515038533498387,0.2483576191324996,0.12059413632562474,0.4325302852059296,0.3131953731914023,0.20148873011032353,0.24867624760277576,0.2815148732001776,0.0,0.2716305385537544,0.276672490236476,0.20200436592584936,0.32285586544750494,0.10853776480696128,0.3241297872485867,0.3367521681592558,0.11261642261570622,0.2513608684752581,0.23370678626185754,0.28435305680838596,0.6079526440905905,0.23010514816215438,0.31900049938143515,0.3345447765358067,0.019432245635687156,0.3306059394351635,0.1464057209623759,0.25513454452604895,0.17773416216351323,0.215835081661825,0.2631122681588351
0.3401858692312666,0.5770047196617341,0.4333106554432409,0.7188167488685593,0.33991290354344805,0.5559474957503641,0.48017101159077213,0.20507907623442787,0.41410225612382107,0.650648729375579,0.411468298437317,0.638295484188126,0.44580540361283333,0.3442257280311643,0.2802459521558101,0.5513459904614769,0.3423126268806448,0.27750134849269265,0.26001078976771574,0.35473708080465194,0.5704274139204986,0.37545960690469243,0.32107901404798334,0.6945189249759686,0.45921846944232025,0.5311265806649492,0.4382726506557075,0.4887566565258669,0.831995113704329,0.2613138625235636,0.26245495795099777,0.6281136411818763,0.4113683810089958,0.558318682554191,0.3074195524570225,0.589443916400346,0.8763089732963647,0.5711404301152834,0.6096893111704715,0.437308333541154,0.2812654512347524,0.41344811618694005,0.23994696664099818,0.8755742243588476,0.5058768171839265,0.4413627786124582,0.04175572529894741,0.3137088894443406,0.7538730405813032,0.6190129873932768,0.4485644553890364,0.5264693238256012,0.39759346908408283,0.2716305385537544,0.0,0.5161149567435247,0.29741370685532087,0.6440263493427982,0.24073377362249937,0.32660736282849895,0.26637804724393693,0.2687316918401191,0.16838610130731416,0.5606878558534484,0.14155751316420973,0.7178277832854462,0.25185663620130305,0.4830753149304395,0.5339235688862052,0.22166045340875473,0.4832356440613738,0.3197225474029668,0.4077980603520792,0.34714752235561674,0.013605636662634837,0.1822344067730597
0.36079991814355383,0.6930221336498282,0.429990992814636,0.6696636162161715,0.4061085510381829,0.645061191862182,0.6091558693496751,0.303647748785651,0.4650261825858971,0.7569885897092035,0.47287521099347374,0.7911023529354657,0.5071666779838349,0.43453827813891543,0.28284021295940526,0.4938568176093314,0.3536582945050418,0.2766158222548674,0.2581037071131261,0.29146121375637074,0.6795196390000915,0.3961626922733927,0.3408059574878386,0.716107645827785,0.5408602460709984,0.6972676527051634,0.5111117882565938,0.5195783002021529,0.7439138952665184,0.158680189596983,0.2348570215996447,0.6663391241575658,0.5418310865894262,0.541543535665501,0.37419253236007693,0.6279355209962818,1.0,0.6458558640339761,0.627130833547515,0.542974552176855,0.3606824437809246,0.5677597880682177,0.35726461884712163,0.8084902117915193,0.7817265207921333,0.44636362239285865,0.08376393744085439,0.30658331712782994,0.8386381501255268,0.6460970699450139,0.45607405366647885,0.6336957988692897,0.5012825405864718,0.276672490236476,0.5161149567435247,0.0,0.4329517801558086,0.5496380135899477,0.37186263893519617,0.4154544867569826,0.3803652238822219,0.38232830924823397,0.18915609254273752,0.48080949981610704,0.10683071339052869,0.7970093748465535,0.18273898640837535,0.5566574565676301,0.5506435431063661,0.2441258246043033,0.5137035253281863,0.3154551114325233,0.48804072246194385,0.4037383676532619,0.2771716121596358,0.28380699574050827
0.38085788548320454,0.39767909320978395,0.23996470382746918,0.6105247642724988,0.35355557173151597,0.29840632755380847,0.3801105053765501,0.26110327673648814,0.21575395408594714,0.5844747755912795,0.38489512726956,0.4609812084954808,0.35138136555990146,0.29155934720460597,0.25836143521872906,0.3512628686669845,0.2113187992087031,0.18163362199743416,0.08661146534541929,0.08654664453403695,0.44075364151506535,0.135451814347543,0.13131633499770462,0.5234129396526633,0.39177928327431344,0.4457067008061476,0.2917417822306745,0.3654509916852893,0.5072016125542912,0.3719017740407469,0.14469559774769736,0.4778702509029861,0.4128949974129199,0.39916033246387606,0.23151580761379548,0.43201843715529464,0.7888944301434819,0.42310605087611886,0.4412638061284483,0.4455153182305579,0.1625788683063812,0.3235878233436279,0.10334970807443647,0.6188807010153569,0.38560659945190384,0.3939736492532459,0.22914732630527349,0.2648001025119286,0.5805027668397671,0.4883426078651187,0.32632008835752957,0.4365788530960054,0.36523783347220473,0.20200436592584936,0.29741370685532087,0.4329517801558086,0.0,0.44250600340403634,0.2811178973902839,0.2973688808709231,0.047648451882705924,0.1708414860836994,0.07714907738545972,0.4140884616611373,0.24364022327473195,0.5644830401210317,0.23800142644387579,0.34711689410427654,0.37865646512917034,0.14258592666415051,0.41573966997745676,0.14622597724846545,0.2999441096998116,0.21264330579058965,0.20787286988025638,0.10931596407158432
0.3829507272961196,0.6594616548414726,0.4566888391625475,0.7154054352886214,0.44288287083053135,0.587212196188343,0.4550235190892433,0.3265547022764629,0.5149762647462677,0.8684875652588371,0.6107534459744575,0.6857562162646862,0.5727490592451867,0.4372301279443409,0.35935895226668424,0.48053615912611236,0.3733219196889102,0.3424958055279943,0.40928447199770196,0.3684747865114951,0.6901888609901337,0.555545844299087,0.4698068369988071,0.8203533484546716,0.6458987391983297,0.7874662123403243,0.7151735615554148,0.6145630109810059,0.8408533927990861,0.19878461882779666,0.3085770628699176,0.5297830938929694,0.5205577293437704,0.5859582393404975,0.35775683445686607,0.6133413040187486,1.0,0.7218058796910912,0.7084730242589663,0.5432801800917633,0.322945857015791,0.42192170856128886,0.360831160152547,0.882673397049271,0.7471010914324923,0.5220892017797112,0.1594701160808973,0.4907394404754378,0.6901883872880762,0.6935554713397764,0.6144497517308743,0.5835696818362786,0.510135930865786,0.32285586544750494,0.6440263493427982,0.5496380135899477,0.44250600340403634,0.0,0.4332976729213236,0.5871065746147198,0.2756193828089656,0.41129476829796136,0.19037026927210637,0.5641314564687593,0.22099377273797932,0.8234442023303472,0.29222293731827964,0.7242685413142539,0.8039265597931093,0.4035024257121176,0.694432296959625,0.5408542680363781,0.5456731739382241,0.6081091624812959,0.11420630479124531,0.24132931225721968
0.18803402636577335,0.3088034369026926,0.3890808319104291,0.5569642030776298,0.1822042138812932,0.3710763533111096,0.20429025278370358,0.1848381218600148,0.22764692072217269,0.5239117042164797,0.32941283547428696,0.4769965329766855,0.2660522056187176,0.26529795476733237,0.10990444100060222,0.3117038461650867,0.21815755707654239,0.13348870779447752,0.1877817477182816,0.05447984172304878,0.3890649023795805,0.12461306750551503,0.132667504295629,0.5423684304221965,0.3894034941169932,0.5427036717304501,0.27227735090186295,0.34277721013029316,0.5425374994156162,0.2898502150559982,0.11931619723429644,0.420815092939251,0.43545727247532967,0.4201786988274877,0.17002826086686862,0.383274939426441,0.5641884409090122,0.394542484118568,0.36824489807182986,0.3614652681559166,0.16367356767346447,0.2870151435291872,0.1641811327757994,0.4850122849643853,0.5538606151154305,0.2213870653460003,0.0025882536032049907,0.2269272169697041,0.5163494014320141,0.3739105266878545,0.36014970896915516,0.28066458618464096,0.32529130590259925,0.10853776480696128,0.24073377362249937,0.37186263893519617,0.2811178973902839,0.4332976729213236,0.0,0.22799255643323788,0.1163270375495491,0.2423183249106394,0.00467007551873647,0.4592197518706991,0.05326273827224239,0.5479551889946807,0.0,0.3070406555930318,0.39299377232081817,0.09135525369287642,0.3563457951607856,0.1393223492043883,0.24627355831650055,0.3201684860243069,0.2373920810131667,0.0
0.4330256123569744,0.5609933425053635,0.48143015403132816,0.7325397623412087,0.298275614329077,0.4148918465168167,0.36029285269320904,0.270817664574805,0.38527315522805156,0.6144129147756773,0.36964366283289884,0.4430654986336087,0.3271291696768657,0.20012598520319128,0.3782602433750498,0.3358581958004861,0.18460486195643103,0.3409424516488365,0.16759578995463761,0.25737791435356727,0.6389610514161173,0.285940535287307,0.3203065640492019,0.504602047790251,0.6018283526640432,0.5756799792219601,0.39231390177312164,0.3521698901843149,0.5037440093548212,0.26611648554396927,0.14968698819512405,0.5047063591295661,0.5447958461795404,0.4460578827744777,0.31230882564426915,0.31329557412732517,0.8516093672012267,0.4950844970319978,0.5318000200234366,0.4635594647897897,0.18746226066215632,0.3769994537425331,0.14454273991044578,0.8239200503039472,0.6074349301655753,0.5122921041664349,0.0,0.47958899737743277,0.6303787559148261,0.49889794684618,0.38060881389564644,0.4073079665067884,0.5615658205505752,0.3241297872485867,0.32660736282849895,0.4154544867569826,0.2973688808709231,0.5871065746147198,0.22799255643323788,0.0,0.09198192909872133,0.14646435529250215,0.19021900130776753,0.5672341819096142,0.09301647582590815,0.5723720901726482,0.13222895672103094,0.44449553135425685,0.4135480785513376,0.09206914039390282,0.4211896564812852,0.20360912176467127,0.4277528157682921,0.30470938677162185,0.3909621652019437,0.08864952040892718
0.12807125028933738,0.5045210913163897,0.2554815418413755,0.4925259377409421,0.197082225779381,0.22664762690615434,0.3120942452738515,0.00012343027725150637,0.11410076257925447,0.5705813407691778,0.22773213750324303,0.5093916133283503,0.21242685830050698,0.11853928237324288,0.17205039619102125,0.22838570349776732,0.1753772802565489,0.29402358571560944,0.06893815992147759,0.23518275684048084,0.24843857877416495,0.31248033981225914,0.3197750203615342,0.43497251627019884,0.23559947093128836,0.33876173775005775,0.12657358255864676,0.26480036294757703,0.3326454368719589,0.4742471875613933,0.35989200225157003,0.43302504551032284,0.29158157011068236,0.437889521312332,0.2544131750610084,0.45887236486401545,0.7847301616026422,0.44099288067258,0.38525546183506115,0.3225356435533885,0.12215763486429668,0.3152362725201583,0.18558432152703155,0.5366310293617085,0.33515907685219304,0.2025067830904136,0.28289780282395527,0.11957173609970766,0.6457896911375416,0.43416782431738005,0.11720999348553647,0.3200396163886809,0.11372381438063957,0.3367521681592558,0.26637804724393693,0.3803652238822219,0.047648451882705924,0.2756193828089656,0.1163270375495491,0.09198192909872133,0.0,0.08133519304236422,0.3929430637719348,0.4372688481777762,0.2469273928818735,0.490266197136035,0.29109781926519485,0.1837591855223567,0.4006149224824739,0.35457714307513677,0.2445147927455012,0.314400697701772,0.15388656421106178,0.31572807198696146,0.29717293778838816,0.4139141948936088
0.17351694888906186,0.33200147112642325,0.2629607821352866,0.48729848806191195,0.23143682448946565,0.2709291285752341,0.3403354297687808,0.11686901873492163,0.27891130389536467,0.5301680865189613,0.3034943043844674,0.3412367915576318,0.2901277754040549,0.24659455940515834,0.026580847865110266,0.3640237532817546,0.3096074652059268,0.14956214063962484,0.2779838645868829,0.08539267395475089,0.3149165168034271,0.1598826001316024,0.13887085710674324,0.3722160768240034,0.2689266279801184,0.37719748012545207,0.2648097421181398,0.2656540823762647,0.37849843896092566,0.2666882000028523,0.11409519733437032,0.47015459133114995,0.3228697725651589,0.4059314411935203,0.28212438375961113,0.4244184555417549,0.573451439224737,0.37104463578001035,0.4424341395370962,0.3184653349130489,0.23620680362993385,0.38696648628871133,0.2060042561885532,0.49773263315213545,0.47043631854000134,0.24087664541396303,0.203956879058707,0.18016716497234495,0.5570135828727885,0.3939572201630416,0.26045472318305435,0.37986834680661974,0.24431131229149397,0.11261642261570622,0.2687316918401191,0.38232830924823397,0.1708414860836994,0.41129476829796136,0.2423183249106394,0.14646435529250215,0.08133519304236422,0.0,0.02335012501333493,0.3836356011835823,0.022013128250172587,0.4345831437958473,0.0,0.25848026325730455,0.3881457087624423,0.1282055763736436,0.3393361110110526,0.11319821803169917,0.24052481996617062,0.13827238295943903,0.22407522137578845,0.09287482101757787
0.06042860344195521,0.32509043863392423,0.20397720644595138,0.29932720632057597,0.10612241181447156,0.1516199231062348,0.12711047365289177,0.04680120499539184,0.11744161968683402,0.47213750483735983,0.10977282073025522,0.32021024423611105,0.13382683150593846,0.030186079739660455,0.24642070068810001,0.10731853402582751,0.0850581406680994,0.28707923792744233,0.25133010876362977,0.30304165924891086,0.16204725498332206,0.23732123429492163,0.28865674354166065,0.31517634108149856,0.10178179393222987,0.284029622590779,0.12154222298578213,0.06506867189731637,0.23732108517413833,0.3208025420905639,0.328563633266959,0.24750372376613733,0.25998526190010157,0.31467516498081144,0.1391935632920301,0.2279369309307177,0.44015332005132946,0.3198223601316166,0.3098628314364912,0.15501022127825714,0.07666577109718936,0.13002931716461183,0.043654977916450705,0.4314799430667586,0.24354169848007237,0.07143673109049112,0.29483071456279497,0.08610433139831794,0.3103981834350148,0.18409772390883716,0.13162935197957945,0.2008015299495385,0.10522567645769176,0.2513608684752581,0.16838610130731416,0.18915609254273752,0.07714907738545972,0.19037026927210637,0.00467007551873647,0.19021900130776753,0.3929430637719348,0.02335012501333493,0.0,0.22659071469581932,0.20592338613383743,0.3589893019562821,0.26388629850047673,0.18853474246980953,0.339636801141508,0.33699271918912815,0.1874042388661458,0.2561665907855966,0.028361113981820247,0.3180378334936792,0.25292657981361066,0.35441501957479216
0.43100056417988497,0.8006898979108592,0.6562621473212114,0.8817708527151835,0.6075329772704469,0.5684495645322709,0.5895934200768069,0.27208945386654176,0.3839101938167801,0.9069261673080037,0.5820329103300494,0.9377078136723095,0.5388834741205683,0.4245179618115957,0.2898896877024642,0.4650659578256952,0.43907176681692733,0.2854622166399343,0.3437901966153407,0.26322948625353676,0.6577232277236671,0.35805574055885236,0.4846482318724392,0.8978262180532467,0.39949621856709017,0.8537856574303032,0.4771956687452315,0.4552286454836161,0.6150275094121662,0.40524797939615087,0.2090976945234506,0.5147961963453195,0.6753172315035199,0.6521443739380448,0.45201691252779763,0.6969346413658256,0.9999999999999999,0.6952614825703608,0.5578746504945215,0.5682058864345032,0.5384477939418407,0.6012515761276126,0.26570868754494725,0.7379982062536697,0.8423429597165906,0.45706729606168534,0.060024537252194754,0.3025335685125472,0.9860909470519407,0.752305811909402,0.36298789135369375,0.5866893248657503,0.4428844409021923,0.23370678626185754,0.5606878558534484,0.48080949981610704,0.4140884616611373,0.5641314564687593,0.4592197518706991,0.5672341819096142,0.4372688481777762,0.3836356011835823,0.22659071469581932,0.0,0.12859028418067342,0.9173529140961134,0.17912619531318694,0.5225614130025927,0.5813559271540463,0.1884722817607377,0.6683542771764627,0.2930553023870055,0.4739862922066571,0.30258569701161464,0.22983841294672844,0.32606903993256564
0.2755601145004458,0.3248204869565232,0.2982068488937288,0.30670249230647195,0.043281752407589795,0.12065388087199237,0.15113468679814157,0.24223701713900353,0.16551463948558912,0.5467427381625986,0.09922611355827014,0.18444656606541884,0.09349980457215361,0.07021707319441592,0.38769688402762514,0.18120026052895885,0.06297804201179347,0.33814655337101934,0.03674492981128613,0.26420435694225247,0.03680199656417199,0.24158080247380456,0.1510376149241331,0.1132663952860348,0.023657127924111843,0.2440103492463952,0.10676559601920689,0.0,0.24553407013692294,0.37004343128869904,0.3431455379244917,0.09706652380495828,0.29150231163227497,0.18695722425034286,0.01745836861545076,0.23524610542407337,0.43593472019708573,0.2542964295537034,0.18225199975920872,0.1801442195734237,0.20902669066411653,0.11522609741357287,0.13824442337827628,0.5194136137060057,0.26369341167023175,0.22728811718765274,0.19413875766388214,0.3808887042671312,0.4666261897639573,0.25098542884207065,0.15351665291332836,0.20883359718872352,0.03644258252114258,0.28435305680838596,0.14155751316420973,0.10683071339052869,0.24364022327473195,0.22099377273797932,0.05326273827224239,0.09301647582590815,0.2469273928818735,0.022013128250172587,0.20592338613383743,0.12859028418067342,0.0,0.2592327235711313,0.1653573963753775,0.023615763027936894,0.1118861608618985,0.31142107056192503,0.06418093469978672,0.26723826405303575,0.16513374541404105,0.20601900504830273,0.42311932283431936,0.3099975516238693
0.5901027306025771,0.7019122777942278,0.5969021854075715,0.9048143768455823,0.6922546027484348,0.7778014418077517,0.8138080780308079,0.5399585130749454,0.6026031254598441,0.9451277087799439,0.6960357555001112,0.9765711857463748,0.6882055011317678,0.5922721521999943,0.5930739507396743,0.7819247102247586,0.45970289972541695,0.48099278120812605,0.4553737999061897,0.5446856587652716,0.7708213662092913,0.7857055475294197,0.4932503205266177,0.8677943277925803,0.9581793517678651,0.8398061325594465,0.8151038136279884,0.717052701178383,1.0,0.2757294036532484,0.5080036036845429,0.7696088281266307,0.9185574620973473,0.6799064638330298,0.6034514834588376,0.7517083646088467,1.0,0.9294338293411755,0.7916449445112319,0.844780556566515,0.5087876941731843,0.7695568053221418,0.3429740754743526,0.9999999999999998,0.8272458833248917,0.6595313058712516,0.300950334524961,0.7555616677833339,0.9999999999999999,0.9938065737341809,0.8228603784151335,0.8573840818152472,0.689659117584241,0.6079526440905905,0.7178277832854462,0.7970093748465535,0.5644830401210317,0.8234442023303472,0.5479551889946807,0.5723720901726482,0.490266197136035,0.4345831437958473,0.3589893019562821,0.9173529140961134,0.2592327235711313,0.0,0.39719273495791746,0.7689537374004218,0.8095061654252698,0.476998970844768,0.8323154206520067,0.5943810885182105,0.8090291397789297,0.657009449384625,0.07915209857437429,0.4512012802711864
0.052036585583106754,0.2787130828249971,0.22320095236400872,0.2880789203892882,0.05965355160716675,0.10411148862778873,0.21366041990967488,0.0,0.15987570025979456,0.5465571283466335,0.13321971804000626,0.2371767429587093,0.16138881380398032,0.1708867424599155,0.36194051348724704,0.03249243864594603,0.09438377206048942,0.3051036971125583,0.2416765729632666,0.2646905857894904,0.17194366644775272,0.24456323878070754,0.22956907429776863,0.2146127466690146,0.1077829158461393,0.3459761383172093,0.13037453308621932,0.060120660274151395,0.2664974282499146,0.1873552178467684,0.3414274787715987,0.1686618406710116,0.296743193704518,0.2430960735969592,0.08916407155015432,0.244655137958316,0.4726030593951204,0.3069758277368412,0.2979179013256614,0.2425685557524049,0.29689775929947143,0.16690799533705275,0.10820508352777877,0.4884882359060566,0.4064901674309286,0.07227143892579858,0.2511773725099267,0.29861120127627727,0.4701149129968737,0.3095939322085537,0.10246147245188415,0.2578229229114258,0.09543805224253334,0.23010514816215438,0.25185663620130305,0.18273898640837535,0.23800142644387579,0.29222293731827964,0.0,0.13222895672103094,0.29109781926519485,0.0,0.26388629850047673,0.17912619531318694,0.1653573963753775,0.39719273495791746,0.0,0.10223506447946318,0.2335808289662538,0.29372017556578217,0.16489599230474739,0.229723681566915,0.01874132099856825,0.24648200558376418,0.3877410050244838,0.3057652170872903
0.36382033969670075,0.7922572828981466,0.4185324198070063,0.7106611412034659,0.4987538395632496,0.6159951572861705,0.5624557282787632,0.2797456992068474,0.4993390244655315,0.8273901154466531,0.4587177315558763,0.7955852907874063,0.500026990993297,0.35022155859402787,0.2865398003558958,0.43786397301022617,0.2779362423781008,0.27389409165015266,0.21609650577928302,0.21803328373424122,0.6466055346214739,0.3964565454845368,0.37915929585224056,0.7850679605773102,0.6192743755731882,0.8132268131573341,0.5217815090601698,0.47682196950659167,0.7733045178057449,0.4680291384126498,0.21763547662285582,0.6160957437906439,0.599846865240541,0.6552610691899757,0.5696828769315422,0.5670867732861943,0.9770069877982809,0.69450554849311,0.6225161682417698,0.603305719007027,0.3412714600299724,0.6010428051046798,0.27696251895460605,0.8925288144699717,0.745993501365605,0.4776597747993136,0.012147685762629333,0.37281800422291594,0.8298128916120198,0.723001106598802,0.44101131850114433,0.6213211031267176,0.40936322402221953,0.31900049938143515,0.4830753149304395,0.5566574565676301,0.34711689410427654,0.7242685413142539,0.3070406555930318,0.44449553135425685,0.1837591855223567,0.25848026325730455,0.18853474246980953,0.5225614130025927,0.023615763027936894,0.7689537374004218,0.10223506447946318,0.0,0.6237525218019548,0.1894541592204808,0.5898956922765136,0.2820607372081735,0.48500912706289345,0.45326392823899986,0.2642248578316395,0.15493295128658752
0.4659279164165961,0.5912380998836589,0.3472426419184059,0.6656483344724685,0.5384158516479247,0.6695462609637771,0.634088993272668,0.4724819595897424,0.5185579767788153,0.6716907385184463,0.5079673289361382,0.5625109609894321,0.5394920856151665,0.4675391710453589,0.5937316572839373,0.6133195314478007,0.4084451993366799,0.347785368656675,0.20079158745674744,0.29933566785082044,0.6474962666802263,0.3770421340496876,0.4157303075635802,0.5638081512962584,0.5372675940055579,0.7756961005116023,0.5945253978389886,0.514668721722538,0.8089631515371707,0.20681416471699127,0.3310105374702845,0.7257672975973714,0.6741481864175417,0.5349303066728105,0.4194426761065416,0.5391193491167775,1.0,0.6606951810359636,0.8338567078971783,0.6242271822298526,0.3309857040543914,0.5924491491197783,0.38869884916852293,0.8740879631788875,0.5086719475562937,0.4305096524421923,0.19207850904429616,0.5078898065834436,0.7532519448266944,0.783700041765804,0.46542473936470424,0.6458487273533258,0.5489927891069032,0.3345447765358067,0.5339235688862052,0.5506435431063661,0.37865646512917034,0.8039265597931093,0.39299377232081817,0.4135480785513376,0.4006149224824739,0.3881457087624423,0.339636801141508,0.5813559271540463,0.1118861608618985,0.8095061654252698,0.2335808289662538,0.6237525218019548,0.0,0.41093600939180264,0.6080230272821776,0.3787566735049885,0.5714315517203348,0.5162617150002143,0.30624301781550267,0.2584235285945119
0.0639560937176585,0.2982609625871235,0.14087123350473404,0.4722901852586996,0.1410217792292773,0.2398357735788697,0.2283196403004755,0.0910704666981511,0.16069327026263194,0.43559924569284375,0.17256236027047633,0.37098875219966315,0.23488580797928213,0.1438378430878294,0.24526731669298582,0.1768895647008952,0.1549192152028212,0.034639383733440145,0.24606384463637704,0.3260815929776613,0.3671474594028775,0.22747812215187113,0.268343410992132,0.394773691408897,0.20013162999469358,0.3007817905823485,0.20139358555679682,0.1809031811624428,0.3788151155920439,0.3294639740195886,0.3096980275289998,0.45328448254143633,0.36438318820049215,0.3155716544981821,0.12787504021891527,0.35475796703881884,0.6330408890479483,0.44119279285417584,0.4407193652378879,0.30055530351210274,0.0,0.2622819759673477,0.11168839313404971,0.5535251474480363,0.4690744268107899,0.15350691174347106,0.268527654137366,0.06583129174661438,0.4976685248714545,0.31353407553870455,0.16962631266771971,0.2833014397011667,0.24213866136009687,0.019432245635687156,0.22166045340875473,0.2441258246043033,0.14258592666415051,0.4035024257121176,0.09135525369287642,0.09206914039390282,0.35457714307513677,0.1282055763736436,0.33699271918912815,0.1884722817607377,0.31142107056192503,0.476998970844768,0.29372017556578217,0.1894541592204808,0.41093600939180264,0.0,0.21134251140217247,0.016933236880639115,0.14663061663616414,0.0751560315275861,0.3159973551380294,0.32697281852655846
0.3618514610535243,0.6312479244759458,0.398241868695335,0.711420250725908,0.4639117046236625,0.5789686721010282,0.5149828440792151,0.3891876253758224,0.42542711134444106,0.7677793716330847,0.4743120973495346,0.6676768954309952,0.48069721079838873,0.35686642620202935,0.5006235199795832,0.46650562106362603,0.3211445580892524,0.3413370981358655,0.17322733539998922,0.2845682299873692,0.6924594675858434,0.3926342979599032,0.32247654352863353,0.7246488598426389,0.5557334679498614,0.6982667118048963,0.49346297779111437,0.4735930234107561,0.7011387476795162,0.045981024562202405,0.23201075601014703,0.6755370909236642,0.581351606595965,0.5653381174728026,0.45147301813816126,0.5675533040310705,0.8963153735873214,0.7429014857716557,0.8010421426041119,0.5592091687427403,0.3466427768192009,0.5220187461654404,0.2619158034791545,0.9229155388539407,0.6845092606557688,0.5063763791272627,0.04920288759847199,0.45946362516731015,0.8253916300736025,0.6877998429090479,0.4631636959425292,0.55455223905707,0.5627740150370911,0.3306059394351635,0.4832356440613738,0.5137035253281863,0.41573966997745676,0.694432296959625,0.3563457951607856,0.4211896564812852,0.2445147927455012,0.3393361110110526,0.1874042388661458,0.6683542771764627,0.06418093469978672,0.8323154206520067,0.16489599230474739,0.5898956922765136,0.6080230272821776,0.21134251140217247,0.0,0.2860454350466843,0.5089348171828431,0.4000366916423868,0.2621118779302784,0.18535122298311657
0.18458570670051253,0.44994597176845125,0.3004819491728229,0.5336177896109312,0.23051719947667348,0.2871812788429568,0.3566961743506756,0.1524940703604869,0.2760377826543058,0.5363816791466132,0.304112703668177,0.4826790688927839,0.3334458590486323,0.12610860891048192,0.19729032456849513,0.2599652051946081,0.19149009008978105,0.07241639996362742,0.1134944169400554,0.1911970247102987,0.3322465385926072,0.1433781699861027,0.14007720898545728,0.44855640775885675,0.312004975907536,0.517844834093067,0.2832054333567691,0.3079925922255442,0.38055631104885684,0.1890990285659824,0.3210740921935198,0.45573730298324727,0.3706148585902433,0.4040659655359099,0.32795024308862547,0.4090774729312717,0.7157530557089403,0.48168843986606985,0.544460767439819,0.349929375908439,0.14882886955434585,0.40596270411764324,0.22313620265228862,0.5652392673671371,0.45236461821742296,0.21040523776648454,0.1667857156105357,0.15875544089762186,0.6099725366888155,0.5821121742135591,0.24792893423197215,0.4334345005627659,0.34883343057534466,0.1464057209623759,0.3197225474029668,0.3154551114325233,0.14622597724846545,0.5408542680363781,0.1393223492043883,0.20360912176467127,0.314400697701772,0.11319821803169917,0.2561665907855966,0.2930553023870055,0.26723826405303575,0.5943810885182105,0.229723681566915,0.2820607372081735,0.3787566735049885,0.016933236880639115,0.2860454350466843,0.0,0.2887425291345169,0.13523491925039138,0.2667870454502793,0.2890759376618101
0.2994229855181044,0.5362278680184275,0.3671704027526813,0.6070731215344916,0.36090516730040745,0.545643582275057,0.3830418760076508,0.18495153113332174,0.41015301064119086,0.7535021074419279,0.39773304836793666,0.620600197479801,0.47459410113326866,0.2618736568291986,0.15976965242762384,0.24952374051604678,0.29930409158022003,0.23108620620602185,0.17218346924850336,0.19099827412908793,0.5720879748156553,0.21280708726065725,0.27295755747194383,0.6433827783125444,0.39938597898175243,0.6277342370422103,0.5839469661745638,0.4362876742441051,0.7074276144375733,0.09927707786534803,0.1306225224289789,0.47996846342339267,0.41240035927779595,0.5061637669514156,0.1906077347062355,0.48498533986184256,0.7370049511927118,0.6025676822070841,0.6436546656427067,0.42155888320141843,0.12325392083279282,0.358394101677122,0.22700625792480444,0.7847400992577953,0.46792883245077793,0.3734939083408814,0.28877437386152005,0.2725774461508315,0.6784936462993153,0.5896354692954537,0.3969982107548402,0.5429060065855724,0.30177126972416235,0.25513454452604895,0.4077980603520792,0.48804072246194385,0.2999441096998116,0.5456731739382241,0.24627355831650055,0.4277528157682921,0.15388656421106178,0.24052481996617062,0.028361113981820247,0.4739862922066571,0.16513374541404105,0.8090291397789297,0.01874132099856825,0.48500912706289345,0.5714315517203348,0.14663061663616414,0.5089348171828431,0.2887425291345169,0.0,0.32718660096210667,0.2530873540093543,0.062308847256993316
0.23353910779217177,0.540734635321397,0.3332068448154475,0.5205363429612104,0.27940172295059323,0.3368663909195018,0.40979562773684824,0.19940166131702922,0.3616448348665651,0.6606793918681555,0.32404062916260545,0.5059103898918993,0.45020183214223297,0.2739184091613789,0.10511380426744632,0.2947329400948848,0.26220895607453437,0.11313946357907637,0.14099450588380621,0.015659818399593232,0.44472047968337514,0.1733797226114792,0.23460267743199315,0.5102155556369545,0.47422737292733363,0.5999442156448582,0.3810666621821548,0.3829662694412372,0.451572873684532,0.4547079329117796,0.0,0.6264903774100422,0.46071499555106316,0.4580731290450475,0.34546566515767524,0.5150738610566187,0.8444283482353943,0.5774078906040212,0.6338723748666375,0.3944743347101111,0.1323981845226536,0.4813379532326245,0.3255933730303133,0.6846692094484692,0.6841617794674117,0.26218613572044364,0.24725216788464077,0.22561536622217598,0.6035313194196187,0.6110260977692324,0.31500317914096165,0.48473641649120014,0.417054264153402,0.17773416216351323,0.34714752235561674,0.4037383676532619,0.21264330579058965,0.6081091624812959,0.3201684860243069,0.30470938677162185,0.31572807198696146,0.13827238295943903,0.3180378334936792,0.30258569701161464,0.20601900504830273,0.657009449384625,0.24648200558376418,0.45326392823899986,0.5162617150002143,0.0751560315275861,0.4000366916423868,0.13523491925039138,0.32718660096210667,0.0,0.24985361433023454,0.30823279950951465
0.2604169694402599,0.40780072227805925,0.31160120192384744,0.18069356058351554,0.27813524715072263,0.27470181742839184,0.0548978824303308,0.36354235287174974,0.0383332105427064,0.25677893038854455,0.3673214518990697,0.0521526653052827,0.23406197503251908,0.20932731403405802,0.24665941477428385,0.2537930425560489,0.19312882102741244,0.38854676905815305,0.2538855121739021,0.3961596623592684,0.0,0.3264989790100961,0.20359158301065436,0.2781792034452418,0.2793594953601295,0.2504190182885461,0.38882192363069684,0.29759144319911485,0.22232961524816539,0.25656934834905387,0.29285159155172114,0.09341671678591898,0.17105401544509546,0.3724875696889924,0.266927559973317,0.07943233723222434,0.35112455157722505,0.234888226517422,0.1920500215571607,0.21327712612973557,0.2864220986438927,0.06802739776121991,0.06770543057190406,0.2611032459494959,0.047187100250758035,0.21606908852407866,0.4425477346672476,0.3851739632174415,0.16189366892077695,0.20513179802025383,0.2299873715525982,0.12166233635097187,0.02093644162513735,0.215835081661825,0.013605636662634837,0.2771716121596358,0.20787286988025638,0.11420630479124531,0.2373920810131667,0.3909621652019437,0.29717293778838816,0.22407522137578845,0.25292657981361066,0.22983841294672844,0.42311932283431936,0.07915209857437429,0.3877410050244838,0.2642248578316395,0.30624301781550267,0.3159973551380294,0.2621118779302784,0.2667870454502793,0.2530873540093543,0.24985361433023454,0.0,0.39142075031355394
0.1565975940486167,0.31813721958809615,0.22265350317429675,0.39004723323883217,0.09407396600999156,0.15596239597258924,0.22392801788044156,0.11912885652187466,0.0995703870762806,0.4664598448428823,0.14023784691836164,0.36236488321594396,0.2276320233887993,0.0796227972777984,0.2402939831753481,0.0946881774313222,0.06391330205209297,0.3359059272789466,0.29763978593318674,0.26004424554800604,0.28673638177161553,0.3028701469644173,0.2613551412816522,0.35353653012895003,0.1642006241564442,0.3439757144332231,0.13776270980628696,0.1315117853916411,0.3505035370718335,0.34800549748515636,0.28620574901031265,0.24522029156365419,0.3169700431773972,0.3001772499919261,0.15124700443652936,0.2528670338066867,0.5769987877725712,0.3568262791407083,0.29090914477371754,0.21643603987004395,0.09855173771748561,0.1778611474008586,0.0,0.49044734267253254,0.3230666273830366,0.1476841759406921,0.2716623149244955,0.12162140612884273,0.4246172850111184,0.28846364497546995,0.15349916875196495,0.2568216188174725,0.1690071157822621,0.2631122681588351,0.1822344067730597,0.28380699574050827,0.10931596407158432,0.24132931225721968,0.0,0.08864952040892718,0.4139141948936088,0.09287482101757787,0.35441501957479216,0.32606903993256564,0.3099975516238693,0.4512012802711864,0.3057652170872903,0.15493295128658752,0.2584235285945119,0.32697281852655846,0.18535122298311657,0.2890759376618101,0.062308847256993316,0.30823279950951465,0.39142075031355394,0.0
