0.0,0.28541808191904267,0.1480899224640069,0.07158409348382641,0.24500613440499427,0.21288680147113834,0.25029233963636743,0.25926705547646406,0.20449881096147163,0.20655455267466546,0.23264249736884046,0.22722457192479154,0.24093885907126286,0.2970187924107063,0.2726817006370127,0.2184943063959218,0.16932384381214283,0.1945000924677359,0.23003497997540637,0.1671203192245906,0.33900594126634204,0.14526330016965824,0.18662052637481172,0.20230448653385846,0.21514218472935112,0.22392152462841652,0.21356207857319454,0.24174866272126824,0.21465451926348791,0.2347720649363852,0.17539559020001116,0.2673502266036754,0.33105105430794357,0.2610408973781289,0.2932984113759457,0.21506963327631373,0.012847515594463748,0.2872924209109774,0.2563931990724115,0.29799639329609384,0.23634669243896597,0.3350381232638477,0.20110913368834651,0.3176479417746409,0.14093267624519323,0.0,0.24441814392365155,0.28944255808649577,0.3106353520306212,0.20962081365312096,0.27411476367850046,0.2764918659717353,0.2473297435981168,0.21213394883841816,0.231628403127836,0.20036543350455147,0.2571043246295388,0.24300057165936437,0.1940977225841601,0.2561106451509787,0.24031131143441797,0.17237406125591123,0.21529206992374192,0.20207586576516948,0.290366760479549,0.261342850737219,0.25989799348442466,0.2262711463234652,0.21897907206059894,0.14642340995630634,0.19786781708690088,0.24958041294400987,0.22372497583164222,0.24420343922790108,0.2257451271462334,0.20880979994999935
0.28541808191904267,0.0,0.4237932228053277,0.6806764654080237,0.2833415137543419,0.2048336544713372,0.516163775458661,0.3791029588770604,0.17026372532352138,0.30645534032982064,0.3784894589564116,0.2649438809892892,0.5578737390840268,0.34866802567843425,0.2185563879929255,0.295784721179377,0.2506257064492666,0.21351906649853292,0.22936577456389576,0.3241959535621113,0.31506758055981654,0.3084958944338302,0.3293270922656568,0.2958562541231986,0.23138636321787387,0.44444305679611934,0.32027919421080514,0.3820093603124323,0.306724988621839,0.4344715656581374,0.21769442733033603,0.4775708840179778,0.5934152808903899,0.3803574572593228,0.47875000105661236,0.7121654966637561,0.5343870789432794,0.46547419988819916,0.46001345670487725,0.6512138235434825,0.6185873194807945,0.6617782002322775,0.5121898834755446,0.5439803967599407,1.0,0.9038824345812075,0.3271669404182145,0.6415903119275558,0.25327583389290215,0.4080299594170681,0.3477659941567929,0.35847546795584084,0.2883413566785286,0.3809785909215722,0.5524530692725951,0.3136589361915321,0.49633760464485566,0.4276460358963255,0.22457848388469848,0.2983894252963046,0.654669241905313,0.3226423393618666,0.44442802133715215,0.27564785901504896,0.2828442841079657,0.29417307239810764,0.28373329037933315,0.4380989811811211,0.26886036708252015,0.23551547448032376,0.4548108493311186,0.29048781229769577,0.5282161187033709,0.3123146718576445,0.41336649812728754,0.6180037153660627
0.1480899224640069,0.4237932228053277,0.0,0.6778162517341209,0.2263175549255946,0.4894283204224643,0.49856787788812257,0.23933248923492106,0.3138059707704337,0.28865378619848103,0.1938974196400927,0.4106642825114373,0.5712610597297646,0.4539721114605599,0.19399367011494822,0.1764083264938152,0.2543232171298636,0.28711428927309923,0.1093353068553442,0.16871737284932936,0.1791647425760769,0.15776971291527883,0.2909197852123283,0.43157344548867993,0.3551920787489038,0.4576917909780962,0.22195407857154992,0.48550728156839507,0.28096103382727333,0.1550941744499587,0.18264476678524721,0.6839887380267837,0.5071515923782217,0.4187639285554788,0.41863420567937903,0.6646877255662114,0.6092328993708988,0.07412370669433117,0.5364377114159925,0.6644018151579489,0.7377502172107068,0.819213281639974,0.3950364686047329,0.552803245665826,0.9999999999999999,0.9127730554552667,0.19929513407101399,0.5852172029797563,0.3177842535873283,0.5685364278015428,0.1420480504821888,0.381346936218067,0.15032039811857725,0.6282939538116726,0.5829266679691519,0.3243935383955988,0.48586452968467236,0.4143060948032682,0.28798790946572245,0.11565056649617222,0.5550362581207224,0.3807593915385286,0.4460549489108648,0.25231145203906524,0.2903908751266022,0.07868805106573568,0.1867438145511756,0.2519538841389085,0.45120243722290787,0.25664053360787925,0.46190101400999317,0.15594195978455122,0.5002870989263731,0.14756539952800077,0.3019066681221416,0.6828137183329065
0.07158409348382641,0.6806764654080237,0.6778162517341209,0.0,0.6059133940879253,0.899089122189495,0.85414175825039,0.3375488081922527,0.647883876972047,0.5346182442131222,0.4594851979025133,0.7248728113173412,0.8332559584847353,0.5804413810383225,0.3787305539591752,0.4061602195754798,0.5462094219349771,0.5578182892374868,0.38960784568415996,0.1668888774891585,0.5874904773857219,0.08551308683845311,0.6892303848486603,0.7045433468361769,0.5366547477006541,0.893948656934592,0.6481905797954216,0.7838436113637062,0.7150576682326608,0.34233911965867553,0.3247787264804359,0.7388634972130985,0.7423569185040692,0.6652689308187725,0.6638148458997573,0.9540013992003915,0.7113978852483075,0.39091731064797347,0.7545976284183669,0.9436353447893802,0.9023991139895571,0.920136489232959,0.6893209642501351,0.70268260691394,1.0000000000000002,1.0,0.5171225562479904,0.9579692391119982,0.5491569673931505,0.8080602409651402,0.4624946699865593,0.6412181243968047,0.2202327441408,0.8649246109989243,0.9085425941402538,0.5898587832101061,0.8198752982531241,0.7374696396554389,0.5941373619515297,0.48389978723167787,0.8859882145510793,0.6474289158220992,0.6878584230634627,0.5115586228440876,0.1710215037369243,0.4995375055552815,0.44115026145408776,0.660204255564969,0.6191561016863292,0.7204466682539612,0.7575871270734628,0.5096777756264125,0.8504696476926749,0.4746560777730782,0.32231953617801157,0.9933033140522816
0.24500613440499427,0.2833415137543419,0.2263175549255946,0.6059133940879253,0.0,0.2505091916155202,0.3948537862309127,0.3343303348500165,0.16952100579574556,0.20365851121635462,0.0372174212897594,0.25193012354015326,0.3508633928864173,0.29145736737458894,0.2162709628707147,0.20173593434951392,0.16805853381453845,0.20564500708906397,0.3273246036278606,0.1743715539622341,0.2584628589398996,0.2674958440835767,0.2538308519855566,0.2435067287189461,0.18583080730681117,0.23554117867136604,0.22908392985914625,0.30997086323894113,0.1494638060705057,0.2533715510422452,0.3352816636056346,0.46354447928774745,0.2579249706349436,0.21984495215495162,0.2142863872916995,0.48449605538816937,0.46292904089775505,0.4785342746889869,0.45936020275938383,0.4781461168526292,0.4545623478623645,0.5442474843791778,0.3501127904788545,0.4974653321936758,0.6515963577854543,0.6642618408011081,0.37293849393660067,0.5316749077536814,0.22359807228991563,0.341759253485964,0.3941987390257853,0.1931576359166811,0.40966774257258,0.3005533734185124,0.39960598215977594,0.14644064342475613,0.3822923705223403,0.2545625476882346,0.109075311795489,0.20800518548896413,0.531849962779163,0.2828591428281537,0.3721154748539308,0.29229846036380747,0.2240898089448207,0.13956187876025633,0.2812622229763119,0.22667673030859384,0.26748415978972984,0.19356110254309888,0.30562254973824665,0.23681644416404907,0.46391035910812584,0.3416148997743269,0.2785897209434952,0.3509204377365595
0.21288680147113834,0.2048336544713372,0.4894283204224643,0.899089122189495,0.2505091916155202,0.0,0.6050625526944424,0.3430430684662266,0.19487592212464191,0.22408728667155817,0.34566789179908924,0.371174815390074,0.563232695748804,0.43660382308178014,0.21199330245063297,0.30970866265934327,0.14661805644300951,0.1696659652303231,0.24775629551825581,0.19482899388043062,0.23169069690970637,0.26257139842123445,0.16139827761486336,0.358759706487269,0.22368968501378397,0.3992595358037378,0.22325397405389294,0.47161817045959087,0.17022588683590548,0.29965967576591546,0.28256258204006834,0.5720515048136576,0.5407229789533173,0.5899510401905554,0.5984789515100012,0.7281782217800987,0.6316426861698076,0.39265492636297666,0.4675056844182497,0.7700255877998845,0.8083676612298719,0.8914936924523733,0.40488424523952415,0.49247535954610283,0.8337920581465046,0.9312019962174596,0.28154077483800094,0.7904907788184089,0.3131567618100054,0.40420420737178797,0.31530985278515905,0.2982924079253185,0.283356201680853,0.404128258317032,0.5113528251850467,0.20136450450976834,0.43638383366044486,0.4078163687774628,0.2835656583262424,0.20658522284041655,0.48551378235298526,0.2662218655387827,0.40850448596711286,0.09325621932652564,0.2033180271109348,0.3311738164239395,0.23264700814880046,0.24579908670230802,0.4875874088238154,0.3177282232345121,0.41893254915920985,0.21100019749445886,0.5383691732978035,0.24402596856378841,0.27991090219320225,0.6132423222196649
0.25029233963636743,0.516163775458661,0.49856787788812257,0.85414175825039,0.3948537862309127,0.6050625526944424,0.0,0.1657170499641119,0.45531205466593466,0.42005960666654824,0.2521673304958091,0.49711943209049336,0.6367722296907916,0.5390579811968897,0.4281517671697742,0.4603007044703352,0.31989499706214125,0.45433601911368304,0.2004812239180347,0.3021915062362269,0.5406788257634179,0.40645384442268784,0.4041976404298337,0.49717131704401496,0.4346434112067222,0.621141736413934,0.21062986113949123,0.666023932828431,0.505967388929293,0.28430436685023236,0.24286226560500807,0.7149943226576772,0.6072690037408922,0.5149795535033149,0.38539978641271644,0.7274347767687969,0.8001237331909816,0.2860065707538182,0.7609201553511182,0.8657123818833162,0.6697784153033343,0.7612565749409604,0.5783078804790008,0.7174998696432717,1.0000000000000002,0.9452788544413374,0.477510304625629,0.9415962535887449,0.39771310414019917,0.652366373169211,0.2634596602402842,0.46365702109419155,0.06697699780614891,0.6758699323681561,0.7572670290622717,0.5341476600854246,0.6638569858970048,0.5371523979566574,0.3901870880186904,0.2550783621029943,0.9098932750229135,0.5624659626643148,0.6349205031392969,0.23634615350750324,0.2775782997121489,0.37088951350313054,0.3463620788892506,0.5690734427879468,0.5585836316251388,0.47715806105975345,0.5777631175881027,0.1801343959468258,0.890940217241263,0.3301803605531493,0.25456896277753976,0.7413817754374643
0.25926705547646406,0.3791029588770604,0.23933248923492106,0.3375488081922527,0.3343303348500165,0.3430430684662266,0.1657170499641119,0.0,0.27311255885895175,0.3908337822588099,0.33496459449032123,0.31731966868344463,0.15841919599184412,0.34779647200408426,0.23945615475397866,0.25927406736813685,0.31358888386401795,0.31313268298145136,0.31333896358291263,0.29133575661701333,0.38420300383825645,0.28333918105916905,0.3618200901129807,0.38716350550407436,0.36405063619536054,0.4237709840230014,0.20619036453436201,0.45654862092330556,0.3228557588119531,0.31671359025602774,0.30783609565182257,0.06828512307195145,0.1789201478169769,0.47721488369630766,0.4320371869037735,0.21825095836624098,0.16893703205578336,0.3929825359508252,0.06372852805717405,0.20502234595058538,0.16134516383543068,0.34892659146503807,0.14380493677844877,0.13162856529797043,0.28497962592510584,0.1823677730916158,0.364265248233723,0.279043487041711,0.10779044396783072,0.15532429073599976,0.38604626425454036,0.1712729311829229,0.335901600723144,0.12530941689852151,0.21626576008508536,0.3253346877342286,0.10485582081734793,0.15639067451220476,0.38184320806237826,0.2900720223378057,0.1678127010844304,0.08301115348350821,0.14745579545482643,0.3044867589702948,0.3091585783435748,0.38274801010862447,0.2460977398976082,0.36274629906635725,0.3246524928970096,0.38761477617040346,0.40213862214374396,0.31603979797207266,0.3957963867470615,0.30185256637315516,0.4186705424010903,0.3182957460232568
0.20449881096147163,0.17026372532352138,0.3138059707704337,0.647883876972047,0.16952100579574556,0.19487592212464191,0.45531205466593466,0.27311255885895175,0.0,0.17701189359923847,0.34612528469574666,0.20072060352620213,0.4755585271376208,0.40620992531200756,0.2506811944129459,0.18777813530143767,0.04060827775492059,0.22505022156596738,0.23216293649967587,0.25714405326495304,0.11312210112452872,0.31789234064356386,0.22647272559024875,0.2648004313030376,0.2411523633239531,0.3090578925930412,0.20253049981977997,0.3787564165629138,0.16354078801595473,0.289625998277844,0.3192153999603424,0.5495503175412028,0.5167865748518701,0.3496562030895161,0.4386714922540162,0.6567937185009105,0.5335077408644481,0.42782227112659177,0.3908750026920176,0.705632626838342,0.5779680603433587,0.7336783979056214,0.3908518963299514,0.35983999722650867,0.7566031868820019,0.8370006583098784,0.17189610882242753,0.7802303933245078,0.23386583939064742,0.3614883179976367,0.3714768367805374,0.30030710155500556,0.26669937640956065,0.43743182469884534,0.5227281523897757,0.22360004898202696,0.3756469879330863,0.3873046758643049,0.1961992636743648,0.34530947974338466,0.6515854523302717,0.29121737431334155,0.5214410851299913,0.18943565528375603,0.2960565367042853,0.3038832187037695,0.32927120937659893,0.2566042617225119,0.3195730967472302,0.16428127849316312,0.3180561368206392,0.22219897168825026,0.5388916434168571,0.3536218981117175,0.262958991294615,0.5756976242604719
0.20655455267466546,0.30645534032982064,0.28865378619848103,0.5346182442131222,0.20365851121635462,0.22408728667155817,0.42005960666654824,0.3908337822588099,0.17701189359923847,0.0,0.09669978651836636,0.29070176932318986,0.45040600820292376,0.37838907162314167,0.26318742754349733,0.2877374736118161,0.1696191723905138,0.23797442237655048,0.2499831208868167,0.30361901118094287,0.24019845563125847,0.2729924414084098,0.30547870524775683,0.2203174527369822,0.28291539698248636,0.3440662986417582,0.16798002452791466,0.36092873108712836,0.17952655296127823,0.28762195660817974,0.3435536976450961,0.4543365668870562,0.44299747655252253,0.32849631697855036,0.30733378340908973,0.5593685696989038,0.4477894514537688,0.43220319532543217,0.35166938311990303,0.5479687810241021,0.4897855040561767,0.4597064472575354,0.42411600476644307,0.39893635465690247,0.7016182070041674,0.6847396731908707,0.2676138348180831,0.5348968553854985,0.33154799624361564,0.39575747203826106,0.3261217998605184,0.3164147188490298,0.3312663629703489,0.3880402454463888,0.42854827447941857,0.22802591352189494,0.44348162798886537,0.31170165438173875,0.21292798021440976,0.3556082676215164,0.4902961746536451,0.33125829822009945,0.397368078132171,0.2901658640368824,0.3155648084968058,0.4133436615202684,0.36004985365664144,0.2120091705746221,0.28842620967084487,0.20184778259136302,0.37815721131938573,0.25486662201374966,0.4692430034905655,0.3372161057509137,0.14355669933395773,0.43148797177821274
0.23264249736884046,0.3784894589564116,0.1938974196400927,0.4594851979025133,0.0372174212897594,0.34566789179908924,0.2521673304958091,0.33496459449032123,0.34612528469574666,0.09669978651836636,0.0,0.15721127125094755,0.25522718684898626,0.17169440629436677,0.18846403018790922,0.35225671279079,0.329319042773219,0.39625252036392383,0.2968826397952716,0.2888625870380825,0.3278895707049173,0.31782860573203475,0.28357941497772704,0.09458387531674738,0.42645152967162697,0.3268037194019449,0.2118789196085812,0.2122289306214336,0.3902708675582861,0.28087594852138054,0.29138897105191314,0.30288006384209637,0.1861590347079655,0.14632637115225,0.15838474311312506,0.33746658254792067,0.40923221828117906,0.3860576038819905,0.18048839991354382,0.4650708374365771,0.3172196452513555,0.36647931049620647,0.1329019471697397,0.3037510556995424,0.7341550077901684,0.5861411544906574,0.2937110168937391,0.4067128844979658,0.10052148568711916,0.23171258795469502,0.28771721700283526,0.08245039226680445,0.2905142973728424,0.12428795511389182,0.23780812683553307,0.037934031220309326,0.22321533179676162,0.13206999874990366,0.0,0.21255227569447183,0.3355101634382843,0.13974351476819583,0.18130687924783503,0.30370524162875623,0.21218482626502722,0.3070724491903772,0.32481638450002376,0.30354931685996117,0.12522532593030528,0.33675346264164324,0.13497078679270805,0.24965198833247865,0.19991792945471656,0.21266376888858884,0.3496119052676128,0.1949045405207883
0.22722457192479154,0.2649438809892892,0.4106642825114373,0.7248728113173412,0.25193012354015326,0.371174815390074,0.49711943209049336,0.31731966868344463,0.20072060352620213,0.29070176932318986,0.15721127125094755,0.0,0.5252307112824334,0.35595860494520754,0.3670418106638147,0.25576401588443487,0.32329567695309364,0.2129285419951043,0.3141867206509034,0.25556909964905883,0.19538583666773546,0.27290526083515804,0.08376593847186481,0.33978394532215583,0.29505895980833,0.36713319334926475,0.14343787815583148,0.4244952981541218,0.23045952478000142,0.2941809593736542,0.3135249372396444,0.5676206587063756,0.4225700583243811,0.44860095271938455,0.37515436034332383,0.6498081973047013,0.5025469420803699,0.1034472206252634,0.4315070973366262,0.48297390837223714,0.5944083436131028,0.6667059429519329,0.42471999718666026,0.49766127591851517,0.7112453009013715,0.6310623082358899,0.23701296354082976,0.7857399843565724,0.23517803896699027,0.34468983720527324,0.4494398814129509,0.2479862357647675,0.2159812650420238,0.3499326078641046,0.43367371220199064,0.34039083227441735,0.33577362500894126,0.35101194576360634,0.2207758423190613,0.24907050345425816,0.5500980623236217,0.24564563144610765,0.3890512762959946,0.11424932527169793,0.2755623647254439,0.3793946697213854,0.2694109729935573,0.2604530543292283,0.3655003632499841,0.2601579427272244,0.41944658592858414,0.2704972713871068,0.5019926148070185,0.2905142045679867,0.20689761545685284,0.5324825614353675
0.24093885907126286,0.5578737390840268,0.5712610597297646,0.8332559584847353,0.3508633928864173,0.563232695748804,0.6367722296907916,0.15841919599184412,0.4755585271376208,0.45040600820292376,0.25522718684898626,0.5252307112824334,0.0,0.5935717466044834,0.32710902662847013,0.3801567440250895,0.41893487870706625,0.40203115594461986,0.14855127626077166,0.23211229426938032,0.47026228695688654,0.3448408213725749,0.3280046841595552,0.4845468130348309,0.48530759912706534,0.6116253386597523,0.24007548708932996,0.6576866450975666,0.4146258337439397,0.3207437718565331,0.16775308938360578,0.7093884786406229,0.7209545083561889,0.5638146546644259,0.5199220457925132,0.9242758075396338,0.727269543210036,0.24031854210892545,0.6425927169457978,0.8896539256367861,0.8069935601685304,0.8650109945556202,0.5980561335036034,0.69192363763327,0.9999999999999999,0.8291747012105768,0.36701439263565244,0.9288189093721415,0.43702555312560437,0.6041004999149066,0.28854691114314374,0.45623999312849295,0.3859552514176339,0.7279484034116038,0.7861517772930742,0.4396234611012174,0.6127746881898027,0.6521545340651236,0.4395269073876954,0.1973541860441022,0.660148114620196,0.5094088449846552,0.5850957576489093,0.23805140070120537,0.3394462620852736,0.23504298247258865,0.28367792793268454,0.44072319396350734,0.4979668458729146,0.4288417400162407,0.5462065852944175,0.1568277247531157,0.8877334129128136,0.28941497947697314,0.2280349031357301,0.8373943401157421
0.2970187924107063,0.34866802567843425,0.4539721114605599,0.5804413810383225,0.29145736737458894,0.43660382308178014,0.5390579811968897,0.34779647200408426,0.40620992531200756,0.37838907162314167,0.17169440629436677,0.35595860494520754,0.5935717466044834,0.0,0.22744927430191925,0.28110575012823724,0.2661780641605473,0.2646294894443891,0.29452947232430876,0.2869120721901255,0.2797892565964194,0.2610790789058541,0.22475084424740868,0.2915698605945825,0.29824837505335344,0.4263148646131264,0.16390497277662924,0.5317151776493358,0.365598840484635,0.2804994853790155,0.29744336638722757,0.5025718858444175,0.5934150966492117,0.29793739249555234,0.41258304147266556,0.5805362691006677,0.5381337001662474,0.4571761782389071,0.5104518736486,0.4800901703780284,0.4660383468265707,0.45343740482544465,0.4243141176645579,0.5722340706338624,0.8032673430743543,0.7364339542635204,0.20938818505196619,0.5865136549563331,0.33788215679187406,0.5117499102456321,0.4254832361609501,0.36505044995123975,0.27109695825055635,0.5729338033943443,0.5177301913996912,0.3336881702046776,0.42600336015090146,0.40762399343535327,0.2091075380489601,0.21396143950199975,0.7807330098376397,0.47743472290366723,0.5735620201341353,0.23739877226692016,0.25784011482185454,0.33882145631154165,0.2093874440441831,0.2709535711467235,0.3803039639295344,0.3301204211713912,0.41454469953231077,0.17193805300911227,0.5456237131592974,0.3395017200530118,0.2740385426665146,0.5286970967121367
0.2726817006370127,0.2185563879929255,0.19399367011494822,0.3787305539591752,0.2162709628707147,0.21199330245063297,0.4281517671697742,0.23945615475397866,0.2506811944129459,0.26318742754349733,0.18846403018790922,0.3670418106638147,0.32710902662847013,0.22744927430191925,0.0,0.22543095905196306,0.300433093421208,0.3093041659319843,0.19925381943791284,0.1656551459962733,0.2535064256455113,0.14804888846458708,0.17305535456764573,0.3553690932393245,0.28449151224607067,0.32059217798392736,0.12482096782656253,0.142749186674034,0.2868332865934057,0.17035446115746458,0.1542773617913645,0.27195415370262904,0.2296288090656127,0.3204686285624502,0.15579052363327822,0.2090717501767572,0.2520319154662148,0.24108338022257908,0.22235680805410035,0.3539181369852288,0.2542997032965478,0.43257379492737397,0.2365246979273999,0.2692610407436222,0.4748071569598331,0.2619578334363672,0.374787331890273,0.33106153322904724,0.17394548983342567,0.2332077578012791,0.2484157228919161,0.23876911137162526,0.2845477723878653,0.11469202897038522,0.3890635084792498,0.25438590723578747,0.13980826202854554,0.07447488033343179,0.3226089981428547,0.2664913410631925,0.1937097511865285,0.09517055661619332,0.23892146823553922,0.23752246196601196,0.40429383064682,0.29499053040331047,0.35577196495851915,0.2623399868649088,0.27639431844629075,0.2546242606249756,0.32525419951142476,0.18068551848724113,0.26266936043946404,0.2705477661965409,0.22570331932366336,0.23868301875078643
0.2184943063959218,0.295784721179377,0.1764083264938152,0.4061602195754798,0.20173593434951392,0.30970866265934327,0.4603007044703352,0.25927406736813685,0.18777813530143767,0.2877374736118161,0.35225671279079,0.25576401588443487,0.3801567440250895,0.28110575012823724,0.22543095905196306,0.0,0.2019521855795852,0.30837973752081027,0.196094826372002,0.30440431343640967,0.3316083210485266,0.1683579222661459,0.2882152376063659,0.349637688455914,0.3291340209460644,0.2166254082105119,0.26211312459112857,0.23905891264707282,0.2942520708674525,0.24359787600760752,0.23826486227343796,0.28673469282885666,0.6030255453758054,0.24494245498017012,0.22741542084536914,0.6194978052512242,0.3754409784978536,0.3627019292188205,0.26151247513831655,0.603448715053146,0.40566042956187304,0.4340892664086055,0.40759851167871347,0.4419967562671613,0.7411108296237857,0.5693007847804059,0.2400652565608911,0.5663535925814626,0.25353829367359704,0.34421784123844973,0.3546406167403301,0.29486151352427487,0.21876668931982635,0.41901086034046775,0.6478912680543658,0.17471328408217776,0.35237271444165225,0.22773513628636444,0.2841729165113015,0.17109918035518396,0.4638016699500462,0.3549045855495728,0.22815032150872092,0.18629403755787738,0.20133117890457208,0.2982563967624469,0.19949970973050907,0.3129854978326393,0.10103088353449474,0.3144222931945956,0.22570050720797502,0.28363116597084076,0.26437708629038115,0.29044582014223647,0.3028115438598417,0.3433925661652963
0.16932384381214283,0.2506257064492666,0.2543232171298636,0.5462094219349771,0.16805853381453845,0.14661805644300951,0.31989499706214125,0.31358888386401795,0.04060827775492059,0.1696191723905138,0.329319042773219,0.32329567695309364,0.41893487870706625,0.2661780641605473,0.300433093421208,0.2019521855795852,0.0,0.12462995740999017,0.22295526014159883,0.30802051336858693,0.40346516338357324,0.31310330849101603,0.2743222035165957,0.12780732635002964,0.1421137868256523,0.2593759345437564,0.19756222948806146,0.32919978787662174,0.15661396160453436,0.16988373653876182,0.24592242917643503,0.41919679068408544,0.46252063424619966,0.23771198696757828,0.35013839881198655,0.5110430815408372,0.5019105124394823,0.40394484632322375,0.30795624887455436,0.4792342409938109,0.5203157383591978,0.3970325177322061,0.4018132378610994,0.4179234596924206,0.6079104171438132,0.6376582998221374,0.29331790836393234,0.42614629070783566,0.14827725007825043,0.3092026921942085,0.2702840804841902,0.2280677876611787,0.23854833376909051,0.29129226317113505,0.41782797438368746,0.1863706142798678,0.3985719435683284,0.22530977398221697,0.18090458548386573,0.23434948541414258,0.40539351206376245,0.24693049780697834,0.25714597736569145,0.27957540410698806,0.20967056339585205,0.30718907561733116,0.3102467599837935,0.2991861166350913,0.2584191376666694,0.13697823961568445,0.2514970525812536,0.18471311585615066,0.3833332369927319,0.2518812045571173,0.1726496874602117,0.38171981997850596
0.1945000924677359,0.21351906649853292,0.28711428927309923,0.5578182892374868,0.20564500708906397,0.1696659652303231,0.45433601911368304,0.31313268298145136,0.22505022156596738,0.23797442237655048,0.39625252036392383,0.2129285419951043,0.40203115594461986,0.2646294894443891,0.3093041659319843,0.30837973752081027,0.12462995740999017,0.0,0.3704682681473287,0.1864410594648672,0.291656583252053,0.22525290146745264,0.2262289078429708,0.17059871614553032,0.3861382817423792,0.2698612260935296,0.20285456669605617,0.34139995694074227,0.31309548997822656,0.23935497384333226,0.31282885311676545,0.4679912242495563,0.4600720106037519,0.2663611097823711,0.3239819160884157,0.4794488594105774,0.5319881664376742,0.3223271027919816,0.331970015113555,0.5182082533859497,0.5627258763064077,0.5207833544524971,0.3730173745375924,0.4022032084801995,0.6763874076435918,0.5630046184985885,0.3017244847504904,0.5840410958973787,0.24608170099080273,0.294446257642563,0.4066421990696809,0.27613099520016604,0.3560840521858448,0.32958276891081,0.43983645880803673,0.11517617622185575,0.3403103006559114,0.31288647253377516,0.2018649219628801,0.3409776252365799,0.4488296867841806,0.2552126019728818,0.24192769329540229,0.27969009196434674,0.3425728208555599,0.2328770824753805,0.30287176606661037,0.29322901643784266,0.1867125147193701,0.33980056947672177,0.2965851277120429,0.23555973695289817,0.3573510022844734,0.2927396195039247,0.3834061435793786,0.38857294919235685
0.23003497997540637,0.22936577456389576,0.1093353068553442,0.38960784568415996,0.3273246036278606,0.24775629551825581,0.2004812239180347,0.31333896358291263,0.23216293649967587,0.2499831208868167,0.2968826397952716,0.3141867206509034,0.14855127626077166,0.29452947232430876,0.19925381943791284,0.196094826372002,0.22295526014159883,0.3704682681473287,0.0,0.21881025998529632,0.20417681496031073,0.1893304013852524,0.2091245000784831,0.2689281574675753,0.28823836525669555,0.27278506054416124,0.18533717894185667,0.22382551521248983,0.30887522241153426,0.44468211497712284,0.22172806209814033,0.266055256856593,0.19600530727349058,0.3180258973570941,0.18945433809805495,0.28951752341090725,0.4195214309786816,0.32835543541097695,0.18112486849742507,0.2941856701014387,0.3320264015316222,0.3602323382470465,0.10571442319819807,0.27507619343243145,0.5383052520262611,0.4038228786820791,0.26137227725340145,0.294167070838605,0.32414914988838467,0.16501874887770004,0.2640489478924429,0.25816012915311665,0.22040827437893182,0.17744081013192753,0.13255318980313915,0.27810369582741307,0.07348952219945945,0.30727458946362346,0.21849969999216484,0.16621410343306037,0.3442332425005267,0.27546170870553094,0.260292481348235,0.23713527014566044,0.26955389302208016,0.2200225060597709,0.253754807020324,0.23324471464930308,0.2058738463733083,0.2414962823800833,0.20023694954078913,0.2123570121509187,0.2493758444554156,0.19558794480613687,0.24282173092392775,0.2920468576208435
0.1671203192245906,0.3241959535621113,0.16871737284932936,0.1668888774891585,0.1743715539622341,0.19482899388043062,0.3021915062362269,0.29133575661701333,0.25714405326495304,0.30361901118094287,0.2888625870380825,0.25556909964905883,0.23211229426938032,0.2869120721901255,0.1656551459962733,0.30440431343640967,0.30802051336858693,0.1864410594648672,0.21881025998529632,0.0,0.27406603289257986,0.2829161880807468,0.25195371807493494,0.17991991391973158,0.30412386422956006,0.28304459661289477,0.2325356996912095,0.2790014621456252,0.2808215437147102,0.33045358077443093,0.2437196726798666,0.24384831320609188,0.10875516716616962,0.23115214011161592,0.4191615641857075,0.22747831284318967,0.22277645687532696,0.297897338086428,0.3181255283274176,0.19133973299423807,0.22556498923251195,0.20430342583076846,0.26516532209016747,0.344877975741006,0.5549978872153704,0.35931119269279443,0.18663016734657323,0.2540920050904075,0.33861047972293434,0.3406332068360318,0.19451665841559732,0.31994925324246415,0.2640126988038079,0.28605289502935627,0.3189880940059679,0.27223133497479896,0.26300840852275476,0.3060002992455474,0.22387386418087118,0.27183977659628455,0.2457649633570917,0.1648865695740484,0.27986964120776064,0.24083557509997972,0.23045275557559042,0.34373186454693505,0.2252037628606491,0.22323633074044666,0.252125279426914,0.2821488042385315,0.25752018204196914,0.14420826549598126,0.28077690309467274,0.22980316972556922,0.373358803545908,0.2069313738957408
0.33900594126634204,0.31506758055981654,0.1791647425760769,0.5874904773857219,0.2584628589398996,0.23169069690970637,0.5406788257634179,0.38420300383825645,0.11312210112452872,0.24019845563125847,0.3278895707049173,0.19538583666773546,0.47026228695688654,0.2797892565964194,0.2535064256455113,0.3316083210485266,0.40346516338357324,0.291656583252053,0.20417681496031073,0.27406603289257986,0.0,0.24327491046320632,0.3130830936798737,0.14116253338667686,0.49962388117066225,0.26837463600649397,0.18791806121665558,0.3351145140555222,0.3417465013096683,0.2598916222145513,0.35228943698098925,0.4981160706429063,0.3815678262421617,0.32108136581800095,0.38034818402166165,0.4265157111885448,0.5426829206959771,0.4654819804517247,0.4075306003052939,0.542637991969076,0.4851880157250163,0.698653644831115,0.1839996392101184,0.3923079069090658,0.6327567766482629,0.5415349672697132,0.32071491884113995,0.4660011852689371,0.375975763250279,0.37964052765966594,0.3785224786966596,0.350720724721455,0.3567996426070349,0.3673148734695856,0.5201886595837596,0.22677830011823427,0.3236483654896858,0.3802651039763428,0.21969237905913225,0.34585637460774377,0.4417854313793077,0.25988843993299904,0.29663794992117354,0.2555282909920499,0.2744999498545897,0.18143815272119954,0.3054062466844046,0.3811678302923278,0.1887805576783513,0.20813518631097924,0.3005507969812415,0.2787233402193791,0.4283515125642537,0.3031724303930369,0.26565872106009025,0.39133704594593827
0.14526330016965824,0.3084958944338302,0.15776971291527883,0.08551308683845311,0.2674958440835767,0.26257139842123445,0.40645384442268784,0.28333918105916905,0.31789234064356386,0.2729924414084098,0.31782860573203475,0.27290526083515804,0.3448408213725749,0.2610790789058541,0.14804888846458708,0.1683579222661459,0.31310330849101603,0.22525290146745264,0.1893304013852524,0.2829161880807468,0.24327491046320632,0.0,0.2411853204271513,0.20477589838315374,0.25566393851872415,0.23716195583877478,0.17683784037290762,0.22718106039901334,0.3089621145488406,0.1540710537687326,0.20954302587879184,0.2593017348175447,0.5684000044320646,0.3557131317609966,0.39503163308749145,0.31913893635936774,0.29878319451456026,0.30195960241554,0.306976434149384,0.5093706064285476,0.12164218518135467,0.37119882677293364,0.2983856878187678,0.40669088341171133,0.3440924469667217,0.17108906629957873,0.2598784963435596,0.2628415460195244,0.4181931126894353,0.3225547809095745,0.25897711930435435,0.38780347632424245,0.275241528925686,0.2803250592905759,0.3310191640717999,0.23992164165669586,0.2314772157196589,0.48117694644594167,0.3323881532470384,0.18775160562366586,0.3019910916210215,0.15241620949050175,0.24432759324565964,0.20634509089840325,0.21193140984803197,0.25913012926994167,0.2057884028838888,0.21737309792434625,0.18377009221909568,0.2297549248822526,0.215518904741243,0.23697480394413722,0.22806672790144983,0.2438853717456935,0.30448864648840696,0.2631801228617458
0.18662052637481172,0.3293270922656568,0.2909197852123283,0.6892303848486603,0.2538308519855566,0.16139827761486336,0.4041976404298337,0.3618200901129807,0.22647272559024875,0.30547870524775683,0.28357941497772704,0.08376593847186481,0.3280046841595552,0.22475084424740868,0.17305535456764573,0.2882152376063659,0.2743222035165957,0.2262289078429708,0.2091245000784831,0.25195371807493494,0.3130830936798737,0.2411853204271513,0.0,0.1851732241730167,0.38313332546508766,0.19271937639479803,0.19448867267355008,0.2319679016525226,0.2763906561613145,0.18650656223884304,0.20388116954684987,0.39508182918151985,0.38339328341556467,0.28281615201697935,0.3147996677091668,0.49889569872591194,0.4698302349560348,0.32835507828231497,0.2811045756882738,0.4700210786954209,0.5326401767762494,0.6816921671877716,0.24806870094317546,0.4218695752598398,0.6937846402490555,0.5337191284323592,0.18591625120917243,0.6596433836271605,0.19752527315313342,0.303678442509105,0.25482549189483633,0.2573713495824744,0.3322246802957349,0.35190020937395294,0.42174511442339624,0.3145497130486013,0.1649754099483681,0.2860448616710533,0.27661140083257074,0.22474135887840538,0.48631065792482253,0.2787673148448487,0.39922355359937833,0.26128987049571717,0.18800359284233564,0.19521720419216934,0.22352573547749482,0.3601335383098072,0.0869585184333811,0.2670559812952967,0.162702624919455,0.20903020266805558,0.3988406081977217,0.23184493969410047,0.20255663053545972,0.35560956416334094
0.20230448653385846,0.2958562541231986,0.43157344548867993,0.7045433468361769,0.2435067287189461,0.358759706487269,0.49717131704401496,0.38716350550407436,0.2648004313030376,0.2203174527369822,0.09458387531674738,0.33978394532215583,0.4845468130348309,0.2915698605945825,0.3553690932393245,0.349637688455914,0.12780732635002964,0.17059871614553032,0.2689281574675753,0.17991991391973158,0.14116253338667686,0.20477589838315374,0.1851732241730167,0.0,0.21292469020752564,0.35519473197180934,0.21083637521711135,0.3812439905807672,0.23626204025037462,0.37030218220443534,0.24463332786424205,0.5595354060966607,0.49967288026715023,0.40911012466354685,0.4152297106678557,0.6201012838564186,0.4950467108441261,0.42995842653363453,0.3757221674900261,0.5945124899094284,0.5475731534552739,0.613224225015815,0.43448565809437795,0.5042300632489767,0.6060423179133589,0.5660390479375229,0.26731465464018994,0.8054957881968527,0.2762751206088845,0.4027478122276709,0.3431720135747462,0.37224324104000883,0.28087641255312396,0.44886745458731375,0.5004971537136126,0.24278816814137075,0.4212726692967721,0.38178091428723104,0.22857641461900355,0.21276991373087173,0.6939810036102153,0.26893837407145643,0.5020932254299216,0.21447802238659133,0.2917471040557543,0.3346968751561611,0.2800061443235297,0.24163151121917775,0.2683754539172993,0.216515819588249,0.3705514481398157,0.2620719953377835,0.5264680992568974,0.24340029744962138,0.2202730786399939,0.5838788215278019
0.21514218472935112,0.23138636321787387,0.3551920787489038,0.5366547477006541,0.18583080730681117,0.22368968501378397,0.4346434112067222,0.36405063619536054,0.2411523633239531,0.28291539698248636,0.42645152967162697,0.29505895980833,0.48530759912706534,0.29824837505335344,0.28449151224607067,0.3291340209460644,0.1421137868256523,0.3861382817423792,0.28823836525669555,0.30412386422956006,0.49962388117066225,0.25566393851872415,0.38313332546508766,0.21292469020752564,0.0,0.3734432343147788,0.3300915297165715,0.3244677288051482,0.44579319496773934,0.2900619833052455,0.2661160361954448,0.3829615804653895,0.4530318461525042,0.2501850703723821,0.3613251944832496,0.619015151978299,0.4487791211759138,0.46698173025253115,0.48178980142343514,0.4912272551707189,0.5929666041472681,0.6465673225236791,0.42198846041565363,0.38725126733537074,0.8334851803395633,0.5858545524083035,0.3026463204607765,0.566748645716583,0.2050428904855615,0.3851622507090705,0.4591399445291103,0.34115518130301975,0.326518622154723,0.39202073036745866,0.5318799788580724,0.14126531982238888,0.36164838830612706,0.30931118968401167,0.1415481269891715,0.3797871850730957,0.4473703838831337,0.3177285276497797,0.3555279776724491,0.20601582662289705,0.2257888237275313,0.5012414177942452,0.2798882027129834,0.47994194092589193,0.1841074935794844,0.44195313198584324,0.3222832240168911,0.2432292675869645,0.3496444872272367,0.4442521549984425,0.28981906030878235,0.39199973805287497
0.22392152462841652,0.44444305679611934,0.4576917909780962,0.893948656934592,0.23554117867136604,0.3992595358037378,0.621141736413934,0.4237709840230014,0.3090578925930412,0.3440662986417582,0.3268037194019449,0.36713319334926475,0.6116253386597523,0.4263148646131264,0.32059217798392736,0.2166254082105119,0.2593759345437564,0.2698612260935296,0.27278506054416124,0.28304459661289477,0.26837463600649397,0.23716195583877478,0.19271937639479803,0.35519473197180934,0.3734432343147788,0.0,0.2235123013898913,0.47419629691997517,0.33114876438447893,0.2760818080935571,0.21590176362764327,0.6320862274922981,0.5615501643490133,0.47914821934621127,0.4884462050870808,0.8011255672470396,0.6306851850916737,0.12566679832859692,0.43058312938594956,0.7544502011400963,0.8666150312948957,0.8509206675278636,0.4991652681405848,0.566675561875784,0.889152844303251,0.764431607602641,0.29362690717166423,1.0,0.31948026784422595,0.42378413758434114,0.4864197252857807,0.43493367071991573,0.32707851089970597,0.6233731509413256,0.5414392836508696,0.268104141005109,0.4033852469959074,0.4037300427146848,0.3495619604774326,0.23924783377837772,0.5653039253709692,0.4428502833858288,0.556148841042526,0.34053969328918,0.29538050926013304,0.32143496354411005,0.36755447439456757,0.3010533327142512,0.38620625906825334,0.2720445485971717,0.4464346203031452,0.26435162878498714,0.5800165126207949,0.27966610584660595,0.2272389454227008,0.7094943576031479
0.21356207857319454,0.32027919421080514,0.22195407857154992,0.6481905797954216,0.22908392985914625,0.22325397405389294,0.21062986113949123,0.20619036453436201,0.20253049981977997,0.16798002452791466,0.2118789196085812,0.14343787815583148,0.24007548708932996,0.16390497277662924,0.12482096782656253,0.26211312459112857,0.19756222948806146,0.20285456669605617,0.18533717894185667,0.2325356996912095,0.18791806121665558,0.17683784037290762,0.19448867267355008,0.21083637521711135,0.3300915297165715,0.2235123013898913,0.0,0.17596098136769373,0.23136365081759802,0.2298257172521303,0.21443158390817982,0.18248090183455754,0.42763941487223533,0.13594812368426137,0.2847431095793192,0.4652214332336237,0.3217817717719667,0.27833796578979636,0.06086571330542921,0.4567395775648738,0.4918278933717195,0.45193995716210833,0.24784401324160493,0.33178129026567643,0.7332071323361192,0.7932724710427069,0.25095548471781215,0.4649993563318472,0.3438385141034823,0.07026438158942465,0.18190556549336218,0.2515545015741714,0.2907763111334159,0.224666548156857,0.15312917557532613,0.1457949591343639,0.1372346655367851,0.2642788911269887,0.20591924735676806,0.14104106300123007,0.18386471445632782,0.1602019395747482,0.2450247973581048,0.15976658097037022,0.20005518352169444,0.1769465745653137,0.1938560234836505,0.16218403518508173,0.09898117454823571,0.21599823571461188,0.09572247166182979,0.16138924680415057,0.22116239785831537,0.19591481563632698,0.3970676121562576,0.3398455530250421
0.24174866272126824,0.3820093603124323,0.48550728156839507,0.7838436113637062,0.30997086323894113,0.47161817045959087,0.666023932828431,0.45654862092330556,0.3787564165629138,0.36092873108712836,0.2122289306214336,0.4244952981541218,0.6576866450975666,0.5317151776493358,0.142749186674034,0.23905891264707282,0.32919978787662174,0.34139995694074227,0.22382551521248983,0.2790014621456252,0.3351145140555222,0.22718106039901334,0.2319679016525226,0.3812439905807672,0.3244677288051482,0.47419629691997517,0.17596098136769373,0.0,0.3772815841042251,0.2266945236645913,0.2770465355558876,0.6165850417442104,0.7026547449754816,0.4207117262313244,0.5277831047560463,0.8520708129710072,0.6416599203910822,0.16294847638050874,0.5363279285504686,0.7964411753052003,0.7592511102644327,0.8395475185639908,0.6508517220253065,0.6895810133713961,0.9920780161651233,0.8295316647068969,0.20231762553368438,0.8947313994920206,0.3873519094561368,0.6348903533184307,0.3995427620528309,0.5139134038959785,0.3289182568673288,0.6217569764724676,0.737308618797508,0.36189286181684266,0.5419068587614208,0.580357476897311,0.46660931498942343,0.2169358962397973,0.8627211465051149,0.4740095618838964,0.6432208492734648,0.1596538153272794,0.29513288865527354,0.31756979055265633,0.25384962660988153,0.36182758155940065,0.41790562419724664,0.3433613151098298,0.46610445291516267,0.2699075730201619,0.7337914001872744,0.34725241626912107,0.2859066348780486,0.6037606493122203
0.21465451926348791,0.306724988621839,0.28096103382727333,0.7150576682326608,0.1494638060705057,0.17022588683590548,0.505967388929293,0.3228557588119531,0.16354078801595473,0.17952655296127823,0.3902708675582861,0.23045952478000142,0.4146258337439397,0.365598840484635,0.2868332865934057,0.2942520708674525,0.15661396160453436,0.31309548997822656,0.30887522241153426,0.2808215437147102,0.3417465013096683,0.3089621145488406,0.2763906561613145,0.23626204025037462,0.44579319496773934,0.33114876438447893,0.23136365081759802,0.3772815841042251,0.0,0.22702588482770703,0.27555514010532633,0.46380513303657134,0.44506645423939933,0.31444770363250246,0.3796681363448122,0.7510057091120342,0.485622730500763,0.3396798296166497,0.4243918317420858,0.640347854763014,0.5804168315639726,0.7120414721415751,0.4347589429357491,0.47258116253235827,0.7190264394112893,0.9447428278848534,0.2651990872653937,0.6096353115095611,0.24459063018693736,0.3349897919296207,0.2687365489786515,0.2636921468725419,0.4647665208345417,0.3958850825602784,0.5287612559350515,0.21854929919416413,0.4206045172705297,0.35019770011801854,0.23457874981418597,0.19212895787206008,0.3191387228623354,0.25957504704187767,0.3572742149373629,0.24627764891974946,0.25495619090627814,0.27348352444563695,0.23521361499285362,0.3064595919446999,0.27392104111090254,0.33034168902188915,0.3189097290563958,0.15037253602880163,0.43383989688953445,0.22410404042155202,0.2520957925110298,0.556250698202249
0.2347720649363852,0.4344715656581374,0.1550941744499587,0.34233911965867553,0.2533715510422452,0.29965967576591546,0.28430436685023236,0.31671359025602774,0.289625998277844,0.28762195660817974,0.28087594852138054,0.2941809593736542,0.3207437718565331,0.2804994853790155,0.17035446115746458,0.24359787600760752,0.16988373653876182,0.23935497384333226,0.44468211497712284,0.33045358077443093,0.2598916222145513,0.1540710537687326,0.18650656223884304,0.37030218220443534,0.2900619833052455,0.2760818080935571,0.2298257172521303,0.2266945236645913,0.22702588482770703,0.0,0.27111250047232743,0.2958837285826788,0.33932169380776644,0.23892095509446123,0.33243244291871227,0.20023281801660342,0.329909949767982,0.2751732712952308,0.3226199620382199,0.36022720829105315,0.3999721172206643,0.388646828609291,0.3083100183205865,0.2854550012629673,0.43854688859850965,0.30621817014543606,0.26844019038565925,0.2085509239386419,0.2932115414226647,0.33352081202192135,0.2559204572532547,0.2977249514896923,0.24187296953696746,0.30239633155900486,0.3628441944792873,0.27592395698759387,0.400485341655703,0.28472011724935126,0.3304189470237111,0.24875351331977916,0.4935186491101546,0.2658976347156373,0.3507214088091247,0.3904260627726823,0.36800395611823294,0.26908071971091235,0.19560544776209715,0.48475939249596645,0.30183372748903653,0.3378499214086733,0.29270188951437665,0.17151444036780722,0.3473522861184683,0.4327467148289335,0.2576271789239966,0.340811624967938
0.17539559020001116,0.21769442733033603,0.18264476678524721,0.3247787264804359,0.3352816636056346,0.28256258204006834,0.24286226560500807,0.30783609565182257,0.3192153999603424,0.3435536976450961,0.29138897105191314,0.3135249372396444,0.16775308938360578,0.29744336638722757,0.1542773617913645,0.23826486227343796,0.24592242917643503,0.31282885311676545,0.22172806209814033,0.2437196726798666,0.35228943698098925,0.20954302587879184,0.20388116954684987,0.24463332786424205,0.2661160361954448,0.21590176362764327,0.21443158390817982,0.2770465355558876,0.27555514010532633,0.27111250047232743,0.0,0.1580172047025195,0.24522862539169052,0.27924880950087244,0.14380029273048553,0.318307458433254,0.23674040543199038,0.3872721867166123,0.07510678711283046,0.2977498785016484,0.2899694642714952,0.328270619147953,0.08915027472838118,0.1488517817102229,0.4907927442443337,0.5204494818524167,0.24487115509402288,0.2863187508986665,0.40032618573791573,0.11376238821708708,0.2733942581612891,0.40246868740590097,0.25576656275336335,0.2635593704186194,0.23143450460523113,0.18454057119909179,0.1407465475616431,0.35427182896933346,0.37398173905856846,0.21063317009979965,0.39034195829029605,0.2481959001068984,0.32075163416258223,0.15904487526051123,0.32510221903945585,0.30948894001700405,0.3439062652504059,0.31695889194197696,0.059729949165512455,0.30475233878969743,0.2723456983282215,0.2931064914875977,0.28599043233335536,0.24740485443052343,0.30303536114368135,0.13445074816216696
0.2673502266036754,0.4775708840179778,0.6839887380267837,0.7388634972130985,0.46354447928774745,0.5720515048136576,0.7149943226576772,0.06828512307195145,0.5495503175412028,0.4543365668870562,0.30288006384209637,0.5676206587063756,0.7093884786406229,0.5025718858444175,0.27195415370262904,0.28673469282885666,0.41919679068408544,0.4679912242495563,0.266055256856593,0.24384831320609188,0.4981160706429063,0.2593017348175447,0.39508182918151985,0.5595354060966607,0.3829615804653895,0.6320862274922981,0.18248090183455754,0.6165850417442104,0.46380513303657134,0.2958837285826788,0.1580172047025195,0.0,0.7384106222067963,0.5722121848771421,0.43317891258628016,0.7469305062945805,0.6097786098477946,0.3460410869225744,0.7886347164037487,0.8428995764207262,0.7674936720341395,0.8404963185557983,0.6201434157960554,0.7592577254940683,0.851542483609017,0.9191192882977899,0.31541186380945624,0.8903359981723664,0.48325074343403923,0.7124282466572518,0.25605356410303076,0.5035106892892539,0.0,0.6451582289821292,0.9086638721837013,0.5153876074265804,0.7663965763462792,0.5372884222056972,0.4893885268658936,0.20668018576840902,0.7912916041781861,0.566445838522432,0.5566287158078099,0.27832147931395146,0.2569126715427309,0.24304710261365353,0.18149153570870843,0.43063630699000044,0.6032737001712261,0.5242495110229557,0.5918562086757162,0.21452321446935047,0.7603341980508247,0.3899485715821422,0.12281561925152035,0.7286627982662374
0.33105105430794357,0.5934152808903899,0.5071515923782217,0.7423569185040692,0.2579249706349436,0.5407229789533173,0.6072690037408922,0.1789201478169769,0.5167865748518701,0.44299747655252253,0.1861590347079655,0.4225700583243811,0.7209545083561889,0.5934150966492117,0.2296288090656127,0.6030255453758054,0.46252063424619966,0.4600720106037519,0.19600530727349058,0.10875516716616962,0.3815678262421617,0.5684000044320646,0.38339328341556467,0.49967288026715023,0.4530318461525042,0.5615501643490133,0.42763941487223533,0.7026547449754816,0.44506645423939933,0.33932169380776644,0.24522862539169052,0.7384106222067963,0.0,0.3101979459960654,0.4012267630739256,0.8341938177363158,0.6129872508372679,0.1216205526493809,0.6064924714045239,0.5527184057636283,0.507446442450691,0.6097059015673422,0.5846282479409897,0.5754421484141382,0.7487861626362339,0.7427603900739158,0.502817435267972,0.8167844665852604,0.3896007312979897,0.47585557801398193,0.29748599159794475,0.4573331334207599,0.11624387548305237,0.7043456952402624,0.6855100168002484,0.37572876649569414,0.5750836241208775,0.49246675820598595,0.3914876741958896,0.30701998490448806,0.7796726627270395,0.4781261608692442,0.6855803207089324,0.17830712639207022,0.39730595734943125,0.33730847448352164,0.5460988419563109,0.4930626750076957,0.5770629016189206,0.5794649864350375,0.6498716360672346,0.37253206977465625,0.7017461398460706,0.4637786285694098,0.25700496228185105,0.758255099003948
0.2610408973781289,0.3803574572593228,0.4187639285554788,0.6652689308187725,0.21984495215495162,0.5899510401905554,0.5149795535033149,0.47721488369630766,0.3496562030895161,0.32849631697855036,0.14632637115225,0.44860095271938455,0.5638146546644259,0.29793739249555234,0.3204686285624502,0.24494245498017012,0.23771198696757828,0.2663611097823711,0.3180258973570941,0.23115214011161592,0.32108136581800095,0.3557131317609966,0.28281615201697935,0.40911012466354685,0.2501850703723821,0.47914821934621127,0.13594812368426137,0.4207117262313244,0.31444770363250246,0.23892095509446123,0.27924880950087244,0.5722121848771421,0.3101979459960654,0.0,0.40036517984682457,0.5726340559293542,0.6010959345819418,0.1153077001518044,0.4863494333240758,0.4737958860754414,0.4927996175814362,0.528980020640677,0.2957198346422396,0.4976487279805958,0.637713813567649,0.7321581553540497,0.14859209306363647,0.7043230475876304,0.27732680764414597,0.4643023183263077,0.19609657189466936,0.28480258033238776,0.3657643123526797,0.5363781150778263,0.5053583327909993,0.25862583150350027,0.5332549362494229,0.3732915271160689,0.23751564533761976,0.17843143140674403,0.5663612292450456,0.32035058715563985,0.5317544865757774,0.17787747493611714,0.2133903515154981,0.18227448348843095,0.1386173122763618,0.3775277003029948,0.5540609497189499,0.38857970529649516,0.5195224955256924,0.16754582071951166,0.5140411777778174,0.09910723306018211,0.3877804099231997,0.5559078804035662
0.2932984113759457,0.47875000105661236,0.41863420567937903,0.6638148458997573,0.2142863872916995,0.5984789515100012,0.38539978641271644,0.4320371869037735,0.4386714922540162,0.30733378340908973,0.15838474311312506,0.37515436034332383,0.5199220457925132,0.41258304147266556,0.15579052363327822,0.22741542084536914,0.35013839881198655,0.3239819160884157,0.18945433809805495,0.4191615641857075,0.38034818402166165,0.39503163308749145,0.3147996677091668,0.4152297106678557,0.3613251944832496,0.4884462050870808,0.2847431095793192,0.5277831047560463,0.3796681363448122,0.33243244291871227,0.14380029273048553,0.43317891258628016,0.4012267630739256,0.40036517984682457,0.0,0.6788128483667866,0.5099861979647373,0.15942739629537755,0.5356860200894443,0.44940179203388025,0.6122280328990523,0.5197145237511405,0.3694433302825789,0.4211552627429126,0.725281900713875,0.7593672144951624,0.30784583055999787,0.7434876679047663,0.19959756944976842,0.3317681519929429,0.18617442806149148,0.2723992160157701,0.385916963110998,0.5538122150074217,0.5167003458024148,0.2664247644998614,0.5160004798647347,0.32981561994952696,0.23858800945393807,0.21057707316446195,0.5433634472724009,0.42059081993230735,0.4736986806574679,0.2082154399861248,0.2589634854093399,0.1869566870584567,0.3071696090216197,0.4780451403930561,0.514165203004947,0.4453746542743146,0.5510091423526553,0.26939838408459765,0.45102468748413377,0.23705475727631825,0.27999402577270427,0.5861940985963252
0.21506963327631373,0.7121654966637561,0.6646877255662114,0.9540013992003915,0.48449605538816937,0.7281782217800987,0.7274347767687969,0.21825095836624098,0.6567937185009105,0.5593685696989038,0.33746658254792067,0.6498081973047013,0.9242758075396338,0.5805362691006677,0.2090717501767572,0.6194978052512242,0.5110430815408372,0.4794488594105774,0.28951752341090725,0.22747831284318967,0.4265157111885448,0.31913893635936774,0.49889569872591194,0.6201012838564186,0.619015151978299,0.8011255672470396,0.4652214332336237,0.8520708129710072,0.7510057091120342,0.20023281801660342,0.318307458433254,0.7469305062945805,0.8341938177363158,0.5726340559293542,0.6788128483667866,0.0,0.8627832169286044,0.31450390063639816,0.78911992400711,0.8418244786425421,0.8644557626924754,0.8830950316799361,0.6975778475496484,0.7552316375581637,1.0,0.983758284825391,0.4934079323254122,1.0,0.4001728338975278,0.7354050737299429,0.4106051040272043,0.5431895354568372,0.025043559507102915,0.8065935819007249,0.8321215734362745,0.5728586713168266,0.7492262344024686,0.649976826818569,0.4526684130140391,0.241675688982859,1.0,0.652481364497123,0.7801700639785027,0.40128137495500793,0.07820221385761053,0.31687123261872363,0.4905232662416851,0.6093480264895237,0.5953830161259429,0.6503050272288301,0.7051132530262623,0.37812809235237493,0.9126467466631434,0.47910385876442063,0.3391422795474983,0.9999999999999999
0.012847515594463748,0.5343870789432794,0.6092328993708988,0.7113978852483075,0.46292904089775505,0.6316426861698076,0.8001237331909816,0.16893703205578336,0.5335077408644481,0.4477894514537688,0.40923221828117906,0.5025469420803699,0.727269543210036,0.5381337001662474,0.2520319154662148,0.3754409784978536,0.5019105124394823,0.5319881664376742,0.4195214309786816,0.22277645687532696,0.5426829206959771,0.29878319451456026,0.4698302349560348,0.4950467108441261,0.4487791211759138,0.6306851850916737,0.3217817717719667,0.6416599203910822,0.485622730500763,0.329909949767982,0.23674040543199038,0.6097786098477946,0.6129872508372679,0.6010959345819418,0.5099861979647373,0.8627832169286044,0.0,0.4116387280402563,0.673610048313786,0.6826896244086272,0.7822950260317341,0.6963025970212225,0.5711047662970306,0.5139553549751896,1.0,0.8748219234898243,0.41862934937649543,0.8879702783772818,0.3733646262852556,0.6225531511812605,0.25297904384252595,0.5548546435900056,0.16308116006652001,0.6646817557248844,0.7529584972911223,0.5609074098239509,0.7426354003174435,0.5601977417284818,0.3715906711188434,0.3420797774493183,0.7849404955279284,0.5574824468601477,0.6179828056351651,0.3468379150209487,0.08102367889546266,0.34002290784880806,0.3010625227279576,0.5276641106003789,0.6397893180372671,0.55970896873622,0.6085123925115172,0.3046482978640774,0.7108161731047076,0.42878367345606877,0.43457594440998404,0.8590157387362599
0.2872924209109774,0.46547419988819916,0.07412370669433117,0.39091731064797347,0.4785342746889869,0.39265492636297666,0.2860065707538182,0.3929825359508252,0.42782227112659177,0.43220319532543217,0.3860576038819905,0.1034472206252634,0.24031854210892545,0.4571761782389071,0.24108338022257908,0.3627019292188205,0.40394484632322375,0.3223271027919816,0.32835543541097695,0.297897338086428,0.4654819804517247,0.30195960241554,0.32835507828231497,0.42995842653363453,0.46698173025253115,0.12566679832859692,0.27833796578979636,0.16294847638050874,0.3396798296166497,0.2751732712952308,0.3872721867166123,0.3460410869225744,0.1216205526493809,0.1153077001518044,0.15942739629537755,0.31450390063639816,0.4116387280402563,0.0,0.27273528046984685,0.2625304657542805,0.22465170400817674,0.3326521206292297,0.08818414564118933,0.12377401073263608,0.40952767378953686,0.5118186100548053,0.2883060623661116,0.31862049846660656,0.09172677154966513,0.10065403782646674,0.49634518869332106,0.11871262612445846,0.3690946273524067,0.20729264938388434,0.1828263224699692,0.39757228552132506,0.15179738940871432,0.48415142779452,0.41377194049761684,0.2471855840858342,0.39324905553746003,0.11647811500460892,0.18938969109365192,0.29334827672018343,0.27334643391588126,0.4178361262488104,0.38909348472225297,0.4466138836742721,0.11344525017436288,0.4924013694112841,0.1743262391159615,0.37907639117754294,0.1495016491694302,0.413572017686911,0.34273659442747645,0.21852073490355373
0.2563931990724115,0.46001345670487725,0.5364377114159925,0.7545976284183669,0.45936020275938383,0.4675056844182497,0.7609201553511182,0.06372852805717405,0.3908750026920176,0.35166938311990303,0.18048839991354382,0.4315070973366262,0.6425927169457978,0.5104518736486,0.22235680805410035,0.26151247513831655,0.30795624887455436,0.331970015113555,0.18112486849742507,0.3181255283274176,0.4075306003052939,0.306976434149384,0.2811045756882738,0.3757221674900261,0.48178980142343514,0.43058312938594956,0.06086571330542921,0.5363279285504686,0.4243918317420858,0.3226199620382199,0.07510678711283046,0.7886347164037487,0.6064924714045239,0.4863494333240758,0.5356860200894443,0.78911992400711,0.673610048313786,0.27273528046984685,0.0,0.7275422253463653,0.6667054547025597,0.7474392788809071,0.5486203203862461,0.7139536862770852,1.0000000000000002,0.8097232360491271,0.31778533493057554,0.7857591346672423,0.42806985035498235,0.6870767253621695,0.2243987086561072,0.49451359325051236,0.31064413255503426,0.6778377466372724,0.748668080998556,0.3899467754262456,0.5998533065650965,0.6168684353001234,0.39203406699122023,0.10849238034264497,0.7004973580367397,0.43130868419509294,0.5661852700520988,0.20011076597208521,0.2665795743030545,0.20236697790782623,0.2027066707579731,0.35159155899556815,0.5429437917944654,0.40021429848477214,0.5786750238515433,0.3176990846874577,0.8243783265186433,0.21209871799108473,0.2591568947741132,0.741195543450972
0.29799639329609384,0.6512138235434825,0.6644018151579489,0.9436353447893802,0.4781461168526292,0.7700255877998845,0.8657123818833162,0.20502234595058538,0.705632626838342,0.5479687810241021,0.4650708374365771,0.48297390837223714,0.8896539256367861,0.4800901703780284,0.3539181369852288,0.603448715053146,0.4792342409938109,0.5182082533859497,0.2941856701014387,0.19133973299423807,0.542637991969076,0.5093706064285476,0.4700210786954209,0.5945124899094284,0.4912272551707189,0.7544502011400963,0.4567395775648738,0.7964411753052003,0.640347854763014,0.36022720829105315,0.2977498785016484,0.8428995764207262,0.5527184057636283,0.4737958860754414,0.44940179203388025,0.8418244786425421,0.6826896244086272,0.2625304657542805,0.7275422253463653,0.0,0.6043159813934441,0.8678911333147534,0.5126648058330656,0.7871816530420167,1.0,0.8447186981624074,0.4481428198499324,0.9999999999999999,0.4419188631780394,0.7047038750851615,0.35698546802121445,0.5569317154066932,0.15488190454468176,0.8177620455922678,0.7796881822614566,0.5246438945672693,0.7365179890018523,0.6260285284821289,0.4005679379181319,0.3923012824505061,1.0000000000000002,0.46674377309546644,0.7416613743565046,0.39467268567171565,0.08075920313819669,0.4859451818508365,0.5089871862001444,0.6232388369864889,0.6184355390441711,0.5383540079667897,0.7076371445372011,0.30807904398652897,0.8366029568065965,0.39141872259831784,0.25447634280196746,0.7345727091632372
0.23634669243896597,0.6185873194807945,0.7377502172107068,0.9023991139895571,0.4545623478623645,0.8083676612298719,0.6697784153033343,0.16134516383543068,0.5779680603433587,0.4897855040561767,0.3172196452513555,0.5944083436131028,0.8069935601685304,0.4660383468265707,0.2542997032965478,0.40566042956187304,0.5203157383591978,0.5627258763064077,0.3320264015316222,0.22556498923251195,0.4851880157250163,0.12164218518135467,0.5326401767762494,0.5475731534552739,0.5929666041472681,0.8666150312948957,0.4918278933717195,0.7592511102644327,0.5804168315639726,0.3999721172206643,0.2899694642714952,0.7674936720341395,0.507446442450691,0.4927996175814362,0.6122280328990523,0.8644557626924754,0.7822950260317341,0.22465170400817674,0.6667054547025597,0.6043159813934441,0.0,0.7595233057235383,0.6020307679615013,0.7691630516393002,0.9726998845813688,0.9332647819628853,0.3981408639857919,1.0,0.3907402753554205,0.683897406632468,0.3473077114149691,0.46654826533251,0.04777274168682472,0.798802472113976,0.6789992916695147,0.5901769664927459,0.6825609911282888,0.6066430753051621,0.48454481834350926,0.33492691222933185,0.7453513328588327,0.558291699512549,0.7419007024737972,0.4499300440020264,0.15434823459829297,0.38267676965634917,0.495784105834523,0.6174204858783655,0.5920099490525208,0.6071199332417945,0.897414051776466,0.47381861181975105,0.6316752326514966,0.41488961753175413,0.19939614442103973,0.8077871097115533
0.3350381232638477,0.6617782002322775,0.819213281639974,0.920136489232959,0.5442474843791778,0.8914936924523733,0.7612565749409604,0.34892659146503807,0.7336783979056214,0.4597064472575354,0.36647931049620647,0.6667059429519329,0.8650109945556202,0.45343740482544465,0.43257379492737397,0.4340892664086055,0.3970325177322061,0.5207833544524971,0.3602323382470465,0.20430342583076846,0.698653644831115,0.37119882677293364,0.6816921671877716,0.613224225015815,0.6465673225236791,0.8509206675278636,0.45193995716210833,0.8395475185639908,0.7120414721415751,0.388646828609291,0.328270619147953,0.8404963185557983,0.6097059015673422,0.528980020640677,0.5197145237511405,0.8830950316799361,0.6963025970212225,0.3326521206292297,0.7474392788809071,0.8678911333147534,0.7595233057235383,0.0,0.6099495828524485,0.765157215878083,1.0000000000000002,0.8413067063746572,0.5200411613757487,1.0000000000000002,0.44615940884708555,0.8179017185595587,0.4920887454153249,0.6219667236093838,0.3209617083554548,0.8590469939607754,0.7477494378671642,0.6127977202118206,0.7134390239385886,0.6313954874120179,0.44363669381196424,0.42567121044956485,0.8834385988001365,0.5732129499625694,0.6594112041207344,0.39906760035042804,0.18444139055356013,0.5494747222655335,0.6084565841965633,0.7513472309955975,0.6409400592605853,0.6289908346778923,0.755938579970488,0.5379271001335291,0.8161132947013987,0.5956397259580255,0.18505132915485129,0.9256898883690949
0.20110913368834651,0.5121898834755446,0.3950364686047329,0.6893209642501351,0.3501127904788545,0.40488424523952415,0.5783078804790008,0.14380493677844877,0.3908518963299514,0.42411600476644307,0.1329019471697397,0.42471999718666026,0.5980561335036034,0.4243141176645579,0.2365246979273999,0.40759851167871347,0.4018132378610994,0.3730173745375924,0.10571442319819807,0.26516532209016747,0.1839996392101184,0.2983856878187678,0.24806870094317546,0.43448565809437795,0.42198846041565363,0.4991652681405848,0.24784401324160493,0.6508517220253065,0.4347589429357491,0.3083100183205865,0.08915027472838118,0.6201434157960554,0.5846282479409897,0.2957198346422396,0.3694433302825789,0.6975778475496484,0.5711047662970306,0.08818414564118933,0.5486203203862461,0.5126648058330656,0.6020307679615013,0.6099495828524485,0.0,0.5372000736777472,0.7976105032150748,0.9575281407629209,0.27102731595902213,0.6860758199898952,0.2986768841527449,0.5738958795527107,0.41185277177479235,0.34556109092352494,0.29368691047555046,0.6005774379664522,0.5567044410971698,0.3924949913996683,0.5343584765098218,0.4205175492357165,0.31641723781923947,0.2435804077114374,0.7445559391898463,0.49077559663261583,0.598542660990668,0.1936105032984182,0.24045250836529722,0.3359872920661443,0.22155009643089707,0.3451771026181801,0.4479036323254368,0.41016332159258834,0.5264367373297141,0.15416204339929804,0.5777054112467958,0.23837611049510832,0.22185590765897256,0.6176708254214107
0.3176479417746409,0.5439803967599407,0.552803245665826,0.70268260691394,0.4974653321936758,0.49247535954610283,0.7174998696432717,0.13162856529797043,0.35983999722650867,0.39893635465690247,0.3037510556995424,0.49766127591851517,0.69192363763327,0.5722340706338624,0.2692610407436222,0.4419967562671613,0.4179234596924206,0.4022032084801995,0.27507619343243145,0.344877975741006,0.3923079069090658,0.40669088341171133,0.4218695752598398,0.5042300632489767,0.38725126733537074,0.566675561875784,0.33178129026567643,0.6895810133713961,0.47258116253235827,0.2854550012629673,0.1488517817102229,0.7592577254940683,0.5754421484141382,0.4976487279805958,0.4211552627429126,0.7552316375581637,0.5139553549751896,0.12377401073263608,0.7139536862770852,0.7871816530420167,0.7691630516393002,0.765157215878083,0.5372000736777472,0.0,0.9999999999999999,0.971921944693975,0.38080747960171957,0.7172800848596934,0.34756906381688485,0.6025013047487824,0.16305516080852175,0.5122979566887628,0.019061745560470654,0.5698760274629859,0.7934891155957007,0.45970604599565024,0.6794054335689919,0.5680212658598132,0.3211123027849524,0.26490056866319683,0.749129775319103,0.41617265094128436,0.5512559873380649,0.21746948117657874,0.40333260834906726,0.27293180625676283,0.3674502385764969,0.5146073526448209,0.6951346984191303,0.3946145416091345,0.5832928371038558,0.17391685372741406,0.7678277851988284,0.328276843637627,0.1644306756694955,0.7761815118508566
0.14093267624519323,1.0,0.9999999999999999,1.0000000000000002,0.6515963577854543,0.8337920581465046,1.0000000000000002,0.28497962592510584,0.7566031868820019,0.7016182070041674,0.7341550077901684,0.7112453009013715,0.9999999999999999,0.8032673430743543,0.4748071569598331,0.7411108296237857,0.6079104171438132,0.6763874076435918,0.5383052520262611,0.5549978872153704,0.6327567766482629,0.3440924469667217,0.6937846402490555,0.6060423179133589,0.8334851803395633,0.889152844303251,0.7332071323361192,0.9920780161651233,0.7190264394112893,0.43854688859850965,0.4907927442443337,0.851542483609017,0.7487861626362339,0.637713813567649,0.725281900713875,1.0,1.0,0.40952767378953686,1.0000000000000002,1.0,0.9726998845813688,1.0000000000000002,0.7976105032150748,0.9999999999999999,0.0,0.9124769947322796,0.7084480512783751,0.9999999999999999,0.6894398399383354,0.9932972225568901,0.5856386038162135,0.8238704765493852,0.28274330830119104,1.0,1.0,0.947968970678052,0.8976812962818372,0.9999999999999999,0.6820363944884114,0.42007648335955317,1.0,0.830976826542727,1.0,0.7537593591850495,0.6577757476740097,0.7088008981661907,0.8362349357712633,0.9251653487472036,0.6254657695847482,0.8400065972940881,0.9999999999999999,0.6859723491644221,1.0,0.827848434704063,0.761936589378808,0.9999999999999999
0.0,0.9038824345812075,0.9127730554552667,1.0,0.6642618408011081,0.9312019962174596,0.9452788544413374,0.1823677730916158,0.8370006583098784,0.6847396731908707,0.5861411544906574,0.6310623082358899,0.8291747012105768,0.7364339542635204,0.2619578334363672,0.5693007847804059,0.6376582998221374,0.5630046184985885,0.4038228786820791,0.35931119269279443,0.5415349672697132,0.17108906629957873,0.5337191284323592,0.5660390479375229,0.5858545524083035,0.764431607602641,0.7932724710427069,0.8295316647068969,0.9447428278848534,0.30621817014543606,0.5204494818524167,0.9191192882977899,0.7427603900739158,0.7321581553540497,0.7593672144951624,0.983758284825391,0.8748219234898243,0.5118186100548053,0.8097232360491271,0.8447186981624074,0.9332647819628853,0.8413067063746572,0.9575281407629209,0.971921944693975,0.9124769947322796,0.0,0.5910574192539205,1.0,0.5468852795748057,0.7369809556342453,0.39347517731121445,0.721111529568673,0.0672861404238968,0.8812019225269768,1.0,0.6579625509632577,0.7129980969617499,0.7525044078582276,0.7620460416935969,0.41860259615917567,1.0000000000000002,0.8147376683069015,0.75799141832314,0.7231481646626017,0.21410067305892932,0.2506738827520837,0.6658926882197822,0.6690096315304966,0.5954261263522463,0.5737727562205802,0.6816634962247564,0.4891704933206782,0.9999999999999999,0.39874798019769103,0.43001434005829536,0.978571629504946
0.24441814392365155,0.3271669404182145,0.19929513407101399,0.5171225562479904,0.37293849393660067,0.28154077483800094,0.477510304625629,0.364265248233723,0.17189610882242753,0.2676138348180831,0.2937110168937391,0.23701296354082976,0.36701439263565244,0.20938818505196619,0.374787331890273,0.2400652565608911,0.29331790836393234,0.3017244847504904,0.26137227725340145,0.18663016734657323,0.32071491884113995,0.2598784963435596,0.18591625120917243,0.26731465464018994,0.3026463204607765,0.29362690717166423,0.25095548471781215,0.20231762553368438,0.2651990872653937,0.26844019038565925,0.24487115509402288,0.31541186380945624,0.502817435267972,0.14859209306363647,0.30784583055999787,0.4934079323254122,0.41862934937649543,0.2883060623661116,0.31778533493057554,0.4481428198499324,0.3981408639857919,0.5200411613757487,0.27102731595902213,0.38080747960171957,0.7084480512783751,0.5910574192539205,0.0,0.5060891470513599,0.20574520112856648,0.3050746571254218,0.27995149593208635,0.2774483325755935,0.30587142051596183,0.2569252942517629,0.32827650608070846,0.2793769172761648,0.1974906028410966,0.26197408844383974,0.311868285519692,0.21746535362602612,0.28432871010039357,0.20023620517850046,0.37643285445093594,0.21351263973393644,0.1817329610689803,0.3127985494616289,0.26779840080503553,0.2356727548357058,0.1721251168979763,0.30144129239936457,0.13571027066473887,0.17782088138231977,0.23288831698939827,0.2702532132288325,0.4468119635634167,0.2668349017395807
0.28944255808649577,0.6415903119275558,0.5852172029797563,0.9579692391119982,0.5316749077536814,0.7904907788184089,0.9415962535887449,0.279043487041711,0.7802303933245078,0.5348968553854985,0.4067128844979658,0.7857399843565724,0.9288189093721415,0.5865136549563331,0.33106153322904724,0.5663535925814626,0.42614629070783566,0.5840410958973787,0.294167070838605,0.2540920050904075,0.4660011852689371,0.2628415460195244,0.6596433836271605,0.8054957881968527,0.566748645716583,1.0,0.4649993563318472,0.8947313994920206,0.6096353115095611,0.2085509239386419,0.2863187508986665,0.8903359981723664,0.8167844665852604,0.7043230475876304,0.7434876679047663,1.0,0.8879702783772818,0.31862049846660656,0.7857591346672423,0.9999999999999999,1.0,1.0000000000000002,0.6860758199898952,0.7172800848596934,0.9999999999999999,1.0,0.5060891470513599,0.0,0.6298544422403257,0.8379034695425496,0.29662217817852765,0.661520003044084,0.09605584693587133,0.7178741397114682,0.9382099331617842,0.4759197992051169,0.9990894683233738,0.8264070417345863,0.6638946644843425,0.44110465669725574,1.0,0.6283385398257079,0.6746965875002914,0.30069990229921056,0.3585995569721464,0.3543374062250092,0.561418202534929,0.5565175738693928,0.8592636961591513,0.5163500319424387,0.892166700659411,0.37262154036929873,0.872317200754535,0.3963277258855396,0.3887285388188083,1.0
0.3106353520306212,0.25327583389290215,0.3177842535873283,0.5491569673931505,0.22359807228991563,0.3131567618100054,0.39771310414019917,0.10779044396783072,0.23386583939064742,0.33154799624361564,0.10052148568711916,0.23517803896699027,0.43702555312560437,0.33788215679187406,0.17394548983342567,0.25353829367359704,0.14827725007825043,0.24608170099080273,0.32414914988838467,0.33861047972293434,0.375975763250279,0.4181931126894353,0.19752527315313342,0.2762751206088845,0.2050428904855615,0.31948026784422595,0.3438385141034823,0.3873519094561368,0.24459063018693736,0.2932115414226647,0.40032618573791573,0.48325074343403923,0.3896007312979897,0.27732680764414597,0.19959756944976842,0.4001728338975278,0.3733646262852556,0.09172677154966513,0.42806985035498235,0.4419188631780394,0.3907402753554205,0.44615940884708555,0.2986768841527449,0.34756906381688485,0.6894398399383354,0.5468852795748057,0.20574520112856648,0.6298544422403257,0.0,0.4471386921349442,0.06026250205001478,0.31448566893781893,0.39060808606764674,0.3088633523420282,0.4992793386800078,0.3339124686788601,0.39463182009699704,0.2977153855869794,0.1921316851039174,0.33041251670515176,0.5330553356459692,0.3201768897640926,0.34767088659486955,0.298842821358108,0.3563386072884759,0.23445132119663542,0.3997419482464939,0.2641575011381509,0.3311342531135819,0.3475200268904236,0.3354832931803945,0.4022272434651133,0.44752244748194847,0.39988100156012546,0.19344177177026758,0.3431595606113038
0.20962081365312096,0.4080299594170681,0.5685364278015428,0.8080602409651402,0.341759253485964,0.40420420737178797,0.652366373169211,0.15532429073599976,0.3614883179976367,0.39575747203826106,0.23171258795469502,0.34468983720527324,0.6041004999149066,0.5117499102456321,0.2332077578012791,0.34421784123844973,0.3092026921942085,0.294446257642563,0.16501874887770004,0.3406332068360318,0.37964052765966594,0.3225547809095745,0.303678442509105,0.4027478122276709,0.3851622507090705,0.42378413758434114,0.07026438158942465,0.6348903533184307,0.3349897919296207,0.33352081202192135,0.11376238821708708,0.7124282466572518,0.47585557801398193,0.4643023183263077,0.3317681519929429,0.7354050737299429,0.6225531511812605,0.10065403782646674,0.6870767253621695,0.7047038750851615,0.683897406632468,0.8179017185595587,0.5738958795527107,0.6025013047487824,0.9932972225568901,0.7369809556342453,0.3050746571254218,0.8379034695425496,0.4471386921349442,0.0,0.16212322343098554,0.3509053774757113,0.09057619909869014,0.5244443778574581,0.7695867623559047,0.39620115451333304,0.5230387690782708,0.5368021871964449,0.3357879878706661,0.1958970258583347,0.7685030267170749,0.4624147504805615,0.5316030915128916,0.14817187586083588,0.2479274017342895,0.32387282381349597,0.1445385431076505,0.4086467506454089,0.45237175632116866,0.3590916492654954,0.5201910029919523,0.30299035552970266,0.7089216791550155,0.26487763557092847,0.22167692205529865,0.568696873770717
0.27411476367850046,0.3477659941567929,0.1420480504821888,0.4624946699865593,0.3941987390257853,0.31530985278515905,0.2634596602402842,0.38604626425454036,0.3714768367805374,0.3261217998605184,0.28771721700283526,0.4494398814129509,0.28854691114314374,0.4254832361609501,0.2484157228919161,0.3546406167403301,0.2702840804841902,0.4066421990696809,0.2640489478924429,0.19451665841559732,0.3785224786966596,0.25897711930435435,0.25482549189483633,0.3431720135747462,0.4591399445291103,0.4864197252857807,0.18190556549336218,0.3995427620528309,0.2687365489786515,0.2559204572532547,0.2733942581612891,0.25605356410303076,0.29748599159794475,0.19609657189466936,0.18617442806149148,0.4106051040272043,0.25297904384252595,0.49634518869332106,0.2243987086561072,0.35698546802121445,0.3473077114149691,0.4920887454153249,0.41185277177479235,0.16305516080852175,0.5856386038162135,0.39347517731121445,0.27995149593208635,0.29662217817852765,0.06026250205001478,0.16212322343098554,0.0,0.15892982586256302,0.33141826592740375,0.12661752737348456,0.24942947823963685,0.2718122819424994,0.1872301066532587,0.24879746159021932,0.37338983526970587,0.2362390847005848,0.42497264497302417,0.1328506488702071,0.1865887675795495,0.1911788646516535,0.28751132253232714,0.37642007481072426,0.2882927785823968,0.37249949708707514,0.04703583079002485,0.42448832689377564,0.37057025260085785,0.2365875183361208,0.14235814804560182,0.3565687671078925,0.2514711262064983,0.22160377225359312
0.2764918659717353,0.35847546795584084,0.381346936218067,0.6412181243968047,0.1931576359166811,0.2982924079253185,0.46365702109419155,0.1712729311829229,0.30030710155500556,0.3164147188490298,0.08245039226680445,0.2479862357647675,0.45623999312849295,0.36505044995123975,0.23876911137162526,0.29486151352427487,0.2280677876611787,0.27613099520016604,0.25816012915311665,0.31994925324246415,0.350720724721455,0.38780347632424245,0.2573713495824744,0.37224324104000883,0.34115518130301975,0.43493367071991573,0.2515545015741714,0.5139134038959785,0.2636921468725419,0.2977249514896923,0.40246868740590097,0.5035106892892539,0.4573331334207599,0.28480258033238776,0.2723992160157701,0.5431895354568372,0.5548546435900056,0.11871262612445846,0.49451359325051236,0.5569317154066932,0.46654826533251,0.6219667236093838,0.34556109092352494,0.5122979566887628,0.8238704765493852,0.721111529568673,0.2774483325755935,0.661520003044084,0.31448566893781893,0.3509053774757113,0.15892982586256302,0.0,0.0,0.3903172155874789,0.5674778272822476,0.28113555887304614,0.4888125334661274,0.3953018218821075,0.1596398912489357,0.1259538481206372,0.49267153823063203,0.4194516855194348,0.47684899648095863,0.08579537142607968,0.25882694100983744,0.2629632365564921,0.36259183427357317,0.3218428270779459,0.3280812042973033,0.3019895746541325,0.35466611335269105,0.321962528492879,0.6598421891815374,0.1151040164551759,0.26498942178873647,0.5176541486439775
0.2473297435981168,0.2883413566785286,0.15032039811857725,0.2202327441408,0.40966774257258,0.283356201680853,0.06697699780614891,0.335901600723144,0.26669937640956065,0.3312663629703489,0.2905142973728424,0.2159812650420238,0.3859552514176339,0.27109695825055635,0.2845477723878653,0.21876668931982635,0.23854833376909051,0.3560840521858448,0.22040827437893182,0.2640126988038079,0.3567996426070349,0.275241528925686,0.3322246802957349,0.28087641255312396,0.326518622154723,0.32707851089970597,0.2907763111334159,0.3289182568673288,0.4647665208345417,0.24187296953696746,0.25576656275336335,0.0,0.11624387548305237,0.3657643123526797,0.385916963110998,0.025043559507102915,0.16308116006652001,0.3690946273524067,0.31064413255503426,0.15488190454468176,0.04777274168682472,0.3209617083554548,0.29368691047555046,0.019061745560470654,0.28274330830119104,0.0672861404238968,0.30587142051596183,0.09605584693587133,0.39060808606764674,0.09057619909869014,0.33141826592740375,0.0,0.0,0.3134194410670526,0.08915842923362371,0.34094485417378134,0.0,0.35762879916737855,0.3214922476460566,0.33307434292728216,0.42686028050330715,0.30392783076251906,0.30546008353701537,0.23894299191047697,0.2341092503938062,0.31950198217341275,0.2828484140482151,0.3345977687294852,0.2803723834837256,0.3380748526612791,0.3365143364090735,0.3793005855754188,0.24541037092636137,0.36328521114223833,0.218363459200918,0.28411618526269633
0.21213394883841816,0.3809785909215722,0.6282939538116726,0.8649246109989243,0.3005533734185124,0.404128258317032,0.6758699323681561,0.12530941689852151,0.43743182469884534,0.3880402454463888,0.12428795511389182,0.3499326078641046,0.7279484034116038,0.5729338033943443,0.11469202897038522,0.41901086034046775,0.29129226317113505,0.32958276891081,0.17744081013192753,0.28605289502935627,0.3673148734695856,0.2803250592905759,0.35190020937395294,0.44886745458731375,0.39202073036745866,0.6233731509413256,0.224666548156857,0.6217569764724676,0.3958850825602784,0.30239633155900486,0.2635593704186194,0.6451582289821292,0.7043456952402624,0.5363781150778263,0.5538122150074217,0.8065935819007249,0.6646817557248844,0.20729264938388434,0.6778377466372724,0.8177620455922678,0.798802472113976,0.8590469939607754,0.6005774379664522,0.5698760274629859,1.0,0.8812019225269768,0.2569252942517629,0.7178741397114682,0.3088633523420282,0.5244443778574581,0.12661752737348456,0.3903172155874789,0.3134194410670526,0.0,0.7944197294398565,0.3428031203902897,0.5817542536354278,0.5276424849322465,0.3796553436541995,0.27001301613767026,0.7715182946156129,0.48683080255030264,0.46633184873855793,0.18919952304954582,0.25763462347756905,0.3623632188812445,0.16320943553711187,0.4211931475362478,0.4272437867975854,0.3294860525332751,0.5074138059956907,0.27844063648233935,0.729414187146553,0.2321946564813337,0.22386279489392608,0.6598331726328615
0.231628403127836,0.5524530692725951,0.5829266679691519,0.9085425941402538,0.39960598215977594,0.5113528251850467,0.7572670290622717,0.21626576008508536,0.5227281523897757,0.42854827447941857,0.23780812683553307,0.43367371220199064,0.7861517772930742,0.5177301913996912,0.3890635084792498,0.6478912680543658,0.41782797438368746,0.43983645880803673,0.13255318980313915,0.3189880940059679,0.5201886595837596,0.3310191640717999,0.42174511442339624,0.5004971537136126,0.5318799788580724,0.5414392836508696,0.15312917557532613,0.737308618797508,0.5287612559350515,0.3628441944792873,0.23143450460523113,0.9086638721837013,0.6855100168002484,0.5053583327909993,0.5167003458024148,0.8321215734362745,0.7529584972911223,0.1828263224699692,0.748668080998556,0.7796881822614566,0.6789992916695147,0.7477494378671642,0.5567044410971698,0.7934891155957007,1.0,1.0,0.32827650608070846,0.9382099331617842,0.4992793386800078,0.7695867623559047,0.24942947823963685,0.5674778272822476,0.08915842923362371,0.7944197294398565,0.0,0.49298880854339616,0.5388588294163073,0.745914362670314,0.4460397438660409,0.22104795932758275,0.7937572271209872,0.5318162995573509,0.6505042196137901,0.24282876062146563,0.31095861092735005,0.4041934598898902,0.5151910473348806,0.5178835887955463,0.46296341351276954,0.4549773649420628,0.5583998736440751,0.2330919968098624,0.8368999226218096,0.33968963205309494,0.2522716674066869,0.7164678600934434
0.20036543350455147,0.3136589361915321,0.3243935383955988,0.5898587832101061,0.14644064342475613,0.20136450450976834,0.5341476600854246,0.3253346877342286,0.22360004898202696,0.22802591352189494,0.037934031220309326,0.34039083227441735,0.4396234611012174,0.3336881702046776,0.25438590723578747,0.17471328408217776,0.1863706142798678,0.11517617622185575,0.27810369582741307,0.27223133497479896,0.22677830011823427,0.23992164165669586,0.3145497130486013,0.24278816814137075,0.14126531982238888,0.268104141005109,0.1457949591343639,0.36189286181684266,0.21854929919416413,0.27592395698759387,0.18454057119909179,0.5153876074265804,0.37572876649569414,0.25862583150350027,0.2664247644998614,0.5728586713168266,0.5609074098239509,0.39757228552132506,0.3899467754262456,0.5246438945672693,0.5901769664927459,0.6127977202118206,0.3924949913996683,0.45970604599565024,0.947968970678052,0.6579625509632577,0.2793769172761648,0.4759197992051169,0.3339124686788601,0.39620115451333304,0.2718122819424994,0.28113555887304614,0.34094485417378134,0.3428031203902897,0.49298880854339616,0.0,0.42091251152920667,0.25638837863817454,0.19655421380393232,0.19581076415433382,0.4912833701431715,0.3555566623140515,0.32885882035017866,0.21092802285106058,0.20041094735474987,0.2969981365102525,0.28319311787724505,0.3169502357639517,0.28324984100541295,0.18010259816649848,0.2733353621753507,0.2006019303323473,0.4129245780702207,0.265287041292076,0.25905342107427176,0.4638496575772544
0.2571043246295388,0.49633760464485566,0.48586452968467236,0.8198752982531241,0.3822923705223403,0.43638383366044486,0.6638569858970048,0.10485582081734793,0.3756469879330863,0.44348162798886537,0.22321533179676162,0.33577362500894126,0.6127746881898027,0.42600336015090146,0.13980826202854554,0.35237271444165225,0.3985719435683284,0.3403103006559114,0.07348952219945945,0.26300840852275476,0.3236483654896858,0.2314772157196589,0.1649754099483681,0.4212726692967721,0.36164838830612706,0.4033852469959074,0.1372346655367851,0.5419068587614208,0.4206045172705297,0.400485341655703,0.1407465475616431,0.7663965763462792,0.5750836241208775,0.5332549362494229,0.5160004798647347,0.7492262344024686,0.7426354003174435,0.15179738940871432,0.5998533065650965,0.7365179890018523,0.6825609911282888,0.7134390239385886,0.5343584765098218,0.6794054335689919,0.8976812962818372,0.7129980969617499,0.1974906028410966,0.9990894683233738,0.39463182009699704,0.5230387690782708,0.1872301066532587,0.4888125334661274,0.0,0.5817542536354278,0.5388588294163073,0.42091251152920667,0.0,0.527026374791894,0.4159745530534432,0.12219631376867451,0.6746016079872535,0.4075005971068959,0.5098299551454659,0.20911693775873968,0.2345642254720453,0.19238775561529495,0.21667743584841045,0.3311662075270176,0.37945223966226416,0.33818445533725305,0.4781744584167904,0.2688466920615939,0.6817585629278834,0.17137080736583893,0.2159821425245595,0.6209290939311718
0.24300057165936437,0.4276460358963255,0.4143060948032682,0.7374696396554389,0.2545625476882346,0.4078163687774628,0.5371523979566574,0.15639067451220476,0.3873046758643049,0.31170165438173875,0.13206999874990366,0.35101194576360634,0.6521545340651236,0.40762399343535327,0.07447488033343179,0.22773513628636444,0.22530977398221697,0.31288647253377516,0.30727458946362346,0.3060002992455474,0.3802651039763428,0.48117694644594167,0.2860448616710533,0.38178091428723104,0.30931118968401167,0.4037300427146848,0.2642788911269887,0.580357476897311,0.35019770011801854,0.28472011724935126,0.35427182896933346,0.5372884222056972,0.49246675820598595,0.3732915271160689,0.32981561994952696,0.649976826818569,0.5601977417284818,0.48415142779452,0.6168684353001234,0.6260285284821289,0.6066430753051621,0.6313954874120179,0.4205175492357165,0.5680212658598132,0.9999999999999999,0.7525044078582276,0.26197408844383974,0.8264070417345863,0.2977153855869794,0.5368021871964449,0.24879746159021932,0.3953018218821075,0.35762879916737855,0.5276424849322465,0.745914362670314,0.25638837863817454,0.527026374791894,0.0,0.3083704408066664,0.3282477168305559,0.5666137581046212,0.48005832838544676,0.5177419667451383,0.2327813259949382,0.29307468470336584,0.1907829374641803,0.39119265720836516,0.3335492031131582,0.4478000507019076,0.42168043415734996,0.49444417161043475,0.3469180853795028,0.6056531328912936,0.5450479538078867,0.27085187445857567,0.6313270748306254
0.1940977225841601,0.22457848388469848,0.28798790946572245,0.5941373619515297,0.109075311795489,0.2835656583262424,0.3901870880186904,0.38184320806237826,0.1961992636743648,0.21292798021440976,0.0,0.2207758423190613,0.4395269073876954,0.2091075380489601,0.3226089981428547,0.2841729165113015,0.18090458548386573,0.2018649219628801,0.21849969999216484,0.22387386418087118,0.21969237905913225,0.3323881532470384,0.27661140083257074,0.22857641461900355,0.1415481269891715,0.3495619604774326,0.20591924735676806,0.46660931498942343,0.23457874981418597,0.3304189470237111,0.37398173905856846,0.4893885268658936,0.3914876741958896,0.23751564533761976,0.23858800945393807,0.4526684130140391,0.3715906711188434,0.41377194049761684,0.39203406699122023,0.4005679379181319,0.48454481834350926,0.44363669381196424,0.31641723781923947,0.3211123027849524,0.6820363944884114,0.7620460416935969,0.311868285519692,0.6638946644843425,0.1921316851039174,0.3357879878706661,0.37338983526970587,0.1596398912489357,0.3214922476460566,0.3796553436541995,0.4460397438660409,0.19655421380393232,0.4159745530534432,0.3083704408066664,0.0,0.22056829066769928,0.6145904899691618,0.3977187531954299,0.3629900222108023,0.3154981272339684,0.21398801754507596,0.3318540935384139,0.3093469435773302,0.2921275212021046,0.28836382210787576,0.2219573035026749,0.37786384848131177,0.223626047285181,0.44079559716412836,0.38999170203747036,0.22164243941034137,0.3940863365596875
0.2561106451509787,0.2983894252963046,0.11565056649617222,0.48389978723167787,0.20800518548896413,0.20658522284041655,0.2550783621029943,0.2900720223378057,0.34530947974338466,0.3556082676215164,0.21255227569447183,0.24907050345425816,0.1973541860441022,0.21396143950199975,0.2664913410631925,0.17109918035518396,0.23434948541414258,0.3409776252365799,0.16621410343306037,0.27183977659628455,0.34585637460774377,0.18775160562366586,0.22474135887840538,0.21276991373087173,0.3797871850730957,0.23924783377837772,0.14104106300123007,0.2169358962397973,0.19212895787206008,0.24875351331977916,0.21063317009979965,0.20668018576840902,0.30701998490448806,0.17843143140674403,0.21057707316446195,0.241675688982859,0.3420797774493183,0.2471855840858342,0.10849238034264497,0.3923012824505061,0.33492691222933185,0.42567121044956485,0.2435804077114374,0.26490056866319683,0.42007648335955317,0.41860259615917567,0.21746535362602612,0.44110465669725574,0.33041251670515176,0.1958970258583347,0.2362390847005848,0.1259538481206372,0.33307434292728216,0.27001301613767026,0.22104795932758275,0.19581076415433382,0.12219631376867451,0.3282477168305559,0.22056829066769928,0.0,0.2617417140449667,0.21765908986049218,0.3710859400500052,0.266453336631073,0.1969603980879286,0.26410058224475674,0.258634349320944,0.17041153415073984,0.04493146807280458,0.1637168820147981,0.11486672437607658,0.18784511870046539,0.278868765265508,0.15656752390726308,0.3701265323257537,0.17248708184414083
0.24031131143441797,0.654669241905313,0.5550362581207224,0.8859882145510793,0.531849962779163,0.48551378235298526,0.9098932750229135,0.1678127010844304,0.6515854523302717,0.4902961746536451,0.3355101634382843,0.5500980623236217,0.660148114620196,0.7807330098376397,0.1937097511865285,0.4638016699500462,0.40539351206376245,0.4488296867841806,0.3442332425005267,0.2457649633570917,0.4417854313793077,0.3019910916210215,0.48631065792482253,0.6939810036102153,0.4473703838831337,0.5653039253709692,0.18386471445632782,0.8627211465051149,0.3191387228623354,0.4935186491101546,0.39034195829029605,0.7912916041781861,0.7796726627270395,0.5663612292450456,0.5433634472724009,1.0,0.7849404955279284,0.39324905553746003,0.7004973580367397,1.0000000000000002,0.7453513328588327,0.8834385988001365,0.7445559391898463,0.749129775319103,1.0,1.0000000000000002,0.28432871010039357,1.0,0.5330553356459692,0.7685030267170749,0.42497264497302417,0.49267153823063203,0.42686028050330715,0.7715182946156129,0.7937572271209872,0.4912833701431715,0.6746016079872535,0.5666137581046212,0.6145904899691618,0.2617417140449667,0.0,0.4613873150253379,0.7195028881362047,0.36724390950923747,0.2809662493862975,0.4094713351402982,0.3445963159089773,0.3903282268732229,0.5868882163068568,0.4799100383710626,0.7551348872270723,0.28389335652274256,0.8770685154164417,0.1934962222750593,0.2979179801476234,0.9353446881771301
0.17237406125591123,0.3226423393618666,0.3807593915385286,0.6474289158220992,0.2828591428281537,0.2662218655387827,0.5624659626643148,0.08301115348350821,0.29121737431334155,0.33125829822009945,0.13974351476819583,0.24564563144610765,0.5094088449846552,0.47743472290366723,0.09517055661619332,0.3549045855495728,0.24693049780697834,0.2552126019728818,0.27546170870553094,0.1648865695740484,0.25988843993299904,0.15241620949050175,0.2787673148448487,0.26893837407145643,0.3177285276497797,0.4428502833858288,0.1602019395747482,0.4740095618838964,0.25957504704187767,0.2658976347156373,0.2481959001068984,0.566445838522432,0.4781261608692442,0.32035058715563985,0.42059081993230735,0.652481364497123,0.5574824468601477,0.11647811500460892,0.43130868419509294,0.46674377309546644,0.558291699512549,0.5732129499625694,0.49077559663261583,0.41617265094128436,0.830976826542727,0.8147376683069015,0.20023620517850046,0.6283385398257079,0.3201768897640926,0.4624147504805615,0.1328506488702071,0.4194516855194348,0.30392783076251906,0.48683080255030264,0.5318162995573509,0.3555566623140515,0.4075005971068959,0.48005832838544676,0.3977187531954299,0.21765908986049218,0.4613873150253379,0.0,0.44175279861243405,0.16831432832219118,0.1800162891882237,0.15094367807421327,0.15605214500717765,0.2687531187974659,0.30269220485241954,0.33210939856740734,0.4824399914313209,0.1748802910788301,0.6382135831484724,0.14547055399326816,0.1777133693858576,0.5661327048090222
0.21529206992374192,0.44442802133715215,0.4460549489108648,0.6878584230634627,0.3721154748539308,0.40850448596711286,0.6349205031392969,0.14745579545482643,0.5214410851299913,0.397368078132171,0.18130687924783503,0.3890512762959946,0.5850957576489093,0.5735620201341353,0.23892146823553922,0.22815032150872092,0.25714597736569145,0.24192769329540229,0.260292481348235,0.27986964120776064,0.29663794992117354,0.24432759324565964,0.39922355359937833,0.5020932254299216,0.3555279776724491,0.556148841042526,0.2450247973581048,0.6432208492734648,0.3572742149373629,0.3507214088091247,0.32075163416258223,0.5566287158078099,0.6855803207089324,0.5317544865757774,0.4736986806574679,0.7801700639785027,0.6179828056351651,0.18938969109365192,0.5661852700520988,0.7416613743565046,0.7419007024737972,0.6594112041207344,0.598542660990668,0.5512559873380649,1.0,0.75799141832314,0.37643285445093594,0.6746965875002914,0.34767088659486955,0.5316030915128916,0.1865887675795495,0.47684899648095863,0.30546008353701537,0.46633184873855793,0.6505042196137901,0.32885882035017866,0.5098299551454659,0.5177419667451383,0.3629900222108023,0.3710859400500052,0.7195028881362047,0.44175279861243405,0.0,0.10186402350874862,0.24230639472534465,0.384111368244338,0.26481722272981545,0.40916467886740177,0.4852842722599163,0.3854143485023767,0.5319456974631539,0.28972361256352014,0.5720325064393378,0.1901875525355621,0.30913177588497626,0.7025662389483205
0.20207586576516948,0.27564785901504896,0.25231145203906524,0.5115586228440876,0.29229846036380747,0.09325621932652564,0.23634615350750324,0.3044867589702948,0.18943565528375603,0.2901658640368824,0.30370524162875623,0.11424932527169793,0.23805140070120537,0.23739877226692016,0.23752246196601196,0.18629403755787738,0.27957540410698806,0.27969009196434674,0.23713527014566044,0.24083557509997972,0.2555282909920499,0.20634509089840325,0.26128987049571717,0.21447802238659133,0.20601582662289705,0.34053969328918,0.15976658097037022,0.1596538153272794,0.24627764891974946,0.3904260627726823,0.15904487526051123,0.27832147931395146,0.17830712639207022,0.17787747493611714,0.2082154399861248,0.40128137495500793,0.3468379150209487,0.29334827672018343,0.20011076597208521,0.39467268567171565,0.4499300440020264,0.39906760035042804,0.1936105032984182,0.21746948117657874,0.7537593591850495,0.7231481646626017,0.21351263973393644,0.30069990229921056,0.298842821358108,0.14817187586083588,0.1911788646516535,0.08579537142607968,0.23894299191047697,0.18919952304954582,0.24282876062146563,0.21092802285106058,0.20911693775873968,0.2327813259949382,0.3154981272339684,0.266453336631073,0.36724390950923747,0.16831432832219118,0.10186402350874862,0.0,0.22803516210658056,0.31277188032072994,0.23043691633544455,0.24161036686939177,0.23466231591433878,0.1963440368540076,0.16096452452843954,0.22415319808328635,0.16907830740924917,0.2531608018256849,0.23963521119375078,0.2662270938805049
0.290366760479549,0.2828442841079657,0.2903908751266022,0.1710215037369243,0.2240898089448207,0.2033180271109348,0.2775782997121489,0.3091585783435748,0.2960565367042853,0.3155648084968058,0.21218482626502722,0.2755623647254439,0.3394462620852736,0.25784011482185454,0.40429383064682,0.20133117890457208,0.20967056339585205,0.3425728208555599,0.26955389302208016,0.23045275557559042,0.2744999498545897,0.21193140984803197,0.18800359284233564,0.2917471040557543,0.2257888237275313,0.29538050926013304,0.20005518352169444,0.29513288865527354,0.25495619090627814,0.36800395611823294,0.32510221903945585,0.2569126715427309,0.39730595734943125,0.2133903515154981,0.2589634854093399,0.07820221385761053,0.08102367889546266,0.27334643391588126,0.2665795743030545,0.08075920313819669,0.15434823459829297,0.18444139055356013,0.24045250836529722,0.40333260834906726,0.6577757476740097,0.21410067305892932,0.1817329610689803,0.3585995569721464,0.3563386072884759,0.2479274017342895,0.28751132253232714,0.25882694100983744,0.2341092503938062,0.25763462347756905,0.31095861092735005,0.20041094735474987,0.2345642254720453,0.29307468470336584,0.21398801754507596,0.1969603980879286,0.2809662493862975,0.1800162891882237,0.24230639472534465,0.22803516210658056,0.0,0.2967022187778986,0.1730846659870831,0.2717828281300335,0.179719488481502,0.29248867207817386,0.2144251982636923,0.236618799676086,0.18708677364663787,0.22155324755691239,0.4452502342694708,0.28186757536948565
0.261342850737219,0.29417307239810764,0.07868805106573568,0.4995375055552815,0.13956187876025633,0.3311738164239395,0.37088951350313054,0.38274801010862447,0.3038832187037695,0.4133436615202684,0.3070724491903772,0.3793946697213854,0.23504298247258865,0.33882145631154165,0.29499053040331047,0.2982563967624469,0.30718907561733116,0.2328770824753805,0.2200225060597709,0.34373186454693505,0.18143815272119954,0.25913012926994167,0.19521720419216934,0.3346968751561611,0.5012414177942452,0.32143496354411005,0.1769465745653137,0.31756979055265633,0.27348352444563695,0.26908071971091235,0.30948894001700405,0.24304710261365353,0.33730847448352164,0.18227448348843095,0.1869566870584567,0.31687123261872363,0.34002290784880806,0.4178361262488104,0.20236697790782623,0.4859451818508365,0.38267676965634917,0.5494747222655335,0.3359872920661443,0.27293180625676283,0.7088008981661907,0.2506738827520837,0.3127985494616289,0.3543374062250092,0.23445132119663542,0.32387282381349597,0.37642007481072426,0.2629632365564921,0.31950198217341275,0.3623632188812445,0.4041934598898902,0.2969981365102525,0.19238775561529495,0.1907829374641803,0.3318540935384139,0.26410058224475674,0.4094713351402982,0.15094367807421327,0.384111368244338,0.31277188032072994,0.2967022187778986,0.0,0.3243074386476178,0.3206761249922308,0.0702642574054996,0.3235744818705166,0.13075670807755105,0.2735828115263919,0.1277613969914942,0.2550514442726903,0.28511569604747117,0.14541779619467524
0.25989799348442466,0.28373329037933315,0.1867438145511756,0.44115026145408776,0.2812622229763119,0.23264700814880046,0.3463620788892506,0.2460977398976082,0.32927120937659893,0.36004985365664144,0.32481638450002376,0.2694109729935573,0.28367792793268454,0.2093874440441831,0.35577196495851915,0.19949970973050907,0.3102467599837935,0.30287176606661037,0.253754807020324,0.2252037628606491,0.3054062466844046,0.2057884028838888,0.22352573547749482,0.2800061443235297,0.2798882027129834,0.36755447439456757,0.1938560234836505,0.25384962660988153,0.23521361499285362,0.19560544776209715,0.3439062652504059,0.18149153570870843,0.5460988419563109,0.1386173122763618,0.3071696090216197,0.4905232662416851,0.3010625227279576,0.38909348472225297,0.2027066707579731,0.5089871862001444,0.495784105834523,0.6084565841965633,0.22155009643089707,0.3674502385764969,0.8362349357712633,0.6658926882197822,0.26779840080503553,0.561418202534929,0.3997419482464939,0.1445385431076505,0.2882927785823968,0.36259183427357317,0.2828484140482151,0.16320943553711187,0.5151910473348806,0.28319311787724505,0.21667743584841045,0.39119265720836516,0.3093469435773302,0.258634349320944,0.3445963159089773,0.15605214500717765,0.26481722272981545,0.23043691633544455,0.1730846659870831,0.3243074386476178,0.0,0.28993188438035006,0.24137569819015756,0.3199979364313043,0.23330106508355902,0.19488629471457564,0.21021859929673448,0.26819423289850436,0.39757041725065706,0.35631988281297333
0.2262711463234652,0.4380989811811211,0.2519538841389085,0.660204255564969,0.22667673030859384,0.24579908670230802,0.5690734427879468,0.36274629906635725,0.2566042617225119,0.2120091705746221,0.30354931685996117,0.2604530543292283,0.44072319396350734,0.2709535711467235,0.2623399868649088,0.3129854978326393,0.2991861166350913,0.29322901643784266,0.23324471464930308,0.22323633074044666,0.3811678302923278,0.21737309792434625,0.3601335383098072,0.24163151121917775,0.47994194092589193,0.3010533327142512,0.16218403518508173,0.36182758155940065,0.3064595919446999,0.48475939249596645,0.31695889194197696,0.43063630699000044,0.4930626750076957,0.3775277003029948,0.4780451403930561,0.6093480264895237,0.5276641106003789,0.4466138836742721,0.35159155899556815,0.6232388369864889,0.6174204858783655,0.7513472309955975,0.3451771026181801,0.5146073526448209,0.9251653487472036,0.6690096315304966,0.2356727548357058,0.5565175738693928,0.2641575011381509,0.4086467506454089,0.37249949708707514,0.3218428270779459,0.3345977687294852,0.4211931475362478,0.5178835887955463,0.3169502357639517,0.3311662075270176,0.3335492031131582,0.2921275212021046,0.17041153415073984,0.3903282268732229,0.2687531187974659,0.40916467886740177,0.24161036686939177,0.2717828281300335,0.3206761249922308,0.28993188438035006,0.0,0.21254760632251538,0.2906792692475297,0.23875673249191104,0.24455091039748955,0.39092896670326616,0.3474680518133733,0.30498019309509494,0.396807507730698
0.21897907206059894,0.26886036708252015,0.45120243722290787,0.6191561016863292,0.26748415978972984,0.4875874088238154,0.5585836316251388,0.3246524928970096,0.3195730967472302,0.28842620967084487,0.12522532593030528,0.3655003632499841,0.4979668458729146,0.3803039639295344,0.27639431844629075,0.10103088353449474,0.2584191376666694,0.1867125147193701,0.2058738463733083,0.252125279426914,0.1887805576783513,0.18377009221909568,0.0869585184333811,0.2683754539172993,0.1841074935794844,0.38620625906825334,0.09898117454823571,0.41790562419724664,0.27392104111090254,0.30183372748903653,0.059729949165512455,0.6032737001712261,0.5770629016189206,0.5540609497189499,0.514165203004947,0.5953830161259429,0.6397893180372671,0.11344525017436288,0.5429437917944654,0.6184355390441711,0.5920099490525208,0.6409400592605853,0.4479036323254368,0.6951346984191303,0.6254657695847482,0.5954261263522463,0.1721251168979763,0.8592636961591513,0.3311342531135819,0.45237175632116866,0.04703583079002485,0.3280812042973033,0.2803723834837256,0.4272437867975854,0.46296341351276954,0.28324984100541295,0.37945223966226416,0.4478000507019076,0.28836382210787576,0.04493146807280458,0.5868882163068568,0.30269220485241954,0.4852842722599163,0.23466231591433878,0.179719488481502,0.0702642574054996,0.24137569819015756,0.21254760632251538,0.0,0.21660367379575118,0.357594592054839,0.2259654145722264,0.5827022546395629,0.2273563016388894,0.26875552728870766,0.5028749534156096
0.14642340995630634,0.23551547448032376,0.25664053360787925,0.7204466682539612,0.19356110254309888,0.3177282232345121,0.47715806105975345,0.38761477617040346,0.16428127849316312,0.20184778259136302,0.33675346264164324,0.2601579427272244,0.4288417400162407,0.3301204211713912,0.2546242606249756,0.3144222931945956,0.13697823961568445,0.33980056947672177,0.2414962823800833,0.2821488042385315,0.20813518631097924,0.2297549248822526,0.2670559812952967,0.216515819588249,0.44195313198584324,0.2720445485971717,0.21599823571461188,0.3433613151098298,0.33034168902188915,0.3378499214086733,0.30475233878969743,0.5242495110229557,0.5794649864350375,0.38857970529649516,0.4453746542743146,0.6503050272288301,0.55970896873622,0.4924013694112841,0.40021429848477214,0.5383540079667897,0.6071199332417945,0.6289908346778923,0.41016332159258834,0.3946145416091345,0.8400065972940881,0.5737727562205802,0.30144129239936457,0.5163500319424387,0.3475200268904236,0.3590916492654954,0.42448832689377564,0.3019895746541325,0.3380748526612791,0.3294860525332751,0.4549773649420628,0.18010259816649848,0.33818445533725305,0.42168043415734996,0.2219573035026749,0.1637168820147981,0.4799100383710626,0.33210939856740734,0.3854143485023767,0.1963440368540076,0.29248867207817386,0.3235744818705166,0.3199979364313043,0.2906792692475297,0.21660367379575118,0.0,0.23503343251093517,0.2069335124035026,0.43791529229060977,0.3184985085288408,0.3150219229228122,0.4105883523402124
0.19786781708690088,0.4548108493311186,0.46190101400999317,0.7575871270734628,0.30562254973824665,0.41893254915920985,0.5777631175881027,0.40213862214374396,0.3180561368206392,0.37815721131938573,0.13497078679270805,0.41944658592858414,0.5462065852944175,0.41454469953231077,0.32525419951142476,0.22570050720797502,0.2514970525812536,0.2965851277120429,0.20023694954078913,0.25752018204196914,0.3005507969812415,0.215518904741243,0.162702624919455,0.3705514481398157,0.3222832240168911,0.4464346203031452,0.09572247166182979,0.46610445291516267,0.3189097290563958,0.29270188951437665,0.2723456983282215,0.5918562086757162,0.6498716360672346,0.5195224955256924,0.5510091423526553,0.7051132530262623,0.6085123925115172,0.1743262391159615,0.5786750238515433,0.7076371445372011,0.897414051776466,0.755938579970488,0.5264367373297141,0.5832928371038558,0.9999999999999999,0.6816634962247564,0.13571027066473887,0.892166700659411,0.3354832931803945,0.5201910029919523,0.37057025260085785,0.35466611335269105,0.3365143364090735,0.5074138059956907,0.5583998736440751,0.2733353621753507,0.4781744584167904,0.49444417161043475,0.37786384848131177,0.11486672437607658,0.7551348872270723,0.4824399914313209,0.5319456974631539,0.16096452452843954,0.2144251982636923,0.13075670807755105,0.23330106508355902,0.23875673249191104,0.357594592054839,0.23503343251093517,0.0,0.13207594112447818,0.6271697624219935,0.2455171825580175,0.31167509992881226,0.6390345621740033
0.24958041294400987,0.29048781229769577,0.15594195978455122,0.5096777756264125,0.23681644416404907,0.21100019749445886,0.1801343959468258,0.31603979797207266,0.22219897168825026,0.25486662201374966,0.24965198833247865,0.2704972713871068,0.1568277247531157,0.17193805300911227,0.18068551848724113,0.28363116597084076,0.18471311585615066,0.23555973695289817,0.2123570121509187,0.14420826549598126,0.2787233402193791,0.23697480394413722,0.20903020266805558,0.2620719953377835,0.2432292675869645,0.26435162878498714,0.16138924680415057,0.2699075730201619,0.15037253602880163,0.17151444036780722,0.2931064914875977,0.21452321446935047,0.37253206977465625,0.16754582071951166,0.26939838408459765,0.37812809235237493,0.3046482978640774,0.37907639117754294,0.3176990846874577,0.30807904398652897,0.47381861181975105,0.5379271001335291,0.15416204339929804,0.17391685372741406,0.6859723491644221,0.4891704933206782,0.17782088138231977,0.37262154036929873,0.4022272434651133,0.30299035552970266,0.2365875183361208,0.321962528492879,0.3793005855754188,0.27844063648233935,0.2330919968098624,0.2006019303323473,0.2688466920615939,0.3469180853795028,0.223626047285181,0.18784511870046539,0.28389335652274256,0.1748802910788301,0.28972361256352014,0.22415319808328635,0.236618799676086,0.2735828115263919,0.19488629471457564,0.24455091039748955,0.2259654145722264,0.2069335124035026,0.13207594112447818,0.0,0.2247634639197087,0.1903807451538626,0.2710230453199476,0.31109000560754213
0.22372497583164222,0.5282161187033709,0.5002870989263731,0.8504696476926749,0.46391035910812584,0.5383691732978035,0.890940217241263,0.3957963867470615,0.5388916434168571,0.4692430034905655,0.19991792945471656,0.5019926148070185,0.8877334129128136,0.5456237131592974,0.26266936043946404,0.26437708629038115,0.3833332369927319,0.3573510022844734,0.2493758444554156,0.28077690309467274,0.4283515125642537,0.22806672790144983,0.3988406081977217,0.5264680992568974,0.3496444872272367,0.5800165126207949,0.22116239785831537,0.7337914001872744,0.43383989688953445,0.3473522861184683,0.28599043233335536,0.7603341980508247,0.7017461398460706,0.5140411777778174,0.45102468748413377,0.9126467466631434,0.7108161731047076,0.1495016491694302,0.8243783265186433,0.8366029568065965,0.6316752326514966,0.8161132947013987,0.5777054112467958,0.7678277851988284,1.0,0.9999999999999999,0.23288831698939827,0.872317200754535,0.44752244748194847,0.7089216791550155,0.14235814804560182,0.6598421891815374,0.24541037092636137,0.729414187146553,0.8368999226218096,0.4129245780702207,0.6817585629278834,0.6056531328912936,0.44079559716412836,0.278868765265508,0.8770685154164417,0.6382135831484724,0.5720325064393378,0.16907830740924917,0.18708677364663787,0.1277613969914942,0.21021859929673448,0.39092896670326616,0.5827022546395629,0.43791529229060977,0.6271697624219935,0.2247634639197087,0.0,0.3261437482015871,0.2800997551123271,0.777639916397558
0.24420343922790108,0.3123146718576445,0.14756539952800077,0.4746560777730782,0.3416148997743269,0.24402596856378841,0.3301803605531493,0.30185256637315516,0.3536218981117175,0.3372161057509137,0.21266376888858884,0.2905142045679867,0.28941497947697314,0.3395017200530118,0.2705477661965409,0.29044582014223647,0.2518812045571173,0.2927396195039247,0.19558794480613687,0.22980316972556922,0.3031724303930369,0.2438853717456935,0.23184493969410047,0.24340029744962138,0.4442521549984425,0.27966610584660595,0.19591481563632698,0.34725241626912107,0.22410404042155202,0.4327467148289335,0.24740485443052343,0.3899485715821422,0.4637786285694098,0.09910723306018211,0.23705475727631825,0.47910385876442063,0.42878367345606877,0.413572017686911,0.21209871799108473,0.39141872259831784,0.41488961753175413,0.5956397259580255,0.23837611049510832,0.328276843637627,0.827848434704063,0.39874798019769103,0.2702532132288325,0.3963277258855396,0.39988100156012546,0.26487763557092847,0.3565687671078925,0.1151040164551759,0.36328521114223833,0.2321946564813337,0.33968963205309494,0.265287041292076,0.17137080736583893,0.5450479538078867,0.38999170203747036,0.15656752390726308,0.1934962222750593,0.14547055399326816,0.1901875525355621,0.2531608018256849,0.22155324755691239,0.2550514442726903,0.26819423289850436,0.3474680518133733,0.2273563016388894,0.3184985085288408,0.2455171825580175,0.1903807451538626,0.3261437482015871,0.0,0.25850923304733403,0.3028957008593795
0.2257451271462334,0.41336649812728754,0.3019066681221416,0.32231953617801157,0.2785897209434952,0.27991090219320225,0.25456896277753976,0.4186705424010903,0.262958991294615,0.14355669933395773,0.3496119052676128,0.20689761545685284,0.2280349031357301,0.2740385426665146,0.22570331932366336,0.3028115438598417,0.1726496874602117,0.3834061435793786,0.24282173092392775,0.373358803545908,0.26565872106009025,0.30448864648840696,0.20255663053545972,0.2202730786399939,0.28981906030878235,0.2272389454227008,0.3970676121562576,0.2859066348780486,0.2520957925110298,0.2576271789239966,0.30303536114368135,0.12281561925152035,0.25700496228185105,0.3877804099231997,0.27999402577270427,0.3391422795474983,0.43457594440998404,0.34273659442747645,0.2591568947741132,0.25447634280196746,0.19939614442103973,0.18505132915485129,0.22185590765897256,0.1644306756694955,0.761936589378808,0.43001434005829536,0.4468119635634167,0.3887285388188083,0.19344177177026758,0.22167692205529865,0.2514711262064983,0.26498942178873647,0.218363459200918,0.22386279489392608,0.2522716674066869,0.25905342107427176,0.2159821425245595,0.27085187445857567,0.22164243941034137,0.3701265323257537,0.2979179801476234,0.1777133693858576,0.30913177588497626,0.23963521119375078,0.4452502342694708,0.28511569604747117,0.39757041725065706,0.30498019309509494,0.26875552728870766,0.3150219229228122,0.31167509992881226,0.2710230453199476,0.2800997551123271,0.25850923304733403,0.0,0.40666233679612385
0.20880979994999935,0.6180037153660627,0.6828137183329065,0.9933033140522816,0.3509204377365595,0.6132423222196649,0.7413817754374643,0.3182957460232568,0.5756976242604719,0.43148797177821274,0.1949045405207883,0.5324825614353675,0.8373943401157421,0.5286970967121367,0.23868301875078643,0.3433925661652963,0.38171981997850596,0.38857294919235685,0.2920468576208435,0.2069313738957408,0.39133704594593827,0.2631801228617458,0.35560956416334094,0.5838788215278019,0.39199973805287497,0.7094943576031479,0.3398455530250421,0.6037606493122203,0.556250698202249,0.340811624967938,0.13445074816216696,0.7286627982662374,0.758255099003948,0.5559078804035662,0.5861940985963252,0.9999999999999999,0.8590157387362599,0.21852073490355373,0.741195543450972,0.7345727091632372,0.8077871097115533,0.9256898883690949,0.6176708254214107,0.7761815118508566,0.9999999999999999,0.978571629504946,0.2668349017395807,1.0,0.3431595606113038,0.568696873770717,0.22160377225359312,0.5176541486439775,0.28411618526269633,0.6598331726328615,0.7164678600934434,0.4638496575772544,0.6209290939311718,0.6313270748306254,0.3940863365596875,0.17248708184414083,0.9353446881771301,0.5661327048090222,0.7025662389483205,0.2662270938805049,0.28186757536948565,0.14541779619467524,0.35631988281297333,0.396807507730698,0.5028749534156096,0.4105883523402124,0.6390345621740033,0.31109000560754213,0.777639916397558,0.3028957008593795,0.40666233679612385,0.0
