0.0,0.2652557192082944,0.6953717083877291,0.3410322030223048,0.7433108544695591,0.30432623158851857,0.6588058944726807,0.5142482340687357,0.690940137927524,0.28054182043827003,0.764071852914817,0.14127371540468958,0.6012102188781789,0.4522155034077237,0.6445349760009019,0.6300351176573795,0.42065610990422336,0.6271786828785384,0.7302682238635857,0.7117609604118227,0.5524892490368811,0.697760516856738,0.48850569791714155,0.2466023775105926,0.6204856029808663,0.22223498725930568,0.6532664421908931,0.633961673978566,0.6494639587739399,0.5599302994402336,0.7033672437543574,0.5496073249050196,0.3742639743725161,0.18533819871351886,0.6993628580717213,0.4090489125070469,0.6158091800638241,0.10928240294810787,0.5968854187705058,0.41002499741533194,0.357948419035832,0.4872210133051116,0.3811430305140395,0.25164951785652456,0.20154288494096106,0.826116403627653,0.4071742295879536,0.7214709689624843,0.3010028149248808,0.7457717301784357,0.308399467117883,0.7231985111795372,0.5333676356823636,0.7402440295981336,0.21898176069832487,0.7877588887896012,0.13122281048518314,0.6926596647724079,0.5474579130328536,0.6252156970844638,0.5525657925723627,0.6828438958485836,0.8102790691506059,0.7523777195805915,0.7471185855378724,0.5819787819603106,0.8019590737536731,0.48942913776382563,0.1406721539542376,0.6561822505576635,0.35196292024234094,0.6596869293209042,0.5913816573841187,0.7122417339228128,0.7421602989951253,0.7676730985302516
0.2652557192082944,0.0,0.31675792892730414,0.5051359534932072,0.33132294722911243,0.8734378692711455,0.49781100791389965,0.74859941047422,0.3014053508038339,0.5437889304857048,0.3465409811196549,0.41010161387927524,0.6186643084145634,0.5942474902565257,0.3485349381764796,0.5512509625882585,0.6323057791646093,0.45942749870833344,0.30625046227129743,0.1820454892283827,0.5950819609053231,0.34647241836582876,0.7029044738882931,0.3815022360857772,0.2667047030128448,0.7078766619577905,0.4616978057093929,0.2524493640782181,0.48280221388823297,0.46001887627648097,0.3314972398229704,0.6439049312453329,0.6308585256876096,0.47090737134058497,0.4133615973099444,0.6155261702184905,0.6172928812241925,0.4580261652758846,0.6829329132807558,0.5863072588798,0.44946147956626886,0.5217392141291368,0.5287989317050853,0.635235855463941,0.39930886731203796,0.3294785952757303,0.6418514153403353,0.1706752047351059,0.4334500029413062,0.4564975156520417,0.7158580862516337,0.3336100491738131,0.6240683220516374,0.3746311448591929,0.5154886441851303,0.19120111250423155,0.3480046347088306,0.5213966194353649,0.39408948767060437,0.4020612281118098,0.37809453152172695,0.4143641297875793,0.36604785546735485,0.34694352021875374,0.17292554465665277,0.4534034666414922,0.3002654990293059,0.5026601245874512,0.4988286031348138,0.4044880507569194,0.5496256266191637,0.3954474692390365,0.32979481954460366,0.38311390030683967,0.3518674352003376,0.3477559876065839
0.6953717083877291,0.31675792892730414,0.0,0.21303149566894447,0.7073987943145539,0.1382124993722299,0.47889441259366233,0.4783494381052534,0.8963386510520579,0.32578521590254605,0.8686898082325555,0.3040426567522957,0.2640522531708116,0.7006717416523601,0.8727679521476204,0.34598652777219785,0.5157393548886274,0.3535707390849653,0.713591480334936,0.936869706556582,0.6746324730546112,0.8434276051787131,0.5435905825905224,0.38382297617515765,0.4156049140000825,0.39775711709589695,0.6954613818430393,0.35256022398641773,0.3331588978038289,0.6805702655861715,0.46455436311590115,0.4322482297441824,0.2261864735814216,0.23843662748718406,0.4210865629793691,0.594014226100892,0.5207607737580237,0.3581838095588171,0.42727346249484816,0.28205150127035883,0.41486974670808624,0.1759154921594248,0.5320784536945481,0.3764830434558911,0.29605438488561864,0.6761945678805457,0.2901429585833858,0.9364413182447713,0.40799868024770647,0.8623776198661153,0.20371850560792143,0.7752346371244387,0.5861773561163894,0.9768766513016988,0.11002359405006523,0.8565184759406179,0.22102099836670336,0.31694533249778095,0.617834583281323,0.875137830585917,0.4166030981057752,0.24095044265891752,0.5357375222043911,0.7810727538106933,0.8649842813536055,0.6841068928000585,0.9195586097035957,0.46373506181130253,0.23997297962321773,0.3791507567761622,0.30029351167825596,0.511779255220665,0.4777052100105936,0.36178779349520473,0.5499553852109866,0.4913604737913889
0.3410322030223048,0.5051359534932072,0.21303149566894447,0.0,0.4680948478659713,0.5929922330874036,0.5670280929497935,0.5614157705708644,0.30007385486249827,0.5189272506920476,0.23031542539086142,0.6575391553310069,0.5176521473022053,0.4649506988024137,0.30899538602707244,0.29573666863602865,0.32499123619607867,0.30046613200647165,0.12910340595035597,0.2210030740599696,0.49314940414325487,0.1812519286711188,0.37269172743798706,0.5952749342807574,0.5359068595061217,0.3592135119438732,0.4233533973047524,0.3247198348482967,0.4829327869840331,0.08970530247251368,0.3565182275786285,0.5816518562819508,0.45061927170670013,0.3473828141678661,0.6400107299744998,0.6224853007353749,0.7499632227204965,0.7318244741695307,0.553247249642133,0.47901857734135,0.260166667807822,0.5679045731392257,0.3644119230054398,0.5551143749811371,0.7443396477606664,0.27882013051596705,0.5053712629044592,0.08796688898090621,0.668475144440295,0.5238652536206905,0.6374667017544101,0.524899576144729,0.4989823655155473,0.34885390705955055,0.7206832291989003,0.17059044684439945,0.6566064413389324,0.4569872475962513,0.6713121778358289,0.27279790539116155,0.4322367994642466,0.49905553246356266,0.26884521760951796,0.24377936734212968,0.26334357459441526,0.4771183731827677,0.11242187299425183,0.45013062824667555,0.6789369500706849,0.5076052573722253,0.7327548327294363,0.31716568705432224,0.35213295865484484,0.44130594960095265,0.2925416463553123,0.42485550687606655
0.7433108544695591,0.33132294722911243,0.7073987943145539,0.4680948478659713,0.0,0.21227635177651344,0.7893847060729986,0.34783339844628425,0.5813942096125831,0.41288228458365905,0.7279380813152238,0.08794306417858094,0.6095361988835082,0.5130304564501073,0.8727215720689538,0.6182819521915508,0.47195508370388034,0.7010667296237842,0.4689203109070747,0.9280584567707597,0.7625832599907343,0.9701818066330645,0.49064731624471125,0.15124183459144103,0.6893401416984193,0.32047652977822033,0.9966237068024273,0.550740741237916,0.6597997752254854,0.6086127211681541,0.7580941164842854,0.5715111784053166,0.13562919571666987,0.42808373668832034,0.47455468627238456,0.7566447726350441,0.5228254878654839,0.2251348204762854,0.4778476349806108,0.28885539249498576,0.4440129748288114,0.21349002070557513,0.41035111810714864,0.47597227663737324,0.3805883877179115,0.7151584254485444,0.4524734712973837,0.7823134139229191,0.4860777791668908,0.7788793579799546,0.33042480189016016,0.9255288653542448,0.47891487560192353,0.7567998799724983,0.44598893623439706,0.6909606792480852,0.24875273170950427,0.6827030198522374,0.5432785952981151,0.929417588123084,0.6850626737113521,0.476653237938694,0.6842855587029952,0.5375637692631396,0.8929128433564035,0.7338524942364005,0.894385397853189,0.3768712672660927,0.2720519141602415,0.5949617870412297,0.37609920529272206,0.7739046585918196,0.6170673972439199,0.7701102604057775,0.6612343943363129,0.7412983317423203
0.30432623158851857,0.8734378692711455,0.1382124993722299,0.5929922330874036,0.21227635177651344,0.0,0.4107403234506885,0.8603163524856235,0.10330313583354639,0.7431399867219798,0.29408247973097623,0.6946037678064043,0.5343431832631236,0.6335897639905941,0.25145739324777044,0.6307241577839028,0.7456583644365933,0.4946614582125305,0.28318191145713745,0.13664706527129677,0.5842680085994649,0.3026028279534682,0.5645371672164949,0.6303537881491226,0.48697675402717844,0.783023706098699,0.2733425840264825,0.24980187178863453,0.49989776475392306,0.4003748847116519,0.30963947391165725,0.8596197750545009,0.7130076857482783,0.6017669689320214,0.41094014666004747,0.4694564724797987,0.28543803286861147,0.573812209003475,0.7417237511867782,0.7570294850404227,0.5316362467259516,0.5517068912575466,0.5349322239924462,0.6365885465595538,0.5445873077080242,0.38172321750876875,0.7173051096419482,0.032271923649104584,0.371685867171879,0.34622964138790885,0.8355103051278306,0.29123629391259653,0.679257629805614,0.19779095500957583,0.7696150599643933,0.16571655776097605,0.6096695090831552,0.5952381213416073,0.5327610989925273,0.2797732789958657,0.39307433477368586,0.38593910927319613,0.4765076354558693,0.22906298232434685,0.16669810254860162,0.4802895330478154,0.10461338939550113,0.5749712586538174,0.6376134349696478,0.3750736336809095,0.7173071138179675,0.3103294736519474,0.39431451663379735,0.37230956838106816,0.5939671673924376,0.3106994846636846
0.6588058944726807,0.49781100791389965,0.47889441259366233,0.5670280929497935,0.7893847060729986,0.4107403234506885,0.0,0.552670720142679,0.4145001657667597,0.551696871500902,0.4873590067121534,0.09513666947823973,0.9633351745067622,0.5362478601535708,0.7838293439805042,0.6979041628247472,0.4931703449460698,0.7841964740624264,0.2759166265486787,0.7238691261536012,0.8086278303894394,0.8817821471866927,0.4906957878056734,0.15210646783332543,0.8340381300535882,0.2501213278713263,0.8549529981784538,0.681124302343716,0.9302950422002464,0.47922064808543335,0.8708248152239426,0.6333187868703111,0.20275918003649157,0.4416521499511518,0.5593864300762398,0.6097974047369213,0.49567036618240357,0.3775681718631943,0.5509703690926038,0.2709899504306852,0.3951253326155312,0.4372975332893495,0.44992411627707046,0.6353156452589565,0.4690801616828226,0.6417304883457259,0.4775599689231286,0.5087059382141259,0.5999923434456859,0.4246691763522255,0.17085185130729208,0.5216261296067757,0.5193563745189358,0.43797542984955906,0.4570053101494058,0.5742996961956459,0.3593427325700401,0.6595264734526716,0.42520255351499053,0.7478608233177025,0.8614095546036638,0.567372756886342,0.7379050763186548,0.42311262237172464,0.7224775938061537,0.777037563949614,0.6860631714513536,0.43785092105300893,0.36783209094346936,0.7808203277975712,0.43607292193536534,0.7737182408352976,0.7695789414418315,0.8971709429499097,0.6951169704593689,0.8240106746356898
0.5142482340687357,0.74859941047422,0.4783494381052534,0.5614157705708644,0.34783339844628425,0.8603163524856235,0.552670720142679,0.0,0.4131556242588653,0.5833456517905671,0.4443508848746067,0.41742905108135686,0.4419287796530557,0.7096911138750575,0.46239126748222575,0.3493804148325409,0.513025570173381,0.38756630891263677,0.5765911851499559,0.4289676239996015,0.7839701431905746,0.4142918325372575,0.7312626366672164,0.6795505296708999,0.6160540101202241,0.7322112396605525,0.5293394374306364,0.18968877406120693,0.4991750619084446,0.46602947880056433,0.33620876057327576,0.704341194900267,0.7114211129481293,0.4003841201592489,0.4341455616010677,0.6418898616495778,0.5040787304010397,0.5602746931222237,0.6967847966334593,0.5990407011986065,0.3975304291199989,0.34431673920280975,0.6581675084353308,0.5185943038285519,0.39326201871694777,0.45624631354446266,0.6328875492389862,0.49160026894732056,0.42466671080521634,0.41006448286707686,0.8328072521501128,0.449979075522972,0.727128084033082,0.41932217530645954,0.4691832416335893,0.4172003659375584,0.39823419955755446,0.44470968270447164,0.4706745689335057,0.4610307780191656,0.3755919888811751,0.17884176866642182,0.3626356115839463,0.6488796679672904,0.34820522205564153,0.7060304369860081,0.2593756807479034,0.6511887376940964,0.6238836247576529,0.4432878149505808,0.5920301697201267,0.3282345234812473,0.35876784833048525,0.3390780221561952,0.46544857782251386,0.3635042270309779
0.690940137927524,0.3014053508038339,0.8963386510520579,0.30007385486249827,0.5813942096125831,0.10330313583354639,0.4145001657667597,0.4131556242588653,0.0,0.3818835158851541,0.8845657237192439,0.31740854505029825,0.3422570865409319,0.49987991562727585,0.9053813487821614,0.4488096640978186,0.5053748886252099,0.4467351384201297,0.6431636625422186,0.989715291333455,0.6855054748212628,0.9672199547593208,0.47423712409534585,0.25573152426781726,0.5638512602328698,0.29421962126072515,0.8090179536417667,0.5836152378879028,0.44184334390942087,0.6006353408138905,0.5593928352037206,0.35670098946633777,0.15424081659569344,0.1950754460150277,0.41217333551571067,0.5583391963586873,0.35305590616242627,0.25718384981459064,0.3453285898408973,0.2650742910123511,0.3680234924766501,0.1240151609754806,0.3477922167942429,0.1989514035058324,0.39484006977391156,0.773822983645452,0.3755070097627718,0.8890743670449486,0.37084360792173343,0.9074788489754253,0.34764255627021645,0.9717120638050467,0.6196914136047958,0.9461292532462869,0.2762118658372959,0.8877015414127931,0.2823998223248013,0.5721990857664502,0.5479143183832722,0.9432622631707925,0.5327538777688446,0.4690444468717905,0.6366180933191689,0.7816618666347283,0.9950019695601608,0.7344903684838773,0.9526862691650582,0.5210976617540019,0.36076128455207523,0.5665099273277991,0.4129789860812495,0.6920837522519117,0.6974426890034833,0.6214769481008438,0.6035220276875508,0.6763287050083876
0.28054182043827003,0.5437889304857048,0.32578521590254605,0.5189272506920476,0.41288228458365905,0.7431399867219798,0.551696871500902,0.5833456517905671,0.3818835158851541,0.0,0.4235449929174534,0.5809436009439725,0.7101440846278598,0.5876992102384251,0.5936020570779421,0.5807117279137556,0.7731394444726525,0.6042883182416827,0.16501672121405558,0.5836945173484325,0.5902382838191104,0.5482444563170373,0.4624077253253474,0.5417599759197371,0.5357379986519197,0.4513074151696097,0.6931535155772589,0.6753824843106117,0.697904347716949,0.467611859080612,0.5671054761345963,0.3530538748933046,0.23295572787025656,0.4603353811308676,0.3686378307163632,0.6215477322106877,0.504348610778812,0.8045062744628521,0.3487147424849373,0.5062360703762101,0.3870047412553429,0.37425637325413014,0.6638755626643779,0.7611824004611158,0.8027183600847726,0.41507588623142927,0.5108416124714114,0.33614912819989984,0.7053008479590097,0.40630718164582713,0.623797268054974,0.48096706503875436,0.48027369579552753,0.4408056894347073,0.8948919304675402,0.3269723097167777,0.855656504696569,0.6594119842745292,0.5973445572622612,0.6153199189001368,0.5259273368915768,0.5243081969064406,0.6460875152404684,0.14217431394814978,0.5409189567030193,0.5308202621363801,0.4446490827093064,0.46781995547319233,0.7616441487909027,0.5011878403295754,0.7084426976780609,0.5646889993083674,0.6785039039866443,0.7138865571110468,0.5590068243439876,0.49013257403992505
0.764071852914817,0.3465409811196549,0.8686898082325555,0.23031542539086142,0.7279380813152238,0.29408247973097623,0.4873590067121534,0.4443508848746067,0.8845657237192439,0.4235449929174534,0.0,0.26374219914976416,0.38926544508484634,0.6401577485360932,0.9901519980977462,0.34396176072501466,0.4980454992773722,0.4228607094577232,0.6667599814871855,0.9463754612187689,0.6504959857255779,0.9044877404800042,0.5916981164829864,0.24252620749251205,0.5761335917841609,0.3247134583542723,0.7116775337748047,0.46934240829640883,0.3969122069279929,0.6439589426805661,0.4108203369712517,0.42003333460942227,0.33604309194988624,0.3526247816990679,0.3684401926627842,0.5924525450239034,0.5119628065860843,0.24764858492963154,0.4871019575912273,0.321106582590288,0.43384996672767884,0.14501583415839125,0.49456012925646,0.23406023031488105,0.26799560808410183,0.6976958086846311,0.36131619348221466,0.8860693515278895,0.4338727753164608,0.9081882515559874,0.2574594522088416,0.8047422577631158,0.5916074671279342,0.9149145089405049,0.10737384005724226,0.8941269091510918,0.15653879892644113,0.40001611302300066,0.5718557657619053,0.9062593488390558,0.49258516631128507,0.36866196291038544,0.5890149114964671,0.7284307267181317,0.873261096597403,0.6380684274893136,0.9344892429351124,0.5508806819781402,0.22907921091759254,0.500400043388067,0.29391843745909496,0.5382466813522703,0.5839504889770438,0.41949977336547944,0.5232095334074224,0.6070334868477645
0.14127371540468958,0.41010161387927524,0.3040426567522957,0.6575391553310069,0.08794306417858094,0.6946037678064043,0.09513666947823973,0.41742905108135686,0.31740854505029825,0.5809436009439725,0.26374219914976416,0.0,0.35613812725191524,0.5620513234995069,0.24548285655857616,0.32292925498939196,0.3722543078852123,0.19058491249139037,0.44611295095543657,0.24298942395901899,0.36286191782506616,0.20051544119928028,0.5049252054621834,0.9226109865267973,0.028799947897510447,0.6091961399158506,0.30594295215313894,0.19006941803257288,0.2741129802400516,0.19659656677394138,0.2638853851488384,0.40674816644422085,0.4474271879890833,0.3648332256472305,0.48905154124928674,0.5395641647014706,0.32293866149294437,0.8829247182714033,0.34142478129247644,0.36194245503730166,0.13949358599458173,0.37503057188963074,0.4297179491048996,0.5004130967238574,0.9141389393738635,0.18226628445447945,0.2869340600682605,0.29937754071378786,0.5858417801001184,0.28332686055104833,0.7354033810895565,0.3732203761128303,0.3274895807782593,0.34582199116036555,0.6112188663326825,0.21579678564738874,0.75938153454181,0.15433507712966166,0.6268038833571014,0.21641355518760885,0.1253283836466786,0.2745234995588617,0.2439437204544241,0.4086207185606173,0.2938560718841934,0.24954605217209289,0.11801372023612733,0.4622585372880243,0.9418062726601264,0.05837445170190764,0.5056109539848871,0.25334772394066235,0.17372708012513577,0.2510217724894297,0.2042252100083336,0.2380580313357062
0.6012102188781789,0.6186643084145634,0.2640522531708116,0.5176521473022053,0.6095361988835082,0.5343431832631236,0.9633351745067622,0.4419287796530557,0.3422570865409319,0.7101440846278598,0.38926544508484634,0.35613812725191524,0.0,0.5055241271701935,0.5052892519087935,0.7812024749880424,0.6825283690787209,0.7135899315941098,0.23430160868284916,0.5386744959537734,0.859948077407168,0.6047183501284896,0.4766787842709591,0.33517460098904833,0.8996524580446177,0.42044985681182123,0.8011769827684179,0.6433237698659194,0.9250785247917093,0.6611755210824654,0.7586675265572937,0.6653359135571356,0.35341510391427444,0.5431775917399684,0.5964896329726849,0.6364139501914604,0.4479658082187075,0.4649474127612341,0.6217701508446979,0.5374613110466676,0.639140898248453,0.42988962477597437,0.6207188094313651,0.6091644621346154,0.5352174152344386,0.6798938502462926,0.6848659280382189,0.2407842227943261,0.5233713797090306,0.44443850306623073,0.5914422656232776,0.6157546891517951,0.648692023653478,0.3308244654267486,0.7202804084176068,0.43311968122045613,0.4117758728708838,0.837050311687228,0.360937283764959,0.49774679371983827,0.8621498356329332,0.5796458734980765,0.7535325170010816,0.22226529678607732,0.6050442140504566,0.8659214764692352,0.5006804423572548,0.40588300066594163,0.4466850047970494,0.8492928972954294,0.6857291019481043,0.7124785268834432,0.7523029170566409,0.8789787046292504,0.7765841894885783,0.7557385290878412
0.4522155034077237,0.5942474902565257,0.7006717416523601,0.4649506988024137,0.5130304564501073,0.6335897639905941,0.5362478601535708,0.7096911138750575,0.49987991562727585,0.5876992102384251,0.6401577485360932,0.5620513234995069,0.5055241271701935,0.0,0.6457554373133988,0.4748686268860044,0.4594889188782394,0.450700381601166,0.7562187535426148,0.6171475493395513,0.7590945066383376,0.5882790187411763,0.826727501771109,0.7395150493740377,0.4543005002387765,0.6135612970752691,0.60285830439477,0.4327435907254434,0.5035904746356298,0.5439326868170585,0.3655644657403144,0.7222537385564025,0.5092076920061787,0.4662057800348954,0.49347423344859465,0.6697866980297232,0.5896956626751271,0.6318557510241324,0.5745196367599732,0.4320008574626776,0.45377085859182487,0.48453750473268087,0.5418434330917554,0.613527395908086,0.525330493973665,0.40176962416279455,0.5382128507154323,0.6879035029642406,0.6087382981226191,0.63368664207593,0.641518465367454,0.5867675576041318,0.5285213691754089,0.6213510059637541,0.4621872329004223,0.4516940503186133,0.581894528669296,0.4368780879024452,0.6752806357820625,0.5687298706682447,0.47728415587542156,0.15920644578819745,0.5047079843822889,0.7735538096461723,0.5143473337115196,0.4728932586515144,0.5222572941222043,0.6914607443046523,0.6696229398650495,0.2559450427938635,0.543076879666666,0.6108909399316496,0.47507184082292986,0.4734751054207028,0.571029774600539,0.39716837777246555
0.6445349760009019,0.3485349381764796,0.8727679521476204,0.30899538602707244,0.8727215720689538,0.25145739324777044,0.7838293439805042,0.46239126748222575,0.9053813487821614,0.5936020570779421,0.9901519980977462,0.24548285655857616,0.5052892519087935,0.6457554373133988,0.0,0.41440335451895394,0.6336013514111637,0.5612712373174948,0.7934500939061092,0.7588050422009189,0.4840449817609511,0.882139331814475,0.622977245200869,0.12460295706453217,0.622852762253942,0.38306185422273153,0.6798080040556413,0.5742268697009698,0.4061013718344746,0.6101523601314033,0.6463693146079202,0.43727071721885924,0.13913156367624668,0.4839779614185147,0.3606166626868711,0.6324335951320326,0.7812823832614393,0.22190725637332515,0.48867705343119544,0.329588845337273,0.5128722736166456,0.30648744553764495,0.5670660069338255,0.6398162713257417,0.33662678413078984,0.6202773517386353,0.37899996089273774,0.9546207697627757,0.47518076546804344,0.862280825857342,0.30184739033594365,0.7484173724517194,0.4891582275075632,0.9420177267931342,0.28651990451974874,0.9486995444393638,0.30282123982035547,0.4586602500403361,0.6292659486651224,0.8763659240529418,0.47651553514361783,0.5129410819311628,0.6501488028396802,0.7811343461925759,0.8468898776828286,0.5128799121659489,0.9067417121254417,0.5623980322545103,0.12473889034740632,0.46530006609768493,0.17768082587938744,0.5920744426404533,0.562367262538652,0.5825566320269269,0.6089302970476123,0.600658767325858
0.6300351176573795,0.5512509625882585,0.34598652777219785,0.29573666863602865,0.6182819521915508,0.6307241577839028,0.6979041628247472,0.3493804148325409,0.4488096640978186,0.5807117279137556,0.34396176072501466,0.32292925498939196,0.7812024749880424,0.4748686268860044,0.41440335451895394,0.0,0.739843570204152,0.9609097289124165,0.25899297564282253,0.25295581134549033,0.4059108912121787,0.48577594016768416,0.4272371775945258,0.24902752177855647,0.7768019023275076,0.47836653465175455,0.6106188756090707,0.6863095646565852,0.8981015637742253,0.5076452539032429,0.6660394012181083,0.665231197323749,0.4205356287071905,0.6323746997727331,0.6077221850943912,0.28201821680697065,0.5699375607128775,0.31533370842957453,0.6301144133442791,0.3472377170308043,0.6055722817468621,0.5272271808539926,0.22108751607117402,0.3638011723869677,0.3520640928765552,0.5848124099731764,0.4803228721607532,0.3426122652784619,0.33267970650937606,0.4702121587810694,0.21593351932847404,0.5630907752459573,0.27408434325293396,0.4513008319200608,0.5119430102436899,0.3544719954822855,0.4390439862658961,0.5855574647014159,0.3869210661679823,0.250795067049815,0.6580708093347112,0.8233980014447857,0.9067695905044258,0.33752686809153004,0.3706330651641369,0.3539162983083518,0.4423787951725343,0.34452610620860813,0.28512143474012874,0.6456293417774467,0.3077871628684654,0.4701556210613309,0.450071207487727,0.633163265402781,0.641778448234748,0.6659728012927059
0.42065610990422336,0.6323057791646093,0.5157393548886274,0.32499123619607867,0.47195508370388034,0.7456583644365933,0.4931703449460698,0.513025570173381,0.5053748886252099,0.7731394444726525,0.4980454992773722,0.3722543078852123,0.6825283690787209,0.4594889188782394,0.6336013514111637,0.739843570204152,0.0,0.6367299498527297,0.312048874968,0.5119574748904349,0.681593684433536,0.5708131329559492,0.45865882428631943,0.5009150330578966,0.6375280112140821,0.6842462213108529,0.7465015817399095,0.6043774385489289,0.8245717814435709,0.5902135080752091,0.5426976576253691,0.45312086831381865,0.4390919810787175,0.3982331138991259,0.37460824624115635,0.6157917461580841,0.5204451071238988,0.49836765239608183,0.490398952550012,0.3376340919158798,0.43308122827174744,0.35187071945379866,0.6399984499817372,0.5930818323667479,0.4877961037957705,0.4906671681653142,0.43400190912315145,0.4594479534590422,0.5367535099720481,0.5292986979875665,0.5440209734954464,0.3634649242320853,0.4932288897723955,0.4374336476521505,0.5225555314745717,0.5024486360175088,0.4175593329713058,0.6694028010420188,0.4557100393969113,0.5991148789986582,0.4200548378636078,0.5557187197460612,0.6599467972835578,0.24423825678739897,0.45730977142162016,0.5564599134217819,0.521720574846395,0.49459652283570993,0.5487197600062745,0.572138711845268,0.48357633523580534,0.4563878207301122,0.642004338862695,0.6209195352156912,0.5059225224498566,0.6086897716585682
0.6271786828785384,0.45942749870833344,0.3535707390849653,0.30046613200647165,0.7010667296237842,0.4946614582125305,0.7841964740624264,0.38756630891263677,0.4467351384201297,0.6042883182416827,0.4228607094577232,0.19058491249139037,0.7135899315941098,0.450700381601166,0.5612712373174948,0.9609097289124165,0.6367299498527297,0.0,0.25427004854648977,0.4181011991081086,0.6396740601061198,0.6929877909385795,0.48484707678182976,0.22421057712755207,0.8130907696653372,0.45029929020678006,0.8084453711329889,0.6263055695802514,0.9872597490883952,0.5680579641769016,0.8567641177388291,0.6319763289693594,0.27834483005156774,0.575177291721303,0.5967819199143874,0.32051363468340127,0.5197810726940479,0.29020171932659955,0.5959308157229805,0.40665104002052044,0.5825786416717175,0.43017437409957787,0.2026661438446882,0.2961884689295664,0.47209893707254635,0.6157318298910405,0.37482104589800946,0.4069624452509934,0.3757205370787402,0.4726996779075205,0.1757950475840264,0.5164884305953248,0.33706813606424424,0.3488273038756309,0.47813184432105005,0.3797090678398357,0.4174112824692365,0.6104311913254439,0.2992700405246834,0.4433433340979583,0.7609918573571762,0.7954350287471745,0.9570308078689408,0.28317426300551984,0.44550917067840146,0.563283663616371,0.619482662605091,0.3752713131973818,0.31538274379676645,0.7276324493093957,0.34950224858763984,0.6230755951607988,0.37737066506117817,0.7577736191752427,0.66478933386641,0.8270006934606782
0.7302682238635857,0.30625046227129743,0.713591480334936,0.12910340595035597,0.4689203109070747,0.28318191145713745,0.2759166265486787,0.5765911851499559,0.6431636625422186,0.16501672121405558,0.6667599814871855,0.44611295095543657,0.23430160868284916,0.7562187535426148,0.7934500939061092,0.25899297564282253,0.312048874968,0.25427004854648977,0.0,0.8114222868577529,0.5790625030047833,0.7673589218404049,0.6100458445067191,0.4563041774804441,0.2811387651040651,0.5645380962315372,0.5354422944102575,0.34942965605328696,0.2292133392441445,0.6238545727959236,0.4102056218535671,0.6400269178437212,0.4153272145933048,0.3498033942447998,0.7389887066752338,0.5105369438227636,0.4256748301752815,0.2445924332531263,0.5722479625662524,0.3396488676676348,0.5852077993477233,0.4816549002275538,0.49030774759737616,0.39716174857697045,0.25699846709095364,0.616749108836241,0.23951423559418306,0.6964005732312584,0.4293065293037508,0.7117065943885249,0.27312806608882156,0.7391521597650519,0.5860865915638594,0.7507823951644789,0.027960941876367607,0.6824276370737974,0.2518898739795904,0.13775818977610926,0.7752925389720673,0.7398134034951085,0.2692512695938335,0.05565846144968278,0.3548650646820881,0.8724845275229411,0.7600827830449743,0.5284598695210538,0.7563934983045251,0.5003862124656802,0.26526399853317684,0.1735705591558408,0.305376078023859,0.33505860140725985,0.31495036536524235,0.2641380940071781,0.5689441535720173,0.3915316735948884
0.7117609604118227,0.1820454892283827,0.936869706556582,0.2210030740599696,0.9280584567707597,0.13664706527129677,0.7238691261536012,0.4289676239996015,0.989715291333455,0.5836945173484325,0.9463754612187689,0.24298942395901899,0.5386744959537734,0.6171475493395513,0.7588050422009189,0.25295581134549033,0.5119574748904349,0.4181011991081086,0.8114222868577529,0.0,0.5673783788020604,0.8431372294839834,0.5704481293008666,0.17622137839804297,0.5454482931745932,0.3334566302532054,0.8234362728638174,0.6620355280868446,0.3883967314097534,0.7203523283957184,0.6127096629658855,0.30947156808119436,0.0960358094419233,0.21031467597593206,0.43600153605777203,0.7170112981579397,0.6117189373532347,0.3882482434790317,0.33698088195570725,0.14735498591115648,0.3351036673556984,0.23870338059038432,0.5386077791176419,0.4488146162810494,0.39808476711457913,0.6920028739771198,0.21396312912972407,0.9403792535327028,0.3908437729554882,0.9598507426088764,0.2845557322175387,0.9889951797281211,0.5111359973684693,0.987418986036936,0.26709128758436795,0.889688728068058,0.18585238494799253,0.5201846114541699,0.5666069726569174,0.7649491318353245,0.4958246203192185,0.4496104939940684,0.6426162061234837,0.8354366957626329,0.9456582539529945,0.6188541178001503,0.8458036737921434,0.48870421835965117,0.22510560167975796,0.5404740141750728,0.23678667624663155,0.595426394402295,0.6800729116171158,0.419257822277475,0.6939926441278709,0.5970070215458209
0.5524892490368811,0.5950819609053231,0.6746324730546112,0.49314940414325487,0.7625832599907343,0.5842680085994649,0.8086278303894394,0.7839701431905746,0.6855054748212628,0.5902382838191104,0.6504959857255779,0.36286191782506616,0.859948077407168,0.7590945066383376,0.4840449817609511,0.4059108912121787,0.681593684433536,0.6396740601061198,0.5790625030047833,0.5673783788020604,0.0,0.6083880555083832,0.5661485092455576,0.5963580496632196,0.6895864679820918,0.6376100123590729,0.7286527214528041,0.37198969500560136,0.49715932885951303,0.402382517765253,0.5375522155385412,0.4388899993919596,0.4414201331515885,0.18842003530372314,0.4301863804684263,0.8016706439714384,0.5997368086489476,0.4699318770563181,0.4101109974661846,0.49425518724570916,0.3686527411210213,0.29725188949303666,0.7349001276274512,0.5549669768318866,0.5144399750733455,0.6862506899037065,0.44419638758846547,0.7158506638248245,0.5646043456198024,0.6674534344629001,0.6047065942272305,0.7367578953655942,0.7918885234343774,0.7384227465265865,0.6293485003124766,0.7133069929066785,0.395873907016389,0.7985781007753986,0.44064811267859216,0.6364428158380621,0.3946675454251245,0.5701316491887781,0.6547380111955703,0.6662223327139988,0.540545218388778,0.8724143985045316,0.4971925827036242,0.5058707173239435,0.49773394845772345,0.6766432380383999,0.6170885299914066,0.4600360443535095,0.537062158530471,0.45503064725360154,0.4641813693639464,0.4019490166694232
0.697760516856738,0.34647241836582876,0.8434276051787131,0.1812519286711188,0.9701818066330645,0.3026028279534682,0.8817821471866927,0.4142918325372575,0.9672199547593208,0.5482444563170373,0.9044877404800042,0.20051544119928028,0.6047183501284896,0.5882790187411763,0.882139331814475,0.48577594016768416,0.5708131329559492,0.6929877909385795,0.7673589218404049,0.8431372294839834,0.6083880555083832,0.0,0.6325228700312249,0.15974401645867758,0.705202143087398,0.4085951576846498,0.8872701522781952,0.5458257301063034,0.6197943119903586,0.5750641359301522,0.6089201466746205,0.49783577653941724,0.19565062764318675,0.34265027569024364,0.4260306635298165,0.6439779101240716,0.7218676966944249,0.31374068436824193,0.4710554312299887,0.17502621501267074,0.36716344292109376,0.25998442576803915,0.4130253626170795,0.355483691143182,0.29371242103808565,0.63302905450007,0.23579296247028303,0.8636724335096706,0.3437332652662498,0.9608944811209493,0.1243273605570151,0.8551763709161981,0.49324422588476136,0.9255752500090458,0.23413258184530011,0.8890364219920006,0.17479701008309168,0.4327215677693594,0.48206406235981797,0.7523574817168032,0.42574392160397867,0.5066126102205045,0.7098258213621327,0.8625453654343636,0.8633721271098458,0.6276782891294896,0.84593303719779,0.44235079052632237,0.1224393636520853,0.5201673242735925,0.1775114224951968,0.65079258604493,0.5500125371344018,0.5425823909276772,0.6781594089156522,0.6472786115562398
0.48850569791714155,0.7029044738882931,0.5435905825905224,0.37269172743798706,0.49064731624471125,0.5645371672164949,0.4906957878056734,0.7312626366672164,0.47423712409534585,0.4624077253253474,0.5916981164829864,0.5049252054621834,0.4766787842709591,0.826727501771109,0.622977245200869,0.4272371775945258,0.45865882428631943,0.48484707678182976,0.6100458445067191,0.5704481293008666,0.5661485092455576,0.6325228700312249,0.0,0.5163418701658055,0.47450911651736616,0.4892978818406641,0.522800834896299,0.30720697411495007,0.4585004415560884,0.6684978445878758,0.34552474770072794,0.5615824897997918,0.5460926320839615,0.41701885106867487,0.2120205687122941,0.6167085486401471,0.48851323426930027,0.49969828894220003,0.5676650875474835,0.4773154372275886,0.34899084841506406,0.1241761269590331,0.699922924978146,0.5344435318222254,0.3148865039911343,0.4022124588550122,0.6381049484631182,0.5440968293364492,0.22120585933515108,0.5105294692230268,0.5779373753791176,0.45057874517051644,0.6721598949087784,0.4905430481262175,0.249948019735608,0.37636406332284145,0.35921178279661625,0.21341246215678195,0.6031318832460454,0.48306457336091163,0.37198110811536367,0.061795170207069094,0.42742494149362276,0.7191973018969142,0.48605199431544566,0.3513936219858579,0.43608152441630715,0.7928929301948956,0.4495616590204421,0.2978942578990651,0.4210193805294792,0.5054186833728275,0.31360003259640257,0.34202780715985703,0.5217210656462483,0.3467053897542113
0.2466023775105926,0.3815022360857772,0.38382297617515765,0.5952749342807574,0.15124183459144103,0.6303537881491226,0.15210646783332543,0.6795505296708999,0.25573152426781726,0.5417599759197371,0.24252620749251205,0.9226109865267973,0.33517460098904833,0.7395150493740377,0.12460295706453217,0.24902752177855647,0.5009150330578966,0.22421057712755207,0.4563041774804441,0.17622137839804297,0.5963580496632196,0.15974401645867758,0.5163418701658055,0.0,0.1485407040495731,0.6661888766958252,0.22001129907332515,0.03103466762138901,0.24387197428011742,0.16438754020802904,0.18386019058709274,0.46296388548327083,0.5981404291722149,0.2527045280103749,0.431833004508031,0.6585263855671085,0.412498130304277,0.7821083592228064,0.42596532958022654,0.5626531487872418,0.19174418890870798,0.4281657364990764,0.654752941737773,0.5115802383313443,0.7087832360653532,0.25363714857382524,0.39496182399390045,0.35027476939074376,0.6587214504520127,0.36977787587275635,0.686304920277824,0.47220847082641154,0.5137949967735621,0.4004823680389341,0.7460453787427948,0.2956950533141559,0.779089699008979,0.35592083597653174,0.7060710327175884,0.302479889342963,0.058915958908531796,0.37292692148068396,0.23152541259006276,0.4569758786493809,0.1679409871126748,0.526837264216733,0.10357937637732678,0.5712094412526093,0.7958594331795967,0.1850667927638202,0.5834210387994246,0.1467419386182544,0.26848398196379636,0.284402896874267,0.2291187614812839,0.20342674880597558
0.6204856029808663,0.2667047030128448,0.4156049140000825,0.5359068595061217,0.6893401416984193,0.48697675402717844,0.8340381300535882,0.6160540101202241,0.5638512602328698,0.5357379986519197,0.5761335917841609,0.028799947897510447,0.8996524580446177,0.4543005002387765,0.622852762253942,0.7768019023275076,0.6375280112140821,0.8130907696653372,0.2811387651040651,0.5454482931745932,0.6895864679820918,0.705202143087398,0.47450911651736616,0.1485407040495731,0.0,0.2668846203147374,0.809952959003913,0.7617513482338933,0.876862901207959,0.650143314787781,0.6723337235837439,0.5697564875331669,0.31031331881036495,0.5182127192960975,0.6314115494843341,0.5228389023295779,0.6452959655278979,0.379537093097846,0.6203536137682112,0.4335703406741066,0.5081452721591647,0.4030574687691717,0.4234027776040808,0.4973956618288727,0.36221638751760726,0.7184968039633929,0.4975225620275292,0.47186662810521424,0.3208635840369518,0.6008584789947966,0.4003851867494134,0.49854092475865214,0.6181123162938208,0.516856852295039,0.4335551916356345,0.5258808561116871,0.20209936668956568,0.7983259567833136,0.3591557036819138,0.5349094980156597,0.9393473775036518,0.7750816861666044,0.9223950846320508,0.3063727904260747,0.5842356680874796,0.6385375858825061,0.6713445529213733,0.515287209732809,0.35685376397201574,0.8494821844540109,0.4480123373202991,0.7122662665976341,0.702807390164836,0.8007858476648109,0.6423843310925316,0.830515730438621
0.22223498725930568,0.7078766619577905,0.39775711709589695,0.3592135119438732,0.32047652977822033,0.783023706098699,0.2501213278713263,0.7322112396605525,0.29421962126072515,0.4513074151696097,0.3247134583542723,0.6091961399158506,0.42044985681182123,0.6135612970752691,0.38306185422273153,0.47836653465175455,0.6842462213108529,0.45029929020678006,0.5645380962315372,0.3334566302532054,0.6376100123590729,0.4085951576846498,0.4892978818406641,0.6661888766958252,0.2668846203147374,0.0,0.4215896663182794,0.14728261350399496,0.40208417742562547,0.3669075247532829,0.25805299156772477,0.6060140184513466,0.7280514503775766,0.36216795462745754,0.5336227992440797,0.5509096035257464,0.42183768688492057,0.4771019583687536,0.5662049938092696,0.49478434990516007,0.4006983423000735,0.44062745185952035,0.4765273841233738,0.40539677586948614,0.4913509635066976,0.37798979134318045,0.41015737556528775,0.32482263358468955,0.38366926518109334,0.37928954043277896,0.7102691612165242,0.36468458401416814,0.5077090700329426,0.38833483047687933,0.5081234502287385,0.3882549705575801,0.5234218565297271,0.4166861526717408,0.47601018355544217,0.41389966730005984,0.17324664222429464,0.4512572757838212,0.3357369475327335,0.5333761413179645,0.2725505374972327,0.5447982324169098,0.33875432203619077,0.48612837852680035,0.5607430508175031,0.3880424518147958,0.5295954078817372,0.2506983544782898,0.24699016513847483,0.33971947650458145,0.36798659445814885,0.27283332503282354
0.6532664421908931,0.4616978057093929,0.6954613818430393,0.4233533973047524,0.9966237068024273,0.2733425840264825,0.8549529981784538,0.5293394374306364,0.8090179536417667,0.6931535155772589,0.7116775337748047,0.30594295215313894,0.8011769827684179,0.60285830439477,0.6798080040556413,0.6106188756090707,0.7465015817399095,0.8084453711329889,0.5354422944102575,0.8234362728638174,0.7286527214528041,0.8872701522781952,0.522800834896299,0.22001129907332515,0.809952959003913,0.4215896663182794,0.0,0.6804864685512049,0.6433111780188213,0.6193795680004157,0.5947340879247205,0.4779737620302282,0.23549335618103628,0.3232496383349012,0.4751547070369313,0.6417987780924543,0.5848295342618178,0.46320631545002994,0.41016067349311347,0.2847704654384433,0.3145925515225,0.16461712001930878,0.5394925148145344,0.47800981228179495,0.3830264607398136,0.676219701220385,0.42967263768522623,0.7684058132248692,0.36822814680004456,0.8096958042877302,0.254794475649428,0.729138036358977,0.5870578798353947,0.7451606766102905,0.3863189506265504,0.7038905257355452,0.3740647621846607,0.6600854281464869,0.3969915980562904,0.7127747560168962,0.6088205382616666,0.5749511305856786,0.6826096337611445,0.6237179700959646,0.7486696591424372,0.6772200484998648,0.6915585932149324,0.4510381273557057,0.29351393608214843,0.610309225750031,0.3337944660258344,0.6388649026624743,0.6897129953304185,0.49353784644500887,0.6277776586712435,0.5903311137751299
0.633961673978566,0.2524493640782181,0.35256022398641773,0.3247198348482967,0.550740741237916,0.24980187178863453,0.681124302343716,0.18968877406120693,0.5836152378879028,0.6753824843106117,0.46934240829640883,0.19006941803257288,0.6433237698659194,0.4327435907254434,0.5742268697009698,0.6863095646565852,0.6043774385489289,0.6263055695802514,0.34942965605328696,0.6620355280868446,0.37198969500560136,0.5458257301063034,0.30720697411495007,0.03103466762138901,0.7617513482338933,0.14728261350399496,0.6804864685512049,0.0,0.8186529857101829,0.8220213104202133,0.7768092227780561,0.37265345475515693,0.19900315199706609,0.49601175238000067,0.566707863830861,0.48139754770583704,0.5129539363525856,0.4637165337763466,0.5149313173255949,0.4231054870901242,0.545134326884163,0.4352564381346695,0.5380167016789069,0.388846795681678,0.4184742714736628,0.7127264307102587,0.5506222831321007,0.3908322104935702,0.5389266138381188,0.5937105318304197,0.3447197099234388,0.6554078658411187,0.3775010419555972,0.5349470060168594,0.48953819360468787,0.5193218661810944,0.2897336037902406,0.7433640068488242,0.5529420741717502,0.45922545925238434,0.8650114800758473,0.7085620377386492,0.8521744209886124,0.2977508701154934,0.7297274734491057,0.4591859290286674,0.6797556707293445,0.3353718768350207,0.28054053671746676,0.8266795391897174,0.3753140648952657,0.746018012609556,0.9046132108691904,0.9138833137414726,0.860305798553662,0.8303680982441268
0.6494639587739399,0.48280221388823297,0.3331588978038289,0.4829327869840331,0.6597997752254854,0.49989776475392306,0.9302950422002464,0.4991750619084446,0.44184334390942087,0.697904347716949,0.3969122069279929,0.2741129802400516,0.9250785247917093,0.5035904746356298,0.4061013718344746,0.8981015637742253,0.8245717814435709,0.9872597490883952,0.2292133392441445,0.3883967314097534,0.49715932885951303,0.6197943119903586,0.4585004415560884,0.24387197428011742,0.876862901207959,0.40208417742562547,0.6433111780188213,0.8186529857101829,0.0,0.5285977170890034,0.8756525581842837,0.6154700644981282,0.22712971105696872,0.5541278857773896,0.5690894858658249,0.4344799139670552,0.47284673562095086,0.4417794085862222,0.5976782052739624,0.5648405145009352,0.5802164440964636,0.5857329465095188,0.35659300110730896,0.3821953584749495,0.511868622940172,0.6704367441516711,0.4588909643432255,0.4055292470457087,0.4962097835601498,0.5611381124060595,0.4188307706726773,0.696034925224326,0.39587776126885343,0.45974365334277667,0.6711391184023942,0.391728001448304,0.43796102813585164,0.7625935698701987,0.2990355547092139,0.5461949056354185,0.7558470916349189,0.7876934443000778,0.9639398291748993,0.287773962330641,0.6311824317279882,0.4914939549531089,0.6128735510633556,0.38623414083980256,0.3049010949722233,0.7785237000428971,0.49310981109727947,0.5958449273116518,0.7030289544753265,0.812671670138565,0.7763376924018021,0.794204215758064
0.5599302994402336,0.46001887627648097,0.6805702655861715,0.08970530247251368,0.6086127211681541,0.4003748847116519,0.47922064808543335,0.46602947880056433,0.6006353408138905,0.467611859080612,0.6439589426805661,0.19659656677394138,0.6611755210824654,0.5439326868170585,0.6101523601314033,0.5076452539032429,0.5902135080752091,0.5680579641769016,0.6238545727959236,0.7203523283957184,0.402382517765253,0.5750641359301522,0.6684978445878758,0.16438754020802904,0.650143314787781,0.3669075247532829,0.6193795680004157,0.8220213104202133,0.5285977170890034,0.0,0.5896761847755105,0.4756073282350198,0.3490047837452915,0.48291827532572484,0.5705487720389251,0.4698039638644566,0.3441917865147464,0.3317347646340381,0.653929133195967,0.4892377215907281,0.5054453961090711,0.40130610564051694,0.6183385174590829,0.3338833914370262,0.221468121073237,0.6388221495697302,0.7264641023600112,0.6437080415067058,0.4193661037317294,0.6948894486239441,0.60409441016577,0.6615048655930041,0.6202792096731069,0.7106108314291542,0.3587716151439574,0.6486952007475122,0.2757261909730905,0.7355746857059269,0.7210554209435664,0.5601625799097182,0.6753404748190885,0.5835395675969887,0.7003471138029818,0.5799521140593392,0.7001994206692836,0.5201170191384008,0.6772089842913879,0.6883019108013815,0.28209261073246744,0.7999464408184662,0.4252373639216687,0.8203987717428755,0.8327959466747985,0.6921885535112526,0.87651043422277,0.6685563959868684
0.7033672437543574,0.3314972398229704,0.46455436311590115,0.3565182275786285,0.7580941164842854,0.30963947391165725,0.8708248152239426,0.33620876057327576,0.5593928352037206,0.5671054761345963,0.4108203369712517,0.2638853851488384,0.7586675265572937,0.3655644657403144,0.6463693146079202,0.6660394012181083,0.5426976576253691,0.8567641177388291,0.4102056218535671,0.6127096629658855,0.5375522155385412,0.6089201466746205,0.34552474770072794,0.18386019058709274,0.6723337235837439,0.25805299156772477,0.5947340879247205,0.7768092227780561,0.8756525581842837,0.5896761847755105,0.0,0.41643727153675375,0.18224994475486334,0.30546896546336866,0.7115243094516729,0.3448481339004679,0.48958337399815377,0.36840650014063525,0.4846220445957342,0.23866717589425834,0.38311451282217845,0.5430170097680204,0.3363564138439329,0.487456027400532,0.42221744719148513,0.707000349261528,0.4002368615156397,0.4714380898186671,0.6033815919120342,0.6226958092509876,0.16598562550672397,0.6580177587943645,0.3733927569208416,0.4753683016861055,0.4238143150833703,0.5178803479153815,0.4334388797435568,0.763630181784861,0.6166471162802114,0.5761283969207048,0.8239984433080643,0.7012218661331526,0.9566489900231736,0.40951862224316216,0.690407780592825,0.5125438288468382,0.7845825790769824,0.3408807713858203,0.23399187581252612,0.7676414089667848,0.38728835011273666,0.7344242568381745,0.6738272497798684,0.8343668141358844,0.7239234659533463,0.8931152191008166
0.5496073249050196,0.6439049312453329,0.4322482297441824,0.5816518562819508,0.5715111784053166,0.8596197750545009,0.6333187868703111,0.704341194900267,0.35670098946633777,0.3530538748933046,0.42003333460942227,0.40674816644422085,0.6653359135571356,0.7222537385564025,0.43727071721885924,0.665231197323749,0.45312086831381865,0.6319763289693594,0.6400269178437212,0.30947156808119436,0.4388899993919596,0.49783577653941724,0.5615824897997918,0.46296388548327083,0.5697564875331669,0.6060140184513466,0.4779737620302282,0.37265345475515693,0.6154700644981282,0.4756073282350198,0.41643727153675375,0.0,0.6535350499730005,0.5041673919424586,0.6731565558403967,0.5247722250113017,0.7014864193405657,0.2830221874731349,0.7698198930387744,0.5466701972266532,0.5402091496736635,0.581091101532473,0.3934306166336631,0.4473705919192119,0.26110376365087035,0.5939391397985797,0.5088589759175349,0.42566307594032354,0.32264272363004654,0.4803289374544502,0.5284078801358868,0.46349968537360287,0.5893011375370831,0.2865372178716059,0.3676244453522059,0.4699067761947232,0.2926662562974216,0.508489890046178,0.4828666255272443,0.38958424922972046,0.44149875999662463,0.5199739020343925,0.5340462259036381,0.6654933831913413,0.31719526675824905,0.319100853366757,0.39297197202223627,0.48187145149287436,0.3280971523454251,0.5062391489187108,0.4354731890814644,0.4561251579671108,0.3395904817431704,0.29300828906819143,0.613885265147524,0.3739486102386847
0.3742639743725161,0.6308585256876096,0.2261864735814216,0.45061927170670013,0.13562919571666987,0.7130076857482783,0.20275918003649157,0.7114211129481293,0.15424081659569344,0.23295572787025656,0.33604309194988624,0.4474271879890833,0.35341510391427444,0.5092076920061787,0.13913156367624668,0.4205356287071905,0.4390919810787175,0.27834483005156774,0.4153272145933048,0.0960358094419233,0.4414201331515885,0.19565062764318675,0.5460926320839615,0.5981404291722149,0.31031331881036495,0.7280514503775766,0.23549335618103628,0.19900315199706609,0.22712971105696872,0.3490047837452915,0.18224994475486334,0.6535350499730005,0.0,0.5928357367618796,0.5868187117214597,0.4887682136322353,0.32157317715916345,0.4981624192284538,0.6990254082710133,0.9254827067147388,0.6179129046980983,0.6119850474982154,0.5544549389502736,0.3347245305335855,0.35625203457861365,0.5167925921755344,0.633394788363253,0.2564971311039064,0.3374874497399881,0.28809329176385234,0.7826771543529938,0.27674708442595264,0.6614482793420438,0.24128138566372775,0.45870779096342157,0.22039373258136113,0.37642493101879415,0.4609626593786259,0.3480150072725325,0.32363480698554037,0.410945276637388,0.33850982690401565,0.3462910413751725,0.3497515905830515,0.08056927538131359,0.43423801241885446,0.20189222057088857,0.7070346098828664,0.534083593153705,0.395579607941258,0.7166676414435014,0.324747022941704,0.24199100197166004,0.3907841521486785,0.44162403936187,0.3554757339149004
0.18533819871351886,0.47090737134058497,0.23843662748718406,0.3473828141678661,0.42808373668832034,0.6017669689320214,0.4416521499511518,0.4003841201592489,0.1950754460150277,0.4603353811308676,0.3526247816990679,0.3648332256472305,0.5431775917399684,0.4662057800348954,0.4839779614185147,0.6323746997727331,0.3982331138991259,0.575177291721303,0.3498033942447998,0.21031467597593206,0.18842003530372314,0.34265027569024364,0.41701885106867487,0.2527045280103749,0.5182127192960975,0.36216795462745754,0.3232496383349012,0.49601175238000067,0.5541278857773896,0.48291827532572484,0.30546896546336866,0.5041673919424586,0.5928357367618796,0.0,0.446113581205448,0.3529923406336556,0.5260402448700358,0.26470154960442505,0.5882664685826035,0.67821517753343,0.9161283364208224,0.6697977263386545,0.5760714668769007,0.43824900576781356,0.3718490794777321,0.35054089090130314,0.5266668470637054,0.2699327267305476,0.35848356270568404,0.3734028917647588,0.38479635360461717,0.17298377509477741,0.32981653101659314,0.16823716551608836,0.3698727282030715,0.2775812646203097,0.3984302267215922,0.5180551756715815,0.3676414046264721,0.37490319009830975,0.5655198081316086,0.4565782828767337,0.6095160954140049,0.3184865917172428,0.2650156086099503,0.32038062596118755,0.36567640595406714,0.40572977543500355,0.3240516641636882,0.5254151755477195,0.3200312956907039,0.5103039942488192,0.39438820756424325,0.4903678158061816,0.5709720676843987,0.47403199039234056
0.6993628580717213,0.4133615973099444,0.4210865629793691,0.6400107299744998,0.47455468627238456,0.41094014666004747,0.5593864300762398,0.4341455616010677,0.41217333551571067,0.3686378307163632,0.3684401926627842,0.48905154124928674,0.5964896329726849,0.49347423344859465,0.3606166626868711,0.6077221850943912,0.37460824624115635,0.5967819199143874,0.7389887066752338,0.43600153605777203,0.4301863804684263,0.4260306635298165,0.2120205687122941,0.431833004508031,0.6314115494843341,0.5336227992440797,0.4751547070369313,0.566707863830861,0.5690894858658249,0.5705487720389251,0.7115243094516729,0.6731565558403967,0.5868187117214597,0.446113581205448,0.0,0.34950765017832364,0.6096505359377322,0.381612323063379,0.6610292715038941,0.4521074675243119,0.6074820697642215,0.6658394445317969,0.3847395472715559,0.47200658656348987,0.4521367003985106,0.5472191401615591,0.5115254880463606,0.4036909770000019,0.44372671840722216,0.4252012217978415,0.38438571810404654,0.48094608972901554,0.334893264564429,0.30813913127603354,0.509652894220584,0.3512409408250955,0.45589247141752864,0.4710615067762075,0.5927109133138099,0.3035146248440447,0.6779359895018321,0.638280435706457,0.5569002068968831,0.6852929612104716,0.47555259346069306,0.4420792420317994,0.5159915664682752,0.2219872713375503,0.3496378848945142,0.5865442690159338,0.4124937200096333,0.43247335919934465,0.4985684921556599,0.5793347976510382,0.5791956485351292,0.7414816058903503
0.4090489125070469,0.6155261702184905,0.594014226100892,0.6224853007353749,0.7566447726350441,0.4694564724797987,0.6097974047369213,0.6418898616495778,0.5583391963586873,0.6215477322106877,0.5924525450239034,0.5395641647014706,0.6364139501914604,0.6697866980297232,0.6324335951320326,0.28201821680697065,0.6157917461580841,0.32051363468340127,0.5105369438227636,0.7170112981579397,0.8016706439714384,0.6439779101240716,0.6167085486401471,0.6585263855671085,0.5228389023295779,0.5509096035257464,0.6417987780924543,0.48139754770583704,0.4344799139670552,0.4698039638644566,0.3448481339004679,0.5247722250113017,0.4887682136322353,0.3529923406336556,0.34950765017832364,0.0,0.7185309390718173,0.6044923037843057,0.47368504367695435,0.5072257542646448,0.3226267154921616,0.2409140777334656,0.8363178567429265,0.7462197608513831,0.5481777926325999,0.5229313219264661,0.5356890855499676,0.5961990910120062,0.7485778464215835,0.7051384928725182,0.6847773199587404,0.5615084289221571,0.688116946562457,0.5712299418630558,0.5570946862459669,0.5667188462722963,0.48324224351441747,0.6780596725349183,0.688856016610538,0.646415990562963,0.4296625786076418,0.3841786418009986,0.35826118302871074,0.5072943811853463,0.6026304622061782,0.7931448119889499,0.5260662201208358,0.676957411157832,0.6496869011556943,0.49242624668659474,0.7199591918913639,0.5228140844050698,0.6526383336646586,0.47936660122049196,0.45629560600130703,0.3435381566482487
0.6158091800638241,0.6172928812241925,0.5207607737580237,0.7499632227204965,0.5228254878654839,0.28543803286861147,0.49567036618240357,0.5040787304010397,0.35305590616242627,0.504348610778812,0.5119628065860843,0.32293866149294437,0.4479658082187075,0.5896956626751271,0.7812823832614393,0.5699375607128775,0.5204451071238988,0.5197810726940479,0.4256748301752815,0.6117189373532347,0.5997368086489476,0.7218676966944249,0.48851323426930027,0.412498130304277,0.6452959655278979,0.42183768688492057,0.5848295342618178,0.5129539363525856,0.47284673562095086,0.3441917865147464,0.48958337399815377,0.7014864193405657,0.32157317715916345,0.5260402448700358,0.6096505359377322,0.7185309390718173,0.0,0.3641349327555907,0.6998277601898971,0.41426454989391537,0.46644524619251476,0.5515043450385044,0.5907300861151256,0.60637101362548,0.4162221257277179,0.7305218669916755,0.5473270076104004,0.5842209503718305,0.6940502966413672,0.7030656295913381,0.3680167497762375,0.46270837162676465,0.48325491767022377,0.3535108801584801,0.5301897408361748,0.571444043128323,0.42264571129239564,0.5480980422681485,0.7332384049942668,0.741776778955876,0.5890694747943458,0.42281779533575303,0.38278094578549193,0.4040356141124043,0.6081757117190316,0.5982528872130597,0.640329242855075,0.4007122284905416,0.4752179843609913,0.6424090826576553,0.555310116794723,0.552605647706989,0.5066858199638998,0.5464261732584734,0.4560348997521946,0.6998180997024179
0.10928240294810787,0.4580261652758846,0.3581838095588171,0.7318244741695307,0.2251348204762854,0.573812209003475,0.3775681718631943,0.5602746931222237,0.25718384981459064,0.8045062744628521,0.24764858492963154,0.8829247182714033,0.4649474127612341,0.6318557510241324,0.22190725637332515,0.31533370842957453,0.49836765239608183,0.29020171932659955,0.2445924332531263,0.3882482434790317,0.4699318770563181,0.31374068436824193,0.49969828894220003,0.7821083592228064,0.379537093097846,0.4771019583687536,0.46320631545002994,0.4637165337763466,0.4417794085862222,0.3317347646340381,0.36840650014063525,0.2830221874731349,0.4981624192284538,0.26470154960442505,0.381612323063379,0.6044923037843057,0.3641349327555907,0.0,0.2796584922716272,0.48876811765011924,0.18649737427165275,0.4302235165491662,0.5631549858773337,0.6432317977800852,0.8987793703704714,0.2026611174932637,0.41237522849937946,0.29758499746228856,0.8443390305017202,0.2604998400467945,0.7094416857601717,0.3380694293084957,0.4253154293531965,0.3393384298710099,0.8643107054742254,0.1925563581909288,0.8845123701573006,0.48497439980517576,0.5634908866088071,0.30717986403973874,0.4103649289902507,0.4242776261259008,0.39665786909903955,0.17602059695560907,0.3440628187882815,0.3679991371838004,0.190391764745228,0.5764724480285413,0.9129178487388923,0.3351790703641873,0.6141897325991399,0.4676601242284501,0.39370841402660284,0.5053297245536015,0.35648323282127425,0.35598490077242473
0.5968854187705058,0.6829329132807558,0.42727346249484816,0.553247249642133,0.4778476349806108,0.7417237511867782,0.5509703690926038,0.6967847966334593,0.3453285898408973,0.3487147424849373,0.4871019575912273,0.34142478129247644,0.6217701508446979,0.5745196367599732,0.48867705343119544,0.6301144133442791,0.490398952550012,0.5959308157229805,0.5722479625662524,0.33698088195570725,0.4101109974661846,0.4710554312299887,0.5676650875474835,0.42596532958022654,0.6203536137682112,0.5662049938092696,0.41016067349311347,0.5149313173255949,0.5976782052739624,0.653929133195967,0.4846220445957342,0.7698198930387744,0.6990254082710133,0.5882664685826035,0.6610292715038941,0.47368504367695435,0.6998277601898971,0.2796584922716272,0.0,0.6455455833767417,0.7443970094215759,0.6665837126740868,0.5195242093281605,0.4717026920282789,0.2368965286886357,0.583181133995356,0.7012656738879824,0.4088124104792413,0.32396060598041876,0.4534144394596817,0.518558734118592,0.3705085268750379,0.5982471122736426,0.2817423887464794,0.4130823075523145,0.4569774306538922,0.2689966192479648,0.5846836428951222,0.5253186597141669,0.432942327998496,0.595490566046089,0.5365184277474166,0.5839566711545048,0.6102211560525415,0.38420252252765663,0.39630790191177934,0.55035774172853,0.5035483620114483,0.30302299049375014,0.616411975388063,0.6081298695279203,0.5316309165070463,0.42679471523389323,0.4448767883001865,0.6799299127689287,0.6183558867658577
0.41002499741533194,0.5863072588798,0.28205150127035883,0.47901857734135,0.28885539249498576,0.7570294850404227,0.2709899504306852,0.5990407011986065,0.2650742910123511,0.5062360703762101,0.321106582590288,0.36194245503730166,0.5374613110466676,0.4320008574626776,0.329588845337273,0.3472377170308043,0.3376340919158798,0.40665104002052044,0.3396488676676348,0.14735498591115648,0.49425518724570916,0.17502621501267074,0.4773154372275886,0.5626531487872418,0.4335703406741066,0.49478434990516007,0.2847704654384433,0.4231054870901242,0.5648405145009352,0.4892377215907281,0.23866717589425834,0.5466701972266532,0.9254827067147388,0.67821517753343,0.4521074675243119,0.5072257542646448,0.41426454989391537,0.48876811765011924,0.6455455833767417,0.0,0.701030930873968,0.5365116606510358,0.629806697401777,0.39060248311926504,0.29342792483135316,0.4325973660445467,0.7065860815006977,0.24679664187758238,0.41405948765493145,0.33118940282088205,0.7107047813737865,0.18758459695643315,0.6023776589561509,0.20007048704032177,0.41913461072169056,0.3030644026985253,0.3375010664026838,0.6018728284585276,0.4798441252200927,0.23879921794993234,0.7528500961473925,0.4568443230149518,0.48134671765881554,0.2740649255689108,0.2295369888493763,0.3455720251108684,0.1776459416257531,0.7672636082492963,0.5336988849867313,0.4630599289842198,0.7149760777321803,0.5653926931337725,0.5093481752358204,0.46017029837066026,0.499402815975196,0.4779573098271613
0.357948419035832,0.44946147956626886,0.41486974670808624,0.260166667807822,0.4440129748288114,0.5316362467259516,0.3951253326155312,0.3975304291199989,0.3680234924766501,0.3870047412553429,0.43384996672767884,0.13949358599458173,0.639140898248453,0.45377085859182487,0.5128722736166456,0.6055722817468621,0.43308122827174744,0.5825786416717175,0.5852077993477233,0.3351036673556984,0.3686527411210213,0.36716344292109376,0.34899084841506406,0.19174418890870798,0.5081452721591647,0.4006983423000735,0.3145925515225,0.545134326884163,0.5802164440964636,0.5054453961090711,0.38311451282217845,0.5402091496736635,0.6179129046980983,0.9161283364208224,0.6074820697642215,0.3226267154921616,0.46644524619251476,0.18649737427165275,0.7443970094215759,0.701030930873968,0.0,0.6423491464337209,0.5281669844624356,0.27981118576713826,0.30784548265565076,0.5030854037405641,0.5903514172237261,0.40604976393508724,0.30924463654084733,0.3678068098575856,0.49766406695762916,0.23664352829347568,0.38805209800551593,0.3498763398261133,0.31425682147090883,0.3886030857010764,0.37757290689576917,0.5764118546061405,0.42911552267826875,0.3915713502145679,0.5790854529444062,0.5216129824857865,0.5633955205604381,0.41991140418559914,0.3869879847668047,0.4008039926747192,0.4286312453721971,0.4727431355037274,0.2494946226473178,0.5920525891186069,0.4501153633769584,0.5323948870854703,0.43792456895062415,0.5965302314417549,0.6379620337122603,0.4926804896521909
0.4872210133051116,0.5217392141291368,0.1759154921594248,0.5679045731392257,0.21349002070557513,0.5517068912575466,0.4372975332893495,0.34431673920280975,0.1240151609754806,0.37425637325413014,0.14501583415839125,0.37503057188963074,0.42988962477597437,0.48453750473268087,0.30648744553764495,0.5272271808539926,0.35187071945379866,0.43017437409957787,0.4816549002275538,0.23870338059038432,0.29725188949303666,0.25998442576803915,0.1241761269590331,0.4281657364990764,0.4030574687691717,0.44062745185952035,0.16461712001930878,0.4352564381346695,0.5857329465095188,0.40130610564051694,0.5430170097680204,0.581091101532473,0.6119850474982154,0.6697977263386545,0.6658394445317969,0.2409140777334656,0.5515043450385044,0.4302235165491662,0.6665837126740868,0.5365116606510358,0.6423491464337209,0.0,0.603880099281894,0.4625930581443557,0.4344387669662517,0.3976604954369036,0.6661324457803818,0.10238991866680164,0.5960192246585541,0.08866069835736956,0.4217438693780428,0.1828378045623403,0.2349939284326128,0.09651005410064703,0.47909883666280206,0.1986804279550184,0.4497511253860446,0.4717217502802767,0.39632757406927827,0.33484380482964116,0.5659662515608209,0.454034658073228,0.33521416837039686,0.345983133646,0.27835527053569364,0.3096646917234884,0.36074784532560056,0.2204571950361554,0.4585219775459602,0.5493518455341228,0.4535102060631196,0.31274524693592703,0.33842152796574143,0.5469329394487898,0.4448443201855954,0.5861948987326838
0.3811430305140395,0.5287989317050853,0.5320784536945481,0.3644119230054398,0.41035111810714864,0.5349322239924462,0.44992411627707046,0.6581675084353308,0.3477922167942429,0.6638755626643779,0.49456012925646,0.4297179491048996,0.6207188094313651,0.5418434330917554,0.5670660069338255,0.22108751607117402,0.6399984499817372,0.2026661438446882,0.49030774759737616,0.5386077791176419,0.7349001276274512,0.4130253626170795,0.699922924978146,0.654752941737773,0.4234027776040808,0.4765273841233738,0.5394925148145344,0.5380167016789069,0.35659300110730896,0.6183385174590829,0.3363564138439329,0.3934306166336631,0.5544549389502736,0.5760714668769007,0.3847395472715559,0.8363178567429265,0.5907300861151256,0.5631549858773337,0.5195242093281605,0.629806697401777,0.5281669844624356,0.603880099281894,0.0,0.7548623965261991,0.507465923938564,0.5410193076327056,0.6586259517050758,0.49566276572991147,0.8802797350659142,0.5141917500533063,0.7160698475222359,0.29552246239829366,0.6860015992713016,0.4290584589543532,0.6030394552963433,0.4466148596368861,0.6140448622338107,0.511105658696499,0.6362246120854338,0.5849871435040368,0.42047887835088016,0.27729007949462137,0.3188538755831233,0.3214897335382226,0.3839201201449529,0.7518203914901394,0.3617255037112506,0.7968183856963618,0.7260962112006926,0.53542881968161,0.7019705320233911,0.5035601417495645,0.6305358623846152,0.5139872460649322,0.523279358834774,0.38006010101313836
0.25164951785652456,0.635235855463941,0.3764830434558911,0.5551143749811371,0.47597227663737324,0.6365885465595538,0.6353156452589565,0.5185943038285519,0.1989514035058324,0.7611824004611158,0.23406023031488105,0.5004130967238574,0.6091644621346154,0.613527395908086,0.6398162713257417,0.3638011723869677,0.5930818323667479,0.2961884689295664,0.39716174857697045,0.4488146162810494,0.5549669768318866,0.355483691143182,0.5344435318222254,0.5115802383313443,0.4973956618288727,0.40539677586948614,0.47800981228179495,0.388846795681678,0.3821953584749495,0.3338833914370262,0.487456027400532,0.4473705919192119,0.3347245305335855,0.43824900576781356,0.47200658656348987,0.7462197608513831,0.60637101362548,0.6432317977800852,0.4717026920282789,0.39060248311926504,0.27981118576713826,0.4625930581443557,0.7548623965261991,0.0,0.6701347776581137,0.34179080339477136,0.568980338388222,0.32094667747311495,0.9270835177951295,0.3959617392432584,0.4839559002386704,0.37932993276599314,0.48375185574923546,0.23775356815889417,0.7512451501410077,0.38366286562862373,0.7246581754028378,0.507448196080197,0.5823829282699382,0.6584698027484883,0.39227156228383353,0.36670476448264777,0.404384727401832,0.2521336893054895,0.4511084692085471,0.49973221032326914,0.4249491630473481,0.457605609788112,0.5958155482475311,0.4926607335006548,0.6011306118342297,0.5056463129837998,0.4523545447875398,0.5378786150748751,0.40868355944096835,0.28814045526328785
0.20154288494096106,0.39930886731203796,0.29605438488561864,0.7443396477606664,0.3805883877179115,0.5445873077080242,0.4690801616828226,0.39326201871694777,0.39484006977391156,0.8027183600847726,0.26799560808410183,0.9141389393738635,0.5352174152344386,0.525330493973665,0.33662678413078984,0.3520640928765552,0.4877961037957705,0.47209893707254635,0.25699846709095364,0.39808476711457913,0.5144399750733455,0.29371242103808565,0.3148865039911343,0.7087832360653532,0.36221638751760726,0.4913509635066976,0.3830264607398136,0.4184742714736628,0.511868622940172,0.221468121073237,0.42221744719148513,0.26110376365087035,0.35625203457861365,0.3718490794777321,0.4521367003985106,0.5481777926325999,0.4162221257277179,0.8987793703704714,0.2368965286886357,0.29342792483135316,0.30784548265565076,0.4344387669662517,0.507465923938564,0.6701347776581137,0.0,0.24330596922465192,0.2870181541153101,0.3454974697596909,0.791603460326006,0.30240169906335884,0.5457724117854454,0.42153066016955554,0.2886428057579518,0.26628154434303714,0.9165637389071295,0.22673436139072922,0.9766963110355138,0.5260433697870407,0.590503145203943,0.3643909273066559,0.38291152598926564,0.6187407558748081,0.4321479171418741,0.24037376931862092,0.3664912943128521,0.35629657130772424,0.23181997533700455,0.3308546042459196,0.8953777005837502,0.250932810521736,0.617825628528083,0.370286476273206,0.4148423632499864,0.4791958925156395,0.3810560152710708,0.40583127233930655
0.826116403627653,0.3294785952757303,0.6761945678805457,0.27882013051596705,0.7151584254485444,0.38172321750876875,0.6417304883457259,0.45624631354446266,0.773822983645452,0.41507588623142927,0.6976958086846311,0.18226628445447945,0.6798938502462926,0.40176962416279455,0.6202773517386353,0.5848124099731764,0.4906671681653142,0.6157318298910405,0.616749108836241,0.6920028739771198,0.6862506899037065,0.63302905450007,0.4022124588550122,0.25363714857382524,0.7184968039633929,0.37798979134318045,0.676219701220385,0.7127264307102587,0.6704367441516711,0.6388221495697302,0.707000349261528,0.5939391397985797,0.5167925921755344,0.35054089090130314,0.5472191401615591,0.5229313219264661,0.7305218669916755,0.2026611174932637,0.583181133995356,0.4325973660445467,0.5030854037405641,0.3976604954369036,0.5410193076327056,0.34179080339477136,0.24330596922465192,0.0,0.6032940137444203,0.7018952902376189,0.4760626788196432,0.8200972597231782,0.3453544374989512,0.6383336085625109,0.5396228438015964,0.645215361316811,0.3790510613248129,0.7621208214325567,0.23416825095392507,0.9084017787700007,0.6426141346014959,0.558186321523254,0.7795938459305626,0.7724842117662829,0.888358272511232,0.646505673791898,0.7385228868670514,0.6237723917115395,0.7710235990696054,0.5144933360791082,0.12757805098231528,0.803264683102522,0.35003115282036623,0.6689896996085004,0.7442726379369575,0.8230101762071995,0.7131143114957565,0.9002075999172969
0.4071742295879536,0.6418514153403353,0.2901429585833858,0.5053712629044592,0.4524734712973837,0.7173051096419482,0.4775599689231286,0.6328875492389862,0.3755070097627718,0.5108416124714114,0.36131619348221466,0.2869340600682605,0.6848659280382189,0.5382128507154323,0.37899996089273774,0.4803228721607532,0.43400190912315145,0.37482104589800946,0.23951423559418306,0.21396312912972407,0.44419638758846547,0.23579296247028303,0.6381049484631182,0.39496182399390045,0.4975225620275292,0.41015737556528775,0.42967263768522623,0.5506222831321007,0.4588909643432255,0.7264641023600112,0.4002368615156397,0.5088589759175349,0.633394788363253,0.5266668470637054,0.5115254880463606,0.5356890855499676,0.5473270076104004,0.41237522849937946,0.7012656738879824,0.7065860815006977,0.5903514172237261,0.6661324457803818,0.6586259517050758,0.568980338388222,0.2870181541153101,0.6032940137444203,0.0,0.24657654602742402,0.5063040717408492,0.37489698625680634,0.7184520311502033,0.2518086715204324,0.7484432253820044,0.23074598383700423,0.5305447425440617,0.2785511451049538,0.27898956940586506,0.6708544380355961,0.6664882498434809,0.4263205458412196,0.6461315268478456,0.4331945593418569,0.15936221782025434,0.050637384531898755,0.3084977240322442,0.4184905214323328,0.35205010979089957,0.8231895012660082,0.454746213393142,0.25657165683977884,0.6304618813320538,0.6566988817731656,0.5994127490654617,0.5423846144063857,0.4378437959099839,0.506517457175959
0.7214709689624843,0.1706752047351059,0.9364413182447713,0.08796688898090621,0.7823134139229191,0.032271923649104584,0.5087059382141259,0.49160026894732056,0.8890743670449486,0.33614912819989984,0.8860693515278895,0.29937754071378786,0.2407842227943261,0.6879035029642406,0.9546207697627757,0.3426122652784619,0.4594479534590422,0.4069624452509934,0.6964005732312584,0.9403792535327028,0.7158506638248245,0.8636724335096706,0.5440968293364492,0.35027476939074376,0.47186662810521424,0.32482263358468955,0.7684058132248692,0.3908322104935702,0.4055292470457087,0.6437080415067058,0.4714380898186671,0.42566307594032354,0.2564971311039064,0.2699327267305476,0.4036909770000019,0.5961990910120062,0.5842209503718305,0.29758499746228856,0.4088124104792413,0.24679664187758238,0.40604976393508724,0.10238991866680164,0.49566276572991147,0.32094667747311495,0.3454974697596909,0.7018952902376189,0.24657654602742402,0.0,0.4666110025251631,0.8711805994549706,0.2545841922897922,0.8731644458448606,0.622264606220275,0.95774148313177,0.12438989583472354,0.8714461505239262,0.20169470345750723,0.3151130055679975,0.6921800622729247,0.8963945286706185,0.44422960526754707,0.3110707679616892,0.6155569418065293,0.7563566117745375,0.8887095185566274,0.7349430325670736,0.9722861197406666,0.4739267436189089,0.2422628167529505,0.4031719212883722,0.2608616796864184,0.5796917352585108,0.47006575286421726,0.37145725850826794,0.5406602221841402,0.5063758822234248
0.3010028149248808,0.4334500029413062,0.40799868024770647,0.668475144440295,0.4860777791668908,0.371685867171879,0.5999923434456859,0.42466671080521634,0.37084360792173343,0.7053008479590097,0.4338727753164608,0.5858417801001184,0.5233713797090306,0.6087382981226191,0.47518076546804344,0.33267970650937606,0.5367535099720481,0.3757205370787402,0.4293065293037508,0.3908437729554882,0.5646043456198024,0.3437332652662498,0.22120585933515108,0.6587214504520127,0.3208635840369518,0.38366926518109334,0.36822814680004456,0.5389266138381188,0.4962097835601498,0.4193661037317294,0.6033815919120342,0.32264272363004654,0.3374874497399881,0.35848356270568404,0.44372671840722216,0.7485778464215835,0.6940502966413672,0.8443390305017202,0.32396060598041876,0.41405948765493145,0.30924463654084733,0.5960192246585541,0.8802797350659142,0.9270835177951295,0.791603460326006,0.4760626788196432,0.5063040717408492,0.4666110025251631,0.0,0.4524306043228701,0.40792954167166445,0.40443103373017086,0.27142609943453216,0.4071322569179411,0.8360281128537362,0.43434402097222513,0.8638370132172242,0.6232926620208256,0.4764990298420853,0.5594817548124174,0.430558339369986,0.4351332774415703,0.2854084462138462,0.3513169312498594,0.37652524283424543,0.5172796967116932,0.36277045577689704,0.2796574902637006,0.7086190108706601,0.42718558681079005,0.6793268270707823,0.3973504852134323,0.7472752947043053,0.5183299627228223,0.37594674784515086,0.43968196958054184
0.7457717301784357,0.4564975156520417,0.8623776198661153,0.5238652536206905,0.7788793579799546,0.34622964138790885,0.4246691763522255,0.41006448286707686,0.9074788489754253,0.40630718164582713,0.9081882515559874,0.28332686055104833,0.44443850306623073,0.63368664207593,0.862280825857342,0.4702121587810694,0.5292986979875665,0.4726996779075205,0.7117065943885249,0.9598507426088764,0.6674534344629001,0.9608944811209493,0.5105294692230268,0.36977787587275635,0.6008584789947966,0.37928954043277896,0.8096958042877302,0.5937105318304197,0.5611381124060595,0.6948894486239441,0.6226958092509876,0.4803289374544502,0.28809329176385234,0.3734028917647588,0.4252012217978415,0.7051384928725182,0.7030656295913381,0.2604998400467945,0.4534144394596817,0.33118940282088205,0.3678068098575856,0.08866069835736956,0.5141917500533063,0.3959617392432584,0.30240169906335884,0.8200972597231782,0.37489698625680634,0.8711805994549706,0.4524306043228701,0.0,0.30570029873660254,0.8106388019261555,0.5493091706575746,0.8465610577103458,0.15879484602117255,0.9328436078795506,0.20032770691900448,0.5629109525782425,0.537422106318225,0.8805038689193747,0.4382615302136885,0.49738129790435587,0.4993592220914828,0.6570884973708302,0.8544647641627974,0.6674335275537668,0.8566682238968668,0.4932418704216786,0.28528851179923875,0.4853452872365527,0.3123744125970709,0.5978628753068111,0.5511936239168486,0.5192905177740874,0.5721006561772095,0.6603421488054178
0.308399467117883,0.7158580862516337,0.20371850560792143,0.6374667017544101,0.33042480189016016,0.8355103051278306,0.17085185130729208,0.8328072521501128,0.34764255627021645,0.623797268054974,0.2574594522088416,0.7354033810895565,0.5914422656232776,0.641518465367454,0.30184739033594365,0.21593351932847404,0.5440209734954464,0.1757950475840264,0.27312806608882156,0.2845557322175387,0.6047065942272305,0.1243273605570151,0.5779373753791176,0.686304920277824,0.4003851867494134,0.7102691612165242,0.254794475649428,0.3447197099234388,0.4188307706726773,0.60409441016577,0.16598562550672397,0.5284078801358868,0.7826771543529938,0.38479635360461717,0.38438571810404654,0.6847773199587404,0.3680167497762375,0.7094416857601717,0.518558734118592,0.7107047813737865,0.49766406695762916,0.4217438693780428,0.7160698475222359,0.4839559002386704,0.5457724117854454,0.3453544374989512,0.7184520311502033,0.2545841922897922,0.40792954167166445,0.30570029873660254,0.0,0.32415042224323765,0.8291312287760921,0.21352319368666217,0.6095842599283339,0.30941092869013265,0.5516209694757314,0.6080924312161756,0.5485025016874936,0.25499699863830727,0.3625792666045582,0.2860024763377091,0.26529689517379745,0.27556526734360187,0.1867062825491705,0.4573262580508064,0.14759894646222854,0.7274180516444921,0.715098700172957,0.33486849516542544,0.8226412753685888,0.40940247152933595,0.41184480565335024,0.27152712876851925,0.38674146979741686,0.22295562472384806
0.7231985111795372,0.3336100491738131,0.7752346371244387,0.524899576144729,0.9255288653542448,0.29123629391259653,0.5216261296067757,0.449979075522972,0.9717120638050467,0.48096706503875436,0.8047422577631158,0.3732203761128303,0.6157546891517951,0.5867675576041318,0.7484173724517194,0.5630907752459573,0.3634649242320853,0.5164884305953248,0.7391521597650519,0.9889951797281211,0.7367578953655942,0.8551763709161981,0.45057874517051644,0.47220847082641154,0.49854092475865214,0.36468458401416814,0.729138036358977,0.6554078658411187,0.696034925224326,0.6615048655930041,0.6580177587943645,0.46349968537360287,0.27674708442595264,0.17298377509477741,0.48094608972901554,0.5615084289221571,0.46270837162676465,0.3380694293084957,0.3705085268750379,0.18758459695643315,0.23664352829347568,0.1828378045623403,0.29552246239829366,0.37932993276599314,0.42153066016955554,0.6383336085625109,0.2518086715204324,0.8731644458448606,0.40443103373017086,0.8106388019261555,0.32415042224323765,0.0,0.5613678356526584,0.8789599387875818,0.08845915243817642,0.8597140039187408,0.3220395902878771,0.4165540859844739,0.4478795293679578,0.618358292771881,0.5206349187740349,0.5479177851343973,0.6338495568475839,0.7629507409856702,0.8679277590787181,0.6759428674184174,0.756223992081509,0.544860689672913,0.48118360090797896,0.42562139836344565,0.3785347404563442,0.5936923435545615,0.5969442628352584,0.5442443741794813,0.556429335863178,0.62167921307429
0.5333676356823636,0.6240683220516374,0.5861773561163894,0.4989823655155473,0.47891487560192353,0.679257629805614,0.5193563745189358,0.727128084033082,0.6196914136047958,0.48027369579552753,0.5916074671279342,0.3274895807782593,0.648692023653478,0.5285213691754089,0.4891582275075632,0.27408434325293396,0.4932288897723955,0.33706813606424424,0.5860865915638594,0.5111359973684693,0.7918885234343774,0.49324422588476136,0.6721598949087784,0.5137949967735621,0.6181123162938208,0.5077090700329426,0.5870578798353947,0.3775010419555972,0.39587776126885343,0.6202792096731069,0.3733927569208416,0.5893011375370831,0.6614482793420438,0.32981653101659314,0.334893264564429,0.688116946562457,0.48325491767022377,0.4253154293531965,0.5982471122736426,0.6023776589561509,0.38805209800551593,0.2349939284326128,0.6860015992713016,0.48375185574923546,0.2886428057579518,0.5396228438015964,0.7484432253820044,0.622264606220275,0.27142609943453216,0.5493091706575746,0.8291312287760921,0.5613678356526584,0.0,0.6249029511013413,0.4142334307005918,0.555593751653996,0.2013352548319759,0.5999190007743944,0.38655059729276375,0.48240015006469983,0.5302425449577359,0.3147564057926857,0.38091561022363196,0.6581762916256553,0.4750333533614642,0.7356276355040142,0.3793721524848923,0.7388769284600177,0.38929763226505276,0.5180634846173845,0.6496844403217319,0.5336354018641205,0.5120617477541702,0.3960068046704303,0.5096469306164315,0.4573098930946163
0.7402440295981336,0.3746311448591929,0.9768766513016988,0.34885390705955055,0.7567998799724983,0.19779095500957583,0.43797542984955906,0.41932217530645954,0.9461292532462869,0.4408056894347073,0.9149145089405049,0.34582199116036555,0.3308244654267486,0.6213510059637541,0.9420177267931342,0.4513008319200608,0.4374336476521505,0.3488273038756309,0.7507823951644789,0.987418986036936,0.7384227465265865,0.9255752500090458,0.4905430481262175,0.4004823680389341,0.516856852295039,0.38833483047687933,0.7451606766102905,0.5349470060168594,0.45974365334277667,0.7106108314291542,0.4753683016861055,0.2865372178716059,0.24128138566372775,0.16823716551608836,0.30813913127603354,0.5712299418630558,0.3535108801584801,0.3393384298710099,0.2817423887464794,0.20007048704032177,0.3498763398261133,0.09651005410064703,0.4290584589543532,0.23775356815889417,0.26628154434303714,0.645215361316811,0.23074598383700423,0.95774148313177,0.4071322569179411,0.8465610577103458,0.21352319368666217,0.8789599387875818,0.6249029511013413,0.0,0.13265614047807073,0.8938948686962608,0.2526555156801429,0.3405864895626123,0.5527638231825942,0.8540950038691506,0.44064189200294046,0.4464734270887289,0.5504258899019923,0.7813082297274039,0.9558440223599668,0.6518296502630905,0.8761981908649489,0.5414233122279254,0.3667931160973983,0.41750814575280853,0.3225383766282886,0.5658806327009345,0.6049771058530926,0.477075521618113,0.45709395016353305,0.5781680479793838
0.21898176069832487,0.5154886441851303,0.11002359405006523,0.7206832291989003,0.44598893623439706,0.7696150599643933,0.4570053101494058,0.4691832416335893,0.2762118658372959,0.8948919304675402,0.10737384005724226,0.6112188663326825,0.7202804084176068,0.4621872329004223,0.28651990451974874,0.5119430102436899,0.5225555314745717,0.47813184432105005,0.027960941876367607,0.26709128758436795,0.6293485003124766,0.23413258184530011,0.249948019735608,0.7460453787427948,0.4335551916356345,0.5081234502287385,0.3863189506265504,0.48953819360468787,0.6711391184023942,0.3587716151439574,0.4238143150833703,0.3676244453522059,0.45870779096342157,0.3698727282030715,0.509652894220584,0.5570946862459669,0.5301897408361748,0.8643107054742254,0.4130823075523145,0.41913461072169056,0.31425682147090883,0.47909883666280206,0.6030394552963433,0.7512451501410077,0.9165637389071295,0.3790510613248129,0.5305447425440617,0.12438989583472354,0.8360281128537362,0.15879484602117255,0.6095842599283339,0.08845915243817642,0.4142334307005918,0.13265614047807073,0.0,0.13286945223560565,0.9658833524390755,0.688013948781262,0.5459021053203883,0.2931198073249708,0.5536107813168804,0.5185734968441786,0.4022218919723234,0.016100197788191606,0.263884173714854,0.46465990255806455,0.1734930029019328,0.29473431092219793,0.9195065189084136,0.4428253712932479,0.7803840940474313,0.4081883541706086,0.5089258176750302,0.6114052816473163,0.300557374612011,0.45172618241459256
0.7877588887896012,0.19120111250423155,0.8565184759406179,0.17059044684439945,0.6909606792480852,0.16571655776097605,0.5742996961956459,0.4172003659375584,0.8877015414127931,0.3269723097167777,0.8941269091510918,0.21579678564738874,0.43311968122045613,0.4516940503186133,0.9486995444393638,0.3544719954822855,0.5024486360175088,0.3797090678398357,0.6824276370737974,0.889688728068058,0.7133069929066785,0.8890364219920006,0.37636406332284145,0.2956950533141559,0.5258808561116871,0.3882549705575801,0.7038905257355452,0.5193218661810944,0.391728001448304,0.6486952007475122,0.5178803479153815,0.4699067761947232,0.22039373258136113,0.2775812646203097,0.3512409408250955,0.5667188462722963,0.571444043128323,0.1925563581909288,0.4569774306538922,0.3030644026985253,0.3886030857010764,0.1986804279550184,0.4466148596368861,0.38366286562862373,0.22673436139072922,0.7621208214325567,0.2785511451049538,0.8714461505239262,0.43434402097222513,0.9328436078795506,0.30941092869013265,0.8597140039187408,0.555593751653996,0.8938948686962608,0.13286945223560565,0.0,0.08934146650787406,0.405457429705423,0.4270195784891134,0.9520002043525548,0.49531049175082575,0.36537290861558896,0.5333099896609781,0.7298531871681777,0.8447333287183129,0.7869359919597476,0.9390099144105795,0.32190350099895004,0.22177158910617084,0.48203346613852677,0.286137197051776,0.550918919292765,0.6021363763115927,0.4747347656715886,0.5267598526541115,0.6191857127754913
0.13122281048518314,0.3480046347088306,0.22102099836670336,0.6566064413389324,0.24875273170950427,0.6096695090831552,0.3593427325700401,0.39823419955755446,0.2823998223248013,0.855656504696569,0.15653879892644113,0.75938153454181,0.4117758728708838,0.581894528669296,0.30282123982035547,0.4390439862658961,0.4175593329713058,0.4174112824692365,0.2518898739795904,0.18585238494799253,0.395873907016389,0.17479701008309168,0.35921178279661625,0.779089699008979,0.20209936668956568,0.5234218565297271,0.3740647621846607,0.2897336037902406,0.43796102813585164,0.2757261909730905,0.4334388797435568,0.2926662562974216,0.37642493101879415,0.3984302267215922,0.45589247141752864,0.48324224351441747,0.42264571129239564,0.8845123701573006,0.2689966192479648,0.3375010664026838,0.37757290689576917,0.4497511253860446,0.6140448622338107,0.7246581754028378,0.9766963110355138,0.23416825095392507,0.27898956940586506,0.20169470345750723,0.8638370132172242,0.20032770691900448,0.5516209694757314,0.3220395902878771,0.2013352548319759,0.2526555156801429,0.9658833524390755,0.08934146650787406,0.0,0.3026569945854881,0.6375949264676029,0.32551425698986947,0.38561301040380247,0.39701219458539994,0.33671171704596076,0.09183717039556782,0.24236438052464082,0.29126353104751335,0.17189229851700322,0.27885445005423,0.9324123222611194,0.23901833279271242,0.6399957231566844,0.3968979827685136,0.44005811673812406,0.5305029438681625,0.26824504508891045,0.39724052796191966
0.6926596647724079,0.5213966194353649,0.31694533249778095,0.4569872475962513,0.6827030198522374,0.5952381213416073,0.6595264734526716,0.44470968270447164,0.5721990857664502,0.6594119842745292,0.40001611302300066,0.15433507712966166,0.837050311687228,0.4368780879024452,0.4586602500403361,0.5855574647014159,0.6694028010420188,0.6104311913254439,0.13775818977610926,0.5201846114541699,0.7985781007753986,0.4327215677693594,0.21341246215678195,0.35592083597653174,0.7983259567833136,0.4166861526717408,0.6600854281464869,0.7433640068488242,0.7625935698701987,0.7355746857059269,0.763630181784861,0.508489890046178,0.4609626593786259,0.5180551756715815,0.4710615067762075,0.6780596725349183,0.5480980422681485,0.48497439980517576,0.5846836428951222,0.6018728284585276,0.5764118546061405,0.4717217502802767,0.511105658696499,0.507448196080197,0.5260433697870407,0.9084017787700007,0.6708544380355961,0.3151130055679975,0.6232926620208256,0.5629109525782425,0.6080924312161756,0.4165540859844739,0.5999190007743944,0.3405864895626123,0.688013948781262,0.405457429705423,0.3026569945854881,0.0,0.5030385724728798,0.5498514639223788,0.842748663652471,0.8152808437178289,0.6973851158193438,0.12665523541369367,0.5647674425202613,0.8198292874579405,0.5177164134628719,0.4169866613658196,0.4696579672788189,0.921181286585632,0.7949977007258946,0.7148237474118613,0.7430104728362917,0.9342422321777668,0.6932126282719441,0.7959610368085164
0.5474579130328536,0.39408948767060437,0.617834583281323,0.6713121778358289,0.5432785952981151,0.5327610989925273,0.42520255351499053,0.4706745689335057,0.5479143183832722,0.5973445572622612,0.5718557657619053,0.6268038833571014,0.360937283764959,0.6752806357820625,0.6292659486651224,0.3869210661679823,0.4557100393969113,0.2992700405246834,0.7752925389720673,0.5666069726569174,0.44064811267859216,0.48206406235981797,0.6031318832460454,0.7060710327175884,0.3591557036819138,0.47601018355544217,0.3969915980562904,0.5529420741717502,0.2990355547092139,0.7210554209435664,0.6166471162802114,0.4828666255272443,0.3480150072725325,0.3676414046264721,0.5927109133138099,0.688856016610538,0.7332384049942668,0.5634908866088071,0.5253186597141669,0.4798441252200927,0.42911552267826875,0.39632757406927827,0.6362246120854338,0.5823829282699382,0.590503145203943,0.6426141346014959,0.6664882498434809,0.6921800622729247,0.4764990298420853,0.537422106318225,0.5485025016874936,0.4478795293679578,0.38655059729276375,0.5527638231825942,0.5459021053203883,0.4270195784891134,0.6375949264676029,0.5030385724728798,0.0,0.5516153132043309,0.4643826063755734,0.407730630881976,0.3355088999768575,0.6177463178906433,0.585742267936935,0.4501700086471227,0.5238537579604263,0.5972398692052618,0.6940407702491047,0.46029508243106076,0.6236139585217464,0.4982238447759762,0.6095892548722062,0.5570919548988548,0.5813826811063935,0.524619906981127
0.6252156970844638,0.4020612281118098,0.875137830585917,0.27279790539116155,0.929417588123084,0.2797732789958657,0.7478608233177025,0.4610307780191656,0.9432622631707925,0.6153199189001368,0.9062593488390558,0.21641355518760885,0.49774679371983827,0.5687298706682447,0.8763659240529418,0.250795067049815,0.5991148789986582,0.4433433340979583,0.7398134034951085,0.7649491318353245,0.6364428158380621,0.7523574817168032,0.48306457336091163,0.302479889342963,0.5349094980156597,0.41389966730005984,0.7127747560168962,0.45922545925238434,0.5461949056354185,0.5601625799097182,0.5761283969207048,0.38958424922972046,0.32363480698554037,0.37490319009830975,0.3035146248440447,0.646415990562963,0.741776778955876,0.30717986403973874,0.432942327998496,0.23879921794993234,0.3915713502145679,0.33484380482964116,0.5849871435040368,0.6584698027484883,0.3643909273066559,0.558186321523254,0.4263205458412196,0.8963945286706185,0.5594817548124174,0.8805038689193747,0.25499699863830727,0.618358292771881,0.48240015006469983,0.8540950038691506,0.2931198073249708,0.9520002043525548,0.32551425698986947,0.5498514639223788,0.5516153132043309,0.0,0.4305046254213345,0.5109673773878534,0.6110873584734692,0.7180874774559609,0.7405481072602215,0.5898989644609341,0.8156246758098656,0.4593360493245706,0.20634778100356987,0.47917608911565296,0.26033833433441345,0.47299123948004806,0.5219261103639068,0.5554867174578775,0.3569850317116577,0.5147173861169758
0.5525657925723627,0.37809453152172695,0.4166030981057752,0.4322367994642466,0.6850626737113521,0.39307433477368586,0.8614095546036638,0.3755919888811751,0.5327538777688446,0.5259273368915768,0.49258516631128507,0.1253283836466786,0.8621498356329332,0.47728415587542156,0.47651553514361783,0.6580708093347112,0.4200548378636078,0.7609918573571762,0.2692512695938335,0.4958246203192185,0.3946675454251245,0.42574392160397867,0.37198110811536367,0.058915958908531796,0.9393473775036518,0.17324664222429464,0.6088205382616666,0.8650114800758473,0.7558470916349189,0.6753404748190885,0.8239984433080643,0.44149875999662463,0.410945276637388,0.5655198081316086,0.6779359895018321,0.4296625786076418,0.5890694747943458,0.4103649289902507,0.595490566046089,0.7528500961473925,0.5790854529444062,0.5659662515608209,0.42047887835088016,0.39227156228383353,0.38291152598926564,0.7795938459305626,0.6461315268478456,0.44422960526754707,0.430558339369986,0.4382615302136885,0.3625792666045582,0.5206349187740349,0.5302425449577359,0.44064189200294046,0.5536107813168804,0.49531049175082575,0.38561301040380247,0.842748663652471,0.4643826063755734,0.4305046254213345,0.0,0.7886501564596966,0.8400171035853393,0.25725243395301806,0.5875767735542776,0.5153228049257302,0.49458204067740885,0.49591147734762286,0.2741549624434786,0.9931322946050116,0.5490366977154101,0.884292249355116,0.7649014364462218,0.8725843619718607,0.7771336745392824,0.8097625113467104
0.6828438958485836,0.4143641297875793,0.24095044265891752,0.49905553246356266,0.476653237938694,0.38593910927319613,0.567372756886342,0.17884176866642182,0.4690444468717905,0.5243081969064406,0.36866196291038544,0.2745234995588617,0.5796458734980765,0.15920644578819745,0.5129410819311628,0.8233980014447857,0.5557187197460612,0.7954350287471745,0.05565846144968278,0.4496104939940684,0.5701316491887781,0.5066126102205045,0.061795170207069094,0.37292692148068396,0.7750816861666044,0.4512572757838212,0.5749511305856786,0.7085620377386492,0.7876934443000778,0.5835395675969887,0.7012218661331526,0.5199739020343925,0.33850982690401565,0.4565782828767337,0.638280435706457,0.3841786418009986,0.42281779533575303,0.4242776261259008,0.5365184277474166,0.4568443230149518,0.5216129824857865,0.454034658073228,0.27729007949462137,0.36670476448264777,0.6187407558748081,0.7724842117662829,0.4331945593418569,0.3110707679616892,0.4351332774415703,0.49738129790435587,0.2860024763377091,0.5479177851343973,0.3147564057926857,0.4464734270887289,0.5185734968441786,0.36537290861558896,0.39701219458539994,0.8152808437178289,0.407730630881976,0.5109673773878534,0.7886501564596966,0.0,0.6781678527692822,0.09783101804605482,0.5946787128215809,0.4629113311226387,0.601651417728899,0.171837087696948,0.5478864814974952,0.7839175970084288,0.6860506764744785,0.593912495268545,0.7317942955337478,0.860077901956765,0.6538878119667833,0.7168023457724488
0.8102790691506059,0.36604785546735485,0.5357375222043911,0.26884521760951796,0.6842855587029952,0.4765076354558693,0.7379050763186548,0.3626356115839463,0.6366180933191689,0.6460875152404684,0.5890149114964671,0.2439437204544241,0.7535325170010816,0.5047079843822889,0.6501488028396802,0.9067695905044258,0.6599467972835578,0.9570308078689408,0.3548650646820881,0.6426162061234837,0.6547380111955703,0.7098258213621327,0.42742494149362276,0.23152541259006276,0.9223950846320508,0.3357369475327335,0.6826096337611445,0.8521744209886124,0.9639398291748993,0.7003471138029818,0.9566489900231736,0.5340462259036381,0.3462910413751725,0.6095160954140049,0.5569002068968831,0.35826118302871074,0.38278094578549193,0.39665786909903955,0.5839566711545048,0.48134671765881554,0.5633955205604381,0.33521416837039686,0.3188538755831233,0.404384727401832,0.4321479171418741,0.888358272511232,0.15936221782025434,0.6155569418065293,0.2854084462138462,0.4993592220914828,0.26529689517379745,0.6338495568475839,0.38091561022363196,0.5504258899019923,0.4022218919723234,0.5333099896609781,0.33671171704596076,0.6973851158193438,0.3355088999768575,0.6110873584734692,0.8400171035853393,0.6781678527692822,0.0,0.4391476958996075,0.6948682762493115,0.5270542522687363,0.739440768952812,0.372867977342847,0.2684544646283218,0.8198959168707131,0.37970229099526276,0.8317603775743498,0.681408504550332,0.8778014899531135,0.7935239672161782,0.9375734655459268
0.7523777195805915,0.34694352021875374,0.7810727538106933,0.24377936734212968,0.5375637692631396,0.22906298232434685,0.42311262237172464,0.6488796679672904,0.7816618666347283,0.14217431394814978,0.7284307267181317,0.4086207185606173,0.22226529678607732,0.7735538096461723,0.7811343461925759,0.33752686809153004,0.24423825678739897,0.28317426300551984,0.8724845275229411,0.8354366957626329,0.6662223327139988,0.8625453654343636,0.7191973018969142,0.4569758786493809,0.3063727904260747,0.5333761413179645,0.6237179700959646,0.2977508701154934,0.287773962330641,0.5799521140593392,0.40951862224316216,0.6654933831913413,0.3497515905830515,0.3184865917172428,0.6852929612104716,0.5072943811853463,0.4040356141124043,0.17602059695560907,0.6102211560525415,0.2740649255689108,0.41991140418559914,0.345983133646,0.3214897335382226,0.2521336893054895,0.24037376931862092,0.646505673791898,0.050637384531898755,0.7563566117745375,0.3513169312498594,0.6570884973708302,0.27556526734360187,0.7629507409856702,0.6581762916256553,0.7813082297274039,0.016100197788191606,0.7298531871681777,0.09183717039556782,0.12665523541369367,0.6177463178906433,0.7180874774559609,0.25725243395301806,0.09783101804605482,0.4391476958996075,0.0,0.7313282338773759,0.6540858834070639,0.7433697823423543,0.6215294658517929,0.15513655098136758,0.2161361457246196,0.18981177869114435,0.42614753054692167,0.31076508569256867,0.3458750387779248,0.5725606178343724,0.44648277430374567
0.7471185855378724,0.17292554465665277,0.8649842813536055,0.26334357459441526,0.8929128433564035,0.16669810254860162,0.7224775938061537,0.34820522205564153,0.9950019695601608,0.5409189567030193,0.873261096597403,0.2938560718841934,0.6050442140504566,0.5143473337115196,0.8468898776828286,0.3706330651641369,0.45730977142162016,0.44550917067840146,0.7600827830449743,0.9456582539529945,0.540545218388778,0.8633721271098458,0.48605199431544566,0.1679409871126748,0.5842356680874796,0.2725505374972327,0.7486696591424372,0.7297274734491057,0.6311824317279882,0.7001994206692836,0.690407780592825,0.31719526675824905,0.08056927538131359,0.2650156086099503,0.47555259346069306,0.6026304622061782,0.6081757117190316,0.3440628187882815,0.38420252252765663,0.2295369888493763,0.3869879847668047,0.27835527053569364,0.3839201201449529,0.4511084692085471,0.3664912943128521,0.7385228868670514,0.3084977240322442,0.8887095185566274,0.37652524283424543,0.8544647641627974,0.1867062825491705,0.8679277590787181,0.4750333533614642,0.9558440223599668,0.263884173714854,0.8447333287183129,0.24236438052464082,0.5647674425202613,0.585742267936935,0.7405481072602215,0.5875767735542776,0.5946787128215809,0.6948682762493115,0.7313282338773759,0.0,0.6145552224200583,0.8195659973740167,0.44037169128829007,0.23652385578479987,0.6115813543226625,0.32658319438206895,0.6256808671444983,0.6686032144107985,0.5689648084707499,0.6342290708621471,0.7085047811560042
0.5819787819603106,0.4534034666414922,0.6841068928000585,0.4771183731827677,0.7338524942364005,0.4802895330478154,0.777037563949614,0.7060304369860081,0.7344903684838773,0.5308202621363801,0.6380684274893136,0.24954605217209289,0.8659214764692352,0.4728932586515144,0.5128799121659489,0.3539162983083518,0.5564599134217819,0.563283663616371,0.5284598695210538,0.6188541178001503,0.8724143985045316,0.6276782891294896,0.3513936219858579,0.526837264216733,0.6385375858825061,0.5447982324169098,0.6772200484998648,0.4591859290286674,0.4914939549531089,0.5201170191384008,0.5125438288468382,0.319100853366757,0.43423801241885446,0.32038062596118755,0.4420792420317994,0.7931448119889499,0.5982528872130597,0.3679991371838004,0.39630790191177934,0.3455720251108684,0.4008039926747192,0.3096646917234884,0.7518203914901394,0.49973221032326914,0.35629657130772424,0.6237723917115395,0.4184905214323328,0.7349430325670736,0.5172796967116932,0.6674335275537668,0.4573262580508064,0.6759428674184174,0.7356276355040142,0.6518296502630905,0.46465990255806455,0.7869359919597476,0.29126353104751335,0.8198292874579405,0.4501700086471227,0.5898989644609341,0.5153228049257302,0.4629113311226387,0.5270542522687363,0.6540858834070639,0.6145552224200583,0.0,0.5657579742250279,0.4279239381730692,0.4286980384756271,0.6689811502547127,0.4865772799778134,0.5766021066126025,0.5783403590390597,0.4486455629379796,0.4963451562819016,0.5094404613274726
0.8019590737536731,0.3002654990293059,0.9195586097035957,0.11242187299425183,0.894385397853189,0.10461338939550113,0.6860631714513536,0.2593756807479034,0.9526862691650582,0.4446490827093064,0.9344892429351124,0.11801372023612733,0.5006804423572548,0.5222572941222043,0.9067417121254417,0.4423787951725343,0.521720574846395,0.619482662605091,0.7563934983045251,0.8458036737921434,0.4971925827036242,0.84593303719779,0.43608152441630715,0.10357937637732678,0.6713445529213733,0.33875432203619077,0.6915585932149324,0.6797556707293445,0.6128735510633556,0.6772089842913879,0.7845825790769824,0.39297197202223627,0.20189222057088857,0.36567640595406714,0.5159915664682752,0.5260662201208358,0.640329242855075,0.190391764745228,0.55035774172853,0.1776459416257531,0.4286312453721971,0.36074784532560056,0.3617255037112506,0.4249491630473481,0.23181997533700455,0.7710235990696054,0.35205010979089957,0.9722861197406666,0.36277045577689704,0.8566682238968668,0.14759894646222854,0.756223992081509,0.3793721524848923,0.8761981908649489,0.1734930029019328,0.9390099144105795,0.17189229851700322,0.5177164134628719,0.5238537579604263,0.8156246758098656,0.49458204067740885,0.601651417728899,0.739440768952812,0.7433697823423543,0.8195659973740167,0.5657579742250279,0.0,0.43916308598489884,0.01612865836433136,0.5913272160602783,0.262482716062563,0.5775384208908073,0.5926962202001151,0.6168811834288783,0.6137502207534971,0.78633635319603
0.48942913776382563,0.5026601245874512,0.46373506181130253,0.45013062824667555,0.3768712672660927,0.5749712586538174,0.43785092105300893,0.6511887376940964,0.5210976617540019,0.46781995547319233,0.5508806819781402,0.4622585372880243,0.40588300066594163,0.6914607443046523,0.5623980322545103,0.34452610620860813,0.49459652283570993,0.3752713131973818,0.5003862124656802,0.48870421835965117,0.5058707173239435,0.44235079052632237,0.7928929301948956,0.5712094412526093,0.515287209732809,0.48612837852680035,0.4510381273557057,0.3353718768350207,0.38623414083980256,0.6883019108013815,0.3408807713858203,0.48187145149287436,0.7070346098828664,0.40572977543500355,0.2219872713375503,0.676957411157832,0.4007122284905416,0.5764724480285413,0.5035483620114483,0.7672636082492963,0.4727431355037274,0.2204571950361554,0.7968183856963618,0.457605609788112,0.3308546042459196,0.5144933360791082,0.8231895012660082,0.4739267436189089,0.2796574902637006,0.4932418704216786,0.7274180516444921,0.544860689672913,0.7388769284600177,0.5414233122279254,0.29473431092219793,0.32190350099895004,0.27885445005423,0.4169866613658196,0.5972398692052618,0.4593360493245706,0.49591147734762286,0.171837087696948,0.372867977342847,0.6215294658517929,0.44037169128829007,0.4279239381730692,0.43916308598489884,0.0,0.5267250037665565,0.412034456999195,0.6112216779189102,0.5484187520523447,0.4911225532745741,0.47801770920596015,0.5530799916142769,0.45084070145879745
0.1406721539542376,0.4988286031348138,0.23997297962321773,0.6789369500706849,0.2720519141602415,0.6376134349696478,0.36783209094346936,0.6238836247576529,0.36076128455207523,0.7616441487909027,0.22907921091759254,0.9418062726601264,0.4466850047970494,0.6696229398650495,0.12473889034740632,0.28512143474012874,0.5487197600062745,0.31538274379676645,0.26526399853317684,0.22510560167975796,0.49773394845772345,0.1224393636520853,0.4495616590204421,0.7958594331795967,0.35685376397201574,0.5607430508175031,0.29351393608214843,0.28054053671746676,0.3049010949722233,0.28209261073246744,0.23399187581252612,0.3280971523454251,0.534083593153705,0.3240516641636882,0.3496378848945142,0.6496869011556943,0.4752179843609913,0.9129178487388923,0.30302299049375014,0.5336988849867313,0.2494946226473178,0.4585219775459602,0.7260962112006926,0.5958155482475311,0.8953777005837502,0.12757805098231528,0.454746213393142,0.2422628167529505,0.7086190108706601,0.28528851179923875,0.715098700172957,0.48118360090797896,0.38929763226505276,0.3667931160973983,0.9195065189084136,0.22177158910617084,0.9324123222611194,0.4696579672788189,0.6940407702491047,0.20634778100356987,0.2741549624434786,0.5478864814974952,0.2684544646283218,0.15513655098136758,0.23652385578479987,0.4286980384756271,0.01612865836433136,0.5267250037665565,0.0,0.35156114116007475,0.75789419469181,0.2687500460404898,0.4045217429156056,0.39535895363361184,0.3401760175235452,0.26218406311043907
0.6561822505576635,0.4044880507569194,0.3791507567761622,0.5076052573722253,0.5949617870412297,0.3750736336809095,0.7808203277975712,0.4432878149505808,0.5665099273277991,0.5011878403295754,0.500400043388067,0.05837445170190764,0.8492928972954294,0.2559450427938635,0.46530006609768493,0.6456293417774467,0.572138711845268,0.7276324493093957,0.1735705591558408,0.5404740141750728,0.6766432380383999,0.5201673242735925,0.2978942578990651,0.1850667927638202,0.8494821844540109,0.3880424518147958,0.610309225750031,0.8266795391897174,0.7785237000428971,0.7999464408184662,0.7676414089667848,0.5062391489187108,0.395579607941258,0.5254151755477195,0.5865442690159338,0.49242624668659474,0.6424090826576553,0.3351790703641873,0.616411975388063,0.4630599289842198,0.5920525891186069,0.5493518455341228,0.53542881968161,0.4926607335006548,0.250932810521736,0.803264683102522,0.25657165683977884,0.4031719212883722,0.42718558681079005,0.4853452872365527,0.33486849516542544,0.42562139836344565,0.5180634846173845,0.41750814575280853,0.4428253712932479,0.48203346613852677,0.23901833279271242,0.921181286585632,0.46029508243106076,0.47917608911565296,0.9931322946050116,0.7839175970084288,0.8198959168707131,0.2161361457246196,0.6115813543226625,0.6689811502547127,0.5913272160602783,0.412034456999195,0.35156114116007475,0.0,0.5328174551652225,0.7819068187714868,0.8081571064252281,0.8650757459713674,0.6423477720328388,0.873610124934622
0.35196292024234094,0.5496256266191637,0.30029351167825596,0.7327548327294363,0.37609920529272206,0.7173071138179675,0.43607292193536534,0.5920301697201267,0.4129789860812495,0.7084426976780609,0.29391843745909496,0.5056109539848871,0.6857291019481043,0.543076879666666,0.17768082587938744,0.3077871628684654,0.48357633523580534,0.34950224858763984,0.305376078023859,0.23678667624663155,0.6170885299914066,0.1775114224951968,0.4210193805294792,0.5834210387994246,0.4480123373202991,0.5295954078817372,0.3337944660258344,0.3753140648952657,0.49310981109727947,0.4252373639216687,0.38728835011273666,0.4354731890814644,0.7166676414435014,0.3200312956907039,0.4124937200096333,0.7199591918913639,0.555310116794723,0.6141897325991399,0.6081298695279203,0.7149760777321803,0.4501153633769584,0.4535102060631196,0.7019705320233911,0.6011306118342297,0.617825628528083,0.35003115282036623,0.6304618813320538,0.2608616796864184,0.6793268270707823,0.3123744125970709,0.8226412753685888,0.3785347404563442,0.6496844403217319,0.3225383766282886,0.7803840940474313,0.286137197051776,0.6399957231566844,0.7949977007258946,0.6236139585217464,0.26033833433441345,0.5490366977154101,0.6860506764744785,0.37970229099526276,0.18981177869114435,0.32658319438206895,0.4865772799778134,0.262482716062563,0.6112216779189102,0.75789419469181,0.5328174551652225,0.0,0.45262883567023926,0.5748599582891858,0.5504772574124045,0.3601510661283825,0.5720543838309485
0.6596869293209042,0.3954474692390365,0.511779255220665,0.31716568705432224,0.7739046585918196,0.3103294736519474,0.7737182408352976,0.3282345234812473,0.6920837522519117,0.5646889993083674,0.5382466813522703,0.25334772394066235,0.7124785268834432,0.6108909399316496,0.5920744426404533,0.4701556210613309,0.4563878207301122,0.6230755951607988,0.33505860140725985,0.595426394402295,0.4600360443535095,0.65079258604493,0.5054186833728275,0.1467419386182544,0.7122662665976341,0.2506983544782898,0.6388649026624743,0.746018012609556,0.5958449273116518,0.8203987717428755,0.7344242568381745,0.4561251579671108,0.324747022941704,0.5103039942488192,0.43247335919934465,0.5228140844050698,0.552605647706989,0.4676601242284501,0.5316309165070463,0.5653926931337725,0.5323948870854703,0.31274524693592703,0.5035601417495645,0.5056463129837998,0.370286476273206,0.6689896996085004,0.6566988817731656,0.5796917352585108,0.3973504852134323,0.5978628753068111,0.40940247152933595,0.5936923435545615,0.5336354018641205,0.5658806327009345,0.4081883541706086,0.550918919292765,0.3968979827685136,0.7148237474118613,0.4982238447759762,0.47299123948004806,0.884292249355116,0.593912495268545,0.8317603775743498,0.42614753054692167,0.6256808671444983,0.5766021066126025,0.5775384208908073,0.5484187520523447,0.2687500460404898,0.7819068187714868,0.45262883567023926,0.0,0.8017008955844575,0.6710640661104063,0.6734936849816554,0.7319348365161524
0.5913816573841187,0.32979481954460366,0.4777052100105936,0.35213295865484484,0.6170673972439199,0.39431451663379735,0.7695789414418315,0.35876784833048525,0.6974426890034833,0.6785039039866443,0.5839504889770438,0.17372708012513577,0.7523029170566409,0.47507184082292986,0.562367262538652,0.450071207487727,0.642004338862695,0.37737066506117817,0.31495036536524235,0.6800729116171158,0.537062158530471,0.5500125371344018,0.31360003259640257,0.26848398196379636,0.702807390164836,0.24699016513847483,0.6897129953304185,0.9046132108691904,0.7030289544753265,0.8327959466747985,0.6738272497798684,0.3395904817431704,0.24199100197166004,0.39438820756424325,0.4985684921556599,0.6526383336646586,0.5066858199638998,0.39370841402660284,0.42679471523389323,0.5093481752358204,0.43792456895062415,0.33842152796574143,0.6305358623846152,0.4523545447875398,0.4148423632499864,0.7442726379369575,0.5994127490654617,0.47006575286421726,0.7472752947043053,0.5511936239168486,0.41184480565335024,0.5969442628352584,0.5120617477541702,0.6049771058530926,0.5089258176750302,0.6021363763115927,0.44005811673812406,0.7430104728362917,0.6095892548722062,0.5219261103639068,0.7649014364462218,0.7317942955337478,0.681408504550332,0.31076508569256867,0.6686032144107985,0.5783403590390597,0.5926962202001151,0.4911225532745741,0.4045217429156056,0.8081571064252281,0.5748599582891858,0.8017008955844575,0.0,0.891370665108346,0.7119765883883475,0.6910809282627897
0.7122417339228128,0.38311390030683967,0.36178779349520473,0.44130594960095265,0.7701102604057775,0.37230956838106816,0.8971709429499097,0.3390780221561952,0.6214769481008438,0.7138865571110468,0.41949977336547944,0.2510217724894297,0.8789787046292504,0.4734751054207028,0.5825566320269269,0.633163265402781,0.6209195352156912,0.7577736191752427,0.2641380940071781,0.419257822277475,0.45503064725360154,0.5425823909276772,0.34202780715985703,0.284402896874267,0.8007858476648109,0.33971947650458145,0.49353784644500887,0.9138833137414726,0.812671670138565,0.6921885535112526,0.8343668141358844,0.29300828906819143,0.3907841521486785,0.4903678158061816,0.5793347976510382,0.47936660122049196,0.5464261732584734,0.5053297245536015,0.4448767883001865,0.46017029837066026,0.5965302314417549,0.5469329394487898,0.5139872460649322,0.5378786150748751,0.4791958925156395,0.8230101762071995,0.5423846144063857,0.37145725850826794,0.5183299627228223,0.5192905177740874,0.27152712876851925,0.5442443741794813,0.3960068046704303,0.477075521618113,0.6114052816473163,0.4747347656715886,0.5305029438681625,0.9342422321777668,0.5570919548988548,0.5554867174578775,0.8725843619718607,0.860077901956765,0.8778014899531135,0.3458750387779248,0.5689648084707499,0.4486455629379796,0.6168811834288783,0.47801770920596015,0.39535895363361184,0.8650757459713674,0.5504772574124045,0.6710640661104063,0.891370665108346,0.0,0.6024032905678807,0.8801610436739902
0.7421602989951253,0.3518674352003376,0.5499553852109866,0.2925416463553123,0.6612343943363129,0.5939671673924376,0.6951169704593689,0.46544857782251386,0.6035220276875508,0.5590068243439876,0.5232095334074224,0.2042252100083336,0.7765841894885783,0.571029774600539,0.6089302970476123,0.641778448234748,0.5059225224498566,0.66478933386641,0.5689441535720173,0.6939926441278709,0.4641813693639464,0.6781594089156522,0.5217210656462483,0.2291187614812839,0.6423843310925316,0.36798659445814885,0.6277776586712435,0.860305798553662,0.7763376924018021,0.87651043422277,0.7239234659533463,0.613885265147524,0.44162403936187,0.5709720676843987,0.5791956485351292,0.45629560600130703,0.4560348997521946,0.35648323282127425,0.6799299127689287,0.499402815975196,0.6379620337122603,0.4448443201855954,0.523279358834774,0.40868355944096835,0.3810560152710708,0.7131143114957565,0.4378437959099839,0.5406602221841402,0.37594674784515086,0.5721006561772095,0.38674146979741686,0.556429335863178,0.5096469306164315,0.45709395016353305,0.300557374612011,0.5267598526541115,0.26824504508891045,0.6932126282719441,0.5813826811063935,0.3569850317116577,0.7771336745392824,0.6538878119667833,0.7935239672161782,0.5725606178343724,0.6342290708621471,0.4963451562819016,0.6137502207534971,0.5530799916142769,0.3401760175235452,0.6423477720328388,0.3601510661283825,0.6734936849816554,0.7119765883883475,0.6024032905678807,0.0,0.7727228736744003
0.7676730985302516,0.3477559876065839,0.4913604737913889,0.42485550687606655,0.7412983317423203,0.3106994846636846,0.8240106746356898,0.3635042270309779,0.6763287050083876,0.49013257403992505,0.6070334868477645,0.2380580313357062,0.7557385290878412,0.39716837777246555,0.600658767325858,0.6659728012927059,0.6086897716585682,0.8270006934606782,0.3915316735948884,0.5970070215458209,0.4019490166694232,0.6472786115562398,0.3467053897542113,0.20342674880597558,0.830515730438621,0.27283332503282354,0.5903311137751299,0.8303680982441268,0.794204215758064,0.6685563959868684,0.8931152191008166,0.3739486102386847,0.3554757339149004,0.47403199039234056,0.7414816058903503,0.3435381566482487,0.6998180997024179,0.35598490077242473,0.6183558867658577,0.4779573098271613,0.4926804896521909,0.5861948987326838,0.38006010101313836,0.28814045526328785,0.40583127233930655,0.9002075999172969,0.506517457175959,0.5063758822234248,0.43968196958054184,0.6603421488054178,0.22295562472384806,0.62167921307429,0.4573098930946163,0.5781680479793838,0.45172618241459256,0.6191857127754913,0.39724052796191966,0.7959610368085164,0.524619906981127,0.5147173861169758,0.8097625113467104,0.7168023457724488,0.9375734655459268,0.44648277430374567,0.7085047811560042,0.5094404613274726,0.78633635319603,0.45084070145879745,0.26218406311043907,0.873610124934622,0.5720543838309485,0.7319348365161524,0.6910809282627897,0.8801610436739902,0.7727228736744003,0.0
