0.0,0.15447534052487882,0.47618888350306277,0.2325529692728558,0.5113831574585679,0.5263474451665278,0.4133079316601721,0.543807787806517,0.28129031849087816,0.3499303269223351,0.2744808677829551,0.3069716196980505,0.2729374170020661,0.3936831443454796,0.2757971909157936,0.3879182065771025,0.26933116120627404,0.41734619171715415,0.3567003704830335,0.30178617143882713,0.3860131925302109,0.4842482168180641,0.43790188970085187,0.1187967056640519,0.38431871959785746,0.25132706306922414,0.23952982327811373,0.24957942027240476,0.4126002392811566,0.36899208785040266,0.26759118094885437,0.5202535353576386,0.3809039491869272,0.4500150094028043,0.3078284380969913,0.44121545797667827,0.36641645054796207,0.5300723456452952,0.52829929184842,0.49100641892548963,0.5931030712853976,0.5076592383670301,0.3557421744776501,0.3353106268557792,0.38045096558764524,0.4839210251712856,0.3806272636208844,0.46384913555386303,0.3974638106987036,0.5202245571086368,0.20022081692956922,0.4990217173805073,0.6305431786268815,0.38518581186811673,0.12832145725454513,0.35661217297321596,0.3601753291211328,0.22752857186942296,0.3040101563451167,0.36043943947558477,0.2825871988600654,0.22783391445758006,0.20769861686124705,0.4687632801430831,0.32159498143792226,0.429382698041097,0.3583598139484709,0.44544303739654945,0.26552359371985035,0.09810496852376757,0.1855683050610229,0.45307605315140514,0.42806424009762817,0.4028440900361998,0.22918122498566562,0.41598957129775976
0.15447534052487882,0.0,0.4452492311239306,0.3422863081347269,0.6408401630651671,0.6867848025570389,0.527826236929044,0.6796031629680638,0.509539504293968,0.5110156861880738,0.5238158500784817,0.2500690421344445,0.3668275127435468,0.5256737849290233,0.43368997613197413,0.2670010305786909,0.248316825494951,0.4976787779417069,0.4532939557882055,0.269159902511593,0.6499298078637412,0.2940077049259696,0.5613955404158599,0.05285744514202184,0.17104667110956442,0.40991325975288545,0.3753243021519995,0.4409391964051999,0.3159622259861016,0.2664537406422042,0.3369186948753432,0.6215754058733022,0.542096575087235,0.44807250720445496,0.339943686071304,0.56418413744698,0.5745136659703154,0.6747486605789136,0.7085943756176684,0.6618990257866006,0.4839652213336709,0.646873747900397,0.6550064227164445,0.58601642509277,0.5515771278489957,0.2902597400018137,0.10890467671101053,0.46495848408672485,0.5705462961606417,0.5397515053401426,0.3235671499610965,0.45946225471809937,0.66788593952543,0.42011632499781015,0.23310826287602399,0.45895155589633096,0.23657178651981842,0.3114083292605428,0.3431800361780984,0.6310975001109047,0.18337882234034336,0.19477683242389465,0.19867010111856148,0.32461543463155174,0.1556257324301874,0.6032502839906414,0.1341880952188736,0.5281603850283825,0.12782385278434935,0.359442758539689,0.3067549877812033,0.323598240933988,0.27770555048574924,0.2944923131931076,0.31592356877917016,0.48312176291309716
0.47618888350306277,0.4452492311239306,0.0,0.5372781420279291,0.6257437037741387,0.6387584959680073,0.5298968138296345,0.5763946063062129,0.36575901186444876,0.5630876176076761,0.5634537362459984,0.5576864292953958,0.37610737659204124,0.6137575775954993,0.4825179006882838,0.19153028114684229,0.32486338898619227,0.2664308058514425,0.46207809313936454,0.40046164430794934,0.6339831585495188,0.2552615753894225,0.6412472652081875,0.18020428967977228,0.1053953282265771,0.4210762664424772,0.48074695483641,0.40547333399624547,0.3665269325168646,0.15270882797007249,0.2097142593775968,0.6685510603108911,0.4687624337461242,0.43340335977205735,0.447428287121242,0.6184631276760493,0.4874247661021344,0.6828869528916319,0.6175662173809475,0.6492123726632346,0.6692128121702158,0.5500885054099086,0.4832721397047273,0.4967805376958246,0.6429373919599681,0.6383782025854389,0.06510319157862393,0.44444857572045865,0.6326787601044491,0.6761832401594285,0.3540781491574318,0.5744597060981288,0.872907691721295,0.4163901819831045,0.303802895237845,0.35749010216303445,0.518678904936497,0.3231667961762348,0.31885354273649436,0.7160772874406012,0.2492901124493866,0.16439209747542766,0.20283541485608186,0.39119708996984875,0.2602604556650216,0.6115663467691619,0.09064053676032474,0.7034235658295098,0.37238239108848625,0.4540891366601188,0.32644541822225837,0.372274595218222,0.25896104897431615,0.3487803915369839,0.48357293036509347,0.510104116040531
0.2325529692728558,0.3422863081347269,0.5372781420279291,0.0,0.504029996762656,0.5862431661591411,0.45508750086551886,0.5019700224303767,0.34699959315813533,0.45812273575597073,0.5056986389691842,0.3172495153542572,0.32210487716662284,0.4865810483792319,0.2767306647785899,0.3864065590146913,0.3216860551544932,0.46517513588396786,0.6335309524956215,0.2504320952278072,0.43569034185476707,0.2816587139641703,0.48932251801718185,0.20799640954438953,0.16007934168292354,0.37791483657154157,0.3654337167750379,0.4479788417021535,0.341177607564941,0.3021677486561882,0.299307150609438,0.5089515269530087,0.4551980552001419,0.4951707122975736,0.36813002595091643,0.4214182756298862,0.4032912487198099,0.579461946564678,0.5157414225702539,0.47027667458210115,0.6227757116257144,0.479314491602074,0.5750989379795163,0.43225422228045746,0.47664269495142436,0.4843757235635172,0.11928702136815605,0.6595624607423345,0.4048864382572851,0.4593565387473699,0.43312587037439404,0.5346193715051093,0.5993424687140132,0.4147040321610296,0.28369453149611745,0.43413495967191945,0.41081300416215716,0.36555196693647407,0.38460440049849326,0.4656305440776751,0.31007453071995345,0.15040824657723068,0.1806337549525979,0.5478183343608676,0.2168232582440673,0.4574323629817023,0.22245204553206493,0.4916801744984043,0.27965170465683975,0.3554516908012677,0.2988132824878875,0.2344551627949203,0.34023760730606806,0.2361175031773304,0.2541525463311832,0.38047639945663725
0.5113831574585679,0.6408401630651671,0.6257437037741387,0.504029996762656,0.0,0.8456099103218928,0.4826831728986319,0.8260209626669436,0.5801557334273932,0.5752040153536038,0.6730771581211206,0.4634000520363008,0.42645834185258114,0.6427292888810694,0.6582304190225597,0.4742801596647984,0.4088196322874305,0.10837241535815412,0.735115932634462,0.5190138810677837,0.6573208399668812,0.5032945720739025,0.8297327642024925,0.17890686855444843,0.22699703982032798,0.5576593542355216,0.7179477581731184,0.642600004742291,0.5316351334607002,0.5649568806877183,0.46068160093149907,0.6925149429848552,0.7205967333168659,0.6287461710364808,0.39147476326862374,0.7320004939126835,0.5411230859578541,0.7159819920994186,0.7620332560990819,0.8190392863283202,0.8199921418089308,0.8254019792337908,0.8042675655847966,0.5579808565954788,0.7619672235313621,0.4750618968731741,0.2442637166634401,0.741528867674923,0.6719681447322666,0.5843154567580721,0.44897905454347886,0.46235861332337125,0.8441656615341646,0.5859415192738673,0.35078848970228904,0.5636706688204154,0.49691747529035596,0.269419633593209,0.4769497644650691,0.9040349558213392,0.45591732529895207,0.22167782814519113,0.2774340037050771,0.6576003317743212,0.44176378866108557,0.5960307639212803,0.386024033506208,0.8097666112245616,0.27238962799291594,0.5154049414677572,0.4573177296294457,0.5760256711691965,0.32891517639013207,0.3415005437518317,0.4800767749260196,0.6105200148145049
0.5263474451665278,0.6867848025570389,0.6387584959680073,0.5862431661591411,0.8456099103218928,0.0,0.7183035567119768,0.857592119178697,0.5633815852796704,0.617677837546634,0.6833279724060495,0.4143792176748156,0.5444522273221155,0.8287605843766694,0.5918272344414878,0.39131033082330446,0.2990075881661516,0.4185998624366805,0.6026878309397969,0.4902510821209949,0.6959867994622679,0.5133367828387385,0.7381667610617644,0.25116112377235816,0.3853422493272813,0.5693834009195314,0.5547182295801532,0.4674228753830989,0.5390039872164415,0.31772201351133245,0.414122166080926,0.9017984479792238,0.6803083655934867,0.5547300685714712,0.5690936742478954,0.7950191744431823,0.7629264721635605,0.8616605112424938,0.8963700194111236,0.8950955136014862,0.7449031247451181,0.8777555930679097,0.8544246753297824,0.8407968383452901,0.880661406799624,0.5516775594668305,0.2696502355649766,0.5561996095503233,0.8226730833095246,0.650766365674571,0.5831548441551323,0.6718857002116497,0.8358217432125328,0.6302102059876024,0.4735454188436415,0.7037099788430012,0.6178244546299536,0.5634643989140072,0.6052119420863096,0.7798719008510941,0.44831189141494865,0.26853943182664786,0.4205921277653189,0.5989339704364218,0.5425324825137522,0.735422821433459,0.4092328361188825,0.8787264339524569,0.44216973446178987,0.7154837500650713,0.6264216445058127,0.5367195483803211,0.5259784589343652,0.458816269526931,0.5478489450312664,0.686127239805929
0.4133079316601721,0.527826236929044,0.5298968138296345,0.45508750086551886,0.4826831728986319,0.7183035567119768,0.0,0.7640240144414203,0.440672451100753,0.535942152460822,0.5637491334570077,0.32066930051635195,0.31147410871797554,0.6056838225156019,0.48132160276872427,0.47668206277008884,0.37042209985077074,0.6161609489416282,0.6387974577144835,0.4614477256400981,0.6607576258548855,0.3754289525781087,0.7343211938649529,0.161120142310827,0.18317055652427128,0.5048601439108855,0.6027602952498045,0.4435171179977068,0.3556763634492933,0.47112029344396955,0.36711083544339396,0.7499728263131951,0.5349990168062309,0.4880203854817215,0.20349137137148965,0.5915758460237454,0.541099539934944,0.5461447243908741,0.7767479353907697,0.7684818018635975,0.5768534080447145,0.6285717405930948,0.6247828113733395,0.4995837698928851,0.5789977133280341,0.4431283344208974,0.24504721613391697,0.6156255757856416,0.5531029838459243,0.44265679944551367,0.25858875222307154,0.3827122833966614,0.7843199817334419,0.3823006167493387,0.27856056891170455,0.46563870194089196,0.43808257315986054,0.26554831170112825,0.3740807545775876,0.8845850963007597,0.3516218909358325,0.13247367362049184,0.18037682258215665,0.4124125141604137,0.2610705333074028,0.6457901709163429,0.23327813806785516,0.7142203921422554,0.2531495088237162,0.44210499913835083,0.3687145972306066,0.4383854135699192,0.25677067006854026,0.30400119416613486,0.4064448840272966,0.47748521248163267
0.543807787806517,0.6796031629680638,0.5763946063062129,0.5019700224303767,0.8260209626669436,0.857592119178697,0.7640240144414203,0.0,0.8413204631036177,0.7688186073114942,0.7767327718678463,0.5340751128377045,0.5296959846276708,0.7484814700781738,0.8299223071195869,0.13139367712765543,0.456787671502346,0.20115022185243867,0.7380817955638038,0.6069012018034612,0.7440738721161717,0.5830618117275417,0.8137607340004791,0.2556217554651802,0.43328633807909045,0.7454593188078884,0.8077636613377617,0.6881166642434234,0.6196139698605589,0.50463491685757,0.56106952955181,0.7936711674161612,0.7656185522944257,0.7596965387126375,0.5213098140086114,0.767913297157108,0.7187884298622598,0.8154570970683517,0.8530462646472798,0.8495134756058349,0.7799577513057104,0.8833261527685208,0.825715402920205,0.6650476516209645,0.8019738152286623,0.5509561595269226,0.2728711405287292,0.8426617721131969,0.7612142016639696,0.8459875034059438,0.48604485379809564,0.7613986186163104,0.7287685471588206,0.7870611172120314,0.48232036852145327,0.6995176628912059,0.4668395264189015,0.5783449089171216,0.5589697328596465,0.8302545899768203,0.5193997534713836,0.3351975031685543,0.4370665718760512,0.6263908960665374,0.5348643806510773,0.815339501829296,0.4395904622729008,0.8440074703287932,0.38862498367671133,0.6833987481451613,0.6071376641197099,0.5271655615261239,0.5193579262431164,0.5461427700183283,0.6521073647979122,0.7071304365708518
0.28129031849087816,0.509539504293968,0.36575901186444876,0.34699959315813533,0.5801557334273932,0.5633815852796704,0.440672451100753,0.8413204631036177,0.0,0.5465908201436397,0.5302009204295711,0.22192173096539658,0.3759087303308408,0.4106524643240097,0.5007817752894095,0.39278472854774876,0.25380447713726384,0.4469961012175178,0.40268029444122455,0.2812061295808841,0.5151900075237543,0.2939413425572355,0.6174436875512828,0.07568445655843575,0.1450531382440109,0.406461724812939,0.3695456358946275,0.22855909853504025,0.32392931820551374,0.2488348104974163,0.19454275325942583,0.6257617643512915,0.5152020522751135,0.3585394610627523,0.31008110175601045,0.4859124361806241,0.5432361478392767,0.6105912344069596,0.6908644530661789,0.6101757108957733,0.5389544638992044,0.6302950779140994,0.5301723124224641,0.41121937030801425,0.48569480181970587,0.31753042883586985,0.42530487553809093,0.36947598130286086,0.6229937115478223,0.3716578647542075,0.3608684002107252,0.42062199058181127,0.8429505614888346,0.35555407899259744,0.24280641391436752,0.41051923993781503,0.25342728768556333,0.27744446843851456,0.27600149114251615,0.7059768913894151,0.23135434158214746,0.11259013061767648,0.1656249842608068,0.36675439678135763,0.3604785504699109,0.6478133574170499,0.16751658359365004,0.77876206143624,0.2290388503825919,0.4801160041115522,0.3912967889110421,0.40690267839636807,0.2031816966112507,0.2683155660381971,0.30548072752878475,0.5675763508213225
0.3499303269223351,0.5110156861880738,0.5630876176076761,0.45812273575597073,0.5752040153536038,0.617677837546634,0.535942152460822,0.7688186073114942,0.5465908201436397,0.0,0.5873701463734335,0.30667588346293434,0.3694106757882892,0.5814855380881883,0.4420100695641929,0.380062779707058,0.38735652021234174,0.5327854374673588,0.6747295743903937,0.4319274557944291,0.5962691810035706,0.4097354679546081,0.6212165368064195,0.07746604643299271,0.2182803517502598,0.4667438417127968,0.557109888035325,0.5669616820245745,0.4295543508619024,0.6495155379111734,0.4132807482205676,0.7550542212342304,0.6631929583318943,0.5380576581147517,0.4497874302896187,0.6651986247383823,0.592138352473252,0.5857601879994087,0.7687611451646104,0.6799951875059314,0.61017745724957,0.6534720085568588,0.6228516960072664,0.6347183770256515,0.5929991958987271,0.48631967578807817,0.1164560174543659,0.6529314656662089,0.7044778820135038,0.5040970014093691,0.44054979566506103,0.6555720537398296,0.7307046174556677,0.531697634703359,0.5172235474063489,0.5814201921675621,0.3931275282028877,0.38500115392419815,0.43943222495861356,0.6672118679813188,0.3512524867486508,0.38236324878148825,0.3070281513759001,0.5259663229132938,0.4428405275216711,0.7453831194344864,0.3170758375517824,0.6701610739216958,0.33466681138969145,0.46870373315681285,0.43685652616256415,0.5223073759735908,0.4501089118040293,0.37984114751058917,0.47859833381608874,0.5999541682332472
0.2744808677829551,0.5238158500784817,0.5634537362459984,0.5056986389691842,0.6730771581211206,0.6833279724060495,0.5637491334570077,0.7767327718678463,0.5302009204295711,0.5873701463734335,0.0,0.40130844908366287,0.40549525487507276,0.723615200065037,0.6217134291856774,0.4399224059896928,0.4006029087331401,0.4916492254974723,0.6475314474711408,0.38303440517762777,0.6298641615887581,0.4019072019543416,0.7134815743106858,0.17727040350198525,0.23949520080963532,0.5124778984167253,0.5005742852478872,0.5589508489620025,0.45816248701093715,0.4083185130497525,0.2716527009981358,0.6574645786425782,0.7058322875090665,0.5312368716965592,0.3435289420433437,0.6828172880370377,0.598210164706471,0.8163252161394079,0.7573718560024494,0.8849221972120926,0.8114985265490933,0.784784180970608,0.7378685860280254,0.5720807337666207,0.6424329403103866,0.4506958026419702,0.200355307048203,0.5986762636765255,0.6131371466636676,0.6630675733161928,0.44003269742794615,0.6304783749768006,0.8765923585903572,0.48655507302023515,0.45043506512177867,0.6205010427100207,0.4010273796533268,0.4313662332954727,0.43277237245693256,0.7978377627038782,0.3805268585582841,0.2934943139093654,0.22104994822610036,0.5663878887114977,0.3885301298606118,0.7631427959461266,0.26528514534446657,0.7764550668455863,0.28927605747371204,0.49554238087871244,0.4895177825337539,0.4682970298999686,0.37999250730995354,0.42002775847971746,0.45706621448835644,0.5834534273400547
0.3069716196980505,0.2500690421344445,0.5576864292953958,0.3172495153542572,0.4634000520363008,0.4143792176748156,0.32066930051635195,0.5340751128377045,0.22192173096539658,0.30667588346293434,0.40130844908366287,0.0,0.2223372184727353,0.4300433538017699,0.2741304356521428,0.12118466953672635,0.07401342800549476,0.3287773690087889,0.5030640636569017,0.122133271804836,0.4865044426345423,0.004730820824564164,0.4216779742442342,0.10468331728824881,0.012367649169400252,0.22751894611665252,0.3560955547062684,0.21063009388328222,0.031778279943359466,0.2711705885507633,0.13215666630433134,0.5238161154313761,0.4656157067010272,0.3925302728878386,0.38315572246135987,0.5165239688470538,0.39805315546031284,0.5099329781143982,0.5278546403940868,0.43205955091274045,0.5576632721195118,0.48274587501807315,0.4697436982886443,0.39332911144212684,0.2965108388449402,0.34501403890427734,0.2303869760144522,0.45190644648286155,0.4411920896969199,0.3602189672877296,0.12813436527746633,0.4304907836314382,0.5012639459708987,0.18178523122644402,0.1594795955944443,0.25644378403013174,0.32532466986921754,0.1510746027542027,0.23453329437800835,0.4266750610532085,0.08239027555746159,0.04150998111252596,0.07428215992245424,0.4070067440188444,0.24395833610178574,0.46122196938458343,0.025584363862917514,0.45502603172990563,0.20482399515424946,0.250799007241469,0.1605465971998605,0.20824706111153948,0.11603824324523243,0.05580588680217388,0.3006243663139882,0.33087734195945456
0.2729374170020661,0.3668275127435468,0.37610737659204124,0.32210487716662284,0.42645834185258114,0.5444522273221155,0.31147410871797554,0.5296959846276708,0.3759087303308408,0.3694106757882892,0.40549525487507276,0.2223372184727353,0.0,0.4138123213091636,0.3660990357520162,0.5062847602288209,0.30513835750680596,0.6001162927424422,0.44247267793156436,0.24526119558951678,0.5539794589822428,0.2730767068096528,0.5850177189624407,0.06322093523325095,0.17290048191376645,0.33588967844942025,0.41623016929053164,0.2605913567344198,0.2514111415998023,0.2746033750280783,0.29148666240058396,0.5626769980996004,0.4492264157901508,0.4057492267897833,0.30611311137546726,0.3638648222520716,0.4528125230228357,0.5276807531046389,0.6147815552164596,0.5267462422085863,0.558841176897972,0.5607694118302722,0.3975726238884704,0.37102235545990897,0.5343145025652593,0.4804685854105044,0.11333271025047337,0.4876455818555521,0.5264663001927643,0.42264432896651616,0.21024087058168417,0.39699768959939985,0.64315636839949,0.4219913254367098,0.19616815506252616,0.33203466156294714,0.2264314154749767,0.27834149605571884,0.32937727014952733,0.7506902517869812,0.23631900932494293,0.0862617822282884,0.09712648328751772,0.285475136424805,0.21689919409792116,0.6195800137446464,0.2235005978774356,0.65180298983291,0.18769002674981378,0.2980298896725183,0.29731403450683225,0.3710591263843254,0.10713543976846185,0.21053592113458539,0.25391196323303794,0.3694272172255024
0.3936831443454796,0.5256737849290233,0.6137575775954993,0.4865810483792319,0.6427292888810694,0.8287605843766694,0.6056838225156019,0.7484814700781738,0.4106524643240097,0.5814855380881883,0.723615200065037,0.4300433538017699,0.4138123213091636,0.0,0.47883342982671573,0.4075223489100827,0.45709904186166156,0.5864027074607647,0.6943853744770963,0.5371067195629435,0.6014125066742935,0.4074068688438175,0.7090926622879398,0.13358273829144446,0.1905899197417799,0.5469674107851684,0.6467666767065205,0.5621737703605288,0.45661429526523384,0.3179060529656927,0.3225682339678856,0.6641393981912187,0.7626196088636246,0.6507164250385835,0.3235140662701378,0.5494851450149896,0.4891943013748471,0.7665596971638355,0.7348593682836432,0.8323906798552019,0.8377443207005985,0.7723565089829152,0.6241285874725465,0.6139789180272558,0.7474149636591279,0.44105238379934175,0.21532775687460162,0.7027746568203528,0.6299670274207243,0.741136632913488,0.41467767404222144,0.610253668790906,0.8016790864574452,0.6016315370052823,0.2907456253689951,0.471384785262203,0.4526440948265925,0.3514807316378658,0.4430756153153738,0.7764295627512322,0.33240186036573516,0.17986851328010225,0.31469059133031063,0.4735220371937312,0.3413663232810053,0.6123491137629933,0.21645536550554545,0.7127253377073408,0.26134070308766577,0.49735905047041457,0.4131944024787469,0.5718410334323941,0.353516817192158,0.4195454615978971,0.3413749892914988,0.5279546244009726
0.2757971909157936,0.43368997613197413,0.4825179006882838,0.2767306647785899,0.6582304190225597,0.5918272344414878,0.48132160276872427,0.8299223071195869,0.5007817752894095,0.4420100695641929,0.6217134291856774,0.2741304356521428,0.3660990357520162,0.47883342982671573,0.0,0.3333467922401566,0.16954541434643866,0.4170825088179538,0.5197193755940939,0.30705601557282575,0.49873748692509556,0.20446735958041995,0.5294490448014261,0.18421852813407863,0.2722527494508653,0.31783238241622136,0.4592080249195254,0.37515133376539406,0.15323819750531695,0.3759948950096123,0.16925993240427184,0.6751878710111395,0.6976327870954387,0.5684885796558959,0.4303758667394181,0.5349434664113116,0.48123715456978267,0.7994331331619485,0.6788800697961722,0.5894906810688073,0.6659083215560282,0.6172011306292284,0.6149060901375623,0.7891354786717011,0.5741718685668384,0.2500181309583096,0.4030743755128626,0.5297834363783355,0.789499511483553,0.5180290196323409,0.2369351908274612,0.5025431209442837,0.7732282405324964,0.381163580708087,0.33065831911937205,0.48968962959755746,0.38139222992363503,0.3559547666800752,0.3490830436666536,0.4811381362457562,0.20341849475290352,0.25928493366451416,0.19770650467571,0.31332835120685365,0.18303409746372848,0.5373551932105785,0.1407456447071783,0.5251228223101213,0.33968370976116086,0.5146087268773363,0.22387410773238214,0.38387675174130376,0.24347034497304015,0.18663528533894208,0.29955839911397225,0.4124150289211045
0.3879182065771025,0.2670010305786909,0.19153028114684229,0.3864065590146913,0.4742801596647984,0.39131033082330446,0.47668206277008884,0.13139367712765543,0.39278472854774876,0.380062779707058,0.4399224059896928,0.12118466953672635,0.5062847602288209,0.4075223489100827,0.3333467922401566,0.0,0.28740340367646044,0.3179616554991545,0.288185739698263,0.26295061821643373,0.4458550419769499,0.2946445002579773,0.33513159455697356,0.29551262940742545,0.3464372410510045,0.3235881769969787,0.259608169824826,0.3462937886554522,0.3906316781408229,0.2547290867693429,0.22134021968229323,0.4231873982657494,0.06632754633491628,0.3458283151158776,0.48528169756749856,0.3577606498976956,0.09267935643377606,0.09851814481767046,0.5063615473862803,0.17872609432336584,0.31434577971720834,0.05482155857971388,0.04404917671324471,0.03464423398402028,0.09429597537904016,0.43130828149833605,0.2955390711463352,0.24985941895671737,0.07931260396384227,0.4546789402488171,0.4199700884582934,0.5255313949383191,0.17782100618010618,0.336698378089435,0.36172142525948237,0.34856730758069254,0.31556811360342407,0.4262286520741038,0.48656252909366743,0.4942365338360556,0.36780717883629893,0.2600163980228525,0.27001381063244456,0.2988016679192112,0.28834889175722567,0.4391860166107846,0.28089613307307465,0.412741504659755,0.4496272298662676,0.2611195398679861,0.3127109281897725,0.3234144900094233,0.3591292553013141,0.38128937827096243,0.2117015960210574,0.42529680527163033
0.26933116120627404,0.248316825494951,0.32486338898619227,0.3216860551544932,0.4088196322874305,0.2990075881661516,0.37042209985077074,0.456787671502346,0.25380447713726384,0.38735652021234174,0.4006029087331401,0.07401342800549476,0.30513835750680596,0.45709904186166156,0.16954541434643866,0.28740340367646044,0.0,0.2777940396650889,0.20371888378001443,0.14657308166706648,0.355202883567275,0.15988204098162218,0.4023793921582969,0.21466617266452903,0.17238828692070063,0.16809651518562732,0.21821753026639884,0.2676483465017415,0.13765336122758215,0.16475859355665254,0.21404981070287524,0.42626640117787895,0.39504904447799816,0.26851253948412374,0.3139724310022667,0.5080290397585617,0.45057605734896167,0.3759574518532557,0.4436850762467603,0.5859042359915103,0.36406051755295293,0.3615610455963813,0.5101508826656106,0.42048385037991726,0.3650235586258376,0.277219569525105,0.15148947035420018,0.18480127803271984,0.45613552682797154,0.39988891985900055,0.2627198861819161,0.43417254832385277,0.5558230689812232,0.2760079987761355,0.26099596497828514,0.41164309477177075,0.04528434345479643,0.2574940773238047,0.3372253978847839,0.5232308525253438,0.1828454809135821,0.1448214616658851,0.09365653091118739,0.32059529809069987,0.13320997108943658,0.4409189048169279,0.14460928227276235,0.4663622253658616,0.006555965555940291,0.326210401411006,0.13517273483319228,0.2597481859812839,0.17202031369853477,0.24680644723074713,0.2242070965581024,0.28580318294106943
0.41734619171715415,0.4976787779417069,0.2664308058514425,0.46517513588396786,0.10837241535815412,0.4185998624366805,0.6161609489416282,0.20115022185243867,0.4469961012175178,0.5327854374673588,0.4916492254974723,0.3287773690087889,0.6001162927424422,0.5864027074607647,0.4170825088179538,0.3179616554991545,0.2777940396650889,0.0,0.3898819914996358,0.31849439386129924,0.5407544569729321,0.42381980650115636,0.39318619650634995,0.35383192198302615,0.5167572533393996,0.43904359913328905,0.3607319542395458,0.4743445025398788,0.3881156827177812,0.2534245221346396,0.3346431036833323,0.11876749462969394,0.13061423419549212,0.49871009164224067,0.6066254927866152,0.5394408265352396,0.11063969011800223,0.14707678455997758,0.23292213874235074,0.22334508783051638,0.045091054534863784,0.06855866378659226,0.0712358499090397,0.1251330917070989,0.013821398326552325,0.44294274225930447,0.34734892117576227,0.33022303383367413,0.12481978072487587,0.6677440583666978,0.49259559133537534,0.6482178231927396,0.19974948347207147,0.4062765815220937,0.5040243653599995,0.5315646303645336,0.18711630793968748,0.5205918117959651,0.6186528992525555,0.5190040182098788,0.3936455990671381,0.31387155826175955,0.28331009627563075,0.334837557333733,0.3900037200336671,0.5445223860796871,0.42194057114544026,0.49690742196537707,0.32378325448450607,0.3601286491181626,0.4146227106818826,0.3577562009743342,0.481276727293423,0.5242678466090169,0.36261361770232153,0.5206583215489244
0.3567003704830335,0.4532939557882055,0.46207809313936454,0.6335309524956215,0.735115932634462,0.6026878309397969,0.6387974577144835,0.7380817955638038,0.40268029444122455,0.6747295743903937,0.6475314474711408,0.5030640636569017,0.44247267793156436,0.6943853744770963,0.5197193755940939,0.288185739698263,0.20371888378001443,0.3898819914996358,0.0,0.31101700533323506,0.5947866352847594,0.198252697457317,0.6032084074595606,0.10091030236905041,0.138317826643664,0.48067656124575575,0.4397706815656402,0.47053677938558036,0.3521089920609368,0.14089230822801743,0.3122154697493702,0.7719427417743272,0.6847247673899104,0.5167641285029526,0.49304567670670796,0.6964155609602333,0.66897707545428,0.6703789442957203,0.719546787568216,0.7305143814149961,0.7648573085652773,0.7593249422140762,0.6312518473900433,0.5924288748559219,0.6316126499565315,0.43948334197285277,0.07975321791083195,0.5424015246422808,0.7016198528329336,0.7328657501773927,0.4059998989913318,0.6736229656529945,0.8995997216108218,0.45114427461287276,0.34402177948025364,0.533578447154851,0.49413762180264187,0.3601087433380691,0.38111687586167214,0.6904717781482147,0.32575940715213514,0.15368747492451865,0.2608687520454326,0.5227873612177887,0.21535970882140562,0.7735325227874659,0.17986469246636788,0.7688296032141209,0.27084275581029776,0.4828454276797422,0.4530880173557125,0.3403065626784162,0.346496582773726,0.22119671398426113,0.32530858498904347,0.5927919175558272
0.30178617143882713,0.269159902511593,0.40046164430794934,0.2504320952278072,0.5190138810677837,0.4902510821209949,0.4614477256400981,0.6069012018034612,0.2812061295808841,0.4319274557944291,0.38303440517762777,0.122133271804836,0.24526119558951678,0.5371067195629435,0.30705601557282575,0.26295061821643373,0.14657308166706648,0.31849439386129924,0.31101700533323506,0.0,0.4396688680960161,0.2853756317546192,0.41731353450930436,0.3689308964274234,0.38495007603110626,0.27469289939797864,0.2941577793427335,0.3036942347152915,0.3553930538510992,0.13533429507598083,0.1229882846749232,0.5202459182349217,0.5721568281980248,0.32418221307525363,0.2989402527785441,0.5651250918496936,0.4957018281780308,0.6153400806096392,0.5492396208134682,0.597156433807568,0.5614330103715752,0.5684076093235879,0.5749421480257849,0.4817767003463746,0.5433562645312495,0.1417234564204921,0.29202866391005594,0.24752404350744012,0.5690611119179811,0.472878513453674,0.34133316792315593,0.4863611141804039,0.6780969878816974,0.32723494027505506,0.20891608107792364,0.35779444599132454,0.1028478546230388,0.2404768595353857,0.29131363119207554,0.5274136190638612,0.2542654110028554,0.1080750656270264,0.18934270438993564,0.3150384119706482,0.4551851073935552,0.5132061730855513,0.40896794458203933,0.5544676986099811,0.4563716598622286,0.3291385483429851,0.20946905049878567,0.3909795706229976,0.15118732481150793,0.19927979739403628,0.30859181719567863,0.36685204269536276
0.3860131925302109,0.6499298078637412,0.6339831585495188,0.43569034185476707,0.6573208399668812,0.6959867994622679,0.6607576258548855,0.7440738721161717,0.5151900075237543,0.5962691810035706,0.6298641615887581,0.4865044426345423,0.5539794589822428,0.6014125066742935,0.49873748692509556,0.4458550419769499,0.355202883567275,0.5407544569729321,0.5947866352847594,0.4396688680960161,0.0,0.40010117485222985,0.5914226357323106,0.17083311929188538,0.2794134859289168,0.5550531447064087,0.45035870452098564,0.6109045824924091,0.4673722375752963,0.40814035354648753,0.48271696484032967,0.7276423856037696,0.5754093516251353,0.5741875903798168,0.47558245610455635,0.674600149301425,0.5264541150155138,0.8282054562373756,0.8126702840170059,0.5873486368366672,0.7662457588904739,0.7168881924727176,0.7794790441209016,0.5452429285689877,0.529206331012556,0.5344769746712179,0.1832418666282579,0.6457953003041804,0.7158527111456925,0.7331410350152947,0.45474146722375564,0.7457166023524098,0.8293582853281564,0.64780982369621,0.34924979294725755,0.612887243721705,0.4295539917790878,0.4566773579718167,0.41944337761002126,0.7090161713031666,0.39178414458197197,0.34079269081482033,0.41049443595771284,0.52291939036876,0.4052531492478785,0.7419720902821862,0.3449332889598078,0.7054825639631278,0.3221166777149884,0.5216603689581893,0.46458609310456817,0.4752665851096987,0.45603627537090413,0.39715915127523255,0.37791883512047914,0.6253049962562193
0.4842482168180641,0.2940077049259696,0.2552615753894225,0.2816587139641703,0.5032945720739025,0.5133367828387385,0.3754289525781087,0.5830618117275417,0.2939413425572355,0.4097354679546081,0.4019072019543416,0.004730820824564164,0.2730767068096528,0.4074068688438175,0.20446735958041995,0.2946445002579773,0.15988204098162218,0.42381980650115636,0.198252697457317,0.2853756317546192,0.40010117485222985,0.0,0.4077118129884799,0.3406500423453095,0.4089822094465375,0.28149130008061773,0.21158073104177957,0.2763920817584285,0.39631731212528265,0.2330157862979823,0.15702592830378995,0.5145067062252698,0.5399547657112084,0.28089650664151616,0.1824644233919938,0.45574133064037387,0.48764987861634007,0.5187555588728652,0.62481835892626,0.5733938319567324,0.3864686839594418,0.4225959519251772,0.5387600429964788,0.5178578885988421,0.44809221042339537,0.28454240013473503,0.33543851357583226,0.2522664770465058,0.5270750963930547,0.3456896541829392,0.28101266354894483,0.3401192141706323,0.716534381947602,0.25921047611018605,0.1345335485763473,0.32914735983563925,0.24336377825385497,0.2325995573185669,0.23518589144563612,0.48930436799756083,0.38533180618745744,0.06252293920277385,0.10658364194787995,0.12667433233348038,0.34048973774917873,0.5005775141122694,0.4196371469505766,0.5317540143963375,0.467243399992401,0.24520670789359483,0.19583869426060546,0.1819705373708273,0.4513813002546017,0.1413599809372339,0.34802859865489844,0.33055996584655234
0.43790188970085187,0.5613955404158599,0.6412472652081875,0.48932251801718185,0.8297327642024925,0.7381667610617644,0.7343211938649529,0.8137607340004791,0.6174436875512828,0.6212165368064195,0.7134815743106858,0.4216779742442342,0.5850177189624407,0.7090926622879398,0.5294490448014261,0.33513159455697356,0.4023793921582969,0.39318619650634995,0.6032084074595606,0.41731353450930436,0.5914226357323106,0.4077118129884799,0.0,0.2058985350036401,0.22811429802020122,0.5387877718019116,0.5565614123837334,0.6296472169869871,0.47633559289472444,0.09318330207423273,0.3547264624093325,0.8460942018620385,0.7630849222828198,0.6688716046980417,0.531970075515362,0.7882770067860226,0.7370869060855739,0.8326635722021278,0.8131285982108989,0.7701623026512298,0.8370486200675279,0.8149502073205258,0.7634077586701639,0.7126102031951299,0.6944007817514793,0.48799275675335335,0.4012552305814205,0.6142653651053183,0.6970749384638837,0.7566813041301494,0.481569738368746,0.7471351146098322,0.8382343682295312,0.6163938558752812,0.40490695044135566,0.5639073043067566,0.4866240858570064,0.4627719675755162,0.49658303424933153,0.7337929007895247,0.4332811008071445,0.24190748365808493,0.3126460680949955,0.548447003520486,0.4259758800271932,0.7776286904178957,0.29804724000509586,0.801895992966385,0.4598327793885972,0.5638722855151466,0.529570735832369,0.5106165020170794,0.4468580480801859,0.389742310775856,0.3535200201137509,0.6893974204678972
0.1187967056640519,0.05285744514202184,0.18020428967977228,0.20799640954438953,0.17890686855444843,0.25116112377235816,0.161120142310827,0.2556217554651802,0.07568445655843575,0.07746604643299271,0.17727040350198525,0.10468331728824881,0.06322093523325095,0.13358273829144446,0.18421852813407863,0.29551262940742545,0.21466617266452903,0.35383192198302615,0.10091030236905041,0.3689308964274234,0.17083311929188538,0.3406500423453095,0.2058985350036401,0.0,0.2883908668189409,0.07491844548056686,0.09446714214735569,0.3523532156359528,0.40755571057624307,0.22886600228916737,0.2701213124687989,0.2355336060342085,0.17893106949699095,0.1779975276048188,0.17663831658072404,0.20052248151901775,0.14129067370101067,0.30643730626338755,0.25426053572459617,0.1422192981881178,0.17416081331496708,0.15120466096895735,0.1424280622759141,0.13987305266614491,0.12744076122098685,0.22089089969938433,0.2354494234976417,0.12755217743763014,0.21715443259546194,0.2176630986376974,0.39161007209750187,0.1852184980672255,0.3191356790259544,0.12321613632439332,0.0072235829997017165,0.10034349274040638,0.1091586037723403,0.08770535342921387,0.07896988990166431,0.22860960417105564,0.2630502241706134,0.1878971950227767,-0.007756374851540404,0.050562026350147005,0.3191254027267976,0.21926139045123624,0.1969312967912715,0.2174314448667542,0.11572007397757661,0.03457361073762538,0.032104135844604254,0.37183097573207385,0.3198946349807501,0.31572744524091473,0.21555816072024714,0.0804105520747101
0.38431871959785746,0.17104667110956442,0.1053953282265771,0.16007934168292354,0.22699703982032798,0.3853422493272813,0.18317055652427128,0.43328633807909045,0.1450531382440109,0.2182803517502598,0.23949520080963532,0.012367649169400252,0.17290048191376645,0.1905899197417799,0.2722527494508653,0.3464372410510045,0.17238828692070063,0.5167572533393996,0.138317826643664,0.38495007603110626,0.2794134859289168,0.4089822094465375,0.22811429802020122,0.2883908668189409,0.0,0.11404557774059537,0.10394060686172651,0.15975013424178042,0.4404304277010597,0.3997377234801734,0.13388798260140006,0.31144999388520117,0.2265096700013792,0.20762594908480841,0.15582237148124745,0.21351068543144097,0.2728491316618633,0.3327690302507338,0.43558731404262563,0.31952096725935963,0.2925737013444947,0.2390480795270793,0.2633872052917382,0.22171201869364465,0.1918649178533931,0.3744654782958976,0.30998776223578994,0.1748241100111929,0.24599475584322353,0.18709787876284825,0.17838582793601232,0.2191496244972915,0.4652155260074188,0.15739242607793402,0.12512403920620602,0.20800958427442473,0.1794788165047357,0.08251693639479402,0.174705794070262,0.5335853501586896,0.3253340606714498,0.04289887192429881,0.055695920265617205,0.12432814766141526,0.34584829599852907,0.26489295636976823,0.35671342843927467,0.3003817534937247,0.3170489559550379,0.14057911134648288,0.039443595407183285,0.4925112340622735,0.45382710203466664,0.4167242894612437,0.302184176141215,0.26314877047389507
0.25132706306922414,0.40991325975288545,0.4210762664424772,0.37791483657154157,0.5576593542355216,0.5693834009195314,0.5048601439108855,0.7454593188078884,0.406461724812939,0.4667438417127968,0.5124778984167253,0.22751894611665252,0.33588967844942025,0.5469674107851684,0.31783238241622136,0.3235881769969787,0.16809651518562732,0.43904359913328905,0.48067656124575575,0.27469289939797864,0.5550531447064087,0.28149130008061773,0.5387877718019116,0.07491844548056686,0.11404557774059537,0.0,0.37920154069231454,0.48832237465200934,0.3074929884979011,0.10144771792805327,0.21823757669445237,0.6427197474692723,0.572387473318473,0.4372795299816741,0.3827146812603928,0.6366470138051089,0.5373715346254417,0.6242022645268773,0.6054501883682103,0.5998150695023484,0.6799645772319997,0.5629520330709041,0.5779035963875524,0.5076475503882406,0.4181019545027623,0.3659614875012387,0.38185586320617304,0.41092644395395483,0.5816375109275893,0.5304146431209035,0.28457342086838733,0.5758810481209644,0.7082509140772784,0.35650071977052705,0.30820364738064565,0.44165908239226237,0.2844017308140138,0.27025882567305315,0.34220153621814114,0.6012618435740775,0.22362942495170463,0.17817277516202853,0.16254375022683745,0.41570879935066524,0.21678551210840213,0.6603298752852174,0.12801373612159628,0.6082368381426306,0.1935602162566815,0.3511479056097365,0.3083993906600256,0.32636309720002277,0.2895422182521719,0.19075206873883427,0.36419586922791103,0.5430453647190296
0.23952982327811373,0.3753243021519995,0.48074695483641,0.3654337167750379,0.7179477581731184,0.5547182295801532,0.6027602952498045,0.8077636613377617,0.3695456358946275,0.557109888035325,0.5005742852478872,0.3560955547062684,0.41623016929053164,0.6467666767065205,0.4592080249195254,0.259608169824826,0.21821753026639884,0.3607319542395458,0.4397706815656402,0.2941577793427335,0.45035870452098564,0.21158073104177957,0.5565614123837334,0.09446714214735569,0.10394060686172651,0.37920154069231454,0.0,0.5338037288001012,0.3027175620846095,0.11800859142634186,0.22271679735379313,0.6959804346550487,0.6125156484098568,0.44966968059222007,0.3116743600592163,0.6699093463485954,0.6327360213408095,0.7744003708460251,0.7425988406000052,0.6749017591718856,0.6840830945560649,0.7264061897164337,0.6995023179658008,0.5431097582186898,0.5534453950003099,0.46036067008861925,0.43504600672138133,0.47755153685910795,0.791755944859091,0.5977026135816828,0.322387624625167,0.6160473018150522,0.8677866654787076,0.3846848750542345,0.339735878121459,0.48790979523684136,0.44841622014477817,0.31791048601094235,0.40541862604006534,0.7292092082500752,0.22870092183439397,0.15017051593960362,0.19812805005514464,0.5260222231080436,0.21823431475852756,0.6448973981460879,0.15110540444785397,0.7356317134084581,0.3170516167058292,0.47229516674434135,0.4032573437811539,0.2763773804384551,0.30492221603687225,0.22290042059725723,0.1730390261071732,0.5254026502819275
0.24957942027240476,0.4409391964051999,0.40547333399624547,0.4479788417021535,0.642600004742291,0.4674228753830989,0.4435171179977068,0.6881166642434234,0.22855909853504025,0.5669616820245745,0.5589508489620025,0.21063009388328222,0.2605913567344198,0.5621737703605288,0.37515133376539406,0.3462937886554522,0.2676483465017415,0.4743445025398788,0.47053677938558036,0.3036942347152915,0.6109045824924091,0.2763920817584285,0.6296472169869871,0.3523532156359528,0.15975013424178042,0.48832237465200934,0.5338037288001012,0.0,0.3433323282605957,0.3289745103643209,0.2533987902121845,0.6577219925219162,0.5544216084538252,0.42805119807642145,0.23358212673125325,0.5463593830156672,0.6075954914398217,0.5440885672610971,0.7396958354489348,0.7699562254587294,0.5937415273137217,0.6160428836380053,0.7089622558093066,0.5065665415287357,0.5253215370468267,0.41844157309791136,0.29605056587394474,0.5506175111420498,0.6035083077382953,0.4543794875785617,0.30078754744324476,0.5377120636554735,0.7797211529452988,0.37635721337034284,0.2885920759864308,0.45956009731978736,0.2735601852049372,0.27538587831874356,0.3261607304120354,0.6907674037026947,0.21562502383051918,0.13295715139922398,0.22888992086565826,0.3348842571859167,0.2830093400422834,0.6359104405986555,0.11708597048543784,0.6588974054799148,0.1580571490237374,0.3386358964418112,0.24054115417244598,0.37218184749754274,0.21096970424466124,0.27726069916708673,0.3254902493430159,0.36817161749049393
0.4126002392811566,0.3159622259861016,0.3665269325168646,0.341177607564941,0.5316351334607002,0.5390039872164415,0.3556763634492933,0.6196139698605589,0.32392931820551374,0.4295543508619024,0.45816248701093715,0.031778279943359466,0.2514111415998023,0.45661429526523384,0.15323819750531695,0.3906316781408229,0.13765336122758215,0.3881156827177812,0.3521089920609368,0.3553930538510992,0.4673722375752963,0.39631731212528265,0.47633559289472444,0.40755571057624307,0.4404304277010597,0.3074929884979011,0.3027175620846095,0.3433323282605957,0.0,0.10411862866373606,0.09167013900807924,0.5442172425926814,0.39489806435231617,0.2836122494267824,0.19854266410372132,0.5413471748706767,0.5486125128228453,0.49734668512020486,0.5960352416990545,0.6587367249469581,0.4438850580734393,0.47654907213505393,0.647427014366981,0.4256292096114607,0.5112798881975005,0.21366979890682541,0.3091016988665102,0.25670021490493955,0.49614880898737246,0.33887982382426574,0.23894302463937633,0.3632831135297953,0.7332275503248087,0.30950957561841097,0.15874737300688846,0.33798051824129716,0.22316919813778432,0.24414616094940284,0.2842227172252566,0.45564276326662656,0.14932668291886994,0.1278954215243378,0.13356736923339285,0.24018280293822092,0.4169114672366969,0.4953788994931198,0.47062459096423215,0.539296481233263,0.40384255505588856,0.2714929957485005,0.2086050912187197,0.1604172590484693,0.15846040249032722,0.1894525121212805,0.2994302501444174,0.35102141119648356
0.36899208785040266,0.2664537406422042,0.15270882797007249,0.3021677486561882,0.5649568806877183,0.31772201351133245,0.47112029344396955,0.50463491685757,0.2488348104974163,0.6495155379111734,0.4083185130497525,0.2711705885507633,0.2746033750280783,0.3179060529656927,0.3759948950096123,0.2547290867693429,0.16475859355665254,0.2534245221346396,0.14089230822801743,0.13533429507598083,0.40814035354648753,0.2330157862979823,0.09318330207423273,0.22886600228916737,0.3997377234801734,0.10144771792805327,0.11800859142634186,0.3289745103643209,0.10411862866373606,0.0,0.16279739086177514,0.5402883884531349,0.5042916993566566,0.13994920182393178,0.2102094785522789,0.4675602132672756,0.4338377346099057,0.25126408049586596,0.5698239468913555,0.5607051696661984,0.42262683831420716,0.603676950774775,0.6898058122661876,0.480485108619114,0.5607474946263848,0.16357063700099722,0.17837174436028114,0.17150756120132113,0.5540214448683063,0.5178878205564246,0.18263882143530064,0.538446515735615,0.5818916465608871,0.3738040934175183,0.3139162839254917,0.5174748189630459,0.1647646761689585,0.31000890911442625,0.34082039230058575,0.14929336750029917,0.09644552545412044,0.289077343954065,0.21464661586119765,0.38345646480241363,0.33774113424126145,0.40913293912714155,0.2793170954025746,0.13218014303718523,0.25616735420420633,0.355223498048172,0.18526240139543643,0.24452139290278702,0.28086095419875945,0.32836827042054095,0.2704449965908265,0.1724536379623137
0.26759118094885437,0.3369186948753432,0.2097142593775968,0.299307150609438,0.46068160093149907,0.414122166080926,0.36711083544339396,0.56106952955181,0.19454275325942583,0.4132807482205676,0.2716527009981358,0.13215666630433134,0.29148666240058396,0.3225682339678856,0.16925993240427184,0.22134021968229323,0.21404981070287524,0.3346431036833323,0.3122154697493702,0.1229882846749232,0.48271696484032967,0.15702592830378995,0.3547264624093325,0.2701213124687989,0.13388798260140006,0.21823757669445237,0.22271679735379313,0.2533987902121845,0.09167013900807924,0.16279739086177514,0.0,0.6285621315804732,0.39807175585841104,0.2590722349605206,0.31995947662213886,0.29579981362517577,0.3655900438829114,0.47477671820150996,0.6212097030249125,0.5468329188205997,0.45223613405063284,0.5178031226383839,0.31234977395977626,0.36002211392266437,0.3974399865138041,0.42949460784340415,0.340965940090331,0.26052646458509043,0.521611056597955,0.43800453393222283,0.14636528148622677,0.35463401208340184,0.6717063368501898,0.24729823930448094,0.182840682551289,0.3293902859707889,0.16741729298668245,0.16526233827112363,0.17241021295004724,0.8149508861174091,0.1563373869613327,0.08444474974786476,0.1453554091519178,0.25444224097754753,0.15643394764849491,0.5536469732357093,0.09687531259847884,0.48084462354545243,0.1269551522547656,0.22952344633764984,0.20788442708214278,0.19933052089054515,0.11703538755810627,0.12772547208956794,0.25514109547444436,0.3920728863312902
0.5202535353576386,0.6215754058733022,0.6685510603108911,0.5089515269530087,0.6925149429848552,0.9017984479792238,0.7499728263131951,0.7936711674161612,0.6257617643512915,0.7550542212342304,0.6574645786425782,0.5238161154313761,0.5626769980996004,0.6641393981912187,0.6751878710111395,0.4231873982657494,0.42626640117787895,0.11876749462969394,0.7719427417743272,0.5202459182349217,0.7276423856037696,0.5145067062252698,0.8460942018620385,0.2355336060342085,0.31144999388520117,0.6427197474692723,0.6959804346550487,0.6577219925219162,0.5442172425926814,0.5402883884531349,0.6285621315804732,0.0,0.8370748427892036,0.7896712935822352,0.45618840334565236,0.665254185890328,0.7662304010167105,0.8575396319854978,0.7545229989661544,0.8386715124813875,0.8338787440818687,0.8438735691193502,0.8952427817418895,0.5958962525655574,0.8555957325312114,0.5525408906703757,0.2950708899200979,0.8310441542496126,0.6599719062264158,0.8370169559804117,0.4750570477786423,0.7105111807666673,0.8112082911229961,0.6491549558924576,0.48493859964483127,0.6411621858018398,0.6218219359014429,0.4480050260636961,0.5466397221268806,0.870105779863328,0.4567214880214004,0.2707222502446356,0.293159679283,0.6193783346633851,0.5361807178456193,0.8512918811829983,0.5063099419877468,0.8611207456905743,0.3901641919292793,0.5162504049440872,0.6060165564804751,0.6389199946724835,0.4493009287617796,0.4905640372333048,0.5685126678139597,0.6697763753275869
0.3809039491869272,0.542096575087235,0.4687624337461242,0.4551980552001419,0.7205967333168659,0.6803083655934867,0.5349990168062309,0.7656185522944257,0.5152020522751135,0.6631929583318943,0.7058322875090665,0.4656157067010272,0.4492264157901508,0.7626196088636246,0.6976327870954387,0.06632754633491628,0.39504904447799816,0.13061423419549212,0.6847247673899104,0.5721568281980248,0.5754093516251353,0.5399547657112084,0.7630849222828198,0.17893106949699095,0.2265096700013792,0.572387473318473,0.6125156484098568,0.5544216084538252,0.39489806435231617,0.5042916993566566,0.39807175585841104,0.8370748427892036,0.0,0.6828744167465095,0.48291237597939646,0.7116421173625587,0.5855029891984781,0.6874185873221728,0.9107019196191601,0.7648667348232303,0.60527912636434,0.7458593652779919,0.821801588583164,0.6711309175160324,0.6968659112365161,0.5780303702951555,0.21261871521701287,0.572472343126709,0.7514235799236261,0.6000303688130582,0.3540840426773144,0.6816507554918511,0.8192238418681683,0.5416731649842494,0.3260246083573992,0.5462501623494284,0.5465121089332966,0.33514312945611313,0.4103536070595109,0.7991891939799725,0.4476158950516481,0.22136183680992355,0.2916491652836517,0.516741225448005,0.48926746407670274,0.7952018878587759,0.3373539916181951,0.7981078329820108,0.3013832912240858,0.4896675629529491,0.4865606390795032,0.520978067185133,0.3652705180171039,0.4463111171542694,0.5960529945579588,0.4981465019159456
0.4500150094028043,0.44807250720445496,0.43340335977205735,0.4951707122975736,0.6287461710364808,0.5547300685714712,0.4880203854817215,0.7596965387126375,0.3585394610627523,0.5380576581147517,0.5312368716965592,0.3925302728878386,0.4057492267897833,0.6507164250385835,0.5684885796558959,0.3458283151158776,0.26851253948412374,0.49871009164224067,0.5167641285029526,0.32418221307525363,0.5741875903798168,0.28089650664151616,0.6688716046980417,0.1779975276048188,0.20762594908480841,0.4372795299816741,0.44966968059222007,0.42805119807642145,0.2836122494267824,0.13994920182393178,0.2590722349605206,0.7896712935822352,0.6828744167465095,0.0,0.5399431741689119,0.6814737229645671,0.3946341157670519,0.7269857294893838,0.7023165566204195,0.7997487593340242,0.71875447116172,0.7831256220678547,0.5227832490427962,0.5366202622718226,0.43186318402935436,0.6141892620734488,0.2389085588329872,0.4246752578412005,0.6748844015981935,0.6484203516456442,0.30993705323348736,0.5333087947239042,0.8519277451766187,0.2914374846642183,0.36039857620620086,0.40051291459096927,0.4803304653044471,0.26730391145143745,0.32957190734103553,0.8758930025505822,0.24055284790546375,0.11278157175262571,0.27615542765801043,0.517977519911169,0.25333159331695404,0.6735548699658791,0.27846383761736593,0.8419477785775906,0.34242785091625266,0.44669478734641627,0.4835993282772358,0.4002764004753659,0.22504714343950608,0.276345495288101,0.2342749793812519,0.490356260881931
0.3078284380969913,0.339943686071304,0.447428287121242,0.36813002595091643,0.39147476326862374,0.5690936742478954,0.20349137137148965,0.5213098140086114,0.31008110175601045,0.4497874302896187,0.3435289420433437,0.38315572246135987,0.30611311137546726,0.3235140662701378,0.4303758667394181,0.48528169756749856,0.3139724310022667,0.6066254927866152,0.49304567670670796,0.2989402527785441,0.47558245610455635,0.1824644233919938,0.531970075515362,0.17663831658072404,0.15582237148124745,0.3827146812603928,0.3116743600592163,0.23358212673125325,0.19854266410372132,0.2102094785522789,0.31995947662213886,0.45618840334565236,0.48291237597939646,0.5399431741689119,0.0,0.3955468196135448,0.2697243292170968,0.5655593633543028,0.537814453959924,0.5255660542794045,0.49450346462730366,0.459405186659732,0.38694858749542815,0.2970620245653215,0.46108289516073325,0.4765910263191684,0.12488408885466623,0.46465348143090446,0.4628877924243845,0.4613174883912319,0.28277601653945483,0.33080105673848925,0.6325511017046765,0.2810314663272109,0.1807306312620649,0.25116226720026485,0.39098287489639216,0.19273932939675653,0.21983125191677688,0.6542566271530643,0.2048390639603787,0.09173124562660873,0.19282299055738938,0.30875198754565486,0.13818984963992936,0.6587325090990945,0.18782415179971712,0.6073299189827193,0.27611095173905637,0.32775275462097686,0.35873553766096355,0.358648096557079,0.12492579339350468,0.2795958552385679,0.20107024434993048,0.3537400850546142
0.44121545797667827,0.56418413744698,0.6184631276760493,0.4214182756298862,0.7320004939126835,0.7950191744431823,0.5915758460237454,0.767913297157108,0.4859124361806241,0.6651986247383823,0.6828172880370377,0.5165239688470538,0.3638648222520716,0.5494851450149896,0.5349434664113116,0.3577606498976956,0.5080290397585617,0.5394408265352396,0.6964155609602333,0.5651250918496936,0.674600149301425,0.45574133064037387,0.7882770067860226,0.20052248151901775,0.21351068543144097,0.6366470138051089,0.6699093463485954,0.5463593830156672,0.5413471748706767,0.4675602132672756,0.29579981362517577,0.665254185890328,0.7116421173625587,0.6814737229645671,0.3955468196135448,0.0,0.47397039099845667,0.7418227415907006,0.7169035106334465,0.8676314186372193,0.7781838638786902,0.7434360207280635,0.575809547829958,0.48652917978701166,0.7602480868096239,0.5221295384220608,0.2425986069660099,0.7511164751859787,0.6387218753485523,0.6808706960801065,0.4655236140190571,0.7332137233466518,0.9030543243505484,0.5676048941232331,0.28183872127742093,0.5089704831283374,0.5127042238951854,0.33793201542383067,0.41960358205786646,0.9072490564399531,0.3999408593785238,0.22420369502421958,0.2868659335140935,0.5091442524238116,0.4461127968812448,0.7206341325049876,0.3263540266151151,0.7456619748054983,0.36806760639532576,0.49945146345962976,0.5451597449192066,0.5256991426199665,0.3158033964649827,0.41842460697994077,0.44712866581822197,0.5638967768317578
0.36641645054796207,0.5745136659703154,0.4874247661021344,0.4032912487198099,0.5411230859578541,0.7629264721635605,0.541099539934944,0.7187884298622598,0.5432361478392767,0.592138352473252,0.598210164706471,0.39805315546031284,0.4528125230228357,0.4891943013748471,0.48123715456978267,0.09267935643377606,0.45057605734896167,0.11063969011800223,0.66897707545428,0.4957018281780308,0.5264541150155138,0.48764987861634007,0.7370869060855739,0.14129067370101067,0.2728491316618633,0.5373715346254417,0.6327360213408095,0.6075954914398217,0.5486125128228453,0.4338377346099057,0.3655900438829114,0.7662304010167105,0.5855029891984781,0.3946341157670519,0.2697243292170968,0.47397039099845667,0.0,0.6531945141944262,0.8170691614616827,0.607760669187128,0.5094930498987816,0.6542096071322738,0.6878232266164983,0.5239775175596262,0.6623998961946842,0.4586059145156992,0.24557488357937013,0.6331324614861202,0.6214647081980613,0.5718758555539043,0.5345502512960958,0.6367190982467041,0.8637286107949729,0.5581014577242419,0.3270441598033833,0.5226577708162615,0.4866565926300623,0.360217454973588,0.33640218388426524,0.7782240104939309,0.4883440659479074,0.2830721128649311,0.28869075191465154,0.5225525729481517,0.43273716440469084,0.6117853849015925,0.41555977203418537,0.7893347739865108,0.3133394071710948,0.5462994748656543,0.3968274049274464,0.5991122464653991,0.36298171218683517,0.41678074630866374,0.4917778842898084,0.5090522959676099
0.5300723456452952,0.6747486605789136,0.6828869528916319,0.579461946564678,0.7159819920994186,0.8616605112424938,0.5461447243908741,0.8154570970683517,0.6105912344069596,0.5857601879994087,0.8163252161394079,0.5099329781143982,0.5276807531046389,0.7665596971638355,0.7994331331619485,0.09851814481767046,0.3759574518532557,0.14707678455997758,0.6703789442957203,0.6153400806096392,0.8282054562373756,0.5187555588728652,0.8326635722021278,0.30643730626338755,0.3327690302507338,0.6242022645268773,0.7744003708460251,0.5440885672610971,0.49734668512020486,0.25126408049586596,0.47477671820150996,0.8575396319854978,0.6874185873221728,0.7269857294893838,0.5655593633543028,0.7418227415907006,0.6531945141944262,0.0,0.8597517429288019,0.7672917862018689,0.5594949668790182,0.6133330254991056,0.6213276035540812,0.651410018110792,0.6361802789527155,0.5609525991938894,0.2612583756720912,0.7104691010063643,0.8317157855409056,0.5855811114722019,0.5709784229681565,0.6618080198054435,0.7607600636139068,0.6796873488739532,0.3701730784382108,0.5745101361395075,0.5176679784830804,0.40987109307786396,0.3842629672214714,0.851268888023172,0.49173091133090197,0.24696470743220933,0.39229154330354166,0.6213445593754008,0.6074481552714279,0.7806080650138142,0.42897734835983686,0.8298861276192074,0.48823995204563514,0.6081206632471035,0.5823560821060575,0.5872773981136548,0.4521381616927882,0.44878217317063324,0.5528095804167978,0.5752155665631412
0.52829929184842,0.7085943756176684,0.6175662173809475,0.5157414225702539,0.7620332560990819,0.8963700194111236,0.7767479353907697,0.8530462646472798,0.6908644530661789,0.7687611451646104,0.7573718560024494,0.5278546403940868,0.6147815552164596,0.7348593682836432,0.6788800697961722,0.5063615473862803,0.4436850762467603,0.23292213874235074,0.719546787568216,0.5492396208134682,0.8126702840170059,0.62481835892626,0.8131285982108989,0.25426053572459617,0.43558731404262563,0.6054501883682103,0.7425988406000052,0.7396958354489348,0.5960352416990545,0.5698239468913555,0.6212097030249125,0.7545229989661544,0.9107019196191601,0.7023165566204195,0.537814453959924,0.7169035106334465,0.8170691614616827,0.8597517429288019,0.0,0.8256953555871822,0.8121446760528912,0.9148047922037068,0.8679248434375909,0.7036437184356985,0.8867101843847249,0.6244835234009033,0.3702255854648498,0.7832941951578734,0.7399625124013556,0.8615066058931655,0.6570141760691927,0.7439194581520294,0.8233482797702798,0.7541501164513821,0.6113921763954431,0.7639763191234265,0.6308746102626078,0.6363824235277614,0.71227820847318,0.785133206887588,0.5320232871801172,0.4396932828632682,0.4031176584291184,0.7583190383433348,0.6524099875213643,0.845843144453026,0.6550769083933764,0.8261597069378503,0.5242729645819153,0.6424657697162561,0.681039090610611,0.7148045864419291,0.5448370888290825,0.4949443603006806,0.598815977832715,0.7435892359445293
0.49100641892548963,0.6618990257866006,0.6492123726632346,0.47027667458210115,0.8190392863283202,0.8950955136014862,0.7684818018635975,0.8495134756058349,0.6101757108957733,0.6799951875059314,0.8849221972120926,0.43205955091274045,0.5267462422085863,0.8323906798552019,0.5894906810688073,0.17872609432336584,0.5859042359915103,0.22334508783051638,0.7305143814149961,0.597156433807568,0.5873486368366672,0.5733938319567324,0.7701623026512298,0.1422192981881178,0.31952096725935963,0.5998150695023484,0.6749017591718856,0.7699562254587294,0.6587367249469581,0.5607051696661984,0.5468329188205997,0.8386715124813875,0.7648667348232303,0.7997487593340242,0.5255660542794045,0.8676314186372193,0.607760669187128,0.7672917862018689,0.8256953555871822,0.0,0.7746905191082429,0.9135424637509463,0.8534467126594014,0.6121442625380381,0.744486075636164,0.6334787573768234,0.3046795781864737,0.7283213219435791,0.8643099850590905,0.8664439401612826,0.6376006404923207,0.8588735272782312,0.8264332368656551,0.7927593191091097,0.41845014089236143,0.743328724743385,0.5568445814354551,0.4921412552992389,0.5382699013905567,0.8751097590532724,0.5183071878575003,0.2576423666794755,0.4363177658435665,0.6602514805904558,0.6311351789846672,0.8928404678948307,0.5583499079365225,0.8858213986775152,0.32273194839378017,0.7031159685361581,0.6485435413245435,0.7473719774360991,0.5376607830175341,0.4536975895598899,0.5914940350399261,0.7956644971066255
0.5931030712853976,0.4839652213336709,0.6692128121702158,0.6227757116257144,0.8199921418089308,0.7449031247451181,0.5768534080447145,0.7799577513057104,0.5389544638992044,0.61017745724957,0.8114985265490933,0.5576632721195118,0.558841176897972,0.8377443207005985,0.6659083215560282,0.31434577971720834,0.36406051755295293,0.045091054534863784,0.7648573085652773,0.5614330103715752,0.7662457588904739,0.3864686839594418,0.8370486200675279,0.17416081331496708,0.2925737013444947,0.6799645772319997,0.6840830945560649,0.5937415273137217,0.4438850580734393,0.42262683831420716,0.45223613405063284,0.8338787440818687,0.60527912636434,0.71875447116172,0.49450346462730366,0.7781838638786902,0.5094930498987816,0.5594949668790182,0.8121446760528912,0.7746905191082429,0.0,0.6541432412900094,0.6889688560015539,0.5856309289847783,0.60133284449321,0.7878569925240655,0.20032854441496678,0.6574236484533329,0.7185283371148905,0.6711608478715917,0.3820878424729058,0.6448092907286643,0.7494647088595261,0.4933041463692157,0.4203626591603057,0.6179362903200614,0.6052083070918411,0.36062851733155027,0.38470267873395075,0.8150647748135973,0.3737333166594628,0.3353464792312663,0.36592024991112915,0.6183091813798364,0.4083802742890834,0.8710415917951223,0.37385827615457334,0.8147420034124573,0.32253030861081367,0.6359895679645929,0.5648925939706961,0.6348893789722845,0.43386009995524744,0.4442227736554549,0.681226299344601,0.4995758062433096
0.5076592383670301,0.646873747900397,0.5500885054099086,0.479314491602074,0.8254019792337908,0.8777555930679097,0.6285717405930948,0.8833261527685208,0.6302950779140994,0.6534720085568588,0.784784180970608,0.48274587501807315,0.5607694118302722,0.7723565089829152,0.6172011306292284,0.05482155857971388,0.3615610455963813,0.06855866378659226,0.7593249422140762,0.5684076093235879,0.7168881924727176,0.4225959519251772,0.8149502073205258,0.15120466096895735,0.2390480795270793,0.5629520330709041,0.7264061897164337,0.6160428836380053,0.47654907213505393,0.603676950774775,0.5178031226383839,0.8438735691193502,0.7458593652779919,0.7831256220678547,0.459405186659732,0.7434360207280635,0.6542096071322738,0.6133330254991056,0.9148047922037068,0.9135424637509463,0.6541432412900094,0.0,0.7746737976212734,0.5899068353968655,0.7090084389402427,0.6870795743583376,0.24926148662200853,0.6962696637808046,0.6443859844270582,0.6747172856131112,0.4366607603814233,0.642265734557779,0.8509451959412969,0.5425503606421543,0.3827261403481731,0.7137142649301685,0.5988494249630684,0.431074539871917,0.4481198868972511,0.7738191781287003,0.3441363628589328,0.24886604541134133,0.2821471849127428,0.5985300208471847,0.3176932146556575,0.8528799632257348,0.3466415049893351,0.845892451531123,0.3886936650124241,0.6203048075568287,0.6179397090370412,0.5830679985667343,0.4334777112591024,0.4115407571390798,0.6019522177444175,0.5569062064248166
0.3557421744776501,0.6550064227164445,0.4832721397047273,0.5750989379795163,0.8042675655847966,0.8544246753297824,0.6247828113733395,0.825715402920205,0.5301723124224641,0.6228516960072664,0.7378685860280254,0.4697436982886443,0.3975726238884704,0.6241285874725465,0.6149060901375623,0.04404917671324471,0.5101508826656106,0.0712358499090397,0.6312518473900433,0.5749421480257849,0.7794790441209016,0.5387600429964788,0.7634077586701639,0.1424280622759141,0.2633872052917382,0.5779035963875524,0.6995023179658008,0.7089622558093066,0.647427014366981,0.6898058122661876,0.31234977395977626,0.8952427817418895,0.821801588583164,0.5227832490427962,0.38694858749542815,0.575809547829958,0.6878232266164983,0.6213276035540812,0.8679248434375909,0.8534467126594014,0.6889688560015539,0.7746737976212734,0.0,0.5843549468036996,0.7570070885968767,0.49504785430147213,0.21177088031814698,0.699687833199723,0.7361344967190586,0.5548125844636216,0.553309665252524,0.6855407130217727,0.8352912765395095,0.5067521125043669,0.36603289075819023,0.620629333000925,0.5637528618066484,0.4306713276673744,0.39049155972725547,0.7937893996560408,0.4373469851513913,0.35501154812459873,0.3856986897962916,0.593895339382661,0.44440570654405825,0.7473846969668769,0.33512596863506194,0.8048788710264458,0.332102470579232,0.5701828294586712,0.517076543643532,0.5322888348024271,0.48677076971524647,0.4217005882787836,0.5321145885976541,0.5164517525735466
0.3353106268557792,0.58601642509277,0.4967805376958246,0.43225422228045746,0.5579808565954788,0.8407968383452901,0.4995837698928851,0.6650476516209645,0.41121937030801425,0.6347183770256515,0.5720807337666207,0.39332911144212684,0.37102235545990897,0.6139789180272558,0.7891354786717011,0.03464423398402028,0.42048385037991726,0.1251330917070989,0.5924288748559219,0.4817767003463746,0.5452429285689877,0.5178578885988421,0.7126102031951299,0.13987305266614491,0.22171201869364465,0.5076475503882406,0.5431097582186898,0.5065665415287357,0.4256292096114607,0.480485108619114,0.36002211392266437,0.5958962525655574,0.6711309175160324,0.5366202622718226,0.2970620245653215,0.48652917978701166,0.5239775175596262,0.651410018110792,0.7036437184356985,0.6121442625380381,0.5856309289847783,0.5899068353968655,0.5843549468036996,0.0,0.6811998051546541,0.6092525165239354,0.23095936371688808,0.5875599304295719,0.5500613749285517,0.49783240934838296,0.4374139596614227,0.5536625756618208,0.6719335569373089,0.5535690553114148,0.2837329122562332,0.5175452348516336,0.4424375407738215,0.38566221947025586,0.3934998641753591,0.8514981152413839,0.4037058160382582,0.24724348423671816,0.29169552136891114,0.4959714655387576,0.4978064118179402,0.663795196827104,0.3790726966074562,0.7905428974019496,0.3358859806223001,0.5010014739915346,0.3562629742923761,0.5309253113305292,0.3480389647624139,0.47688298350616726,0.5061426951280654,0.41838312809464134
0.38045096558764524,0.5515771278489957,0.6429373919599681,0.47664269495142436,0.7619672235313621,0.880661406799624,0.5789977133280341,0.8019738152286623,0.48569480181970587,0.5929991958987271,0.6424329403103866,0.2965108388449402,0.5343145025652593,0.7474149636591279,0.5741718685668384,0.09429597537904016,0.3650235586258376,0.013821398326552325,0.6316126499565315,0.5433562645312495,0.529206331012556,0.44809221042339537,0.6944007817514793,0.12744076122098685,0.1918649178533931,0.4181019545027623,0.5534453950003099,0.5253215370468267,0.5112798881975005,0.5607474946263848,0.3974399865138041,0.8555957325312114,0.6968659112365161,0.43186318402935436,0.46108289516073325,0.7602480868096239,0.6623998961946842,0.6361802789527155,0.8867101843847249,0.744486075636164,0.60133284449321,0.7090084389402427,0.7570070885968767,0.6811998051546541,0.0,0.5303966901294705,0.1862722509640894,0.6613797344471191,0.7423476802805088,0.7126345962403603,0.5343502698984623,0.6528779610307975,0.8293376956333609,0.6382407482197355,0.4841377318402347,0.49626757214661277,0.40029094774978635,0.4004379249341969,0.41686310728559095,0.7153746902889359,0.3004393994220528,0.36756844713426934,0.2902320436357414,0.43594991699746616,0.48790537254515887,0.6751456624513816,0.34857294543877837,0.800251641991603,0.1946411381982046,0.6058697064895268,0.38525370662248526,0.5904054624762622,0.4749419106801247,0.5474715655646555,0.5833104878806066,0.5570021868646808
0.4839210251712856,0.2902597400018137,0.6383782025854389,0.4843757235635172,0.4750618968731741,0.5516775594668305,0.4431283344208974,0.5509561595269226,0.31753042883586985,0.48631967578807817,0.4506958026419702,0.34501403890427734,0.4804685854105044,0.44105238379934175,0.2500181309583096,0.43130828149833605,0.277219569525105,0.44294274225930447,0.43948334197285277,0.1417234564204921,0.5344769746712179,0.28454240013473503,0.48799275675335335,0.22089089969938433,0.3744654782958976,0.3659614875012387,0.46036067008861925,0.41844157309791136,0.21366979890682541,0.16357063700099722,0.42949460784340415,0.5525408906703757,0.5780303702951555,0.6141892620734488,0.4765910263191684,0.5221295384220608,0.4586059145156992,0.5609525991938894,0.6244835234009033,0.6334787573768234,0.7878569925240655,0.6870795743583376,0.49504785430147213,0.6092525165239354,0.5303966901294705,0.0,0.2533269781646533,0.6186503982694592,0.5399020184626137,0.557589322451576,0.43922682630548576,0.5916204829531513,0.7297689654326902,0.4941495020964498,0.3515591532595603,0.41166755081194756,0.49299579615944716,0.3089833930593252,0.41002360271214167,0.5924158274115783,0.1646521558338428,0.20640686323949825,0.23397457072515032,0.5721807116336289,0.39464955258377243,0.5705463890683702,0.3664767862068476,0.6005910506610057,0.3421096615034359,0.3001553704477383,0.34351910622135606,0.2281212395435951,0.26036072895255985,0.2755802466217238,0.18524572351950985,0.542438669276002
0.3806272636208844,0.10890467671101053,0.06510319157862393,0.11928702136815605,0.2442637166634401,0.2696502355649766,0.24504721613391697,0.2728711405287292,0.42530487553809093,0.1164560174543659,0.200355307048203,0.2303869760144522,0.11333271025047337,0.21532775687460162,0.4030743755128626,0.2955390711463352,0.15148947035420018,0.34734892117576227,0.07975321791083195,0.29202866391005594,0.1832418666282579,0.33543851357583226,0.4012552305814205,0.2354494234976417,0.30998776223578994,0.38185586320617304,0.43504600672138133,0.29605056587394474,0.3091016988665102,0.17837174436028114,0.340965940090331,0.2950708899200979,0.21261871521701287,0.2389085588329872,0.12488408885466623,0.2425986069660099,0.24557488357937013,0.2612583756720912,0.3702255854648498,0.3046795781864737,0.20032854441496678,0.24926148662200853,0.21177088031814698,0.23095936371688808,0.1862722509640894,0.2533269781646533,0.0,0.10147569735418477,0.29533296637368806,0.23359827929903826,0.3867863324030777,0.17885724393716945,0.32589117366175385,0.13904694555110836,0.06072112828492027,0.1595330998838149,0.321415400936934,0.08981265065459276,0.18935566909571155,0.30779149105060744,0.25932305306429276,0.18480382808440685,0.17509175057510684,0.05228558001340683,0.27775067938375814,0.2533957508801381,0.31698529127251285,0.17705669766540316,0.23804159019811694,0.09502710891104801,0.2884358892520912,0.30182507333025177,0.28682296997472356,0.2971847964677564,0.17989994101605017,0.13941807055126754
0.46384913555386303,0.46495848408672485,0.44444857572045865,0.6595624607423345,0.741528867674923,0.5561996095503233,0.6156255757856416,0.8426617721131969,0.36947598130286086,0.6529314656662089,0.5986762636765255,0.45190644648286155,0.4876455818555521,0.7027746568203528,0.5297834363783355,0.24985941895671737,0.18480127803271984,0.33022303383367413,0.5424015246422808,0.24752404350744012,0.6457953003041804,0.2522664770465058,0.6142653651053183,0.12755217743763014,0.1748241100111929,0.41092644395395483,0.47755153685910795,0.5506175111420498,0.25670021490493955,0.17150756120132113,0.26052646458509043,0.8310441542496126,0.572472343126709,0.4246752578412005,0.46465348143090446,0.7511164751859787,0.6331324614861202,0.7104691010063643,0.7832941951578734,0.7283213219435791,0.6574236484533329,0.6962696637808046,0.699687833199723,0.5875599304295719,0.6613797344471191,0.6186503982694592,0.10147569735418477,0.0,0.7148570580879452,0.7503253588562618,0.36312290033069844,0.6667498753055132,0.8452431235100444,0.42887454829285476,0.3501394010268969,0.5266424522122857,0.6216577799128638,0.3844919852506828,0.37143088246536987,0.6903032033407035,0.33182540289002543,0.1946827998405023,0.19168273418941956,0.49564210093638206,0.30123006361783666,0.630051587694278,0.2166072301517002,0.7142809394416632,0.2631734100086453,0.5376371145353378,0.3531293170742104,0.37585500130953625,0.34848988674734227,0.3416920460748488,0.5530764353158752,0.4990659311073599
0.3974638106987036,0.5705462961606417,0.6326787601044491,0.4048864382572851,0.6719681447322666,0.8226730833095246,0.5531029838459243,0.7612142016639696,0.6229937115478223,0.7044778820135038,0.6131371466636676,0.4411920896969199,0.5264663001927643,0.6299670274207243,0.789499511483553,0.07931260396384227,0.45613552682797154,0.12481978072487587,0.7016198528329336,0.5690611119179811,0.7158527111456925,0.5270750963930547,0.6970749384638837,0.21715443259546194,0.24599475584322353,0.5816375109275893,0.791755944859091,0.6035083077382953,0.49614880898737246,0.5540214448683063,0.521611056597955,0.6599719062264158,0.7514235799236261,0.6748844015981935,0.4628877924243845,0.6387218753485523,0.6214647081980613,0.8317157855409056,0.7399625124013556,0.8643099850590905,0.7185283371148905,0.6443859844270582,0.7361344967190586,0.5500613749285517,0.7423476802805088,0.5399020184626137,0.29533296637368806,0.7148570580879452,0.0,0.5484340471102885,0.5102810945036309,0.5471364063383802,0.880679817997311,0.6473542352827125,0.3285895379704611,0.5995309564255114,0.47704154152057476,0.3913979217997893,0.4482318648723538,0.9026533517895119,0.4166001756628862,0.24988275947305083,0.33225614331443476,0.6014581165477297,0.49943020761985163,0.7800296665370261,0.47016529064911006,0.8190498332360467,0.4563420518759803,0.5028600291679903,0.6141161118867571,0.6545571912214825,0.3180338567679106,0.507646112663277,0.6173616838554082,0.5126995538898977
0.5202245571086368,0.5397515053401426,0.6761832401594285,0.4593565387473699,0.5843154567580721,0.650766365674571,0.44265679944551367,0.8459875034059438,0.3716578647542075,0.5040970014093691,0.6630675733161928,0.3602189672877296,0.42264432896651616,0.741136632913488,0.5180290196323409,0.4546789402488171,0.39988891985900055,0.6677440583666978,0.7328657501773927,0.472878513453674,0.7331410350152947,0.3456896541829392,0.7566813041301494,0.2176630986376974,0.18709787876284825,0.5304146431209035,0.5977026135816828,0.4543794875785617,0.33887982382426574,0.5178878205564246,0.43800453393222283,0.8370169559804117,0.6000303688130582,0.6484203516456442,0.4613174883912319,0.6808706960801065,0.5718758555539043,0.5855811114722019,0.8615066058931655,0.8664439401612826,0.6711608478715917,0.6747172856131112,0.5548125844636216,0.49783240934838296,0.7126345962403603,0.557589322451576,0.23359827929903826,0.7503253588562618,0.5484340471102885,0.0,0.38695553215912404,0.5421460553441211,0.8281585913514806,0.4542549329118423,0.37475006304970876,0.6245174455105719,0.582334451792225,0.31535110976958763,0.44452025980544163,0.8284026341290146,0.28791319700802553,0.28041628049784895,0.24428210606718895,0.5482684678797167,0.2686974039491026,0.7698367048158589,0.26206972141482926,0.8417968864168253,0.36161285005021904,0.398606099940805,0.49705581433330753,0.45978898509385296,0.3114184413453429,0.3112586349062457,0.42388972785777806,0.5319688469733114
0.20022081692956922,0.3235671499610965,0.3540781491574318,0.43312587037439404,0.44897905454347886,0.5831548441551323,0.25858875222307154,0.48604485379809564,0.3608684002107252,0.44054979566506103,0.44003269742794615,0.12813436527746633,0.21024087058168417,0.41467767404222144,0.2369351908274612,0.4199700884582934,0.2627198861819161,0.49259559133537534,0.4059998989913318,0.34133316792315593,0.45474146722375564,0.28101266354894483,0.481569738368746,0.39161007209750187,0.17838582793601232,0.28457342086838733,0.322387624625167,0.30078754744324476,0.23894302463937633,0.18263882143530064,0.14636528148622677,0.4750570477786423,0.3540840426773144,0.30993705323348736,0.28277601653945483,0.4655236140190571,0.5345502512960958,0.5709784229681565,0.6570141760691927,0.6376006404923207,0.3820878424729058,0.4366607603814233,0.553309665252524,0.4374139596614227,0.5343502698984623,0.43922682630548576,0.3867863324030777,0.36312290033069844,0.5102810945036309,0.38695553215912404,0.0,0.37322094443209775,0.6190854414396324,0.3545162290500624,0.25241757656545477,0.35281976052037417,0.2695636855698401,0.2755513350046781,0.2460530365958215,0.6560028593226438,0.20713621954878209,0.08853783062614118,0.212534353522721,0.24994712641251193,0.23432241231936496,0.46527670898515705,0.13641360862270602,0.5263084422791368,0.13104040679458256,0.4158779400866146,0.23649274308818138,0.3417559617682582,0.21003046713150306,0.2925588727830306,0.24230889438015837,0.37816427430326693
0.4990217173805073,0.45946225471809937,0.5744597060981288,0.5346193715051093,0.46235861332337125,0.6718857002116497,0.3827122833966614,0.7613986186163104,0.42062199058181127,0.6555720537398296,0.6304783749768006,0.4304907836314382,0.39699768959939985,0.610253668790906,0.5025431209442837,0.5255313949383191,0.43417254832385277,0.6482178231927396,0.6736229656529945,0.4863611141804039,0.7457166023524098,0.3401192141706323,0.7471351146098322,0.1852184980672255,0.2191496244972915,0.5758810481209644,0.6160473018150522,0.5377120636554735,0.3632831135297953,0.538446515735615,0.35463401208340184,0.7105111807666673,0.6816507554918511,0.5333087947239042,0.33080105673848925,0.7332137233466518,0.6367190982467041,0.6618080198054435,0.7439194581520294,0.8588735272782312,0.6448092907286643,0.642265734557779,0.6855407130217727,0.5536625756618208,0.6528779610307975,0.5916204829531513,0.17885724393716945,0.6667498753055132,0.5471364063383802,0.5421460553441211,0.37322094443209775,0.0,0.8480750106667871,0.508866170610831,0.31022266280886013,0.5117938877620563,0.5168137154538419,0.2785792160277802,0.39220253705918434,0.7915819202934132,0.3342119075795097,0.2366873680751245,0.2729292779382416,0.44075620955713213,0.31153254663097874,0.6856503447103449,0.28557273488235196,0.6922078099818676,0.27596518000162434,0.4491969650552354,0.4176990798906165,0.469607609791327,0.3020328010125187,0.35040864436085156,0.46085688893137555,0.5153615362233233
0.6305431786268815,0.66788593952543,0.872907691721295,0.5993424687140132,0.8441656615341646,0.8358217432125328,0.7843199817334419,0.7287685471588206,0.8429505614888346,0.7307046174556677,0.8765923585903572,0.5012639459708987,0.64315636839949,0.8016790864574452,0.7732282405324964,0.17782100618010618,0.5558230689812232,0.19974948347207147,0.8995997216108218,0.6780969878816974,0.8293582853281564,0.716534381947602,0.8382343682295312,0.3191356790259544,0.4652155260074188,0.7082509140772784,0.8677866654787076,0.7797211529452988,0.7332275503248087,0.5818916465608871,0.6717063368501898,0.8112082911229961,0.8192238418681683,0.8519277451766187,0.6325511017046765,0.9030543243505484,0.8637286107949729,0.7607600636139068,0.8233482797702798,0.8264332368656551,0.7494647088595261,0.8509451959412969,0.8352912765395095,0.6719335569373089,0.8293376956333609,0.7297689654326902,0.32589117366175385,0.8452431235100444,0.880679817997311,0.8281585913514806,0.6190854414396324,0.8480750106667871,0.0,0.7948028629869672,0.5784672574674603,0.7925343161464009,0.5543963220713735,0.6656679787732498,0.5747058799176985,0.7885140298532671,0.6359985071759628,0.4403378138380633,0.47350503267137345,0.7565602318338016,0.657508119230104,0.76320759742316,0.5637836986636685,0.7954030879910223,0.4961139377547677,0.8495960608140841,0.6901848035401961,0.6529415881130622,0.6642683120978499,0.728808780366136,0.7477374204383074,0.8056641138070484
0.38518581186811673,0.42011632499781015,0.4163901819831045,0.4147040321610296,0.5859415192738673,0.6302102059876024,0.3823006167493387,0.7870611172120314,0.35555407899259744,0.531697634703359,0.48655507302023515,0.18178523122644402,0.4219913254367098,0.6016315370052823,0.381163580708087,0.336698378089435,0.2760079987761355,0.4062765815220937,0.45114427461287276,0.32723494027505506,0.64780982369621,0.25921047611018605,0.6163938558752812,0.12321613632439332,0.15739242607793402,0.35650071977052705,0.3846848750542345,0.37635721337034284,0.30950957561841097,0.3738040934175183,0.24729823930448094,0.6491549558924576,0.5416731649842494,0.2914374846642183,0.2810314663272109,0.5676048941232331,0.5581014577242419,0.6796873488739532,0.7541501164513821,0.7927593191091097,0.4933041463692157,0.5425503606421543,0.5067521125043669,0.5535690553114148,0.6382407482197355,0.4941495020964498,0.13904694555110836,0.42887454829285476,0.6473542352827125,0.4542549329118423,0.3545162290500624,0.508866170610831,0.7948028629869672,0.0,0.38078737875414914,0.4721956843315441,0.252281430714138,0.3171762059139698,0.2718867837361016,0.7514743248925251,0.21219009936151714,0.12971507203282046,0.22363909922639413,0.3006988080584991,0.28006506324914626,0.6540355636531957,0.14837818104940045,0.6299339885028648,0.2009093160031358,0.49712657655390596,0.31899400023976904,0.4132512310601688,0.21883591196468025,0.27184452510404744,0.3905674988648336,0.3882970975772661
0.12832145725454513,0.23310826287602399,0.303802895237845,0.28369453149611745,0.35078848970228904,0.4735454188436415,0.27856056891170455,0.48232036852145327,0.24280641391436752,0.5172235474063489,0.45043506512177867,0.1594795955944443,0.19616815506252616,0.2907456253689951,0.33065831911937205,0.36172142525948237,0.26099596497828514,0.5040243653599995,0.34402177948025364,0.20891608107792364,0.34924979294725755,0.1345335485763473,0.40490695044135566,0.0072235829997017165,0.12512403920620602,0.30820364738064565,0.339735878121459,0.2885920759864308,0.15874737300688846,0.3139162839254917,0.182840682551289,0.48493859964483127,0.3260246083573992,0.36039857620620086,0.1807306312620649,0.28183872127742093,0.3270441598033833,0.3701730784382108,0.6113921763954431,0.41845014089236143,0.4203626591603057,0.3827261403481731,0.36603289075819023,0.2837329122562332,0.4841377318402347,0.3515591532595603,0.06072112828492027,0.3501394010268969,0.3285895379704611,0.37475006304970876,0.25241757656545477,0.31022266280886013,0.5784672574674603,0.38078737875414914,0.0,0.3217903061213926,0.2053889822728771,0.28742559256405376,0.3142457624394744,0.7242443784942051,0.2373119265598487,0.16470503162935418,0.13949756869685104,0.24167337861983243,0.11590690934330444,0.3936459075565311,0.11357917198857298,0.39718058991327726,0.13738067395678877,0.2683605390395767,0.22087970730981626,0.2535805835316409,0.17654577462743132,0.14613713257892555,0.19789292920646834,0.2702564739676281
0.35661217297321596,0.45895155589633096,0.35749010216303445,0.43413495967191945,0.5636706688204154,0.7037099788430012,0.46563870194089196,0.6995176628912059,0.41051923993781503,0.5814201921675621,0.6205010427100207,0.25644378403013174,0.33203466156294714,0.471384785262203,0.48968962959755746,0.34856730758069254,0.41164309477177075,0.5315646303645336,0.533578447154851,0.35779444599132454,0.612887243721705,0.32914735983563925,0.5639073043067566,0.10034349274040638,0.20800958427442473,0.44165908239226237,0.48790979523684136,0.45956009731978736,0.33798051824129716,0.5174748189630459,0.3293902859707889,0.6411621858018398,0.5462501623494284,0.40051291459096927,0.25116226720026485,0.5089704831283374,0.5226577708162615,0.5745101361395075,0.7639763191234265,0.743328724743385,0.6179362903200614,0.7137142649301685,0.620629333000925,0.5175452348516336,0.49626757214661277,0.41166755081194756,0.1595330998838149,0.5266424522122857,0.5995309564255114,0.6245174455105719,0.35281976052037417,0.5117938877620563,0.7925343161464009,0.4721956843315441,0.3217903061213926,0.0,0.32290435797483025,0.32106317312141175,0.33101772162245413,0.8953572530263314,0.24615926457211385,0.15883559112998502,0.18229039947606274,0.39223021656929097,0.20270437653114434,0.6495505855556982,0.1911754367615949,0.7090598309493914,0.1684576589138692,0.42101530459534664,0.3768152268939793,0.4327625565547259,0.33567499050971905,0.1853472989177774,0.3319750070208484,0.48770461262832465
0.3601753291211328,0.23657178651981842,0.518678904936497,0.41081300416215716,0.49691747529035596,0.6178244546299536,0.43808257315986054,0.4668395264189015,0.25342728768556333,0.3931275282028877,0.4010273796533268,0.32532466986921754,0.2264314154749767,0.4526440948265925,0.38139222992363503,0.31556811360342407,0.04528434345479643,0.18711630793968748,0.49413762180264187,0.1028478546230388,0.4295539917790878,0.24336377825385497,0.4866240858570064,0.1091586037723403,0.1794788165047357,0.2844017308140138,0.44841622014477817,0.2735601852049372,0.22316919813778432,0.1647646761689585,0.16741729298668245,0.6218219359014429,0.5465121089332966,0.4803304653044471,0.39098287489639216,0.5127042238951854,0.4866565926300623,0.5176679784830804,0.6308746102626078,0.5568445814354551,0.6052083070918411,0.5988494249630684,0.5637528618066484,0.4424375407738215,0.40029094774978635,0.49299579615944716,0.321415400936934,0.6216577799128638,0.47704154152057476,0.582334451792225,0.2695636855698401,0.5168137154538419,0.5543963220713735,0.252281430714138,0.2053889822728771,0.32290435797483025,0.0,0.2410330669242864,0.3040945569218984,0.5064525895922033,0.14261679338327318,0.10022426967526377,0.062389393228879375,0.47342538961850866,0.3222226384542522,0.4708193845943422,0.24934069727127361,0.5496104854824548,0.3283314165482287,0.2690051661636053,0.2011344420703036,0.28174753222798776,0.19558518491214838,0.22484383856213003,0.3726409355733598,0.26854270979209105
0.22752857186942296,0.3114083292605428,0.3231667961762348,0.36555196693647407,0.269419633593209,0.5634643989140072,0.26554831170112825,0.5783449089171216,0.27744446843851456,0.38500115392419815,0.4313662332954727,0.1510746027542027,0.27834149605571884,0.3514807316378658,0.3559547666800752,0.4262286520741038,0.2574940773238047,0.5205918117959651,0.3601087433380691,0.2404768595353857,0.4566773579718167,0.2325995573185669,0.4627719675755162,0.08770535342921387,0.08251693639479402,0.27025882567305315,0.31791048601094235,0.27538587831874356,0.24414616094940284,0.31000890911442625,0.16526233827112363,0.4480050260636961,0.33514312945611313,0.26730391145143745,0.19273932939675653,0.33793201542383067,0.360217454973588,0.40987109307786396,0.6363824235277614,0.4921412552992389,0.36062851733155027,0.431074539871917,0.4306713276673744,0.38566221947025586,0.4004379249341969,0.3089833930593252,0.08981265065459276,0.3844919852506828,0.3913979217997893,0.31535110976958763,0.2755513350046781,0.2785792160277802,0.6656679787732498,0.3171762059139698,0.28742559256405376,0.32106317312141175,0.2410330669242864,0.0,0.30608398327912767,0.7617694712921163,0.1578794165833019,0.12135184002968069,0.19005549890624002,0.26908914607158285,0.1908080577354795,0.4299554289126754,0.15312073284018057,0.5101571121367721,0.17329951620312933,0.26199095778858766,0.20122286838964115,0.2941112168824488,0.14874924579398424,0.133355415051227,0.2630661004715048,0.303065486621382
0.3040101563451167,0.3431800361780984,0.31885354273649436,0.38460440049849326,0.4769497644650691,0.6052119420863096,0.3740807545775876,0.5589697328596465,0.27600149114251615,0.43943222495861356,0.43277237245693256,0.23453329437800835,0.32937727014952733,0.4430756153153738,0.3490830436666536,0.48656252909366743,0.3372253978847839,0.6186528992525555,0.38111687586167214,0.29131363119207554,0.41944337761002126,0.23518589144563612,0.49658303424933153,0.07896988990166431,0.174705794070262,0.34220153621814114,0.40541862604006534,0.3261607304120354,0.2842227172252566,0.34082039230058575,0.17241021295004724,0.5466397221268806,0.4103536070595109,0.32957190734103553,0.21983125191677688,0.41960358205786646,0.33640218388426524,0.3842629672214714,0.71227820847318,0.5382699013905567,0.38470267873395075,0.4481198868972511,0.39049155972725547,0.3934998641753591,0.41686310728559095,0.41002360271214167,0.18935566909571155,0.37143088246536987,0.4482318648723538,0.44452025980544163,0.2460530365958215,0.39220253705918434,0.5747058799176985,0.2718867837361016,0.3142457624394744,0.33101772162245413,0.3040945569218984,0.30608398327912767,0.0,0.8094777540313209,0.16745563193275367,0.10538212805520308,0.15758472456444428,0.30858968784637486,0.07446415049399885,0.5036936513165,0.20078348082238628,0.5723649855966256,0.15302093443901554,0.3855875709658626,0.3102276194759115,0.36523252280877927,0.19445450768619144,0.15266605955020898,0.23610030682931604,0.33361062489288995
0.36043943947558477,0.6310975001109047,0.7160772874406012,0.4656305440776751,0.9040349558213392,0.7798719008510941,0.8845850963007597,0.8302545899768203,0.7059768913894151,0.6672118679813188,0.7978377627038782,0.4266750610532085,0.7506902517869812,0.7764295627512322,0.4811381362457562,0.4942365338360556,0.5232308525253438,0.5190040182098788,0.6904717781482147,0.5274136190638612,0.7090161713031666,0.48930436799756083,0.7337929007895247,0.22860960417105564,0.5335853501586896,0.6012618435740775,0.7292092082500752,0.6907674037026947,0.45564276326662656,0.14929336750029917,0.8149508861174091,0.870105779863328,0.7991891939799725,0.8758930025505822,0.6542566271530643,0.9072490564399531,0.7782240104939309,0.851268888023172,0.785133206887588,0.8751097590532724,0.8150647748135973,0.7738191781287003,0.7937893996560408,0.8514981152413839,0.7153746902889359,0.5924158274115783,0.30779149105060744,0.6903032033407035,0.9026533517895119,0.8284026341290146,0.6560028593226438,0.7915819202934132,0.7885140298532671,0.7514743248925251,0.7242443784942051,0.8953572530263314,0.5064525895922033,0.7617694712921163,0.8094777540313209,0.0,0.6068924462930607,0.5207347510988035,0.48260537770622614,0.7022036172132802,0.49910418595044337,0.8114271643109405,0.5382727587497522,0.8070719581415213,0.44791876494716815,0.7536564790784166,0.6355258310494818,0.5606264045625802,0.7075903112754314,0.521652023881715,0.5087892410319292,0.7598165439735994
0.2825871988600654,0.18337882234034336,0.2492901124493866,0.31007453071995345,0.45591732529895207,0.44831189141494865,0.3516218909358325,0.5193997534713836,0.23135434158214746,0.3512524867486508,0.3805268585582841,0.08239027555746159,0.23631900932494293,0.33240186036573516,0.20341849475290352,0.36780717883629893,0.1828454809135821,0.3936455990671381,0.32575940715213514,0.2542654110028554,0.39178414458197197,0.38533180618745744,0.4332811008071445,0.2630502241706134,0.3253340606714498,0.22362942495170463,0.22870092183439397,0.21562502383051918,0.14932668291886994,0.09644552545412044,0.1563373869613327,0.4567214880214004,0.4476158950516481,0.24055284790546375,0.2048390639603787,0.3999408593785238,0.4883440659479074,0.49173091133090197,0.5320232871801172,0.5183071878575003,0.3737333166594628,0.3441363628589328,0.4373469851513913,0.4037058160382582,0.3004393994220528,0.1646521558338428,0.25932305306429276,0.33182540289002543,0.4166001756628862,0.28791319700802553,0.20713621954878209,0.3342119075795097,0.6359985071759628,0.21219009936151714,0.2373119265598487,0.24615926457211385,0.14261679338327318,0.1578794165833019,0.16745563193275367,0.6068924462930607,0.0,0.05028424703998341,0.0582823096274005,0.26207497107674166,0.44897883577179676,0.41258463317472793,0.3556834892290788,0.45165902740273256,0.35645224907554945,0.21520434212608472,0.15170557224652334,0.3882030658074393,0.12069989189664787,0.06698079461447651,0.2579990542478591,0.24793665198668932
0.22783391445758006,0.19477683242389465,0.16439209747542766,0.15040824657723068,0.22167782814519113,0.26853943182664786,0.13247367362049184,0.3351975031685543,0.11259013061767648,0.38236324878148825,0.2934943139093654,0.04150998111252596,0.0862617822282884,0.17986851328010225,0.25928493366451416,0.2600163980228525,0.1448214616658851,0.31387155826175955,0.15368747492451865,0.1080750656270264,0.34079269081482033,0.06252293920277385,0.24190748365808493,0.1878971950227767,0.04289887192429881,0.17817277516202853,0.15017051593960362,0.13295715139922398,0.1278954215243378,0.289077343954065,0.08444474974786476,0.2707222502446356,0.22136183680992355,0.11278157175262571,0.09173124562660873,0.22420369502421958,0.2830721128649311,0.24696470743220933,0.4396932828632682,0.2576423666794755,0.3353464792312663,0.24886604541134133,0.35501154812459873,0.24724348423671816,0.36756844713426934,0.20640686323949825,0.18480382808440685,0.1946827998405023,0.24988275947305083,0.28041628049784895,0.08853783062614118,0.2366873680751245,0.4403378138380633,0.12971507203282046,0.16470503162935418,0.15883559112998502,0.10022426967526377,0.12135184002968069,0.10538212805520308,0.5207347510988035,0.05028424703998341,0.0,0.04913463863594547,0.14526978938363314,0.14733929889379543,0.3239036933600734,0.018029455915568315,0.31611713882944176,0.29027767111155306,0.11141396837535278,0.06039393249394098,0.07983169452046007,0.08139047677708827,0.053287548264887685,0.15673593485301618,0.15619940883445269
0.20769861686124705,0.19867010111856148,0.20283541485608186,0.1806337549525979,0.2774340037050771,0.4205921277653189,0.18037682258215665,0.4370665718760512,0.1656249842608068,0.3070281513759001,0.22104994822610036,0.07428215992245424,0.09712648328751772,0.31469059133031063,0.19770650467571,0.27001381063244456,0.09365653091118739,0.28331009627563075,0.2608687520454326,0.18934270438993564,0.41049443595771284,0.10658364194787995,0.3126460680949955,-0.007756374851540404,0.055695920265617205,0.16254375022683745,0.19812805005514464,0.22888992086565826,0.13356736923339285,0.21464661586119765,0.1453554091519178,0.293159679283,0.2916491652836517,0.27615542765801043,0.19282299055738938,0.2868659335140935,0.28869075191465154,0.39229154330354166,0.4031176584291184,0.4363177658435665,0.36592024991112915,0.2821471849127428,0.3856986897962916,0.29169552136891114,0.2902320436357414,0.23397457072515032,0.17509175057510684,0.19168273418941956,0.33225614331443476,0.24428210606718895,0.212534353522721,0.2729292779382416,0.47350503267137345,0.22363909922639413,0.13949756869685104,0.18229039947606274,0.062389393228879375,0.19005549890624002,0.15758472456444428,0.48260537770622614,0.0582823096274005,0.04913463863594547,0.0,0.16360188229860292,0.07671480232563549,0.3229345002406716,0.0021178179958906695,0.33628993598692686,0.062744265513759,0.12294907242873829,0.10773659979244299,0.1262745129525396,0.13780688116148215,0.05978937288159586,0.0907566472894116,0.26675072381889703
0.4687632801430831,0.32461543463155174,0.39119708996984875,0.5478183343608676,0.6576003317743212,0.5989339704364218,0.4124125141604137,0.6263908960665374,0.36675439678135763,0.5259663229132938,0.5663878887114977,0.4070067440188444,0.285475136424805,0.4735220371937312,0.31332835120685365,0.2988016679192112,0.32059529809069987,0.334837557333733,0.5227873612177887,0.3150384119706482,0.52291939036876,0.12667433233348038,0.548447003520486,0.050562026350147005,0.12432814766141526,0.41570879935066524,0.5260222231080436,0.3348842571859167,0.24018280293822092,0.38345646480241363,0.25444224097754753,0.6193783346633851,0.516741225448005,0.517977519911169,0.30875198754565486,0.5091442524238116,0.5225525729481517,0.6213445593754008,0.7583190383433348,0.6602514805904558,0.6183091813798364,0.5985300208471847,0.593895339382661,0.4959714655387576,0.43594991699746616,0.5721807116336289,0.05228558001340683,0.49564210093638206,0.6014581165477297,0.5482684678797167,0.24994712641251193,0.44075620955713213,0.7565602318338016,0.3006988080584991,0.24167337861983243,0.39223021656929097,0.47342538961850866,0.26908914607158285,0.30858968784637486,0.7022036172132802,0.26207497107674166,0.14526978938363314,0.16360188229860292,0.0,0.15704228531413153,0.5336981611674011,0.18879819582229596,0.5487475887786655,0.34647483659538847,0.4662510273139179,0.3252057145968116,0.3563170975586837,0.22519995451223812,0.19522040230022314,0.2857285719553037,0.44896506476487535
0.32159498143792226,0.1556257324301874,0.2602604556650216,0.2168232582440673,0.44176378866108557,0.5425324825137522,0.2610705333074028,0.5348643806510773,0.3604785504699109,0.4428405275216711,0.3885301298606118,0.24395833610178574,0.21689919409792116,0.3413663232810053,0.18303409746372848,0.28834889175722567,0.13320997108943658,0.3900037200336671,0.21535970882140562,0.4551851073935552,0.4052531492478785,0.34048973774917873,0.4259758800271932,0.3191254027267976,0.34584829599852907,0.21678551210840213,0.21823431475852756,0.2830093400422834,0.4169114672366969,0.33774113424126145,0.15643394764849491,0.5361807178456193,0.48926746407670274,0.25333159331695404,0.13818984963992936,0.4461127968812448,0.43273716440469084,0.6074481552714279,0.6524099875213643,0.6311351789846672,0.4083802742890834,0.3176932146556575,0.44440570654405825,0.4978064118179402,0.48790537254515887,0.39464955258377243,0.27775067938375814,0.30123006361783666,0.49943020761985163,0.2686974039491026,0.23432241231936496,0.31153254663097874,0.657508119230104,0.28006506324914626,0.11590690934330444,0.20270437653114434,0.3222226384542522,0.1908080577354795,0.07446415049399885,0.49910418595044337,0.44897883577179676,0.14733929889379543,0.07671480232563549,0.15704228531413153,0.0,0.33947503718072974,0.33118507924788687,0.4697108574960617,0.3573849084067234,0.2785651582031081,0.383803305762677,0.40140772426916455,0.35705392705309724,0.4751085701586263,0.3874089809503795,0.28322027740103384
0.429382698041097,0.6032502839906414,0.6115663467691619,0.4574323629817023,0.5960307639212803,0.735422821433459,0.6457901709163429,0.815339501829296,0.6478133574170499,0.7453831194344864,0.7631427959461266,0.46122196938458343,0.6195800137446464,0.6123491137629933,0.5373551932105785,0.4391860166107846,0.4409189048169279,0.5445223860796871,0.7735325227874659,0.5132061730855513,0.7419720902821862,0.5005775141122694,0.7776286904178957,0.21926139045123624,0.26489295636976823,0.6603298752852174,0.6448973981460879,0.6359104405986555,0.4953788994931198,0.40913293912714155,0.5536469732357093,0.8512918811829983,0.7952018878587759,0.6735548699658791,0.6587325090990945,0.7206341325049876,0.6117853849015925,0.7806080650138142,0.845843144453026,0.8928404678948307,0.8710415917951223,0.8528799632257348,0.7473846969668769,0.663795196827104,0.6751456624513816,0.5705463890683702,0.2533957508801381,0.630051587694278,0.7800296665370261,0.7698367048158589,0.46527670898515705,0.6856503447103449,0.76320759742316,0.6540355636531957,0.3936459075565311,0.6495505855556982,0.4708193845943422,0.4299554289126754,0.5036936513165,0.8114271643109405,0.41258463317472793,0.3239036933600734,0.3229345002406716,0.5336981611674011,0.33947503718072974,0.0,0.3847754311370529,0.8540481387987027,0.380171717623054,0.5581959477968333,0.5695378246602123,0.51798143719829,0.4660540686184307,0.4435669907330308,0.3510018049311899,0.7514871863531265
0.3583598139484709,0.1341880952188736,0.09064053676032474,0.22245204553206493,0.386024033506208,0.4092328361188825,0.23327813806785516,0.4395904622729008,0.16751658359365004,0.3170758375517824,0.26528514534446657,0.025584363862917514,0.2235005978774356,0.21645536550554545,0.1407456447071783,0.28089613307307465,0.14460928227276235,0.42194057114544026,0.17986469246636788,0.40896794458203933,0.3449332889598078,0.4196371469505766,0.29804724000509586,0.1969312967912715,0.35671342843927467,0.12801373612159628,0.15110540444785397,0.11708597048543784,0.47062459096423215,0.2793170954025746,0.09687531259847884,0.5063099419877468,0.3373539916181951,0.27846383761736593,0.18782415179971712,0.3263540266151151,0.41555977203418537,0.42897734835983686,0.6550769083933764,0.5583499079365225,0.37385827615457334,0.3466415049893351,0.33512596863506194,0.3790726966074562,0.34857294543877837,0.3664767862068476,0.31698529127251285,0.2166072301517002,0.47016529064911006,0.26206972141482926,0.13641360862270602,0.28557273488235196,0.5637836986636685,0.14837818104940045,0.11357917198857298,0.1911754367615949,0.24934069727127361,0.15312073284018057,0.20078348082238628,0.5382727587497522,0.3556834892290788,0.018029455915568315,0.0021178179958906695,0.18879819582229596,0.33118507924788687,0.3847754311370529,0.0,0.3897484154489943,0.247745192549511,0.12384351180997119,0.07192390381146618,0.4058460573476188,0.36129944199770836,0.40267285433722527,0.3205638992117664,0.25324939439952865
0.44544303739654945,0.5281603850283825,0.7034235658295098,0.4916801744984043,0.8097666112245616,0.8787264339524569,0.7142203921422554,0.8440074703287932,0.77876206143624,0.6701610739216958,0.7764550668455863,0.45502603172990563,0.65180298983291,0.7127253377073408,0.5251228223101213,0.412741504659755,0.4663622253658616,0.49690742196537707,0.7688296032141209,0.5544676986099811,0.7054825639631278,0.5317540143963375,0.801895992966385,0.2174314448667542,0.3003817534937247,0.6082368381426306,0.7356317134084581,0.6588974054799148,0.539296481233263,0.13218014303718523,0.48084462354545243,0.8611207456905743,0.7981078329820108,0.8419477785775906,0.6073299189827193,0.7456619748054983,0.7893347739865108,0.8298861276192074,0.8261597069378503,0.8858213986775152,0.8147420034124573,0.845892451531123,0.8048788710264458,0.7905428974019496,0.800251641991603,0.6005910506610057,0.17705669766540316,0.7142809394416632,0.8190498332360467,0.8417968864168253,0.5263084422791368,0.6922078099818676,0.7954030879910223,0.6299339885028648,0.39718058991327726,0.7090598309493914,0.5496104854824548,0.5101571121367721,0.5723649855966256,0.8070719581415213,0.45165902740273256,0.31611713882944176,0.33628993598692686,0.5487475887786655,0.4697108574960617,0.8540481387987027,0.3897484154489943,0.0,0.44823569812000946,0.5885732858204644,0.6421429723605773,0.6842515070340592,0.44058954351249086,0.5234795027824032,0.3668123365681586,0.8286879758053189
0.26552359371985035,0.12782385278434935,0.37238239108848625,0.27965170465683975,0.27238962799291594,0.44216973446178987,0.2531495088237162,0.38862498367671133,0.2290388503825919,0.33466681138969145,0.28927605747371204,0.20482399515424946,0.18769002674981378,0.26134070308766577,0.33968370976116086,0.4496272298662676,0.006555965555940291,0.32378325448450607,0.27084275581029776,0.4563716598622286,0.3221166777149884,0.467243399992401,0.4598327793885972,0.11572007397757661,0.3170489559550379,0.1935602162566815,0.3170516167058292,0.1580571490237374,0.40384255505588856,0.25616735420420633,0.1269551522547656,0.3901641919292793,0.3013832912240858,0.34242785091625266,0.27611095173905637,0.36806760639532576,0.3133394071710948,0.48823995204563514,0.5242729645819153,0.32273194839378017,0.32253030861081367,0.3886936650124241,0.332102470579232,0.3358859806223001,0.1946411381982046,0.3421096615034359,0.23804159019811694,0.2631734100086453,0.4563420518759803,0.36161285005021904,0.13104040679458256,0.27596518000162434,0.4961139377547677,0.2009093160031358,0.13738067395678877,0.1684576589138692,0.3283314165482287,0.17329951620312933,0.15302093443901554,0.44791876494716815,0.35645224907554945,0.29027767111155306,0.062744265513759,0.34647483659538847,0.3573849084067234,0.380171717623054,0.247745192549511,0.44823569812000946,0.0,0.20474175668944727,0.16571335392141107,0.3594643618235095,0.282178230046656,0.24521697496545902,0.4402761426350351,0.20310389874751836
0.09810496852376757,0.359442758539689,0.4540891366601188,0.3554516908012677,0.5154049414677572,0.7154837500650713,0.44210499913835083,0.6833987481451613,0.4801160041115522,0.46870373315681285,0.49554238087871244,0.250799007241469,0.2980298896725183,0.49735905047041457,0.5146087268773363,0.2611195398679861,0.326210401411006,0.3601286491181626,0.4828454276797422,0.3291385483429851,0.5216603689581893,0.24520670789359483,0.5638722855151466,0.03457361073762538,0.14057911134648288,0.3511479056097365,0.47229516674434135,0.3386358964418112,0.2714929957485005,0.355223498048172,0.22952344633764984,0.5162504049440872,0.4896675629529491,0.44669478734641627,0.32775275462097686,0.49945146345962976,0.5462994748656543,0.6081206632471035,0.6424657697162561,0.7031159685361581,0.6359895679645929,0.6203048075568287,0.5701828294586712,0.5010014739915346,0.6058697064895268,0.3001553704477383,0.09502710891104801,0.5376371145353378,0.5028600291679903,0.398606099940805,0.4158779400866146,0.4491969650552354,0.8495960608140841,0.49712657655390596,0.2683605390395767,0.42101530459534664,0.2690051661636053,0.26199095778858766,0.3855875709658626,0.7536564790784166,0.21520434212608472,0.11141396837535278,0.12294907242873829,0.4662510273139179,0.2785651582031081,0.5581959477968333,0.12384351180997119,0.5885732858204644,0.20474175668944727,0.0,0.30817327482195533,0.38013478503458553,0.19258547161757308,0.2620042029592918,0.2697316025640574,0.4778967296104502
0.1855683050610229,0.3067549877812033,0.32644541822225837,0.2988132824878875,0.4573177296294457,0.6264216445058127,0.3687145972306066,0.6071376641197099,0.3912967889110421,0.43685652616256415,0.4895177825337539,0.1605465971998605,0.29731403450683225,0.4131944024787469,0.22387410773238214,0.3127109281897725,0.13517273483319228,0.4146227106818826,0.4530880173557125,0.20946905049878567,0.46458609310456817,0.19583869426060546,0.529570735832369,0.032104135844604254,0.039443595407183285,0.3083993906600256,0.4032573437811539,0.24054115417244598,0.2086050912187197,0.18526240139543643,0.20788442708214278,0.6060165564804751,0.4865606390795032,0.4835993282772358,0.35873553766096355,0.5451597449192066,0.3968274049274464,0.5823560821060575,0.681039090610611,0.6485435413245435,0.5648925939706961,0.6179397090370412,0.517076543643532,0.3562629742923761,0.38525370662248526,0.34351910622135606,0.2884358892520912,0.3531293170742104,0.6141161118867571,0.49705581433330753,0.23649274308818138,0.4176990798906165,0.6901848035401961,0.31899400023976904,0.22087970730981626,0.3768152268939793,0.2011344420703036,0.20122286838964115,0.3102276194759115,0.6355258310494818,0.15170557224652334,0.06039393249394098,0.10773659979244299,0.3252057145968116,0.383803305762677,0.5695378246602123,0.07192390381146618,0.6421429723605773,0.16571335392141107,0.30817327482195533,0.0,0.2666062897650183,0.10141952046551955,0.13559949475883243,0.28021310963220825,0.49123330942647947
0.45307605315140514,0.323598240933988,0.372274595218222,0.2344551627949203,0.5760256711691965,0.5367195483803211,0.4383854135699192,0.5271655615261239,0.40690267839636807,0.5223073759735908,0.4682970298999686,0.20824706111153948,0.3710591263843254,0.5718410334323941,0.38387675174130376,0.3234144900094233,0.2597481859812839,0.3577562009743342,0.3403065626784162,0.3909795706229976,0.4752665851096987,0.1819705373708273,0.5106165020170794,0.37183097573207385,0.4925112340622735,0.32636309720002277,0.2763773804384551,0.37218184749754274,0.1604172590484693,0.24452139290278702,0.19933052089054515,0.6389199946724835,0.520978067185133,0.4002764004753659,0.358648096557079,0.5256991426199665,0.5991122464653991,0.5872773981136548,0.7148045864419291,0.7473719774360991,0.6348893789722845,0.5830679985667343,0.5322888348024271,0.5309253113305292,0.5904054624762622,0.2281212395435951,0.30182507333025177,0.37585500130953625,0.6545571912214825,0.45978898509385296,0.3417559617682582,0.469607609791327,0.6529415881130622,0.4132512310601688,0.2535805835316409,0.4327625565547259,0.28174753222798776,0.2941112168824488,0.36523252280877927,0.5606264045625802,0.3882030658074393,0.07983169452046007,0.1262745129525396,0.3563170975586837,0.40140772426916455,0.51798143719829,0.4058460573476188,0.6842515070340592,0.3594643618235095,0.38013478503458553,0.2666062897650183,0.0,0.24112469508211845,0.25386706828560063,0.2776599292889486,0.5058996418268445
0.42806424009762817,0.27770555048574924,0.25896104897431615,0.34023760730606806,0.32891517639013207,0.5259784589343652,0.25677067006854026,0.5193579262431164,0.2031816966112507,0.4501089118040293,0.37999250730995354,0.11603824324523243,0.10713543976846185,0.353516817192158,0.24347034497304015,0.3591292553013141,0.17202031369853477,0.481276727293423,0.346496582773726,0.15118732481150793,0.45603627537090413,0.4513813002546017,0.4468580480801859,0.3198946349807501,0.45382710203466664,0.2895422182521719,0.30492221603687225,0.21096970424466124,0.15846040249032722,0.28086095419875945,0.11703538755810627,0.4493009287617796,0.3652705180171039,0.22504714343950608,0.12492579339350468,0.3158033964649827,0.36298171218683517,0.4521381616927882,0.5448370888290825,0.5376607830175341,0.43386009995524744,0.4334777112591024,0.48677076971524647,0.3480389647624139,0.4749419106801247,0.26036072895255985,0.28682296997472356,0.34848988674734227,0.3180338567679106,0.3114184413453429,0.21003046713150306,0.3020328010125187,0.6642683120978499,0.21883591196468025,0.17654577462743132,0.33567499050971905,0.19558518491214838,0.14874924579398424,0.19445450768619144,0.7075903112754314,0.12069989189664787,0.08139047677708827,0.13780688116148215,0.22519995451223812,0.35705392705309724,0.4660540686184307,0.36129944199770836,0.44058954351249086,0.282178230046656,0.19258547161757308,0.10141952046551955,0.24112469508211845,0.0,0.11944865639770583,0.25092062709177176,0.237941888111469
0.4028440900361998,0.2944923131931076,0.3487803915369839,0.2361175031773304,0.3415005437518317,0.458816269526931,0.30400119416613486,0.5461427700183283,0.2683155660381971,0.37984114751058917,0.42002775847971746,0.05580588680217388,0.21053592113458539,0.4195454615978971,0.18663528533894208,0.38128937827096243,0.24680644723074713,0.5242678466090169,0.22119671398426113,0.19927979739403628,0.39715915127523255,0.1413599809372339,0.389742310775856,0.31572744524091473,0.4167242894612437,0.19075206873883427,0.22290042059725723,0.27726069916708673,0.1894525121212805,0.32836827042054095,0.12772547208956794,0.4905640372333048,0.4463111171542694,0.276345495288101,0.2795958552385679,0.41842460697994077,0.41678074630866374,0.44878217317063324,0.4949443603006806,0.4536975895598899,0.4442227736554549,0.4115407571390798,0.4217005882787836,0.47688298350616726,0.5474715655646555,0.2755802466217238,0.2971847964677564,0.3416920460748488,0.507646112663277,0.3112586349062457,0.2925588727830306,0.35040864436085156,0.728808780366136,0.27184452510404744,0.14613713257892555,0.1853472989177774,0.22484383856213003,0.133355415051227,0.15266605955020898,0.521652023881715,0.06698079461447651,0.053287548264887685,0.05978937288159586,0.19522040230022314,0.4751085701586263,0.4435669907330308,0.40267285433722527,0.5234795027824032,0.24521697496545902,0.2620042029592918,0.13559949475883243,0.25386706828560063,0.11944865639770583,0.0,0.2617364984201309,0.3146445951599246
0.22918122498566562,0.31592356877917016,0.48357293036509347,0.2541525463311832,0.4800767749260196,0.5478489450312664,0.4064448840272966,0.6521073647979122,0.30548072752878475,0.47859833381608874,0.45706621448835644,0.3006243663139882,0.25391196323303794,0.3413749892914988,0.29955839911397225,0.2117015960210574,0.2242070965581024,0.36261361770232153,0.32530858498904347,0.30859181719567863,0.37791883512047914,0.34802859865489844,0.3535200201137509,0.21555816072024714,0.302184176141215,0.36419586922791103,0.1730390261071732,0.3254902493430159,0.2994302501444174,0.2704449965908265,0.25514109547444436,0.5685126678139597,0.5960529945579588,0.2342749793812519,0.20107024434993048,0.44712866581822197,0.4917778842898084,0.5528095804167978,0.598815977832715,0.5914940350399261,0.681226299344601,0.6019522177444175,0.5321145885976541,0.5061426951280654,0.5833104878806066,0.18524572351950985,0.17989994101605017,0.5530764353158752,0.6173616838554082,0.42388972785777806,0.24230889438015837,0.46085688893137555,0.7477374204383074,0.3905674988648336,0.19789292920646834,0.3319750070208484,0.3726409355733598,0.2630661004715048,0.23610030682931604,0.5087892410319292,0.2579990542478591,0.15673593485301618,0.0907566472894116,0.2857285719553037,0.3874089809503795,0.3510018049311899,0.3205638992117664,0.3668123365681586,0.4402761426350351,0.2697316025640574,0.28021310963220825,0.2776599292889486,0.25092062709177176,0.2617364984201309,0.0,0.24607223604863132
0.41598957129775976,0.48312176291309716,0.510104116040531,0.38047639945663725,0.6105200148145049,0.686127239805929,0.47748521248163267,0.7071304365708518,0.5675763508213225,0.5999541682332472,0.5834534273400547,0.33087734195945456,0.3694272172255024,0.5279546244009726,0.4124150289211045,0.42529680527163033,0.28580318294106943,0.5206583215489244,0.5927919175558272,0.36685204269536276,0.6253049962562193,0.33055996584655234,0.6893974204678972,0.0804105520747101,0.26314877047389507,0.5430453647190296,0.5254026502819275,0.36817161749049393,0.35102141119648356,0.1724536379623137,0.3920728863312902,0.6697763753275869,0.4981465019159456,0.490356260881931,0.3537400850546142,0.5638967768317578,0.5090522959676099,0.5752155665631412,0.7435892359445293,0.7956644971066255,0.4995758062433096,0.5569062064248166,0.5164517525735466,0.41838312809464134,0.5570021868646808,0.542438669276002,0.13941807055126754,0.4990659311073599,0.5126995538898977,0.5319688469733114,0.37816427430326693,0.5153615362233233,0.8056641138070484,0.3882970975772661,0.2702564739676281,0.48770461262832465,0.26854270979209105,0.303065486621382,0.33361062489288995,0.7598165439735994,0.24793665198668932,0.15619940883445269,0.26675072381889703,0.44896506476487535,0.28322027740103384,0.7514871863531265,0.25324939439952865,0.8286879758053189,0.20310389874751836,0.4778967296104502,0.49123330942647947,0.5058996418268445,0.237941888111469,0.3146445951599246,0.24607223604863132,0.0
