Node,Layer,Metric,Control,EM,Diff_EM_minus_Control
0,FA,Betweenness_mean,0.0049449449449449,0.0064740602671637,0.0015291153222188004
0,FA,Betweenness_std,0.0065343643794673,0.0150329270813089,0.0084985627018416
0,FA,Closeness_mean,0.8620689655172413,0.8580214903056185,-0.004047475211622853
0,FA,Closeness_std,0.0,0.0136425691621928,0.0136425691621928
0,FA,Degree_mean,63.0,62.56551724137931,-0.43448275862068897
0,FA,Degree_std,0.0,1.5266784620334373,1.5266784620334373
0,FA,Eigenvector_mean,0.1056056330483114,0.1063637080797702,0.0007580750314588047
0,FA,Eigenvector_std,0.0060759296963316,0.0082179307957526,0.0021420010994209994
0,FA,Strength_mean,33.82708685324084,33.87594534514437,0.04885849190353042
0,FA,Strength_std,4.627499261062892,5.423603710406726,0.7961044493438338
0,GM,Betweenness_mean,0.0419099099099099,0.0961217769493631,0.054211867039453195
0,GM,Betweenness_std,0.0543782204999263,0.1295405208789667,0.0751623003790404
0,GM,Closeness_mean,0.990924864609075,0.9939189477830384,0.0029940831739633245
0,GM,Closeness_std,0.0136488482635929,0.011354585710242,-0.0022942625533509016
0,GM,Degree_mean,74.3,74.53103448275863,0.2310344827586306
0,GM,Degree_std,1.0593499054713795,0.8901870310173976,-0.16916287445398193
0,GM,Eigenvector_mean,0.0936889975975302,0.0847690298576834,-0.008919967739846796
0,GM,Eigenvector_std,0.0295654907071532,0.0336232300710823,0.004057739363929096
0,GM,Strength_mean,23.921583694441903,21.94890613675076,-1.9726775576911422
0,GM,Strength_std,8.526796488063347,10.15712606793828,1.6303295798749335
0,rsfMRI,Betweenness_mean,0.005025025025025,0.0132687169928549,0.0082436919678299
0,rsfMRI,Betweenness_std,0.0109250087325002,0.0351225477045599,0.0241975389720597
0,rsfMRI,Closeness_mean,0.9950503083414476,0.9940758753882636,-0.0009744329531840012
0,rsfMRI,Closeness_std,0.0145561622318404,0.016524974960678,0.0019688127288376
0,rsfMRI,Degree_mean,74.61111111111111,74.53103448275863,-0.08007662835248652
0,rsfMRI,Degree_std,1.144752163719235,1.3336206586967243,0.18886849497748925
0,rsfMRI,Eigenvector_mean,0.1158531899439518,0.1144398677122682,-0.0014133222316835975
0,rsfMRI,Eigenvector_std,0.0092048417865279,0.0132431065397757,0.004038264753247801
0,rsfMRI,Strength_mean,43.66692827040436,42.95636490366817,-0.7105633667361957
0,rsfMRI,Strength_std,7.819010401506561,6.98345376365571,-0.8355566378508508
1,FA,Betweenness_mean,0.0048848848848848,0.0063721652687169,0.0014872803838321003
1,FA,Betweenness_std,0.0056075567973847,0.0140219792252656,0.0084144224278809
1,FA,Closeness_mean,0.8922735760971057,0.8885992737764656,-0.0036743023206400327
1,FA,Closeness_std,0.0024758640797848,0.0191247008456329,0.0166488367658481
1,FA,Degree_mean,65.94444444444444,65.55172413793103,-0.39272030651341083
1,FA,Degree_std,0.2357022603955182,2.143890008329741,1.908187747934223
1,FA,Eigenvector_mean,0.1149108436170368,0.1150452430635241,0.00013439944648729885
1,FA,Eigenvector_std,0.0091483269735246,0.0109105935378899,0.0017622665643653012
1,FA,Strength_mean,37.01102072231245,37.0139256053064,0.0029048829939455345
1,FA,Strength_std,5.200631949773534,6.625451812240812,1.4248198624672783
1,GM,Betweenness_mean,0.0065225225225225,0.0205405405405405,0.014018018018018
1,GM,Betweenness_std,0.0121996752136506,0.0442211948349565,0.032021519621305894
1,GM,Closeness_mean,0.9960526315789474,0.993570349967522,-0.0024822816114253854
1,GM,Closeness_std,0.0063558669939427,0.0119771810268235,0.0056213140328808
1,GM,Degree_mean,74.7,74.50344827586207,-0.1965517241379331
1,GM,Degree_std,0.4830458915396468,0.936335483644104,0.45328959210445724
1,GM,Eigenvector_mean,0.1149458965623289,0.1106779843075477,-0.004267912254781195
1,GM,Eigenvector_std,0.0359377082608677,0.0312455505809305,-0.004692157679937203
1,GM,Strength_mean,29.56105847999232,28.099103139324207,-1.461955340668112
1,GM,Strength_std,10.314116958945323,8.217632061133047,-2.0964848978122763
1,rsfMRI,Betweenness_mean,0.0173373373373373,0.0153264989127058,-0.002010838424631501
1,rsfMRI,Betweenness_std,0.0467586939366307,0.0369311515567956,-0.009827542379835102
1,rsfMRI,Closeness_mean,0.9956892522681996,0.9941597200827936,-0.0015295321854059685
1,rsfMRI,Closeness_std,0.0108263956630613,0.0203656397293928,0.009539244066331502
1,rsfMRI,Degree_mean,74.66666666666667,74.52413793103449,-0.14252873563218316
1,rsfMRI,Degree_std,0.8401680504168056,1.7363865681858548,0.8962185177690491
1,rsfMRI,Eigenvector_mean,0.1198279453675541,0.1176434096630624,-0.0021845357044917024
1,rsfMRI,Eigenvector_std,0.0117273414169591,0.0149725988411415,0.0032452574241824007
1,rsfMRI,Strength_mean,44.856691360573485,44.13982061922833,-0.7168707413451543
1,rsfMRI,Strength_std,7.913436841876972,7.681049234567524,-0.2323876073094473
2,FA,Betweenness_mean,0.0031831831831831,0.0063970177073625,0.0032138345241794
2,FA,Betweenness_std,0.0036982793668197,0.0161644447204051,0.0124661653535854
2,FA,Closeness_mean,0.925925925925926,0.9208569800325538,-0.005068945893372256
2,FA,Closeness_std,0.0,0.0168715678857517,0.0168715678857517
2,FA,Degree_mean,69.0,68.52413793103449,-0.47586206896551175
2,FA,Degree_std,0.0,1.6502641144706431,1.6502641144706431
2,FA,Eigenvector_mean,0.1170626662825859,0.1154669632069758,-0.0015957030756100915
2,FA,Eigenvector_std,0.0108486496385949,0.0097081686043879,-0.0011404810342069988
2,FA,Strength_mean,38.17277948515437,37.55952630618663,-0.6132531789677387
2,FA,Strength_std,4.744639415794105,5.421255990890387,0.6766165750962818
2,GM,Betweenness_mean,0.0647207207207207,0.036309412861137,-0.0284113078595837
2,GM,Betweenness_std,0.0692927986329953,0.0593747732508107,-0.0099180253821846
2,GM,Closeness_mean,0.9883919378423044,0.9941728204765696,0.005780882634265239
2,GM,Closeness_std,0.0163648038740282,0.0139521871855266,-0.0024126166885016006
2,GM,Degree_mean,74.1,74.54482758620689,0.4448275862068982
2,GM,Degree_std,1.2866839377079218,1.117905471709552,-0.16877846599836976
2,GM,Eigenvector_mean,0.0861783407081471,0.0889501445838244,0.002771803875677298
2,GM,Eigenvector_std,0.0235465199514138,0.0286970248307196,0.0051505048793057985
2,GM,Strength_mean,22.357474675096384,23.244253082335124,0.8867784072387401
2,GM,Strength_std,3.329886543565354,9.394963417033516,6.065076873468161
2,rsfMRI,Betweenness_mean,0.0136336336336336,0.0160273376825101,0.0023937040488765
2,rsfMRI,Betweenness_std,0.0282783290317452,0.0389080519705793,0.010629722938834095
2,rsfMRI,Closeness_mean,0.9956892522681996,0.9941041317351976,-0.0015851205330019713
2,rsfMRI,Closeness_std,0.0108263956630613,0.0191042387290402,0.0082778430659789
2,rsfMRI,Degree_mean,74.66666666666667,74.52413793103449,-0.14252873563218316
2,rsfMRI,Degree_std,0.8401680504168053,1.6290878438761789,0.7889197934593736
2,rsfMRI,Eigenvector_mean,0.1150898562613087,0.1166712393248972,0.0015813830635885012
2,rsfMRI,Eigenvector_std,0.0109314121507289,0.010998182701427,6.677055069810069e-05
2,rsfMRI,Strength_mean,43.18118437142425,43.43854808692099,0.2573637154967372
2,rsfMRI,Strength_std,8.814425083478223,6.811465264469176,-2.002959819009047
3,FA,Betweenness_mean,0.0369969969969969,0.0289033861447654,-0.008093610852231498
3,FA,Betweenness_std,0.0240625375797479,0.0281867274174657,0.004124189837717798
3,FA,Closeness_mean,0.7794693263903499,0.7784983486622856,-0.000970977728064315
3,FA,Closeness_std,0.0043849386326325,0.0058407695817282,0.0014558309490957004
3,FA,Degree_mean,53.77777777777778,53.6551724137931,-0.12260536398467536
3,FA,Degree_std,0.5483188805533165,0.7395504485161127,0.19123156796279628
3,FA,Eigenvector_mean,0.0749011437784697,0.0767036811422619,0.0018025373637922115
3,FA,Eigenvector_std,0.0075431909927131,0.008892540314672,0.0013493493219588993
3,FA,Strength_mean,23.81816428711764,24.30258915192062,0.48442486480298186
3,FA,Strength_std,1.6324687489091194,2.5332082325980063,0.9007394836888869
3,GM,Betweenness_mean,0.0107027027027027,0.0248474681578129,0.0141447654551102
3,GM,Betweenness_std,0.0160916582112133,0.0557468556240986,0.0396551974128853
3,GM,Closeness_mean,0.9986842105263156,0.9936657647367956,-0.005018445789520043
3,GM,Closeness_std,0.0041608916581162,0.0193515829187682,0.015190691260652
3,GM,Degree_mean,74.9,74.48965517241379,-0.41034482758621493
3,GM,Degree_std,0.3162277660168376,1.6713153559867415,1.355087589969904
3,GM,Eigenvector_mean,0.123339295626878,0.1247546501737743,0.0014153545468962997
3,GM,Eigenvector_std,0.044296255283019,0.0341484247132058,-0.0101478305698132
3,GM,Strength_mean,32.51751649436588,31.66637203575217,-0.8511444586137102
3,GM,Strength_std,13.490148414221348,10.37825571620336,-3.1118926980179875
3,rsfMRI,Betweenness_mean,0.0166566566566566,0.0327455731593662,0.0160889165027096
3,rsfMRI,Betweenness_std,0.0430118443244592,0.0704836504540451,0.0274718061295859
3,rsfMRI,Closeness_mean,0.9992690058479532,0.9936662875787138,-0.005602718269239415
3,rsfMRI,Closeness_std,0.0031013455315199,0.0196451309397025,0.0165437854081826
3,rsfMRI,Degree_mean,74.94444444444444,74.48965517241379,-0.4547892720306521
3,rsfMRI,Degree_std,0.2357022603955156,1.6461961261720186,1.410493865776503
3,rsfMRI,Eigenvector_mean,0.1035604120333546,0.1032638878589473,-0.0002965241744073005
3,rsfMRI,Eigenvector_std,0.0153104360095364,0.020613215426405,0.005302779416868599
3,rsfMRI,Strength_mean,39.02199568417534,39.15541405260485,0.13341836842950983
3,rsfMRI,Strength_std,6.189182004241874,7.826184693815562,1.6370026895736878
4,FA,Betweenness_mean,0.0069869869869869,0.0101621621621621,0.0031751751751752004
4,FA,Betweenness_std,0.0152638626410824,0.025560922286481,0.010297059645398598
4,FA,Closeness_mean,0.9140219414242337,0.9096708872233932,-0.004351054200840476
4,FA,Closeness_std,0.002597365490694,0.0119519988507644,0.0093546333600704
4,FA,Degree_mean,67.94444444444444,67.53793103448275,-0.40651340996168983
4,FA,Degree_std,0.2357022603955182,1.1243559246122763,0.8886536642167581
4,FA,Eigenvector_mean,0.1093449857269435,0.1086123693640031,-0.0007326163629403915
4,FA,Eigenvector_std,0.0077015937329899,0.0092887006228597,0.0015871068898697998
4,FA,Strength_mean,35.40262588909354,35.09141742955334,-0.3112084595402038
4,FA,Strength_std,3.847892815960578,5.260764488037467,1.4128716720768892
4,GM,Betweenness_mean,0.0125405405405405,0.0165641503572538,0.004023609816713299
4,GM,Betweenness_std,0.0104756866257325,0.0365339330846349,0.026058246458902402
4,GM,Closeness_mean,0.9897077273159886,0.9940649731354442,0.004357245819455624
4,GM,Closeness_std,0.016750765684528,0.0134015544077134,-0.0033492112768146003
4,GM,Degree_mean,74.2,74.53793103448275,0.3379310344827502
4,GM,Degree_std,1.3165611772087678,1.0673219969675156,-0.24923918024125213
4,GM,Eigenvector_mean,0.1219137921570813,0.1214947814366319,-0.0004190107204494059
4,GM,Eigenvector_std,0.0193936506384422,0.0252709254195429,0.0058772747811007
4,GM,Strength_mean,30.2576899491176,30.60828706577589,0.35059711665828885
4,GM,Strength_std,7.225637415183352,9.579878404833332,2.3542409896499805
4,rsfMRI,Betweenness_mean,0.0032032032032032,0.0139720410065237,0.0107688378033205
4,rsfMRI,Betweenness_std,0.0098175696056228,0.0460086471777239,0.0361910775721011
4,rsfMRI,Closeness_mean,0.9985569985569984,0.9938396968480664,-0.004717301708932031
4,rsfMRI,Closeness_std,0.0061221366336497,0.0214158875132885,0.015293750879638801
4,rsfMRI,Degree_mean,74.88888888888889,74.49655172413793,-0.3923371647509555
4,rsfMRI,Degree_std,0.4714045207910309,1.8032537641527373,1.3318492433617064
4,rsfMRI,Eigenvector_mean,0.1153375309694517,0.1157011130433166,0.0003635820738649015
4,rsfMRI,Eigenvector_std,0.0168093545059328,0.0167626639393439,-4.6690566588902804e-05
4,rsfMRI,Strength_mean,43.46626527584779,43.48308318211097,0.016817906263177917
4,rsfMRI,Strength_std,8.395931829495467,8.139802152169857,-0.2561296773256103
5,FA,Betweenness_mean,0.0048248248248248,0.0104131717924821,0.0055883469676573
5,FA,Betweenness_std,0.0098983515107441,0.0478762078058061,0.037977856295062
5,FA,Closeness_mean,0.986842105263158,0.9810102304250156,-0.0058318748381424035
5,FA,Closeness_std,0.0,0.0251087356696843,0.0251087356696843
5,FA,Degree_mean,74.0,73.48965517241379,-0.5103448275862092
5,FA,Degree_std,0.0,2.306745065440667,2.306745065440667
5,FA,Eigenvector_mean,0.1253200795095211,0.1231382334827646,-0.002181846026756487
5,FA,Eigenvector_std,0.0107641087244511,0.013084715616963,0.0023206068925119006
5,FA,Strength_mean,41.31602650267316,40.64300517175175,-0.6730213309214079
5,FA,Strength_std,7.609631646285844,8.864077405246942,1.254445758961098
5,GM,Betweenness_mean,0.005009009009009,0.0228990369680024,0.0178900279589934
5,GM,Betweenness_std,0.0095061244699653,0.0471296419236469,0.0376235174536816
5,GM,Closeness_mean,0.9973684210526316,0.993524362591557,-0.0038440584610746065
5,GM,Closeness_std,0.005547855544155,0.0135306476965558,0.007982792152400801
5,GM,Degree_mean,74.8,74.49655172413793,-0.3034482758620669
5,GM,Degree_std,0.4216370213557811,1.080921275855788,0.6592842545000068
5,GM,Eigenvector_mean,0.1147279878289209,0.1101327828662828,-0.0045952049626381
5,GM,Eigenvector_std,0.0268374964452144,0.025997647061808,-0.0008398493834064005
5,GM,Strength_mean,28.88028194309849,27.86777086791797,-1.0125110751805195
5,GM,Strength_std,8.404402833834755,8.391004277622498,-0.013398556212257162
5,rsfMRI,Betweenness_mean,0.0203803803803803,0.0090611991301646,-0.0113191812502157
5,rsfMRI,Betweenness_std,0.0533641501684063,0.0313356990172292,-0.022028451151177103
5,rsfMRI,Closeness_mean,0.9924522652011556,0.9945021960104068,0.002049930809251199
5,rsfMRI,Closeness_std,0.0227313387072204,0.01805085588487,-0.004680482822350399
5,rsfMRI,Degree_mean,74.38888888888889,74.55862068965517,0.1697318007662858
5,rsfMRI,Degree_std,1.8830166313622732,1.4854659859459252,-0.397550645416348
5,rsfMRI,Eigenvector_mean,0.1148910901969368,0.1196467353948215,0.0047556451978846975
5,rsfMRI,Eigenvector_std,0.0133800966859817,0.010800897136977,-0.0025791995490047
5,rsfMRI,Strength_mean,43.25750852788073,44.69873095333999,1.4412224254592587
5,rsfMRI,Strength_std,9.171530401359938,6.783560456099173,-2.387969945260765
6,FA,Betweenness_mean,0.0037037037037037,0.0085840323081702,0.004880328604466499
6,FA,Betweenness_std,0.0030497683503081,0.0234424989303481,0.02039273058004
6,FA,Closeness_mean,0.9608622741534134,0.9559031184569716,-0.004959155696441786
6,FA,Closeness_std,0.002868820111922,0.0178189369597199,0.0149501168477979
6,FA,Degree_mean,71.94444444444444,71.51034482758621,-0.4340996168582336
6,FA,Degree_std,0.2357022603955182,1.6120950886075722,1.376392828212054
6,FA,Eigenvector_mean,0.1168603792697766,0.116715550042016,-0.00014482922776060114
6,FA,Eigenvector_std,0.0070325737156223,0.008568041357842,0.0015354676422196989
6,FA,Strength_mean,38.29335022329512,38.01442214038321,-0.27892808291191074
6,FA,Strength_std,5.490309017661643,6.077227065206781,0.5869180475451383
6,GM,Betweenness_mean,0.0056576576576576,0.0159204721963342,0.0102628145386766
6,GM,Betweenness_std,0.0085396028425565,0.035235622042335,0.026696019199778497
6,GM,Closeness_mean,0.9948051948051948,0.993894918897878,-0.0009102759073168487
6,GM,Closeness_std,0.010951610944306,0.0181805211507199,0.0072289102064139
6,GM,Degree_mean,74.6,74.51034482758621,-0.08965517241378507
6,GM,Degree_std,0.8432740427115681,1.5991197291153592,0.755845686403791
6,GM,Eigenvector_mean,0.1315175401794406,0.128639607956097,-0.0028779322233435933
6,GM,Eigenvector_std,0.0216957784589591,0.0214965426124233,-0.0001992358465357988
6,GM,Strength_mean,32.74736374566119,32.33195239693534,-0.41541134872584706
6,GM,Strength_std,7.704806787400622,8.713792283595918,1.0089854961952964
6,rsfMRI,Betweenness_mean,0.0051851851851851,0.0104653619136377,0.0052801767284526
6,rsfMRI,Betweenness_std,0.0201264098877988,0.0302319898285989,0.010105579940800097
6,rsfMRI,Closeness_mean,0.9985380116959064,0.993762691000591,-0.004775320695315388
6,rsfMRI,Closeness_std,0.0042550109655497,0.0198962847616918,0.0156412737961421
6,rsfMRI,Degree_mean,74.88888888888889,74.49655172413793,-0.3923371647509555
6,rsfMRI,Degree_std,0.3233808333817787,1.6462252188763131,1.3228443854945344
6,rsfMRI,Eigenvector_mean,0.1137382253853841,0.1148760706635152,0.0011378452781311
6,rsfMRI,Eigenvector_std,0.0161113844668344,0.0140886104282484,-0.0020227740385860005
6,rsfMRI,Strength_mean,42.95841298993353,43.14077789708112,0.18236490714759412
6,rsfMRI,Strength_std,8.381560432918961,7.420787878550378,-0.9607725543685834
7,FA,Betweenness_mean,0.0034234234234234,0.0090935073004038,0.005670083876980399
7,FA,Betweenness_std,0.0093630487016471,0.0260945241820572,0.0167314754804101
7,FA,Closeness_mean,0.948048523206751,0.9440862933544636,-0.003962229852287447
7,FA,Closeness_std,0.0038375890037394,0.0184204802195021,0.0145828912157627
7,FA,Degree_mean,70.88888888888889,70.52413793103449,-0.3647509578543975
7,FA,Degree_std,0.3233808333817785,1.7562695575055365,1.432888724123758
7,FA,Eigenvector_mean,0.1257491338744233,0.1242594219527206,-0.001489711921702691
7,FA,Eigenvector_std,0.006392204887502,0.0078187397182092,0.0014265348307072002
7,FA,Strength_mean,40.867678685753,40.410105334672544,-0.4575733510804554
7,FA,Strength_std,5.532332358855273,6.867159983958948,1.3348276251036753
7,GM,Betweenness_mean,0.0761081081081081,0.0401018949984467,-0.0360062131096614
7,GM,Betweenness_std,0.095592192341247,0.0815563172325423,-0.014035875108704701
7,GM,Closeness_mean,0.9908578263841422,0.994029136403676,0.0031713100195337462
7,GM,Closeness_std,0.010712906276965,0.0150976782307772,0.0043847719538121985
7,GM,Degree_mean,74.3,74.53103448275863,0.2310344827586306
7,GM,Degree_std,0.8232726023485648,1.2250576653875958,0.40178506303903094
7,GM,Eigenvector_mean,0.1045775291580833,0.1074041512020472,0.002826622043963903
7,GM,Eigenvector_std,0.0307586929440641,0.034790684053491,0.0040319911094269
7,GM,Strength_mean,26.1555616900463,27.72923889398819,1.5736772039418874
7,GM,Strength_std,6.6490444495477,10.662418264020928,4.013373814473228
7,rsfMRI,Betweenness_mean,0.0118718718718718,0.0133233923578751,0.0014515204860032997
7,rsfMRI,Betweenness_std,0.025524598630261,0.0307885566923951,0.0052639580621341026
7,rsfMRI,Closeness_mean,0.9963830029619504,0.993891313405995,-0.0024916895559553565
7,rsfMRI,Closeness_std,0.0087007174423109,0.0164833760830343,0.007782658640723399
7,rsfMRI,Degree_mean,74.72222222222223,74.51724137931035,-0.2049808429118798
7,rsfMRI,Degree_std,0.6691131580686895,1.3234185965178185,0.6543054384491289
7,rsfMRI,Eigenvector_mean,0.108316067546566,0.1112685449951826,0.0029524774486165972
7,rsfMRI,Eigenvector_std,0.012327707892448,0.0134159369035235,0.0010882290110755012
7,rsfMRI,Strength_mean,40.779540658068775,41.90062322949074,1.1210825714219652
7,rsfMRI,Strength_std,8.277546848771902,7.60973257268532,-0.667814276086582
8,FA,Betweenness_mean,0.0028828828828828,0.0081515998757378,0.005268716992855001
8,FA,Betweenness_std,0.0034718907541217,0.0217567958834473,0.0182849051293256
8,FA,Closeness_mean,0.9601860867683654,0.9561451205239558,-0.004040966244409527
8,FA,Closeness_std,0.003935988721784,0.0205561621639406,0.016620173442156598
8,FA,Degree_mean,71.88888888888889,71.51724137931035,-0.371647509578537
8,FA,Degree_std,0.3233808333817786,2.0107469876331687,1.6873661542513902
8,FA,Eigenvector_mean,0.1213687696479934,0.1193297165665959,-0.002039053081397499
8,FA,Eigenvector_std,0.0070068954233301,0.0106794066193102,0.003672511195980099
8,FA,Strength_mean,39.929867618698985,39.178628985054566,-0.7512386336444195
8,FA,Strength_std,5.483859295337608,6.800241431457053,1.3163821361194445
8,GM,Betweenness_mean,0.0281081081081081,0.024713264989127,-0.0033948431189810974
8,GM,Betweenness_std,0.0460105534098334,0.044297412603943,-0.001713140805890398
8,GM,Closeness_mean,0.9960526315789474,0.9935594443003296,-0.0024931872786178033
8,GM,Closeness_std,0.0063558669939427,0.0115579153079229,0.005202048313980199
8,GM,Degree_mean,74.7,74.50344827586207,-0.1965517241379331
8,GM,Degree_std,0.4830458915396486,0.8984874475954521,0.41544155605580346
8,GM,Eigenvector_mean,0.1176646914406673,0.115074978266491,-0.002589713174176292
8,GM,Eigenvector_std,0.0291908125360211,0.0234712367735466,-0.005719575762474498
8,GM,Strength_mean,30.012369667599938,29.21486458016268,-0.7975050874372585
8,GM,Strength_std,9.575889537822484,8.945149292872271,-0.6307402449502124
8,rsfMRI,Betweenness_mean,0.0104704704704704,0.01240385212799,0.001933381657519601
8,rsfMRI,Betweenness_std,0.0331387430313405,0.0278883658229292,-0.005250377208411299
8,rsfMRI,Closeness_mean,0.9971322537112012,0.9938836193258624,-0.0032486343853387334
8,rsfMRI,Closeness_std,0.0094070958722647,0.0184228469061914,0.009015751033926699
8,rsfMRI,Degree_mean,74.77777777777777,74.51034482758621,-0.2674329501915622
8,rsfMRI,Degree_std,0.73208449814096,1.5280581421607449,0.7959736440197849
8,rsfMRI,Eigenvector_mean,0.1184970571028455,0.1197444021729221,0.0012473450700765942
8,rsfMRI,Eigenvector_std,0.0131742609781618,0.0114570285942292,-0.0017172323839326
8,rsfMRI,Strength_mean,44.62190496466115,44.53411549872955,-0.08778946593159986
8,rsfMRI,Strength_std,9.577500374607574,6.875981344022346,-2.701519030585228
9,FA,Betweenness_mean,0.0081881881881881,0.0083578751164958,0.0001696869283077003
9,FA,Betweenness_std,0.0127117343924787,0.0179814090829179,0.005269674690439199
9,FA,Closeness_mean,0.9726384726384728,0.9681417660318044,-0.004496706606668455
9,FA,Closeness_std,0.004038222195077,0.0156647952307256,0.0116265730356486
9,FA,Degree_mean,72.88888888888889,72.51034482758621,-0.3785440613026765
9,FA,Degree_std,0.3233808333817807,1.3494713027459535,1.0260904693641728
9,FA,Eigenvector_mean,0.1181525962180516,0.119058965678118,0.0009063694600663919
9,FA,Eigenvector_std,0.0092181024251803,0.0093680700664583,0.0001499676412780003
9,FA,Strength_mean,38.57677802146364,38.74070824531344,0.16393022384980327
9,FA,Strength_std,4.738062265916279,5.697707551732485,0.9596452858162055
9,GM,Betweenness_mean,0.0255135135135135,0.0171407269338303,-0.0083727865796832
9,GM,Betweenness_std,0.0429357771379057,0.0356187758143288,-0.007317001323576905
9,GM,Closeness_mean,0.9973684210526316,0.9936462441375832,-0.003722176915048392
9,GM,Closeness_std,0.005547855544155,0.0169098143824369,0.0113619588382819
9,GM,Degree_mean,74.8,74.49655172413793,-0.3034482758620669
9,GM,Degree_std,0.4216370213557825,1.4148230058671758,0.9931859845113933
9,GM,Eigenvector_mean,0.1153952859504787,0.1205281011839165,0.00513281523343781
9,GM,Eigenvector_std,0.0230049693236469,0.0285042638870805,0.0054992945634336
9,GM,Strength_mean,29.379397232855503,30.64492233319281,1.2655251003373067
9,GM,Strength_std,8.943319095172455,9.807534607474054,0.8642155123015982
9,rsfMRI,Betweenness_mean,0.0133333333333333,0.0104554209381795,-0.0028779123951538
9,rsfMRI,Betweenness_std,0.0326261657638101,0.0355928702572059,0.002966704493395804
9,rsfMRI,Closeness_mean,0.9945264584224788,0.9942280133272492,-0.0002984450952295825
9,rsfMRI,Closeness_std,0.0201774267168582,0.0178635342480164,-0.0023138924688418
9,rsfMRI,Degree_mean,74.55555555555556,74.53793103448275,-0.0176245210728041
9,rsfMRI,Degree_std,1.6528841894672632,1.4954592831076838,-0.1574249063595794
9,rsfMRI,Eigenvector_mean,0.1131197487334301,0.1163197673142873,0.0032000185808571946
9,rsfMRI,Eigenvector_std,0.0169990050919118,0.012520058531764,-0.004478946560147799
9,rsfMRI,Strength_mean,42.63179556652264,43.5685058071805,0.9367102406578596
9,rsfMRI,Strength_std,8.199592763916373,7.000820749038839,-1.1987720148775338
10,FA,Betweenness_mean,0.0053853853853853,0.0168797763280521,0.011494390942666799
10,FA,Betweenness_std,0.006894622840475,0.0430018637731828,0.0361072409327078
10,FA,Closeness_mean,0.8715361311592266,0.8678711322667317,-0.0036649988924948307
10,FA,Closeness_std,0.0023626930673167,0.0115731731839719,0.0092104801166552
10,FA,Degree_mean,63.94444444444444,63.56551724137931,-0.37892720306513183
10,FA,Degree_std,0.2357022603955163,1.218000371188186,0.9822981107926696
10,FA,Eigenvector_mean,0.1051249978176155,0.1034912930202062,-0.001633704797409305
10,FA,Eigenvector_std,0.0092438371394398,0.0112912130243732,0.0020473758849333997
10,FA,Strength_mean,34.237484538913634,33.5940883324614,-0.6433962064522305
10,FA,Strength_std,4.420600492412859,5.38040279653884,0.9598023041259811
10,GM,Betweenness_mean,0.0101261261261261,0.0190344827586206,0.008908356632494499
10,GM,Betweenness_std,0.0115932407919826,0.0413208776113983,0.029727636819415697
10,GM,Closeness_mean,0.9922064777327936,0.9938563615965464,0.0016498838637528657
10,GM,Closeness_std,0.0124333361450015,0.0125079189118344,7.458276683289938e-05
10,GM,Degree_mean,74.4,74.52413793103449,0.12413793103448256
10,GM,Degree_std,0.966091783079296,0.9795319079135162,0.01344012483422019
10,GM,Eigenvector_mean,0.1085793288521669,0.1127749261806171,0.004195597328450207
10,GM,Eigenvector_std,0.0243347814978434,0.0287553278942374,0.004420546396393998
10,GM,Strength_mean,26.967058864847985,28.401431386586736,1.4343725217387515
10,GM,Strength_std,6.116796711312143,9.04833701708305,2.9315403057709064
10,rsfMRI,Betweenness_mean,0.0286886886886886,0.0218452935694315,-0.006843395119257099
10,rsfMRI,Betweenness_std,0.0699065377481919,0.0513557954097153,-0.018550742338476603
10,rsfMRI,Closeness_mean,0.996345029239766,0.9939654982707928,-0.0023795309689731425
10,rsfMRI,Closeness_std,0.0060643236705589,0.01814400702572,0.0120796833551611
10,rsfMRI,Degree_mean,74.72222222222223,74.51724137931035,-0.2049808429118798
10,rsfMRI,Degree_std,0.4608885989624745,1.514299656037687,1.0534110570752124
10,rsfMRI,Eigenvector_mean,0.1121135778991604,0.1120124978498844,-0.00010108004927600334
10,rsfMRI,Eigenvector_std,0.0132859205562741,0.0155243301503517,0.0022384095940776
10,rsfMRI,Strength_mean,41.99707039179594,41.89935538691864,-0.09771500487729412
10,rsfMRI,Strength_std,7.682742857426035,7.62102016459653,-0.06172269282950538
11,FA,Betweenness_mean,0.0282282282282282,0.0346119913016464,0.006383763073418196
11,FA,Betweenness_std,0.0217761655806741,0.0393998876369276,0.017623722056253503
11,FA,Closeness_mean,0.984724339987498,0.9807260055803426,-0.003998334407155357
11,FA,Closeness_std,0.0065250597017996,0.0137839684954049,0.0072589087936053
11,FA,Degree_mean,73.83333333333333,73.51034482758621,-0.32298850574711935
11,FA,Degree_std,0.5144957554275278,1.1249521062602232,0.6104563508326954
11,FA,Eigenvector_mean,0.11195757358257,0.114087478657765,0.0021299050751950044
11,FA,Eigenvector_std,0.0096436104611527,0.0112385926779879,0.0015949822168352008
11,FA,Strength_mean,36.48569337241357,36.8438048110532,0.35811143863962513
11,FA,Strength_std,4.927757804338549,4.501637068341525,-0.42612073599702427
11,GM,Betweenness_mean,0.0432792792792792,0.0223945324634979,-0.0208847468157813
11,GM,Betweenness_std,0.0338433828650881,0.0374659011176561,0.0036225182525680064
11,GM,Closeness_mean,0.9947710184552288,0.9937704341259171,-0.0010005843293116046
11,GM,Closeness_std,0.009113408516853,0.0155205784428669,0.0064071699260139
11,GM,Degree_mean,74.6,74.51034482758621,-0.08965517241378507
11,GM,Degree_std,0.6992058987801023,1.258952614606187,0.5597467158260846
11,GM,Eigenvector_mean,0.1085086338494004,0.1114339551059475,0.0029253212565470976
11,GM,Eigenvector_std,0.0275482430670773,0.0318665093018447,0.004318266234767405
11,GM,Strength_mean,27.57741502959105,28.87137843491304,1.293963405321989
11,GM,Strength_std,6.4063917295817205,10.36168550488484,3.9552937753031188
11,rsfMRI,Betweenness_mean,0.0223423423423423,0.0135594905250077,-0.008782851817334602
11,rsfMRI,Betweenness_std,0.0439116336544537,0.0327354035009154,-0.011176230153538295
11,rsfMRI,Closeness_mean,0.9992690058479532,0.9940290785105156,-0.005239927337437611
11,rsfMRI,Closeness_std,0.0031013455315199,0.0246216969758265,0.021520351444306602
11,rsfMRI,Degree_mean,74.94444444444444,74.48965517241379,-0.4547892720306521
11,rsfMRI,Degree_std,0.2357022603955148,2.4441461852173734,2.2084439248218586
11,rsfMRI,Eigenvector_mean,0.1136059144570306,0.1143173089203752,0.0007113944633446029
11,rsfMRI,Eigenvector_std,0.0120387924859562,0.0146269923638934,0.0025881998779371997
11,rsfMRI,Strength_mean,42.43299435749029,42.94136551833043,0.5083711608401416
11,rsfMRI,Strength_std,5.339459303653175,7.196437649962661,1.8569783463094858
12,FA,Betweenness_mean,0.0032232232232232,0.0071053122087604,0.0038820889855372006
12,FA,Betweenness_std,0.0063945342800718,0.0200665641686604,0.0136720298885886
12,FA,Closeness_mean,0.9854180906812486,0.9809411919017388,-0.0044768987795098525
12,FA,Closeness_std,0.0041444912002107,0.0210266174066862,0.0168821262064755
12,FA,Degree_mean,73.88888888888889,73.50344827586207,-0.385440613026816
12,FA,Degree_std,0.3233808333817788,1.85264127490634,1.5292604415245612
12,FA,Eigenvector_mean,0.1239301048266192,0.1226787370282118,-0.001251367798407399
12,FA,Eigenvector_std,0.0065066890566516,0.0095306493938552,0.003023960337203601
12,FA,Strength_mean,40.706102350372426,40.22227372618778,-0.4838286241846461
12,FA,Strength_std,6.1366435983041,7.645445034121775,1.5088014358176753
12,GM,Betweenness_mean,0.0341261261261261,0.0204585274930102,-0.013667598633115903
12,GM,Betweenness_std,0.0475296509177693,0.0438751121548125,-0.0036545387629568007
12,GM,Closeness_mean,1.0,0.9933268447862168,-0.0066731552137831995
12,GM,Closeness_std,0.0,0.0130331869364804,0.0130331869364804
12,GM,Degree_mean,75.0,74.48275862068965,-0.5172413793103487
12,GM,Degree_std,0.0,1.028101326312128,1.028101326312128
12,GM,Eigenvector_mean,0.1254194983374935,0.1225792285853957,-0.002840269752097793
12,GM,Eigenvector_std,0.0252116938849507,0.0199478379627498,-0.0052638559222009
12,GM,Strength_mean,31.27474655772569,30.72816566811351,-0.54658088961218
12,GM,Strength_std,8.28834609783811,8.603084829539462,0.31473873170135214
12,rsfMRI,Betweenness_mean,0.0149349349349349,0.0108605156881018,-0.0040744192468331
12,rsfMRI,Betweenness_std,0.0300326866869387,0.0258609866345073,-0.0041717000524314
12,rsfMRI,Closeness_mean,0.9964012595591544,0.99388830073892,-0.00251295882023439
12,rsfMRI,Closeness_std,0.0096784586125417,0.0163761359881997,0.006697677375657999
12,rsfMRI,Degree_mean,74.72222222222223,74.51724137931035,-0.2049808429118798
12,rsfMRI,Degree_std,0.7519039015221206,1.3181607992655162,0.5662568977433956
12,rsfMRI,Eigenvector_mean,0.1111805598172294,0.1168566914047968,0.005676131587567412
12,rsfMRI,Eigenvector_std,0.0143735724519955,0.0113935058115541,-0.0029800666404413995
12,rsfMRI,Strength_mean,42.18992111642061,43.68350597048678,1.493584854066171
12,rsfMRI,Strength_std,9.696574899442764,7.470327213375357,-2.226247686067407
13,FA,Betweenness_mean,0.0024824824824824,0.0056067101584342,0.0031242276759518
13,FA,Betweenness_std,0.0046804250968356,0.0112760164285163,0.006595591331680701
13,FA,Closeness_mean,0.7969391564016424,0.7947893555643507,-0.00214980083729166
13,FA,Closeness_std,0.0027159644460955,0.0071360274844679,0.004420063038372401
13,FA,Degree_mean,55.888888888888886,55.62758620689655,-0.2613026819923334
13,FA,Degree_std,0.3233808333817775,0.873568889878746,0.5501880564969686
13,FA,Eigenvector_mean,0.0921765765859489,0.0923761238228586,0.00019954723690970844
13,FA,Eigenvector_std,0.0102030553973769,0.0095350705819692,-0.0006679848154076996
13,FA,Strength_mean,29.822096858844564,29.76903401908911,-0.053062839755455116
13,FA,Strength_std,2.5434950336744446,3.1129782079115134,0.5694831742370687
13,GM,Betweenness_mean,0.032,0.027556383970177,-0.004443616029822999
13,GM,Betweenness_std,0.0495509108922099,0.0602120307839217,0.010661119891711798
13,GM,Closeness_mean,0.9921736158578264,0.9938420782490252,0.0016684623911987773
13,GM,Closeness_std,0.0109698452891031,0.0119311063077765,0.0009612610186734011
13,GM,Degree_mean,74.4,74.52413793103449,0.12413793103448256
13,GM,Degree_std,0.8432740427115681,0.9360285387141531,0.09275449600258501
13,GM,Eigenvector_mean,0.1109644525806611,0.1123662980741215,0.0014018454934604102
13,GM,Eigenvector_std,0.0296545697482743,0.0290674227441353,-0.0005871470041389978
13,GM,Strength_mean,28.407061587468387,28.33664279541049,-0.0704187920578967
13,GM,Strength_std,9.72956707917884,9.085296747551023,-0.6442703316278173
13,rsfMRI,Betweenness_mean,0.0158758758758758,0.0332823858341099,0.017406509958234097
13,rsfMRI,Betweenness_std,0.040379939270761,0.0884014991492244,0.048021559878463405
13,rsfMRI,Closeness_mean,0.9971322537112012,0.9940113930062524,-0.003120860704948769
13,rsfMRI,Closeness_std,0.0094070958722647,0.0209318957395983,0.011524799867333601
13,rsfMRI,Degree_mean,74.77777777777777,74.51034482758621,-0.2674329501915622
13,rsfMRI,Degree_std,0.7320844981409598,1.810913065353553,1.0788285672125932
13,rsfMRI,Eigenvector_mean,0.1061962988050525,0.1018375192807632,-0.0043587795242893
13,rsfMRI,Eigenvector_std,0.0160363885964662,0.0211875015781736,0.005151112981707399
13,rsfMRI,Strength_mean,39.646627352538566,38.56626501846375,-1.0803623340748132
13,rsfMRI,Strength_std,5.814347879351832,7.900182839134671,2.085834959782839
14,FA,Betweenness_mean,0.0014214214214214,0.0052115563839701,0.0037901349625486997
14,FA,Betweenness_std,0.0022840480715462,0.0128908968465803,0.0106068487750341
14,FA,Closeness_mean,0.9024192006119718,0.8991470665090042,-0.003272134102967561
14,FA,Closeness_std,0.0034787094813014,0.0173415093045325,0.013862799823231102
14,FA,Degree_mean,66.88888888888889,66.55172413793103,-0.3371647509578537
14,FA,Degree_std,0.3233808333817782,1.877982940117307,1.5546021067355287
14,FA,Eigenvector_mean,0.1173750982077095,0.1163950324703683,-0.0009800657373412042
14,FA,Eigenvector_std,0.0098102011182308,0.0093610735569804,-0.00044912756125039914
14,FA,Strength_mean,38.07809561122422,37.5183858318804,-0.5597097793438195
14,FA,Strength_std,5.784383521708633,5.8756317666104,0.09124824490176753
14,GM,Betweenness_mean,0.0311711711711711,0.056367816091954,0.025196644920782902
14,GM,Betweenness_std,0.060613486250472,0.0863763131780172,0.025762826927545196
14,GM,Closeness_mean,0.9895748987854251,0.9939832399904996,0.004408341205074495
14,GM,Closeness_std,0.0118232988300228,0.0102284403126419,-0.0015948585173808996
14,GM,Degree_mean,74.2,74.53793103448275,0.3379310344827502
14,GM,Degree_std,0.9189365834726808,0.7907511342526382,-0.1281854492200426
14,GM,Eigenvector_mean,0.0955674413312204,0.0839726787311696,-0.011594762600050795
14,GM,Eigenvector_std,0.0255978474582719,0.0279060278328186,0.002308180374546699
14,GM,Strength_mean,24.383103786538797,22.04423733413306,-2.3388664524057354
14,GM,Strength_std,7.685646625455574,8.41077940430836,0.725132778852787
14,rsfMRI,Betweenness_mean,0.0098498498498498,0.0080422491456974,-0.0018076007041524008
14,rsfMRI,Betweenness_std,0.0156795127149753,0.0249083378886337,0.0092288251736584
14,rsfMRI,Closeness_mean,0.9992690058479532,0.9937751789387108,-0.005493826909242383
14,rsfMRI,Closeness_std,0.0031013455315199,0.0216981152692917,0.0185967697377718
14,rsfMRI,Degree_mean,74.94444444444444,74.48965517241379,-0.4547892720306521
14,rsfMRI,Degree_std,0.2357022603955159,1.874971264147616,1.6392690037521
14,rsfMRI,Eigenvector_mean,0.1208671570437785,0.1191401144305988,-0.0017270426131796995
14,rsfMRI,Eigenvector_std,0.0095576521579339,0.0137537412859658,0.004196089128031899
14,rsfMRI,Strength_mean,45.04235358229848,44.61985547445593,-0.42249810784255004
14,rsfMRI,Strength_std,8.378668366870759,7.367455047970655,-1.0112133189001042
15,FA,Betweenness_mean,0.0015815815815815,0.0047219633426529,0.0031403817610713997
15,FA,Betweenness_std,0.0056832178941422,0.0256629659334508,0.019979748039308597
15,FA,Closeness_mean,0.8800860627597737,0.8784785326336025,-0.0016075301261712083
15,FA,Closeness_std,0.0055808191492978,0.0187049675265713,0.0131241483772735
15,FA,Degree_mean,64.77777777777777,64.57931034482759,-0.19846743295018143
15,FA,Degree_std,0.548318880553314,2.1688097270585787,1.6204908465052648
15,FA,Eigenvector_mean,0.1174955947010953,0.1182473651678638,0.0007517704667684977
15,FA,Eigenvector_std,0.0102462264570388,0.0106561461679688,0.00040991971093000054
15,FA,Strength_mean,37.76815040405634,37.927253365367605,0.15910296131126245
15,FA,Strength_std,5.461908281888544,6.523355540277226,1.0614472583886823
15,GM,Betweenness_mean,0.0336576576576576,0.0445852749301025,0.0109276172724449
15,GM,Betweenness_std,0.0352728800632986,0.0678473550913202,0.0325744750280216
15,GM,Closeness_mean,0.9870116725379884,0.9941993669910693,0.007187694453080873
15,GM,Closeness_std,0.0135851801220633,0.0117310756321526,-0.0018541044899106993
15,GM,Degree_mean,74.0,74.55172413793103,0.551724137931032
15,GM,Degree_std,1.0540925533894594,0.9123461398653466,-0.14174641352411277
15,GM,Eigenvector_mean,0.0897463355396631,0.0944461606158128,0.004699825076149702
15,GM,Eigenvector_std,0.0301946602095427,0.0282026764569667,-0.0019919837525760008
15,GM,Strength_mean,23.40446150575272,24.29474489224664,0.8902833864939197
15,GM,Strength_std,7.412177381107123,8.836357064002577,1.4241796828954536
15,rsfMRI,Betweenness_mean,0.003043043043043,0.0128238583410997,0.009780815298056699
15,rsfMRI,Betweenness_std,0.0060970314715177,0.0349587623233963,0.0288617308518786
15,rsfMRI,Closeness_mean,0.9970760233918128,0.9939303288959648,-0.003145694495848006
15,rsfMRI,Closeness_std,0.0056288504203486,0.019554091186399,0.013925240766050399
15,rsfMRI,Degree_mean,74.77777777777777,74.51034482758621,-0.2674329501915622
15,rsfMRI,Degree_std,0.4277926319464981,1.6206876171830338,1.1928949852365358
15,rsfMRI,Eigenvector_mean,0.115955279403983,0.1149982916404409,-0.000956987763542097
15,rsfMRI,Eigenvector_std,0.0120910276165767,0.0144096794980484,0.002318651881471699
15,rsfMRI,Strength_mean,43.747323380792736,43.20704958664995,-0.5402737941427844
15,rsfMRI,Strength_std,8.711988981043932,7.488519021604452,-1.2234699594394804
16,FA,Betweenness_mean,0.0044444444444444,0.0088598943771357,0.004415449932691299
16,FA,Betweenness_std,0.0052235803196412,0.0174668236935731,0.0122432433739319
16,FA,Closeness_mean,0.8147304036153966,0.8118772412102262,-0.0028531624051704174
16,FA,Closeness_std,0.0020661137832706,0.0099265127106327,0.007860398927362101
16,FA,Degree_mean,57.94444444444444,57.60689655172414,-0.33754789272030195
16,FA,Degree_std,0.2357022603955164,1.2035627189269398,0.9678604585314234
16,FA,Eigenvector_mean,0.0959493170478813,0.0962891463625884,0.00033982931470709354
16,FA,Eigenvector_std,0.0114251160662384,0.0096578160113541,-0.0017673000548842997
16,FA,Strength_mean,31.127926373541307,31.13483867795861,0.00691230441730184
16,FA,Strength_std,3.626364938858268,4.660792181512385,1.0344272426541172
16,GM,Betweenness_mean,0.0489729729729729,0.0338191985088536,-0.0151537744641193
16,GM,Betweenness_std,0.0831133063688928,0.068546624838688,-0.014566681530204809
16,GM,Closeness_mean,0.9934894053315104,0.9937629159647812,0.000273510633270746
16,GM,Closeness_std,0.011048136168256,0.0123917289489496,0.0013435927806936011
16,GM,Degree_mean,74.5,74.51724137931035,0.017241379310348748
16,GM,Degree_std,0.849836585598797,0.972564252917842,0.12272766731904494
16,GM,Eigenvector_mean,0.1096107665175176,0.1086484350463934,-0.000962331471124192
16,GM,Eigenvector_std,0.0294406956354187,0.0356315512736164,0.006190855638197698
16,GM,Strength_mean,28.62211073354492,27.718100642752585,-0.9040100907923332
16,GM,Strength_std,9.280359513486433,9.921685750916158,0.641326237429725
16,rsfMRI,Betweenness_mean,0.0205605605605605,0.0087977632805219,-0.0117627972800386
16,rsfMRI,Betweenness_std,0.0759953348844818,0.0234225219741413,-0.05257281291034051
16,rsfMRI,Closeness_mean,0.9952574525745256,0.9941935253939016,-0.0010639271806239803
16,rsfMRI,Closeness_std,0.0201209246679098,0.0190910841621004,-0.0010298405058093985
16,rsfMRI,Degree_mean,74.61111111111111,74.53103448275863,-0.08007662835248652
16,rsfMRI,Degree_std,1.6499158227686113,1.624701564107634,-0.02521425866097715
16,rsfMRI,Eigenvector_mean,0.1153581149294956,0.1161985766484117,0.000840461718916094
16,rsfMRI,Eigenvector_std,0.0166580646308538,0.0121386862192951,-0.0045193784115586996
16,rsfMRI,Strength_mean,43.61177198078629,43.45850368338239,-0.1532682974038977
16,rsfMRI,Strength_std,9.3749879039118,7.117592509553499,-2.2573953943583005
17,FA,Betweenness_mean,0.0035035035035035,0.0068443616029822,0.0033408580994787
17,FA,Betweenness_std,0.011363915325886,0.0276623523957652,0.0162984370698792
17,FA,Closeness_mean,0.8823529411764706,0.8781400081180564,-0.004212933058414192
17,FA,Closeness_std,0.0,0.0178947551855775,0.0178947551855775
17,FA,Degree_mean,65.0,64.55172413793103,-0.44827586206896797
17,FA,Degree_std,0.0,2.0032301501531857,2.0032301501531857
17,FA,Eigenvector_mean,0.1164140127312608,0.1169580139850519,0.0005440012537911015
17,FA,Eigenvector_std,0.0121577465841623,0.0111321981401769,-0.0010255484439854
17,FA,Strength_mean,37.48035728320234,37.71339640371883,0.23303912051649434
17,FA,Strength_std,5.18212183216225,6.79421733971417,1.6120955075519205
17,GM,Betweenness_mean,0.0576576576576576,0.0300018639328984,-0.027655793724759202
17,GM,Betweenness_std,0.0681979800140114,0.0638065818804083,-0.004391398133603092
17,GM,Closeness_mean,0.9921736158578264,0.9938644620307084,0.0016908461728820656
17,GM,Closeness_std,0.0109698452891031,0.01277547406745,0.001805628778346901
17,GM,Degree_mean,74.4,74.52413793103449,0.12413793103448256
17,GM,Degree_std,0.8432740427115671,1.00749109880745,0.16421705609588277
17,GM,Eigenvector_mean,0.1010884583818192,0.107663198757944,0.0065747403761248074
17,GM,Eigenvector_std,0.0263679922678332,0.0309735161664458,0.004605523898612601
17,GM,Strength_mean,26.11348322098957,27.610729933230274,1.497246712240706
17,GM,Strength_std,8.25056678971545,9.529151524795298,1.278584735079848
17,rsfMRI,Betweenness_mean,0.0137937937937937,0.0147002174588381,0.0009064236650443997
17,rsfMRI,Betweenness_std,0.0352477221160176,0.0383508738107448,0.003103151694727198
17,rsfMRI,Closeness_mean,0.9937480215257992,0.9942542557633616,0.000506234237562353
17,rsfMRI,Closeness_std,0.0191935776078509,0.0163462854790203,-0.0028472921288306002
17,rsfMRI,Degree_mean,74.5,74.54482758620689,0.044827586206892533
17,rsfMRI,Degree_std,1.5434872662825816,1.3332255703578235,-0.21026169592475807
17,rsfMRI,Eigenvector_mean,0.1152960135467006,0.1155360259874043,0.00024001244070369354
17,rsfMRI,Eigenvector_std,0.0151804677425238,0.0125561286297534,-0.0026243391127704005
17,rsfMRI,Strength_mean,43.36538753315208,43.26593724099959,-0.0994502921524898
17,rsfMRI,Strength_std,9.12557270152758,7.080624049283344,-2.0449486522442353
18,FA,Betweenness_mean,0.0034434434434434,0.006488971730351,0.0030455282869075997
18,FA,Betweenness_std,0.0122940912389071,0.0191701935027963,0.006876102263889199
18,FA,Closeness_mean,0.8496245223773314,0.8487467320350783,-0.0008777903422531041
18,FA,Closeness_std,0.0054641709983596,0.0138896406620771,0.008425469663717499
18,FA,Degree_mean,61.72222222222222,61.60689655172414,-0.11532567049808051
18,FA,Degree_std,0.5745131499601402,1.696796621267957,1.1222834713078167
18,FA,Eigenvector_mean,0.1034632163419678,0.1023916899926084,-0.0010715263493593918
18,FA,Eigenvector_std,0.0096516566660347,0.0096946854853099,4.3028819275200275e-05
18,FA,Strength_mean,33.6607915583464,33.16243882261774,-0.4983527357286661
18,FA,Strength_std,4.5405769244878575,4.608725297386891,0.0681483728990333
18,GM,Betweenness_mean,0.0553873873873873,0.0424131717924821,-0.012974215594905199
18,GM,Betweenness_std,0.0608955817402139,0.0707120213484573,0.009816439608243403
18,GM,Closeness_mean,0.9869104579630894,0.9941690887393752,0.007258630776285746
18,GM,Closeness_std,0.0086584583351464,0.0104076487386998,0.0017491904035534002
18,GM,Degree_mean,74.0,74.55172413793103,0.551724137931032
18,GM,Degree_std,0.6666666666666666,0.8073536544610663,0.1406869877943997
18,GM,Eigenvector_mean,0.0929789217605455,0.0935139144809313,0.0005349927203858046
18,GM,Eigenvector_std,0.019971136165781,0.027150622131726,0.007179485965945
18,GM,Strength_mean,23.908560637994626,24.353985467344373,0.44542482934974714
18,GM,Strength_std,3.5556708639952435,8.812115626101475,5.256444762106232
18,rsfMRI,Betweenness_mean,0.0045645645645645,0.013619136377757,0.0090545718131925
18,rsfMRI,Betweenness_std,0.0074940278209253,0.0400765775959554,0.0325825497750301
18,rsfMRI,Closeness_mean,0.9958847736625516,0.9943049178225728,-0.001579855839978772
18,rsfMRI,Closeness_std,0.0174594266959641,0.0220670436524141,0.004607616956450001
18,rsfMRI,Degree_mean,74.66666666666667,74.52413793103449,-0.14252873563218316
18,rsfMRI,Degree_std,1.4142135623730945,2.108457699298661,0.6942441369255663
18,rsfMRI,Eigenvector_mean,0.1132440184727942,0.1155816108033784,0.0023375923305842122
18,rsfMRI,Eigenvector_std,0.0092982496209773,0.0124705362616783,0.003172286640700999
18,rsfMRI,Strength_mean,42.4400598572032,43.1468669241944,0.7068070669911961
18,rsfMRI,Strength_std,7.406095527767485,6.720119192018627,-0.6859763357488582
19,FA,Betweenness_mean,0.0034234234234234,0.0067648337993165,0.0033414103758930996
19,FA,Betweenness_std,0.0052385481521948,0.0163465866549961,0.011108038502801298
19,FA,Closeness_mean,0.9252986048379002,0.9211694474994078,-0.004129157338492395
19,FA,Closeness_std,0.0026614979719457,0.021151988169625,0.018490490197679302
19,FA,Degree_mean,68.94444444444444,68.53103448275863,-0.4134099616858151
19,FA,Degree_std,0.2357022603955178,2.2269035939748805,1.9912013335793626
19,FA,Eigenvector_mean,0.1179981366431172,0.1172519182509568,-0.0007462183921604082
19,FA,Eigenvector_std,0.0108473398955666,0.0086536312711815,-0.0021937086243851
19,FA,Strength_mean,38.45579732709744,37.85861476803684,-0.5971825590606059
19,FA,Strength_std,6.815655709012554,6.297892112276202,-0.5177635967363523
19,GM,Betweenness_mean,0.0231711711711711,0.0314134824479652,0.0082423112767941
19,GM,Betweenness_std,0.0272055763884883,0.0480735357478875,0.020867959359399203
19,GM,Closeness_mean,0.9960526315789474,0.993531699755137,-0.002520931823810413
19,GM,Closeness_std,0.0063558669939427,0.0103391774618513,0.0039833104679086
19,GM,Degree_mean,74.7,74.50344827586207,-0.1965517241379331
19,GM,Degree_std,0.4830458915396448,0.8003830500578598,0.31733715851821503
19,GM,Eigenvector_mean,0.0966223471400274,0.0940403708521328,-0.0025819762878945968
19,GM,Eigenvector_std,0.0201193894853339,0.0264330873889695,0.0063136979036356
19,GM,Strength_mean,25.240129529161774,24.2813539132112,-0.9587756159505751
19,GM,Strength_std,5.70465881119127,7.4466856787649,1.74202686757363
19,rsfMRI,Betweenness_mean,0.0083083083083083,0.0089841565703634,0.0006758482620551013
19,rsfMRI,Betweenness_std,0.020454069971802,0.027651956097747,0.0071978861259450015
19,rsfMRI,Closeness_mean,0.9978070175438596,0.9939065405475608,-0.0039004769962988073
19,rsfMRI,Closeness_std,0.0050458222950485,0.0203336297326154,0.015287807437566902
19,rsfMRI,Degree_mean,74.83333333333333,74.50344827586207,-0.32988505747125885
19,rsfMRI,Degree_std,0.3834824944236867,1.8147701795537916,1.4312876851301048
19,rsfMRI,Eigenvector_mean,0.1241113789304526,0.1222163533237874,-0.0018950256066651988
19,rsfMRI,Eigenvector_std,0.006870258792725,0.0114067565523914,0.0045364977596664005
19,rsfMRI,Strength_mean,46.23127771906452,45.67530885258798,-0.5559688664765403
19,rsfMRI,Strength_std,8.759087478253981,7.040945605187882,-1.7181418730660996
20,FA,Betweenness_mean,0.0012812812812812,0.0078981050015532,0.006616823720271999
20,FA,Betweenness_std,0.0017620293887607,0.0330986109494403,0.031336581560679595
20,FA,Closeness_mean,0.9036144578313252,0.8991849149480078,-0.004429542883317428
20,FA,Closeness_std,0.0,0.0206744551212442,0.0206744551212442
20,FA,Degree_mean,67.0,66.53793103448275,-0.46206896551724697
20,FA,Degree_std,0.0,2.336369125300017,2.336369125300017
20,FA,Eigenvector_mean,0.1139176721032647,0.1123517873598214,-0.0015658847434432965
20,FA,Eigenvector_std,0.0060580895308663,0.0086953600987982,0.0026372705679319
20,FA,Strength_mean,36.61642943790616,36.05794095796991,-0.5584884799362513
20,FA,Strength_std,5.340646220929074,6.26735634365156,0.9267101227224863
20,GM,Betweenness_mean,0.0165405405405405,0.028977943460702,0.0124374029201615
20,GM,Betweenness_std,0.0203336435658803,0.0615465972614058,0.0412129536955255
20,GM,Closeness_mean,0.9921052631578948,0.993848800087457,0.001743536929562195
20,GM,Closeness_std,0.0067947076249253,0.0121906870170566,0.005395979392131299
20,GM,Degree_mean,74.4,74.52413793103449,0.12413793103448256
20,GM,Degree_std,0.5163977794943239,0.9580271874816618,0.44162940798733796
20,GM,Eigenvector_mean,0.1077589744337227,0.109289720707466,0.0015307462737432914
20,GM,Eigenvector_std,0.0373720029256239,0.0298615118646118,-0.007510491061012099
20,GM,Strength_mean,27.591932797208734,27.973457089396334,0.3815242921875992
20,GM,Strength_std,10.862344774101494,9.618153589435993,-1.2441911846655014
20,rsfMRI,Betweenness_mean,0.0137337337337337,0.0150506368437402,0.0013169031100065
20,rsfMRI,Betweenness_std,0.0291845800044012,0.0397585352640051,0.0105739552596039
20,rsfMRI,Closeness_mean,0.9936227880306828,0.99430567906436,0.0006828910336771354
20,rsfMRI,Closeness_std,0.0157089735091352,0.0176893795520919,0.0019804060429567012
20,rsfMRI,Degree_mean,74.5,74.54482758620689,0.044827586206892533
20,rsfMRI,Degree_std,1.2485285456935962,1.4528674250561455,0.20433887936254935
20,rsfMRI,Eigenvector_mean,0.1151159834518132,0.1174801526912374,0.002364169239424202
20,rsfMRI,Eigenvector_std,0.0120765879816109,0.012399160020907,0.0003225720392960995
20,rsfMRI,Strength_mean,43.33582070663491,44.08247426688648,0.7466535602515663
20,rsfMRI,Strength_std,8.660829839687382,7.543432694629355,-1.1173971450580273
21,FA,Betweenness_mean,0.0035635635635635,0.0041453867660764,0.0005818232025129001
21,FA,Betweenness_std,0.0077346867530787,0.0124400554118781,0.004705368658799399
21,FA,Closeness_mean,0.9608622741534134,0.9563833107133016,-0.004478963440111783
21,FA,Closeness_std,0.002868820111922,0.0254319409070521,0.0225631207951301
21,FA,Degree_mean,71.94444444444444,71.51034482758621,-0.4340996168582336
21,FA,Degree_std,0.235702260395516,2.624979474468193,2.389277214072677
21,FA,Eigenvector_mean,0.1235920821968517,0.1238881840055155,0.00029610180866380953
21,FA,Eigenvector_std,0.0110899106464927,0.0091607272141924,-0.001929183432300299
21,FA,Strength_mean,40.44521065293527,40.31312867676401,-0.13208197617126416
21,FA,Strength_std,6.017836639168963,6.422138292965258,0.4043016537962947
21,GM,Betweenness_mean,0.0436396396396396,0.0253743398570984,-0.0182652997825412
21,GM,Betweenness_std,0.0414407276780592,0.0457147924618478,0.0042740647837885976
21,GM,Closeness_mean,0.9856617067143384,0.9942690794927236,0.008607372778385192
21,GM,Closeness_std,0.0112390914327635,0.0108190541262525,-0.00042003730651100045
21,GM,Degree_mean,73.9,74.55862068965517,0.6586206896551658
21,GM,Degree_std,0.8755950357709159,0.8406004969081965,-0.034994538862719415
21,GM,Eigenvector_mean,0.0916298023503623,0.0937056398893271,0.0020758375389648004
21,GM,Eigenvector_std,0.0131194144435458,0.0232087036904893,0.010089289246943498
21,GM,Strength_mean,23.46265422249064,24.02787600724348,0.5652217847528398
21,GM,Strength_std,3.2625736290615883,7.83747819962093,4.574904570559342
21,rsfMRI,Betweenness_mean,0.0065265265265265,0.0089493631562597,0.0024228366297332
21,rsfMRI,Betweenness_std,0.0171375278477523,0.0287020489904897,0.011564521142737403
21,rsfMRI,Closeness_mean,0.9970760233918128,0.993940290415828,-0.003135732975984795
21,rsfMRI,Closeness_std,0.0056288504203486,0.0195839564530969,0.013955106032748299
21,rsfMRI,Degree_mean,74.77777777777777,74.51034482758621,-0.2674329501915622
21,rsfMRI,Degree_std,0.4277926319464978,1.6588032892692308,1.231010657322733
21,rsfMRI,Eigenvector_mean,0.1250321832814228,0.122022872276594,-0.0030093110048287908
21,rsfMRI,Eigenvector_std,0.0061481413039799,0.0127150081285998,0.006566866824619901
21,rsfMRI,Strength_mean,46.50063457155315,45.62150880701963,-0.8791257645335193
21,rsfMRI,Strength_std,8.22743388151353,7.485438723869317,-0.7419951576442134
22,FA,Betweenness_mean,0.0014814814814814,0.0045380552966759,0.0030565738151945
22,FA,Betweenness_std,0.0026391073331766,0.0123644611979104,0.009725353864733801
22,FA,Closeness_mean,0.9985569985569984,0.9941551602935008,-0.004401838263497604
22,FA,Closeness_std,0.0061221366336497,0.0262405936649037,0.020118457031254002
22,FA,Degree_mean,74.88888888888889,74.49655172413793,-0.3923371647509555
22,FA,Degree_std,0.471404520791034,2.389572654527239,1.9181681337362049
22,FA,Eigenvector_mean,0.1350415683224223,0.1320322086553914,-0.0030093596670309197
22,FA,Eigenvector_std,0.0113056782802147,0.0121317477634576,0.0008260694832428993
22,FA,Strength_mean,44.80634312503288,43.6800441737161,-1.1262989513167838
22,FA,Strength_std,8.53160568238756,8.796334827525365,0.2647291451378049
22,GM,Betweenness_mean,0.0202162162162162,0.0165094749922336,-0.0037067412239825993
22,GM,Betweenness_std,0.0380511457316766,0.0306328676745054,-0.007418278057171202
22,GM,Closeness_mean,0.9935222672064776,0.9937572190015052,0.00023495179502752706
22,GM,Closeness_std,0.0124986226227679,0.0121290947070884,-0.0003695279156795007
22,GM,Degree_mean,74.5,74.51724137931035,0.017241379310348748
22,GM,Degree_std,0.97182531580755,0.9581771486921716,-0.013648167115378418
22,GM,Eigenvector_mean,0.1075524321494722,0.1066243257214567,-0.000928106428015496
22,GM,Eigenvector_std,0.0161414505353101,0.0257807301154967,0.0096392795801866
22,GM,Strength_mean,27.297281765401653,27.14403960551176,-0.1532421598898921
22,GM,Strength_std,3.5687309941219856,8.57513066878991,5.006399674667925
22,rsfMRI,Betweenness_mean,0.005005005005005,0.0116756756756756,0.006670670670670601
22,rsfMRI,Betweenness_std,0.0128331920013326,0.033438176163461,0.0206049841621284
22,rsfMRI,Closeness_mean,0.9956892522681996,0.99404916318736,-0.0016400890808395685
22,rsfMRI,Closeness_std,0.0108263956630613,0.018058059550148,0.007231663887086702
22,rsfMRI,Degree_mean,74.66666666666667,74.52413793103449,-0.14252873563218316
22,rsfMRI,Degree_std,0.8401680504168054,1.491097464121505,0.6509294137046995
22,rsfMRI,Eigenvector_mean,0.1151863298154122,0.1166018804969306,0.0014155506815183988
22,rsfMRI,Eigenvector_std,0.0114267303225068,0.01136771888835,-5.901143415680023e-05
22,rsfMRI,Strength_mean,43.04824476085689,43.58745019437785,0.5392054335209622
22,rsfMRI,Strength_std,8.281094737609997,7.063184210077676,-1.2179105275323217
23,FA,Betweenness_mean,0.032012012012012,0.032986641814228,0.0009746298022159997
23,FA,Betweenness_std,0.0304878369935938,0.0373038013190813,0.006815964325487502
23,FA,Closeness_mean,0.9355866706815216,0.9324092107585664,-0.0031774599229551503
23,FA,Closeness_std,0.0058957189390901,0.0157020322674156,0.009806313328325501
23,FA,Degree_mean,69.83333333333333,69.53793103448275,-0.29540229885057556
23,FA,Degree_std,0.5144957554275256,1.513920084743082,0.9994243293155565
23,FA,Eigenvector_mean,0.1062299035365785,0.1088819272621197,0.0026520237255412
23,FA,Eigenvector_std,0.0083852013701136,0.0099543468282405,0.0015691454581269002
23,FA,Strength_mean,34.55537843510094,35.034215426283964,0.47883699118302303
23,FA,Strength_std,4.907722546483095,4.680064379777629,-0.22765816670546624
23,GM,Betweenness_mean,0.0071351351351351,0.0274967381174277,0.0203616029822926
23,GM,Betweenness_std,0.013706121540304,0.0543659723143134,0.0406598507740094
23,GM,Closeness_mean,0.9921394395078604,0.9938486015466304,0.001709162038769918
23,GM,Closeness_std,0.0091243671830301,0.0121741789106406,0.003049811727610501
23,GM,Degree_mean,74.4,74.52413793103449,0.12413793103448256
23,GM,Degree_std,0.6992058987801014,0.9580271874816606,0.2588212887015592
23,GM,Eigenvector_mean,0.1166462037066449,0.106172353378717,-0.0104738503279279
23,GM,Eigenvector_std,0.0326589766750525,0.0308369884430497,-0.001821988232002799
23,GM,Strength_mean,29.06568131113553,27.341375466848294,-1.7243058442872368
23,GM,Strength_std,8.228522371908532,9.951806270302306,1.723283898393774
23,rsfMRI,Betweenness_mean,0.0116516516516516,0.0137881329605467,0.0021364813088950996
23,rsfMRI,Betweenness_std,0.0214556427388381,0.0408514387567724,0.0193957960179343
23,rsfMRI,Closeness_mean,0.9992690058479532,0.9937610629406368,-0.005507942907316377
23,rsfMRI,Closeness_std,0.0031013455315199,0.0213702836065361,0.0182689380750162
23,rsfMRI,Degree_mean,74.94444444444444,74.48965517241379,-0.4547892720306521
23,rsfMRI,Degree_std,0.235702260395516,1.852615423677019,1.6169131632815028
23,rsfMRI,Eigenvector_mean,0.1124615223545165,0.1131141485250485,0.0006526261705320086
23,rsfMRI,Eigenvector_std,0.0177420313036896,0.0156813698362685,-0.0020606614674211
23,rsfMRI,Strength_mean,42.20708291392769,42.568636180011424,0.36155326608373173
23,rsfMRI,Strength_std,6.753936615031962,7.351395112725819,0.5974584976938573
24,FA,Betweenness_mean,0.0074274274274274,0.0118844361602982,0.0044570087328708
24,FA,Betweenness_std,0.0068453281320018,0.0301112555845147,0.0232659274525129
24,FA,Closeness_mean,0.9140219414242337,0.9099926763245438,-0.004029265099689816
24,FA,Closeness_std,0.002597365490694,0.019776747874638,0.017179382383944
24,FA,Degree_mean,67.94444444444444,67.53793103448275,-0.40651340996168983
24,FA,Degree_std,0.2357022603955151,2.031080342163213,1.795378081767698
24,FA,Eigenvector_mean,0.1169549655639547,0.1171235765037843,0.00016861093982960262
24,FA,Eigenvector_std,0.0109875220616317,0.011907879790507,0.0009203577288753005
24,FA,Strength_mean,38.03224175965087,38.08262333483384,0.05038157518296771
24,FA,Strength_std,5.805164004805123,7.343331439780182,1.5381674349750591
24,GM,Betweenness_mean,0.0398558558558558,0.0160447343895619,-0.023811121466293897
24,GM,Betweenness_std,0.0451399840352125,0.0419075085309158,-0.0032324755042967
24,GM,Closeness_mean,0.9960868079289132,0.9936334346292888,-0.002453373299624473
24,GM,Closeness_std,0.0087854013843232,0.014157827515598,0.0053724261312748
24,GM,Degree_mean,74.7,74.50344827586207,-0.1965517241379331
24,GM,Degree_std,0.6749485577105532,1.131150704242726,0.45620214653217284
24,GM,Eigenvector_mean,0.1125874068284649,0.114256269155255,0.001668862326790102
24,GM,Eigenvector_std,0.0251988498978041,0.0263610142606669,0.001162164362862799
24,GM,Strength_mean,28.286574391688987,28.92993209789591,0.643357706206924
24,GM,Strength_std,7.4745426498541825,8.737392891323092,1.2628502414689091
24,rsfMRI,Betweenness_mean,0.0052252252252252,0.0098937558247903,0.0046685305995650996
24,rsfMRI,Betweenness_std,0.0144129570010436,0.0270830576799074,0.012670100678863799
24,rsfMRI,Closeness_mean,0.9978632478632478,0.9938080233364196,-0.004055224526828161
24,rsfMRI,Closeness_std,0.0090654715536736,0.0188433741306956,0.009777902577022
24,rsfMRI,Degree_mean,74.83333333333333,74.50344827586207,-0.32988505747125885
24,rsfMRI,Degree_std,0.7071067811865472,1.5551176176089383,0.8480108364223911
24,rsfMRI,Eigenvector_mean,0.120676111569736,0.1188669024913451,-0.001809209078390897
24,rsfMRI,Eigenvector_std,0.0114332032555768,0.0149730153329776,0.003539812077400799
24,rsfMRI,Strength_mean,45.14481994565988,44.53527559291276,-0.6095443527471218
24,rsfMRI,Strength_std,8.517169987815466,7.150332648176093,-1.366837339639373
25,FA,Betweenness_mean,0.0164364364364364,0.0185051258154706,0.002068689379034202
25,FA,Betweenness_std,0.0105041391848011,0.0194729650902092,0.008968825905408099
25,FA,Closeness_mean,0.9493670886075948,0.9440680484174414,-0.00529904019015337
25,FA,Closeness_std,0.0,0.0211437901623559,0.0211437901623559
25,FA,Degree_mean,71.0,70.51034482758621,-0.48965517241379075
25,FA,Degree_std,0.0,2.082057080347162,2.082057080347162
25,FA,Eigenvector_mean,0.1236990235833605,0.1225921976210503,-0.0011068259623102095
25,FA,Eigenvector_std,0.0099273189085028,0.0099505297064023,2.3210797899500882e-05
25,FA,Strength_mean,40.30457367235359,39.85162441102519,-0.4529492613283992
25,FA,Strength_std,6.373513988212836,7.412112194754964,1.0385982065421278
25,GM,Betweenness_mean,0.028072072072072,0.0180851196023609,-0.0099869524697111
25,GM,Betweenness_std,0.0424408200343392,0.042572627590786,0.00013180755644679604
25,GM,Closeness_mean,0.9908578263841422,0.9939038367499852,0.003046010365842955
25,GM,Closeness_std,0.010712906276965,0.0107427347000772,2.9828423112198896e-05
25,GM,Degree_mean,74.3,74.53103448275863,0.2310344827586306
25,GM,Degree_std,0.8232726023485645,0.8337929766850679,0.010520374336503435
25,GM,Eigenvector_mean,0.1099995504859678,0.1105573639356096,0.0005578134496418002
25,GM,Eigenvector_std,0.0313267322915822,0.0259753721117414,-0.005351360179840798
25,GM,Strength_mean,27.39665588438686,28.145687306574597,0.7490314221877377
25,GM,Strength_std,6.71284630377192,9.287170752964274,2.5743244491923534
25,rsfMRI,Betweenness_mean,0.025085085085085,0.0094886610748679,-0.0155964240102171
25,rsfMRI,Betweenness_std,0.0659375635179632,0.039134142766763,-0.026803420751200208
25,rsfMRI,Closeness_mean,0.9970950102529048,0.9938987614076236,-0.0031962488452812465
25,rsfMRI,Closeness_std,0.0071496977943453,0.018837055438472,0.0116873576441267
25,rsfMRI,Degree_mean,74.77777777777777,74.51034482758621,-0.2674329501915622
25,rsfMRI,Degree_std,0.5483188805533179,1.555086820456364,1.006767939903046
25,rsfMRI,Eigenvector_mean,0.1183237554216559,0.1180943070687686,-0.00022944835288729593
25,rsfMRI,Eigenvector_std,0.0094719675547185,0.0128747702098567,0.0034028026551382005
25,rsfMRI,Strength_mean,44.3002377450545,44.2123860801219,-0.08785166493260022
25,rsfMRI,Strength_std,7.437695114541223,7.375811300089674,-0.06188381445154967
26,FA,Betweenness_mean,0.0023423423423423,0.0053755824790307,0.0030332401366883997
26,FA,Betweenness_std,0.0035743379735529,0.0153982037413178,0.0118238657677649
26,FA,Closeness_mean,0.974025974025974,0.968531947445928,-0.005494026580046052
26,FA,Closeness_std,0.0,0.0257559445967797,0.0257559445967797
26,FA,Degree_mean,73.0,72.49655172413793,-0.5034482758620697
26,FA,Degree_std,0.0,2.533454322579686,2.533454322579686
26,FA,Eigenvector_mean,0.1286797183134637,0.1256921094308353,-0.0029876088826283898
26,FA,Eigenvector_std,0.0140777246599149,0.0118791868050352,-0.0021985378548797004
26,FA,Strength_mean,42.559967831439785,41.410346830372255,-1.1496210010675298
26,FA,Strength_std,8.871809520386327,8.67087054876039,-0.200938971625936
26,GM,Betweenness_mean,0.0177297297297297,0.0261025163094128,0.0083727865796831
26,GM,Betweenness_std,0.0251907672557847,0.0497445759452897,0.024553808689505
26,GM,Closeness_mean,0.989542036910458,0.994022355274624,0.004480318364166069
26,GM,Closeness_std,0.0102639114614685,0.011826197856431,0.0015622863949624997
26,GM,Degree_mean,74.2,74.53793103448275,0.3379310344827502
26,GM,Degree_std,0.7888106377466152,0.9355679324997423,0.14675729475312715
26,GM,Eigenvector_mean,0.0936441657487825,0.0951968544040411,0.0015526886552586078
26,GM,Eigenvector_std,0.0157835288479285,0.0267034573245435,0.010919928476615
26,GM,Strength_mean,24.098587968843557,24.406630861911555,0.3080428930679986
26,GM,Strength_std,3.673401514314843,8.120398910335936,4.446997396021093
26,rsfMRI,Betweenness_mean,0.0128528528528528,0.0129878844361602,0.00013503158330739964
26,rsfMRI,Betweenness_std,0.0299623473272822,0.0379295298728475,0.007967182545565298
26,rsfMRI,Closeness_mean,0.9950503083414476,0.994107988042246,-0.0009423202992016044
26,rsfMRI,Closeness_std,0.0145561622318403,0.0173092423520528,0.0027530801202124994
26,rsfMRI,Degree_mean,74.61111111111111,74.53103448275863,-0.08007662835248652
26,rsfMRI,Degree_std,1.1447521637192364,1.4144844585660532,0.2697322948468168
26,rsfMRI,Eigenvector_mean,0.1199907308119932,0.1204243685677203,0.0004336377557271065
26,rsfMRI,Eigenvector_std,0.0101024106936379,0.0100716591731749,-3.0751520462999823e-05
26,rsfMRI,Strength_mean,44.8946150183024,44.86529802804925,-0.029316990253150266
26,rsfMRI,Strength_std,8.729898035129715,6.841287403627512,-1.8886106315022024
27,FA,Betweenness_mean,0.0069069069069069,0.0097993165579372,0.0028924096510303003
27,FA,Betweenness_std,0.0130611441676709,0.0252405321980325,0.0121793880303616
27,FA,Closeness_mean,0.9861300979722032,0.9807164105433084,-0.005413687428894809
27,FA,Closeness_std,0.0030207911021298,0.0182642853416419,0.015243494239512101
27,FA,Degree_mean,73.94444444444444,73.49655172413793,-0.4478927203065126
27,FA,Degree_std,0.235702260395516,1.55511761760894,1.319415357213424
27,FA,Eigenvector_mean,0.1237134628789704,0.1246139046767028,0.0009004417977323959
27,FA,Eigenvector_std,0.0103371786160012,0.0079791467845706,-0.0023580318314305997
27,FA,Strength_mean,40.65407400255797,40.71038338878775,0.05630938622977766
27,FA,Strength_std,7.413492393709076,7.290766898735524,-0.1227254949735519
27,GM,Betweenness_mean,0.0363963963963964,0.0194992233612923,-0.016897173035104098
27,GM,Betweenness_std,0.0708629302824936,0.0381283739892972,-0.0327345562931964
27,GM,Closeness_mean,0.9960868079289132,0.9935610215555768,-0.002525786373336447
27,GM,Closeness_std,0.0087854013843233,0.0115935750451678,0.0028081736608444995
27,GM,Degree_mean,74.7,74.50344827586207,-0.1965517241379331
27,GM,Degree_std,0.6749485577105531,0.9061835257691908,0.23123496805863775
27,GM,Eigenvector_mean,0.1134665590347577,0.1108076176253236,-0.0026589414094341096
27,GM,Eigenvector_std,0.019612595827906,0.0213190577879939,0.001706461960087901
27,GM,Strength_mean,27.962365831683734,27.817733879454963,-0.1446319522287709
27,GM,Strength_std,6.179774545343456,8.489072083302991,2.3092975379595355
27,rsfMRI,Betweenness_mean,0.0084884884884884,0.0089145697421559,0.00042608125366750023
27,rsfMRI,Betweenness_std,0.020628387063034,0.0258386385106938,0.005210251447659801
27,rsfMRI,Closeness_mean,0.9971322537112012,0.9939142193663564,-0.0032180343448448
27,rsfMRI,Closeness_std,0.0094070958722647,0.0191125762379012,0.009705480365636501
27,rsfMRI,Degree_mean,74.77777777777777,74.51034482758621,-0.2674329501915622
27,rsfMRI,Degree_std,0.7320844981409598,1.5947711494622334,0.8626866513212736
27,rsfMRI,Eigenvector_mean,0.1161020946518143,0.1176327290781509,0.001530634426336594
27,rsfMRI,Eigenvector_std,0.0104499235996162,0.0128510397419097,0.0024011161422935
27,rsfMRI,Strength_mean,43.76760193610418,44.02616648160658,0.25856454550240215
27,rsfMRI,Strength_std,8.936050299044375,7.264310297029881,-1.6717400020144941
28,FA,Betweenness_mean,0.0027427427427427,0.0086287666977322,0.0058860239549895
28,FA,Betweenness_std,0.0032658667779962,0.0239082714146642,0.020642404636668
28,FA,Closeness_mean,0.9978070175438596,0.9939948426132892,-0.0038121749305704
28,FA,Closeness_std,0.0050458222950484,0.022303535836247,0.0172577135411986
28,FA,Degree_mean,74.83333333333333,74.50344827586207,-0.32988505747125885
28,FA,Degree_std,0.3834824944236846,1.951225177545275,1.5677426831215904
28,FA,Eigenvector_mean,0.1239365663270042,0.1234980798554781,-0.00043848647152609777
28,FA,Eigenvector_std,0.0081135203801385,0.0082000228380375,8.650245789900042e-05
28,FA,Strength_mean,40.85984469092144,40.59641584226837,-0.2634288486530707
28,FA,Strength_std,6.278535686414725,7.392536469819147,1.114000783404422
28,GM,Betweenness_mean,0.0146666666666666,0.0219074246660453,0.0072407579993787
28,GM,Betweenness_std,0.0274847067074853,0.0354642041449487,0.007979497437463397
28,GM,Closeness_mean,0.9908906882591092,0.9938901434892614,0.002999455230152215
28,GM,Closeness_std,0.0122111748116422,0.0101202415137554,-0.0020909332978868
28,GM,Degree_mean,74.3,74.53103448275863,0.2310344827586306
28,GM,Degree_std,0.9486832980505128,0.782225923014582,-0.16645737503593072
28,GM,Eigenvector_mean,0.1037210630262694,0.1010426760822402,-0.002678386944029207
28,GM,Eigenvector_std,0.0234010864246478,0.0256395609728448,0.002238474548196999
28,GM,Strength_mean,26.453860222097106,25.886565588933173,-0.5672946331639324
28,GM,Strength_std,6.604482135301764,8.174719161090117,1.5702370257883524
28,rsfMRI,Betweenness_mean,0.0105905905905905,0.0142205653929791,0.0036299748023885994
28,rsfMRI,Betweenness_std,0.0287043254531431,0.0413926252216192,0.012688299768476099
28,rsfMRI,Closeness_mean,0.993914253505249,0.9943403529539894,0.0004260994487403913
28,rsfMRI,Closeness_std,0.0227475264924038,0.0186013868958664,-0.004146139596537399
28,rsfMRI,Degree_mean,74.5,74.54482758620689,0.044827586206892533
28,rsfMRI,Degree_std,1.8864844365676008,1.522877896655737,-0.36360653991186376
28,rsfMRI,Eigenvector_mean,0.115340523455762,0.117589354629951,0.0022488311741890032
28,rsfMRI,Eigenvector_std,0.015396947926854,0.0132419476397618,-0.0021550002870921996
28,rsfMRI,Strength_mean,43.75837929953904,44.12016107572914,0.36178177619010654
28,rsfMRI,Strength_std,10.14234102648028,7.187599665575702,-2.9547413609045776
29,FA,Betweenness_mean,0.0196996996996997,0.0128685927306616,-0.006831106969038098
29,FA,Betweenness_std,0.0140058690507044,0.0114277516360781,-0.0025781174146263
29,FA,Closeness_mean,0.881782945736434,0.8779766079677623,-0.003806337768671675
29,FA,Closeness_std,0.0024182858453712,0.0121874539277385,0.009769168082367299
29,FA,Degree_mean,64.94444444444444,64.55862068965517,-0.38582375478927133
29,FA,Degree_std,0.2357022603955156,1.2849333211675795,1.0492310607720639
29,FA,Eigenvector_mean,0.1107834325889355,0.1116367268087061,0.000853294219770595
29,FA,Eigenvector_std,0.0067443073526191,0.0082525022949744,0.0015081949423552989
29,FA,Strength_mean,35.66234046252391,35.71654926156917,0.05420879904526288
29,FA,Strength_std,3.710923375135775,3.712280803920097,0.001357428784321879
29,GM,Betweenness_mean,0.0339819819819819,0.0311202236719478,-0.0028617583100341015
29,GM,Betweenness_std,0.0434021272007081,0.0587358166621824,0.0153336894614743
29,GM,Closeness_mean,0.9871773629435188,0.9941785121079384,0.007001149164419629
29,GM,Closeness_std,0.0189928690281446,0.0108415119291915,-0.0081513570989531
29,GM,Degree_mean,74.0,74.55172413793103,0.551724137931032
29,GM,Degree_std,1.4907119849998596,0.8410561687112239,-0.6496558162886357
29,GM,Eigenvector_mean,0.0935556862954539,0.0926299722736353,-0.0009257140218185966
29,GM,Eigenvector_std,0.0195318051931154,0.0251873714104183,0.005655566217302899
29,GM,Strength_mean,24.640787548378057,24.26452656311033,-0.3762609852677272
29,GM,Strength_std,3.924439570215132,6.677348633769222,2.7529090635540903
29,rsfMRI,Betweenness_mean,0.0093693693693693,0.0152171481826654,0.0058477788132961
29,rsfMRI,Betweenness_std,0.0161371208888559,0.0381724265911825,0.0220353057023266
29,rsfMRI,Closeness_mean,1.0,0.9938662788059376,-0.006133721194062414
29,rsfMRI,Closeness_std,0.0,0.0241788923883108,0.0241788923883108
29,rsfMRI,Degree_mean,75.0,74.48275862068965,-0.5172413793103487
29,rsfMRI,Degree_std,0.0,2.2610944015499026,2.2610944015499026
29,rsfMRI,Eigenvector_mean,0.1092446182738743,0.1115394844349865,0.0022948661611121995
29,rsfMRI,Eigenvector_std,0.0141959506507665,0.0144409355428088,0.0002449848920422996
29,rsfMRI,Strength_mean,41.00306554145722,41.95006583929133,0.9470002978341086
29,rsfMRI,Strength_std,6.66353145111998,7.318040828929059,0.6545093778090783
30,FA,Betweenness_mean,0.0028228228228228,0.006399502951227,0.0035766801284041996
30,FA,Betweenness_std,0.0046416843524635,0.0223283835379511,0.0176866991854876
30,FA,Closeness_mean,0.9726384726384728,0.9684211841079352,-0.0042172885305375996
30,FA,Closeness_std,0.0040382221950771,0.0212358758089616,0.0171976536138845
30,FA,Degree_mean,72.88888888888889,72.51034482758621,-0.3785440613026765
30,FA,Degree_std,0.323380833381778,2.0279890195958963,1.7046081862141182
30,FA,Eigenvector_mean,0.1257806874363514,0.1248660244682291,-0.0009146629681223012
30,FA,Eigenvector_std,0.0075061904863135,0.009119106000396,0.0016129155140824991
30,FA,Strength_mean,41.0870154950579,40.65956651350368,-0.42744898155422106
30,FA,Strength_std,6.546252979383816,7.445258310321126,0.8990053309373103
30,GM,Betweenness_mean,0.0259459459459459,0.0176477166821994,-0.008298229263746501
30,GM,Betweenness_std,0.0323437782868319,0.0478587476819996,0.0155149693951677
30,GM,Closeness_mean,0.983292036910458,0.9944426481631564,0.01115061125269845
30,GM,Closeness_std,0.0187276103957262,0.0104014427570605,-0.0083261676386657
30,GM,Degree_mean,73.7,74.57241379310345,0.8724137931034477
30,GM,Degree_std,1.494434118097326,0.8143234034239654,-0.6801107146733606
30,GM,Eigenvector_mean,0.0986604446972958,0.1095315083409577,0.010871063643661902
30,GM,Eigenvector_std,0.0114775430447666,0.028497776545717,0.0170202335009504
30,GM,Strength_mean,25.37854943793784,27.63512792236778,2.256578484429941
30,GM,Strength_std,2.585625544594286,8.300999353642759,5.715373809048472
30,rsfMRI,Betweenness_mean,0.0129329329329329,0.0158459148803976,0.0029129819474647007
30,rsfMRI,Betweenness_std,0.0308855352945237,0.0400890428455312,0.0092035075510075
30,rsfMRI,Closeness_mean,0.9978260044049516,0.9938554888842932,-0.003970515520658413
30,rsfMRI,Closeness_std,0.006698145467454,0.019800730551104,0.013102585083649998
30,rsfMRI,Degree_mean,74.83333333333333,74.50344827586207,-0.32988505747125885
30,rsfMRI,Degree_std,0.5144957554275247,1.6630132371150614,1.1485174816875368
30,rsfMRI,Eigenvector_mean,0.1146498720728194,0.1144349574181202,-0.00021491465469920812
30,rsfMRI,Eigenvector_std,0.0139344253833946,0.0132130970445115,-0.0007213283388830989
30,rsfMRI,Strength_mean,43.10536439754833,43.05663765956166,-0.04872673798666938
30,rsfMRI,Strength_std,8.333803741455684,7.630684864166082,-0.7031188772896018
31,FA,Betweenness_mean,0.0295895895895895,0.0241764523143833,-0.0054131372752062
31,FA,Betweenness_std,0.0246124027730791,0.0295876398597622,0.004975237086683102
31,FA,Closeness_mean,0.9956330219488112,0.9939898319409955,-0.0016431900078156536
31,FA,Closeness_std,0.0077607680393514,0.0164326816768758,0.0086719136375244
31,FA,Degree_mean,74.66666666666667,74.52413793103449,-0.14252873563218316
31,FA,Degree_std,0.5940885257860045,1.3646466709000031,0.7705581451139987
31,FA,Eigenvector_mean,0.1150491076185333,0.1158979238491239,0.0008488162305905905
31,FA,Eigenvector_std,0.0088602011451485,0.0124438277472678,0.0035836266021193
31,FA,Strength_mean,37.67345937463698,37.85459472586628,0.18113535122930102
31,FA,Strength_std,6.345534181045915,7.473077044308973,1.1275428632630584
31,GM,Betweenness_mean,0.0238558558558558,0.0301286113699906,0.006272755514134799
31,GM,Betweenness_std,0.0289914333193205,0.0595513788326359,0.0305599455133154
31,GM,Closeness_mean,0.993421052631579,0.99377327384193,0.0003522212103510558
31,GM,Closeness_std,0.0069348194301938,0.0127447652373269,0.0058099458071330995
31,GM,Degree_mean,74.5,74.51724137931035,0.017241379310348748
31,GM,Degree_std,0.527046276694729,1.0076336985720984,0.48058742187736936
31,GM,Eigenvector_mean,0.1002615647167624,0.1138409943781547,0.013579429661392306
31,GM,Eigenvector_std,0.0262390730422789,0.0289672902551341,0.0027282172128552003
31,GM,Strength_mean,25.77117220308092,28.446853739971797,2.6756815368908775
31,GM,Strength_std,9.358373895664254,8.90721913942824,-0.451154756236015
31,rsfMRI,Betweenness_mean,0.0125325325325325,0.0196110593351972,0.0070785268026647
31,rsfMRI,Betweenness_std,0.0279209333410475,0.0538360748171559,0.025915141476108402
31,rsfMRI,Closeness_mean,0.9957264957264956,0.9940160368617228,-0.0017104588647728347
31,rsfMRI,Closeness_std,0.0124377243608375,0.0173096038891055,0.004871879528268001
31,rsfMRI,Degree_mean,74.66666666666667,74.52413793103449,-0.14252873563218316
31,rsfMRI,Degree_std,0.9701425001453337,1.4097022864415292,0.4395597862961955
31,rsfMRI,Eigenvector_mean,0.1066172720336467,0.1073188668254687,0.0007015947918220106
31,rsfMRI,Eigenvector_std,0.0236791136615424,0.0203836787605676,-0.003295434900974798
31,rsfMRI,Strength_mean,40.06443511194099,40.880674046901525,0.8162389349605377
31,rsfMRI,Strength_std,6.139060493913463,8.03652653227106,1.8974660383575968
32,FA,Betweenness_mean,0.0272872872872872,0.0241292326809568,-0.003158054606330403
32,FA,Betweenness_std,0.0235805113010982,0.0325391103930079,0.0089585990919097
32,FA,Closeness_mean,0.9562279167095468,0.956395000558707,0.00016708384916019892
32,FA,Closeness_std,0.0115934822088301,0.0153654724155302,0.003771990206700101
32,FA,Degree_mean,71.55555555555556,71.55862068965517,0.003065134099614397
32,FA,Degree_std,0.9835244081556432,1.373741151366534,0.39021674321089084
32,FA,Eigenvector_mean,0.1116941809971481,0.1129217525124644,0.0012275715153163003
32,FA,Eigenvector_std,0.0056148440946012,0.0084708261503103,0.0028559820557090996
32,FA,Strength_mean,36.06879210776349,36.383498268623526,0.3147061608600339
32,FA,Strength_std,4.521587001686787,5.813232300441264,1.291645298754477
32,GM,Betweenness_mean,0.0047207207207207,0.0158061509785647,0.011085430257844
32,GM,Betweenness_std,0.0118772622117192,0.0463134845374706,0.0344362223257514
32,GM,Closeness_mean,0.9934552289815448,0.9937633511587082,0.0003081221771633613
32,GM,Closeness_std,0.0092237635737306,0.0124252096761876,0.0032014461024569996
32,GM,Degree_mean,74.5,74.51724137931035,0.017241379310348748
32,GM,Degree_std,0.7071067811865479,0.9725642529178442,0.2654574717312963
32,GM,Eigenvector_mean,0.1353900237557611,0.1342950055852936,-0.0010950181704675044
32,GM,Eigenvector_std,0.0275775408691589,0.0275691273657755,-8.413503383399717e-06
32,GM,Strength_mean,34.39338110171552,33.54401020808885,-0.84937089362667
32,GM,Strength_std,10.044287801068336,7.948108514578287,-2.096179286490049
32,rsfMRI,Betweenness_mean,0.0288088088088088,0.0202795899347623,-0.0085292188740465
32,rsfMRI,Betweenness_std,0.0586541436307516,0.0504312218961751,-0.008222921734576505
32,rsfMRI,Closeness_mean,0.990009746588694,0.9949177084449908,0.0049079618562968275
32,rsfMRI,Closeness_std,0.0392236536031704,0.0169474625831117,-0.0222761910200587
32,rsfMRI,Degree_mean,74.11111111111111,74.59310344827587,0.48199233716475476
32,rsfMRI,Degree_std,3.529520695486752,1.406811563055392,-2.12270913243136
32,rsfMRI,Eigenvector_mean,0.1050688776326542,0.1033934512311455,-0.001675426401508695
32,rsfMRI,Eigenvector_std,0.0205583620854355,0.0167449245560469,-0.0038134375293885983
32,rsfMRI,Strength_mean,39.511407386150246,39.22305074003952,-0.28835664611072787
32,rsfMRI,Strength_std,6.687561340174595,6.969081916461105,0.2815205762865105
33,FA,Betweenness_mean,0.0272672672672672,0.0213233923578751,-0.005943874909392098
33,FA,Betweenness_std,0.0358161814839297,0.040345506723243,0.004529325239313306
33,FA,Closeness_mean,0.9978070175438596,0.9939583148822966,-0.0038487026615630082
33,FA,Closeness_std,0.0050458222950484,0.021242165660005,0.016196343364956598
33,FA,Degree_mean,74.83333333333333,74.50344827586207,-0.32988505747125885
33,FA,Degree_std,0.3834824944236855,1.9225422186197845,1.539059724196099
33,FA,Eigenvector_mean,0.1193737608812448,0.12126744399069,0.00189368310944521
33,FA,Eigenvector_std,0.0083568053257701,0.0090354871901197,0.0006786818643495993
33,FA,Strength_mean,39.222428399697634,39.573061149067655,0.3506327493700212
33,FA,Strength_std,7.06954739723235,6.943756227342108,-0.12579116989024186
33,GM,Betweenness_mean,0.0419099099099099,0.0314607020813917,-0.0104492078285182
33,GM,Betweenness_std,0.0723731548934057,0.0650726336049895,-0.007300521288416212
33,GM,Closeness_mean,0.9935222672064776,0.9937560263027192,0.00023375909624157032
33,GM,Closeness_std,0.0124986226227679,0.0121234431642754,-0.0003751794584925007
33,GM,Degree_mean,74.5,74.51724137931035,0.017241379310348748
33,GM,Degree_std,0.9718253158075492,0.9509019714917896,-0.020923344315759596
33,GM,Eigenvector_mean,0.1282159465272463,0.1261229021289407,-0.002093044398305599
33,GM,Eigenvector_std,0.0301179320136807,0.031640869577142,0.001522937563461304
33,GM,Strength_mean,31.6723086775066,31.691717571477582,0.019408893970982888
33,GM,Strength_std,8.039296094230025,9.21218602862962,1.1728899343995955
33,rsfMRI,Betweenness_mean,0.0123123123123123,0.025215284249767,0.0129029719374547
33,rsfMRI,Betweenness_std,0.0193157463824902,0.0609999127738485,0.0416841663913583
33,rsfMRI,Closeness_mean,0.9992690058479532,0.9936719719617808,-0.005597033886172387
33,rsfMRI,Closeness_std,0.0031013455315199,0.0198994180940807,0.0167980725625608
33,rsfMRI,Degree_mean,74.94444444444444,74.48965517241379,-0.4547892720306521
33,rsfMRI,Degree_std,0.2357022603955148,1.6461961261720182,1.4104938657765034
33,rsfMRI,Eigenvector_mean,0.1063632269345408,0.1045574754769138,-0.001805751457627
33,rsfMRI,Eigenvector_std,0.0162126965318527,0.0183341614757055,0.0021214649438528015
33,rsfMRI,Strength_mean,40.11959328098306,39.69387658328661,-0.42571669769645126
33,rsfMRI,Strength_std,7.828356950717282,7.704042514469549,-0.12431443624773308
34,FA,Betweenness_mean,0.0393593593593593,0.033354457906182,-0.006004901453177301
34,FA,Betweenness_std,0.040367467682857,0.0428160597589656,0.002448592076108605
34,FA,Closeness_mean,0.9921980431848854,0.9945283889449578,0.0023303457600724053
34,FA,Closeness_std,0.0168195631543212,0.0182469566323689,0.0014273934780476977
34,FA,Degree_mean,74.38888888888889,74.55862068965517,0.1697318007662858
34,FA,Degree_std,1.334558260861619,1.5805935157620277,0.24603525490040856
34,FA,Eigenvector_mean,0.1111911990835556,0.1146349054692581,0.0034437063857025024
34,FA,Eigenvector_std,0.0066717727281669,0.0103084019655618,0.0036366292373949003
34,FA,Strength_mean,36.243138305491634,37.25320866286032,1.010070357368683
34,FA,Strength_std,5.0775640329874525,5.970356662046971,0.8927926290595183
34,GM,Betweenness_mean,0.0118198198198198,0.0175980118049083,0.005778191985088501
34,GM,Betweenness_std,0.020465451144463,0.0365791902741524,0.0161137391296894
34,GM,Closeness_mean,0.994838056680162,0.9937281192446378,-0.001109937435524233
34,GM,Closeness_std,0.012409510449481,0.0141981627806876,0.0017886523312066003
34,GM,Degree_mean,74.6,74.51034482758621,-0.08965517241378507
34,GM,Degree_std,0.9660917830792948,1.1493793094252498,0.18328752634595502
34,GM,Eigenvector_mean,0.1251670558391995,0.1297061251951893,0.0045390693559898
34,GM,Eigenvector_std,0.0265007977271007,0.0272100220107247,0.0007092242836240006
34,GM,Strength_mean,31.71003819877813,32.523447363171,0.8134091643928727
34,GM,Strength_std,9.874129398297038,8.71155212190659,-1.1625772763904472
34,rsfMRI,Betweenness_mean,0.0159959959959959,0.0444187635911773,0.028422767595181402
34,rsfMRI,Betweenness_std,0.0301390495931124,0.0874553363753554,0.057316286782242994
34,rsfMRI,Closeness_mean,0.9978070175438596,0.9938058727164866,-0.0040011448273730155
34,rsfMRI,Closeness_std,0.0050458222950485,0.0187932604886967,0.0137474381936482
34,rsfMRI,Degree_mean,74.83333333333333,74.50344827586207,-0.32988505747125885
34,rsfMRI,Degree_std,0.3834824944236849,1.550645644790842,1.1671631503671571
34,rsfMRI,Eigenvector_mean,0.1030500914772556,0.0965123429599133,-0.006537748517342304
34,rsfMRI,Eigenvector_std,0.0180572056921358,0.0234804734205282,0.005423267728392401
34,rsfMRI,Strength_mean,38.77670433575246,36.667234089362005,-2.109470246390458
34,rsfMRI,Strength_std,6.296595441597115,7.345679227517174,1.0490837859200584
35,FA,Betweenness_mean,0.0229429429429429,0.0266119913016464,0.003669048358703502
35,FA,Betweenness_std,0.0157228122569481,0.02402429921143,0.0083014869544819
35,FA,Closeness_mean,0.9712685345596738,0.9681758508962788,-0.0030926836633949906
35,FA,Closeness_std,0.0067869860890605,0.0112162783388716,0.0044292922498111
35,FA,Degree_mean,72.77777777777777,72.52413793103449,-0.2536398467432832
35,FA,Degree_std,0.5483188805533157,0.9210709242558786,0.3727520437025629
35,FA,Eigenvector_mean,0.1162599489995215,0.1174953448076076,0.0012353958080860983
35,FA,Eigenvector_std,0.0133455976249759,0.0110616558877026,-0.002283941737273299
35,FA,Strength_mean,37.67621082031732,37.940108715856645,0.26389789553932275
35,FA,Strength_std,3.984934501898738,4.513989558119447,0.529055056220709
35,GM,Betweenness_mean,0.0077477477477477,0.0278421870146008,0.0200944392668531
35,GM,Betweenness_std,0.0158688180704966,0.0624761335912453,0.0466073155207487
35,GM,Closeness_mean,0.9960526315789474,0.9936968576359596,-0.0023557739429878044
35,GM,Closeness_std,0.0063558669939427,0.0158910628394828,0.0095351958455401
35,GM,Degree_mean,74.7,74.50344827586207,-0.1965517241379331
35,GM,Degree_std,0.4830458915396483,1.312991378552524,0.8299454870128757
35,GM,Eigenvector_mean,0.1221827115286425,0.1268659243792932,0.004683212850650695
35,GM,Eigenvector_std,0.0236229982332241,0.0255473135677838,0.0019243153345597022
35,GM,Strength_mean,30.600188636540384,31.859449924684935,1.2592612881445504
35,GM,Strength_std,8.755869488514936,8.951368060055094,0.19549857154015804
35,rsfMRI,Betweenness_mean,0.0414814814814814,0.0273824168996582,-0.014099064581823199
35,rsfMRI,Betweenness_std,0.0851958001024212,0.074787243870409,-0.0104085562320122
35,rsfMRI,Closeness_mean,0.9985380116959064,0.9939260716227868,-0.0046119400731196025
35,rsfMRI,Closeness_std,0.0042550109655497,0.0229922534223768,0.0187372424568271
35,rsfMRI,Degree_mean,74.88888888888889,74.49655172413793,-0.3923371647509555
35,rsfMRI,Degree_std,0.3233808333817785,1.9654096898718472,1.6420288564900687
35,rsfMRI,Eigenvector_mean,0.1017386508287044,0.1054612776680665,0.0037226268393621004
35,rsfMRI,Eigenvector_std,0.0268643926331001,0.0198581965578761,-0.007006196075224
35,rsfMRI,Strength_mean,38.08641474810953,39.93176807488733,1.845353326777797
35,rsfMRI,Strength_std,6.914586064332013,7.845191848801042,0.9306057844690283
36,FA,Betweenness_mean,0.0380980980980981,0.0370077663870767,-0.0010903317110214014
36,FA,Betweenness_std,0.0451250681758177,0.0447781346311906,-0.000346933544627101
36,FA,Closeness_mean,0.8789460718797009,0.878232062922865,-0.000714008956835821
36,FA,Closeness_std,0.00605650685677,0.0084259801420711,0.002369473285301099
36,FA,Degree_mean,64.66666666666667,64.59310344827587,-0.07356321839080238
36,FA,Degree_std,0.5940885257860066,0.8457126492239987,0.2516241234379921
36,FA,Eigenvector_mean,0.0945466064158393,0.098307006266442,0.003760399850602697
36,FA,Eigenvector_std,0.0070695890290566,0.0117687819171514,0.0046991928880948
36,FA,Strength_mean,30.483446050761557,31.4117865486203,0.9283404978587413
36,FA,Strength_std,2.9766864885074624,3.413321042450869,0.43663455394340644
36,GM,Betweenness_mean,0.0338738738738738,0.0370127368748058,0.003138863000932003
36,GM,Betweenness_std,0.0714675346532277,0.0724607377654339,0.0009932031122062007
36,GM,Closeness_mean,0.9911184210526316,0.9940206625727812,0.0029022415201496177
36,GM,Closeness_std,0.0196176959283314,0.0146520140395902,-0.004965681888741198
36,GM,Degree_mean,74.3,74.53103448275863,0.2310344827586306
36,GM,Degree_std,1.5670212364724203,1.2193758217366877,-0.3476454147357326
36,GM,Eigenvector_mean,0.1207914910428063,0.1210888369434662,0.0002973459006598983
36,GM,Eigenvector_std,0.0391856579147812,0.0285666571239044,-0.010619000790876802
36,GM,Strength_mean,30.87740405996929,30.43347588701773,-0.4439281729515585
36,GM,Strength_std,11.05490670665877,9.048924332829037,-2.005982373829733
36,rsfMRI,Betweenness_mean,0.0074074074074074,0.0211767629698664,0.013769355562459
36,rsfMRI,Betweenness_std,0.0175516636272523,0.0458126393244638,0.028260975697211498
36,rsfMRI,Closeness_mean,0.9978260044049516,0.99397639839859,-0.003849606006361639
36,rsfMRI,Closeness_std,0.006698145467454,0.0221246661245567,0.0154265206571027
36,rsfMRI,Degree_mean,74.83333333333333,74.50344827586207,-0.32988505747125885
36,rsfMRI,Degree_std,0.5144957554275267,1.9043960034433496,1.389900248015823
36,rsfMRI,Eigenvector_mean,0.1097252099228822,0.1062848650922081,-0.003440344830674111
36,rsfMRI,Eigenvector_std,0.0167362236708267,0.0192902287962687,0.0025540051254419986
36,rsfMRI,Strength_mean,41.08573235617736,40.19355059488101,-0.8921817612963494
36,rsfMRI,Strength_std,5.576915890091369,7.318775869808187,1.7418599797168177
37,FA,Betweenness_mean,0.0246646646646646,0.0228219944082013,-0.0018426702564632996
37,FA,Betweenness_std,0.0398298125898136,0.0301861125501568,-0.0096437000396568
37,FA,Closeness_mean,0.911587698062867,0.9099186036296132,-0.0016690944332538038
37,FA,Closeness_std,0.0062848240991931,0.0096612528127744,0.0033764287135813
37,FA,Degree_mean,67.72222222222223,67.56551724137931,-0.1567049808429175
37,FA,Degree_std,0.5745131499601414,0.9038021008760122,0.32928895091587085
37,FA,Eigenvector_mean,0.1006594465030308,0.1036054571582649,0.002946010655234102
37,FA,Eigenvector_std,0.0094655603126868,0.0129992159897494,0.0035336556770626006
37,FA,Strength_mean,32.51630554984794,33.091794273109755,0.5754887232618131
37,FA,Strength_std,4.059373208477701,3.467674800149919,-0.5916984083277819
37,GM,Betweenness_mean,0.0152072072072072,0.027578751164958,0.012371543957750801
37,GM,Betweenness_std,0.0250788258509967,0.0681595959099601,0.043080770058963394
37,GM,Closeness_mean,0.9935222672064778,0.9938084776632068,0.0002862104567289414
37,GM,Closeness_std,0.0124986226227679,0.0140260472581825,0.0015274246354145989
37,GM,Degree_mean,74.5,74.51724137931035,0.017241379310348748
37,GM,Degree_std,0.9718253158075494,1.1061912148590831,0.13436589905153373
37,GM,Eigenvector_mean,0.1209998673669126,0.1210880941069616,8.822674004900499e-05
37,GM,Eigenvector_std,0.0441322989916104,0.0369310855844398,-0.007201213407170601
37,GM,Strength_mean,30.39003771376479,30.90318222171228,0.5131445079474908
37,GM,Strength_std,10.887538316596016,10.608028285274942,-0.2795100313210739
37,rsfMRI,Betweenness_mean,0.0032632632632632,0.0357750854302578,0.0325118221669946
37,rsfMRI,Betweenness_std,0.0059822529768234,0.0889975340700265,0.08301528109320311
37,rsfMRI,Closeness_mean,1.0,0.9935128210558622,-0.00648717894413775
37,rsfMRI,Closeness_std,0.0,0.0183624183413815,0.0183624183413815
37,rsfMRI,Degree_mean,75.0,74.48275862068965,-0.5172413793103487
37,rsfMRI,Degree_std,0.0,1.5004788507703783,1.5004788507703783
37,rsfMRI,Eigenvector_mean,0.1098576378234916,0.1030516936712994,-0.006805944152192198
37,rsfMRI,Eigenvector_std,0.0099049779014701,0.0173495995247015,0.007444621623231401
37,rsfMRI,Strength_mean,41.31935738756047,38.89668727830295,-2.422670109257524
37,rsfMRI,Strength_std,7.254278780772393,7.407918270369209,0.1536394895968165
38,FA,Betweenness_mean,0.0333933933933933,0.0290475302889096,-0.004345863104483698
38,FA,Betweenness_std,0.0476554887542505,0.0370940844343413,-0.0105614043199092
38,FA,Closeness_mean,0.9970760233918128,0.9941937542667968,-0.0028822691250159904
38,FA,Closeness_std,0.0056288504203487,0.0235176970985165,0.0178888466781678
38,FA,Degree_mean,74.77777777777777,74.51034482758621,-0.2674329501915622
38,FA,Degree_std,0.4277926319464971,2.2051620039356594,1.7773693719891623
38,FA,Eigenvector_mean,0.1185348863013282,0.1194008520340871,0.0008659657327588915
38,FA,Eigenvector_std,0.0137574280875573,0.0128925438823535,-0.0008648842052037999
38,FA,Strength_mean,38.976103914850185,39.04429938584557,0.06819547099538426
38,FA,Strength_std,7.81562261328309,7.674126235653195,-0.14149637762989542
38,GM,Betweenness_mean,0.0214054054054054,0.0236421248835041,0.002236719478098701
38,GM,Betweenness_std,0.026686787312254,0.0511049758750841,0.0244181885628301
38,GM,Closeness_mean,0.989609075135391,0.9940144058639774,0.0044053307285863985
38,GM,Closeness_std,0.0133067123931483,0.0115518461186825,-0.0017548662744657998
38,GM,Degree_mean,74.2,74.53793103448275,0.3379310344827502
38,GM,Degree_std,1.0327955589886444,0.905390413449516,-0.1274051455391284
38,GM,Eigenvector_mean,0.1124461412905245,0.123443181944032,0.010997040653507498
38,GM,Eigenvector_std,0.0182889503937876,0.0265573607077377,0.008268410313950099
38,GM,Strength_mean,28.279727689860863,30.747481964782786,2.467754274921923
38,GM,Strength_std,7.736319102873137,8.348253624987061,0.6119345221139243
38,rsfMRI,Betweenness_mean,0.0356356356356356,0.0322435538987263,-0.0033920817369092957
38,rsfMRI,Betweenness_std,0.0720959037322388,0.0601085102288884,-0.011987393503350402
38,rsfMRI,Closeness_mean,0.9970950102529048,0.9938710682279304,-0.0032239420249744466
38,rsfMRI,Closeness_std,0.0071496977943453,0.0181755411018041,0.0110258433074588
38,rsfMRI,Degree_mean,74.77777777777777,74.51034482758621,-0.2674329501915622
38,rsfMRI,Degree_std,0.5483188805533162,1.495907571877865,0.9475886913245487
38,rsfMRI,Eigenvector_mean,0.1050894129020556,0.1034459115234741,-0.001643501378581505
38,rsfMRI,Eigenvector_std,0.0252998061662818,0.0220922963728794,-0.0032075097934024
38,rsfMRI,Strength_mean,39.45936808260323,39.26137545728816,-0.19799262531506656
38,rsfMRI,Strength_std,7.277093902461643,7.873747243314052,0.5966533408524093
39,FA,Betweenness_mean,0.0163363363363363,0.0184280832556694,0.002091746919333101
39,FA,Betweenness_std,0.0111386435168423,0.02678758198801,0.015648938471167703
39,FA,Closeness_mean,0.9811643035327244,0.9812367358543748,7.243232165032865e-05
39,FA,Closeness_std,0.0078422682802747,0.0157161280045321,0.0078738597242574
39,FA,Degree_mean,73.55555555555556,73.54482758620689,-0.010727969348664601
39,FA,Degree_std,0.6156987634551998,1.3227670405926186,0.7070682771374188
39,FA,Eigenvector_mean,0.1135859773700447,0.1141518990246719,0.0005659216546272106
39,FA,Eigenvector_std,0.0077056506994494,0.0073509961283932,-0.0003546545710562
39,FA,Strength_mean,37.00486189526024,37.25995593938386,0.25509404412361647
39,FA,Strength_std,4.109641311556353,5.987726463001941,1.878085151445588
39,GM,Betweenness_mean,0.0197117117117117,0.0180428704566635,-0.0016688412550481986
39,GM,Betweenness_std,0.0342551119100675,0.0395447416062004,0.005289629696132898
39,GM,Closeness_mean,0.9973684210526316,0.993764491735013,-0.0036039293176185483
39,GM,Closeness_std,0.005547855544155,0.0194692817210723,0.013921426176917301
39,GM,Degree_mean,74.8,74.49655172413793,-0.3034482758620669
39,GM,Degree_std,0.4216370213557863,1.69199150383273,1.2703544824769437
39,GM,Eigenvector_mean,0.1458793951474544,0.1422956256033936,-0.003583769544060811
39,GM,Eigenvector_std,0.0277848343599045,0.0275119158293767,-0.00027291853052779924
39,GM,Strength_mean,36.80573678672484,35.563881353839,-1.241855432885842
39,GM,Strength_std,8.950070781640061,7.673927319935288,-1.2761434617047733
39,rsfMRI,Betweenness_mean,0.0201601601601601,0.017995650823237,-0.002164509336923099
39,rsfMRI,Betweenness_std,0.0423306770066293,0.056523380892546,0.014192703885916702
39,rsfMRI,Closeness_mean,0.9957440590351982,0.994173751795824,-0.0015703072393742357
39,rsfMRI,Closeness_std,0.0130886280646367,0.0208206547244232,0.007732026659786499
39,rsfMRI,Degree_mean,74.66666666666667,74.52413793103449,-0.14252873563218316
39,rsfMRI,Degree_std,1.0289915108550531,1.748343496239485,0.7193519853844319
39,rsfMRI,Eigenvector_mean,0.1085261399533675,0.1069615749439291,-0.0015645650094383984
39,rsfMRI,Eigenvector_std,0.0194402241984799,0.0185258447017639,-0.0009143794967160015
39,rsfMRI,Strength_mean,41.10526000387083,40.70221907858605,-0.40304092528478463
39,rsfMRI,Strength_std,8.275931206213443,7.585261531007164,-0.6906696752062791
40,FA,Betweenness_mean,0.0349149149149149,0.0248052190121155,-0.0101096959027994
40,FA,Betweenness_std,0.0580476857053296,0.0420755982299055,-0.0159720874754241
40,FA,Closeness_mean,0.9956702654071076,0.9941207403879714,-0.0015495250191361887
40,FA,Closeness_std,0.0098853477219862,0.0192644031448853,0.009379055422899102
40,FA,Degree_mean,74.66666666666667,74.52413793103449,-0.14252873563218316
40,FA,Degree_std,0.7669649888473706,1.6835922186267949,0.9166272297794242
40,FA,Eigenvector_mean,0.113419940969239,0.1146044159144599,0.0011844749452208925
40,FA,Eigenvector_std,0.0092418023173424,0.0101320300738009,0.0008902277564585004
40,FA,Strength_mean,37.13765048673913,37.593980110267054,0.45632962352792106
40,FA,Strength_std,5.786122736982031,7.407948275526134,1.621825538544103
40,GM,Betweenness_mean,0.0373693693693693,0.0368785337061199,-0.0004908356632494018
40,GM,Betweenness_std,0.0530237613435218,0.0765115689525994,0.023487807609077607
40,GM,Closeness_mean,0.9908578263841422,0.993931908196158,0.0030740818120157387
40,GM,Closeness_std,0.010712906276965,0.0118558366068473,0.001142930329882299
40,GM,Degree_mean,74.3,74.53103448275863,0.2310344827586306
40,GM,Degree_std,0.823272602348564,0.9358238528296368,0.11255125048107273
40,GM,Eigenvector_mean,0.1311786464246107,0.1246214299210882,-0.006557216503522492
40,GM,Eigenvector_std,0.0310932601905628,0.0354028929057514,0.0043096327151886035
40,GM,Strength_mean,32.22491716376687,31.07601229967905,-1.1489048640878181
40,GM,Strength_std,7.189785800852204,9.73788580632374,2.548100005471537
40,rsfMRI,Betweenness_mean,0.0078678678678678,0.0398285181733457,0.0319606503054779
40,rsfMRI,Betweenness_std,0.0155887557236773,0.0783833611656802,0.06279460544200291
40,rsfMRI,Closeness_mean,0.9958847736625516,0.9939993800549408,-0.0018853936076107525
40,rsfMRI,Closeness_std,0.0174594266959641,0.016827915374421,-0.000631511321543099
40,rsfMRI,Degree_mean,74.66666666666667,74.52413793103449,-0.14252873563218316
40,rsfMRI,Degree_std,1.4142135623730965,1.3747866431473084,-0.039426919225788115
40,rsfMRI,Eigenvector_mean,0.1098955118168105,0.1030097648875309,-0.006885746929279596
40,rsfMRI,Eigenvector_std,0.0189934423911002,0.0210033950663221,0.0020099526752219016
40,rsfMRI,Strength_mean,40.93890997326086,39.13616548702505,-1.8027444862358095
40,rsfMRI,Strength_std,7.093038030971382,7.6398587648753535,0.5468207339039717
41,FA,Betweenness_mean,0.0326526526526526,0.0349798073936005,0.002327154740947898
41,FA,Betweenness_std,0.0371343262288354,0.0472378892866804,0.010103563057845003
41,FA,Closeness_mean,0.9978070175438596,0.9936032214564008,-0.0042037960874588
41,FA,Closeness_std,0.0050458222950485,0.013168571200009,0.0081227489049605
41,FA,Degree_mean,74.83333333333333,74.50344827586207,-0.32988505747125885
41,FA,Degree_std,0.3834824944236848,1.0416609195243758,0.658178425100691
41,FA,Eigenvector_mean,0.1137793358526735,0.1161814967412155,0.0024021608885420043
41,FA,Eigenvector_std,0.009808807075919,0.0111085298431675,0.0012997227672485005
41,FA,Strength_mean,37.330741577481234,38.04245450049657,0.7117129230153338
41,FA,Strength_std,5.892153335270647,6.697252491084484,0.8050991558138367
41,GM,Betweenness_mean,0.0457297297297297,0.0220888474681578,-0.023640882261571898
41,GM,Betweenness_std,0.0992748210004897,0.0468581861255065,-0.05241663487498321
41,GM,Closeness_mean,0.9973684210526316,0.9934712384952455,-0.0038971825573860253
41,GM,Closeness_std,0.005547855544155,0.0116733557983885,0.0061255002542335
41,GM,Degree_mean,74.8,74.49655172413793,-0.3034482758620669
41,GM,Degree_std,0.4216370213557863,0.9061835257691888,0.4845465044134025
41,GM,Eigenvector_mean,0.127922892639425,0.1299522018608528,0.0020293092214277997
41,GM,Eigenvector_std,0.0310466550793837,0.0294432835855801,-0.0016033714938036014
41,GM,Strength_mean,31.65285458919841,32.63108353613335,0.9782289469349443
41,GM,Strength_std,8.060970755338777,9.15388573199639,1.092914976657612
41,rsfMRI,Betweenness_mean,0.0401201201201201,0.0512258465361913,0.011105726416071202
41,rsfMRI,Betweenness_std,0.104222120904249,0.1218903443702881,0.017668223466039107
41,rsfMRI,Closeness_mean,1.0,0.9934414541287784,-0.006558545871221622
41,rsfMRI,Closeness_std,0.0,0.0166448392459706,0.0166448392459706
41,rsfMRI,Degree_mean,75.0,74.48275862068965,-0.5172413793103487
41,rsfMRI,Degree_std,0.0,1.3286555876140682,1.3286555876140682
41,rsfMRI,Eigenvector_mean,0.1040996184106681,0.0966440670302538,-0.007455551380414302
41,rsfMRI,Eigenvector_std,0.0271202344696214,0.0228151098624232,-0.004305124607198202
41,rsfMRI,Strength_mean,38.86837728910484,36.68312949317235,-2.18524779593249
41,rsfMRI,Strength_std,6.548874429556077,6.895639004325668,0.3467645747695913
42,FA,Betweenness_mean,0.0306306306306306,0.0324697110904007,0.0018390804597701003
42,FA,Betweenness_std,0.0177837445884573,0.0368259453075357,0.019042200719078396
42,FA,Closeness_mean,0.9712509712509712,0.968260673491136,-0.00299029775983517
42,FA,Closeness_std,0.0053420658334977,0.0141694197000356,0.0088273538665379
42,FA,Degree_mean,72.77777777777777,72.52413793103449,-0.2536398467432832
42,FA,Degree_std,0.4277926319464991,1.1965387502471083,0.7687461183006092
42,FA,Eigenvector_mean,0.1138422439014644,0.1153120302270684,0.0014697863256040028
42,FA,Eigenvector_std,0.0101400935146045,0.0101908639983837,5.077048377919932e-05
42,FA,Strength_mean,37.05495574804591,37.43139600402744,0.3764402559815281
42,FA,Strength_std,3.868409357548423,4.936040479670139,1.0676311221217163
42,GM,Betweenness_mean,0.0224864864864864,0.0244150357253805,0.0019285492388941006
42,GM,Betweenness_std,0.0408274841257285,0.0481776692088258,0.007350185083097302
42,GM,Closeness_mean,0.9896735509660226,0.99402539759457,0.004351846628547373
42,GM,Closeness_std,0.0155986359630901,0.0119777235330105,-0.003620912430079601
42,GM,Degree_mean,74.2,74.53793103448275,0.3379310344827502
42,GM,Degree_std,1.229272594305718,0.9429614229705926,-0.2863111713351253
42,GM,Eigenvector_mean,0.1211119878819041,0.1226566398222459,0.0015446519403417985
42,GM,Eigenvector_std,0.0337631072172837,0.03051569323675,-0.003247413980533697
42,GM,Strength_mean,30.975154102578397,30.720976295453635,-0.254177807124762
42,GM,Strength_std,10.60793913446964,9.241014862207914,-1.366924272261727
42,rsfMRI,Betweenness_mean,0.0354354354354354,0.0283193538365952,-0.007116081598840196
42,rsfMRI,Betweenness_std,0.0752538778735436,0.0623617313523398,-0.012892146521203796
42,rsfMRI,Closeness_mean,0.9985569985569984,0.9936594980408074,-0.004897500516190978
42,rsfMRI,Closeness_std,0.0061221366336497,0.0175384138311773,0.011416277197527601
42,rsfMRI,Degree_mean,74.88888888888889,74.49655172413793,-0.3923371647509555
42,rsfMRI,Degree_std,0.4714045207910313,1.4197228697249058,0.9483183489338745
42,rsfMRI,Eigenvector_mean,0.1079276493886275,0.1039001748391425,-0.004027474549485002
42,rsfMRI,Eigenvector_std,0.0185995034427988,0.0177604494377715,-0.0008390540050273003
42,rsfMRI,Strength_mean,40.2712019572062,39.404793700615066,-0.8664082565911357
42,rsfMRI,Strength_std,7.055352828080219,7.343300052107597,0.28794722402737793
43,FA,Betweenness_mean,0.0333933933933933,0.021986952469711,-0.011406440923682298
43,FA,Betweenness_std,0.0483551570164062,0.0231451471186697,-0.025210009897736498
43,FA,Closeness_mean,0.8888517528223411,0.8886769818034048,-0.00017477101893625946
43,FA,Closeness_std,0.0099685766852859,0.0102953221761925,0.0003267454909065999
43,FA,Degree_mean,65.61111111111111,65.59310344827587,-0.01800766283524524
43,FA,Degree_std,0.9785276387866002,1.0239937589608656,0.045466120174265434
43,FA,Eigenvector_mean,0.0965637010643466,0.099727223656742,0.0031635225923953986
43,FA,Eigenvector_std,0.0100703342392553,0.0111223149886415,0.0010519807493862
43,FA,Strength_mean,31.32305057502348,32.111570911279,0.7885203362555231
43,FA,Strength_std,3.6581628450562342,3.38553413494522,-0.2726287101110141
43,GM,Betweenness_mean,0.0069189189189189,0.0270394532463497,0.0201205343274308
43,GM,Betweenness_std,0.0157515909393821,0.0702326381330102,0.054481047193628104
43,GM,Closeness_mean,0.9973684210526316,0.9935957847461544,-0.003772636306477173
43,GM,Closeness_std,0.005547855544155,0.0157920849805136,0.010244229436358599
43,GM,Degree_mean,74.8,74.49655172413793,-0.3034482758620669
43,GM,Degree_std,0.4216370213557825,1.2699745072410484,0.8483374858852659
43,GM,Eigenvector_mean,0.1370252652119788,0.1337095680783333,-0.00331569713364549
43,GM,Eigenvector_std,0.0284737947665209,0.0321269828422834,0.003653188075762502
43,GM,Strength_mean,34.6198332576274,33.72696029473338,-0.8928729628940175
43,GM,Strength_std,9.366695568012323,9.583805982830818,0.21711041481849414
43,rsfMRI,Betweenness_mean,0.0059059059059059,0.0274445479962721,0.021538642090366197
43,rsfMRI,Betweenness_std,0.0097608005641272,0.0662205629491578,0.0564597623850306
43,rsfMRI,Closeness_mean,1.0,0.9935270267993854,-0.0064729732006145735
43,rsfMRI,Closeness_std,0.0,0.0185936867410793,0.0185936867410793
43,rsfMRI,Degree_mean,75.0,74.48275862068965,-0.5172413793103487
43,rsfMRI,Degree_std,0.0,1.5415695837714216,1.5415695837714216
43,rsfMRI,Eigenvector_mean,0.1077759011000148,0.1029075020612348,-0.004868399038779989
43,rsfMRI,Eigenvector_std,0.0216589428155584,0.0212383945515389,-0.00042054826401950046
43,rsfMRI,Strength_mean,40.306793209731694,38.97502525188116,-1.3317679578505306
43,rsfMRI,Strength_std,7.865566265464533,7.645631779014844,-0.21993448644968971
44,FA,Betweenness_mean,0.0245845845845845,0.019071761416589,-0.0055128231679954995
44,FA,Betweenness_std,0.0277843530509709,0.0237909520986368,-0.003993400952334098
44,FA,Closeness_mean,0.8911064425770309,0.8884211305438253,-0.0026853120332055447
44,FA,Closeness_std,0.0040281774624336,0.0115637899084183,0.0075356124459847
44,FA,Degree_mean,65.83333333333333,65.56551724137931,-0.26781609195401757
44,FA,Degree_std,0.3834824944236851,1.1655577652843123,0.7820752708606272
44,FA,Eigenvector_mean,0.098128500649339,0.1010326764096062,0.0029041757602671914
44,FA,Eigenvector_std,0.0082749187309915,0.0125715060345015,0.004296587303510001
44,FA,Strength_mean,31.87965350683712,32.52739023659679,0.6477367297596679
44,FA,Strength_std,3.312212381202059,3.3520955117424505,0.0398831305403915
44,GM,Betweenness_mean,0.0457657657657657,0.0458999689344516,0.000134203168685898
44,GM,Betweenness_std,0.0859667399082956,0.0854879053224521,-0.00047883458584351
44,GM,Closeness_mean,0.9924342105263158,0.9938731488790068,0.0014389383526910438
44,GM,Closeness_std,0.0197398876792501,0.0130764820919468,-0.006663405587303302
44,GM,Degree_mean,74.4,74.52413793103449,0.12413793103448256
44,GM,Degree_std,1.5776212754932288,1.0346950612290615,-0.5429262142641673
44,GM,Eigenvector_mean,0.1157803496364743,0.1110291726938126,-0.0047511769426616945
44,GM,Eigenvector_std,0.0459420344270864,0.0389350216742647,-0.007007012752821701
44,GM,Strength_mean,29.170881208743477,28.38535285392579,-0.7855283548176857
44,GM,Strength_std,10.510868392604142,10.20905520369667,-0.301813188907472
44,rsfMRI,Betweenness_mean,0.0222222222222222,0.0196607642124883,-0.0025614580097339003
44,rsfMRI,Betweenness_std,0.0841573859709722,0.0534744007925327,-0.03068298517843951
44,rsfMRI,Closeness_mean,0.9971870604781996,0.9939359186267562,-0.003251141851443373
44,rsfMRI,Closeness_std,0.0119342916655957,0.0196660612955598,0.007731769629964101
44,rsfMRI,Degree_mean,74.77777777777777,74.51034482758621,-0.2674329501915622
44,rsfMRI,Degree_std,0.9428090415820638,1.6334916648569373,0.6906826232748735
44,rsfMRI,Eigenvector_mean,0.1096156853792006,0.1035642364520347,-0.0060514489271659005
44,rsfMRI,Eigenvector_std,0.0154625432980004,0.0174645923586927,0.0020020490606923007
44,rsfMRI,Strength_mean,41.16411302543955,39.16765378107944,-1.9964592443601106
44,rsfMRI,Strength_std,7.411060298970213,7.135172250751953,-0.27588804821825974
45,FA,Betweenness_mean,0.0006806806806806,0.0040161540851196,0.003335473404439
45,FA,Betweenness_std,0.000972375241931,0.0092218090003717,0.0082494337584407
45,FA,Closeness_mean,0.8421764461090304,0.8390668713553081,-0.0031095747537223106
45,FA,Closeness_std,0.0022069500037032,0.0143336387041952,0.012126688700492
45,FA,Degree_mean,60.94444444444444,60.58620689655172,-0.35823754789272044
45,FA,Degree_std,0.2357022603955166,1.697981673179103,1.4622794127835865
45,FA,Eigenvector_mean,0.1032774993517166,0.1038918210664488,0.000614321714732205
45,FA,Eigenvector_std,0.0072349211893478,0.0092717744276733,0.0020368532383255
45,FA,Strength_mean,33.21819829093275,33.283747685691786,0.06554939475903865
45,FA,Strength_std,4.669428818468024,5.814676687151027,1.1452478686830032
45,GM,Betweenness_mean,0.0325765765765765,0.0652053432743088,0.0326287666977323
45,GM,Betweenness_std,0.0800348380708973,0.1078125654910635,0.027777727420166196
45,GM,Closeness_mean,0.9935222672064776,0.9938197714619962,0.00029750425551855475
45,GM,Closeness_std,0.0124986226227679,0.0143266031799678,0.001827980557199899
45,GM,Degree_mean,74.5,74.51724137931035,0.017241379310348748
45,GM,Degree_std,0.971825315807549,1.143237655592552,0.17141233978500303
45,GM,Eigenvector_mean,0.1013818683424155,0.0985220205894259,-0.0028598477529896
45,GM,Eigenvector_std,0.0345108133301754,0.0341220574713052,-0.0003887558588702017
45,GM,Strength_mean,26.22766846339228,25.36527390835371,-0.8623945550385699
45,GM,Strength_std,9.845026406252607,9.794628030327514,-0.05039837592509322
45,rsfMRI,Betweenness_mean,0.0042042042042042,0.0151127679403541,0.0109085637361499
45,rsfMRI,Betweenness_std,0.0077663350326271,0.0394783829981288,0.0317120479655017
45,rsfMRI,Closeness_mean,1.0,0.9935142236760356,-0.0064857763239644095
45,rsfMRI,Closeness_std,0.0,0.0183261677805153,0.0183261677805153
45,rsfMRI,Degree_mean,75.0,74.48275862068965,-0.5172413793103487
45,rsfMRI,Degree_std,0.0,1.509706779274363,1.509706779274363
45,rsfMRI,Eigenvector_mean,0.1141800669589761,0.1142099641024753,2.9897143499199585e-05
45,rsfMRI,Eigenvector_std,0.0117050809721749,0.0128265604645775,0.0011214794924026012
45,rsfMRI,Strength_mean,43.100352767773984,42.79243675032333,-0.3079160174506512
45,rsfMRI,Strength_std,8.749601113511336,6.636059763320717,-2.1135413501906184
46,FA,Betweenness_mean,0.0041841841841841,0.0061658900279589,0.0019817058437748003
46,FA,Betweenness_std,0.0114405118033928,0.0281470981994493,0.0167065863960565
46,FA,Closeness_mean,0.9030168292216484,0.8992642046842038,-0.0037526245374446265
46,FA,Closeness_std,0.0025355234552013,0.0206225967764441,0.0180870733212428
46,FA,Degree_mean,66.94444444444444,66.54482758620689,-0.39961685823755033
46,FA,Degree_std,0.235702260395516,2.362847006687376,2.12714474629186
46,FA,Eigenvector_mean,0.1158509911843271,0.1152244560901776,-0.0006265350941494913
46,FA,Eigenvector_std,0.0080088367324003,0.0100450482945149,0.0020362115621145992
46,FA,Strength_mean,37.355118921396745,37.12535259657045,-0.22976632482629356
46,FA,Strength_std,5.071071534447598,6.665991981451271,1.5949204470036733
46,GM,Betweenness_mean,0.0314954954954955,0.0380366573470021,0.006541161851506605
46,GM,Betweenness_std,0.0313023906352102,0.0760877281252517,0.0447853374900415
46,GM,Closeness_mean,0.98573005941427,0.9942703205482042,0.008540261133934135
46,GM,Closeness_std,0.0141938498470895,0.0108279629352011,-0.0033658869118884
46,GM,Degree_mean,73.9,74.55862068965517,0.6586206896551658
46,GM,Degree_std,1.1005049346146123,0.8488215856652098,-0.2516833489494025
46,GM,Eigenvector_mean,0.0978855434318323,0.0945835037243196,-0.003302039707512694
46,GM,Eigenvector_std,0.0250381747654693,0.0285033946985885,0.003465219933119202
46,GM,Strength_mean,24.18013566345697,24.34962743020029,0.16949176674332023
46,GM,Strength_std,4.934731874777323,8.914569875134719,3.979838000357396
46,rsfMRI,Betweenness_mean,0.0129929929929929,0.008206275240758,-0.0047867177522349005
46,rsfMRI,Betweenness_std,0.0285456340094338,0.0250802981317418,-0.0034653358776920024
46,rsfMRI,Closeness_mean,0.9964012595591544,0.9941111201093052,-0.0022901394498491268
46,rsfMRI,Closeness_std,0.0096784586125417,0.0210775491814036,0.011399090568861901
46,rsfMRI,Degree_mean,74.72222222222223,74.51724137931035,-0.2049808429118798
46,rsfMRI,Degree_std,0.7519039015221185,1.829934152867644,1.0780302513455255
46,rsfMRI,Eigenvector_mean,0.1225453259379523,0.1212414485906051,-0.0013038773473472015
46,rsfMRI,Eigenvector_std,0.0126579709367276,0.0134279913844755,0.000770020447747901
46,rsfMRI,Strength_mean,45.39634670677121,45.45937766234585,0.06303095557463934
46,rsfMRI,Strength_std,7.097777455165407,7.565905194597234,0.46812773943182684
47,FA,Betweenness_mean,0.0188988988988988,0.0220217458838148,0.0031228469849160015
47,FA,Betweenness_std,0.013860155901781,0.0209294064201694,0.007069250518388401
47,FA,Closeness_mean,0.9246712837498746,0.9209908202353104,-0.0036804635145641917
47,FA,Closeness_std,0.0036515450923868,0.016363342504206,0.012711797411819199
47,FA,Degree_mean,68.88888888888889,68.53793103448275,-0.3509578544061327
47,FA,Degree_std,0.3233808333817807,1.589989035842578,1.2666082024607972
47,FA,Eigenvector_mean,0.1121162763374576,0.1095998776152336,-0.002516398722224006
47,FA,Eigenvector_std,0.0095302220970743,0.0093332038270306,-0.0001970182700436994
47,FA,Strength_mean,36.74279273915319,35.880724666916024,-0.8620680722371645
47,FA,Strength_std,5.401206012433278,5.908217620929615,0.5070116084963372
47,GM,Betweenness_mean,0.0368288288288288,0.0253569431500465,-0.011471885678782299
47,GM,Betweenness_std,0.0458417787163968,0.0538232780346861,0.0079814993182893
47,GM,Closeness_mean,0.9921394395078604,0.9938472916616798,0.0017078521538194114
47,GM,Closeness_std,0.0091243671830301,0.0121615154685923,0.0030371482855622006
47,GM,Degree_mean,74.4,74.52413793103449,0.12413793103448256
47,GM,Degree_std,0.6992058987801009,0.9507508627738064,0.2515449639937055
47,GM,Eigenvector_mean,0.0976272739031275,0.0990469524250995,0.001419678521972001
47,GM,Eigenvector_std,0.0256946058128193,0.0293011308498369,0.0036065250370176
47,GM,Strength_mean,25.97669577870165,25.937766915223083,-0.038928863478567166
47,GM,Strength_std,6.300937945558947,8.818252348526856,2.5173144029679095
47,rsfMRI,Betweenness_mean,0.0138538538538538,0.0101472506989748,-0.0037066031548789995
47,rsfMRI,Betweenness_std,0.0469130382687339,0.0273854668424016,-0.0195275714263323
47,rsfMRI,Closeness_mean,0.9985380116959064,0.9936807467428976,-0.004857264953008755
47,rsfMRI,Closeness_std,0.0042550109655496,0.0179544328807116,0.013699421915162
47,rsfMRI,Degree_mean,74.88888888888889,74.49655172413793,-0.3923371647509555
47,rsfMRI,Degree_std,0.3233808333817767,1.477254105929846,1.1538732725480694
47,rsfMRI,Eigenvector_mean,0.1165370447952582,0.118321363316826,0.001784318521567796
47,rsfMRI,Eigenvector_std,0.0125069314959701,0.0118836452416118,-0.0006232862543583007
47,rsfMRI,Strength_mean,43.79272424518674,44.09197480769216,0.2992505625054207
47,rsfMRI,Strength_std,8.562970829926504,6.898712329350079,-1.664258500576425
48,FA,Betweenness_mean,0.015055055055055,0.0136241068654861,-0.0014309481895689
48,FA,Betweenness_std,0.0138796156326682,0.0150132309181336,0.0011336152854653989
48,FA,Closeness_mean,0.7277663679362709,0.7259682353495984,-0.0017981325866724962
48,FA,Closeness_std,0.0016502678799163,0.0058718613548604,0.0042215934749441
48,FA,Degree_mean,46.94444444444444,46.68275862068965,-0.2616858237547959
48,FA,Degree_std,0.2357022603955163,0.8636441547614593,0.6279418943659429
48,FA,Eigenvector_mean,0.0664245536650887,0.0675526622944858,0.0011281086293970927
48,FA,Eigenvector_std,0.0069755961371442,0.0081976471004366,0.0012220509632924004
48,FA,Strength_mean,21.33346123171677,21.559987711660863,0.22652647994409492
48,FA,Strength_std,1.768412148863175,2.131379898660016,0.3629677497968411
48,GM,Betweenness_mean,0.0316756756756756,0.0254165890027959,-0.0062590866728797
48,GM,Betweenness_std,0.0616141165839898,0.05925508685997,-0.002359029724019794
48,GM,Closeness_mean,0.9936209193870752,0.993878752158864,0.0002578327717888129
48,GM,Closeness_std,0.0160896627107629,0.0160882926732787,-1.3700374842003094e-06
48,GM,Degree_mean,74.5,74.51724137931035,0.017241379310348748
48,GM,Degree_std,1.2692955176439844,1.2969164727015967,0.027620955057612306
48,GM,Eigenvector_mean,0.131059874070179,0.127264854402382,-0.003795019667796995
48,GM,Eigenvector_std,0.0351444576606711,0.0342583809373921,-0.0008860767232789987
48,GM,Strength_mean,33.41789304933078,32.25592825767289,-1.161964791657887
48,GM,Strength_std,10.826328444548176,10.28948016045642,-0.5368482840917554
48,rsfMRI,Betweenness_mean,0.0431631631631631,0.0378303821062441,-0.005332781056918999
48,rsfMRI,Betweenness_std,0.0888751188864484,0.0829025466181663,-0.0059725722682821
48,rsfMRI,Closeness_mean,0.9952574525745256,0.9941710547245568,-0.0010863978499687788
48,rsfMRI,Closeness_std,0.0201209246679099,0.0186404328697376,-0.0014804917981722995
48,rsfMRI,Degree_mean,74.61111111111111,74.53103448275863,-0.08007662835248652
48,rsfMRI,Degree_std,1.6499158227686097,1.5725738474701676,-0.07734197529844211
48,rsfMRI,Eigenvector_mean,0.0994408904966475,0.1009254010227298,0.0014845105260822972
48,rsfMRI,Eigenvector_std,0.0276501230212547,0.0224693590519617,-0.0051807639692930015
48,rsfMRI,Strength_mean,37.33063640468728,38.29232501198917,0.9616886073018875
48,rsfMRI,Strength_std,8.856883115637137,8.245375707360894,-0.6115074082762426
49,FA,Betweenness_mean,0.0203603603603603,0.0241342031686859,0.003773842808325597
49,FA,Betweenness_std,0.0113473971292631,0.0255458299327725,0.0141984328035094
49,FA,Closeness_mean,0.8615247300592128,0.8580109194954816,-0.0035138105637312345
49,FA,Closeness_std,0.0023089954976049,0.0113321550063927,0.009023159508787801
49,FA,Degree_mean,62.94444444444444,62.57241379310345,-0.37203065134099234
49,FA,Degree_std,0.2357022603955159,1.2289608730900292,0.9932586126945133
49,FA,Eigenvector_mean,0.103953087208774,0.1042042267718492,0.0002511395630752089
49,FA,Eigenvector_std,0.0089620370108773,0.0089795562429032,1.751923202590079e-05
49,FA,Strength_mean,33.79279865845042,33.720366549335644,-0.0724321091147786
49,FA,Strength_std,3.690163527625616,4.546227455918439,0.8560639282928229
49,GM,Betweenness_mean,0.0242882882882882,0.0226877912395153,-0.0016004970487729017
49,GM,Betweenness_std,0.0388403165771526,0.0486635849213971,0.009823268344244497
49,GM,Closeness_mean,0.9960868079289132,0.9936093897602316,-0.0024774181686816332
49,GM,Closeness_std,0.0087854013843233,0.0132901393746105,0.0045047379902871994
49,GM,Degree_mean,74.7,74.50344827586207,-0.1965517241379331
49,GM,Degree_std,0.6749485577105531,1.0679948627310558,0.39304630502050275
49,GM,Eigenvector_mean,0.1249295176329594,0.123169786926886,-0.0017597307060733952
49,GM,Eigenvector_std,0.0292186909771624,0.0254305345816831,-0.003788156395479303
49,GM,Strength_mean,31.309177941461616,30.957642659871038,-0.35153528159057856
49,GM,Strength_std,9.566068191900245,9.245855324148568,-0.32021286775167646
49,rsfMRI,Betweenness_mean,0.0169369369369369,0.017332090711401,0.00039515377446409927
49,rsfMRI,Betweenness_std,0.0373075107172846,0.0528182613415268,0.015510750624242196
49,rsfMRI,Closeness_mean,0.9970950102529048,0.9939512881368876,-0.0031437221160172113
49,rsfMRI,Closeness_std,0.0071496977943452,0.0200190943134717,0.0128693965191265
49,rsfMRI,Degree_mean,74.77777777777777,74.51034482758621,-0.2674329501915622
49,rsfMRI,Degree_std,0.5483188805533156,1.662984438104974,1.1146655575516586
49,rsfMRI,Eigenvector_mean,0.1119861949518403,0.1136461940750474,0.0016599991232071065
49,rsfMRI,Eigenvector_std,0.0198299799040187,0.0160583248651285,-0.0037716550388902023
49,rsfMRI,Strength_mean,42.18743844112332,42.70141365390285,0.5139752127795276
49,rsfMRI,Strength_std,8.630799165885978,8.046170111357707,-0.5846290545282713
50,FA,Betweenness_mean,0.0036236236236236,0.0135122708915812,0.0098886472679576
50,FA,Betweenness_std,0.0115543443016733,0.0534629192303394,0.0419085749286661
50,FA,Closeness_mean,0.9861300979722032,0.9811430631749202,-0.004987034797283019
50,FA,Closeness_std,0.0030207911021298,0.0248895058227669,0.0218687147206371
50,FA,Degree_mean,73.94444444444444,73.49655172413793,-0.4478927203065126
50,FA,Degree_std,0.2357022603955191,2.4724148618389563,2.236712601443437
50,FA,Eigenvector_mean,0.1273541547882752,0.1252239613361558,-0.0021301934521194
50,FA,Eigenvector_std,0.0114873029669412,0.0124311789659668,0.0009438759990256004
50,FA,Strength_mean,42.07410702180784,41.44567058169584,-0.6284364401119973
50,FA,Strength_std,7.832881913645547,9.210668963945723,1.3777870503001761
50,GM,Betweenness_mean,0.0046126126126126,0.0210326188257222,0.0164200062131096
50,GM,Betweenness_std,0.011161221310835,0.0426365265205982,0.031475305209763195
50,GM,Closeness_mean,0.9973684210526316,0.9935247105464088,-0.003843710506222786
50,GM,Closeness_std,0.005547855544155,0.0136300939276722,0.008082238383517201
50,GM,Degree_mean,74.8,74.49655172413793,-0.3034482758620669
50,GM,Degree_std,0.4216370213557837,1.0744775082377542,0.6528404868819706
50,GM,Eigenvector_mean,0.12668900155149,0.1171069540147367,-0.009582047536753291
50,GM,Eigenvector_std,0.0340221668621467,0.0282808913427272,-0.005741275519419501
50,GM,Strength_mean,31.660499938570887,29.56030890480633,-2.100191033764556
50,GM,Strength_std,8.913510261239233,8.944003928400548,0.03049366716131452
50,rsfMRI,Betweenness_mean,0.0108308308308308,0.0139099099099099,0.003079079079079101
50,rsfMRI,Betweenness_std,0.0362344241741667,0.0437936773343224,0.007559253160155696
50,rsfMRI,Closeness_mean,0.9950657894736842,0.9943113663043748,-0.0007544231693094039
50,rsfMRI,Closeness_std,0.0149789550104521,0.0214265319730736,0.0064475769626215
50,rsfMRI,Degree_mean,74.61111111111111,74.53103448275863,-0.08007662835248652
50,rsfMRI,Degree_std,1.195033294583628,1.8673182360369136,0.6722849414532857
50,rsfMRI,Eigenvector_mean,0.1160543661123951,0.1187409828461349,0.002686616733739794
50,rsfMRI,Eigenvector_std,0.0138113042121347,0.0131688373831441,-0.0006424668289905996
50,rsfMRI,Strength_mean,43.50127906115775,44.53998996299588,1.0387109018381295
50,rsfMRI,Strength_std,9.208419191657043,7.262115442587636,-1.9463037490694068
51,FA,Betweenness_mean,0.0139739739739739,0.0107884436160298,-0.0031855303579441004
51,FA,Betweenness_std,0.0369541868917985,0.0291832326467741,-0.007770954245024404
51,FA,Closeness_mean,0.9595268040679434,0.956036943553269,-0.003489860514674481
51,FA,Closeness_std,0.0061984256451887,0.0169894173300029,0.0107909916848142
51,FA,Degree_mean,71.83333333333333,71.52413793103449,-0.30919540229884035
51,FA,Degree_std,0.5144957554275243,1.5324397696188847,1.0179440141913605
51,FA,Eigenvector_mean,0.1190464830724646,0.1193772056870712,0.00033072261460660723
51,FA,Eigenvector_std,0.0076776971942344,0.0089512347770683,0.0012735375828338991
51,FA,Strength_mean,39.01786692270561,38.90269139720703,-0.11517552549857868
51,FA,Strength_std,6.131742510803856,6.7491405236903965,0.6173980128865404
51,GM,Betweenness_mean,0.021045045045045,0.0111388630009319,-0.009906182044113102
51,GM,Betweenness_std,0.0304097079223314,0.0269413362027882,-0.0034683717195432007
51,GM,Closeness_mean,0.9936209193870752,0.9937781176512828,0.00015719826420756977
51,GM,Closeness_std,0.0160896627107629,0.0129327538279359,-0.0031569088828270007
51,GM,Degree_mean,74.5,74.51724137931035,0.017241379310348748
51,GM,Degree_std,1.2692955176439835,1.021324359973785,-0.24797115767019862
51,GM,Eigenvector_mean,0.1197379177098784,0.1291194894984837,0.009381571788605297
51,GM,Eigenvector_std,0.0184372170572921,0.0214703113280205,0.003033094270728398
51,GM,Strength_mean,29.70308098807676,32.46855326141066,2.765472273333902
51,GM,Strength_std,6.818698516815712,8.63348083014495,1.8147823133292382
51,rsfMRI,Betweenness_mean,0.0086486486486486,0.0091780055917986,0.000529356943149999
51,rsfMRI,Betweenness_std,0.021732624442362,0.026836937633273,0.0051043131909110015
51,rsfMRI,Closeness_mean,0.9978260044049516,0.9940464344511664,-0.0037795699537852556
51,rsfMRI,Closeness_std,0.006698145467454,0.0228830799747902,0.0161849345073362
51,rsfMRI,Degree_mean,74.83333333333333,74.50344827586207,-0.32988505747125885
51,rsfMRI,Degree_std,0.5144957554275266,2.078742067303079,1.5642463118755527
51,rsfMRI,Eigenvector_mean,0.117408767925782,0.1181880228055503,0.000779254879768293
51,rsfMRI,Eigenvector_std,0.0127734114228574,0.0137086610228462,0.0009352495999887991
51,rsfMRI,Strength_mean,44.19179412151305,44.479321997554266,0.2875278760412172
51,rsfMRI,Strength_std,7.816300564620413,7.386677682602102,-0.429622882018311
52,FA,Betweenness_mean,0.0008808808808808,0.0063125194159676,0.0054316385350867994
52,FA,Betweenness_std,0.0016454573830786,0.0171396565921041,0.015494199209025502
52,FA,Closeness_mean,0.9601860867683654,0.9560764014871284,-0.004109685281237008
52,FA,Closeness_std,0.003935988721784,0.0197220756753257,0.0157860869535417
52,FA,Degree_mean,71.88888888888889,71.51724137931035,-0.371647509578537
52,FA,Degree_std,0.3233808333817767,1.814691006280645,1.4913101728988682
52,FA,Eigenvector_mean,0.1256835530094481,0.1243590489677167,-0.0013245040417314141
52,FA,Eigenvector_std,0.0086340881926472,0.0088522318522797,0.00021814365963250017
52,FA,Strength_mean,41.147316934941855,40.68848773339863,-0.4588292015432245
52,FA,Strength_std,6.010878281168486,6.970257596817916,0.9593793156494304
52,GM,Betweenness_mean,0.0221261261261261,0.0431239515377446,0.0209978254116185
52,GM,Betweenness_std,0.0406642357182947,0.0841598870579266,0.043495651339631895
52,GM,Closeness_mean,0.9960868079289132,0.9936032214564008,-0.0024835864725124557
52,GM,Closeness_std,0.0087854013843232,0.013168571200009,0.004383169815685799
52,GM,Degree_mean,74.7,74.50344827586207,-0.1965517241379331
52,GM,Degree_std,0.6749485577105531,1.0416609195243762,0.36671236181382316
52,GM,Eigenvector_mean,0.1101794876698911,0.1103898731359157,0.00021038546602460129
52,GM,Eigenvector_std,0.0351091704817033,0.0332452290662003,-0.001863941415502994
52,GM,Strength_mean,27.691131027441525,28.43701458530889,0.7458835578673657
52,GM,Strength_std,8.89878808317764,10.555253846526828,1.6564657633491873
52,rsfMRI,Betweenness_mean,0.0076876876876876,0.0089791860826343,0.0012914983949467006
52,rsfMRI,Betweenness_std,0.0148127267291664,0.025783452333793,0.0109707256046266
52,rsfMRI,Closeness_mean,0.9985380116959064,0.9936450962412628,-0.004892915454643543
52,rsfMRI,Closeness_std,0.0042550109655497,0.017126401566065,0.0128713906005153
52,rsfMRI,Degree_mean,74.88888888888889,74.49655172413793,-0.3923371647509555
52,rsfMRI,Degree_std,0.3233808333817769,1.3900646364419869,1.06668380306021
52,rsfMRI,Eigenvector_mean,0.1124873193284246,0.1148728741616093,0.0023855548331847
52,rsfMRI,Eigenvector_std,0.0093464186380112,0.0122486621296576,0.0029022434916463995
52,rsfMRI,Strength_mean,42.36333890917747,43.21006830761623,0.8467293984387609
52,rsfMRI,Strength_std,8.28030499908173,7.015446188894492,-1.2648588101872384
53,FA,Betweenness_mean,0.0346746746746746,0.0350071450761105,0.0003324704014358998
53,FA,Betweenness_std,0.021397015892382,0.0288011622533877,0.007404146361005701
53,FA,Closeness_mean,0.948707805907173,0.9441227740708172,-0.004585031836355724
53,FA,Closeness_std,0.0027970996091239,0.020331687864324,0.017534588255200097
53,FA,Degree_mean,70.94444444444444,70.51724137931035,-0.4272030651340941
53,FA,Degree_std,0.2357022603955182,2.061901254087885,1.826198993692367
53,FA,Eigenvector_mean,0.112880397183984,0.1104623893891864,-0.0024180077947976025
53,FA,Eigenvector_std,0.0072164910677978,0.0103907244337035,0.003174233365905701
53,FA,Strength_mean,36.93403329375872,36.16328852557002,-0.7707447681887061
53,FA,Strength_std,5.094483258751063,6.551494700871516,1.4570114421204536
53,GM,Betweenness_mean,0.0249729729729729,0.0216564150357253,-0.0033165579372476
53,GM,Betweenness_std,0.0297961099563162,0.0463339974019017,0.0165378874455855
53,GM,Closeness_mean,0.9947710184552288,0.9936738481125555,-0.0010971703426732038
53,GM,Closeness_std,0.009113408516853,0.0124352096205924,0.0033218011037394
53,GM,Degree_mean,74.6,74.51034482758621,-0.08965517241378507
53,GM,Degree_std,0.6992058987801025,0.9797763447969928,0.2805704460168903
53,GM,Eigenvector_mean,0.1068208234483209,0.1137434521032036,0.00692262865488269
53,GM,Eigenvector_std,0.0234587703035255,0.0265865111638282,0.003127740860302701
53,GM,Strength_mean,26.592447569132595,28.61031119619946,2.017863627066866
53,GM,Strength_std,6.477069588975945,9.16274514944968,2.6856755604737357
53,rsfMRI,Betweenness_mean,0.0228828828828828,0.0153563218390804,-0.0075265610438023985
53,rsfMRI,Betweenness_std,0.0403350382370739,0.0386785431284555,-0.0016564951086183999
53,rsfMRI,Closeness_mean,0.9956702654071076,0.993958811991246,-0.0017114534158615413
53,rsfMRI,Closeness_std,0.0098853477219862,0.0157258336729569,0.005840485950970701
53,rsfMRI,Degree_mean,74.66666666666667,74.52413793103449,-0.14252873563218316
53,rsfMRI,Degree_std,0.7669649888473701,1.275205640391915,0.5082406515445449
53,rsfMRI,Eigenvector_mean,0.1171078024196315,0.1185480766001412,0.0014402741805097097
53,rsfMRI,Eigenvector_std,0.0135018679244445,0.011821994748381,-0.0016798731760635007
53,rsfMRI,Strength_mean,44.08538614736948,44.06447168590171,-0.020914461467775425
53,rsfMRI,Strength_std,9.6020753443477,6.9729996936371546,-2.6290756507105453
54,FA,Betweenness_mean,0.0201401401401401,0.0123789996893445,-0.007761140450795602
54,FA,Betweenness_std,0.0437525019289096,0.0380655129142593,-0.005686989014650298
54,FA,Closeness_mean,0.948048523206751,0.944021278584506,-0.004027244622245019
54,FA,Closeness_std,0.0038375890037394,0.0168426984355796,0.0130051094318402
54,FA,Degree_mean,70.88888888888889,70.52413793103449,-0.3647509578543975
54,FA,Degree_std,0.3233808333817801,1.611946539904343,1.2885657065225629
54,FA,Eigenvector_mean,0.1186820677736606,0.1190069136967448,0.00032484592308421045
54,FA,Eigenvector_std,0.0102475869852375,0.0104342293692708,0.00018664238403329897
54,FA,Strength_mean,38.9456272987358,38.887195614438255,-0.058431684297545416
54,FA,Strength_std,4.815670571365448,6.054535548618102,1.2388649772526534
54,GM,Betweenness_mean,0.0479639639639639,0.0261149425287356,-0.0218490214352283
54,GM,Betweenness_std,0.0816575569390482,0.0502098340282977,-0.03144772291075051
54,GM,Closeness_mean,0.9884868421052632,0.9941714818756562,0.0056846397703930185
54,GM,Closeness_std,0.0190707534330329,0.0138648614306728,-0.0052058920023601
54,GM,Degree_mean,74.1,74.54482758620689,0.4448275862068982
54,GM,Degree_std,1.5238839267549942,1.1179054717095531,-0.40597845504544106
54,GM,Eigenvector_mean,0.1249365227569625,0.1267172918204138,0.0017807690634513013
54,GM,Eigenvector_std,0.0272423622660343,0.0306667073285643,0.0034243450625299973
54,GM,Strength_mean,30.575355579626887,32.02251186013229,1.4471562805054035
54,GM,Strength_std,6.365650238542357,9.946339522821164,3.580689284278807
54,rsfMRI,Betweenness_mean,0.0214614614614614,0.0081068654861758,-0.013354595975285601
54,rsfMRI,Betweenness_std,0.086464069009724,0.0260901731888692,-0.060373895820854805
54,rsfMRI,Closeness_mean,0.9985569985569984,0.9939563851501724,-0.0046006134068260485
54,rsfMRI,Closeness_std,0.0061221366336497,0.0227803898934532,0.0166582532598035
54,rsfMRI,Degree_mean,74.88888888888889,74.49655172413793,-0.3923371647509555
54,rsfMRI,Degree_std,0.4714045207910318,2.0920621735338134,1.6206576527427816
54,rsfMRI,Eigenvector_mean,0.1171702040125678,0.1196799814490411,0.0025097774364733066
54,rsfMRI,Eigenvector_std,0.0198384771550672,0.0145019849007243,-0.005336492254342899
54,rsfMRI,Strength_mean,43.88126857940934,45.01110457171725,1.1298359923079104
54,rsfMRI,Strength_std,8.24380461983208,7.546148984764785,-0.6976556350672949
55,FA,Betweenness_mean,0.0209409409409409,0.0229810500155327,0.0020401090745917998
55,FA,Betweenness_std,0.0176885139215881,0.0259476053588601,0.008259091437272
55,FA,Closeness_mean,0.8609804946011842,0.8581401068560003,-0.0028403877451839143
55,FA,Closeness_std,0.0031679156875174,0.013045541746867,0.009877626059349599
55,FA,Degree_mean,62.888888888888886,62.57931034482758,-0.3095785440613028
55,FA,Degree_std,0.3233808333817772,1.4844984446552674,1.1611176112734902
55,FA,Eigenvector_mean,0.1021291992068975,0.1002627228909082,-0.001866476315989296
55,FA,Eigenvector_std,0.0107891203851588,0.0099481048743049,-0.0008410155108538996
55,FA,Strength_mean,33.40181179600118,32.787826797343826,-0.613984998657358
55,FA,Strength_std,3.9377800213582144,5.028224173797181,1.0904441524389665
55,GM,Betweenness_mean,0.015027027027027,0.0179832246039142,0.0029561975768871984
55,GM,Betweenness_std,0.0160548528127597,0.0335781482520449,0.0175232954392852
55,GM,Closeness_mean,0.9973684210526316,0.9935133008558196,-0.003855120196812001
55,GM,Closeness_std,0.005547855544155,0.0132274553248246,0.007679599780669601
55,GM,Degree_mean,74.8,74.49655172413793,-0.3034482758620669
55,GM,Degree_std,0.4216370213557834,1.0416609195243758,0.6200238981685924
55,GM,Eigenvector_mean,0.1067190093199325,0.1127313188352139,0.006012309515281394
55,GM,Eigenvector_std,0.0299901714790709,0.0271169272965625,-0.0028732441825084012
55,GM,Strength_mean,27.128146970694026,28.46048848496108,1.3323415142670534
55,GM,Strength_std,8.314117668179227,9.368694567763924,1.0545768995846974
55,rsfMRI,Betweenness_mean,0.0101701701701701,0.0178664181422802,0.0076962479721101006
55,rsfMRI,Betweenness_std,0.0210931912749271,0.0381147848616676,0.017021593586740498
55,rsfMRI,Closeness_mean,0.9943537821827296,0.9943537099240798,-7.225864984139463e-08
55,rsfMRI,Closeness_std,0.0156810006014848,0.0203649653430517,0.0046839647415669
55,rsfMRI,Degree_mean,74.55555555555556,74.53793103448275,-0.0176245210728041
55,rsfMRI,Degree_std,1.2472191289246488,1.783491775107862,0.5362726461832132
55,rsfMRI,Eigenvector_mean,0.1155175087385927,0.1142550800465482,-0.001262428692044501
55,rsfMRI,Eigenvector_std,0.0120084844511006,0.0147094038335901,0.0027009193824895014
55,rsfMRI,Strength_mean,43.22750673788185,42.73862272919944,-0.4888840086824118
55,rsfMRI,Strength_std,7.645014255686719,7.419092398421202,-0.22592185726551683
56,FA,Betweenness_mean,0.0584784784784784,0.0348232370301335,-0.023655241448344903
56,FA,Betweenness_std,0.0672444412024985,0.0421139628029429,-0.02513047839955561
56,FA,Closeness_mean,0.9978260044049516,0.9937151918294852,-0.004110812575466416
56,FA,Closeness_std,0.006698145467454,0.0165405254587136,0.009842379991259599
56,FA,Degree_mean,74.83333333333333,74.50344827586207,-0.32988505747125885
56,FA,Degree_std,0.5144957554275277,1.344351030604205,0.8298552751766773
56,FA,Eigenvector_mean,0.1150267593554388,0.1167803509830812,0.001753591627642409
56,FA,Eigenvector_std,0.010276575770906,0.0111244455605582,0.0008478697896522006
56,FA,Strength_mean,37.743324716999645,38.07679298108459,0.33346826408494223
56,FA,Strength_std,4.657171930998855,5.210887900056235,0.5537159690573805
56,GM,Betweenness_mean,0.0533693693693693,0.0350990990990991,-0.0182702702702702
56,GM,Betweenness_std,0.0561395360094756,0.0650204923172528,0.008880956307777209
56,GM,Closeness_mean,0.9882591093117408,0.9941254790013664,0.005866369689625617
56,GM,Closeness_std,0.0112525847042002,0.0123452068261887,0.0010926221219885006
56,GM,Degree_mean,74.1,74.54482758620689,0.4448275862068982
56,GM,Degree_std,0.8755950357709134,0.9716774609522484,0.09608242518133503
56,GM,Eigenvector_mean,0.0954584763544236,0.1061419763960069,0.010683500041583305
56,GM,Eigenvector_std,0.0170002679806054,0.0309629094409549,0.013962641460349503
56,GM,Strength_mean,24.462726985436586,27.453647284271216,2.990920298834631
56,GM,Strength_std,3.0639165473706096,10.597926467535864,7.5340099201652535
56,rsfMRI,Betweenness_mean,0.0078078078078078,0.0096427461944703,0.0018349383866625001
56,rsfMRI,Betweenness_std,0.0201608659181252,0.0202863589076706,0.00012549298954539836
56,rsfMRI,Closeness_mean,0.9992690058479532,0.9939498233020004,-0.005319182545952761
56,rsfMRI,Closeness_std,0.0031013455315199,0.0236174200944269,0.020516074562907
56,rsfMRI,Degree_mean,74.94444444444444,74.48965517241379,-0.4547892720306521
56,rsfMRI,Degree_std,0.2357022603955148,2.2916431555742744,2.0559408951787597
56,rsfMRI,Eigenvector_mean,0.1142064653829522,0.115077173442321,0.0008707080593687994
56,rsfMRI,Eigenvector_std,0.0196709512077753,0.0149300704178892,-0.004740880789886099
56,rsfMRI,Strength_mean,42.6126624130368,43.31948920351156,0.7068267904747572
56,rsfMRI,Strength_std,6.895838673429756,7.416740926310132,0.5209022528803757
57,FA,Betweenness_mean,0.0069869869869869,0.0124237340789064,0.005436747091919499
57,FA,Betweenness_std,0.0167941023067904,0.0343042086287685,0.017510106321978098
57,FA,Closeness_mean,0.9985380116959064,0.9939341178739576,-0.004603893821948812
57,FA,Closeness_std,0.0042550109655497,0.0224568156926297,0.018201804727080002
57,FA,Degree_mean,74.88888888888889,74.49655172413793,-0.3923371647509555
57,FA,Degree_std,0.3233808333817786,2.045062271298012,1.7216814379162337
57,FA,Eigenvector_mean,0.1253230340188933,0.1242779446245349,-0.001045089394358406
57,FA,Eigenvector_std,0.0084790414587246,0.0099158028315833,0.0014367613728587005
57,FA,Strength_mean,41.49960872389305,41.01907628522296,-0.4805324386700889
57,FA,Strength_std,7.008700124995265,7.933679683236719,0.9249795582414544
57,GM,Betweenness_mean,0.018018018018018,0.0243330226778502,0.006315004659832198
57,GM,Betweenness_std,0.0511897779477437,0.047129758710007,-0.004060019237736703
57,GM,Closeness_mean,0.9843221020465602,0.9944864911398924,0.010164389093332171
57,GM,Closeness_std,0.0368640834336794,0.0121705485745565,-0.024693534859122897
57,GM,Degree_mean,73.7,74.57241379310345,0.8724137931034477
57,GM,Degree_std,3.1287200080686164,0.9700001974957344,-2.158719810572882
57,GM,Eigenvector_mean,0.1269293329951194,0.1264066190985306,-0.0005227138965888112
57,GM,Eigenvector_std,0.0303576384309674,0.0237569664974343,-0.0066006719335331004
57,GM,Strength_mean,32.09711078342583,31.59455765038851,-0.5025531330373241
57,GM,Strength_std,9.669635207612115,8.395767608522235,-1.273867599089881
57,rsfMRI,Betweenness_mean,0.0156156156156156,0.0129928549238894,-0.002622760691726199
57,rsfMRI,Betweenness_std,0.0352035261709468,0.0286416842130777,-0.006561841957869099
57,rsfMRI,Closeness_mean,0.9985380116959064,0.9937224793249378,-0.004815532370968545
57,rsfMRI,Closeness_std,0.0042550109655497,0.0189351023508891,0.014680091385339402
57,rsfMRI,Degree_mean,74.88888888888889,74.49655172413793,-0.3923371647509555
57,rsfMRI,Degree_std,0.323380833381779,1.5684570351987217,1.2450762018169428
57,rsfMRI,Eigenvector_mean,0.114267759307528,0.1158912122840024,0.0016234529764743988
57,rsfMRI,Eigenvector_std,0.0127813271600496,0.0131072243778926,0.0003258972178429992
57,rsfMRI,Strength_mean,43.05058528863364,43.56211632915991,0.5115310405262719
57,rsfMRI,Strength_std,9.395656467174248,7.847161353501305,-1.548495113672943
58,FA,Betweenness_mean,0.005005005005005,0.0082684063373718,0.0032634013323668
58,FA,Betweenness_std,0.0131099690446802,0.0185608801190551,0.005450911074374901
58,FA,Closeness_mean,0.7964725643896977,0.7948485198322611,-0.001624044557436588
58,FA,Closeness_std,0.0032207376351373,0.0071965611607181,0.0039758235255808
58,FA,Degree_mean,55.833333333333336,55.63448275862069,-0.1988505747126439
58,FA,Degree_std,0.3834824944236853,0.8804496413090452,0.4969671468853599
58,FA,Eigenvector_mean,0.0927768818195587,0.0924010099103923,-0.00037587190916640867
58,FA,Eigenvector_std,0.0095068303214733,0.0088760323132576,-0.0006307980082157008
58,FA,Strength_mean,29.995530187167866,29.85446012233582,-0.14107006483204643
58,FA,Strength_std,2.664515398595313,3.649650733816507,0.985135335221194
58,GM,Betweenness_mean,0.038018018018018,0.0215644610127368,-0.016453557005281196
58,GM,Betweenness_std,0.0599528773342348,0.0451557134194789,-0.014797163914755898
58,GM,Closeness_mean,0.9921394395078604,0.9938439865614852,0.001704547053624772
58,GM,Closeness_std,0.0091243671830301,0.0119913010726135,0.0028669338895834003
58,GM,Degree_mean,74.4,74.52413793103449,0.12413793103448256
58,GM,Degree_std,0.6992058987801016,0.9434184194599168,0.24421252067981514
58,GM,Eigenvector_mean,0.1196101446933017,0.1220081184582867,0.0023979737649850036
58,GM,Eigenvector_std,0.0335278168244568,0.0305968111837377,-0.002931005640719103
58,GM,Strength_mean,30.341356080016045,30.685106333469832,0.34375025345378774
58,GM,Strength_std,9.357308317175455,9.669018639742797,0.31171032256734144
58,rsfMRI,Betweenness_mean,0.011051051051051,0.0345100963031997,0.0234590452521487
58,rsfMRI,Betweenness_std,0.0167174493812105,0.0744677417981776,0.057750292416967094
58,rsfMRI,Closeness_mean,0.9964560663261528,0.9941016975145612,-0.0023543688115915673
58,rsfMRI,Closeness_std,0.0121528295520345,0.0204331168972672,0.008280287345232699
58,rsfMRI,Degree_mean,74.72222222222223,74.51724137931035,-0.2049808429118798
58,rsfMRI,Degree_std,0.9582800496696002,1.8563084943116683,0.8980284446420681
58,rsfMRI,Eigenvector_mean,0.1044501002115487,0.0999650154057014,-0.004485084805847306
58,rsfMRI,Eigenvector_std,0.0163875035608758,0.0199472698057569,0.0035597662448811004
58,rsfMRI,Strength_mean,39.32722310611317,37.9089883643853,-1.418234741727872
58,rsfMRI,Strength_std,7.659347039419566,7.980963218795336,0.3216161793757699
59,FA,Betweenness_mean,0.0003003003003003,0.0034221808014911,0.0031218805011908
59,FA,Betweenness_std,0.0009352232503849,0.0217062958342201,0.0207710725838352
59,FA,Closeness_mean,0.9140219414242337,0.9100363122793812,-0.003985629144852454
59,FA,Closeness_std,0.002597365490694,0.0197285903170152,0.0171312248263212
59,FA,Degree_mean,67.94444444444444,67.53793103448275,-0.40651340996168983
59,FA,Degree_std,0.2357022603955191,2.226796059286789,1.99109379889127
59,FA,Eigenvector_mean,0.1184730383854923,0.1180049171543992,-0.000468121231093091
59,FA,Eigenvector_std,0.0088863995504104,0.0077197937726704,-0.0011666057777399994
59,FA,Strength_mean,38.373399459722485,37.995527818224325,-0.3778716414981602
59,FA,Strength_std,5.522562537556728,5.703240597139325,0.18067805958259697
59,GM,Betweenness_mean,0.0623783783783783,0.0431090400745573,-0.019269338303821
59,GM,Betweenness_std,0.0656837312486809,0.0731766820747003,0.00749295082601939
59,GM,Closeness_mean,0.9960868079289132,0.9936001837265028,-0.0024866242024104146
59,GM,Closeness_std,0.0087854013843232,0.0130313125894459,0.0042459112051227
59,GM,Degree_mean,74.7,74.50344827586207,-0.1965517241379331
59,GM,Degree_std,0.6749485577105506,1.0349727447500612,0.36002418703951056
59,GM,Eigenvector_mean,0.0880162588504363,0.0855354505920998,-0.002480808258336506
59,GM,Eigenvector_std,0.0152669680453818,0.0251635403585649,0.009896572313183102
59,GM,Strength_mean,22.49763322809229,22.392545480689463,-0.10508774740282689
59,GM,Strength_std,3.017226649497448,8.084253223597084,5.0670265740996365
59,rsfMRI,Betweenness_mean,0.006006006006006,0.0169543336439888,0.0109483276379828
59,rsfMRI,Betweenness_std,0.013235291730522,0.0516184740681614,0.0383831823376394
59,rsfMRI,Closeness_mean,0.9964202464202464,0.9939522271149096,-0.0024680193053367994
59,rsfMRI,Closeness_std,0.0106364426928094,0.0180207072109266,0.0073842645181172
59,rsfMRI,Degree_mean,74.72222222222223,74.51724137931035,-0.2049808429118798
59,rsfMRI,Degree_std,0.8264420947336307,1.4677242790752534,0.6412821843416227
59,rsfMRI,Eigenvector_mean,0.1176595198620757,0.1173588882545261,-0.0003006316075496035
59,rsfMRI,Eigenvector_std,0.0153494976303669,0.0153426216016095,-6.87602875739865e-06
59,rsfMRI,Strength_mean,44.06084556104978,43.9474162527126,-0.11342930833718157
59,rsfMRI,Strength_std,9.032893056783209,7.604172373738321,-1.4287206830448875
60,FA,Betweenness_mean,0.001081081081081,0.0038819509164336,0.0028008698353525997
60,FA,Betweenness_std,0.0013929303788826,0.0134528330527524,0.012059902673869801
60,FA,Closeness_mean,0.8928571428571429,0.8885221814698807,-0.004334961387262193
60,FA,Closeness_std,0.0,0.0187062353267701,0.0187062353267701
60,FA,Degree_mean,66.0,65.54482758620689,-0.45517241379310747
60,FA,Degree_std,0.0,2.1761947878784382,2.1761947878784382
60,FA,Eigenvector_mean,0.1155203403563158,0.1157171974813246,0.0001968571250088036
60,FA,Eigenvector_std,0.0095251990340415,0.0102115107996853,0.0006863117656438003
60,FA,Strength_mean,37.32055795119877,37.41996622141659,0.09940827021781473
60,FA,Strength_std,4.931639609427903,6.904985817624216,1.973346208196313
60,GM,Betweenness_mean,0.0169009009009009,0.0311798695246971,0.014278968623796202
60,GM,Betweenness_std,0.0313895042434939,0.0644504905066896,0.03306098626319571
60,GM,Closeness_mean,0.9973684210526316,0.9935360026452648,-0.003832418407366811
60,GM,Closeness_std,0.005547855544155,0.0139393337057262,0.0083914781615712
60,GM,Degree_mean,74.8,74.49655172413793,-0.3034482758620669
60,GM,Degree_std,0.4216370213557854,1.1125804460991306,0.6909434247433452
60,GM,Eigenvector_mean,0.1241098476108363,0.1080719233872955,-0.016037924223540792
60,GM,Eigenvector_std,0.0428135896802464,0.0316447410949855,-0.011168848585260897
60,GM,Strength_mean,30.5566743831291,27.535020354753296,-3.021654028375803
60,GM,Strength_std,8.137180326556246,8.200124082050534,0.06294375549428821
60,rsfMRI,Betweenness_mean,0.0065865865865865,0.0127915501708605,0.006204963584274
60,rsfMRI,Betweenness_std,0.0163051465092697,0.0367555576002633,0.0204504110909936
60,rsfMRI,Closeness_mean,0.9978070175438596,0.9938643848988652,-0.003942632644994393
60,rsfMRI,Closeness_std,0.0050458222950485,0.0200512142308792,0.0150053919358307
60,rsfMRI,Degree_mean,74.83333333333333,74.50344827586207,-0.32988505747125885
60,rsfMRI,Degree_std,0.3834824944236859,1.675493865547288,1.292011371123602
60,rsfMRI,Eigenvector_mean,0.1192648156165488,0.1174005771384407,-0.001864238478108099
60,rsfMRI,Eigenvector_std,0.0077277777372831,0.0151391460883723,0.0074113683510892
60,rsfMRI,Strength_mean,44.63498888135152,44.24068052809837,-0.3943083532531446
60,rsfMRI,Strength_std,7.230563484281752,7.494799339093988,0.2642358548122363
61,FA,Betweenness_mean,0.0053853853853853,0.0090910220565392,0.003705636671153899
61,FA,Betweenness_std,0.0055942592582171,0.0142581459821614,0.0086638867239443
61,FA,Closeness_mean,0.8226827520305782,0.8208679315418308,-0.0018148204887473707
61,FA,Closeness_std,0.0034354021836808,0.0114432385491535,0.0080078363654727
61,FA,Degree_mean,58.833333333333336,58.61379310344827,-0.2195402298850624
61,FA,Degree_std,0.383482494423686,1.4102117989889529,1.0267293045652668
61,FA,Eigenvector_mean,0.0956405413230753,0.0957789736280562,0.00013843230498089554
61,FA,Eigenvector_std,0.0101458438149475,0.0085921012011659,-0.0015537426137816005
61,FA,Strength_mean,30.94289314520328,30.87224631866771,-0.07064682653556886
61,FA,Strength_std,4.472842748643245,5.029503885844667,0.5566611372014219
61,GM,Betweenness_mean,0.0521801801801801,0.0318782230506368,-0.020301957129543302
61,GM,Betweenness_std,0.0731269745117907,0.0658980667781412,-0.007228907733649509
61,GM,Closeness_mean,0.9883919378423044,0.994130179497406,0.005738241655101617
61,GM,Closeness_std,0.0163648038740282,0.0125292444862044,-0.0038355593878238014
61,GM,Degree_mean,74.1,74.54482758620689,0.4448275862068982
61,GM,Degree_std,1.2866839377079196,0.9858675701636506,-0.300816367544269
61,GM,Eigenvector_mean,0.1054725830453516,0.1079411802924298,0.002468597247078194
61,GM,Eigenvector_std,0.035164249067015,0.0334740248197913,-0.001690224247223697
61,GM,Strength_mean,26.176646535132573,27.376584702821926,1.1999381676893535
61,GM,Strength_std,7.261392500693049,9.949979299828104,2.688586799135056
61,rsfMRI,Betweenness_mean,0.0154354354354354,0.0100528114321217,-0.005382624003313701
61,rsfMRI,Betweenness_std,0.04031173730988,0.0385228924916975,-0.0017888448181824987
61,rsfMRI,Closeness_mean,0.9992690058479532,0.9936502432450744,-0.005618762602878746
61,rsfMRI,Closeness_std,0.0031013455315199,0.0193082034848246,0.0162068579533047
61,rsfMRI,Degree_mean,74.94444444444444,74.48965517241379,-0.4547892720306521
61,rsfMRI,Degree_std,0.2357022603955154,1.6120950886075665,1.376392828212051
61,rsfMRI,Eigenvector_mean,0.1130562957738035,0.1169196645145634,0.0038633687407599038
61,rsfMRI,Eigenvector_std,0.0199131522676368,0.0135768534592753,-0.006336298808361502
61,rsfMRI,Strength_mean,42.297969791695664,43.85045819430442,1.552488402608759
61,rsfMRI,Strength_std,8.536682772833334,7.422676753740241,-1.1140060190930932
62,FA,Betweenness_mean,0.0041641641641641,0.0059819819819819,0.0018178178178177998
62,FA,Betweenness_std,0.0068409560715612,0.0194424164420644,0.0126014603705032
62,FA,Closeness_mean,0.9036144578313252,0.898900998530162,-0.004713459301163181
62,FA,Closeness_std,0.0,0.0154724674638121,0.0154724674638121
62,FA,Degree_mean,67.0,66.53793103448275,-0.46206896551724697
62,FA,Degree_std,0.0,1.5724215651484976,1.5724215651484976
62,FA,Eigenvector_mean,0.1187702450400354,0.1186151802873753,-0.00015506475266009734
62,FA,Eigenvector_std,0.0108428498286582,0.0093235653023939,-0.0015192845262642987
62,FA,Strength_mean,38.66987324951949,38.5764793951144,-0.09339385440509318
62,FA,Strength_std,5.125333798558734,6.790129763536784,1.6647959649780502
62,GM,Betweenness_mean,0.0299099099099099,0.0309885057471264,0.0010785958372164992
62,GM,Betweenness_std,0.0408182237321752,0.0739643418872287,0.03314611815505349
62,GM,Closeness_mean,0.9882262474367736,0.9941235572056404,0.005897309768866821
62,GM,Closeness_std,0.0095959396849053,0.0122852078196502,0.002689268134744899
62,GM,Degree_mean,74.1,74.54482758620689,0.4448275862068982
62,GM,Degree_std,0.7378647873726225,0.964504120900326,0.2266393335277035
62,GM,Eigenvector_mean,0.1117894684298203,0.111432055303905,-0.00035741312591529295
62,GM,Eigenvector_std,0.0292886290818981,0.0328260538781068,0.003537424796208704
62,GM,Strength_mean,27.71052011713714,28.27881731154759,0.5682971944104516
62,GM,Strength_std,6.439753405597832,9.774347885417802,3.3345944798199696
62,rsfMRI,Betweenness_mean,0.0157357357357357,0.0149189189189189,-0.000816816816816798
62,rsfMRI,Betweenness_std,0.0411529786711005,0.0402863659265496,-0.0008666127445509028
62,rsfMRI,Closeness_mean,0.9971139971139972,0.9938848468676492,-0.003229150246347956
62,rsfMRI,Closeness_std,0.0083995021657604,0.0183850090919386,0.0099855069261782
62,rsfMRI,Degree_mean,74.77777777777777,74.51034482758621,-0.2674329501915622
62,rsfMRI,Degree_std,0.6467616667635535,1.5371205104355117,0.8903588436719582
62,rsfMRI,Eigenvector_mean,0.1151552225849826,0.1168415231687871,0.0016863005838044925
62,rsfMRI,Eigenvector_std,0.0125256504244707,0.0143446116712722,0.0018189612468015003
62,rsfMRI,Strength_mean,43.24900661000759,43.9026743654815,0.6536677554739114
62,rsfMRI,Strength_std,7.483951917291097,7.492717341296744,0.008765424005646949
63,FA,Betweenness_mean,0.0175975975975976,0.0215520347934141,0.0039544371958165
63,FA,Betweenness_std,0.0174919492748552,0.0425622110076887,0.0250702617328335
63,FA,Closeness_mean,0.8406273293913743,0.8391729927643121,-0.0014543366270621805
63,FA,Closeness_std,0.0050949040697163,0.0118356665318089,0.0067407624620926
63,FA,Degree_mean,60.77777777777778,60.60689655172414,-0.17088122605363765
63,FA,Degree_std,0.5483188805533163,1.385924038543609,0.8376051579902926
63,FA,Eigenvector_mean,0.1047562781894982,0.103839077156606,-0.0009172010328922092
63,FA,Eigenvector_std,0.0106057815262609,0.0098966631746676,-0.0007091183515932995
63,FA,Strength_mean,34.055546039714564,33.60830284244699,-0.447243197267575
63,FA,Strength_std,4.424702414354292,4.59528830194885,0.17058588759455784
63,GM,Betweenness_mean,0.062054054054054,0.0284585274930102,-0.0335955265610438
63,GM,Betweenness_std,0.0552337861412003,0.0477499564115605,-0.007483829729639804
63,GM,Closeness_mean,0.9883577614923384,0.9940966612243232,0.005738899731984715
63,GM,Closeness_std,0.0151801241061661,0.0112191757521894,-0.003960948353976699
63,GM,Degree_mean,74.1,74.54482758620689,0.4448275862068982
63,GM,Degree_std,1.1972189997378653,0.8738429679107457,-0.3233760318271196
63,GM,Eigenvector_mean,0.0875734066303865,0.0954770655272354,0.007903658896848895
63,GM,Eigenvector_std,0.0176111769894566,0.0271922819110439,0.0095811049215873
63,GM,Strength_mean,23.459994167633564,24.66924417737101,1.2092500097374455
63,GM,Strength_std,2.3107224113816662,8.61729614947506,6.306573738093393
63,rsfMRI,Betweenness_mean,0.0136736736736736,0.0139819819819819,0.0003083083083082992
63,rsfMRI,Betweenness_std,0.0207414830095999,0.0404011305590517,0.019659647549451802
63,rsfMRI,Closeness_mean,0.9956330219488116,0.9943093733248,-0.0013236486240116863
63,rsfMRI,Closeness_std,0.0077607680393514,0.0221602963432348,0.014399528303883401
63,rsfMRI,Degree_mean,74.66666666666667,74.52413793103449,-0.14252873563218316
63,rsfMRI,Degree_std,0.5940885257860035,2.115034668157848,1.5209461423718444
63,rsfMRI,Eigenvector_mean,0.1140717651522262,0.1166378898170642,0.002566124664838007
63,rsfMRI,Eigenvector_std,0.0104935034877519,0.0129444214878518,0.002450918000099901
63,rsfMRI,Strength_mean,42.65670354726326,43.62283551980863,0.9661319725453694
63,rsfMRI,Strength_std,7.1399679179752376,6.962063586101436,-0.17790433187380117
64,FA,Betweenness_mean,0.0093693693693693,0.0110618204411307,0.0016924510717614
64,FA,Betweenness_std,0.0055552452206633,0.0127117031374315,0.0071564579167682
64,FA,Closeness_mean,0.9601860867683654,0.9560606291199624,-0.004125457648402997
64,FA,Closeness_std,0.003935988721784,0.0193628224548495,0.0154268337330655
64,FA,Degree_mean,71.88888888888889,71.51724137931035,-0.371647509578537
64,FA,Degree_std,0.3233808333817786,1.7838139861445057,1.460433152762727
64,FA,Eigenvector_mean,0.1240009050959207,0.1232779779916934,-0.0007229271042272917
64,FA,Eigenvector_std,0.0101108389491993,0.0084058735094016,-0.0017049654397976993
64,FA,Strength_mean,40.51706416168811,40.01377395134776,-0.5032902103403529
64,FA,Strength_std,6.813170101160743,6.702595392790818,-0.11057470836992511
64,GM,Betweenness_mean,0.0363603603603603,0.0439291705498602,0.007568810189499904
64,GM,Betweenness_std,0.0544040587034203,0.0682630251660245,0.013858966462604205
64,GM,Closeness_mean,0.9908578263841422,0.993906193739638,0.0030483673554957402
64,GM,Closeness_std,0.010712906276965,0.0108496895617862,0.0001367832848211993
64,GM,Degree_mean,74.3,74.53103448275863,0.2310344827586306
64,GM,Degree_std,0.8232726023485599,0.8420805287252994,0.018807926376739448
64,GM,Eigenvector_mean,0.0920614519196792,0.0846887879242738,-0.0073726639954053985
64,GM,Eigenvector_std,0.0306545252256255,0.0247427376668214,-0.005911787558804098
64,GM,Strength_mean,23.676762164366902,22.011271062339294,-1.6654911020276089
64,GM,Strength_std,7.418523829772567,7.148515520319556,-0.2700083094530106
64,rsfMRI,Betweenness_mean,0.0081681681681681,0.0092177694936315,0.0010496013254634
64,rsfMRI,Betweenness_std,0.0241550568951898,0.0225648718553459,-0.0015901850398439
64,rsfMRI,Closeness_mean,0.9992690058479532,0.9936701326082048,-0.005598873239748392
64,rsfMRI,Closeness_std,0.0031013455315199,0.01972357637171,0.0166222308401901
64,rsfMRI,Degree_mean,74.94444444444444,74.48965517241379,-0.4547892720306521
64,rsfMRI,Degree_std,0.2357022603955156,1.654611574842125,1.4189093144466094
64,rsfMRI,Eigenvector_mean,0.1188990671157222,0.1205304027743023,0.0016313356585800909
64,rsfMRI,Eigenvector_std,0.0125167817150326,0.0122382797302425,-0.0002785019847901006
64,rsfMRI,Strength_mean,44.75001312480304,44.96988568085006,0.21987255604702227
64,rsfMRI,Strength_std,8.946527148754663,6.9915935818760895,-1.954933566878574
65,FA,Betweenness_mean,0.0017017017017017,0.0090264057160608,0.0073247040143591
65,FA,Betweenness_std,0.0025415455188261,0.0205663541429347,0.0180248086241086
65,FA,Closeness_mean,0.9146341463414634,0.9100356501267468,-0.004598496214716641
65,FA,Closeness_std,0.0,0.0210709920212484,0.0210709920212484
65,FA,Degree_mean,68.0,67.53103448275863,-0.46896551724137225
65,FA,Degree_std,0.0,2.3835523571091226,2.3835523571091226
65,FA,Eigenvector_mean,0.1134253222892038,0.1128268094560201,-0.0005985128331836981
65,FA,Eigenvector_std,0.0061496631332157,0.0078051852991172,0.0016555221659014996
65,FA,Strength_mean,36.47635517679082,36.20505700297489,-0.2712981738159286
65,FA,Strength_std,4.851397353001827,6.087558246751551,1.236160893749724
65,GM,Betweenness_mean,0.031063063063063,0.0379993786890338,0.006936315625970801
65,GM,Betweenness_std,0.0601351602538816,0.069714065421882,0.00957890516800039
65,GM,Closeness_mean,0.9960526315789474,0.9935682557581176,-0.0024843758208298317
65,GM,Closeness_std,0.0063558669939427,0.011901477347414,0.005545610353471299
65,GM,Degree_mean,74.7,74.50344827586207,-0.1965517241379331
65,GM,Degree_std,0.4830458915396486,0.9288892555316498,0.4458433639920012
65,GM,Eigenvector_mean,0.1136268962892175,0.1059314877929847,-0.007695408496232806
65,GM,Eigenvector_std,0.0286985549860382,0.0301566716159421,0.0014581166299038988
65,GM,Strength_mean,28.020785929630783,27.197041384491158,-0.8237445451396255
65,GM,Strength_std,6.353237651889417,9.859559912542815,3.5063222606533984
65,rsfMRI,Betweenness_mean,0.0202602602602602,0.012771668219944,-0.0074885920403162005
65,rsfMRI,Betweenness_std,0.0765535729586384,0.0338257297387128,-0.04272784321992561
65,rsfMRI,Closeness_mean,0.9964202464202464,0.9938880187802616,-0.002532227639984841
65,rsfMRI,Closeness_std,0.0106364426928094,0.0163615331718894,0.00572509047908
65,rsfMRI,Degree_mean,74.72222222222223,74.51724137931035,-0.2049808429118798
65,rsfMRI,Degree_std,0.8264420947336314,1.318160799265517,0.4917187045318857
65,rsfMRI,Eigenvector_mean,0.1154448851061453,0.1162568889417779,0.0008120038356325965
65,rsfMRI,Eigenvector_std,0.010615054751138,0.0117705415311914,0.001155486780053401
65,rsfMRI,Strength_mean,43.37816712230468,43.65993141118075,0.28176428887606875
65,rsfMRI,Strength_std,8.187467528965517,7.334007664437307,-0.8534598645282099
66,FA,Betweenness_mean,0.0191791791791791,0.0175930413171792,-0.0015861378619999
66,FA,Betweenness_std,0.0112278205715443,0.0205926612042052,0.0093648406326609
66,FA,Closeness_mean,0.984706083390294,0.9814755027063876,-0.003230580683906359
66,FA,Closeness_std,0.0049147619756965,0.0268130998739686,0.0218983378982721
66,FA,Degree_mean,73.83333333333333,73.51034482758621,-0.32298850574711935
66,FA,Degree_std,0.3834824944236846,2.7439763355882283,2.3604938411645437
66,FA,Eigenvector_mean,0.1242829739332225,0.1245654514349814,0.0002824775017589015
66,FA,Eigenvector_std,0.0087878966555197,0.0093258550409657,0.0005379583854460013
66,FA,Strength_mean,40.71539225809843,40.627502916031546,-0.08788934206688737
66,FA,Strength_std,5.826630551744332,6.66683027010072,0.8401997183563878
66,GM,Betweenness_mean,0.025009009009009,0.0271040695868282,0.002095060577819198
66,GM,Betweenness_std,0.0225481815799996,0.0443763211823365,0.021828139602336902
66,GM,Closeness_mean,0.9934552289815448,0.9937268858091758,0.00027165682763097276
66,GM,Closeness_std,0.0092237635737305,0.010946700606991,0.0017229370332604993
66,GM,Degree_mean,74.5,74.51724137931035,0.017241379310348748
66,GM,Degree_std,0.707106781186546,0.8506814937633296,0.14357471257678356
66,GM,Eigenvector_mean,0.0975243702785114,0.0906652572216332,-0.006859113056878197
66,GM,Eigenvector_std,0.0207359179581551,0.0230517357270762,0.0023158177689211017
66,GM,Strength_mean,24.16880743660719,23.386600568024573,-0.782206868582616
66,GM,Strength_std,4.645370258249957,7.467629334019216,2.822259075769259
66,rsfMRI,Betweenness_mean,0.0046446446446446,0.0095060577819198,0.0048614131372752
66,rsfMRI,Betweenness_std,0.0090828043964121,0.0264958502840047,0.0174130458875926
66,rsfMRI,Closeness_mean,0.9992690058479532,0.9936513002182418,-0.0056177056297114225
66,rsfMRI,Closeness_std,0.0031013455315199,0.0193007109282707,0.0161993653967508
66,rsfMRI,Degree_mean,74.94444444444444,74.48965517241379,-0.4547892720306521
66,rsfMRI,Degree_std,0.2357022603955156,1.616397062482338,1.3806948020868224
66,rsfMRI,Eigenvector_mean,0.1234937576417524,0.1218321778291948,-0.001661579812557601
66,rsfMRI,Eigenvector_std,0.0070984177220689,0.0117717649546714,0.004673347232602499
66,rsfMRI,Strength_mean,46.04928626487237,45.53376527805955,-0.5155209868128239
66,rsfMRI,Strength_std,8.283352444235001,7.303103226801472,-0.9802492174335296
67,FA,Betweenness_mean,0.001001001001001,0.0088077042559801,0.007806703254979099
67,FA,Betweenness_std,0.0012332760560619,0.0355876223961151,0.0343543463400532
67,FA,Closeness_mean,0.986842105263158,0.9810486291023306,-0.005793476160827371
67,FA,Closeness_std,0.0,0.0252970067914482,0.0252970067914482
67,FA,Degree_mean,74.0,73.48965517241379,-0.5103448275862092
67,FA,Degree_std,0.0,2.409809931933632,2.409809931933632
67,FA,Eigenvector_mean,0.1335743970329845,0.1306612936066584,-0.0029131034263260858
67,FA,Eigenvector_std,0.0104900354324574,0.0129150935140153,0.0024250580815579
67,FA,Strength_mean,44.173101680375744,43.15538459485191,-1.0177170855238344
67,FA,Strength_std,8.426053404538616,9.359478299940266,0.9334248954016502
67,GM,Betweenness_mean,0.0115315315315315,0.0175532774153463,0.006021745883814801
67,GM,Betweenness_std,0.0101257770165562,0.0376763060770248,0.027550529060468603
67,GM,Closeness_mean,0.9921736158578264,0.993837540986568,0.0016639251287415835
67,GM,Closeness_std,0.0109698452891031,0.011750392948333,0.0007805476592299011
67,GM,Degree_mean,74.4,74.52413793103449,0.12413793103448256
67,GM,Degree_std,0.8432740427115695,0.9210709242558772,0.07779688154430775
67,GM,Eigenvector_mean,0.1068588834332648,0.1090018127235938,0.0021429292903289987
67,GM,Eigenvector_std,0.0152308493110276,0.0239974693096493,0.008766619998621699
67,GM,Strength_mean,26.89759465430913,27.9633601232731,1.0657654689639706
67,GM,Strength_std,3.36968743038239,8.220534316778828,4.850846886396438
67,rsfMRI,Betweenness_mean,0.0088088088088088,0.0134252873563218,0.004616478547512999
67,rsfMRI,Betweenness_std,0.0142385789440903,0.0409903151295709,0.0267517361854806
67,rsfMRI,Closeness_mean,0.9978070175438596,0.9937850380840022,-0.004021979459857383
67,rsfMRI,Closeness_std,0.0050458222950485,0.0182000784893557,0.0131542561943072
67,rsfMRI,Degree_mean,74.83333333333333,74.50344827586207,-0.32988505747125885
67,rsfMRI,Degree_std,0.383482494423683,1.5143945339962437,1.1309120395725607
67,rsfMRI,Eigenvector_mean,0.1146904880537195,0.1162113094792052,0.0015208214254857078
67,rsfMRI,Eigenvector_std,0.012471154437203,0.0117132001385423,-0.0007579542986607003
67,rsfMRI,Strength_mean,43.01902465994765,43.44624585292447,0.42722119297682326
67,rsfMRI,Strength_std,9.043309569618335,7.043064418481261,-2.000245151137074
68,FA,Betweenness_mean,0.0043843843843843,0.0085765765765765,0.0041921921921922005
68,FA,Betweenness_std,0.0053937340875457,0.020250957321658,0.014857223234112298
68,FA,Closeness_mean,0.8806560581998102,0.8781226280945964,-0.0025334301052137853
68,FA,Closeness_std,0.0052293075192564,0.0123243042003898,0.0070949966811334
68,FA,Degree_mean,64.83333333333333,64.57241379310345,-0.26091954022987807
68,FA,Degree_std,0.5144957554275266,1.3003462550958358,0.7858504996683092
68,FA,Eigenvector_mean,0.1030059020263215,0.1049962921034788,0.001990390077157303
68,FA,Eigenvector_std,0.0060204071441036,0.0095911239115944,0.0035707167674908008
68,FA,Strength_mean,33.70255841856839,33.98754798099253,0.2849895624241441
68,FA,Strength_std,4.300505090798842,4.431162681163864,0.130657590365022
68,GM,Betweenness_mean,0.0432432432432432,0.037089779434607,-0.006153463808636198
68,GM,Betweenness_std,0.0604828363158021,0.0614878205204751,0.0010049842046730012
68,GM,Closeness_mean,0.9844787457712174,0.9943665500228366,0.00988780425161917
68,GM,Closeness_std,0.015621990248607,0.0110975913385396,-0.004524398910067401
68,GM,Degree_mean,73.8,74.56551724137931,0.7655172413793139
68,GM,Degree_std,1.22927259430572,0.8645309671165347,-0.36474162718918524
68,GM,Eigenvector_mean,0.1006160524831736,0.0993616546206833,-0.0012543978624902918
68,GM,Eigenvector_std,0.0276605192158499,0.029311989382601,0.0016514701667511011
68,GM,Strength_mean,25.38053710944012,25.693117967765005,0.31258085832488547
68,GM,Strength_std,6.116255017268587,9.977146938125475,3.860891920856888
68,rsfMRI,Betweenness_mean,0.009089089089089,0.0210326188257222,0.011943529736633198
68,rsfMRI,Betweenness_std,0.0235444447876992,0.0545412944076882,0.030996849619989
68,rsfMRI,Closeness_mean,0.9985569985569984,0.9937704128288803,-0.004786585728118076
68,rsfMRI,Closeness_std,0.0061221366336497,0.0199606812960625,0.0138385446624128
68,rsfMRI,Degree_mean,74.88888888888889,74.49655172413793,-0.3923371647509555
68,rsfMRI,Degree_std,0.4714045207910321,1.6713440114463878,1.1999394906553555
68,rsfMRI,Eigenvector_mean,0.110331839865551,0.1105068988342431,0.0001750589686920906
68,rsfMRI,Eigenvector_std,0.0170591619894473,0.017374470049049,0.00031530805960169883
68,rsfMRI,Strength_mean,41.445552343872606,41.76660887819068,0.3210565343180747
68,rsfMRI,Strength_std,6.47476846427551,8.049642908771917,1.5748744444964071
69,FA,Betweenness_mean,0.0041641641641641,0.005596769182976,0.0014326050188119
69,FA,Betweenness_std,0.0113776310880129,0.0216101510770021,0.0102325199889892
69,FA,Closeness_mean,0.925925925925926,0.92101639677421,-0.004909529151716052
69,FA,Closeness_std,0.0,0.0197913204736022,0.0197913204736022
69,FA,Degree_mean,69.0,68.52413793103449,-0.47586206896551175
69,FA,Degree_std,0.0,2.071911217198754,2.071911217198754
69,FA,Eigenvector_mean,0.1217971811038553,0.1205237392244038,-0.001273441879451498
69,FA,Eigenvector_std,0.0124070056691907,0.0103911358669918,-0.0020158698021988993
69,FA,Strength_mean,39.46970446959813,39.11369119702688,-0.3560132725712464
69,FA,Strength_std,5.851967132416525,7.485345230541426,1.6333780981249006
69,GM,Betweenness_mean,0.0455855855855855,0.0213929791860826,-0.0241926063995029
69,GM,Betweenness_std,0.0767683637311506,0.0425353896692724,-0.0342329740618782
69,GM,Closeness_mean,0.9935222672064776,0.9937836708956777,0.00026140368920002377
69,GM,Closeness_std,0.0124986226227679,0.013089435547507,0.0005908129247390991
69,GM,Degree_mean,74.5,74.51724137931035,0.017241379310348748
69,GM,Degree_std,0.97182531580755,1.041522978595543,0.06969766278799305
69,GM,Eigenvector_mean,0.1108307988895239,0.1091630380197385,-0.0016677608697853868
69,GM,Eigenvector_std,0.0347488013700453,0.0253750408278282,-0.009373760542217103
69,GM,Strength_mean,27.470145744066013,27.666912453822075,0.19676670975606214
69,GM,Strength_std,7.630112368980033,9.000455151486271,1.3703427825062384
69,rsfMRI,Betweenness_mean,0.0074074074074074,0.011233302267785,0.0038258948603775997
69,rsfMRI,Betweenness_std,0.0139819722694158,0.0283667085918011,0.0143847363223853
69,rsfMRI,Closeness_mean,0.9978260044049516,0.9937270456072193,-0.004098958797732366
69,rsfMRI,Closeness_std,0.0066981454674541,0.0168894851524543,0.0101913396850002
69,rsfMRI,Degree_mean,74.83333333333333,74.50344827586207,-0.32988505747125885
69,rsfMRI,Degree_std,0.5144957554275256,1.3699358152596155,0.8554400598320899
69,rsfMRI,Eigenvector_mean,0.1151269815904186,0.1151972845320165,7.030294159789119e-05
69,rsfMRI,Eigenvector_std,0.0091676599324119,0.0138312196574223,0.0046635597250104
69,rsfMRI,Strength_mean,43.06868347347551,43.181928204778266,0.11324473130275692
69,rsfMRI,Strength_std,7.521361236028963,7.289244501163601,-0.23211673486536188
70,FA,Betweenness_mean,0.0009009009009009,0.0022864243553898,0.0013855234544889001
70,FA,Betweenness_std,0.0010650641796148,0.0069426389095532,0.0058775747299384005
70,FA,Closeness_mean,0.9615384615384616,0.9561845999690765,-0.00535386156938511
70,FA,Closeness_std,0.0,0.0235593616297515,0.0235593616297515
70,FA,Degree_mean,72.0,71.50344827586207,-0.49655172413793025
70,FA,Degree_std,0.0,2.4555044116655185,2.4555044116655185
70,FA,Eigenvector_mean,0.1268653572360772,0.1255614390378004,-0.0013039181982767989
70,FA,Eigenvector_std,0.0087659465944234,0.0088933231900218,0.00012737659559840069
70,FA,Strength_mean,41.738074350018245,41.15316020294323,-0.5849141470750112
70,FA,Strength_std,6.891151574299075,7.653891786235909,0.7627402119368343
70,GM,Betweenness_mean,0.0202162162162162,0.022237962100031,0.002021745883814801
70,GM,Betweenness_std,0.0311073774238757,0.0425540236646272,0.011446646240751496
70,GM,Closeness_mean,0.994838056680162,0.9936924320694336,-0.001145624610728424
70,GM,Closeness_std,0.012409510449481,0.0131372856017319,0.0007277751522509011
70,GM,Degree_mean,74.6,74.51034482758621,-0.08965517241378507
70,GM,Degree_std,0.9660917830792932,1.0349264693372509,0.06883468625795763
70,GM,Eigenvector_mean,0.1073741878820818,0.1042725598780369,-0.0031016280040449123
70,GM,Eigenvector_std,0.0258913308427422,0.0230237941139742,-0.002867536728768001
70,GM,Strength_mean,26.57950434909331,26.446318356551465,-0.1331859925418435
70,GM,Strength_std,7.995404707985992,8.791854649128387,0.7964499411423951
70,rsfMRI,Betweenness_mean,0.0153753753753753,0.0118024231127679,-0.0035729522626074
70,rsfMRI,Betweenness_std,0.0289499311202358,0.0404024236299827,0.011452492509746899
70,rsfMRI,Closeness_mean,0.9992690058479532,0.9935925378994966,-0.005676467948456554
70,rsfMRI,Closeness_std,0.0031013455315199,0.0179766562351655,0.0148753107036456
70,rsfMRI,Degree_mean,74.94444444444444,74.48965517241379,-0.4547892720306521
70,rsfMRI,Degree_std,0.2357022603955169,1.486593988224005,1.250891727828488
70,rsfMRI,Eigenvector_mean,0.1196089421377571,0.1207697736124803,0.0011608314747232062
70,rsfMRI,Eigenvector_std,0.0086170493394057,0.0109058242948921,0.0022887749554864004
70,rsfMRI,Strength_mean,44.638285415105685,45.16751288688248,0.5292274717767924
70,rsfMRI,Strength_std,7.330389542755482,7.29968225597839,-0.030707286777091447
71,FA,Betweenness_mean,0.0027427427427427,0.0092774153463808,0.0065346726036381
71,FA,Betweenness_std,0.008449517194296,0.0410943329720687,0.0326448157777727
71,FA,Closeness_mean,0.986842105263158,0.9808125556031624,-0.006029549659995581
71,FA,Closeness_std,0.0,0.0215122675263048,0.0215122675263048
71,FA,Degree_mean,74.0,73.48965517241379,-0.5103448275862092
71,FA,Degree_std,0.0,1.9864724505854257,1.9864724505854257
71,FA,Eigenvector_mean,0.1308342417165938,0.1280356983405478,-0.0027985433760460143
71,FA,Eigenvector_std,0.0143211149363394,0.0123955618299126,-0.0019255531064267997
71,FA,Strength_mean,43.44774006269926,42.33428369144057,-1.1134563712586925
71,FA,Strength_std,9.465756470428056,9.339049545104352,-0.1267069253237043
71,GM,Betweenness_mean,0.0353153153153153,0.0243976390183286,-0.0109176762969867
71,GM,Betweenness_std,0.0475781830603391,0.0436404869721053,-0.0039376960882338
71,GM,Closeness_mean,0.9857970976392028,0.994257652568204,0.008460554929001218
71,GM,Closeness_std,0.0165455122195248,0.0103056372207698,-0.006239874998755
71,GM,Degree_mean,73.9,74.55862068965517,0.6586206896551658
71,GM,Degree_std,1.2866839377079196,0.7982260024315498,-0.4884579352763697
71,GM,Eigenvector_mean,0.0923603795813952,0.0909728669250752,-0.0013875126563200058
71,GM,Eigenvector_std,0.0203837729207374,0.0241277890308517,0.003744016110114299
71,GM,Strength_mean,23.50277965172848,23.50120861650956,-0.0015710352189195476
71,GM,Strength_std,4.261716276301215,7.868177053361894,3.606460777060679
71,rsfMRI,Betweenness_mean,0.0091291291291291,0.0116607642124883,0.0025316350833592006
71,rsfMRI,Betweenness_std,0.0265141227684107,0.0344483760296952,0.0079342532612845
71,rsfMRI,Closeness_mean,0.9985380116959064,0.9938181689683976,-0.004719842727508805
71,rsfMRI,Closeness_std,0.0042550109655497,0.0207587182594638,0.0165037072939141
71,rsfMRI,Degree_mean,74.88888888888889,74.49655172413793,-0.3923371647509555
71,rsfMRI,Degree_std,0.3233808333817764,1.7838945298101552,1.4605136964283787
71,rsfMRI,Eigenvector_mean,0.1221752710715623,0.1212997241914487,-0.0008755468801135979
71,rsfMRI,Eigenvector_std,0.0081106169394487,0.0127712554928789,0.004660638553430199
71,rsfMRI,Strength_mean,45.49269334495467,45.30619462463629,-0.1864987203183759
71,rsfMRI,Strength_std,8.24220696732455,6.98747883187398,-1.2547281354505708
72,FA,Betweenness_mean,0.006026026026026,0.0146480273376825,0.0086220013116565
72,FA,Betweenness_std,0.0084699842417142,0.0356128437064657,0.027142859464751496
72,FA,Closeness_mean,0.9985380116959064,0.9936992192709876,-0.004838792424918803
72,FA,Closeness_std,0.0042550109655497,0.0183877472985699,0.014132736333020202
72,FA,Degree_mean,74.88888888888889,74.49655172413793,-0.3923371647509555
72,FA,Degree_std,0.3233808333817783,1.5189732365932536,1.1955924032114753
72,FA,Eigenvector_mean,0.1230395733376248,0.1238754869015934,0.0008359135639686016
72,FA,Eigenvector_std,0.0081997063205642,0.0085226601821358,0.00032295386157160134
72,FA,Strength_mean,40.6186557205673,40.71510317898692,0.09644745841962532
72,FA,Strength_std,6.898499033766285,7.392731902895976,0.4942328691296911
72,GM,Betweenness_mean,0.0162522522522522,0.0252227399813606,0.008970487729108401
72,GM,Betweenness_std,0.0203208666721424,0.0503942468387203,0.030073380166577898
72,GM,Closeness_mean,0.9960526315789474,0.9935705266843704,-0.0024821048945770086
72,GM,Closeness_std,0.0063558669939427,0.0119913654958466,0.0056354985019039005
72,GM,Degree_mean,74.7,74.50344827586207,-0.1965517241379331
72,GM,Degree_std,0.4830458915396483,0.9363354836441043,0.4532895921044561
72,GM,Eigenvector_mean,0.1169098527091989,0.1122553018750252,-0.004654550834173696
72,GM,Eigenvector_std,0.020040203691628,0.0244971247503562,0.0044569210587281985
72,GM,Strength_mean,28.62813653107287,28.309187770432597,-0.31894876064027144
72,GM,Strength_std,5.359703520377481,8.33912780280496,2.9794242824274786
72,rsfMRI,Betweenness_mean,0.0024024024024024,0.0110792171481826,0.0086768147457802
72,rsfMRI,Betweenness_std,0.0056140614716682,0.0360545943031617,0.0304405328314935
72,rsfMRI,Closeness_mean,0.9970950102529048,0.993832558678892,-0.003262451574012837
72,rsfMRI,Closeness_std,0.0071496977943453,0.0173822822351437,0.010232584440798399
72,rsfMRI,Degree_mean,74.77777777777777,74.51034482758621,-0.2674329501915622
72,rsfMRI,Degree_std,0.5483188805533156,1.3950171314126814,0.8466982508593658
72,rsfMRI,Eigenvector_mean,0.1160047433475692,0.1184294193762294,0.0024246760286602
72,rsfMRI,Eigenvector_std,0.0151975728275227,0.0111718121323762,-0.004025760695146499
72,rsfMRI,Strength_mean,43.57488632444791,44.45155119876939,0.8766648743214773
72,rsfMRI,Strength_std,8.215675683789858,7.002817135658328,-1.2128585481315293
73,FA,Betweenness_mean,0.0054654654654654,0.0066654240447343,0.0011999585792689003
73,FA,Betweenness_std,0.0183836770316176,0.0200846859390982,0.0017010089074806015
73,FA,Closeness_mean,0.986842105263158,0.9808521886731326,-0.005989916590025346
73,FA,Closeness_std,0.0,0.0224789916215101,0.0224789916215101
73,FA,Degree_mean,74.0,73.48965517241379,-0.5103448275862092
73,FA,Degree_std,0.0,2.034826096102394,2.034826096102394
73,FA,Eigenvector_mean,0.1278764225871419,0.1270426021189286,-0.0008338204682133143
73,FA,Eigenvector_std,0.0093919452062885,0.0095957820264313,0.0002038368201427998
73,FA,Strength_mean,42.17542081561373,41.802195988723454,-0.37322482689027225
73,FA,Strength_std,6.818848700512031,7.983757746610682,1.1649090460986518
73,GM,Betweenness_mean,0.0255495495495495,0.0300366573470021,0.004487107797452598
73,GM,Betweenness_std,0.0386456315278653,0.0556720397372241,0.0170264082093588
73,GM,Closeness_mean,0.9986842105263156,0.99339802235257,-0.0052861881737455985
73,GM,Closeness_std,0.0041608916581162,0.0123371352152442,0.008176243557128
73,GM,Degree_mean,74.9,74.48965517241379,-0.41034482758621493
73,GM,Degree_std,0.3162277660168376,0.9654967157095772,0.6492689496927395
73,GM,Eigenvector_mean,0.1043156516369744,0.0976707729285251,-0.006644878708449306
73,GM,Eigenvector_std,0.025967179638409,0.0253269658347138,-0.0006402138036951978
73,GM,Strength_mean,26.56932659252084,24.95764852475305,-1.6116780677677909
73,GM,Strength_std,8.431448351917064,8.015353074090646,-0.4160952778264182
73,rsfMRI,Betweenness_mean,0.0049249249249249,0.0084150357253805,0.0034901108004555996
73,rsfMRI,Betweenness_std,0.0085874891053483,0.0257529011275063,0.017165412022158
73,rsfMRI,Closeness_mean,1.0,0.9938424392383272,-0.006157560761672842
73,rsfMRI,Closeness_std,0.0,0.0244481569801058,0.0244481569801058
73,rsfMRI,Degree_mean,75.0,74.48275862068965,-0.5172413793103487
73,rsfMRI,Degree_std,0.0,2.154141515893998,2.154141515893998
73,rsfMRI,Eigenvector_mean,0.1163878538203049,0.1168088241794398,0.0004209703591348951
73,rsfMRI,Eigenvector_std,0.0105362727875337,0.015191160413065,0.0046548876255312985
73,rsfMRI,Strength_mean,43.94621896965598,43.98222625539824,0.03600728574225798
73,rsfMRI,Strength_std,8.745382465136464,7.501187831350265,-1.2441946337861989
74,FA,Betweenness_mean,0.0079679679679679,0.0124113078595837,0.0044433398916157996
74,FA,Betweenness_std,0.0079787252398393,0.0176966778858549,0.0097179526460156
74,FA,Closeness_mean,0.82318044274566,0.8206920133540386,-0.002488429391621416
74,FA,Closeness_std,0.0028969854877727,0.0070207463755544,0.0041237608877816995
74,FA,Degree_mean,58.888888888888886,58.60689655172414,-0.2819923371647448
74,FA,Degree_std,0.3233808333817784,0.8018775859414256,0.47849675255964713
74,FA,Eigenvector_mean,0.0930923952557162,0.0945247199322125,0.0014323246764962883
74,FA,Eigenvector_std,0.0045377937233557,0.0081616598933364,0.0036238661699806995
74,FA,Strength_mean,29.891500800272404,30.114942832162072,0.22344203188966816
74,FA,Strength_std,3.4870367950321937,3.412756345900729,-0.07428044913146481
74,GM,Betweenness_mean,0.0223063063063063,0.0381335818577197,0.0158272755514134
74,GM,Betweenness_std,0.0383058712497789,0.0691201621828354,0.0308142909330565
74,GM,Closeness_mean,0.9960868079289132,0.9935680790412692,-0.0025187288876440395
74,GM,Closeness_std,0.0087854013843233,0.0118871855852061,0.0031017842008827998
74,GM,Degree_mean,74.7,74.50344827586207,-0.1965517241379331
74,GM,Degree_std,0.6749485577105532,0.9288892555316528,0.2539406978210996
74,GM,Eigenvector_mean,0.0867020910858223,0.0836831689838142,-0.0030189221020081036
74,GM,Eigenvector_std,0.0249128723520954,0.0232917952188607,-0.0016210771332346996
74,GM,Strength_mean,23.170360851471663,22.199809326243784,-0.9705515252278794
74,GM,Strength_std,6.7933596182756055,6.096054693076689,-0.6973049251989165
74,rsfMRI,Betweenness_mean,0.0148148148148148,0.0154408201304753,0.0006260053156605001
74,rsfMRI,Betweenness_std,0.0425059723460488,0.0517438127969464,0.009237840450897601
74,rsfMRI,Closeness_mean,0.9985380116959064,0.9937144417328286,-0.004823569963077756
74,rsfMRI,Closeness_std,0.0042550109655497,0.0188106812179737,0.014555670252424002
74,rsfMRI,Degree_mean,74.88888888888889,74.49655172413793,-0.3923371647509555
74,rsfMRI,Degree_std,0.3233808333817773,1.5461607377048234,1.222779904323046
74,rsfMRI,Eigenvector_mean,0.1095264535655234,0.1121370976928314,0.0026106441273079928
74,rsfMRI,Eigenvector_std,0.0245012607896045,0.0175158073284968,-0.0069854534611077
74,rsfMRI,Strength_mean,41.17248457984911,42.29291535174191,1.1204307718927993
74,rsfMRI,Strength_std,7.727034845832304,7.311456210322071,-0.4155786355102338
75,FA,Betweenness_mean,0.003003003003003,0.0069139484311898,0.003910945428186799
75,FA,Betweenness_std,0.0041915675534255,0.0259333256137699,0.0217417580603444
75,FA,Closeness_mean,0.9733322233322236,0.968209939831641,-0.005122283500582525
75,FA,Closeness_std,0.0029433349200239,0.0189356534179829,0.015992318497959
75,FA,Degree_mean,72.94444444444444,72.50344827586207,-0.4409961685823731
75,FA,Degree_std,0.2357022603955169,1.756433167320741,1.5207309069252242
75,FA,Eigenvector_mean,0.1236417793303487,0.1226061457211977,-0.0010356336091510016
75,FA,Eigenvector_std,0.0088800648187826,0.0090048196359728,0.00012475481719019868
75,FA,Strength_mean,40.46827645043891,40.11479360680491,-0.35348284363399785
75,FA,Strength_std,6.66780878217317,7.890660648305016,1.2228518661318466
75,GM,Betweenness_mean,0.0255135135135135,0.0198894066480273,-0.0056241068654862
75,GM,Betweenness_std,0.0401990915065121,0.0353672244328092,-0.0048318670737029015
75,GM,Closeness_mean,0.9960526315789474,0.9935689317896244,-0.0024836997893230572
75,GM,Closeness_std,0.0063558669939427,0.0118659861479463,0.0055101191540036
75,GM,Degree_mean,74.7,74.50344827586207,-0.1965517241379331
75,GM,Degree_std,0.4830458915396456,0.9363354836440994,0.45328959210445374
75,GM,Eigenvector_mean,0.1213825268757898,0.1141606307527026,-0.0072218961230872125
75,GM,Eigenvector_std,0.0350605757708,0.0278365287591559,-0.007224047011644096
75,GM,Strength_mean,30.075789103755085,28.806134237746896,-1.2696548660081888
75,GM,Strength_std,8.380587564391714,8.369120005920442,-0.011467558471272454
75,rsfMRI,Betweenness_mean,0.0091691691691691,0.0138080149114631,0.004638845742294
75,rsfMRI,Betweenness_std,0.0330877034708551,0.037911142668469,0.004823439197613896
75,rsfMRI,Closeness_mean,0.9978632478632478,0.9938757158296831,-0.003987532033564611
75,rsfMRI,Closeness_std,0.0090654715536736,0.0202182682131662,0.0111527966594926
75,rsfMRI,Degree_mean,74.83333333333333,74.50344827586207,-0.32988505747125885
75,rsfMRI,Degree_std,0.7071067811865466,1.7042599319671916,0.997153150780645
75,rsfMRI,Eigenvector_mean,0.1156956226701995,0.1141263815489072,-0.0015692411212923085
75,rsfMRI,Eigenvector_std,0.0201551057452128,0.0165343247472468,-0.003620780997966002
75,rsfMRI,Strength_mean,43.756697251181166,43.22539107999966,-0.5313061711815052
75,rsfMRI,Strength_std,8.201119649742035,7.618099903101075,-0.5830197466409599
