0.0,0.7559733826781887,0.8556186749558653,0.0,0.9999999999999999,0.7708296820077509,0.6202398360588193,0.910197142116638,0.8504772251229258,0.7335423776985865,0.37876028448477905,0.6171339263771164,0.7008697151542644,0.9793750439159974,0.8638942518440795,0.6969367619890589,0.501338291224605,0.6920550810336351,0.0,0.7806885515918618,0.8926582558816911,0.715353076899359,0.8094456274675534,0.7558270811669323,0.6902782412093328,0.6984197304503971,0.867481050485303,0.5752287873565269,0.6978973607408743,0.6918954887185198,0.5863901874236445,0.46406295611138326,0.44187116375581964,0.6037816044622633,0.6323957252000013,0.49978858786187846,0.0,0.7457222512112281,0.720701072759484,0.5694570292983767,0.7021139920765335,0.5030745961256826,0.0,0.0,0.684960543309512,0.8766934764652057,0.7435584453111959,0.0,0.0,0.0,1.0,0.0,0.9796259548546954,0.0,0.5541581342311681,0.0,0.7163844348825614,1.0,0.0,0.6638936527695671,0.7406242249362843,0.5329252124545459,0.7318705675814803,0.0,0.6236941641958861,0.24447043684293668,0.7950885380499444,0.619813801676835,0.5355308763368024,0.7805832589074873,0.8508954555959273,0.6144795310738367,0.5238055892491332,1.0,0.0,0.5397175820866436
0.7559733826781887,0.0,0.9230114999228218,0.0,0.9657491389064482,0.9285101070217584,0.8881073705478888,0.8678738247439699,0.8400192088558475,0.5203426422299144,0.41551918110479447,0.5294473157628096,0.858840096176998,0.0,0.8372716651525993,0.8657271035909018,0.6729001233194789,0.8558399261803242,0.5760675475823521,0.8125120821977023,0.9194536141881838,0.7835885421918439,0.9149095228505424,0.6617533701231013,0.693792839257535,0.7826321232660729,0.8720367534180166,0.9022224383637233,0.8374156391520616,0.904209620517892,0.702913801634678,0.49133365038912336,0.6835979125908539,0.6383051794440643,0.5877791061398717,0.8697962589013797,0.5359248760757719,0.20765645120252169,0.7407340477949809,0.701343429337741,0.7781040318836103,0.7611021090209249,0.2612917704179286,0.0,0.4767699040165765,0.8786409134913296,0.7740232716417373,0.41855012154137305,0.0,0.0,0.8903463001529937,0.8231482897593672,0.8879214949475459,0.5462350767514482,0.6968777343471299,0.0,0.5053569148520339,0.8472459109071826,0.0,0.8290458567812121,0.745470520932992,0.7979517536052527,0.7020058076685544,0.0,0.8617021738213501,0.921158695229501,0.8521435835504778,0.8455837008012768,0.7544147349738215,0.694225303327129,0.786613120281373,0.8160400620261732,0.7841865077556598,0.8225218867238802,0.6564130741644104,0.838616067224651
0.8556186749558653,0.9230114999228218,0.0,0.5316311617591983,0.886805797320988,0.7509340765930089,0.896032555233103,0.4961591302860093,0.6772084040029724,0.7717968501059946,0.5777297917080093,0.7259599943691302,0.8995057320041688,0.8703080858076805,0.9977296642384267,0.7300214188250267,0.5789006502499296,0.6243824712708858,0.7158484732137002,0.838141146124258,0.6750010983729335,0.8736037042323386,0.6142430489053021,0.7374283828429683,0.5611033688112045,0.888479126668157,0.8398740193999438,0.8698306794244491,0.6883095604033312,0.8692615415418662,0.8275555730243489,0.760321215753496,0.7154172811904013,0.7820458612376222,0.664647811618871,0.8620027398415132,0.7689058291163334,0.8097769312062209,0.33747725680545704,0.5423454360626432,0.6844697057055134,0.5495403380643796,0.6200075490336182,0.3655355344214347,0.2231459519196919,0.0,0.6989132550259802,0.606345090901981,0.5167792323296551,0.7314742342076241,0.7938801152551678,0.8112849991217609,0.6324596974599189,0.7936626442462827,0.682326299945861,0.8326353197394915,0.6770073506806602,0.8506560418786401,0.5766666228874046,0.9557024472631201,0.4957806692838174,0.0,0.0,0.4366000759762141,0.7780126760489687,0.5887925969864093,0.6432551812496762,0.8455456497735234,0.0,0.0,0.5639941528990419,0.7912684373106846,0.8784949008410372,0.8251506927433603,0.8641313416758899,0.7461840087367292
0.0,0.0,0.5316311617591983,0.0,0.7639353422862953,0.585667130977955,0.7233746352596572,0.6506850471609908,0.864704322608704,0.2615820952457791,0.8061361497048842,1.0,0.709586058261486,0.7170257157075722,0.3774347356119292,0.0,0.4628787590317427,0.0,0.9349541988093911,0.4932966830047285,0.5724475725920805,0.632610838110149,0.558820061391129,0.2916123455256437,0.0,0.788933600070067,0.5138970050581729,0.6381889504214593,0.38702916264320575,0.20463457765917925,0.2795272179806177,0.43476939143755944,0.32595318972913934,0.5317720795906746,0.3550026130667424,0.27746074995201636,0.7395343981271139,1.0,0.39942988346024855,0.0,0.5126004874727055,0.0,0.5409602503124815,0.0,0.0,0.0,0.0,0.4843184441446482,0.0,0.0,0.11805930645606669,0.0,0.0,0.4478264431818476,0.0,0.5079682068752023,0.0,1.0,0.0,0.0,0.0,0.0,0.0,0.0,0.0,0.0,0.0,0.6813302570699151,0.0,0.0,0.0,0.6949155696948521,0.44997328199038217,0.9252746649372761,0.0,0.0
0.9999999999999999,0.9657491389064482,0.886805797320988,0.7639353422862953,0.0,0.8753174012092019,0.6183898793027741,0.8432732405184964,0.8461406280790735,0.7603621411469446,0.8340890249202081,0.721000573137174,0.7835494727802085,0.7182166839569981,0.9999999999999999,0.7247714663829894,0.4208766023520061,0.6530765644280048,0.9730289349098779,0.9200903812341681,0.8554866591639833,0.8165725635446325,0.8937197857032051,0.9014121089617549,0.6071295861302349,0.8629611545847523,0.9188668671671013,0.8897108370719868,0.9090673764484222,0.7180442807616592,0.7705070750703308,0.7303070992148113,0.7957609711280131,0.7252205566356691,0.7156373019429092,0.7211740534851433,0.1872700068536881,0.789103082594849,0.3785385986388889,0.63788926760971,0.6099593277092358,0.5175549330341016,0.4089799126341395,0.49869910777749415,0.6087000957288339,0.0,0.6072974204708959,0.7626680201976056,0.0,0.5081138008893896,0.6260434153917012,0.6791856909856682,0.6219681444508457,0.594740952774466,0.49475220908007916,0.6830397671515226,0.4422713510258161,0.7925025370483559,0.2933186684849991,0.878451079036313,0.2219960730179723,0.0,0.0,0.7171875170818035,0.8838988990569612,0.0,0.7310314923412541,0.7726268534072136,0.0,0.5608356314146228,0.8872435709318599,0.8065300254813575,0.7996922737335795,0.7866699417956098,0.6934602312806095,0.5972352608810323
0.7708296820077509,0.9285101070217584,0.7509340765930089,0.585667130977955,0.8753174012092019,0.0,0.9854372381898825,0.8841872324355174,0.5493650858750431,0.7653644737493218,0.7472030737145846,0.7444387372075403,0.8804199382522494,0.782142584875412,0.893825612962296,0.8498040441410062,0.7653632750816495,0.8450294716120378,0.6962615193573426,0.7871332925102767,0.8241162206220243,0.8590353424653896,0.9097673910475418,0.6618062238201031,0.8849678813633386,0.8575273731500704,0.7940657573734037,0.8939535290640372,0.7334324008700319,0.726488362895361,0.7471069708143441,0.6595530746032618,0.6647679501176489,0.7069799867759685,0.7218836278736311,0.8534448766991529,0.7241894132322728,0.6251668177173655,0.6609386502575978,0.5417777755082724,0.7802731085163026,0.7367269467163647,0.6369544603597433,0.5869998454922208,0.5074231228173761,0.9674739199812388,0.8392510677435411,0.6862388347124422,0.0,0.7199073855653296,0.7232043378027561,0.7111807785208893,0.7719428294726128,0.6216194524281919,0.6914268139684344,0.7216032593627197,0.49122572686646715,0.7962666437093735,0.5027745514286754,0.915273397854492,0.7835213395134092,0.0,0.2942686374516446,0.6880885275784849,0.8724711478759258,0.8381798917352196,0.8399518769772918,0.77491102458041,0.0,0.7445807141762794,0.8951240264994634,0.8332328038913531,0.8256878973822217,0.808312452125374,0.7756341223142432,0.8579952861440493
0.6202398360588193,0.8881073705478888,0.896032555233103,0.7233746352596572,0.6183898793027741,0.9854372381898825,0.0,0.958863478972128,0.9318612920380631,0.8502355127126769,0.7294864124635438,0.8602298350326799,0.6414195882503952,0.7950120019696739,0.9656373253377292,0.8309601291134702,0.8459445968359894,0.876283497664445,0.9164270392598337,0.9031932947321561,0.8262666415170565,0.8487253773993617,0.8309308023408281,0.7824404931049698,0.8594103750163113,0.9271168947079067,0.8800641409106692,0.7088845741050744,0.9611933103582531,0.7781788314795335,0.7607685851146829,0.8006871741921577,0.9981638368624643,0.7429012494817806,0.6652494304040981,0.6212992119771036,0.28050199429928974,0.9887858652931945,0.3986830234763826,0.5309115658263456,0.45586363179686173,0.3829527193816606,0.5829043545167548,0.27950445435817695,0.9999999999999999,1.0,0.7762387901212253,0.786269127125432,0.0,0.6463103367504214,0.7973797434763757,0.7928462034820655,0.7613155535658411,0.7145216619118193,0.5534485464263014,0.7612804462965249,0.6398645071621503,0.7242372304555971,0.0,0.8742500967664297,0.5214655792931946,0.0,0.5110012212541545,0.7627413664597147,0.8194519229626256,0.766251598705947,0.8360152385463755,0.8480725039865874,0.3389922623412185,0.6390148245455762,0.8263885330985322,0.8583823919802281,0.8031762483796716,0.7720579530667732,0.7022690488599084,0.8485777879624369
0.910197142116638,0.8678738247439699,0.4961591302860093,0.6506850471609908,0.8432732405184964,0.8841872324355174,0.958863478972128,0.0,0.7059272361971707,0.8845130902789918,0.8079224899765516,0.6723436706748264,0.8691060534712074,0.7935298873998191,0.762571851251092,0.8485735291301684,0.5442483926529453,0.84051080932028,0.6810002060636275,0.8366226499336333,0.9300522908983447,0.6911818676747246,0.8294634814026915,0.8104406744461483,0.7817682016622263,0.7663930133897152,0.8113600821563836,0.7419161503511034,0.7382701199459278,0.7172680760339205,0.7875655066112516,0.48610958131256077,0.2980228596641546,0.7791626865964144,1.0,0.6569825293368832,1.0,0.6228549520803268,0.44570648213105035,0.8054435129470259,0.6850234293684139,0.6541398005807787,0.36746913956983607,0.5459505323667477,0.49466524636747966,0.5268923024850362,0.6325703826114046,0.6088269674848567,0.0,0.25834262560974863,0.6937591325158218,0.7315827759858721,0.26966521949629807,0.5813351229215483,0.500466945418182,0.4574025906930572,0.0,0.7950701427177295,0.393513385098224,0.8549666043652742,0.7404050733528824,0.0,0.34564123737759894,0.6463482088474153,0.9017786208428753,0.721624378029625,0.8274707713791833,0.8419449841683392,0.570354112168261,0.7760956174485266,0.8534541737608647,0.7233631608538316,0.8289629435681272,0.8243911062967537,0.8636656556543847,0.8679286886829596
0.8504772251229258,0.8400192088558475,0.6772084040029724,0.864704322608704,0.8461406280790735,0.5493650858750431,0.9318612920380631,0.7059272361971707,0.0,0.7757467218085059,0.8856474277190663,0.8378791174661411,0.8346653295753294,0.7146036713665707,1.0,0.8208240226259113,0.7297193839984971,0.7933976880749852,0.8362508279258073,0.860680789464201,0.8479387551042158,0.8378927327069516,0.9187084624801021,0.7904723197195641,0.8244533057827412,0.880485708267566,0.725585898383735,0.8466426813972422,0.8850069127599127,0.8375458145375313,0.8074088720573097,0.7493585645225731,0.6320461571226652,0.7817603199111103,0.7617735618722407,0.7830262002902338,0.7628417814496227,0.8713262423763661,0.4103867106476049,0.710756983266277,0.5879542065655192,0.626856426232849,0.5359731988351795,0.5212978949768357,0.9061189315958389,0.0,0.9808776444495824,0.6651666675221838,0.683311137936608,0.7686546412369503,0.6772210031361481,0.711054225124278,0.5666948547362397,0.6356897614141216,0.6391378507388871,0.7451533985835477,1.0,0.7166615642753764,0.4040195535447672,0.9291357883909006,0.8465089847349397,0.0,0.0,0.5630231181061789,0.8276710789966171,0.7477212613859122,0.6311074570280912,0.7338855757864471,0.3977279610499035,0.6283097143098846,0.8502550099916768,0.689205483544857,0.7681550184198821,0.7188326141411185,0.5815088094768771,0.7566374725348028
0.7335423776985865,0.5203426422299144,0.7717968501059946,0.2615820952457791,0.7603621411469446,0.7653644737493218,0.8502355127126769,0.8845130902789918,0.7757467218085059,0.0,0.7475521048529455,0.507793776666219,0.7942766206482563,0.6226235395061281,0.37202216389395937,0.744695444868596,0.646686860625824,0.6498173560692873,0.7745020319653583,0.5454333630526064,0.7597939507482951,0.7136920023311342,0.8859584818206097,0.7203755035932446,0.5797046052538768,0.3812535234753627,0.7320647494627802,0.7258736790150445,0.8505193264555578,0.5634598160369365,0.6120675297778146,0.49614076888326536,0.5319073530438472,0.6111269159305739,0.8088288024009102,0.4400398733072246,0.5119971566709988,0.6068652433836083,0.19582202599825788,0.434530533481146,0.3681382796251798,0.5660753861666372,0.4105716875191521,0.37536963728881817,0.32144437883568794,0.6145186978078794,0.4677801939412332,0.7474672589384003,0.0,0.0,0.701629290888894,0.44046810746425663,0.5407357188610799,0.43351951761057794,0.5613176530214073,0.5315288763800704,0.6937827762632901,0.35335211630116364,0.0,0.07389816868608005,0.6901017582387113,0.6508041211980836,0.5878910123909584,0.3162521795399054,0.3657438461955711,0.6301143723361238,0.6578345635244547,0.8059865406277412,0.6383491652818195,0.5841906654042397,0.6237974635029366,0.6637843132182071,0.5455476203105594,0.5955354343875479,0.0,0.4643307833992636
0.37876028448477905,0.41551918110479447,0.5777297917080093,0.8061361497048842,0.8340890249202081,0.7472030737145846,0.7294864124635438,0.8079224899765516,0.8856474277190663,0.7475521048529455,0.0,0.6920658293276241,0.7591549812418964,0.78915102612584,0.0,0.43922232787833687,0.5214448183006909,0.6210620421496448,0.7476362865309433,0.5576761882540784,0.9918220442166186,0.4282784834375327,0.6128966561461376,0.6635120281047832,0.5885864883919953,0.7061281436482961,0.6960823475660225,0.757836829327091,0.5456461169491719,0.7834158752982345,0.7404318029583545,0.6875351996584176,0.6541197698093124,0.6519555584292264,0.6754862557468782,0.8739265299977349,0.2683961414304066,0.600288926446299,0.22495436910686578,0.6715515976897901,0.45110985384347707,0.7068532478418785,0.4583612571268757,0.6756024348122895,0.7501882222886515,0.0,0.0,0.4471275067809325,0.48322076767034633,0.7200696624619304,0.7509880504330224,0.7840815782481693,0.34488151634410286,0.741882942450417,0.6127968274186979,0.3943740185301948,0.7228524584952561,0.8506046271938188,0.7008686725892666,0.5219210470238469,0.0,0.0,0.0,0.22092021699265765,0.38839685013440073,0.0,0.3679424768325716,0.8244214460645921,0.0,0.0,0.6199056760771564,0.7083575855679268,0.8710604915356189,0.6305861658366237,0.6680435168165463,0.6344698053094419
0.6171339263771164,0.5294473157628096,0.7259599943691302,1.0,0.721000573137174,0.7444387372075403,0.8602298350326799,0.6723436706748264,0.8378791174661411,0.507793776666219,0.6920658293276241,0.0,0.7776331358983374,0.8030228018033628,0.44569719907784117,0.6839439842604293,0.6921524509161181,0.6854351715195783,0.7937705217839985,0.7928450822222713,0.7095082078110844,0.4713589482903999,0.7931039221088863,0.5565288428799398,0.624079499403263,0.5030935063432822,0.6107077766111115,0.6972470211831127,0.5306159282977994,0.5737866800821324,0.6352294966143476,0.6823268843854614,0.3287490451548202,0.6385965345145267,0.7334784373640396,0.8516949989033374,0.8893244604927998,0.36514995364674463,0.18474357384698756,0.46152446330688385,0.5791958005545652,0.5310789364228587,0.4629043583975853,0.536562889599854,0.4321781322739222,0.6352921153798906,0.5892945678203146,0.6005923614506853,0.0,0.4356076142696927,0.4574462389886745,0.5521649303005047,0.0,0.6491227619018609,0.583939124771208,0.5493984376651623,0.7351669959986186,0.62939462272891,0.0,0.6661085973140444,0.6915466277212653,0.621798580775092,0.6402058372583208,0.0,0.5010607276852511,0.8230958028804456,0.7782152453340615,0.5590603517041998,0.7052111888264226,0.6186751398022828,0.6329459847904911,0.45479076574536764,0.6184560557713786,0.4526889210170299,0.0,0.5343667733272365
0.7008697151542644,0.858840096176998,0.8995057320041688,0.709586058261486,0.7835494727802085,0.8804199382522494,0.6414195882503952,0.8691060534712074,0.8346653295753294,0.7942766206482563,0.7591549812418964,0.7776331358983374,0.0,0.7238939507412557,0.7629107544336705,0.8296853012870807,0.8096495099248996,0.8091736290389804,0.8801710052195427,0.8596150905094604,0.7338709696524888,0.819181235622983,0.8399258272645553,0.7979552366364614,0.865822773580277,0.8816739499696947,0.9281991770036059,0.6700433716659896,0.8999974409952429,0.5409744594406848,0.7078027829393474,0.8259169511838869,0.8837168548273359,0.6987686031327316,0.6514074219490101,0.7274636825174658,0.652859773025023,0.9370968861997152,0.4935604228011793,0.6877317988408771,0.5343304067705731,0.3727653745571682,0.6995557115427887,0.7897806080018706,0.8497389056265955,0.8044582831592162,0.7663075885630459,0.7378843335987035,0.0,0.8348429052183057,0.793750197455096,0.7744610662449223,0.7892671023307962,0.7139019033635122,0.709482616823514,0.7305858858795453,0.8132764453305671,0.7006733359534821,0.6116030299051212,0.726814576678427,0.7546330116592755,0.7148928313423494,0.5682289735631486,0.697987273032217,0.8231680879131287,0.7674599182935291,0.8276851135683173,0.8256078811727655,0.4379039927089957,0.6414775237242709,0.7685210451880241,0.8350263333033132,0.8330908501223474,0.807751402971743,0.6990753017704842,0.7725267488422983
0.9793750439159974,0.0,0.8703080858076805,0.7170257157075722,0.7182166839569981,0.782142584875412,0.7950120019696739,0.7935298873998191,0.7146036713665707,0.6226235395061281,0.78915102612584,0.8030228018033628,0.7238939507412557,0.0,0.44679771734405155,0.0,0.0,0.0,0.9325912038425888,0.583530814678023,0.8054151492533304,0.7418677457850179,0.8983996827218667,0.7889574886791196,0.504744253176213,0.5802969265062556,0.7732447312545933,0.7594388715812992,0.5110347032492288,0.21191636529983976,0.46098032792007415,0.29214150672029865,0.0,0.4805051784081809,0.5090877217254686,0.632401924091275,0.6236276303349957,0.7239541224850958,0.4248434637125666,0.0,0.3285755802157395,0.0,0.47312332491917297,0.0,0.0,0.0,0.0,0.7847921160004176,0.0,0.6529749441624633,0.5488777815078415,0.5665229006966092,0.2582366109803129,0.4105324091416969,0.0,0.5844330697852305,0.43500657694564693,0.9073201184703918,0.44953711259397355,0.0,0.0,0.0,0.0,0.5395962974540238,0.28794975724251587,0.0,0.0,0.473846887826525,0.5468180339667094,0.0,0.0,0.5199868704623898,0.538875314166804,0.7102527357757166,0.0,0.0
0.8638942518440795,0.8372716651525993,0.9977296642384267,0.3774347356119292,0.9999999999999999,0.893825612962296,0.9656373253377292,0.762571851251092,1.0,0.37202216389395937,0.0,0.44569719907784117,0.7629107544336705,0.44679771734405155,0.0,0.8559451249817532,0.6407673891325512,0.8789201407004922,0.0,0.6555483982517856,0.810410016996175,0.8726261035845341,0.9192781660290619,0.8002646143485598,0.8346867614045274,0.6945883340073974,0.8569673855530967,0.898655242496355,0.9190868872771767,0.5632993478185777,0.8222972748737385,0.6486682382927709,0.7319384091633953,0.7396660111218538,0.6978102944806057,0.7432182535937915,0.6076452627407521,0.24135618961739339,0.7813335036093633,0.8375541135429948,0.8847704884530803,0.8643035255574252,0.647403443680822,0.24881046739772406,0.27080244213903526,0.8198196758706615,0.8463674863128224,0.35738142221371727,0.0,0.0,0.8346352166570359,0.5232763335504252,0.6951907325479885,0.5514971693727848,0.4986296996053271,0.0,0.38036042316905133,0.8616052775099268,0.0,0.8868640855770462,0.8332906786875591,0.42894034275744686,1.0,0.0,0.817467159703284,0.9079057493618642,0.8396659489825942,0.8671263021687992,0.5433001929131082,0.7868193468610962,0.8139023028511655,0.8620229336363867,0.7225591811202121,0.8091044539038075,0.5702972162877373,0.8856991723666409
0.6969367619890589,0.8657271035909018,0.7300214188250267,0.0,0.7247714663829894,0.8498040441410062,0.8309601291134702,0.8485735291301684,0.8208240226259113,0.744695444868596,0.43922232787833687,0.6839439842604293,0.8296853012870807,0.0,0.8559451249817532,0.0,0.759216680059986,0.8289190224552264,0.48815539465734853,0.7468620792486604,0.8154138117865601,0.7101218750601366,0.8357098705564734,0.6853612612375655,0.9006883889344146,0.7786778725876339,0.7976837944460965,0.8437691922845846,0.7429088193747398,0.7938852916172151,0.7957955407945007,0.5764982996170214,0.6367987113964592,0.6797782852972584,0.6912932527756535,0.5628875922160482,0.7922039017382501,0.3640999092259309,0.7249375389449015,0.5868909406700313,0.6672525666025144,0.6697430160595665,0.6840525030548131,0.0,0.0,0.8398122145743103,0.7139043680061412,0.0,0.0,0.0,0.7812595965179785,0.34186379711292125,0.4690061120211644,0.0,0.43153419461841347,0.0,0.6280370563023265,0.7594650131634717,0.0,0.7867480347161931,0.6799552270878383,0.7211771432947768,0.6256754098375952,0.0,0.8768641289690454,0.7314644202315145,0.8082366112936684,0.7325513121432787,0.6952036798566205,0.6254872660756272,0.720373830602884,0.6868297997632059,0.656099837894702,0.7641805515249228,0.6193147285977738,0.6817374762351721
0.501338291224605,0.6729001233194789,0.5789006502499296,0.4628787590317427,0.4208766023520061,0.7653632750816495,0.8459445968359894,0.5442483926529453,0.7297193839984971,0.646686860625824,0.5214448183006909,0.6921524509161181,0.8096495099248996,0.0,0.6407673891325512,0.759216680059986,0.0,0.6380344226865795,0.5699485923087773,0.7430187589739963,0.7695832339193022,0.7538178139564595,0.724476678131965,0.7638125027886684,0.6487064031994715,0.6998558957031538,0.40795834307540774,0.8478468905085866,0.6500203235710642,0.5019444823488712,0.7648327237857365,0.5778103188746262,0.42705081492724967,0.7640262735479293,0.6901268387115218,0.5654855085958114,0.482038681562269,0.7077423713098369,0.5623101986360345,0.6205246049735285,0.6365992112238757,0.5921348695047834,0.0,0.0,0.5174701013967388,0.659763360323049,0.633431667950112,0.0,0.0,0.0,0.5907122901612643,0.5644368054289413,0.0,0.0,0.6896436229468559,0.42821965150663355,0.687529015425223,0.4948107074031037,0.0,0.0,0.739666714642266,0.6976892807594064,0.6925555267509904,0.0,0.6870476030232967,0.0,0.7106845846652076,0.9099718332662449,0.6566101563461298,0.708586464688808,0.7029662051563238,0.0,0.5415605721751783,0.5583941695539775,0.0,0.6111313566487082
0.6920550810336351,0.8558399261803242,0.6243824712708858,0.0,0.6530765644280048,0.8450294716120378,0.876283497664445,0.84051080932028,0.7933976880749852,0.6498173560692873,0.6210620421496448,0.6854351715195783,0.8091736290389804,0.0,0.8789201407004922,0.8289190224552264,0.6380344226865795,0.0,0.49729255153440133,0.8311705408558168,0.7165864358134669,0.8251484931025471,0.7907355097300308,0.6683805876686377,0.8218979855791055,0.7156176948582151,0.7875186676343909,0.8362423417429292,0.8292093896942476,0.6607633688837157,0.7917583673558849,0.6013417135543649,0.5072116086632753,0.7014374657408207,0.6516288303244167,0.6465542777810205,0.0,0.743887993497625,0.5397992983354065,0.5903027818951276,0.6158494043269993,0.5390825117777158,0.0,0.0,0.4948564340218494,0.6872048871887356,0.6392042725650291,0.0,0.0,0.0,0.6949050922980756,0.4622082926452824,0.3188491727497378,0.0,0.7212430670523589,0.0,0.7123537401723808,0.4960890451288213,0.0,0.6667967322828117,0.5698576624098137,0.6611685274659624,0.6288555139397034,0.0,0.678948327006223,0.6161799277135105,0.7363206345077793,0.6450651723331755,0.6517474636064182,0.6555451543372648,0.6660593386608455,0.517684461222654,0.5548622388074338,0.7153422263136973,0.0,0.6260036842001514
0.0,0.5760675475823521,0.7158484732137002,0.9349541988093911,0.9730289349098779,0.6962615193573426,0.9164270392598337,0.6810002060636275,0.8362508279258073,0.7745020319653583,0.7476362865309433,0.7937705217839985,0.8801710052195427,0.9325912038425888,0.0,0.48815539465734853,0.5699485923087773,0.49729255153440133,0.0,0.42451899704760643,0.5912081539058873,0.5056390911518589,0.594732549474577,0.8208175049873394,0.7365437738969335,0.7101966560548385,0.7028674453838779,0.8773632243479466,1.0,0.9129141020830053,0.8565491670568801,0.776769142271848,0.5701126570870102,0.7994210429282925,0.7466187045084849,0.9208539347407445,0.8568337347064281,0.6479296777299829,0.34652928265244776,0.8577510814278392,0.36794620437805536,0.5708756321053013,0.4382815912058407,0.0,0.0,0.0,0.0,0.6365173925744328,0.0,0.5059575957715154,0.649611464245522,0.7080347087038558,0.38818603862378603,0.6389397470013269,0.644093910423895,0.5697748806232295,0.45415162681179244,0.8404236098076966,0.44992037375024446,0.10556738010754381,0.0,0.0,0.0,0.19392622554428096,0.518820991225309,0.0,0.5671714060959258,0.679887052491905,0.0,0.0,0.6900436212170749,0.6483766438384772,0.8325168707589766,0.7704481474585348,0.8330556390160323,0.7038142656523548
0.7806885515918618,0.8125120821977023,0.838141146124258,0.4932966830047285,0.9200903812341681,0.7871332925102767,0.9031932947321561,0.8366226499336333,0.860680789464201,0.5454333630526064,0.5576761882540784,0.7928450822222713,0.8596150905094604,0.583530814678023,0.6555483982517856,0.7468620792486604,0.7430187589739963,0.8311705408558168,0.42451899704760643,0.0,0.8477917499948872,0.6893037586395908,0.4470863010025342,0.6641999572888541,0.8278552970623321,0.7233135928977728,0.7496006914667699,0.8205754612198652,0.6542941849981683,0.8465229592706432,0.7513860032661809,0.6405806615602491,0.6395836395244566,0.745666545193959,0.6934870846029625,0.7299916635736009,0.6164625296421834,0.4465296326838705,0.726542771025904,0.7189746822522524,0.846100343056507,0.7601644070107217,0.7963813249244622,0.47005521535062855,0.5454895485854635,0.7488869893526383,0.804419822399112,0.6859999715952382,0.0,0.4479831159731579,0.8367115930377009,0.8852167639450922,0.7160775930800438,0.5609933990504278,0.6582506752712797,0.37845466209679646,0.5147086543418582,0.8706601437907182,0.0,0.821067016074888,0.7932475745868003,0.7073420782531235,0.8074729305166858,0.34657961177256846,0.841089881133266,0.8292809758645685,0.8083877950405143,0.8153685222107384,0.01816616742529988,0.8210219958659922,0.7739526409793409,0.8027463769146042,0.7945128577735292,0.8109131862039283,0.8100250119353714,0.8512278633013358
0.8926582558816911,0.9194536141881838,0.6750010983729335,0.5724475725920805,0.8554866591639833,0.8241162206220243,0.8262666415170565,0.9300522908983447,0.8479387551042158,0.7597939507482951,0.9918220442166186,0.7095082078110844,0.7338709696524888,0.8054151492533304,0.810410016996175,0.8154138117865601,0.7695832339193022,0.7165864358134669,0.5912081539058873,0.8477917499948872,0.0,0.8767947275955971,0.895400031450541,0.7789568989862955,0.7501280698543948,0.7659921631671103,0.8194957044254126,0.7475658528416893,0.8499898218364333,0.6536981982791004,0.8816159207507753,0.6895304048702628,0.6702554314878642,0.8017902110758255,0.6517194927169929,0.7329529800518401,0.3156957589044039,0.5805848616847339,0.799791939757543,0.5495356601599511,0.7878263181659544,0.8280845994201953,0.45140702301372154,0.0,0.47672469131322925,0.9353334087406134,0.805552280913954,0.6652583080253012,0.0,0.44997971044248325,0.84585951810118,0.6870949379083164,0.3206009325539779,0.714019975162057,0.4078160567430275,0.0,0.555043288326438,0.8564848073668149,0.0,0.7980785823183798,0.7892488403375926,0.0,0.675296879922847,0.0,0.7899541349967092,0.6641914067377711,0.7726522757171582,0.8346403791766137,0.5086015129350728,0.7948999575590548,0.8702716466712235,0.823376518361155,0.817724301011158,0.8291574428905364,0.6243561313080452,0.7355306503992516
0.715353076899359,0.7835885421918439,0.8736037042323386,0.632610838110149,0.8165725635446325,0.8590353424653896,0.8487253773993617,0.6911818676747246,0.8378927327069516,0.7136920023311342,0.4282784834375327,0.4713589482903999,0.819181235622983,0.7418677457850179,0.8726261035845341,0.7101218750601366,0.7538178139564595,0.8251484931025471,0.5056390911518589,0.6893037586395908,0.8767947275955971,0.0,0.7476731785998053,0.5764507273711301,0.810288304991611,0.8153594791261887,0.792446840016285,0.8825538054342321,0.7781189077905151,0.892520433315051,0.7506552820209367,0.45152555474253064,0.5364427646169578,0.6826460162144231,0.6732829660957778,0.721826316674652,0.6896716984784875,0.4177535177076766,0.7648614518676318,0.7452173117697729,0.9103695499809871,0.8685106405663264,0.540561068420642,0.0,0.4815123570047643,0.7145585091572393,0.7998786315109726,0.4947718301529705,0.0,0.6859363232498517,0.7871218523279434,0.7801067782066704,0.8490210916103295,0.3560555287013578,0.718398823343039,0.0,0.5027838342500915,0.8447472591730149,0.0,0.8346402159215478,0.8196814900050661,0.9135908635914941,0.8019820137151483,0.0,0.8197875256770124,0.8588916318071027,0.8095617238181574,0.8593218996506508,0.7046183775967512,0.7317043530090983,0.8458440805892847,0.7975207427032743,0.7395093287943151,0.8844406144087594,0.5016893037799715,0.8673989451127105
0.8094456274675534,0.9149095228505424,0.6142430489053021,0.558820061391129,0.8937197857032051,0.9097673910475418,0.8309308023408281,0.8294634814026915,0.9187084624801021,0.8859584818206097,0.6128966561461376,0.7931039221088863,0.8399258272645553,0.8983996827218667,0.9192781660290619,0.8357098705564734,0.724476678131965,0.7907355097300308,0.594732549474577,0.4470863010025342,0.895400031450541,0.7476731785998053,0.0,0.7740326162193183,0.7051562313919362,0.7712843305036909,0.8858786205232707,0.7857697381061384,0.7830840202126923,0.7178344562435381,0.8024369151239877,0.7254238884797467,0.68003103029376,0.8000415491771901,0.7961217955552078,0.8750824171077406,0.8188789685956733,0.608009631475085,0.8009488998680976,0.6157902991078376,0.8764058623999289,0.8403970572151662,0.6854372409400902,0.9205259522097314,0.5709888557389332,0.729469965002838,0.8489975499516308,0.8750497248114668,0.5167792323296526,0.6823266467815667,0.8132254118971103,0.771889809263579,0.7391700035203336,0.6586458125214513,0.692982505119939,0.7624760385673193,0.4468789472607068,0.827868312364496,0.51574697525443,0.8986893489116262,0.8186183416090979,0.44753941900356864,0.726007302020462,0.8617752762677915,0.9060473663990629,0.9280388537120595,0.8638536867188031,0.8945125236723004,0.49289326588228305,0.8328989898243004,0.8226386532413528,0.8458540644002986,0.8821686408777845,0.8894708273791561,0.8591039045875416,0.8920250976100804
0.7558270811669323,0.6617533701231013,0.7374283828429683,0.2916123455256437,0.9014121089617549,0.6618062238201031,0.7824404931049698,0.8104406744461483,0.7904723197195641,0.7203755035932446,0.6635120281047832,0.5565288428799398,0.7979552366364614,0.7889574886791196,0.8002646143485598,0.6853612612375655,0.7638125027886684,0.6683805876686377,0.8208175049873394,0.6641999572888541,0.7789568989862955,0.5764507273711301,0.7740326162193183,0.0,0.678772238811151,0.5439598896856314,0.7360733906321731,0.6998916461861343,0.6835014922203957,0.6667732676009143,0.7145743087011855,0.49924733711455205,0.28732132134081356,0.7288754859228552,0.6607349833367052,0.4249982698962629,0.8096163656323585,0.6013013615036877,0.1593267201374277,0.4312478331424392,0.4737926059029208,0.6560248922141516,0.4813937119099486,0.36964057937338757,0.4279681185869747,0.6086285867012288,0.5517370823642891,0.4341170555555698,0.0,0.0,0.2210253940288215,0.7164675678911895,0.7091162714652377,0.4156175342332524,0.5562954068675837,0.5521530092073761,0.7304610700302155,0.18225090411997696,0.0,0.5628838595249491,0.6327144410964621,0.6408059716768203,0.7170984884444557,0.0,0.6390859788589779,0.36830834034502113,0.8032984818626224,0.012927283031354982,0.7025142394134273,0.7153342832222772,0.7487936034599355,0.46664279428320804,0.7328988608417698,0.4281699340504827,0.0,0.4536777044328168
0.6902782412093328,0.693792839257535,0.5611033688112045,0.0,0.6071295861302349,0.8849678813633386,0.8594103750163113,0.7817682016622263,0.8244533057827412,0.5797046052538768,0.5885864883919953,0.624079499403263,0.865822773580277,0.504744253176213,0.8346867614045274,0.9006883889344146,0.6487064031994715,0.8218979855791055,0.7365437738969335,0.8278552970623321,0.7501280698543948,0.810288304991611,0.7051562313919362,0.678772238811151,0.0,0.6775095375634164,0.8150516649484387,0.8296511588362051,0.824984805095781,0.8532335828235076,0.7144622227618661,0.5482106004224482,0.5985915427150511,0.6782674369113506,0.6580670000398505,0.36919906575940575,0.4950808326308451,0.7241173000237002,0.6181289256016639,0.5804059880970205,0.6011866806389963,0.6091371383953216,0.35910876252671503,0.0,0.553979624780252,0.7037697821142737,0.6533401514854682,0.0,0.0,0.0,0.6649011393476565,0.6887440077106451,0.8395808586095664,0.4932560092085895,0.6723477332448404,0.0,0.6715376609238597,0.7011680276649841,0.0,0.7891714748706424,0.6078557764112611,0.7125559830598062,0.6370047509151906,0.0,0.790547007799775,0.8953578961253595,0.7050142156672071,0.75157571785983,0.6174433206167861,0.6247614614972643,0.6537051983672628,0.6662685248306184,0.5327887878365768,0.6825566201546258,0.0,0.6299444598050149
0.6984197304503971,0.7826321232660729,0.888479126668157,0.788933600070067,0.8629611545847523,0.8575273731500704,0.9271168947079067,0.7663930133897152,0.880485708267566,0.3812535234753627,0.7061281436482961,0.5030935063432822,0.8816739499696947,0.5802969265062556,0.6945883340073974,0.7786778725876339,0.6998558957031538,0.7156176948582151,0.7101966560548385,0.7233135928977728,0.7659921631671103,0.8153594791261887,0.7712843305036909,0.5439598896856314,0.6775095375634164,0.0,0.7696055506590043,0.8336218951555596,0.8193468393320934,0.6510506114619793,0.7087869339794364,0.6291306208412962,0.6721683965652112,0.7625351003556801,0.6939676089952521,0.6461921149359647,0.5252671014481709,0.6045525169363454,0.7144381299312935,0.6097202750728159,0.8358273456329169,0.8243827982098954,0.35819431865773266,0.0,0.36928305443351916,0.8788581075004462,0.7760515168197748,0.5704907374765422,0.0,0.5527562002221876,0.9284562603653116,0.8612817910715308,0.9470698588904766,0.5032154930450784,0.6158571227877614,0.5992117478724408,0.6305451541427882,0.8522580055759272,0.0,0.8626118845202172,0.7229382121728013,0.6788345656887355,0.6452652156466756,0.0,0.9127886737301015,0.9124487355196056,0.8438483905173971,0.8917688705905559,0.6133823424377791,0.6327980431761427,0.7248690183270105,0.8656591845684424,0.869125495547526,0.869567612881126,0.46500101621997625,0.7499888854728859
0.867481050485303,0.8720367534180166,0.8398740193999438,0.5138970050581729,0.9188668671671013,0.7940657573734037,0.8800641409106692,0.8113600821563836,0.725585898383735,0.7320647494627802,0.6960823475660225,0.6107077766111115,0.9281991770036059,0.7732447312545933,0.8569673855530967,0.7976837944460965,0.40795834307540774,0.7875186676343909,0.7028674453838779,0.7496006914667699,0.8194957044254126,0.792446840016285,0.8858786205232707,0.7360733906321731,0.8150516649484387,0.7696055506590043,0.0,0.8064944198108476,0.7851461842279672,0.6788306730929399,0.7522231863394461,0.7209221383064948,0.6916179695776414,0.7238492082753522,0.785412399227633,0.8198448610566623,0.8101897526307705,0.6359805997545543,0.752426841872053,0.5695816368936834,0.8121926947122442,0.6755261345439338,0.7309386699942333,0.9183271361044756,0.3952908274119433,0.7067721973303829,0.8047125803456789,0.7581142967150479,0.0,0.6438684091819843,0.7612179828429144,0.7501457125022368,0.6869619297970635,0.6605529760125985,0.6974479298755933,0.6464614533095528,0.5039471962461035,0.84798940289515,0.5908555582560618,0.8547648538200449,0.7580117641041417,0.5359403790840127,0.6874636181312703,0.6221178008392518,0.8782754222789884,0.847734871133628,0.7884356903032014,0.8773371003276746,0.5115445526201177,0.708288653329668,0.7748035227820104,0.8535534986708045,0.8430521699358972,0.8533498443237192,0.8062549325475398,0.8442347365345537
0.5752287873565269,0.9022224383637233,0.8698306794244491,0.6381889504214593,0.8897108370719868,0.8939535290640372,0.7088845741050744,0.7419161503511034,0.8466426813972422,0.7258736790150445,0.757836829327091,0.6972470211831127,0.6700433716659896,0.7594388715812992,0.898655242496355,0.8437691922845846,0.8478468905085866,0.8362423417429292,0.8773632243479466,0.8205754612198652,0.7475658528416893,0.8825538054342321,0.7857697381061384,0.6998916461861343,0.8296511588362051,0.8336218951555596,0.8064944198108476,0.0,0.7211768099423872,0.556346222817633,0.569678006368206,0.7738820797839219,0.8988508338903753,0.5739312433098414,0.45024387218019296,0.6323849231299208,0.22646485366774333,0.7360068690860676,0.6072937603936793,0.5643705623608808,0.4358439101412822,0.6911268411064428,0.490487853363898,0.7901000609338314,0.8538518557064538,1.0,0.7417693186910299,0.6842653135479928,0.0,0.6898003632646499,0.7567699798452325,0.5516639487591479,0.7958802830889344,0.6779678120069403,0.6123779205669799,0.7187735424598192,0.8755461623552923,0.6670523316111354,0.6441333644317652,0.8085712273576277,0.7264726677396766,0.7658131165711581,0.7413938144780449,0.7350955661292897,0.8511534641807105,0.6366716002183023,0.6930217277829751,0.8158473500765289,0.5726077941303044,0.5846254654811004,0.8137081489554319,0.838129549846352,0.8222886032654824,0.8315988929487403,0.8103104262646388,0.8005592154397566
0.6978973607408743,0.8374156391520616,0.6883095604033312,0.38702916264320575,0.9090673764484222,0.7334324008700319,0.9611933103582531,0.7382701199459278,0.8850069127599127,0.8505193264555578,0.5456461169491719,0.5306159282977994,0.8999974409952429,0.5110347032492288,0.9190868872771767,0.7429088193747398,0.6500203235710642,0.8292093896942476,1.0,0.6542941849981683,0.8499898218364333,0.7781189077905151,0.7830840202126923,0.6835014922203957,0.824984805095781,0.8193468393320934,0.7851461842279672,0.7211768099423872,0.0,0.6920825182546317,0.6774106685859682,0.5915935903708268,0.795525573620499,0.6906349778702647,0.7189443850773534,0.6305259881095577,0.42651612783761383,0.6423909456502486,0.8519010335102525,0.584425512202362,0.8578189064512983,0.7633682154493989,0.6754140895718003,0.31563516345178233,0.36533385491438874,0.7635201534197669,0.7704713992014205,0.7898648674458848,0.0,0.8165914341062765,0.8445606137050699,0.8294250446042294,0.7216001335195608,0.7943679795625287,0.6307932469383501,0.4748384539967324,0.44797773165103044,0.8497369829496138,0.26626418032832677,0.8385110864192098,0.7364544454898528,0.29649409548041084,0.6803697912104897,0.6487201308436042,0.8684418661308161,0.8279918601408325,0.774833776273538,0.875438609735656,0.44640890705267794,0.7396496436565059,0.7886673619167703,0.8404256317826345,0.8474421024817398,0.8095611431886455,0.7906008895958915,0.8506587573424027
0.6918954887185198,0.904209620517892,0.8692615415418662,0.20463457765917925,0.7180442807616592,0.726488362895361,0.7781788314795335,0.7172680760339205,0.8375458145375313,0.5634598160369365,0.7834158752982345,0.5737866800821324,0.5409744594406848,0.21191636529983976,0.5632993478185777,0.7938852916172151,0.5019444823488712,0.6607633688837157,0.9129141020830053,0.8465229592706432,0.6536981982791004,0.892520433315051,0.7178344562435381,0.6667732676009143,0.8532335828235076,0.6510506114619793,0.6788306730929399,0.556346222817633,0.6920825182546317,0.0,0.6566296798420417,0.5864690487573414,0.5244414802567385,0.5161407721383904,0.622988222760698,0.8263873527049821,0.626907969043157,0.43951959067030666,0.5861887338562956,0.0,0.6571847752420551,0.5953157774543394,0.4660933672377564,0.0,0.0,0.0,0.6113386753072051,0.6066672577902624,0.0,0.5650498118113032,0.8375745911013722,0.5455879161560642,0.5401426527531904,0.6695605980712849,0.0,0.17719778812709508,0.0,0.6144216011795843,0.0,0.9737399281595943,0.0,0.0,0.0,0.3025154181944397,0.8621572882352597,0.702241728865232,0.45758716866173293,0.7929167634405506,0.0,0.0,0.7148643653371618,0.8023129072263365,0.8060683825920725,0.8192802550439867,0.47768352329163366,0.7109709144489196
0.5863901874236445,0.702913801634678,0.8275555730243489,0.2795272179806177,0.7705070750703308,0.7471069708143441,0.7607685851146829,0.7875655066112516,0.8074088720573097,0.6120675297778146,0.7404318029583545,0.6352294966143476,0.7078027829393474,0.46098032792007415,0.8222972748737385,0.7957955407945007,0.7648327237857365,0.7917583673558849,0.8565491670568801,0.7513860032661809,0.8816159207507753,0.7506552820209367,0.8024369151239877,0.7145743087011855,0.7144622227618661,0.7087869339794364,0.7522231863394461,0.569678006368206,0.6774106685859682,0.6566296798420417,0.0,0.7200058671149223,0.5484366659141295,0.31501336134182,0.3552652759758072,0.7258419696409536,0.40623484266907883,0.6286876692891871,0.6690551436084642,0.662512529341294,0.6919881794193904,0.5334633572082816,0.7378448415090203,0.5242654374199117,0.6668096111011601,0.6479368841439788,0.7302052813078761,0.7661529503003767,0.0,0.6451421583647248,0.8508898150829634,0.568089689395463,0.7317563598496308,0.7149350345756524,0.5337363982741952,0.8133308218211225,0.6725125262827335,0.829201401694025,0.0,0.7947987481043357,0.7049063641771627,0.6754200271982126,0.6500303819033602,0.6569842794515174,0.8775231370708801,0.576314029916462,0.7305522160919596,0.8631183306148993,0.5728784912043708,0.6509674268420116,0.7108131890452042,0.8269269589798961,0.8093168968473662,0.7907329358708102,0.713382047273963,0.6882528894036632
0.46406295611138326,0.49133365038912336,0.760321215753496,0.43476939143755944,0.7303070992148113,0.6595530746032618,0.8006871741921577,0.48610958131256077,0.7493585645225731,0.49614076888326536,0.6875351996584176,0.6823268843854614,0.8259169511838869,0.29214150672029865,0.6486682382927709,0.5764982996170214,0.5778103188746262,0.6013417135543649,0.776769142271848,0.6405806615602491,0.6895304048702628,0.45152555474253064,0.7254238884797467,0.49924733711455205,0.5482106004224482,0.6291306208412962,0.7209221383064948,0.7738820797839219,0.5915935903708268,0.5864690487573414,0.7200058671149223,0.0,0.5108748738587254,0.7457520324550659,0.6508704347732871,0.8016086425174593,0.7378099210864432,0.6384605593040779,0.32766260122712676,0.38693396370545385,0.39996148078395516,0.2894654190045213,0.49638674022494833,0.3329111395726664,0.5449363786807964,0.6397687023198213,0.7134528924187878,0.6672300549277617,0.8395888865870094,0.48208166201766783,0.750154532118563,0.34153094688041674,0.0,0.5186315548949278,0.317382324395939,0.18399109099773345,0.23011912969669546,0.34870440417793547,0.5855365582921993,0.8802783379291136,0.673993548966208,0.47848723319967207,0.5447981588923609,0.40051393696579374,0.9233139397730664,0.771487674111336,0.8225138117976002,0.773509459227375,0.19974884891951072,0.638647395831127,0.6523242230069877,0.7805459463447932,0.2375783251947064,0.8074029627494438,0.8313838828048219,0.5678560214364146
0.44187116375581964,0.6835979125908539,0.7154172811904013,0.32595318972913934,0.7957609711280131,0.6647679501176489,0.9981638368624643,0.2980228596641546,0.6320461571226652,0.5319073530438472,0.6541197698093124,0.3287490451548202,0.8837168548273359,0.0,0.7319384091633953,0.6367987113964592,0.42705081492724967,0.5072116086632753,0.5701126570870102,0.6395836395244566,0.6702554314878642,0.5364427646169578,0.68003103029376,0.28732132134081356,0.5985915427150511,0.6721683965652112,0.6916179695776414,0.8988508338903753,0.795525573620499,0.5244414802567385,0.5484366659141295,0.5108748738587254,0.0,0.6193427671996113,0.49510045063821007,0.6746182642084184,0.5062114113649154,0.3894419324637485,0.3504123370996067,0.2874450991440546,0.4433612415244362,0.3838507327728615,0.7139540209340389,0.39661668113164356,0.1835568264829498,0.7057467718686183,0.6672029026463593,0.49611895432166425,0.4525346462275026,0.0,0.46091632017062023,0.5446653839940604,0.26135596230764097,0.5634625982649584,0.4280606822931517,0.5560254759429342,0.5128263323606429,0.3600363615435579,0.43168061676096103,0.8471271350029065,0.6155603429921546,0.42783446781854445,0.552502265150904,0.547248656833939,0.7578606374535718,0.7052593058367363,0.8044648045565681,0.864844464506705,0.44076719074311455,0.5605065145096495,0.5589794030051156,0.7744801468171462,0.4244205019777288,0.7892859588958009,0.0,0.5437016029316312
0.6037816044622633,0.6383051794440643,0.7820458612376222,0.5317720795906746,0.7252205566356691,0.7069799867759685,0.7429012494817806,0.7791626865964144,0.7817603199111103,0.6111269159305739,0.6519555584292264,0.6385965345145267,0.6987686031327316,0.4805051784081809,0.7396660111218538,0.6797782852972584,0.7640262735479293,0.7014374657408207,0.7994210429282925,0.745666545193959,0.8017902110758255,0.6826460162144231,0.8000415491771901,0.7288754859228552,0.6782674369113506,0.7625351003556801,0.7238492082753522,0.5739312433098414,0.6906349778702647,0.5161407721383904,0.31501336134182,0.7457520324550659,0.6193427671996113,0.0,0.5702354099225472,0.84971248777023,0.39692593745731397,0.3578733018361979,0.49869313526306114,0.6168903814457164,0.6092950774176922,0.7696957676286799,0.5223144998190872,1.0000000000000002,0.5372127024079498,0.6734417266918563,0.7633814144935737,0.7557055768984879,0.0,0.5691200318560141,0.8010259957117073,0.31390514031505645,0.6023330829126339,0.6174926067521431,0.5383239087677929,0.453474566953257,0.6700686797871624,0.3632744561281091,0.7341632698082835,0.8263063260911687,0.7067355863207279,0.6858740999822759,0.6762202323390054,0.5707655781087233,0.8654392993104794,0.7805419788186164,0.7851416516488495,0.8275362204831398,0.7676088512424454,0.6199437093788414,0.7333653797262168,0.8603853594979801,0.5455445146621247,0.8110825415722484,0.5981424876044737,0.6283041280344911
0.6323957252000013,0.5877791061398717,0.664647811618871,0.3550026130667424,0.7156373019429092,0.7218836278736311,0.6652494304040981,1.0,0.7617735618722407,0.8088288024009102,0.6754862557468782,0.7334784373640396,0.6514074219490101,0.5090877217254686,0.6978102944806057,0.6912932527756535,0.6901268387115218,0.6516288303244167,0.7466187045084849,0.6934870846029625,0.6517194927169929,0.6732829660957778,0.7961217955552078,0.6607349833367052,0.6580670000398505,0.6939676089952521,0.785412399227633,0.45024387218019296,0.7189443850773534,0.622988222760698,0.3552652759758072,0.6508704347732871,0.49510045063821007,0.5702354099225472,0.0,0.8108577437801106,0.8773040932184757,0.5574641092963418,0.2738404002910811,0.3869475389430979,0.449561497558222,0.628360996370356,0.375412106443224,0.6725417548616137,0.6581493795788238,0.6059297412382881,0.757446192697098,0.7386746753252349,0.47490454713897085,0.983563208869374,0.6857726075739453,0.3945640703845704,0.495207112636939,0.6254422252070153,0.5276735251620019,0.31415797465469986,0.7333148545035261,0.47954716412137893,0.0,0.846353292734364,0.730087176199656,0.7494521968204697,0.6401247118844854,0.6646538547997805,0.7740175810553568,0.65914400016745,0.7842132462119543,0.8376286476832503,0.6021852114486038,0.6188007371232898,0.6348005642423684,0.6995047336090109,0.5053694654010096,0.8020703091950512,0.3913106838821386,0.4607852738111081
0.49978858786187846,0.8697962589013797,0.8620027398415132,0.27746074995201636,0.7211740534851433,0.8534448766991529,0.6212992119771036,0.6569825293368832,0.7830262002902338,0.4400398733072246,0.8739265299977349,0.8516949989033374,0.7274636825174658,0.632401924091275,0.7432182535937915,0.5628875922160482,0.5654855085958114,0.6465542777810205,0.9208539347407445,0.7299916635736009,0.7329529800518401,0.721826316674652,0.8750824171077406,0.4249982698962629,0.36919906575940575,0.6461921149359647,0.8198448610566623,0.6323849231299208,0.6305259881095577,0.8263873527049821,0.7258419696409536,0.8016086425174593,0.6746182642084184,0.84971248777023,0.8108577437801106,0.0,0.6451940165400427,0.8685154387431702,0.4874306452458738,0.7250050883183656,0.5164031676749861,0.2993944925580453,0.4985459098187179,0.617087995726523,0.6255696749463139,0.0,0.5424456186909384,0.5817316296633004,0.0,0.6549843904901336,0.6868532602623371,0.7116586014123636,0.06580334986590038,0.4475114399186742,0.745945118954193,0.5855970401704091,0.6556171273466598,0.5762256130537472,0.7577488203230148,0.8661374278074974,0.44727769598414824,0.0,0.0,0.6139769306518309,0.39876574455177144,0.771057789217878,0.8478484931268417,0.6200023030884055,0.39043239427500903,0.26600158491238307,0.4357436837740953,0.6979221360474678,0.7265564119538958,0.6842926166804937,0.3689414304895452,0.6769875837874875
0.0,0.5359248760757719,0.7689058291163334,0.7395343981271139,0.1872700068536881,0.7241894132322728,0.28050199429928974,1.0,0.7628417814496227,0.5119971566709988,0.2683961414304066,0.8893244604927998,0.652859773025023,0.6236276303349957,0.6076452627407521,0.7922039017382501,0.482038681562269,0.0,0.8568337347064281,0.6164625296421834,0.3156957589044039,0.6896716984784875,0.8188789685956733,0.8096163656323585,0.4950808326308451,0.5252671014481709,0.8101897526307705,0.22646485366774333,0.42651612783761383,0.626907969043157,0.40623484266907883,0.7378099210864432,0.5062114113649154,0.39692593745731397,0.8773040932184757,0.6451940165400427,0.0,0.5437045805276435,0.4563354370068736,0.48441882981839285,0.5377633461708617,0.20389423130499557,0.40579224631152183,0.4127630138492223,0.34903645338723965,0.0,0.0,0.6362656369935922,0.0,0.0,0.6875204909486466,0.5848722694484315,0.5108607812498481,0.34231535738389174,0.5901635617485059,0.5880929950970498,0.4719056730496929,0.21402839132384316,0.0,0.5459313067711795,0.0,0.0,0.0,0.0,0.6851012292437274,0.7458672722179813,0.42360121883836466,0.6214823685828335,0.3654623308775862,0.0,0.6478657487695316,0.6277287162247738,0.7331243463403868,0.6603564485286462,0.587371517583679,0.5989781021435312
0.7457222512112281,0.20765645120252169,0.8097769312062209,1.0,0.789103082594849,0.6251668177173655,0.9887858652931945,0.6228549520803268,0.8713262423763661,0.6068652433836083,0.600288926446299,0.36514995364674463,0.9370968861997152,0.7239541224850958,0.24135618961739339,0.3640999092259309,0.7077423713098369,0.743887993497625,0.6479296777299829,0.4465296326838705,0.5805848616847339,0.4177535177076766,0.608009631475085,0.6013013615036877,0.7241173000237002,0.6045525169363454,0.6359805997545543,0.7360068690860676,0.6423909456502486,0.43951959067030666,0.6286876692891871,0.6384605593040779,0.3894419324637485,0.3578733018361979,0.5574641092963418,0.8685154387431702,0.5437045805276435,0.0,0.4482013335072743,0.21929745257037075,0.4976182479787996,0.9999999999999999,0.5491862688738438,0.4878251720858712,0.14756227662007018,0.5250978894735973,0.47564312559770083,0.6262863976794544,0.0,0.5193799074128438,0.36043080656084225,1.0,1.0,0.6510071502718928,0.320143816168482,1.0,0.35425425434573865,0.871135705203188,0.4384900111485622,0.4720745458763024,0.0432776258216592,0.575562002175762,0.618439990242185,0.0,0.24189288647525597,0.0,0.48199517076399684,0.7020044042962063,0.40946947281451057,0.3114629323168539,0.6542910260771027,0.6069042117440795,0.6900725253889896,0.40216375924478687,0.0,0.3851003756102266
0.720701072759484,0.7407340477949809,0.33747725680545704,0.39942988346024855,0.3785385986388889,0.6609386502575978,0.3986830234763826,0.44570648213105035,0.4103867106476049,0.19582202599825788,0.22495436910686578,0.18474357384698756,0.4935604228011793,0.4248434637125666,0.7813335036093633,0.7249375389449015,0.5623101986360345,0.5397992983354065,0.34652928265244776,0.726542771025904,0.799791939757543,0.7648614518676318,0.8009488998680976,0.1593267201374277,0.6181289256016639,0.7144381299312935,0.752426841872053,0.6072937603936793,0.8519010335102525,0.5861887338562956,0.6690551436084642,0.32766260122712676,0.3504123370996067,0.49869313526306114,0.2738404002910811,0.4874306452458738,0.4563354370068736,0.4482013335072743,0.0,0.6520309307241877,0.8168054922209982,0.807098187735801,0.5702846445171028,0.7028430857315427,0.6663194575227405,0.498333985462965,0.6780425794087255,0.8788485070451515,0.5198247809236682,0.8945251622973789,0.8274637679230065,0.7422504019051179,0.629997448358075,0.8626625260478546,0.3457269401757054,0.816519946367519,0.5869186325126743,0.79233900837991,0.5007406177434834,0.7677009808359135,0.5510199026883503,0.7259494372649565,0.6384332409228988,0.8467385842508606,0.9488352272500746,0.8007502289938566,0.648705410022605,0.9038732752335976,0.5345628821787777,0.6221445828838511,0.5836462894064637,0.8125892285524968,0.5634014697725469,0.7520244083103353,0.45445290561031015,0.7038010894178528
0.5694570292983767,0.701343429337741,0.5423454360626432,0.0,0.63788926760971,0.5417777755082724,0.5309115658263456,0.8054435129470259,0.710756983266277,0.434530533481146,0.6715515976897901,0.46152446330688385,0.6877317988408771,0.0,0.8375541135429948,0.5868909406700313,0.6205246049735285,0.5903027818951276,0.8577510814278392,0.7189746822522524,0.5495356601599511,0.7452173117697729,0.6157902991078376,0.4312478331424392,0.5804059880970205,0.6097202750728159,0.5695816368936834,0.5643705623608808,0.584425512202362,0.0,0.662512529341294,0.38693396370545385,0.2874450991440546,0.6168903814457164,0.3869475389430979,0.7250050883183656,0.48441882981839285,0.21929745257037075,0.6520309307241877,0.0,0.9104576594944952,0.9065391554768524,0.7674323887999408,0.490313623073469,0.39420643813330514,0.5111768715735153,0.567210204136394,0.8993439203854681,0.4036669531593461,0.8602338827524392,0.8696128971501734,0.8824910799971326,0.848592093165532,0.9102418531548889,0.5185813054127469,0.8881567190908296,0.03381891586412028,0.8978163336640219,0.32211724408112935,0.865425740837058,0.38748349138342664,0.6380391993781857,0.5831440221319073,0.9967495029367114,0.7548138959504537,0.6038410254220125,0.6075492469209403,0.961657886488127,0.22339070927481244,0.6392090989930636,0.6190278693584009,0.818978779050925,0.6082360302960504,0.8391145353629778,0.47667304664572535,0.4090393429445024
0.7021139920765335,0.7781040318836103,0.6844697057055134,0.5126004874727055,0.6099593277092358,0.7802731085163026,0.45586363179686173,0.6850234293684139,0.5879542065655192,0.3681382796251798,0.45110985384347707,0.5791958005545652,0.5343304067705731,0.3285755802157395,0.8847704884530803,0.6672525666025144,0.6365992112238757,0.6158494043269993,0.36794620437805536,0.846100343056507,0.7878263181659544,0.9103695499809871,0.8764058623999289,0.4737926059029208,0.6011866806389963,0.8358273456329169,0.8121926947122442,0.4358439101412822,0.8578189064512983,0.6571847752420551,0.6919881794193904,0.39996148078395516,0.4433612415244362,0.6092950774176922,0.449561497558222,0.5164031676749861,0.5377633461708617,0.4976182479787996,0.8168054922209982,0.9104576594944952,0.0,0.42832957335629035,0.5522863908382307,0.560533876896077,0.6303790708858555,0.656626820781532,0.7317405416714666,0.80647941700045,0.4748803140465068,0.8457145504214004,0.8251680247856125,0.6400003682885536,0.8823413292152483,0.7795281378721595,0.4072501959877127,0.7704909561211734,0.41977059683050333,0.7115361893130098,0.5340622566258545,0.8839965642524944,0.5912638466622794,0.7394148806248639,0.5847969672260181,0.7920684393791679,0.8880797982171883,0.9037066032401615,0.8071448338065172,0.885539863150757,0.224476738486869,0.6870988108112672,0.6965762485853695,0.8127133743241247,0.6696651941109764,0.7010557270364717,0.2338043127996239,0.404611635112447
0.5030745961256826,0.7611021090209249,0.5495403380643796,0.0,0.5175549330341016,0.7367269467163647,0.3829527193816606,0.6541398005807787,0.626856426232849,0.5660753861666372,0.7068532478418785,0.5310789364228587,0.3727653745571682,0.0,0.8643035255574252,0.6697430160595665,0.5921348695047834,0.5390825117777158,0.5708756321053013,0.7601644070107217,0.8280845994201953,0.8685106405663264,0.8403970572151662,0.6560248922141516,0.6091371383953216,0.8243827982098954,0.6755261345439338,0.6911268411064428,0.7633682154493989,0.5953157774543394,0.5334633572082816,0.2894654190045213,0.3838507327728615,0.7696957676286799,0.628360996370356,0.2993944925580453,0.20389423130499557,0.9999999999999999,0.807098187735801,0.9065391554768524,0.42832957335629035,0.0,0.48158129335662797,0.48665349722010304,0.6428114921028585,0.6097054556621385,0.6687700009427155,0.7271701402740317,0.40983251107248964,0.6694428427342204,0.8093077022299618,0.5650524615719936,0.8112651622664643,0.784354489989695,0.46493315025332566,0.7830951012901557,0.5706971879592043,0.6354567511718331,0.3909665669464481,0.7414601164289384,0.4944289692342879,0.6614701076475018,0.46674836344714593,0.7357907413989031,0.7624643928163721,0.8251653299148987,0.7020949252323931,0.8187134854397049,0.3481794766505409,0.5532253067374252,0.5373117852704138,0.7866440331539805,0.6821823884032973,0.6864668594545648,0.5497485462339821,0.2805281603387226
0.0,0.2612917704179286,0.6200075490336182,0.5409602503124815,0.4089799126341395,0.6369544603597433,0.5829043545167548,0.36746913956983607,0.5359731988351795,0.4105716875191521,0.4583612571268757,0.4629043583975853,0.6995557115427887,0.47312332491917297,0.647403443680822,0.6840525030548131,0.0,0.0,0.4382815912058407,0.7963813249244622,0.45140702301372154,0.540561068420642,0.6854372409400902,0.4813937119099486,0.35910876252671503,0.35819431865773266,0.7309386699942333,0.490487853363898,0.6754140895718003,0.4660933672377564,0.7378448415090203,0.49638674022494833,0.7139540209340389,0.5223144998190872,0.375412106443224,0.4985459098187179,0.40579224631152183,0.5491862688738438,0.5702846445171028,0.7674323887999408,0.5522863908382307,0.48158129335662797,0.0,0.4895290883333675,0.7019371422066627,0.6280650713226897,0.3500968246693797,0.8419548703054778,0.35545733178691796,0.5757962395441456,0.8260938795497145,0.6468203519396117,0.909816674215687,0.8535542150293179,0.7937368748665314,0.7378913235892729,0.48448021918807577,0.8795061129034824,0.8281733647034538,0.8643730014550266,0.26109601428757356,0.5445179440582872,0.7144170956917866,0.884914518495347,0.7461930430611265,0.895335392757631,0.7692354618441921,0.8869852239286651,0.8452158868421021,0.8798275362569563,0.5170797889883565,0.8726743288086349,0.6234971258703916,0.7165864911988089,0.6619492411092717,0.7288711181263435
0.0,0.0,0.3655355344214347,0.0,0.49869910777749415,0.5869998454922208,0.27950445435817695,0.5459505323667477,0.5212978949768357,0.37536963728881817,0.6756024348122895,0.536562889599854,0.7897806080018706,0.0,0.24881046739772406,0.0,0.0,0.0,0.0,0.47005521535062855,0.0,0.0,0.9205259522097314,0.36964057937338757,0.0,0.0,0.9183271361044756,0.7901000609338314,0.31563516345178233,0.0,0.5242654374199117,0.3329111395726664,0.39661668113164356,1.0000000000000002,0.6725417548616137,0.617087995726523,0.4127630138492223,0.4878251720858712,0.7028430857315427,0.490313623073469,0.560533876896077,0.48665349722010304,0.4895290883333675,0.0,0.5886799298133418,0.0,0.6603820700343094,0.7448961588843624,0.39767988408223137,0.29696664072511436,0.7950381623709523,0.38989501397409576,1.0,0.7622337655377914,0.560808016999727,0.794961140191186,0.7606289725902186,0.3862007820575734,0.5667970197093937,0.8791417728652625,0.1696825149359662,0.0,0.0,0.7236576644034292,0.805388225725204,0.5465414787903538,1.0,0.9275394561773722,0.5765948760376869,0.4889175174104979,0.5907381600757298,0.7149640748968475,0.5154242011797021,0.5878311453575312,0.2831694740522648,0.3303195422551599
0.684960543309512,0.4767699040165765,0.2231459519196919,0.0,0.6087000957288339,0.5074231228173761,0.9999999999999999,0.49466524636747966,0.9061189315958389,0.32144437883568794,0.7501882222886515,0.4321781322739222,0.8497389056265955,0.0,0.27080244213903526,0.0,0.5174701013967388,0.4948564340218494,0.0,0.5454895485854635,0.47672469131322925,0.4815123570047643,0.5709888557389332,0.4279681185869747,0.553979624780252,0.36928305443351916,0.3952908274119433,0.8538518557064538,0.36533385491438874,0.0,0.6668096111011601,0.5449363786807964,0.1835568264829498,0.5372127024079498,0.6581493795788238,0.6255696749463139,0.34903645338723965,0.14756227662007018,0.6663194575227405,0.39420643813330514,0.6303790708858555,0.6428114921028585,0.7019371422066627,0.5886799298133418,0.0,0.7916527802598301,0.4973259725378397,0.8826952601822574,0.33581035670390746,0.7939936712564689,0.4713476016302107,0.8369449377867157,0.5297552736222344,0.9677374704149596,0.4118463076127071,0.8742080462734522,0.12234587280019046,0.9323386368645779,0.3999863247197693,0.5210216968432816,0.592837262888058,0.8550578930157777,0.7736839290409626,0.7808611168234555,0.5451727287893853,0.8855136023679436,0.3980539245578128,0.9570568866597343,0.4435843318975114,0.7780098801872601,0.49423634702602176,0.7105247503219213,0.6601941481110128,0.617879996486098,0.23641745498985145,0.7167750199478471
0.8766934764652057,0.8786409134913296,0.0,0.0,0.0,0.9674739199812388,1.0,0.5268923024850362,0.0,0.6145186978078794,0.0,0.6352921153798906,0.8044582831592162,0.0,0.8198196758706615,0.8398122145743103,0.659763360323049,0.6872048871887356,0.0,0.7488869893526383,0.9353334087406134,0.7145585091572393,0.729469965002838,0.6086285867012288,0.7037697821142737,0.8788581075004462,0.7067721973303829,1.0,0.7635201534197669,0.0,0.6479368841439788,0.6397687023198213,0.7057467718686183,0.6734417266918563,0.6059297412382881,0.0,0.0,0.5250978894735973,0.498333985462965,0.5111768715735153,0.656626820781532,0.6097054556621385,0.6280650713226897,0.0,0.7916527802598301,0.0,0.6459302628410846,0.7446549678171979,0.0,0.7608016149778516,0.7800327371063096,0.49076468704906684,0.8923005211531262,0.10615211246718914,0.7160336964751807,0.5733432926428059,0.7973910685627017,0.7857470978303652,0.6612607318445776,0.7722744488676989,0.6794489455427714,0.7497333353761345,0.80391959481248,0.0,0.8181986999924769,0.7747056626486903,0.6073430875429839,0.8306784600495418,0.8643277676444656,0.738599384579786,0.7101304588748563,0.7883151302784565,0.7745826058479238,0.8464998127140927,0.3808012616733277,0.5721540187325432
0.7435584453111959,0.7740232716417373,0.6989132550259802,0.0,0.6072974204708959,0.8392510677435411,0.7762387901212253,0.6325703826114046,0.9808776444495824,0.4677801939412332,0.0,0.5892945678203146,0.7663075885630459,0.0,0.8463674863128224,0.7139043680061412,0.633431667950112,0.6392042725650291,0.0,0.804419822399112,0.805552280913954,0.7998786315109726,0.8489975499516308,0.5517370823642891,0.6533401514854682,0.7760515168197748,0.8047125803456789,0.7417693186910299,0.7704713992014205,0.6113386753072051,0.7302052813078761,0.7134528924187878,0.6672029026463593,0.7633814144935737,0.757446192697098,0.5424456186909384,0.0,0.47564312559770083,0.6780425794087255,0.567210204136394,0.7317405416714666,0.6687700009427155,0.3500968246693797,0.6603820700343094,0.4973259725378397,0.6459302628410846,0.0,0.9582909470876727,0.0,0.8531547457274183,0.8881126349495986,0.9355949243911029,0.7638346418208884,0.9362660141717047,0.5218146441182134,0.46023972339938757,0.8528228323000973,0.9395814686478424,0.0652244831467708,0.7378645175067212,0.7440317859472518,0.6943276718000262,0.8188318643347205,0.4334068864984977,0.8560171601291965,0.6740199132943416,0.8399413739706908,0.8564705712757449,0.8031558624695975,0.9260259140712603,0.7637709251012005,0.8547895823849802,0.938040380291695,0.8047511314710312,0.5137296428123187,0.791875638301398
0.0,0.41855012154137305,0.606345090901981,0.4843184441446482,0.7626680201976056,0.6862388347124422,0.786269127125432,0.6088269674848567,0.6651666675221838,0.7474672589384003,0.4471275067809325,0.6005923614506853,0.7378843335987035,0.7847921160004176,0.35738142221371727,0.0,0.0,0.0,0.6365173925744328,0.6859999715952382,0.6652583080253012,0.4947718301529705,0.8750497248114668,0.4341170555555698,0.0,0.5704907374765422,0.7581142967150479,0.6842653135479928,0.7898648674458848,0.6066672577902624,0.7661529503003767,0.6672300549277617,0.49611895432166425,0.7557055768984879,0.7386746753252349,0.5817316296633004,0.6362656369935922,0.6262863976794544,0.8788485070451515,0.8993439203854681,0.80647941700045,0.7271701402740317,0.8419548703054778,0.7448961588843624,0.8826952601822574,0.7446549678171979,0.9582909470876727,0.0,0.49965012047166873,0.9327988202762987,0.910284661810794,0.8470123675303924,0.808218546069614,0.7745197489427877,0.7725034198441003,0.7434594620852698,0.7772211462525255,0.8921117975138064,0.9870953042145715,0.5910583281885998,0.8389644260851019,0.7382942264806971,0.7660927562101028,0.7182428753692749,0.880177506336823,0.5852938880831272,0.9288263162630901,0.7025273960848459,0.5778327233270849,0.822431340595407,0.8037918593213879,0.8830312375370031,0.8971091608541987,0.9168884932769052,0.8974776395723584,0.857398870755953
0.0,0.0,0.5167792323296551,0.0,0.0,0.0,0.0,0.0,0.683311137936608,0.0,0.48322076767034633,0.0,0.0,0.0,0.0,0.0,0.0,0.0,0.0,0.0,0.0,0.0,0.5167792323296526,0.0,0.0,0.0,0.0,0.0,0.0,0.0,0.0,0.8395888865870094,0.4525346462275026,0.0,0.47490454713897085,0.0,0.0,0.0,0.5198247809236682,0.4036669531593461,0.4748803140465068,0.40983251107248964,0.35545733178691796,0.39767988408223137,0.33581035670390746,0.0,0.0,0.49965012047166873,0.0,0.6631540225846577,0.5922054571336489,0.8341054311693894,0.0,0.9896790807105552,0.6766303139802777,0.7635667544612255,0.2717007001474804,0.8131414257632636,0.5825546240215057,0.0,0.0,0.0,0.0,0.5919564863034736,0.35572153822523844,0.0,0.7132153073507159,0.4162148899349118,0.24509707858609706,0.0,0.4606063157342214,0.5144048384925279,0.8027134079589573,0.0,0.0,0.6275260489729345
0.0,0.0,0.7314742342076241,0.0,0.5081138008893896,0.7199073855653296,0.6463103367504214,0.25834262560974863,0.7686546412369503,0.0,0.7200696624619304,0.4356076142696927,0.8348429052183057,0.6529749441624633,0.0,0.0,0.0,0.0,0.5059575957715154,0.4479831159731579,0.44997971044248325,0.6859363232498517,0.6823266467815667,0.0,0.0,0.5527562002221876,0.6438684091819843,0.6898003632646499,0.8165914341062765,0.5650498118113032,0.6451421583647248,0.48208166201766783,0.0,0.5691200318560141,0.983563208869374,0.6549843904901336,0.0,0.5193799074128438,0.8945251622973789,0.8602338827524392,0.8457145504214004,0.6694428427342204,0.5757962395441456,0.29696664072511436,0.7939936712564689,0.7608016149778516,0.8531547457274183,0.9327988202762987,0.6631540225846577,0.0,0.8008630584106899,0.8037168013475843,0.811879232140289,0.7243552560181973,0.7889478491908818,0.9873437838371107,0.799170680048674,0.8770837857880511,0.89210930167596,0.22477938967017355,0.8706839721480735,0.7527353593013748,0.6041618634276588,0.9668586586309025,0.8329150437540689,0.7039948823811608,0.7545678671896847,0.9999999999999999,0.6153338538740827,0.7020250859262216,0.8607418477387967,0.8749045477003734,0.7807281979417169,0.7680308783961692,0.4743139285755046,0.7577048780519113
1.0,0.8903463001529937,0.7938801152551678,0.11805930645606669,0.6260434153917012,0.7232043378027561,0.7973797434763757,0.6937591325158218,0.6772210031361481,0.701629290888894,0.7509880504330224,0.4574462389886745,0.793750197455096,0.5488777815078415,0.8346352166570359,0.7812595965179785,0.5907122901612643,0.6949050922980756,0.649611464245522,0.8367115930377009,0.84585951810118,0.7871218523279434,0.8132254118971103,0.2210253940288215,0.6649011393476565,0.9284562603653116,0.7612179828429144,0.7567699798452325,0.8445606137050699,0.8375745911013722,0.8508898150829634,0.750154532118563,0.46091632017062023,0.8010259957117073,0.6857726075739453,0.6868532602623371,0.6875204909486466,0.36043080656084225,0.8274637679230065,0.8696128971501734,0.8251680247856125,0.8093077022299618,0.8260938795497145,0.7950381623709523,0.4713476016302107,0.7800327371063096,0.8881126349495986,0.910284661810794,0.5922054571336489,0.8008630584106899,0.0,0.9036276393158195,0.9516272148539199,0.7002602567466854,0.8008330207142846,0.6293464420630385,0.7671305930337461,0.8546648650233636,0.941313077485635,0.9414659351377326,0.8581077311389567,0.7988736226216324,0.8964635629080222,0.7013369553445099,0.7839065993155769,0.9564181392922404,0.8363397298736497,0.9894968373563853,0.50642607347584,0.9586556536723642,0.9490805890746159,0.7537005960448029,0.8237374036241812,0.7181192194291177,0.7806491862197605,0.787014797512659
0.0,0.8231482897593672,0.8112849991217609,0.0,0.6791856909856682,0.7111807785208893,0.7928462034820655,0.7315827759858721,0.711054225124278,0.44046810746425663,0.7840815782481693,0.5521649303005047,0.7744610662449223,0.5665229006966092,0.5232763335504252,0.34186379711292125,0.5644368054289413,0.4622082926452824,0.7080347087038558,0.8852167639450922,0.6870949379083164,0.7801067782066704,0.771889809263579,0.7164675678911895,0.6887440077106451,0.8612817910715308,0.7501457125022368,0.5516639487591479,0.8294250446042294,0.5455879161560642,0.568089689395463,0.34153094688041674,0.5446653839940604,0.31390514031505645,0.3945640703845704,0.7116586014123636,0.5848722694484315,1.0,0.7422504019051179,0.8824910799971326,0.6400003682885536,0.5650524615719936,0.6468203519396117,0.38989501397409576,0.8369449377867157,0.49076468704906684,0.9355949243911029,0.8470123675303924,0.8341054311693894,0.8037168013475843,0.9036276393158195,0.0,0.811668382703135,0.7526865968226601,0.6519253716176465,0.8500624097674481,0.7159668395929181,0.665579791862856,0.773327179189653,0.5679787642839124,0.8248014682424987,0.7392137018249614,0.702420050317124,0.8623064959016385,0.8099712376207597,0.6716472861158995,0.7953760581802212,0.8882651625643744,0.7406024534287504,0.8907160186203499,0.890319851599176,0.9158570776820107,0.7520062182780936,0.865143391656841,0.860093024844298,0.4626574197657178
0.9796259548546954,0.8879214949475459,0.6324596974599189,0.0,0.6219681444508457,0.7719428294726128,0.7613155535658411,0.26966521949629807,0.5666948547362397,0.5407357188610799,0.34488151634410286,0.0,0.7892671023307962,0.2582366109803129,0.6951907325479885,0.4690061120211644,0.0,0.3188491727497378,0.38818603862378603,0.7160775930800438,0.3206009325539779,0.8490210916103295,0.7391700035203336,0.7091162714652377,0.8395808586095664,0.9470698588904766,0.6869619297970635,0.7958802830889344,0.7216001335195608,0.5401426527531904,0.7317563598496308,0.0,0.26135596230764097,0.6023330829126339,0.495207112636939,0.06580334986590038,0.5108607812498481,1.0,0.629997448358075,0.848592093165532,0.8823413292152483,0.8112651622664643,0.909816674215687,1.0,0.5297552736222344,0.8923005211531262,0.7638346418208884,0.808218546069614,0.0,0.811879232140289,0.9516272148539199,0.811668382703135,0.0,0.6658257476616953,0.96005420763495,0.7780356757573376,0.754269912007202,0.9603391083574608,0.8125599861350079,0.8170421841134884,0.7600555828157024,0.5418496610693446,0.7292775721113551,0.7039487928255262,0.8064888162107612,0.8911560429090619,0.8460809052768308,0.9067711816406234,0.8121225765554196,0.7091823168027198,0.7558694278432545,0.9229893816923408,0.9251196177894925,0.93798036225826,0.891278706560506,0.9584343839229166
0.0,0.5462350767514482,0.7936626442462827,0.4478264431818476,0.594740952774466,0.6216194524281919,0.7145216619118193,0.5813351229215483,0.6356897614141216,0.43351951761057794,0.741882942450417,0.6491227619018609,0.7139019033635122,0.4105324091416969,0.5514971693727848,0.0,0.0,0.0,0.6389397470013269,0.5609933990504278,0.714019975162057,0.3560555287013578,0.6586458125214513,0.4156175342332524,0.4932560092085895,0.5032154930450784,0.6605529760125985,0.6779678120069403,0.7943679795625287,0.6695605980712849,0.7149350345756524,0.5186315548949278,0.5634625982649584,0.6174926067521431,0.6254422252070153,0.4475114399186742,0.34231535738389174,0.6510071502718928,0.8626625260478546,0.9102418531548889,0.7795281378721595,0.784354489989695,0.8535542150293179,0.7622337655377914,0.9677374704149596,0.10615211246718914,0.9362660141717047,0.7745197489427877,0.9896790807105552,0.7243552560181973,0.7002602567466854,0.7526865968226601,0.6658257476616953,0.0,0.7678705135240128,0.9505859934198658,0.742144793086282,0.8662419100170713,0.8197935432707296,0.5021834154455467,0.7710966266760294,0.8010348786717099,0.7952674278325986,0.8060373407508225,0.8290902806511594,0.661122414995388,0.8800987243285586,0.9837723736712812,0.700203567069206,0.7638593171286628,0.7444009482461438,0.6420837078764019,0.8775464051611241,0.9067112358998615,0.9384281551244138,0.843449303640679
0.5541581342311681,0.6968777343471299,0.682326299945861,0.0,0.49475220908007916,0.6914268139684344,0.5534485464263014,0.500466945418182,0.6391378507388871,0.5613176530214073,0.6127968274186979,0.583939124771208,0.709482616823514,0.0,0.4986296996053271,0.43153419461841347,0.6896436229468559,0.7212430670523589,0.644093910423895,0.6582506752712797,0.4078160567430275,0.718398823343039,0.692982505119939,0.5562954068675837,0.6723477332448404,0.6158571227877614,0.6974479298755933,0.6123779205669799,0.6307932469383501,0.0,0.5337363982741952,0.317382324395939,0.4280606822931517,0.5383239087677929,0.5276735251620019,0.745945118954193,0.5901635617485059,0.320143816168482,0.3457269401757054,0.5185813054127469,0.4072501959877127,0.46493315025332566,0.7937368748665314,0.560808016999727,0.4118463076127071,0.7160336964751807,0.5218146441182134,0.7725034198441003,0.6766303139802777,0.7889478491908818,0.8008330207142846,0.6519253716176465,0.96005420763495,0.7678705135240128,0.0,0.7995861147723059,0.6095506793836667,0.7620932656279598,0.7350428594842813,0.3977317878039361,0.696158563798904,0.6676583512966378,0.7054493102694839,0.7714521312015673,0.7298919214882539,0.6963062446713346,0.6790585207276728,0.8586911791313473,0.4161019709334443,0.5898431839913245,0.7382126805376703,0.8275353579852228,0.644990383821863,0.7081500920777406,0.5541886200338416,0.7588929124396586
0.0,0.0,0.8326353197394915,0.5079682068752023,0.6830397671515226,0.7216032593627197,0.7612804462965249,0.4574025906930572,0.7451533985835477,0.5315288763800704,0.3943740185301948,0.5493984376651623,0.7305858858795453,0.5844330697852305,0.0,0.0,0.42821965150663355,0.0,0.5697748806232295,0.37845466209679646,0.0,0.0,0.7624760385673193,0.5521530092073761,0.0,0.5992117478724408,0.6464614533095528,0.7187735424598192,0.4748384539967324,0.17719778812709508,0.8133308218211225,0.18399109099773345,0.5560254759429342,0.453474566953257,0.31415797465469986,0.5855970401704091,0.5880929950970498,1.0,0.816519946367519,0.8881567190908296,0.7704909561211734,0.7830951012901557,0.7378913235892729,0.794961140191186,0.8742080462734522,0.5733432926428059,0.46023972339938757,0.7434594620852698,0.7635667544612255,0.9873437838371107,0.6293464420630385,0.8500624097674481,0.7780356757573376,0.9505859934198658,0.7995861147723059,0.0,0.7709252312837096,0.8895041356948045,0.7852345722436475,0.24980495614411433,0.0,0.6874298814619646,0.7628839411000305,0.7633671527988724,0.3780442018422001,0.3327980850659669,1.0,0.7856791791206335,0.5515520893677367,0.71921766208305,0.6954621769398391,0.6549530778000522,0.8645631038487306,1.0,0.8492124514008028,0.8295894744758056
0.7163844348825614,0.5053569148520339,0.6770073506806602,0.0,0.4422713510258161,0.49122572686646715,0.6398645071621503,0.0,1.0,0.6937827762632901,0.7228524584952561,0.7351669959986186,0.8132764453305671,0.43500657694564693,0.38036042316905133,0.6280370563023265,0.687529015425223,0.7123537401723808,0.45415162681179244,0.5147086543418582,0.555043288326438,0.5027838342500915,0.4468789472607068,0.7304610700302155,0.6715376609238597,0.6305451541427882,0.5039471962461035,0.8755461623552923,0.44797773165103044,0.0,0.6725125262827335,0.23011912969669546,0.5128263323606429,0.6700686797871624,0.7333148545035261,0.6556171273466598,0.4719056730496929,0.35425425434573865,0.5869186325126743,0.03381891586412028,0.41977059683050333,0.5706971879592043,0.48448021918807577,0.7606289725902186,0.12234587280019046,0.7973910685627017,0.8528228323000973,0.7772211462525255,0.2717007001474804,0.799170680048674,0.7671305930337461,0.7159668395929181,0.754269912007202,0.742144793086282,0.6095506793836667,0.7709252312837096,0.0,0.7290270266754184,0.5309296174388658,0.7591384546054717,0.6439155797552789,0.7911106984150806,0.6896217594273044,0.8725488649417071,0.6521063625937172,0.717597580403219,0.5136047475891639,0.7176650294294576,0.6523425989875474,0.6491477584222194,0.6345383578711442,0.7620019156996014,0.45763260606807393,0.42681000740422276,0.21552683533433492,0.7631240183737426
1.0,0.8472459109071826,0.8506560418786401,1.0,0.7925025370483559,0.7962666437093735,0.7242372304555971,0.7950701427177295,0.7166615642753764,0.35335211630116364,0.8506046271938188,0.62939462272891,0.7006733359534821,0.9073201184703918,0.8616052775099268,0.7594650131634717,0.4948107074031037,0.4960890451288213,0.8404236098076966,0.8706601437907182,0.8564848073668149,0.8447472591730149,0.827868312364496,0.18225090411997696,0.7011680276649841,0.8522580055759272,0.84798940289515,0.6670523316111354,0.8497369829496138,0.6144216011795843,0.829201401694025,0.34870440417793547,0.3600363615435579,0.3632744561281091,0.47954716412137893,0.5762256130537472,0.21402839132384316,0.871135705203188,0.79233900837991,0.8978163336640219,0.7115361893130098,0.6354567511718331,0.8795061129034824,0.3862007820575734,0.9323386368645779,0.7857470978303652,0.9395814686478424,0.8921117975138064,0.8131414257632636,0.8770837857880511,0.8546648650233636,0.665579791862856,0.9603391083574608,0.8662419100170713,0.7620932656279598,0.8895041356948045,0.7290270266754184,0.0,0.8137329363272335,1.0,0.8181212723466894,0.8513507913029207,0.845048199417009,0.8673998486540704,0.8917509112384883,0.9276151840454991,0.84696574992644,0.9456790354852139,0.7705878295154288,0.882810579446105,0.8761605365558214,0.9317787701561457,0.7157603102361344,0.831245954097278,0.7426077600786387,0.7866403543943012
0.0,0.0,0.5766666228874046,0.0,0.2933186684849991,0.5027745514286754,0.0,0.393513385098224,0.4040195535447672,0.0,0.7008686725892666,0.0,0.6116030299051212,0.44953711259397355,0.0,0.0,0.0,0.0,0.44992037375024446,0.0,0.0,0.0,0.51574697525443,0.0,0.0,0.0,0.5908555582560618,0.6441333644317652,0.26626418032832677,0.0,0.0,0.5855365582921993,0.43168061676096103,0.7341632698082835,0.0,0.7577488203230148,0.0,0.4384900111485622,0.5007406177434834,0.32211724408112935,0.5340622566258545,0.3909665669464481,0.8281733647034538,0.5667970197093937,0.3999863247197693,0.6612607318445776,0.0652244831467708,0.9870953042145715,0.5825546240215057,0.89210930167596,0.941313077485635,0.773327179189653,0.8125599861350079,0.8197935432707296,0.7350428594842813,0.7852345722436475,0.5309296174388658,0.8137329363272335,0.0,0.42564051918724294,0.0,0.3911187220953546,0.9160695235347044,1.0,0.7398613052668181,0.5755580785973977,0.44407866487764963,0.7322313626471517,0.6455134257705962,0.5615955391039726,0.5541300591785034,0.8287872312665187,0.8112776427715277,0.3794713997706332,0.0,0.6139154944090358
0.6638936527695671,0.8290458567812121,0.9557024472631201,0.0,0.878451079036313,0.915273397854492,0.8742500967664297,0.8549666043652742,0.9291357883909006,0.07389816868608005,0.5219210470238469,0.6661085973140444,0.726814576678427,0.0,0.8868640855770462,0.7867480347161931,0.0,0.6667967322828117,0.10556738010754381,0.821067016074888,0.7980785823183798,0.8346402159215478,0.8986893489116262,0.5628838595249491,0.7891714748706424,0.8626118845202172,0.8547648538200449,0.8085712273576277,0.8385110864192098,0.9737399281595943,0.7947987481043357,0.8802783379291136,0.8471271350029065,0.8263063260911687,0.846353292734364,0.8661374278074974,0.5459313067711795,0.4720745458763024,0.7677009808359135,0.865425740837058,0.8839965642524944,0.7414601164289384,0.8643730014550266,0.8791417728652625,0.5210216968432816,0.7722744488676989,0.7378645175067212,0.5910583281885998,0.0,0.22477938967017355,0.9414659351377326,0.5679787642839124,0.8170421841134884,0.5021834154455467,0.3977317878039361,0.24980495614411433,0.7591384546054717,1.0,0.42564051918724294,0.0,0.7437044412225492,0.8569633989271133,0.7662691633393995,0.18931275441848694,0.7931448712057791,0.7642716921329485,0.645489243501293,0.7678546740307576,0.6425299032361821,0.8053673611181572,0.6749880401075087,0.670682728222156,0.787202147130249,0.8800274104824483,0.7143526777667387,0.8654440659517151
0.7406242249362843,0.745470520932992,0.4957806692838174,0.0,0.2219960730179723,0.7835213395134092,0.5214655792931946,0.7404050733528824,0.8465089847349397,0.6901017582387113,0.0,0.6915466277212653,0.7546330116592755,0.0,0.8332906786875591,0.6799552270878383,0.739666714642266,0.5698576624098137,0.0,0.7932475745868003,0.7892488403375926,0.8196814900050661,0.8186183416090979,0.6327144410964621,0.6078557764112611,0.7229382121728013,0.7580117641041417,0.7264726677396766,0.7364544454898528,0.0,0.7049063641771627,0.673993548966208,0.6155603429921546,0.7067355863207279,0.730087176199656,0.44727769598414824,0.0,0.0432776258216592,0.5510199026883503,0.38748349138342664,0.5912638466622794,0.4944289692342879,0.26109601428757356,0.1696825149359662,0.592837262888058,0.6794489455427714,0.7440317859472518,0.8389644260851019,0.0,0.8706839721480735,0.8581077311389567,0.8248014682424987,0.7600555828157024,0.7710966266760294,0.696158563798904,0.0,0.6439155797552789,0.8181212723466894,0.0,0.7437044412225492,0.0,0.841552094081198,0.7274659116728274,0.49502462933381053,0.6940627396181013,0.7299740320957214,0.7425367155937581,0.7591805528629865,0.7886164542706785,0.6612765040531845,0.7196794888631951,0.8253187420961611,0.7733205691733164,0.7263517611056931,0.5656041547004507,0.7147407617740068
0.5329252124545459,0.7979517536052527,0.0,0.0,0.0,0.0,0.0,0.0,0.0,0.6508041211980836,0.0,0.621798580775092,0.7148928313423494,0.0,0.42894034275744686,0.7211771432947768,0.6976892807594064,0.6611685274659624,0.0,0.7073420782531235,0.0,0.9135908635914941,0.44753941900356864,0.6408059716768203,0.7125559830598062,0.6788345656887355,0.5359403790840127,0.7658131165711581,0.29649409548041084,0.0,0.6754200271982126,0.47848723319967207,0.42783446781854445,0.6858740999822759,0.7494521968204697,0.0,0.0,0.575562002175762,0.7259494372649565,0.6380391993781857,0.7394148806248639,0.6614701076475018,0.5445179440582872,0.0,0.8550578930157777,0.7497333353761345,0.6943276718000262,0.7382942264806971,0.0,0.7527353593013748,0.7988736226216324,0.7392137018249614,0.5418496610693446,0.8010348786717099,0.6676583512966378,0.6874298814619646,0.7911106984150806,0.8513507913029207,0.3911187220953546,0.8569633989271133,0.841552094081198,0.0,0.6143948612024956,0.5655152585796617,0.8409739951798156,0.563851230139493,0.7873483072328363,0.684616334105975,0.6753407875129225,0.5454929150742193,0.6251297904817942,0.7913860718363132,0.801012206305969,0.8906047284205586,0.583179973253647,0.8343904779433576
0.7318705675814803,0.7020058076685544,0.0,0.0,0.0,0.2942686374516446,0.5110012212541545,0.34564123737759894,0.0,0.5878910123909584,0.0,0.6402058372583208,0.5682289735631486,0.0,1.0,0.6256754098375952,0.6925555267509904,0.6288555139397034,0.0,0.8074729305166858,0.675296879922847,0.8019820137151483,0.726007302020462,0.7170984884444557,0.6370047509151906,0.6452652156466756,0.6874636181312703,0.7413938144780449,0.6803697912104897,0.0,0.6500303819033602,0.5447981588923609,0.552502265150904,0.6762202323390054,0.6401247118844854,0.0,0.0,0.618439990242185,0.6384332409228988,0.5831440221319073,0.5847969672260181,0.46674836344714593,0.7144170956917866,0.0,0.7736839290409626,0.80391959481248,0.8188318643347205,0.7660927562101028,0.0,0.6041618634276588,0.8964635629080222,0.702420050317124,0.7292775721113551,0.7952674278325986,0.7054493102694839,0.7628839411000305,0.6896217594273044,0.845048199417009,0.9160695235347044,0.7662691633393995,0.7274659116728274,0.6143948612024956,0.0,0.7587310465933678,0.8016715876500516,0.7580509041641463,0.859905916305087,0.7788835359337684,0.682780092655533,0.670328081117108,0.6915054150286275,0.8656512488286244,0.7307289761470845,0.8125637135251296,0.4408609380849073,0.7822327969911793
0.0,0.0,0.4366000759762141,0.0,0.7171875170818035,0.6880885275784849,0.7627413664597147,0.6463482088474153,0.5630231181061789,0.3162521795399054,0.22092021699265765,0.0,0.697987273032217,0.5395962974540238,0.0,0.0,0.0,0.0,0.19392622554428096,0.34657961177256846,0.0,0.0,0.8617752762677915,0.0,0.0,0.0,0.6221178008392518,0.7350955661292897,0.6487201308436042,0.3025154181944397,0.6569842794515174,0.40051393696579374,0.547248656833939,0.5707655781087233,0.6646538547997805,0.6139769306518309,0.0,0.0,0.8467385842508606,0.9967495029367114,0.7920684393791679,0.7357907413989031,0.884914518495347,0.7236576644034292,0.7808611168234555,0.0,0.4334068864984977,0.7182428753692749,0.5919564863034736,0.9668586586309025,0.7013369553445099,0.8623064959016385,0.7039487928255262,0.8060373407508225,0.7714521312015673,0.7633671527988724,0.8725488649417071,0.8673998486540704,1.0,0.18931275441848694,0.49502462933381053,0.5655152585796617,0.7587310465933678,0.0,0.5331008597920588,0.434627274265299,0.5573133894005684,0.6240218174830894,0.40800762929374157,0.59290029188286,0.7085916091358769,0.7220514863558924,0.8773158461806961,0.894022958011131,0.8851408037687323,0.8675561269036554
0.6236941641958861,0.8617021738213501,0.7780126760489687,0.0,0.8838988990569612,0.8724711478759258,0.8194519229626256,0.9017786208428753,0.8276710789966171,0.3657438461955711,0.38839685013440073,0.5010607276852511,0.8231680879131287,0.28794975724251587,0.817467159703284,0.8768641289690454,0.6870476030232967,0.678948327006223,0.518820991225309,0.841089881133266,0.7899541349967092,0.8197875256770124,0.9060473663990629,0.6390859788589779,0.790547007799775,0.9127886737301015,0.8782754222789884,0.8511534641807105,0.8684418661308161,0.8621572882352597,0.8775231370708801,0.9233139397730664,0.7578606374535718,0.8654392993104794,0.7740175810553568,0.39876574455177144,0.6851012292437274,0.24189288647525597,0.9488352272500746,0.7548138959504537,0.8880797982171883,0.7624643928163721,0.7461930430611265,0.805388225725204,0.5451727287893853,0.8181986999924769,0.8560171601291965,0.880177506336823,0.35572153822523844,0.8329150437540689,0.7839065993155769,0.8099712376207597,0.8064888162107612,0.8290902806511594,0.7298919214882539,0.3780442018422001,0.6521063625937172,0.8917509112384883,0.7398613052668181,0.7931448712057791,0.6940627396181013,0.8409739951798156,0.8016715876500516,0.5331008597920588,0.0,0.7197502930105047,0.7674102614854112,0.7634939317012732,0.7823140580078382,0.9275895556237133,0.8680165593811519,0.8587538495939673,0.8085154481952243,0.8512011538162431,0.7571333132587877,0.9309638859288896
0.24447043684293668,0.921158695229501,0.5887925969864093,0.0,0.0,0.8381798917352196,0.766251598705947,0.721624378029625,0.7477212613859122,0.6301143723361238,0.0,0.8230958028804456,0.7674599182935291,0.0,0.9079057493618642,0.7314644202315145,0.0,0.6161799277135105,0.0,0.8292809758645685,0.6641914067377711,0.8588916318071027,0.9280388537120595,0.36830834034502113,0.8953578961253595,0.9124487355196056,0.847734871133628,0.6366716002183023,0.8279918601408325,0.702241728865232,0.576314029916462,0.771487674111336,0.7052593058367363,0.7805419788186164,0.65914400016745,0.771057789217878,0.7458672722179813,0.0,0.8007502289938566,0.6038410254220125,0.9037066032401615,0.8251653299148987,0.895335392757631,0.5465414787903538,0.8855136023679436,0.7747056626486903,0.6740199132943416,0.5852938880831272,0.0,0.7039948823811608,0.9564181392922404,0.6716472861158995,0.8911560429090619,0.661122414995388,0.6963062446713346,0.3327980850659669,0.717597580403219,0.9276151840454991,0.5755580785973977,0.7642716921329485,0.7299740320957214,0.563851230139493,0.7580509041641463,0.434627274265299,0.7197502930105047,0.0,0.6653878533494434,0.7293815435715366,0.8378465209590957,0.7835337701062807,0.811655385263204,0.7779065813480427,0.7546576147919323,0.7786156396766774,0.6864742703052596,0.7776060228878668
0.7950885380499444,0.8521435835504778,0.6432551812496762,0.0,0.7310314923412541,0.8399518769772918,0.8360152385463755,0.8274707713791833,0.6311074570280912,0.6578345635244547,0.3679424768325716,0.7782152453340615,0.8276851135683173,0.0,0.8396659489825942,0.8082366112936684,0.7106845846652076,0.7363206345077793,0.5671714060959258,0.8083877950405143,0.7726522757171582,0.8095617238181574,0.8638536867188031,0.8032984818626224,0.7050142156672071,0.8438483905173971,0.7884356903032014,0.6930217277829751,0.774833776273538,0.45758716866173293,0.7305522160919596,0.8225138117976002,0.8044648045565681,0.7851416516488495,0.7842132462119543,0.8478484931268417,0.42360121883836466,0.48199517076399684,0.648705410022605,0.6075492469209403,0.8071448338065172,0.7020949252323931,0.7692354618441921,1.0,0.3980539245578128,0.6073430875429839,0.8399413739706908,0.9288263162630901,0.7132153073507159,0.7545678671896847,0.8363397298736497,0.7953760581802212,0.8460809052768308,0.8800987243285586,0.6790585207276728,1.0,0.5136047475891639,0.84696574992644,0.44407866487764963,0.645489243501293,0.7425367155937581,0.7873483072328363,0.859905916305087,0.5573133894005684,0.7674102614854112,0.6653878533494434,0.0,0.8472641111180425,0.41133784889213065,0.8849299814412981,0.7169833300454471,0.8205715116151058,0.8332218018175856,0.835624226438589,0.7924747842517315,0.8743050485642037
0.619813801676835,0.8455837008012768,0.8455456497735234,0.6813302570699151,0.7726268534072136,0.77491102458041,0.8480725039865874,0.8419449841683392,0.7338855757864471,0.8059865406277412,0.8244214460645921,0.5590603517041998,0.8256078811727655,0.473846887826525,0.8671263021687992,0.7325513121432787,0.9099718332662449,0.6450651723331755,0.679887052491905,0.8153685222107384,0.8346403791766137,0.8593218996506508,0.8945125236723004,0.012927283031354982,0.75157571785983,0.8917688705905559,0.8773371003276746,0.8158473500765289,0.875438609735656,0.7929167634405506,0.8631183306148993,0.773509459227375,0.864844464506705,0.8275362204831398,0.8376286476832503,0.6200023030884055,0.6214823685828335,0.7020044042962063,0.9038732752335976,0.961657886488127,0.885539863150757,0.8187134854397049,0.8869852239286651,0.9275394561773722,0.9570568866597343,0.8306784600495418,0.8564705712757449,0.7025273960848459,0.4162148899349118,0.9999999999999999,0.9894968373563853,0.8882651625643744,0.9067711816406234,0.9837723736712812,0.8586911791313473,0.7856791791206335,0.7176650294294576,0.9456790354852139,0.7322313626471517,0.7678546740307576,0.7591805528629865,0.684616334105975,0.7788835359337684,0.6240218174830894,0.7634939317012732,0.7293815435715366,0.8472641111180425,0.0,0.7202530923524725,0.7590690914370304,0.7544661503995874,0.7800660904579148,0.9617372560756656,0.8875508786492935,0.8812317631207403,0.9278822836334721
0.5355308763368024,0.7544147349738215,0.0,0.0,0.0,0.0,0.3389922623412185,0.570354112168261,0.3977279610499035,0.6383491652818195,0.0,0.7052111888264226,0.4379039927089957,0.5468180339667094,0.5433001929131082,0.6952036798566205,0.6566101563461298,0.6517474636064182,0.0,0.01816616742529988,0.5086015129350728,0.7046183775967512,0.49289326588228305,0.7025142394134273,0.6174433206167861,0.6133823424377791,0.5115445526201177,0.5726077941303044,0.44640890705267794,0.0,0.5728784912043708,0.19974884891951072,0.44076719074311455,0.7676088512424454,0.6021852114486038,0.39043239427500903,0.3654623308775862,0.40946947281451057,0.5345628821787777,0.22339070927481244,0.224476738486869,0.3481794766505409,0.8452158868421021,0.5765948760376869,0.4435843318975114,0.8643277676444656,0.8031558624695975,0.5778327233270849,0.24509707858609706,0.6153338538740827,0.50642607347584,0.7406024534287504,0.8121225765554196,0.700203567069206,0.4161019709334443,0.5515520893677367,0.6523425989875474,0.7705878295154288,0.6455134257705962,0.6425299032361821,0.7886164542706785,0.6753407875129225,0.682780092655533,0.40800762929374157,0.7823140580078382,0.8378465209590957,0.41133784889213065,0.7202530923524725,0.0,0.7080962818289919,0.7546826073914622,0.7655516158219227,0.5535081295866626,0.6931070217791852,0.6235898347466421,0.7508893612694265
0.7805832589074873,0.694225303327129,0.0,0.0,0.5608356314146228,0.7445807141762794,0.6390148245455762,0.7760956174485266,0.6283097143098846,0.5841906654042397,0.0,0.6186751398022828,0.6414775237242709,0.0,0.7868193468610962,0.6254872660756272,0.708586464688808,0.6555451543372648,0.0,0.8210219958659922,0.7948999575590548,0.7317043530090983,0.8328989898243004,0.7153342832222772,0.6247614614972643,0.6327980431761427,0.708288653329668,0.5846254654811004,0.7396496436565059,0.0,0.6509674268420116,0.638647395831127,0.5605065145096495,0.6199437093788414,0.6188007371232898,0.26600158491238307,0.0,0.3114629323168539,0.6221445828838511,0.6392090989930636,0.6870988108112672,0.5532253067374252,0.8798275362569563,0.4889175174104979,0.7780098801872601,0.738599384579786,0.9260259140712603,0.822431340595407,0.0,0.7020250859262216,0.9586556536723642,0.8907160186203499,0.7091823168027198,0.7638593171286628,0.5898431839913245,0.71921766208305,0.6491477584222194,0.882810579446105,0.5615955391039726,0.8053673611181572,0.6612765040531845,0.5454929150742193,0.670328081117108,0.59290029188286,0.9275895556237133,0.7835337701062807,0.8849299814412981,0.7590690914370304,0.7080962818289919,0.0,0.6526524700728585,0.8799299522763127,0.9180015922366831,0.8932079173584602,0.5655914188340608,0.7988204245746404
0.8508954555959273,0.786613120281373,0.5639941528990419,0.0,0.8872435709318599,0.8951240264994634,0.8263885330985322,0.8534541737608647,0.8502550099916768,0.6237974635029366,0.6199056760771564,0.6329459847904911,0.7685210451880241,0.0,0.8139023028511655,0.720373830602884,0.7029662051563238,0.6660593386608455,0.6900436212170749,0.7739526409793409,0.8702716466712235,0.8458440805892847,0.8226386532413528,0.7487936034599355,0.6537051983672628,0.7248690183270105,0.7748035227820104,0.8137081489554319,0.7886673619167703,0.7148643653371618,0.7108131890452042,0.6523242230069877,0.5589794030051156,0.7333653797262168,0.6348005642423684,0.4357436837740953,0.6478657487695316,0.6542910260771027,0.5836462894064637,0.6190278693584009,0.6965762485853695,0.5373117852704138,0.5170797889883565,0.5907381600757298,0.49423634702602176,0.7101304588748563,0.7637709251012005,0.8037918593213879,0.4606063157342214,0.8607418477387967,0.9490805890746159,0.890319851599176,0.7558694278432545,0.7444009482461438,0.7382126805376703,0.6954621769398391,0.6345383578711442,0.8761605365558214,0.5541300591785034,0.6749880401075087,0.7196794888631951,0.6251297904817942,0.6915054150286275,0.7085916091358769,0.8680165593811519,0.811655385263204,0.7169833300454471,0.7544661503995874,0.7546826073914622,0.6526524700728585,0.0,0.8189911375277898,0.8107159177315632,0.9230398595388107,0.42740015513147483,0.5807454072534721
0.6144795310738367,0.8160400620261732,0.7912684373106846,0.6949155696948521,0.8065300254813575,0.8332328038913531,0.8583823919802281,0.7233631608538316,0.689205483544857,0.6637843132182071,0.7083575855679268,0.45479076574536764,0.8350263333033132,0.5199868704623898,0.8620229336363867,0.6868297997632059,0.0,0.517684461222654,0.6483766438384772,0.8027463769146042,0.823376518361155,0.7975207427032743,0.8458540644002986,0.46664279428320804,0.6662685248306184,0.8656591845684424,0.8535534986708045,0.838129549846352,0.8404256317826345,0.8023129072263365,0.8269269589798961,0.7805459463447932,0.7744801468171462,0.8603853594979801,0.6995047336090109,0.6979221360474678,0.6277287162247738,0.6069042117440795,0.8125892285524968,0.818978779050925,0.8127133743241247,0.7866440331539805,0.8726743288086349,0.7149640748968475,0.7105247503219213,0.7883151302784565,0.8547895823849802,0.8830312375370031,0.5144048384925279,0.8749045477003734,0.7537005960448029,0.9158570776820107,0.9229893816923408,0.6420837078764019,0.8275353579852228,0.6549530778000522,0.7620019156996014,0.9317787701561457,0.8287872312665187,0.670682728222156,0.8253187420961611,0.7913860718363132,0.8656512488286244,0.7220514863558924,0.8587538495939673,0.7779065813480427,0.8205715116151058,0.7800660904579148,0.7655516158219227,0.8799299522763127,0.8189911375277898,0.0,0.854225224200353,0.7906039933679945,0.8219266863526459,0.8551094878924713
0.5238055892491332,0.7841865077556598,0.8784949008410372,0.44997328199038217,0.7996922737335795,0.8256878973822217,0.8031762483796716,0.8289629435681272,0.7681550184198821,0.5455476203105594,0.8710604915356189,0.6184560557713786,0.8330908501223474,0.538875314166804,0.7225591811202121,0.656099837894702,0.5415605721751783,0.5548622388074338,0.8325168707589766,0.7945128577735292,0.817724301011158,0.7395093287943151,0.8821686408777845,0.7328988608417698,0.5327887878365768,0.869125495547526,0.8430521699358972,0.8222886032654824,0.8474421024817398,0.8060683825920725,0.8093168968473662,0.2375783251947064,0.4244205019777288,0.5455445146621247,0.5053694654010096,0.7265564119538958,0.7331243463403868,0.6900725253889896,0.5634014697725469,0.6082360302960504,0.6696651941109764,0.6821823884032973,0.6234971258703916,0.5154242011797021,0.6601941481110128,0.7745826058479238,0.938040380291695,0.8971091608541987,0.8027134079589573,0.7807281979417169,0.8237374036241812,0.7520062182780936,0.9251196177894925,0.8775464051611241,0.644990383821863,0.8645631038487306,0.45763260606807393,0.7157603102361344,0.8112776427715277,0.787202147130249,0.7733205691733164,0.801012206305969,0.7307289761470845,0.8773158461806961,0.8085154481952243,0.7546576147919323,0.8332218018175856,0.9617372560756656,0.5535081295866626,0.9180015922366831,0.8107159177315632,0.854225224200353,0.0,0.7490272738306047,0.656999384415807,0.6012528445971873
1.0,0.8225218867238802,0.8251506927433603,0.9252746649372761,0.7866699417956098,0.808312452125374,0.7720579530667732,0.8243911062967537,0.7188326141411185,0.5955354343875479,0.6305861658366237,0.4526889210170299,0.807751402971743,0.7102527357757166,0.8091044539038075,0.7641805515249228,0.5583941695539775,0.7153422263136973,0.7704481474585348,0.8109131862039283,0.8291574428905364,0.8844406144087594,0.8894708273791561,0.4281699340504827,0.6825566201546258,0.869567612881126,0.8533498443237192,0.8315988929487403,0.8095611431886455,0.8192802550439867,0.7907329358708102,0.8074029627494438,0.7892859588958009,0.8110825415722484,0.8020703091950512,0.6842926166804937,0.6603564485286462,0.40216375924478687,0.7520244083103353,0.8391145353629778,0.7010557270364717,0.6864668594545648,0.7165864911988089,0.5878311453575312,0.617879996486098,0.8464998127140927,0.8047511314710312,0.9168884932769052,0.0,0.7680308783961692,0.7181192194291177,0.865143391656841,0.93798036225826,0.9067112358998615,0.7081500920777406,1.0,0.42681000740422276,0.831245954097278,0.3794713997706332,0.8800274104824483,0.7263517611056931,0.8906047284205586,0.8125637135251296,0.894022958011131,0.8512011538162431,0.7786156396766774,0.835624226438589,0.8875508786492935,0.6931070217791852,0.8932079173584602,0.9230398595388107,0.7906039933679945,0.7490272738306047,0.0,0.7342379440553632,0.7888009710264307
0.0,0.6564130741644104,0.8641313416758899,0.0,0.6934602312806095,0.7756341223142432,0.7022690488599084,0.8636656556543847,0.5815088094768771,0.0,0.6680435168165463,0.0,0.6990753017704842,0.0,0.5702972162877373,0.6193147285977738,0.0,0.0,0.8330556390160323,0.8100250119353714,0.6243561313080452,0.5016893037799715,0.8591039045875416,0.0,0.0,0.46500101621997625,0.8062549325475398,0.8103104262646388,0.7906008895958915,0.47768352329163366,0.713382047273963,0.8313838828048219,0.0,0.5981424876044737,0.3913106838821386,0.3689414304895452,0.587371517583679,0.0,0.45445290561031015,0.47667304664572535,0.2338043127996239,0.5497485462339821,0.6619492411092717,0.2831694740522648,0.23641745498985145,0.3808012616733277,0.5137296428123187,0.8974776395723584,0.0,0.4743139285755046,0.7806491862197605,0.860093024844298,0.891278706560506,0.9384281551244138,0.5541886200338416,0.8492124514008028,0.21552683533433492,0.7426077600786387,0.0,0.7143526777667387,0.5656041547004507,0.583179973253647,0.4408609380849073,0.8851408037687323,0.7571333132587877,0.6864742703052596,0.7924747842517315,0.8812317631207403,0.6235898347466421,0.5655914188340608,0.42740015513147483,0.8219266863526459,0.656999384415807,0.7342379440553632,0.0,0.41790405600556646
0.5397175820866436,0.838616067224651,0.7461840087367292,0.0,0.5972352608810323,0.8579952861440493,0.8485777879624369,0.8679286886829596,0.7566374725348028,0.4643307833992636,0.6344698053094419,0.5343667733272365,0.7725267488422983,0.0,0.8856991723666409,0.6817374762351721,0.6111313566487082,0.6260036842001514,0.7038142656523548,0.8512278633013358,0.7355306503992516,0.8673989451127105,0.8920250976100804,0.4536777044328168,0.6299444598050149,0.7499888854728859,0.8442347365345537,0.8005592154397566,0.8506587573424027,0.7109709144489196,0.6882528894036632,0.5678560214364146,0.5437016029316312,0.6283041280344911,0.4607852738111081,0.6769875837874875,0.5989781021435312,0.3851003756102266,0.7038010894178528,0.4090393429445024,0.404611635112447,0.2805281603387226,0.7288711181263435,0.3303195422551599,0.7167750199478471,0.5721540187325432,0.791875638301398,0.857398870755953,0.6275260489729345,0.7577048780519113,0.787014797512659,0.4626574197657178,0.9584343839229166,0.843449303640679,0.7588929124396586,0.8295894744758056,0.7631240183737426,0.7866403543943012,0.6139154944090358,0.8654440659517151,0.7147407617740068,0.8343904779433576,0.7822327969911793,0.8675561269036554,0.9309638859288896,0.7776060228878668,0.8743050485642037,0.9278822836334721,0.7508893612694265,0.7988204245746404,0.5807454072534721,0.8551094878924713,0.6012528445971873,0.7888009710264307,0.41790405600556646,0.0
