0.0,0.6544082921895755,0.648263132566924,0.0,0.04873497114220605,0.7000292305660154,0.7541232627760991,0.7704872810949778,0.8056392137315591,0.7250767075822208,0.37829882898471306,0.7086862744597535,0.7853318099620443,0.5546449475416435,0.46098611335563705,0.5880003650371631,0.5399760614894407,0.5408658184006208,0.0,0.6070093201841952,0.6057693102620583,0.5549769278058353,0.7273651120892474,0.5882932923638652,0.6342857929798418,0.384440022505896,0.7240892000937805,0.6711237880973623,0.6105665892094165,0.7019083043508945,0.5883665059389223,0.5035945490123548,0.5819305540041229,0.5194841145344761,0.37947163145705554,0.5266563176252015,0.0,0.7128423776388229,0.7104702096439348,0.714085521726056,0.6913472646470501,0.5421057871759973,0.0,0.0,0.6939851374785008,0.2848958660227442,0.6408715732303134,0.0,0.0,0.0,0.5630205001223709,0.0,0.5609984885563319,0.0,0.5888032724072815,0.0,0.7908642329514661,0.5822352353132042,0.0,0.5513344769133726,0.6386527449728697,0.5882247860248632,0.6258882750889179,0.0,0.6270909190192985,0.3502434248531721,0.6971144527731623,0.5102268589985282,0.31011607039714173,0.6872316654244794,0.6921293731865985,0.5216948890944104,0.5000895187407037,0.7241807163820956,0.0,0.5348372869785478
0.6544082921895755,0.0,0.6572138399269579,0.0,0.5785298825990449,0.6960523270687528,0.5938006659261295,0.8066342845340551,0.6217223938302143,0.48773058899340604,0.45097269749695756,0.3787470662495401,0.6706815698154349,0.0,0.5436098905154014,0.6526718009771378,0.6319301698490766,0.5605496384150155,0.7847921880854497,0.6506210824563474,0.7854277939266839,0.5095105995054414,0.6425707060865687,0.6211587515113075,0.6123450615401861,0.41843433403215735,0.6263432602765787,0.7512267584262904,0.7064793654342244,0.6119445151293048,0.5668372159803632,0.4803215101048749,0.5902000780248143,0.42954817944522444,0.31314068564020625,0.5055747354855029,0.5584394739890911,0.2215440200780026,0.7276055673340913,0.6549721183582401,0.7098176852261509,0.7580602276823583,0.2756159667384702,0.0,0.5003097884715235,0.7359031175778803,0.6825015886639619,0.43736704917645336,0.0,0.0,0.7297095247146994,0.609296090447223,0.6253305135930028,0.5273632244307257,0.7215857090876132,0.0,0.41250329964550203,0.6748169625160058,0.0,0.66253926154298,0.6814651761147391,0.7282271891451028,0.6720574080592372,0.0,0.6948396605819106,0.8087973325330944,0.715102808447255,0.7438664072592003,0.8799128164781926,0.626625697221137,0.6790814892802703,0.7364860047299373,0.6801845138639461,0.7287489645905012,0.6407087928044495,0.7237899840964706
0.648263132566924,0.6572138399269579,0.0,0.47902892473676484,0.4372534536803553,0.49765060659414523,0.6989898736481378,0.49117645947339234,0.33153693311095606,0.6896032135040946,0.2856168724398541,0.6625645285429814,0.7466223019535679,0.5864164139672526,0.40267385789195165,0.8584761217312676,0.604230651368459,0.5552877441290865,0.18515438367747122,0.7431723896304224,0.5408973549946224,0.6556805054142866,0.25853166925951065,0.5349446588226409,0.533664914610762,0.6136159671374755,0.473374981253189,0.7723998853171097,0.7515410577384717,0.7056609582622992,0.7453401106709081,0.6785597533341241,0.5189908236494193,0.734299296404543,0.6915118573081431,0.5777741669806179,0.6910144789466737,0.6332027584735342,0.5960375101452972,0.42998363177389726,0.7186441883454064,0.6015552945979706,0.731942988182013,0.6265676293282554,0.23545773517181512,0.0,0.6919215194420407,0.7665317499169075,0.5016570367844622,0.6646943286168988,0.7724030958874539,0.8146364108453994,0.6162760493853995,0.7474636475505768,0.6853149741313402,0.8737249177991849,0.18733457959929936,0.792417986351817,0.8289874859955777,0.38465904015946817,0.5082124700389905,0.0,0.0,0.7364948917144281,0.48491587261305513,0.5963913530935925,0.4871315077411015,0.7875023222006428,0.0,0.0,0.3935057233546747,0.7514367518933127,0.7992960002507817,0.852470090191031,0.590035739768542,0.6940176089454061
0.0,0.0,0.47902892473676484,0.0,0.5840667762623991,0.7128978621865338,0.5941232377648176,0.7507887887276297,0.6159229837180402,0.5936307523432549,0.7609723575227566,0.5309404720090137,0.8312116434390888,0.606626936827589,0.4646731204437353,0.0,0.4647725897345524,0.0,0.7089035460427139,0.5219847473399299,0.5579834494326922,0.617904775484926,0.5643019864254318,0.2911416111805312,0.0,0.8231548872991741,0.5639780990472436,0.5899779413122889,0.3893546956929456,0.22557991628299778,0.49947186680200684,0.5155191170445679,0.35105725924842024,0.6017358590130356,0.2131067854605734,0.501743539492888,0.28241583089629335,0.38008250398087845,0.42297760701697174,0.0,0.49618990274299973,0.0,0.5413710768608806,0.0,0.0,0.0,0.0,0.5013875940765924,0.0,0.0,0.12147660841387861,0.0,0.0,0.4510410199256333,0.0,0.49861240592340517,0.0,0.5097611380572573,0.0,0.0,0.0,0.0,0.0,0.0,0.0,0.0,0.0,0.7911275924871082,0.0,0.0,0.0,0.7109387991665052,0.45091330111430844,0.920913885298323,0.0,0.0
0.04873497114220605,0.5785298825990449,0.4372534536803553,0.5840667762623991,0.0,0.6623159279140429,0.6491983146722959,0.7236336607140821,0.3645841595983189,0.7739066927031532,0.46579174648799293,0.7373297346968618,0.799317454999616,0.5945649562159079,0.4312096773637421,0.8467029248598844,0.44607392987664407,0.6316925865197601,0.44827691713597373,0.7519919971006668,0.6437732873191914,0.6998857371778099,0.7613435617908638,0.8417408859603956,0.6167835604897384,0.6701540531570446,0.5000191905394658,0.7921765570758519,0.7396838444572568,0.7673518356734227,0.8012728064137831,0.6687701393325607,0.7424049943911433,0.7746554793841248,0.6916175685613104,0.7425191843393547,0.5733632414786561,0.7013766917688894,0.6183204333576142,0.6117439253708842,0.5784193802152772,0.4720842947287695,0.6885443245956823,0.4999131225025508,0.5956709320401764,0.0,0.39226871445854705,0.7313297051632078,0.0,0.43279814014987655,0.6135321421866637,0.7434644814006552,0.6067138551254008,0.6019478805129649,0.49596437293837364,0.6346698880208282,0.43647093955243704,0.8061932293109112,0.41665923138742195,0.6605805366020902,0.2541217538972023,0.0,0.0,0.5840003479812876,0.666875399646138,0.0,0.5523261148355307,0.7545442699011001,0.0,0.5581300579118114,0.5907135442690633,0.7097242896883051,0.7563909515204201,0.667062678541302,0.7159530175485418,0.64380237695912
0.7000292305660154,0.6960523270687528,0.49765060659414523,0.7128978621865338,0.6623159279140429,0.0,0.6314485508482003,0.7225211839971128,0.4670351644456301,0.7634788738015107,0.7136842965698341,0.6642049412938352,0.7163018749970491,0.5232475453567368,0.5323216469749796,0.8655204354435071,0.5497662878948506,0.8051565783653348,0.48666787096543374,0.6337951938618842,0.6302043578457439,0.6973447409189425,0.5485647601551097,0.66148099181424,0.751133174793045,0.6064311832940328,0.4631723173913379,0.6661401930070031,0.5882673984750396,0.6570713123593259,0.6797841464522323,0.642699173452448,0.5224221206692876,0.6534966536356549,0.6392559242023288,0.7769175828410129,0.7166503241525742,0.5752434443648912,0.6634874073045511,0.5010040327593274,0.6646201895453185,0.48745896863142657,0.750304772663955,0.6358161837737404,0.5159395518724675,0.6640755823058799,0.7259280041534364,0.619213225899559,0.0,0.7276630539016474,0.7428103830827164,0.8152048693478067,0.7818528105202917,0.658218016849166,0.4675657111693231,0.7370199709514321,0.4900811123704126,0.7648185323099101,0.6118239066277688,0.7481611362517114,0.6738136033676009,0.0,0.34318481040496296,0.5979908276965489,0.765769048862908,0.7077771548889291,0.7015414837038106,0.7427337060414548,0.0,0.7059241945496662,0.7708024172852481,0.8024028396757524,0.7164367652029607,0.7195137896403418,0.6676259928347159,0.7539437669532734
0.7541232627760991,0.5938006659261295,0.6989898736481378,0.5941232377648176,0.6491983146722959,0.6314485508482003,0.0,0.7425691197046196,0.5356241558221664,0.8021592162264267,0.6712415805444731,0.835574399727523,0.7275363180784331,0.5799393794397685,0.6638138467640471,0.8096797034595747,0.7190521519906866,0.734439961055268,0.7276853577066342,0.7003828443859401,0.7854918728218724,0.7331626562409064,0.7138380259299874,0.8457890658891901,0.6826998230637185,0.7189268448142961,0.6098285747669946,0.8570044532295457,0.6744174242498779,0.6872332915572947,0.8478287482683272,0.7523913642283911,0.8004374504977088,0.8067046300978244,0.6800093304262549,0.5238656096202519,0.741862431393835,0.7124365469909294,0.6751020440447064,0.5337913171053493,0.16738601936884706,0.6478453256555485,0.8098335442565298,0.26959737938374,0.462135270372639,0.4959989072323617,0.6417848600312407,0.743009179310246,0.0,0.6833059434708608,0.7959937799322705,0.7946965012467162,0.7303263639372837,0.7402748904803437,0.5285237594212759,0.7635005423611243,0.6468552800251434,0.8150401429884111,0.6343452090679875,0.7437525672851459,0.4511397795339092,0.0,0.5225309335635501,0.6626794465750527,0.8137386554109608,0.7638378218550013,0.6667817978515682,0.8163312189792088,0.34795201391425795,0.5544256104184642,0.7199130462974677,0.7938023539506276,0.8022627711931649,0.7776659695948801,0.7295384872553705,0.7401242697902687
0.7704872810949778,0.8066342845340551,0.49117645947339234,0.7507887887276297,0.7236336607140821,0.7225211839971128,0.7425691197046196,0.0,0.5778040461815249,0.8356345915676987,0.5507615446915862,0.8089849107064115,0.7507205874158964,0.6600949868786815,0.8719022002525337,0.8248312429714368,0.588071892612724,0.8252277354112669,0.5434587841490512,0.7439098476349776,0.659180833371381,0.8143271265172392,0.517328197722521,0.7808911698314618,0.7741617219326095,0.7748903290951752,0.6241086291381321,0.7130418196835799,0.678809785822645,0.5515165107261601,0.7401814735180922,0.6735229086986981,0.7672992008825891,0.7137439704582825,0.5481764856092247,0.6132929915686225,0.42256503140227564,0.7999940366175505,0.8362948949891341,0.9188623439617004,0.7009718955332997,0.648640295887051,0.886394403777981,0.5516737643348033,0.48479265152889117,0.4847817310290442,0.725885411758202,0.4463330967893191,0.0,0.6250603402863235,0.5862855954111313,0.7286983348903573,0.5965168131130608,0.5501162112693264,0.24121436838077054,0.5863865583619298,0.0,0.6784487373749133,0.6152788522813213,0.6894184298478739,0.8617861326949507,0.0,0.36024091827543236,0.435530656676606,0.7738267764728046,0.6623637894735488,0.7351730153718178,0.8242937657150807,0.5452214716428926,0.7043354531694087,0.7515067230955451,0.6281766915379797,0.6639279407841259,0.6675063911342513,0.6275509442166114,0.6523283611427643
0.8056392137315591,0.6217223938302143,0.33153693311095606,0.6159229837180402,0.3645841595983189,0.4670351644456301,0.5356241558221664,0.5778040461815249,0.0,0.7354999261995763,0.42395545053282724,0.7850809623174014,0.6626967736436556,0.5320450562421988,0.5805738018906356,0.8548004390617351,0.5635481934778053,0.5628151703101572,0.2529422524436382,0.7189094799067455,0.6457955755768894,0.710612978846409,0.6112128810288511,0.8335885950119971,0.5879312870048248,0.5603400951537792,0.4820654316892022,0.7293338158478033,0.5940956355175562,0.6612962180697879,0.7424266112407308,0.6787224144299352,0.5205566392132787,0.7565581057089774,0.7368733727713946,0.6792110705601603,0.6973226280813125,0.6572793856241615,0.7528943191380654,0.04569778332617498,0.5569196045507183,0.6419010653150491,0.7816966920625621,0.6834402812297857,0.35107778408181756,0.0,0.5650667489057637,0.7845048128638197,0.6968023832616435,0.6794896101277863,0.7355245315751616,0.7912273545247412,0.6272711139326045,0.6798313711110027,0.07789119902359197,0.7284210904629036,0.3950977955036514,0.6928513251313018,0.7055202772354067,0.6301921920162638,0.559354452724367,0.0,0.0,0.5646322505427155,0.593255390483583,0.5634265830391962,0.4574051802044625,0.7202158926686383,0.41358267814047855,0.6334758293690244,0.5243170634658391,0.6792938611411307,0.7740945617667802,0.7121425886994145,0.6243994928142567,0.7129273740797515
0.7250767075822208,0.48773058899340604,0.6896032135040946,0.5936307523432549,0.7739066927031532,0.7634788738015107,0.8021592162264267,0.8356345915676987,0.7354999261995763,0.0,0.7485427897237384,0.45929986205305967,0.8188343978933381,0.8939911623080764,0.29097559755676405,0.5706482651291703,0.39856062032579154,0.48997204910915093,0.7171426493493651,0.2555831673087178,0.7562676558010599,0.5197233764211263,0.7522324254279755,0.7310362090752534,0.46928956917625303,0.5335473448576556,0.6428932355235512,0.7447616147472752,0.38731934824913633,0.5990836379851862,0.4908045608724054,0.6675350185310016,0.7440192897628386,0.405174428842991,0.2162691178243186,0.7591561456795627,0.6019310151676865,0.6450433818499278,0.19798315223934057,0.5924444111985709,0.414526892253128,0.48199649071457934,0.272430447826107,0.40081954098009237,0.7032409494141001,0.9483272439981599,0.5086198533360718,0.7468034412832741,0.0,0.0,0.6969035570871072,0.5140203819376299,0.5433691009895112,0.42654893567926355,0.8029443504779417,0.5675144721638509,0.7914059347277117,0.4718137402947305,0.0,0.06874576359085215,0.5930670020337457,0.7557417667743682,0.6437921123345851,0.32184289783973774,0.3778935603837378,0.6253990201642516,0.6590634085848575,0.7623008109238874,0.7940234807964205,0.6785429046312423,0.7292409266510902,0.7627339005857368,0.5013006397034669,0.6074587688274908,0.0,0.7546325255811127
0.37829882898471306,0.45097269749695756,0.2856168724398541,0.7609723575227566,0.46579174648799293,0.7136842965698341,0.6712415805444731,0.5507615446915862,0.42395545053282724,0.7485427897237384,0.0,0.6040669380848273,0.7560277733779147,0.7104260433773962,0.0,0.4514736669183184,0.5051519229670701,0.5791912585776609,0.23398470630185342,0.5504444564006256,0.8309189205081352,0.45306652875071146,0.5075991216845279,0.7312538105333767,0.6236557369704051,0.7218168298388707,0.4938752762249986,0.7525503997628998,0.5751574988812447,0.6981812686461601,0.7332467557674218,0.6635977328293933,0.5368205104236777,0.7171663606421081,0.6430253611306921,0.6570833294742873,0.7272857688348237,0.6412965177198403,0.5514807308317947,0.6527216340054884,0.6846373117113271,0.7174834555135339,0.7494534869052272,0.6643781790014389,0.7462425615238132,0.0,0.0,0.7932755902033714,0.5050741139647914,0.8103036957126998,0.8018690470949613,0.8374925797465871,0.6609571596495655,0.7794002390071855,0.6087580685066942,0.7450012933798982,0.7351100528742188,0.8111380240303385,0.818336245808011,0.5444331838543468,0.0,0.0,0.0,0.4772516950857424,0.4098180218479546,0.0,0.36224568155147757,0.834405467679077,0.0,0.0,0.6116299681258432,0.6245161019702827,0.8384998640219851,0.6557038677708118,0.6786980504481951,0.6229160742922429
0.7086862744597535,0.3787470662495401,0.6625645285429814,0.5309404720090137,0.7373297346968618,0.6642049412938352,0.835574399727523,0.8089849107064115,0.7850809623174014,0.45929986205305967,0.6040669380848273,0.0,0.8344019578046267,0.7067338672044821,0.9999999999999998,0.6988463251137736,0.5367509949517031,0.6294571874690391,0.8436255099339807,0.606135075306427,0.7527365204121146,0.6473285832157984,0.7691172217279344,0.616578470874817,0.4279032382079432,0.7062406510347147,0.4260837484862765,0.687197446587904,0.4734711824148248,0.5671813463832345,0.6076163630886481,0.42588203070190944,0.501439718146035,0.428959623991669,0.2458244313960321,0.7548077292119915,0.4830271773201736,0.44483327712800064,0.285041669043008,0.5636696954651694,0.4335392887740016,0.5490470046909234,0.4081085235217305,0.5439164056392062,0.7423061079202614,0.7518325794052677,0.8678439938201619,0.6074827879887885,0.0,0.43766267764210576,0.4466849373302172,0.6703251009797433,0.0,0.6481268328859625,0.7555655588861787,0.5538064624816628,0.7732864500007861,0.6596682750950379,0.0,0.5834415372131603,0.6516519115422198,0.7232623333259012,0.6682651779407279,0.0,0.528624157755407,0.815040725398698,0.7848623190565513,0.589082193293935,0.7416060212666895,0.6754560884121232,0.701358058324222,0.41723255028714307,0.6993702118901466,0.45544495971363314,0.0,0.6823075094478561
0.7853318099620443,0.6706815698154349,0.7466223019535679,0.8312116434390888,0.799317454999616,0.7163018749970491,0.7275363180784331,0.7507205874158964,0.6626967736436556,0.8188343978933381,0.7560277733779147,0.8344019578046267,0.0,0.6454660012639538,0.5887839307911381,0.8006220025964448,0.7141836900186468,0.7053492900634636,0.7813701957587801,0.6795344049526225,0.7397700977887879,0.7670562838486723,0.7100215383482168,0.8266124129723601,0.777659067070508,0.7321342176987211,0.7792880251346492,0.8158062571184579,0.6217818515720124,0.6303252107175079,0.8029337540971084,0.7651398035239103,0.7654488619913041,0.8092454047047611,0.7198536331748187,0.6536944382312797,0.7305508472783906,0.7757239725239905,0.5005909240596282,0.6576654245671588,0.25193287302403106,0.6555740854812395,0.7230533511377956,0.8271260332619079,0.565876261832869,0.46661033944957664,0.6493295650086162,0.6567147175286291,0.0,0.71230194445195,0.7476899414413808,0.7716179051244315,0.6883931629112242,0.68044891118454,0.6002313066981484,0.6774678118084324,0.646604417236739,0.7767766218918591,0.6061783178806588,0.6646891006739324,0.6835915683206907,0.7227834464191818,0.6047997217776445,0.6046030436651482,0.7468809248162891,0.8462235897022778,0.6756001936948016,0.74715141669263,0.4362798192593217,0.6052704455269626,0.6938970205599662,0.7495131076352877,0.7214260951163223,0.7700094143716303,0.7250471677948853,0.6891963525016498
0.5546449475416435,0.0,0.5864164139672526,0.606626936827589,0.5945649562159079,0.5232475453567368,0.5799393794397685,0.6600949868786815,0.5320450562421988,0.8939911623080764,0.7104260433773962,0.7067338672044821,0.6454660012639538,0.0,0.45701646372124083,0.0,0.0,0.0,0.6865140977574831,0.5973681524544386,0.5391483274650135,0.7608169363478668,0.6603691169218808,0.7668901197624174,0.50449968632196,0.5659921804068803,0.5963615574255448,0.5514360690888709,0.5365101862422381,0.2175774407387156,0.5378615439687239,0.5449566355887864,0.45573249314124703,0.6775394333041607,0.4872494883193029,0.6380385024769115,0.4862952472706061,0.5219664735821239,0.5495185389749025,0.0,0.3302132484367902,0.0,0.5746657890389385,0.0,0.0,0.0,0.0,0.6687927547141913,0.0,0.5331900480386887,0.5524970979967053,0.5762648042017138,0.9831493877398113,0.7276914938878994,0.0,0.9342142950296364,0.4449243814058401,0.47571806260950195,0.49531651648070796,0.0,0.0,0.0,0.0,0.577587845120153,0.2863542286285584,0.0,0.0,0.4720642040010686,0.5511844205052352,0.0,0.0,0.6112904749116402,0.536777957116142,0.7001964849876684,0.0,0.0
0.46098611335563705,0.5436098905154014,0.40267385789195165,0.4646731204437353,0.4312096773637421,0.5323216469749796,0.6638138467640471,0.8719022002525337,0.5805738018906356,0.29097559755676405,0.0,0.9999999999999998,0.5887839307911381,0.45701646372124083,0.0,0.6515297249043581,0.4868513408276391,0.6002971070657178,0.0,0.5038805847008234,0.36119546757131604,0.41915873956091204,0.15436945015502973,0.5641288606297644,0.6073302436374745,0.4035262202686078,0.3160284498209724,0.6061195034048465,0.5560871238212068,0.6026831468667404,0.45829578291471634,0.3955880262907507,0.512583262199231,0.3462636994993755,0.3416530910241624,0.6327323711724285,0.6227907819736953,0.1654550425787323,0.6831268430818949,0.6007773258396006,0.7057069536205363,0.6785644362865813,0.7006365039330338,0.3460489111776066,0.33084445891043585,0.615196761550245,0.7185731521814018,0.4100727902652802,0.0,0.0,0.686297963836676,0.5244849232866736,0.6568094050177598,0.577282332699672,1.0,0.0,0.3907025211482144,0.6585797531543232,0.0,0.7861946144757983,0.6803918931245888,0.4359164644246005,0.8012309177028009,0.0,0.7364585590308722,0.5671198070020053,0.7809128334768551,0.7141537715730836,0.5169530345386646,0.662559531593812,0.6332579505710744,0.76067184146727,0.6336318144285342,0.655216961270097,0.4649382816205112,0.6811989202591828
0.5880003650371631,0.6526718009771378,0.8584761217312676,0.0,0.8467029248598844,0.8655204354435071,0.8096797034595747,0.8248312429714368,0.8548004390617351,0.5706482651291703,0.4514736669183184,0.6988463251137736,0.8006220025964448,0.0,0.6515297249043581,0.0,0.5315116245861375,0.5897672249859641,0.4910981127629767,0.47426684567708816,0.7593267885795132,0.5586014868844246,0.799650089504003,0.644160600075189,0.6176650428300807,0.5715335640712979,0.6683170771414512,0.8237500862043632,0.5910738021325936,0.7212623435033514,0.49832540849191814,0.47750099390428574,0.5418131063443927,0.5089994317473162,0.3180515351789573,0.5665090325863524,0.7321072200251868,0.35721735551858885,0.7433373310177028,0.6089630527086917,0.7027265829808993,0.7169376210136728,0.6766803827613459,0.0,0.0,0.7157208295636607,0.6806121318977983,0.0,0.0,0.0,0.7226137159467054,0.3863035664543119,0.497814465581609,0.0,0.29629170791414206,0.0,0.6034030449862878,0.6553926010032833,0.0,0.718371509836524,0.6675113381723377,0.7803369595787933,0.610149533787208,0.0,0.6670035495034592,0.6127136484615298,0.7361602839253532,0.6919806915679512,0.6851792843874105,0.5947050870909211,0.6841211496426878,0.6838049752043635,0.7146970790091749,0.6295335190597771,0.6157758711456571,0.6933730667964296
0.5399760614894407,0.6319301698490766,0.604230651368459,0.4647725897345524,0.44607392987664407,0.5497662878948506,0.7190521519906866,0.588071892612724,0.5635481934778053,0.39856062032579154,0.5051519229670701,0.5367509949517031,0.7141836900186468,0.0,0.4868513408276391,0.5315116245861375,0.0,0.4199728647206951,0.5524722404377431,0.4387390682021588,0.8135061450517967,0.5166812595209858,0.7203486059743511,0.7159375000812164,0.30111752450169765,0.5443985580258954,0.5362144119782529,0.759549069385975,0.3387435049934471,0.5396984943045269,0.4364124874618388,0.5272849691009974,0.5900802564742043,0.5980309612791506,0.5012183328287199,0.5609141437659619,0.5038726846150201,0.6180145894212313,0.640313217893147,0.6058351464640055,0.8151877455462825,0.6783112353189508,0.0,0.0,0.7863822475611735,0.5573364389575117,0.6216284190793631,0.0,0.0,0.0,0.6054578091617648,0.5454964961654819,0.0,0.0,0.7588937296923494,0.4590528344213749,0.7313333636997921,0.5223883420529012,0.0,0.0,0.7256007162358494,0.753770320516249,0.6783402231996412,0.0,0.6817965719363819,0.0,0.7170762077011257,0.9474910358428591,0.695879915477808,0.7143045736131132,0.7301380987175781,0.0,0.5706568861932254,0.5886205083712976,0.0,0.7263267600564633
0.5408658184006208,0.5605496384150155,0.5552877441290865,0.0,0.6316925865197601,0.8051565783653348,0.734439961055268,0.8252277354112669,0.5628151703101572,0.48997204910915093,0.5791912585776609,0.6294571874690391,0.7053492900634636,0.0,0.6002971070657178,0.5897672249859641,0.4199728647206951,0.0,0.5017866583169192,0.6032051413785241,0.7001426895909942,0.6825002172344169,0.7218187451204969,0.6221536233474138,0.6185540765136643,0.5438300306917156,0.6800388393608144,0.7650125842751249,0.7220436280040379,0.48516654317101415,0.47173066322543805,0.44132485388674053,0.4710475078245527,0.5204860112427316,0.46964427884565246,0.6181933077007008,0.0,0.6968322662380284,0.6171876614105121,0.5926970608291536,0.6550466596982214,0.6823463900513078,0.0,0.0,0.520000941629954,0.6421560256568277,0.5978903717549232,0.0,0.0,0.0,0.6522285407921928,0.4597355083946867,0.325257605221662,0.0,0.736309939530464,0.0,0.7191758690148482,0.44714790662592396,0.0,0.6736486982812864,0.559526319022729,0.72785215433929,0.6552970624863694,0.0,0.5502471754849293,0.6283794693663488,0.7000652379407367,0.6539240543085834,0.6973913067449716,0.6437550602338549,0.7056525679516694,0.5426981391447524,0.6067343372684646,0.6322452293788553,0.0,0.6631325061703013
0.0,0.7847921880854497,0.18515438367747122,0.7089035460427139,0.44827691713597373,0.48666787096543374,0.7276853577066342,0.5434587841490512,0.2529422524436382,0.7171426493493651,0.23398470630185342,0.8436255099339807,0.7813701957587801,0.6865140977574831,0.0,0.4910981127629767,0.5524722404377431,0.5017866583169192,0.0,1.0,0.5697728144875238,0.5470074725215649,0.2403645754481153,0.5006272009068169,0.6361268833003062,0.6058138433837306,0.42281797530999954,0.8150845912510115,0.717705325349697,0.7536063946865741,0.8256513225471775,0.7267390212320025,0.380722620988779,0.8147214967814759,0.737039999351937,0.6970388000881,0.6816441538157654,0.647415748010112,0.7427772117786924,0.5735448875910752,0.675759647348145,0.586410215751771,0.7978973235398408,0.0,0.0,0.0,0.0,0.8263576264823964,0.0,0.5903574838665062,0.671963827256912,0.7135857254459743,0.5398842861421912,0.6342673646347836,0.6286292412764858,0.8409259954647782,0.5115070794450871,0.7701408643519809,0.8072592172024396,0.13171394909843986,0.0,0.0,0.0,0.7321043466402062,0.7513575031555226,0.0,0.5484633134043387,0.6723685468588648,0.0,0.0,0.7151405012527361,0.640635030122872,0.7196324873453037,0.7378453881055941,0.8464376537632887,0.7022860341678323
0.6070093201841952,0.6506210824563474,0.7431723896304224,0.5219847473399299,0.7519919971006668,0.6337951938618842,0.7003828443859401,0.7439098476349776,0.7189094799067455,0.2555831673087178,0.5504444564006256,0.606135075306427,0.6795344049526225,0.5973681524544386,0.5038805847008234,0.47426684567708816,0.4387390682021588,0.6032051413785241,1.0,0.0,0.562423034463998,0.5147887324772915,0.5912340180038553,0.5468211342173891,0.6497725103371914,0.5808039859670046,0.5800501127143287,0.6820378834210231,0.47578857200576186,0.6136305862907466,0.5896747052135718,0.4831651886919506,0.4102994730577197,0.5986070144665969,0.47645568676522987,0.7226538657582516,0.4602110967916013,0.3961771373531785,0.7476260283632941,0.5397358043462923,0.815917074580018,0.59493554632786,0.7959727268822765,0.48070993413475327,0.5751621560292355,0.6568540248518576,0.6747552426046971,0.5581339138733001,0.0,0.5045793685500841,0.7464571835014063,0.6881399596955243,0.7977890142047919,0.5924095703852637,0.506935002161576,0.43591642664322855,0.6308485505966154,0.7456212374258537,0.0,0.6946443953038914,0.7592884893099785,1.0,0.8313007640320901,0.3800636067981815,0.7713125084307768,0.6892237123922799,0.741561908420965,0.7970074877723281,0.021122979053633386,0.7125276662046918,0.6963684583640717,0.7448068838314487,0.7375180145754288,0.7200228089576806,0.6440381822156946,0.7822228247804682
0.6057693102620583,0.7854277939266839,0.5408973549946224,0.5579834494326922,0.6437732873191914,0.6302043578457439,0.7854918728218724,0.659180833371381,0.6457955755768894,0.7562676558010599,0.8309189205081352,0.7527365204121146,0.7397700977887879,0.5391483274650135,0.36119546757131604,0.7593267885795132,0.8135061450517967,0.7001426895909942,0.5697728144875238,0.562423034463998,0.0,0.5707000026645822,0.6830602498551264,0.7084555476760044,0.6817745458579156,0.55652559211372,0.5304918490019367,0.7835421700814074,0.701145127083672,0.6923718881096198,0.7096248801340973,0.5898710472773795,0.7621653109837845,0.5242559628924229,0.32258056797434626,0.07646590695699712,0.31942265377261114,0.6093976795471316,0.6581480320278446,0.5671499091654973,0.5809405190476704,0.6515332922087768,0.4480531290277736,0.0,0.4943715911438319,0.4284255073297004,0.6843487411456438,0.675424129824204,0.0,0.4509707992870134,0.5784496543746565,0.7041453043839635,0.5386117143178866,0.7157079074779393,0.4097021466909252,0.0,0.5208000655095506,0.6807434584547472,0.0,0.5563937876011791,0.6702362638176707,0.0,0.6802195359081904,0.0,0.6364545526377027,0.2082730065601842,0.680193617839148,0.6966254537971995,0.4727688845196551,0.7180577724372765,0.6458623954603318,0.6238798031838478,0.6170751439140806,0.5779977177884889,0.3937193116783604,0.6221386485420378
0.5549769278058353,0.5095105995054414,0.6556805054142866,0.617904775484926,0.6998857371778099,0.6973447409189425,0.7331626562409064,0.8143271265172392,0.710612978846409,0.5197233764211263,0.45306652875071146,0.6473285832157984,0.7670562838486723,0.7608169363478668,0.41915873956091204,0.5586014868844246,0.5166812595209858,0.6825002172344169,0.5470074725215649,0.5147887324772915,0.5707000026645822,0.0,0.4701592188751387,0.4778359795535962,0.6104095641989701,0.5072176027460069,0.5646244293323776,0.7885324039183688,0.5426310529539576,0.8200111928901138,0.4275393362164459,0.3196820145663945,0.484118955382926,0.42001946996629413,0.321744329272933,0.6069852083929853,0.3045887697529987,0.2552931896067169,0.7516648515077616,0.6700032394589419,0.7553048840780755,0.7321787810560244,0.7775461385520893,0.0,0.5259396886254015,0.6501204200346952,0.752976059924373,0.5549416077850768,0.0,0.7237798684311265,0.6607303714749441,0.7428361997730791,0.7869567221551838,0.4090212210829583,0.7210496665564764,0.0,0.521553971273632,0.736461794822227,0.0,0.6754426823119658,0.7474161607086978,0.7716648346150056,0.7569125255616861,0.0,0.6683692053022169,0.6803323264497899,0.7326355702502637,0.7225762208649362,0.6976838623734718,0.6731108773592352,0.7540667608737107,0.6696360452779045,0.6994361290503247,0.6911500172245404,0.5447543027016657,0.7234476846631271
0.7273651120892474,0.6425707060865687,0.25853166925951065,0.5643019864254318,0.7613435617908638,0.5485647601551097,0.7138380259299874,0.517328197722521,0.6112128810288511,0.7522324254279755,0.5075991216845279,0.7691172217279344,0.7100215383482168,0.6603691169218808,0.15436945015502973,0.799650089504003,0.7203486059743511,0.7218187451204969,0.2403645754481153,0.5912340180038553,0.6830602498551264,0.4701592188751387,0.0,0.7733515881825223,0.5887175800948046,0.6623042673723198,0.5469156332910288,0.6988531702942545,0.6261956714559228,0.5648065668102267,0.6218668739316239,0.5264763283269649,0.5948231876561336,0.6110735129544131,0.542596806579986,0.5611855353964221,0.6374234966435581,0.6028236651158586,0.8085447825614763,0.6146934499776758,0.8060475780655859,0.5629308551035246,0.8230494540613849,0.6243815232551196,0.7156651759575098,0.6175473474674187,0.7580065796439492,0.7601480988855374,0.5016570367844634,0.7115434000530668,0.8033744527854507,0.7933282461826058,0.7284640558114323,0.6151523259279316,0.6979217196157961,0.72663083700568,0.36360996654180805,0.7713146318579688,0.5851320832581683,0.6825883667843973,0.7154531870012555,0.49286904722908337,0.6171510277112269,0.7659761986081901,0.7601134230885119,0.7267056636574735,0.718458196393137,0.8631130131972586,0.5109899961130697,0.774094074976758,0.7227676126182543,0.7935793850387562,0.7439094339258675,0.768074969663504,0.7384125475654574,0.7565574136568092
0.5882932923638652,0.6211587515113075,0.5349446588226409,0.2911416111805312,0.8417408859603956,0.66148099181424,0.8457890658891901,0.7808911698314618,0.8335885950119971,0.7310362090752534,0.7312538105333767,0.616578470874817,0.8266124129723601,0.7668901197624174,0.5641288606297644,0.644160600075189,0.7159375000812164,0.6221536233474138,0.5006272009068169,0.5468211342173891,0.7084555476760044,0.4778359795535962,0.7733515881825223,0.0,0.7306378140891244,0.3977738210451731,0.7271522687990323,0.8251374637875232,0.580100578424208,0.6844372787500719,0.6605512111072344,0.7337000278750987,0.6438168172321903,0.655848677503154,0.6143618386151289,0.5229219587522567,0.43228235750733973,0.9107864738185387,0.3545352614741351,0.5546440844506025,0.6408527917389788,0.8064117793651195,0.26355399225390996,0.3776533144924759,0.6384045459435588,0.4556301444825051,0.6188113699699646,0.45295063797842183,0.0,0.0,0.22633254394091168,0.6040697118233018,0.682096804888912,0.44304333253893424,0.790574643789901,0.5351429372653128,0.7724431167624474,0.6480016016174213,0.0,0.49616426920616113,0.6862922650103758,0.7501068770882806,0.7631579634150616,0.0,0.6269380731529687,0.3247403303782398,0.724135261088087,0.3705374648844375,0.8492862278207187,0.7727128871196415,0.799622828174174,0.470025593567753,0.6818754199368272,0.5121675299086087,0.0,0.6522818419294322
0.6342857929798418,0.6123450615401861,0.533664914610762,0.0,0.6167835604897384,0.751133174793045,0.6826998230637185,0.7741617219326095,0.5879312870048248,0.46928956917625303,0.6236557369704051,0.4279032382079432,0.777659067070508,0.50449968632196,0.6073302436374745,0.6176650428300807,0.30111752450169765,0.6185540765136643,0.6361268833003062,0.6497725103371914,0.6817745458579156,0.6104095641989701,0.5887175800948046,0.7306378140891244,0.0,0.5273955748420003,0.6687093160121733,0.7979275271638134,0.7661026381798492,0.6674773062634598,0.6253771965697056,0.43317964738059916,0.6629789900812358,0.6154054296753099,0.5026643175927017,0.5673728981758525,0.5199462839747298,0.694211882244918,0.6198138238519886,0.5598593874445524,0.6005451177785635,0.6371481516402674,0.334724784443737,0.0,0.6676492594954079,0.693237071224581,0.6100080509307959,0.0,0.0,0.0,0.6885255644052735,0.6925027489581788,0.6621077162441397,0.4970968146194593,0.743674961065984,0.0,0.7361755209729426,0.6806763240110894,0.0,0.6579129138013333,0.5790455810823674,0.7544568584890021,0.6312009744957653,0.0,0.5906371288838833,0.8859351483504583,0.6991510192025127,0.7194678811849384,0.7037800991572001,0.6043110560789557,0.6639125119799822,0.6572040015132743,0.5993609718842124,0.6311352551812985,0.0,0.6168767959343573
0.384440022505896,0.41843433403215735,0.6136159671374755,0.8231548872991741,0.6701540531570446,0.6064311832940328,0.7189268448142961,0.7748903290951752,0.5603400951537792,0.5335473448576556,0.7218168298388707,0.7062406510347147,0.7321342176987211,0.5659921804068803,0.4035262202686078,0.5715335640712979,0.5443985580258954,0.5438300306917156,0.6058138433837306,0.5808039859670046,0.55652559211372,0.5072176027460069,0.6623042673723198,0.3977738210451731,0.5273955748420003,0.0,0.6019211740035295,0.7272699156813596,0.671793684429945,0.614139137247762,0.5691755111273319,0.5057271630881857,0.6325019449039877,0.5265800757473807,0.4115932329716485,0.526700310229868,0.5576379640590956,0.6221881847715632,0.6607263807638192,0.5750558217257776,0.7116237092442068,0.7617198584906124,0.4021302181547659,0.0,0.5131243127600144,0.6711278665251701,0.6500366484127491,0.6273527437342915,0.0,0.5686769195800587,0.7026191388856302,0.5822288152268474,0.8001654927160818,0.531768997943731,0.6939953471862713,0.5927836355824153,0.6839057610253064,0.5520087043846934,0.0,0.6958989883668465,0.6139165611051206,0.7379433346594012,0.6652175549305759,0.0,0.6804587942952163,0.6765437701305889,0.6990492064148683,0.7009166891883267,0.7875853081348727,0.6359237058381888,0.6575582770624808,0.6691613840396732,0.594271457518624,0.6586491032338437,0.47300545783166403,0.6238320419448392
0.7240892000937805,0.6263432602765787,0.473374981253189,0.5639780990472436,0.5000191905394658,0.4631723173913379,0.6098285747669946,0.6241086291381321,0.4820654316892022,0.6428932355235512,0.4938752762249986,0.4260837484862765,0.7792880251346492,0.5963615574255448,0.3160284498209724,0.6683170771414512,0.5362144119782529,0.6800388393608144,0.42281797530999954,0.5800501127143287,0.5304918490019367,0.5646244293323776,0.5469156332910288,0.7271522687990323,0.6687093160121733,0.6019211740035295,0.0,0.6924082976451864,0.5738148112381763,0.48520417112665926,0.49154588920286496,0.38561018745912135,0.4120058902785561,0.46559600528984535,0.42716423155568495,0.5946901531087553,0.5815987603813183,0.1996018702355372,0.7117225193731244,0.5348982046845225,0.7352267497630974,0.4849658371123414,0.7685525540866868,0.5810692580814723,0.4425564942936356,0.6477398642434284,0.7150930079523682,0.7011589413027455,0.0,0.6473565003960434,0.749629481109451,0.7982804841923169,0.6702166739241376,0.6184070201154406,0.6695689984688238,0.6688011479148043,0.41584725305580306,0.765435320893374,0.5910006399232502,0.7166263581392431,0.6651420026476907,0.5461420517491336,0.48472954285642567,0.5872686545381007,0.7454644036382146,0.6708645512611562,0.6478277573558542,0.8356022288845582,0.5443928498831438,0.6661116431985235,0.7044781391107345,0.7697288737429275,0.7013328438632247,0.7143796964827491,0.660063305832247,0.6849330753484616
0.6711237880973623,0.7512267584262904,0.7723998853171097,0.5899779413122889,0.7921765570758519,0.6661401930070031,0.8570044532295457,0.7130418196835799,0.7293338158478033,0.7447616147472752,0.7525503997628998,0.687197446587904,0.8158062571184579,0.5514360690888709,0.6061195034048465,0.8237500862043632,0.759549069385975,0.7650125842751249,0.8150845912510115,0.6820378834210231,0.7835421700814074,0.7885324039183688,0.6988531702942545,0.8251374637875232,0.7979275271638134,0.7272699156813596,0.6924082976451864,0.0,0.626352156744254,0.4430614763718971,0.7384279277686562,0.7342062409186542,0.5819547637916975,0.7081397939259424,0.5315095631858604,0.6570840641173233,0.6940986649086682,0.5671577445500058,0.48457860969251954,0.3361268093966146,0.19810986992476246,0.7295087017042511,0.7102797338369566,0.7825785130214291,0.560402152702592,0.6686580658297302,0.7171325534888126,0.6676399253761194,0.0,0.703664375873244,0.7582254125902607,0.8167546134516381,0.7468342696261084,0.7360782164954355,0.6002875886436664,0.7640331769892488,0.6969166628649494,0.7836698881347375,0.6476429969448493,0.7107584044087211,0.7623476877063207,0.7924587156316862,0.6784434030531744,0.7195383381028565,0.7680116688854474,0.7245379823679124,0.6061190443532473,0.7542331482818355,0.5901545910845344,0.5384624763691132,0.7732912387384019,0.7938721566646229,0.7368624779269807,0.7309634535004101,0.7618615767113307,0.7252424763872729
0.6105665892094165,0.7064793654342244,0.7515410577384717,0.3893546956929456,0.7396838444572568,0.5882673984750396,0.6744174242498779,0.678809785822645,0.5940956355175562,0.38731934824913633,0.5751574988812447,0.4734711824148248,0.6217818515720124,0.5365101862422381,0.5560871238212068,0.5910738021325936,0.3387435049934471,0.7220436280040379,0.717705325349697,0.47578857200576186,0.701145127083672,0.5426310529539576,0.6261956714559228,0.580100578424208,0.7661026381798492,0.671793684429945,0.5738148112381763,0.626352156744254,0.0,0.5619783313702105,0.5192862924441137,0.5203641141532251,0.5309353075570802,0.5196012314620995,0.4884239555936287,0.6000398397741694,0.397658039329717,0.6161802999350683,0.7191295536802266,0.6158692659039466,0.7634816543240056,0.7036099783420944,0.4424030176099201,0.29373366218208197,0.3844058743501827,0.6385700972057549,0.7045754311232337,0.8030024728130317,0.0,0.7248852683139322,0.834081040537108,0.9202541427366131,0.6923546625911289,0.8260379959910512,0.6353361134769748,0.5760054045535246,0.47324708799493326,0.7752533259958713,0.2739844868238338,0.6646362615764541,0.6741872222052623,0.310048517860823,0.7345220207785611,0.7304949733902316,0.7837450552936669,0.7089221339361331,0.660808780913554,0.8380984349534748,0.45063305590624103,0.7379820510952939,0.6987196909597859,0.7959921320427426,0.7697726816980232,0.7099369219425804,0.7517349620125461,0.7708916194567921
0.7019083043508945,0.6119445151293048,0.7056609582622992,0.22557991628299778,0.7673518356734227,0.6570713123593259,0.6872332915572947,0.5515165107261601,0.6612962180697879,0.5990836379851862,0.6981812686461601,0.5671813463832345,0.6303252107175079,0.2175774407387156,0.6026831468667404,0.7212623435033514,0.5396984943045269,0.48516654317101415,0.7536063946865741,0.6136305862907466,0.6923718881096198,0.8200111928901138,0.5648065668102267,0.6844372787500719,0.6674773062634598,0.614139137247762,0.48520417112665926,0.4430614763718971,0.5619783313702105,0.0,0.5092738925815237,0.45302572209261666,0.3561697664584995,0.4358072758177538,0.47343841405577847,0.7297243957594989,0.1650081844421056,0.4232856771463715,0.520160403449987,0.0,0.6724847687016412,0.612385291049216,0.47013444634078844,0.0,0.0,0.0,0.6180775977180565,0.5878555960553908,0.0,0.56567998279759,0.7512367449866019,0.576369353826828,0.6114192978958654,0.6977709543125018,0.0,0.1789918774731258,0.0,0.6327914656270452,0.0,0.7365471107025546,0.0,0.0,0.0,0.3532736043817851,0.7644113512386823,0.6992469496245654,0.652596380230634,0.7290008841966313,0.0,0.0,0.7109236010184308,0.7121257092242673,0.7105392897141593,0.7460241582620447,0.49684382170296615,0.6969709414460125
0.5883665059389223,0.5668372159803632,0.7453401106709081,0.49947186680200684,0.8012728064137831,0.6797841464522323,0.8478287482683272,0.7401814735180922,0.7424266112407308,0.4908045608724054,0.7332467557674218,0.6076163630886481,0.8029337540971084,0.5378615439687239,0.45829578291471634,0.49832540849191814,0.4364124874618388,0.47173066322543805,0.8256513225471775,0.5896747052135718,0.7096248801340973,0.4275393362164459,0.6218668739316239,0.6605512111072344,0.6253771965697056,0.5691755111273319,0.49154588920286496,0.7384279277686562,0.5192862924441137,0.5092738925815237,0.0,0.6113299339838506,0.5499832008075876,0.18186477421042888,0.02736331243187798,0.6857129001296992,0.5903325272062205,0.3562084536324325,0.6027781584833334,0.5938989899944119,0.632104207858399,0.560092270532506,0.6236706031174949,0.5168237688936587,0.6234494533919875,0.6261317474470041,0.7058873338702008,0.7065216206205874,0.0,0.7000344027837597,0.9101702966776165,0.7619340013285323,0.7670702307195557,0.8338387613120202,0.688338716365052,0.6001443114479453,0.720352833424038,0.7775028838354718,0.0,0.6096640727139551,0.7023664411035087,0.39616120442908404,0.6100214386344817,0.7118761161250587,0.7253694296875277,0.5334387462303358,0.6079733703175015,0.8677752102371423,0.6502693268674291,0.664824851100355,0.6995935260583898,0.8307896706985414,0.824398841912147,0.6895131511211162,0.6944021006470846,0.5907177692437611
0.5035945490123548,0.4803215101048749,0.6785597533341241,0.5155191170445679,0.6687701393325607,0.642699173452448,0.7523913642283911,0.6735229086986981,0.6787224144299352,0.6675350185310016,0.6635977328293933,0.42588203070190944,0.7651398035239103,0.5449566355887864,0.3955880262907507,0.47750099390428574,0.5272849691009974,0.44132485388674053,0.7267390212320025,0.4831651886919506,0.5898710472773795,0.3196820145663945,0.5264763283269649,0.7337000278750987,0.43317964738059916,0.5057271630881857,0.38561018745912135,0.7342062409186542,0.5203641141532251,0.45302572209261666,0.6113299339838506,0.0,0.5517289862887306,0.4819432784986937,0.36516656720542007,0.7827145468338286,0.5119365055723517,0.4972294789741696,0.19343637409764525,0.45016092035990607,0.10517213355385957,0.1753844590980476,0.16152141150030677,0.13313653121523328,0.331649490676779,0.6625400596560492,0.7214787904938381,0.515742378565396,0.8614520389722289,0.34174532807136804,0.821565099625612,0.8459230090975111,0.7973693208941013,0.6323373694430284,0.23820956470516289,0.36133601894788153,0.1884333971444072,0.7134577923645816,0.5677254299309802,0.6093558262225715,0.7147191802994588,0.5073169743663962,0.6005634032906995,0.3999636376641136,0.5316111156084725,0.6273247926200556,0.6444549922657012,0.7849711980515801,0.2912505147753144,0.5813386190504641,0.6574334875699603,0.7549837340699299,0.6990425780435412,0.7060164434212018,0.6121483971553457,0.2955756058899466
0.5819305540041229,0.5902000780248143,0.5189908236494193,0.35105725924842024,0.7424049943911433,0.5224221206692876,0.8004374504977088,0.7672992008825891,0.5205566392132787,0.7440192897628386,0.5368205104236777,0.501439718146035,0.7654488619913041,0.45573249314124703,0.512583262199231,0.5418131063443927,0.5900802564742043,0.4710475078245527,0.380722620988779,0.4102994730577197,0.7621653109837845,0.484118955382926,0.5948231876561336,0.6438168172321903,0.6629789900812358,0.6325019449039877,0.4120058902785561,0.5819547637916975,0.5309353075570802,0.3561697664584995,0.5499832008075876,0.5517289862887306,0.0,0.5374106218049328,0.3139951918286395,0.7330420214617184,0.37784863270291835,0.539856023535717,0.4160231641263046,0.4018939731479647,0.49955280495966087,0.830736085953036,0.5113275811173847,0.41698859127465304,0.48027063663050534,0.7524672001884252,0.6031440083568467,0.49169192695977665,0.4502519472088211,0.0,0.43837279844994403,0.58960403248587,0.2704810135803279,0.5878552264580744,0.7130858203165065,0.5402249914192278,0.6893538166697469,0.45653459991466383,0.4464228374118915,0.6996870538772426,0.5821382674516585,0.56265295620593,0.5297027085417091,0.5426838324366419,0.42404766022263285,0.6807337374415122,0.6696544651116461,0.8198844785022673,0.5656012733832677,0.5522407724985972,0.6124407938123955,0.21759479553803435,0.6292312924355687,0.49259416309998855,0.0,0.5607262583497505
0.5194841145344761,0.42954817944522444,0.734299296404543,0.6017358590130356,0.7746554793841248,0.6534966536356549,0.8067046300978244,0.7137439704582825,0.7565581057089774,0.405174428842991,0.7171663606421081,0.428959623991669,0.8092454047047611,0.6775394333041607,0.3462636994993755,0.5089994317473162,0.5980309612791506,0.5204860112427316,0.8147214967814759,0.5986070144665969,0.5242559628924229,0.42001946996629413,0.6110735129544131,0.655848677503154,0.6154054296753099,0.5265800757473807,0.46559600528984535,0.7081397939259424,0.5196012314620995,0.4358072758177538,0.18186477421042888,0.4819432784986937,0.5374106218049328,0.0,0.09469358514310743,0.8225742767364101,0.22609123075094056,0.18267025420266828,0.00044132145573864967,0.45869712663517975,0.0,0.4027353808071846,0.19857266358858683,0.05190810859439273,0.1757756113600929,0.6354779903022537,0.7362333626593421,0.7249636381700295,0.0,0.6527469538017427,0.8510454847255128,0.32299055281594113,0.6174829895865657,0.7252885822679012,0.07693538352374688,0.6929883832341917,0.2576424876550088,0.7811836685980896,0.7286645695998528,0.6299893819382335,0.6844323380383582,0.5910555495264908,0.6568083799395376,0.6158470323771881,0.6763261983742196,0.6111177089963161,0.6584747745648527,0.8364373498315989,0.8759367919016985,0.6241067003263104,0.6982472922082998,0.8002545406098116,0.7737630818432857,0.8049027621485705,0.6065756567319871,0.882293824528809
0.37947163145705554,0.31314068564020625,0.6915118573081431,0.2131067854605734,0.6916175685613104,0.6392559242023288,0.6800093304262549,0.5481764856092247,0.7368733727713946,0.2162691178243186,0.6430253611306921,0.2458244313960321,0.7198536331748187,0.4872494883193029,0.3416530910241624,0.3180515351789573,0.5012183328287199,0.46964427884565246,0.737039999351937,0.47645568676522987,0.32258056797434626,0.321744329272933,0.542596806579986,0.6143618386151289,0.5026643175927017,0.4115932329716485,0.42716423155568495,0.5315095631858604,0.4884239555936287,0.47343841405577847,0.02736331243187798,0.36516656720542007,0.3139951918286395,0.09469358514310743,0.0,0.5598970447893935,0.1995008937206569,0.18674356213423748,0.0,0.2154443311223327,0.0,0.1565772825679233,0.04377630436099855,0.449351242442249,0.16753114386852458,0.523628169870375,0.6407950904575327,0.7698629765296373,0.49541477158675046,0.9768638496985345,0.7318086564446841,0.27580434001424253,0.4765374015093265,0.6695676093043673,0.22502097625511894,0.3040914257518192,0.22996448731469588,0.0,0.0,0.5924417576051821,0.6612679860409436,0.7565202942395576,0.6143566287821466,0.697956918701385,0.669851877320985,0.5896304351993283,0.5869681151503455,0.7826565140257107,0.2506877553702398,0.5615734900844979,0.5545826846398276,0.7043143480306207,0.7776932473784159,0.7243065726061666,0.4050064614674891,0.6488356202063333
0.5266563176252015,0.5055747354855029,0.5777741669806179,0.501743539492888,0.7425191843393547,0.7769175828410129,0.5238656096202519,0.6132929915686225,0.6792110705601603,0.7591561456795627,0.6570833294742873,0.7548077292119915,0.6536944382312797,0.6380385024769115,0.6327323711724285,0.5665090325863524,0.5609141437659619,0.6181933077007008,0.6970388000881,0.7226538657582516,0.07646590695699712,0.6069852083929853,0.5611855353964221,0.5229219587522567,0.5673728981758525,0.526700310229868,0.5946901531087553,0.6570840641173233,0.6000398397741694,0.7297243957594989,0.6857129001296992,0.7827145468338286,0.7330420214617184,0.8225742767364101,0.5598970447893935,0.0,0.6956448905346583,0.647495811091839,0.2132676797144141,0.2813821584033778,0.1095272561088975,0.0,0.7132276921151139,0.37559453493554634,0.24147796824763312,0.0,0.5545207648387848,0.5261917214155705,0.0,0.6831053431180986,0.7734553972642882,0.8347496797154598,0.7032046544200522,0.6302706506887479,0.3299718404888769,0.7335496916778809,0.3168147756353178,0.6369118201485383,0.8827131002948923,0.3961327682560795,0.35567126091408574,0.0,0.0,0.5238997983323354,0.40318268440395066,0.7735474371336356,0.3052680058736585,0.6668932111224022,0.479886218476603,0.28327311338837435,0.4300454626190827,0.5051607916829187,0.6511768529801367,0.6656658818138931,0.38293397343418084,0.6460634197793833
0.0,0.5584394739890911,0.6910144789466737,0.28241583089629335,0.5733632414786561,0.7166503241525742,0.741862431393835,0.42256503140227564,0.6973226280813125,0.6019310151676865,0.7272857688348237,0.4830271773201736,0.7305508472783906,0.4862952472706061,0.6227907819736953,0.7321072200251868,0.5038726846150201,0.0,0.6816441538157654,0.4602110967916013,0.31942265377261114,0.3045887697529987,0.6374234966435581,0.43228235750733973,0.5199462839747298,0.5576379640590956,0.5815987603813183,0.6940986649086682,0.397658039329717,0.1650081844421056,0.5903325272062205,0.5119365055723517,0.37784863270291835,0.22609123075094056,0.1995008937206569,0.6956448905346583,0.0,0.3490168054309553,0.11519727895043744,0.3163728209011517,0.10950807625095763,0.05827403757245013,0.13428648548143943,0.3551257731998738,0.11945578505630026,0.0,0.0,0.48541264991641225,0.0,0.0,0.6906704307084253,0.6101553210093801,0.5225678921102438,0.34865704472693265,0.359260855212029,0.5751713601380904,0.3977888033125785,0.5294680038258939,0.0,0.5721348119543137,0.0,0.0,0.0,0.0,0.6751742642062544,0.7216332165310542,0.4230521677060406,0.7335387191409898,0.4070009625419597,0.0,0.6634950264859816,0.5949963987153136,0.7313071356375862,0.6272175888999731,0.5782815962714277,0.6342051591909879
0.7128423776388229,0.2215440200780026,0.6332027584735342,0.38008250398087845,0.7013766917688894,0.5752434443648912,0.7124365469909294,0.7999940366175505,0.6572793856241615,0.6450433818499278,0.6412965177198403,0.44483327712800064,0.7757239725239905,0.5219664735821239,0.1654550425787323,0.35721735551858885,0.6180145894212313,0.6968322662380284,0.647415748010112,0.3961771373531785,0.6093976795471316,0.2552931896067169,0.6028236651158586,0.9107864738185387,0.694211882244918,0.6221881847715632,0.1996018702355372,0.5671577445500058,0.6161802999350683,0.4232856771463715,0.3562084536324325,0.4972294789741696,0.539856023535717,0.18267025420266828,0.18674356213423748,0.647495811091839,0.3490168054309553,0.0,0.3499181968625325,0.30035717996518285,0.18970378724426717,0.12422646503975025,0.5080919153470848,0.4435438049708214,0.38171865995805654,0.5098100444584303,0.4581188592376271,0.6193904275930838,0.0,0.4931786738614127,0.35768453246840126,0.5542433564910324,0.5113311666679815,0.6588777484251727,0.4357515889078134,0.4567879112994329,0.5557368782474216,0.46710455264997464,0.46050973245204246,0.4751617903471509,0.039008940244659146,0.5402363608997036,0.5525413473325176,0.0,0.6771949533564182,0.0,0.4817823276796503,0.5171301752828803,0.6121027140461589,0.33774635058522584,0.7553093217991281,0.2740824646472836,0.4509993715207232,0.3891916014990874,0.0,0.48193361503208937
0.7104702096439348,0.7276055673340913,0.5960375101452972,0.42297760701697174,0.6183204333576142,0.6634874073045511,0.6751020440447064,0.8362948949891341,0.7528943191380654,0.19798315223934057,0.5514807308317947,0.285041669043008,0.5005909240596282,0.5495185389749025,0.6831268430818949,0.7433373310177028,0.640313217893147,0.6171876614105121,0.7427772117786924,0.7476260283632941,0.6581480320278446,0.7516648515077616,0.8085447825614763,0.3545352614741351,0.6198138238519886,0.6607263807638192,0.7117225193731244,0.48457860969251954,0.7191295536802266,0.520160403449987,0.6027781584833334,0.19343637409764525,0.4160231641263046,0.00044132145573864967,0.0,0.2132676797144141,0.11519727895043744,0.3499181968625325,0.0,0.5597302619637344,0.5163538095678029,0.5934127584584366,0.5410593556594615,0.419439779136822,0.5214414530888372,0.5900063470559866,0.4280108609182755,0.6065874012275569,0.5055870511094025,0.6087457708964461,0.633540503468273,0.6619362203474454,0.5204076732711891,0.7235680107795605,0.3276037147518305,0.6343600434447605,0.46048456325000514,0.726845201439257,0.429623366511928,0.3231134111365144,0.4262857112896188,0.5938601883385332,0.479711376923339,0.5936029165329005,0.41788849618625623,0.649598015530102,0.37457636548518014,0.593053942613959,0.7761043729243323,0.5374963376966065,0.4357424809340409,0.3574048379231696,0.5759518208805777,0.4920229623676926,0.2897645656049218,0.5558544281633788
0.714085521726056,0.6549721183582401,0.42998363177389726,0.0,0.6117439253708842,0.5010040327593274,0.5337913171053493,0.9188623439617004,0.04569778332617498,0.5924444111985709,0.6527216340054884,0.5636696954651694,0.6576654245671588,0.0,0.6007773258396006,0.6089630527086917,0.6058351464640055,0.5926970608291536,0.5735448875910752,0.5397358043462923,0.5671499091654973,0.6700032394589419,0.6146934499776758,0.5546440844506025,0.5598593874445524,0.5750558217257776,0.5348982046845225,0.3361268093966146,0.6158692659039466,0.0,0.5938989899944119,0.45016092035990607,0.4018939731479647,0.45869712663517975,0.2154443311223327,0.2813821584033778,0.3163728209011517,0.30035717996518285,0.5597302619637344,0.0,0.5726847376697506,0.5975072076437936,0.7087909203400691,0.27443408035757827,0.4535549590086701,0.5098531910262251,0.48336852729765156,0.5922402478791913,0.4096383615349145,0.48864354460263804,0.6054078972556319,0.4739673067224314,0.487479885357837,0.6374617160601725,0.6534316303358335,0.5724516640639831,0.4842119400467556,0.5688300591114286,0.0,0.39446977590081816,0.39684257857874594,0.668259131408126,0.40715619897542765,0.6666101238097747,0.46589763123437283,0.6792727294201242,0.34656595002165747,0.5979763062671941,0.4816792521320543,0.5151983864896591,0.596164575034145,0.43303868301874615,0.6461497066300301,0.552806162123953,0.42951749053603167,0.4950908130265579
0.6913472646470501,0.7098176852261509,0.7186441883454064,0.49618990274299973,0.5784193802152772,0.6646201895453185,0.16738601936884706,0.7009718955332997,0.5569196045507183,0.414526892253128,0.6846373117113271,0.4335392887740016,0.25193287302403106,0.3302132484367902,0.7057069536205363,0.7027265829808993,0.8151877455462825,0.6550466596982214,0.675759647348145,0.815917074580018,0.5809405190476704,0.7553048840780755,0.8060475780655859,0.6408527917389788,0.6005451177785635,0.7116237092442068,0.7352267497630974,0.19810986992476246,0.7634816543240056,0.6724847687016412,0.632104207858399,0.10517213355385957,0.49955280495966087,0.0,0.0,0.1095272561088975,0.10950807625095763,0.18970378724426717,0.5163538095678029,0.5726847376697506,0.0,0.16607707324605359,0.4774051675790002,0.40157422423655953,0.381642582953966,0.6595898555423605,0.46084915143863875,0.6908578329428388,0.32079062324704255,0.6589838474776214,0.5719831103764184,0.6116530345141175,0.6038300030677887,0.7112898550695415,0.12835551145395713,0.6888393609924404,0.25812981018320225,0.5693967473603434,0.2701999228726485,0.31026072935389293,0.34626862180382184,0.48390743539092945,0.3103393508420249,0.7289595608292708,0.476917510548711,0.7355786474650181,0.40482337176501515,0.6200335482000371,0.6790833596687443,0.3991104427924496,0.5176877812627436,0.3868416506912112,0.5427501547825957,0.4379013914124968,0.3547830783578552,0.2856734885504823
0.5421057871759973,0.7580602276823583,0.6015552945979706,0.0,0.4720842947287695,0.48745896863142657,0.6478453256555485,0.648640295887051,0.6419010653150491,0.48199649071457934,0.7174834555135339,0.5490470046909234,0.6555740854812395,0.0,0.6785644362865813,0.7169376210136728,0.6783112353189508,0.6823463900513078,0.586410215751771,0.59493554632786,0.6515332922087768,0.7321787810560244,0.5629308551035246,0.8064117793651195,0.6371481516402674,0.7617198584906124,0.4849658371123414,0.7295087017042511,0.7036099783420944,0.612385291049216,0.560092270532506,0.1753844590980476,0.830736085953036,0.4027353808071846,0.1565772825679233,0.0,0.05827403757245013,0.12422646503975025,0.5934127584584366,0.5975072076437936,0.16607707324605359,0.0,0.4507733120768181,0.5031980514812416,0.25616571772022784,0.6004186448917133,0.4485457170485236,0.5157615354688173,0.36946996424564593,0.4996252848954177,0.5206871352968553,0.6226184357128857,0.554561566898125,0.5350548577257506,0.018267281318041964,0.5373578516121061,0.3084214309931075,0.7472510024107607,0.33566162458676946,0.13870692782814503,0.285855740247149,0.4913124114018651,0.2815053959117983,0.7079168170942053,0.31214274385134544,0.6721430030975164,0.28893249856325737,0.49494763485329696,0.8202606534368012,0.4906686329598965,0.46437107235782166,0.2934130631454903,0.6993406819749469,0.46602946499985226,0.6011908489283919,0.4395408368073494
0.0,0.2756159667384702,0.731942988182013,0.5413710768608806,0.6885443245956823,0.750304772663955,0.8098335442565298,0.886394403777981,0.7816966920625621,0.272430447826107,0.7494534869052272,0.4081085235217305,0.7230533511377956,0.5746657890389385,0.7006365039330338,0.6766803827613459,0.0,0.0,0.7978973235398408,0.7959727268822765,0.4480531290277736,0.7775461385520893,0.8230494540613849,0.26355399225390996,0.334724784443737,0.4021302181547659,0.7685525540866868,0.7102797338369566,0.4424030176099201,0.47013444634078844,0.6236706031174949,0.16152141150030677,0.5113275811173847,0.19857266358858683,0.04377630436099855,0.7132276921151139,0.13428648548143943,0.5080919153470848,0.5410593556594615,0.7087909203400691,0.4774051675790002,0.4507733120768181,0.0,0.543028809268293,0.5333744667902569,0.8137647763799172,0.5771768606429336,0.4785429801560006,0.4071263036712653,0.34351384070867924,0.679452103014893,0.4847002650185935,0.5717219941090377,0.6600295468485784,0.3596404294434727,0.44136275920855733,0.28164881987170715,0.675942230918909,0.32311120493830675,0.5467415872918331,0.5122870505912179,0.5287288789561615,0.5151757767173136,0.4666425814598836,0.5385085608277014,0.6603869321026608,0.5786709414568504,0.6528728046032156,0.5083757837748317,0.5478803386209123,0.4878499547896413,0.5742570562130027,0.4902729866078441,0.5615743314636014,0.6061691215295466,0.6256548054240342
0.0,0.0,0.6265676293282554,0.0,0.4999131225025508,0.6358161837737404,0.26959737938374,0.5516737643348033,0.6834402812297857,0.40081954098009237,0.6643781790014389,0.5439164056392062,0.8271260332619079,0.0,0.3460489111776066,0.0,0.0,0.0,0.0,0.48070993413475327,0.0,0.0,0.6243815232551196,0.3776533144924759,0.0,0.0,0.5810692580814723,0.7825785130214291,0.29373366218208197,0.0,0.5168237688936587,0.13313653121523328,0.41698859127465304,0.05190810859439273,0.449351242442249,0.37559453493554634,0.3551257731998738,0.4435438049708214,0.419439779136822,0.27443408035757827,0.40157422423655953,0.5031980514812416,0.543028809268293,0.0,0.4174138701461588,0.0,0.6575950988251196,0.46851762887351583,0.4904083269065569,0.44738162480736215,0.4755067300777443,0.49464299621785485,0.4539547898944665,0.6180389687313271,0.3580759911180813,0.4259315778701723,0.5839858603285281,0.4399917892093361,0.3235757457073567,0.0,0.25610636502687245,0.0,0.0,0.4953987681168203,0.4772806961312809,0.5521314807187359,0.31998517360564044,0.5471719208047583,0.48347417759363603,0.5143219517026103,0.6506842816493154,0.3336196974129471,0.6361732249747014,0.5958150430734818,0.3130159604180317,0.36806238839285166
0.6939851374785008,0.5003097884715235,0.23545773517181512,0.0,0.5956709320401764,0.5159395518724675,0.462135270372639,0.48479265152889117,0.35107778408181756,0.7032409494141001,0.7462425615238132,0.7423061079202614,0.565876261832869,0.0,0.33084445891043585,0.0,0.7863822475611735,0.520000941629954,0.0,0.5751621560292355,0.4943715911438319,0.5259396886254015,0.7156651759575098,0.6384045459435588,0.6676492594954079,0.5131243127600144,0.4425564942936356,0.560402152702592,0.3844058743501827,0.0,0.6234494533919875,0.331649490676779,0.48027063663050534,0.1757756113600929,0.16753114386852458,0.24147796824763312,0.11945578505630026,0.38171865995805654,0.5214414530888372,0.4535549590086701,0.381642582953966,0.25616571772022784,0.5333744667902569,0.4174138701461588,0.0,0.4413724343947816,0.0,0.42315918204184133,0.3704768211015744,0.3583198597208521,0.2959906792290096,0.49919029527493586,0.5191051940924224,0.5232444093748639,0.4733608306619713,0.4354573196776094,0.4775421667603026,0.5344454123185064,0.43052077265672295,0.5266357883448687,0.2812188761835832,0.7147447191488365,0.35842634788887245,0.4601804122290821,0.49736319307657006,0.6735680529919074,0.6690091846800235,0.39677346015745085,0.7308922190597372,0.5174347111929247,0.5501940599996888,0.17781442434542494,0.637232008071132,0.5875046276278041,0.25866210165603876,0.6016625037875409
0.2848958660227442,0.7359031175778803,0.0,0.0,0.0,0.6640755823058799,0.4959989072323617,0.4847817310290442,0.0,0.9483272439981599,0.0,0.7518325794052677,0.46661033944957664,0.0,0.615196761550245,0.7157208295636607,0.5573364389575117,0.6421560256568277,0.0,0.6568540248518576,0.4284255073297004,0.6501204200346952,0.6175473474674187,0.4556301444825051,0.693237071224581,0.6711278665251701,0.6477398642434284,0.6686580658297302,0.6385700972057549,0.0,0.6261317474470041,0.6625400596560492,0.7524672001884252,0.6354779903022537,0.523628169870375,0.0,0.0,0.5098100444584303,0.5900063470559866,0.5098531910262251,0.6595898555423605,0.6004186448917133,0.8137647763799172,0.0,0.4413724343947816,0.0,0.5225757946830447,0.7693349393125501,0.0,1.0,0.7233240000490276,0.9970843295433335,0.7975845845179792,0.10824633216946848,0.6973495010963012,0.5640724691622989,0.7899359823577152,0.9942956054458043,0.8331333382054104,0.6837176368572082,0.5982576118358873,0.7202851831605603,0.6809270933322947,0.0,0.7703032106880447,0.6362374212254142,0.5482097536039932,0.8472831038866371,0.5281291099451716,0.6712042554179027,0.5626971102538909,0.7617535309921143,0.7328306488000061,0.8494939798850779,0.6443343129002862,0.5167082756679704
0.6408715732303134,0.6825015886639619,0.6919215194420407,0.0,0.39226871445854705,0.7259280041534364,0.6417848600312407,0.725885411758202,0.5650667489057637,0.5086198533360718,0.0,0.8678439938201619,0.6493295650086162,0.0,0.7185731521814018,0.6806121318977983,0.6216284190793631,0.5978903717549232,0.0,0.6747552426046971,0.6843487411456438,0.752976059924373,0.7580065796439492,0.6188113699699646,0.6100080509307959,0.6500366484127491,0.7150930079523682,0.7171325534888126,0.7045754311232337,0.6180775977180565,0.7058873338702008,0.7214787904938381,0.6031440083568467,0.7362333626593421,0.6407950904575327,0.5545207648387848,0.0,0.4581188592376271,0.4280108609182755,0.48336852729765156,0.46084915143863875,0.4485457170485236,0.5771768606429336,0.6575950988251196,0.0,0.5225757946830447,0.0,0.5668979424087564,0.0,0.40111878040187876,0.402381420734218,0.4834184257780285,0.7797675364218367,0.5851029596554094,0.31192338685085097,0.486047542658453,0.5542299171973623,0.5731507922558177,0.07147043900220064,0.4233117905938631,0.5424250145857358,0.5423809193536533,0.5939068202731289,0.4937665677342905,0.5504946414256906,0.6408619940711711,0.47820754253398484,0.6225318053821263,0.7417826968939919,0.559173366153462,0.4186703525608182,0.5190428943232351,0.6269911443949978,0.6077516554220486,0.5225997364321064,0.4429817845761775
0.0,0.43736704917645336,0.7665317499169075,0.5013875940765924,0.7313297051632078,0.619213225899559,0.743009179310246,0.4463330967893191,0.7845048128638197,0.7468034412832741,0.7932755902033714,0.6074827879887885,0.6567147175286291,0.6687927547141913,0.4100727902652802,0.0,0.0,0.0,0.8263576264823964,0.5581339138733001,0.675424129824204,0.5549416077850768,0.7601480988855374,0.45295063797842183,0.0,0.6273527437342915,0.7011589413027455,0.6676399253761194,0.8030024728130317,0.5878555960553908,0.7065216206205874,0.515742378565396,0.49169192695977665,0.7249636381700295,0.7698629765296373,0.5261917214155705,0.48541264991641225,0.6193904275930838,0.6065874012275569,0.5922402478791913,0.6908578329428388,0.5157615354688173,0.4785429801560006,0.46851762887351583,0.42315918204184133,0.7693349393125501,0.5668979424087564,0.0,0.2409315228675203,0.54302287745898,0.43660133297699577,0.5383729320842336,0.38010829316318284,0.20332704874953028,0.6098547240706985,0.10616203144358598,0.6145793094502782,0.6954543386706562,0.32038651964828485,0.6345959826830427,0.5391052938302283,0.5645736177904389,0.4982840908269811,0.0,0.5151518196227817,0.7877419199438996,0.5658148861173624,0.3291089128032458,0.5842973011159102,0.5253206711824551,0.49559864067066445,0.4402213631858132,0.6550832497793739,0.6093921914224437,0.5914441019287021,0.6307622589913116
0.0,0.0,0.5016570367844622,0.0,0.0,0.0,0.0,0.0,0.6968023832616435,0.0,0.5050741139647914,0.0,0.0,0.0,0.0,0.0,0.0,0.0,0.0,0.0,0.0,0.0,0.5016570367844634,0.0,0.0,0.0,0.0,0.0,0.0,0.0,0.0,0.8614520389722289,0.4502519472088211,0.0,0.49541477158675046,0.0,0.0,0.0,0.5055870511094025,0.4096383615349145,0.32079062324704255,0.36946996424564593,0.4071263036712653,0.4904083269065569,0.3704768211015744,0.0,0.0,0.2409315228675203,0.0,0.582512082168239,0.6271780257390647,0.6352091094041281,0.7818051728983025,0.6073865314862816,0.8983457094944197,0.6111104128117337,0.2701571054238273,0.6835502771300616,0.38888729782431336,0.0,0.0,0.0,0.0,0.4411563887372724,0.38065686543283705,0.0,0.729470080153536,0.5373908166844102,0.2569698803961875,0.0,0.4845388970880027,0.4766529282021029,0.6839820209838856,0.0,0.0,0.5855829435009365
0.0,0.0,0.6646943286168988,0.0,0.43279814014987655,0.7276630539016474,0.6833059434708608,0.6250603402863235,0.6794896101277863,0.0,0.8103036957126998,0.43766267764210576,0.71230194445195,0.5331900480386887,0.0,0.0,0.0,0.0,0.5903574838665062,0.5045793685500841,0.4509707992870134,0.7237798684311265,0.7115434000530668,0.0,0.0,0.5686769195800587,0.6473565003960434,0.703664375873244,0.7248852683139322,0.56567998279759,0.7000344027837597,0.34174532807136804,0.0,0.6527469538017427,0.9768638496985345,0.6831053431180986,0.0,0.4931786738614127,0.6087457708964461,0.48864354460263804,0.6589838474776214,0.4996252848954177,0.34351384070867924,0.44738162480736215,0.3583198597208521,1.0,0.40111878040187876,0.54302287745898,0.582512082168239,0.0,0.4645890961741483,0.6401540353425098,0.5514188892549717,0.5200583356480618,0.6984509175828293,0.48086392387374577,0.6791272156173143,0.6922778641357863,0.42119810550083625,0.22923528551262493,0.6132532058668267,0.5642535248635039,0.5172568053242256,0.5206894205012753,0.6598571234732097,0.6997864420632889,0.5535847382572259,0.5710839224235557,0.6333905988346926,0.4411752747932426,0.4763831612880321,0.46177974887689777,0.5963539087403156,0.5486478367145279,0.5082345999217338,0.673756038894576
0.5630205001223709,0.7297095247146994,0.7724030958874539,0.12147660841387861,0.6135321421866637,0.7428103830827164,0.7959937799322705,0.5862855954111313,0.7355245315751616,0.6969035570871072,0.8018690470949613,0.4466849373302172,0.7476899414413808,0.5524970979967053,0.686297963836676,0.7226137159467054,0.6054578091617648,0.6522285407921928,0.671963827256912,0.7464571835014063,0.5784496543746565,0.6607303714749441,0.8033744527854507,0.22633254394091168,0.6885255644052735,0.7026191388856302,0.749629481109451,0.7582254125902607,0.834081040537108,0.7512367449866019,0.9101702966776165,0.821565099625612,0.43837279844994403,0.8510454847255128,0.7318086564446841,0.7734553972642882,0.6906704307084253,0.35768453246840126,0.633540503468273,0.6054078972556319,0.5719831103764184,0.5206871352968553,0.679452103014893,0.4755067300777443,0.2959906792290096,0.7233240000490276,0.402381420734218,0.43660133297699577,0.6271780257390647,0.4645890961741483,0.0,0.5412210732171133,0.6698699624141429,0.28449314903459827,0.5570028026253007,0.4190450147233804,0.5042604936102684,0.6378564589436101,0.5756515747125883,0.5637962513409758,0.7139434971845179,0.5638008368190022,0.6752287936046735,0.41760175745157235,0.5417538676532859,0.7617473034699155,0.5668734307663863,0.5431802334791761,0.5257297234403956,0.54279244645598,0.5048901518029758,0.42031570305546306,0.6444605879719006,0.5513879109273828,0.548363155875825,0.555296424972054
0.0,0.609296090447223,0.8146364108453994,0.0,0.7434644814006552,0.8152048693478067,0.7946965012467162,0.7286983348903573,0.7912273545247412,0.5140203819376299,0.8374925797465871,0.6703251009797433,0.7716179051244315,0.5762648042017138,0.5244849232866736,0.3863035664543119,0.5454964961654819,0.4597355083946867,0.7135857254459743,0.6881399596955243,0.7041453043839635,0.7428361997730791,0.7933282461826058,0.6040697118233018,0.6925027489581788,0.5822288152268474,0.7982804841923169,0.8167546134516381,0.9202541427366131,0.576369353826828,0.7619340013285323,0.8459230090975111,0.58960403248587,0.32299055281594113,0.27580434001424253,0.8347496797154598,0.6101553210093801,0.5542433564910324,0.6619362203474454,0.4739673067224314,0.6116530345141175,0.6226184357128857,0.4847002650185935,0.49464299621785485,0.49919029527493586,0.9970843295433335,0.4834184257780285,0.5383729320842336,0.6352091094041281,0.6401540353425098,0.5412210732171133,0.0,0.5687393231689389,0.6075041321102005,0.6041286475569247,0.6703149355216594,0.6127320071526419,0.7066707027533392,0.5599907234877743,0.6050696222773015,0.5925756854665194,0.673634126333981,0.6810757033932785,0.717589934626714,0.49187004155080993,0.7957856987935576,0.5195312080680891,0.6528358800086563,0.7206032035238806,0.5851038338497156,0.5882460353683499,0.5352924329234989,0.694278261636596,0.5654549630476862,0.5364804954709788,0.6539043863356819
0.5609984885563319,0.6253305135930028,0.6162760493853995,0.0,0.6067138551254008,0.7818528105202917,0.7303263639372837,0.5965168131130608,0.6272711139326045,0.5433691009895112,0.6609571596495655,0.0,0.6883931629112242,0.9831493877398113,0.6568094050177598,0.497814465581609,0.0,0.325257605221662,0.5398842861421912,0.7977890142047919,0.5386117143178866,0.7869567221551838,0.7284640558114323,0.682096804888912,0.6621077162441397,0.8001654927160818,0.6702166739241376,0.7468342696261084,0.6923546625911289,0.6114192978958654,0.7670702307195557,0.7973693208941013,0.2704810135803279,0.6174829895865657,0.4765374015093265,0.7032046544200522,0.5225678921102438,0.5113311666679815,0.5204076732711891,0.487479885357837,0.6038300030677887,0.554561566898125,0.5717219941090377,0.4539547898944665,0.5191051940924224,0.7975845845179792,0.7797675364218367,0.38010829316318284,0.7818051728983025,0.5514188892549717,0.6698699624141429,0.5687393231689389,0.0,0.45731722521341667,0.5663613000898182,0.43380254114228367,0.7363907338204512,0.7046505641131166,0.5798426512950319,0.5130780183089806,0.7372682412073972,0.5471471752087336,0.7568686662761908,0.2915241175754879,0.6675185962642415,0.6752922164984967,0.7414461171488349,0.6258424737255502,0.7222507357081511,0.7220163364985513,0.7763970462524672,0.6180807463885672,0.5658185361003202,0.6486243760469435,0.5342222467466814,0.5577343838863031
0.0,0.5273632244307257,0.7474636475505768,0.4510410199256333,0.6019478805129649,0.658218016849166,0.7402748904803437,0.5501162112693264,0.6798313711110027,0.42654893567926355,0.7794002390071855,0.6481268328859625,0.68044891118454,0.7276914938878994,0.577282332699672,0.0,0.0,0.0,0.6342673646347836,0.5924095703852637,0.7157079074779393,0.4090212210829583,0.6151523259279316,0.44304333253893424,0.4970968146194593,0.531768997943731,0.6184070201154406,0.7360782164954355,0.8260379959910512,0.6977709543125018,0.8338387613120202,0.6323373694430284,0.5878552264580744,0.7252885822679012,0.6695676093043673,0.6302706506887479,0.34865704472693265,0.6588777484251727,0.7235680107795605,0.6374617160601725,0.7112898550695415,0.5350548577257506,0.6600295468485784,0.6180389687313271,0.5232444093748639,0.10824633216946848,0.5851029596554094,0.20332704874953028,0.6073865314862816,0.5200583356480618,0.28449314903459827,0.6075041321102005,0.45731722521341667,0.0,0.6550642563791828,0.35721178404482307,0.7145565658432835,0.492925296767629,0.46460325276592496,0.5012708716884887,0.6541010051038977,0.606506165722329,0.5642729175757883,0.33107545819027795,0.5868896079412542,0.8387416571234347,0.630583652918425,0.4431983075456548,0.7599193576417331,0.4587165711027552,0.5074702072410033,0.4284388068029016,0.6660707907820028,0.6041559069062982,0.5898539064421873,0.6661834373870802
0.5888032724072815,0.7215857090876132,0.6853149741313402,0.0,0.49596437293837364,0.4675657111693231,0.5285237594212759,0.24121436838077054,0.07789119902359197,0.8029443504779417,0.6087580685066942,0.7555655588861787,0.6002313066981484,0.0,1.0,0.29629170791414206,0.7588937296923494,0.736309939530464,0.6286292412764858,0.506935002161576,0.4097021466909252,0.7210496665564764,0.6979217196157961,0.790574643789901,0.743674961065984,0.6939953471862713,0.6695689984688238,0.6002875886436664,0.6353361134769748,0.0,0.688338716365052,0.23820956470516289,0.7130858203165065,0.07693538352374688,0.22502097625511894,0.3299718404888769,0.359260855212029,0.4357515889078134,0.3276037147518305,0.6534316303358335,0.12835551145395713,0.018267281318041964,0.3596404294434727,0.3580759911180813,0.4733608306619713,0.6973495010963012,0.31192338685085097,0.6098547240706985,0.8983457094944197,0.6984509175828293,0.5570028026253007,0.6041286475569247,0.5663613000898182,0.6550642563791828,0.0,0.6669780325533724,0.6723990299303659,0.6249637867004543,0.6748162545198363,0.31761807742980913,0.5258475760554789,0.4537741522985,0.5631264275656807,0.6928749685414526,0.41116290901300806,0.6556150601448987,0.38712927920018775,0.5900310253047736,0.8110493801480837,0.4395789458629667,0.3610617050156666,0.4844337700787011,0.5830414189753463,0.401664976284691,0.5550123989518253,0.5392173694399042
0.0,0.0,0.8737249177991849,0.49861240592340517,0.6346698880208282,0.7370199709514321,0.7635005423611243,0.5863865583619298,0.7284210904629036,0.5675144721638509,0.7450012933798982,0.5538064624816628,0.6774678118084324,0.9342142950296364,0.0,0.0,0.4590528344213749,0.0,0.8409259954647782,0.43591642664322855,0.0,0.0,0.72663083700568,0.5351429372653128,0.0,0.5927836355824153,0.6688011479148043,0.7640331769892488,0.5760054045535246,0.1789918774731258,0.6001443114479453,0.36133601894788153,0.5402249914192278,0.6929883832341917,0.3040914257518192,0.7335496916778809,0.5751713601380904,0.4567879112994329,0.6343600434447605,0.5724516640639831,0.6888393609924404,0.5373578516121061,0.44136275920855733,0.4259315778701723,0.4354573196776094,0.5640724691622989,0.486047542658453,0.10616203144358598,0.6111104128117337,0.48086392387374577,0.4190450147233804,0.6703149355216594,0.43380254114228367,0.35721178404482307,0.6669780325533724,0.0,0.6362756675795096,0.7366163100794756,0.498884853188027,0.25616412908274866,0.0,0.3592027684137969,0.6185903463093276,0.15036564477057546,0.39152300933374934,0.3630118409143142,0.585699906502878,0.0,0.0,0.6037306909136785,0.5995847740780771,0.4113942243305703,0.6922392369632437,0.5915870341666771,0.5541694141885263,0.673312554691706
0.7908642329514661,0.41250329964550203,0.18733457959929936,0.0,0.43647093955243704,0.4900811123704126,0.6468552800251434,0.0,0.3950977955036514,0.7914059347277117,0.7351100528742188,0.7732864500007861,0.646604417236739,0.4449243814058401,0.3907025211482144,0.6034030449862878,0.7313333636997921,0.7191758690148482,0.5115070794450871,0.6308485505966154,0.5208000655095506,0.521553971273632,0.36360996654180805,0.7724431167624474,0.7361755209729426,0.6839057610253064,0.41584725305580306,0.6969166628649494,0.47324708799493326,0.0,0.720352833424038,0.1884333971444072,0.6893538166697469,0.2576424876550088,0.22996448731469588,0.3168147756353178,0.3977888033125785,0.5557368782474216,0.46048456325000514,0.4842119400467556,0.25812981018320225,0.3084214309931075,0.28164881987170715,0.5839858603285281,0.4775421667603026,0.7899359823577152,0.5542299171973623,0.6145793094502782,0.2701571054238273,0.6791272156173143,0.5042604936102684,0.6127320071526419,0.7363907338204512,0.7145565658432835,0.6723990299303659,0.6362756675795096,0.0,0.6742206665795638,0.27023218493369383,0.24069006195950354,0.495195466923286,0.6609497063955941,0.5511723559812022,0.5998532422453785,0.43055071943960355,0.5162189820042568,0.4337442467228306,0.804011280967753,0.8290278274654985,0.331626344289362,0.5345719873641763,0.4044524505445319,0.6338522012444595,0.38209964732702295,0.23295581341719618,0.6574926336745357
0.5822352353132042,0.6748169625160058,0.792417986351817,0.5097611380572573,0.8061932293109112,0.7648185323099101,0.8150401429884111,0.6784487373749133,0.6928513251313018,0.4718137402947305,0.8111380240303385,0.6596682750950379,0.7767766218918591,0.47571806260950195,0.6585797531543232,0.6553926010032833,0.5223883420529012,0.44714790662592396,0.7701408643519809,0.7456212374258537,0.6807434584547472,0.736461794822227,0.7713146318579688,0.6480016016174213,0.6806763240110894,0.5520087043846934,0.765435320893374,0.7836698881347375,0.7752533259958713,0.6327914656270452,0.7775028838354718,0.7134577923645816,0.45653459991466383,0.7811836685980896,0.0,0.6369118201485383,0.5294680038258939,0.46710455264997464,0.726845201439257,0.5688300591114286,0.5693967473603434,0.7472510024107607,0.675942230918909,0.4399917892093361,0.5344454123185064,0.9942956054458043,0.5731507922558177,0.6954543386706562,0.6835502771300616,0.6922778641357863,0.6378564589436101,0.7066707027533392,0.7046505641131166,0.492925296767629,0.6249637867004543,0.7366163100794756,0.6742206665795638,0.0,0.6320563991151102,0.550050419521659,0.7129157572847569,0.6579066218541956,0.7058467625640669,0.7611093514732272,0.5705388727008024,0.7723770729229653,0.5959978602661484,0.6779835541792562,0.6828862475938396,0.6045223772215986,0.5823017333754639,0.6139808871074534,0.7142629604080979,0.5975129926422511,0.6548649283751737,0.6393871894134753
0.0,0.0,0.8289874859955777,0.0,0.41665923138742195,0.6118239066277688,0.6343452090679875,0.6152788522813213,0.7055202772354067,0.0,0.818336245808011,0.0,0.6061783178806588,0.49531651648070796,0.0,0.0,0.0,0.0,0.8072592172024396,0.0,0.0,0.0,0.5851320832581683,0.0,0.0,0.0,0.5910006399232502,0.6476429969448493,0.2739844868238338,0.0,0.0,0.5677254299309802,0.4464228374118915,0.7286645695998528,0.0,0.8827131002948923,0.0,0.46050973245204246,0.429623366511928,0.0,0.2701999228726485,0.33566162458676946,0.32311120493830675,0.3235757457073567,0.43052077265672295,0.8331333382054104,0.07147043900220064,0.32038651964828485,0.38888729782431336,0.42119810550083625,0.5756515747125883,0.5599907234877743,0.5798426512950319,0.46460325276592496,0.6748162545198363,0.498884853188027,0.27023218493369383,0.6320563991151102,0.0,0.4627013040889116,0.0,0.4175546578356614,0.8877257224526901,0.3329192805955217,0.7332857976048519,0.6125728801952313,0.45500399035594125,0.6206483460885711,0.6326852960014143,0.5786916249380143,0.5739946389938466,0.5214224266450468,0.5572986687305552,0.22042814212350936,0.0,0.6302731329185032
0.5513344769133726,0.66253926154298,0.38465904015946817,0.0,0.6605805366020902,0.7481611362517114,0.7437525672851459,0.6894184298478739,0.6301921920162638,0.06874576359085215,0.5444331838543468,0.5834415372131603,0.6646891006739324,0.0,0.7861946144757983,0.718371509836524,0.0,0.6736486982812864,0.13171394909843986,0.6946443953038914,0.5563937876011791,0.6754426823119658,0.6825883667843973,0.49616426920616113,0.6579129138013333,0.6958989883668465,0.7166263581392431,0.7107584044087211,0.6646362615764541,0.7365471107025546,0.6096640727139551,0.6093558262225715,0.6996870538772426,0.6299893819382335,0.5924417576051821,0.3961327682560795,0.5721348119543137,0.4751617903471509,0.3231134111365144,0.39446977590081816,0.31026072935389293,0.13870692782814503,0.5467415872918331,0.0,0.5266357883448687,0.6837176368572082,0.4233117905938631,0.6345959826830427,0.0,0.22923528551262493,0.5637962513409758,0.6050696222773015,0.5130780183089806,0.5012708716884887,0.31761807742980913,0.25616412908274866,0.24069006195950354,0.550050419521659,0.4627013040889116,0.0,0.45053910962180355,0.46612908009217924,0.4794402334151936,0.23084192791551195,0.5997648973702034,0.5146556794685097,0.5721814372624945,0.414267800688463,0.7385861649953611,0.5604588031276947,0.2958948168415753,0.44881679254687357,0.4550254960190339,0.5842875039866564,0.43597864768368144,0.3770719197888941
0.6386527449728697,0.6814651761147391,0.5082124700389905,0.0,0.2541217538972023,0.6738136033676009,0.4511397795339092,0.8617861326949507,0.559354452724367,0.5930670020337457,0.0,0.6516519115422198,0.6835915683206907,0.0,0.6803918931245888,0.6675113381723377,0.7256007162358494,0.559526319022729,0.0,0.7592884893099785,0.6702362638176707,0.7474161607086978,0.7154531870012555,0.6862922650103758,0.5790455810823674,0.6139165611051206,0.6651420026476907,0.7623476877063207,0.6741872222052623,0.0,0.7023664411035087,0.7147191802994588,0.5821382674516585,0.6844323380383582,0.6612679860409436,0.35567126091408574,0.0,0.039008940244659146,0.4262857112896188,0.39684257857874594,0.34626862180382184,0.285855740247149,0.5122870505912179,0.25610636502687245,0.2812188761835832,0.5982576118358873,0.5424250145857358,0.5391052938302283,0.0,0.6132532058668267,0.7139434971845179,0.5925756854665194,0.7372682412073972,0.6541010051038977,0.5258475760554789,0.0,0.495195466923286,0.7129157572847569,0.0,0.45053910962180355,0.0,0.563776146391336,0.5955750413144028,0.5000282903956387,0.3977896158358758,0.6700648199343749,0.43769281487876077,0.6206225095566394,0.6469774259415171,0.6349312977411974,0.418052454304022,0.6316966543600672,0.5631172584916214,0.45149645087808055,0.5668113127453149,0.5522504080226759
0.5882247860248632,0.7282271891451028,0.0,0.0,0.0,0.0,0.0,0.0,0.0,0.7557417667743682,0.0,0.7232623333259012,0.7227834464191818,0.0,0.4359164644246005,0.7803369595787933,0.753770320516249,0.72785215433929,0.0,1.0,0.0,0.7716648346150056,0.49286904722908337,0.7501068770882806,0.7544568584890021,0.7379433346594012,0.5461420517491336,0.7924587156316862,0.310048517860823,0.0,0.39616120442908404,0.5073169743663962,0.56265295620593,0.5910555495264908,0.7565202942395576,0.0,0.0,0.5402363608997036,0.5938601883385332,0.668259131408126,0.48390743539092945,0.4913124114018651,0.5287288789561615,0.0,0.7147447191488365,0.7202851831605603,0.5423809193536533,0.5645736177904389,0.0,0.5642535248635039,0.5638008368190022,0.673634126333981,0.5471471752087336,0.606506165722329,0.4537741522985,0.3592027684137969,0.6609497063955941,0.6579066218541956,0.4175546578356614,0.46612908009217924,0.563776146391336,0.0,0.4275119267613659,0.48680663801291135,0.38357064787053524,0.5892922015623084,0.40903688035896657,0.47406549718580837,0.6729740187349599,0.5338219580065379,0.6349327119915521,0.554271938991756,0.5906742637820346,0.5183677236279753,0.5551899368047476,0.4753692576651578
0.6258882750889179,0.6720574080592372,0.0,0.0,0.0,0.34318481040496296,0.5225309335635501,0.36024091827543236,0.0,0.6437921123345851,0.0,0.6682651779407279,0.6047997217776445,0.0,0.8012309177028009,0.610149533787208,0.6783402231996412,0.6552970624863694,0.0,0.8313007640320901,0.6802195359081904,0.7569125255616861,0.6171510277112269,0.7631579634150616,0.6312009744957653,0.6652175549305759,0.48472954285642567,0.6784434030531744,0.7345220207785611,0.0,0.6100214386344817,0.6005634032906995,0.5297027085417091,0.6568083799395376,0.6143566287821466,0.0,0.0,0.5525413473325176,0.479711376923339,0.40715619897542765,0.3103393508420249,0.2815053959117983,0.5151757767173136,0.0,0.35842634788887245,0.6809270933322947,0.5939068202731289,0.4982840908269811,0.0,0.5172568053242256,0.6752287936046735,0.6810757033932785,0.7568686662761908,0.5642729175757883,0.5631264275656807,0.6185903463093276,0.5511723559812022,0.7058467625640669,0.8877257224526901,0.4794402334151936,0.5955750413144028,0.4275119267613659,0.0,0.6326076329735478,0.5884237301620872,0.7454242908673081,0.5717998845132923,0.6890244928705822,0.5483904780912153,0.6476088914269132,0.5665788699116747,0.677896640869899,0.6020304789362495,0.6061898941403984,0.4928563398542827,0.47335381707867746
0.0,0.0,0.7364948917144281,0.0,0.5840003479812876,0.5979908276965489,0.6626794465750527,0.435530656676606,0.5646322505427155,0.32184289783973774,0.4772516950857424,0.0,0.6046030436651482,0.577587845120153,0.0,0.0,0.0,0.0,0.7321043466402062,0.3800636067981815,0.0,0.0,0.7659761986081901,0.0,0.0,0.0,0.5872686545381007,0.7195383381028565,0.7304949733902316,0.3532736043817851,0.7118761161250587,0.3999636376641136,0.5426838324366419,0.6158470323771881,0.697956918701385,0.5238997983323354,0.0,0.0,0.5936029165329005,0.6666101238097747,0.7289595608292708,0.7079168170942053,0.4666425814598836,0.4953987681168203,0.4601804122290821,0.0,0.4937665677342905,0.0,0.4411563887372724,0.5206894205012753,0.41760175745157235,0.717589934626714,0.2915241175754879,0.33107545819027795,0.6928749685414526,0.15036564477057546,0.5998532422453785,0.7611093514732272,0.3329192805955217,0.23084192791551195,0.5000282903956387,0.48680663801291135,0.6326076329735478,0.0,0.5431087427189395,0.42762057236148754,0.5112795013827935,0.12841067478249313,0.4436915375517021,0.5436005134942237,0.5468343952246926,0.30806881629738536,0.746582674043624,0.7292334795172394,0.6267929788311785,0.7205876978583243
0.6270909190192985,0.6948396605819106,0.48491587261305513,0.0,0.666875399646138,0.765769048862908,0.8137386554109608,0.7738267764728046,0.593255390483583,0.3778935603837378,0.4098180218479546,0.528624157755407,0.7468809248162891,0.2863542286285584,0.7364585590308722,0.6670035495034592,0.6817965719363819,0.5502471754849293,0.7513575031555226,0.7713125084307768,0.6364545526377027,0.6683692053022169,0.7601134230885119,0.6269380731529687,0.5906371288838833,0.6804587942952163,0.7454644036382146,0.7680116688854474,0.7837450552936669,0.7644113512386823,0.7253694296875277,0.5316111156084725,0.42404766022263285,0.6763261983742196,0.669851877320985,0.40318268440395066,0.6751742642062544,0.6771949533564182,0.41788849618625623,0.46589763123437283,0.476917510548711,0.31214274385134544,0.5385085608277014,0.4772806961312809,0.49736319307657006,0.7703032106880447,0.5504946414256906,0.5151518196227817,0.38065686543283705,0.6598571234732097,0.5417538676532859,0.49187004155080993,0.6675185962642415,0.5868896079412542,0.41116290901300806,0.39152300933374934,0.43055071943960355,0.5705388727008024,0.7332857976048519,0.5997648973702034,0.3977896158358758,0.38357064787053524,0.5884237301620872,0.5431087427189395,0.0,0.5996350524642171,0.5669684430408057,0.41467725781200154,0.5945807409572826,0.5082313584891756,0.48878387776876187,0.5970403459861775,0.42479931313835534,0.3870921326242136,0.5783242978986556,0.42224269586003055
0.3502434248531721,0.8087973325330944,0.5963913530935925,0.0,0.0,0.7077771548889291,0.7638378218550013,0.6623637894735488,0.5634265830391962,0.6253990201642516,0.0,0.815040725398698,0.8462235897022778,0.0,0.5671198070020053,0.6127136484615298,0.0,0.6283794693663488,0.0,0.6892237123922799,0.2082730065601842,0.6803323264497899,0.7267056636574735,0.3247403303782398,0.8859351483504583,0.6765437701305889,0.6708645512611562,0.7245379823679124,0.7089221339361331,0.6992469496245654,0.5334387462303358,0.6273247926200556,0.6807337374415122,0.6111177089963161,0.5896304351993283,0.7735474371336356,0.7216332165310542,0.0,0.649598015530102,0.6792727294201242,0.7355786474650181,0.6721430030975164,0.6603869321026608,0.5521314807187359,0.6735680529919074,0.6362374212254142,0.6408619940711711,0.7877419199438996,0.0,0.6997864420632889,0.7617473034699155,0.7957856987935576,0.6752922164984967,0.8387416571234347,0.6556150601448987,0.3630118409143142,0.5162189820042568,0.7723770729229653,0.6125728801952313,0.5146556794685097,0.6700648199343749,0.5892922015623084,0.7454242908673081,0.42762057236148754,0.5996350524642171,0.0,0.6650737200805307,0.6517605839671481,0.69119311744992,0.7311435276526274,0.6218008327067867,0.5776239941318013,0.5887799288911972,0.7134085860878482,0.482992259512014,0.598719429023733
0.6971144527731623,0.715102808447255,0.4871315077411015,0.0,0.5523261148355307,0.7015414837038106,0.6667817978515682,0.7351730153718178,0.4574051802044625,0.6590634085848575,0.36224568155147757,0.7848623190565513,0.6756001936948016,0.0,0.7809128334768551,0.7361602839253532,0.7170762077011257,0.7000652379407367,0.5484633134043387,0.741561908420965,0.680193617839148,0.7326355702502637,0.718458196393137,0.724135261088087,0.6991510192025127,0.6990492064148683,0.6478277573558542,0.6061190443532473,0.660808780913554,0.652596380230634,0.6079733703175015,0.6444549922657012,0.6696544651116461,0.6584747745648527,0.5869681151503455,0.3052680058736585,0.4230521677060406,0.4817823276796503,0.37457636548518014,0.34656595002165747,0.40482337176501515,0.28893249856325737,0.5786709414568504,0.31998517360564044,0.6690091846800235,0.5482097536039932,0.47820754253398484,0.5658148861173624,0.729470080153536,0.5535847382572259,0.5668734307663863,0.5195312080680891,0.7414461171488349,0.630583652918425,0.38712927920018775,0.585699906502878,0.4337442467228306,0.5959978602661484,0.45500399035594125,0.5721814372624945,0.43769281487876077,0.40903688035896657,0.5717998845132923,0.5112795013827935,0.5669684430408057,0.6650737200805307,0.0,0.45709470362877236,0.41007135397763944,0.4653534722197041,0.39979136920004904,0.5726188294194197,0.477034163370403,0.3732946791283417,0.4772986490762316,0.3173259294978666
0.5102268589985282,0.7438664072592003,0.7875023222006428,0.7911275924871082,0.7545442699011001,0.7427337060414548,0.8163312189792088,0.8242937657150807,0.7202158926686383,0.7623008109238874,0.834405467679077,0.589082193293935,0.74715141669263,0.4720642040010686,0.7141537715730836,0.6919806915679512,0.9474910358428591,0.6539240543085834,0.6723685468588648,0.7970074877723281,0.6966254537971995,0.7225762208649362,0.8631130131972586,0.3705374648844375,0.7194678811849384,0.7009166891883267,0.8356022288845582,0.7542331482818355,0.8380984349534748,0.7290008841966313,0.8677752102371423,0.7849711980515801,0.8198844785022673,0.8364373498315989,0.7826565140257107,0.6668932111224022,0.7335387191409898,0.5171301752828803,0.593053942613959,0.5979763062671941,0.6200335482000371,0.49494763485329696,0.6528728046032156,0.5471719208047583,0.39677346015745085,0.8472831038866371,0.6225318053821263,0.3291089128032458,0.5373908166844102,0.5710839224235557,0.5431802334791761,0.6528358800086563,0.6258424737255502,0.4431983075456548,0.5900310253047736,0.0,0.804011280967753,0.6779835541792562,0.6206483460885711,0.414267800688463,0.6206225095566394,0.47406549718580837,0.6890244928705822,0.12841067478249313,0.41467725781200154,0.6517605839671481,0.45709470362877236,0.0,0.7621582311541487,0.6276737641584574,0.5835380132551445,0.4132605149900718,0.621964866050595,0.654785637624657,0.6010457541390564,0.5896354308269737
0.31011607039714173,0.8799128164781926,0.0,0.0,0.0,0.0,0.34795201391425795,0.5452214716428926,0.41358267814047855,0.7940234807964205,0.0,0.7416060212666895,0.4362798192593217,0.5511844205052352,0.5169530345386646,0.6851792843874105,0.695879915477808,0.6973913067449716,0.0,0.021122979053633386,0.4727688845196551,0.6976838623734718,0.5109899961130697,0.8492862278207187,0.7037800991572001,0.7875853081348727,0.5443928498831438,0.5901545910845344,0.45063305590624103,0.0,0.6502693268674291,0.2912505147753144,0.5656012733832677,0.8759367919016985,0.2506877553702398,0.479886218476603,0.4070009625419597,0.6121027140461589,0.7761043729243323,0.4816792521320543,0.6790833596687443,0.8202606534368012,0.5083757837748317,0.48347417759363603,0.7308922190597372,0.5281291099451716,0.7417826968939919,0.5842973011159102,0.2569698803961875,0.6333905988346926,0.5257297234403956,0.7206032035238806,0.7222507357081511,0.7599193576417331,0.8110493801480837,0.0,0.8290278274654985,0.6828862475938396,0.6326852960014143,0.7385861649953611,0.6469774259415171,0.6729740187349599,0.5483904780912153,0.4436915375517021,0.5945807409572826,0.69119311744992,0.41007135397763944,0.7621582311541487,0.0,0.634221741056577,0.6725973771593906,0.7615124654255889,0.7762666275552139,0.30698467752550596,0.642829294704647,0.6821918879063311
0.6872316654244794,0.626625697221137,0.0,0.0,0.5581300579118114,0.7059241945496662,0.5544256104184642,0.7043354531694087,0.6334758293690244,0.6785429046312423,0.0,0.6754560884121232,0.6052704455269626,0.0,0.662559531593812,0.5947050870909211,0.7143045736131132,0.6437550602338549,0.0,0.7125276662046918,0.7180577724372765,0.6731108773592352,0.774094074976758,0.7727128871196415,0.6043110560789557,0.6359237058381888,0.6661116431985235,0.5384624763691132,0.7379820510952939,0.0,0.664824851100355,0.5813386190504641,0.5522407724985972,0.6241067003263104,0.5615734900844979,0.28327311338837435,0.0,0.33774635058522584,0.5374963376966065,0.5151983864896591,0.3991104427924496,0.4906686329598965,0.5478803386209123,0.5143219517026103,0.5174347111929247,0.6712042554179027,0.559173366153462,0.5253206711824551,0.0,0.4411752747932426,0.54279244645598,0.5851038338497156,0.7220163364985513,0.4587165711027552,0.4395789458629667,0.6037306909136785,0.331626344289362,0.6045223772215986,0.5786916249380143,0.5604588031276947,0.6349312977411974,0.5338219580065379,0.6476088914269132,0.5436005134942237,0.5082313584891756,0.7311435276526274,0.4653534722197041,0.6276737641584574,0.634221741056577,0.0,0.5390830836009535,0.5669746415137142,0.5972430140692673,0.6163567715099105,0.5902675758883554,0.4750107491802247
0.6921293731865985,0.6790814892802703,0.3935057233546747,0.0,0.5907135442690633,0.7708024172852481,0.7199130462974677,0.7515067230955451,0.5243170634658391,0.7292409266510902,0.6116299681258432,0.701358058324222,0.6938970205599662,0.0,0.6332579505710744,0.6841211496426878,0.7301380987175781,0.7056525679516694,0.7151405012527361,0.6963684583640717,0.6458623954603318,0.7540667608737107,0.7227676126182543,0.799622828174174,0.6639125119799822,0.6575582770624808,0.7044781391107345,0.7732912387384019,0.6987196909597859,0.7109236010184308,0.6995935260583898,0.6574334875699603,0.6124407938123955,0.6982472922082998,0.5545826846398276,0.4300454626190827,0.6634950264859816,0.7553093217991281,0.4357424809340409,0.596164575034145,0.5176877812627436,0.46437107235782166,0.4878499547896413,0.6506842816493154,0.5501940599996888,0.5626971102538909,0.4186703525608182,0.49559864067066445,0.4845388970880027,0.4763831612880321,0.5048901518029758,0.5882460353683499,0.7763970462524672,0.5074702072410033,0.3610617050156666,0.5995847740780771,0.5345719873641763,0.5823017333754639,0.5739946389938466,0.2958948168415753,0.418052454304022,0.6349327119915521,0.5665788699116747,0.5468343952246926,0.48878387776876187,0.6218008327067867,0.39979136920004904,0.5835380132551445,0.6725973771593906,0.5390830836009535,0.0,0.43415297823525106,0.5879050604578709,0.6069763800393557,0.6012112591317401,0.40411390049606205
0.5216948890944104,0.7364860047299373,0.7514367518933127,0.7109387991665052,0.7097242896883051,0.8024028396757524,0.7938023539506276,0.6281766915379797,0.6792938611411307,0.7627339005857368,0.6245161019702827,0.41723255028714307,0.7495131076352877,0.6112904749116402,0.76067184146727,0.6838049752043635,0.0,0.5426981391447524,0.640635030122872,0.7448068838314487,0.6238798031838478,0.6696360452779045,0.7935793850387562,0.470025593567753,0.6572040015132743,0.6691613840396732,0.7697288737429275,0.7938721566646229,0.7959921320427426,0.7121257092242673,0.8307896706985414,0.7549837340699299,0.21759479553803435,0.8002545406098116,0.7043143480306207,0.5051607916829187,0.5949963987153136,0.2740824646472836,0.3574048379231696,0.43303868301874615,0.3868416506912112,0.2934130631454903,0.5742570562130027,0.3336196974129471,0.17781442434542494,0.7617535309921143,0.5190428943232351,0.4402213631858132,0.4766529282021029,0.46177974887689777,0.42031570305546306,0.5352924329234989,0.6180807463885672,0.4284388068029016,0.4844337700787011,0.4113942243305703,0.4044524505445319,0.6139808871074534,0.5214224266450468,0.44881679254687357,0.6316966543600672,0.554271938991756,0.677896640869899,0.30806881629738536,0.5970403459861775,0.5776239941318013,0.5726188294194197,0.4132605149900718,0.7615124654255889,0.5669746415137142,0.43415297823525106,0.0,0.5371751350845706,0.5368429766391016,0.42632945893439,0.3907781479550525
0.5000895187407037,0.6801845138639461,0.7992960002507817,0.45091330111430844,0.7563909515204201,0.7164367652029607,0.8022627711931649,0.6639279407841259,0.7740945617667802,0.5013006397034669,0.8384998640219851,0.6993702118901466,0.7214260951163223,0.536777957116142,0.6336318144285342,0.7146970790091749,0.5706568861932254,0.6067343372684646,0.7196324873453037,0.7375180145754288,0.6170751439140806,0.6994361290503247,0.7439094339258675,0.6818754199368272,0.5993609718842124,0.594271457518624,0.7013328438632247,0.7368624779269807,0.7697726816980232,0.7105392897141593,0.824398841912147,0.6990425780435412,0.6292312924355687,0.7737630818432857,0.7776932473784159,0.6511768529801367,0.7313071356375862,0.4509993715207232,0.5759518208805777,0.6461497066300301,0.5427501547825957,0.6993406819749469,0.4902729866078441,0.6361732249747014,0.637232008071132,0.7328306488000061,0.6269911443949978,0.6550832497793739,0.6839820209838856,0.5963539087403156,0.6444605879719006,0.694278261636596,0.5658185361003202,0.6660707907820028,0.5830414189753463,0.6922392369632437,0.6338522012444595,0.7142629604080979,0.5572986687305552,0.4550254960190339,0.5631172584916214,0.5906742637820346,0.6020304789362495,0.746582674043624,0.42479931313835534,0.5887799288911972,0.477034163370403,0.621964866050595,0.7762666275552139,0.5972430140692673,0.5879050604578709,0.5371751350845706,0.0,0.5490209150186596,0.410822920409839,0.5395349421176009
0.7241807163820956,0.7287489645905012,0.852470090191031,0.920913885298323,0.667062678541302,0.7195137896403418,0.7776659695948801,0.6675063911342513,0.7121425886994145,0.6074587688274908,0.6557038677708118,0.45544495971363314,0.7700094143716303,0.7001964849876684,0.655216961270097,0.6295335190597771,0.5886205083712976,0.6322452293788553,0.7378453881055941,0.7200228089576806,0.5779977177884889,0.6911500172245404,0.768074969663504,0.5121675299086087,0.6311352551812985,0.6586491032338437,0.7143796964827491,0.7309634535004101,0.7099369219425804,0.7460241582620447,0.6895131511211162,0.7060164434212018,0.49259416309998855,0.8049027621485705,0.7243065726061666,0.6656658818138931,0.6272175888999731,0.3891916014990874,0.4920229623676926,0.552806162123953,0.4379013914124968,0.46602946499985226,0.5615743314636014,0.5958150430734818,0.5875046276278041,0.8494939798850779,0.6077516554220486,0.6093921914224437,0.0,0.5486478367145279,0.5513879109273828,0.5654549630476862,0.6486243760469435,0.6041559069062982,0.401664976284691,0.5915870341666771,0.38209964732702295,0.5975129926422511,0.22042814212350936,0.5842875039866564,0.45149645087808055,0.5183677236279753,0.6061898941403984,0.7292334795172394,0.3870921326242136,0.7134085860878482,0.3732946791283417,0.654785637624657,0.30698467752550596,0.6163567715099105,0.6069763800393557,0.5368429766391016,0.5490209150186596,0.0,0.39459038280375236,0.43924859721554366
0.0,0.6407087928044495,0.590035739768542,0.0,0.7159530175485418,0.6676259928347159,0.7295384872553705,0.6275509442166114,0.6243994928142567,0.0,0.6786980504481951,0.0,0.7250471677948853,0.0,0.4649382816205112,0.6157758711456571,0.0,0.0,0.8464376537632887,0.6440381822156946,0.3937193116783604,0.5447543027016657,0.7384125475654574,0.0,0.0,0.47300545783166403,0.660063305832247,0.7618615767113307,0.7517349620125461,0.49684382170296615,0.6944021006470846,0.6121483971553457,0.0,0.6065756567319871,0.4050064614674891,0.38293397343418084,0.5782815962714277,0.0,0.2897645656049218,0.42951749053603167,0.3547830783578552,0.6011908489283919,0.6061691215295466,0.3130159604180317,0.25866210165603876,0.6443343129002862,0.5225997364321064,0.5914441019287021,0.0,0.5082345999217338,0.548363155875825,0.5364804954709788,0.5342222467466814,0.5898539064421873,0.5550123989518253,0.5541694141885263,0.23295581341719618,0.6548649283751737,0.0,0.43597864768368144,0.5668113127453149,0.5551899368047476,0.4928563398542827,0.6267929788311785,0.5783242978986556,0.482992259512014,0.4772986490762316,0.6010457541390564,0.642829294704647,0.5902675758883554,0.6012112591317401,0.42632945893439,0.410822920409839,0.39459038280375236,0.0,0.2557124741945927
0.5348372869785478,0.7237899840964706,0.6940176089454061,0.0,0.64380237695912,0.7539437669532734,0.7401242697902687,0.6523283611427643,0.7129273740797515,0.7546325255811127,0.6229160742922429,0.6823075094478561,0.6891963525016498,0.0,0.6811989202591828,0.6933730667964296,0.7263267600564633,0.6631325061703013,0.7022860341678323,0.7822228247804682,0.6221386485420378,0.7234476846631271,0.7565574136568092,0.6522818419294322,0.6168767959343573,0.6238320419448392,0.6849330753484616,0.7252424763872729,0.7708916194567921,0.6969709414460125,0.5907177692437611,0.2955756058899466,0.5607262583497505,0.882293824528809,0.6488356202063333,0.6460634197793833,0.6342051591909879,0.48193361503208937,0.5558544281633788,0.4950908130265579,0.2856734885504823,0.4395408368073494,0.6256548054240342,0.36806238839285166,0.6016625037875409,0.5167082756679704,0.4429817845761775,0.6307622589913116,0.5855829435009365,0.673756038894576,0.555296424972054,0.6539043863356819,0.5577343838863031,0.6661834373870802,0.5392173694399042,0.673312554691706,0.6574926336745357,0.6393871894134753,0.6302731329185032,0.3770719197888941,0.5522504080226759,0.4753692576651578,0.47335381707867746,0.7205876978583243,0.42224269586003055,0.598719429023733,0.3173259294978666,0.5896354308269737,0.6821918879063311,0.4750107491802247,0.40411390049606205,0.3907781479550525,0.5395349421176009,0.43924859721554366,0.2557124741945927,0.0
