0.0,0.7366868941546579,0.6462213222045703,0.0,0.0338550257869995,0.5712005307573174,0.5523753535162037,0.7781030946681815,0.6714629829536845,0.676536842157858,0.38031301080030006,0.6627469918593024,0.5379758306484358,0.5906622294876888,0.4110260617582085,0.712042182933668,0.5354216535459416,0.5849975985083667,0.0,0.6472186457475876,0.6760850985108231,0.6644381622374651,0.6936419806249786,0.5547294742624062,0.6372192835154682,0.47248839477639604,0.7489824957583137,0.5497002738163902,0.6714361113671965,0.6726774587580856,0.58560430617678,0.6541445747758136,0.6836975974292274,0.6015638710444866,0.4820324941243033,0.5209910582599326,0.0,0.6661955991198316,0.7445216722085691,0.669810967761492,0.6609413386158267,0.4874750484114478,0.0,0.0,0.4459292614632992,0.5107050416129476,0.7308737807114684,0.0,0.0,0.0,0.5549097605857755,0.0,0.5660553654642495,0.0,0.43494040090556646,0.0,0.5533129524794538,0.5732783208376344,0.0,0.7308885837728459,0.6732319792527885,0.533003136473811,0.6263248725405364,0.0,0.629548510145394,0.3171401217245447,0.7938552208309818,0.5126157371507905,0.19885810795782902,0.6145451927199319,0.730805249377872,1.0,0.5156589793243466,0.6596601069035417,0.0,0.5347983917120991
0.7366868941546579,0.0,0.5800471724304939,0.0,0.3112722395276114,0.6805537845522475,0.4181174477662877,0.637753105701206,0.4750072158878852,0.4734678819729917,0.44595829802395814,0.4903526382824348,0.5669287558661795,0.0,0.7090933052191082,0.6934612711929399,0.5968424591227257,0.7334326534529023,0.5956405763431917,0.7162249957341682,0.8344633504622168,0.5865650604616983,0.7400742083489757,0.7119758816356578,0.6381435293272877,0.5787442930432133,0.7168580645861298,0.6618996551169694,0.6815365650747595,0.6005387904816946,0.5976176602538429,0.5583332302729834,0.6265669787511072,0.5316197009868829,0.4219654000890452,0.006563749089214081,0.5543330216444896,0.2173507871263604,0.7918134656118688,0.7834134452731205,0.7203138450940871,0.667922462514726,0.008412362908457698,0.0,0.4886069055143297,0.8114453483920652,0.7507826990413827,0.43114441617590044,0.0,0.0,0.6131728033743401,0.4611155807623882,0.7007344395181114,0.538020844247081,0.7785245136793367,0.0,0.6189180785751038,0.5463189471289162,0.0,0.7819348063800027,0.7371383660584707,0.7716647178353452,0.6902348458311115,0.0,0.6595339718653733,0.8279601214695195,0.7812121261767616,0.7426432708212184,0.6928544474527151,0.6845603792264229,0.7471942988034799,0.7197341246946067,0.5487636585390174,0.6200435369032361,0.6464589501245582,0.7697815539211351
0.6462213222045703,0.5800471724304939,0.0,0.5773795070539323,0.5049110974745044,0.6395835597667711,0.6540375257649552,0.6149380750219975,0.3882078986313881,0.7007620347363586,0.5775264501115278,0.7153174054327888,0.6493389564439154,0.6611171885804886,0.39267459863962284,0.6288727519916446,0.6085886105588502,0.6190407841436539,0.5605160807262013,0.6489786017764198,0.5306939671777854,0.6528012907718135,0.5583602190646433,0.5359855510994624,0.5445691862819638,0.8362281535160577,0.6423172661179701,0.6774551907533434,0.7097086394634832,0.6640121745671546,0.6493526756158825,0.6290024873196117,0.6685367200933026,0.6751914018927367,0.5617424961736959,0.6415141074952984,0.7145484108315017,0.7108713779264277,0.5823744457155285,0.23168669758486185,0.7019952520691183,0.6065026589475141,0.635862756339293,0.3866106270664501,0.23313787211727954,0.0,0.6959973551708458,0.30458215911039543,0.5124161879924395,0.6343391599046675,0.7452020860109325,0.6257775387663099,0.7252368526940381,0.7500577686802298,0.6847611522010145,0.7494130220917923,0.1865200493638365,0.6739266392352034,0.5535207559469887,0.7528906859948682,0.5028783444364562,0.0,0.0,0.5466785225277622,0.5235663687662908,0.5957632587853858,0.516916058085602,0.6407340231856187,0.0,0.0,0.39368931581958894,0.6926583384873511,0.7343303694452022,0.4903185405457075,0.5788149552834303,0.6171028864562657
0.0,0.0,0.5773795070539323,0.0,0.3576474440795198,0.6297057355285135,0.3633341136811337,0.6353141222260463,0.4049213038575251,0.6053794449992067,0.5549060220461248,0.5250729509654914,0.44659290031079135,0.42371584704752857,0.4347475549205708,0.0,0.4661938307704545,0.0,0.5372323133084183,0.5179176201722873,0.5609974991373867,0.6185942553749737,0.48296121606085257,0.293243464411049,0.0,0.8072014732678716,0.4237292029248121,0.33389987412309996,0.3903754570440455,0.2184043243601108,0.3897847343839746,0.28294071906824936,0.34376004118587683,0.4154515756568429,0.010541891587336892,0.34805933527232535,0.2841084045444855,0.37205455986358327,0.42057848743193116,0.0,0.5076814118212394,0.0,0.5416210428561867,0.0,0.0,0.0,0.0,0.4994128094088367,0.0,0.0,0.12286750071295949,0.0,0.0,0.452302777376259,0.0,0.5005871905911639,0.0,0.495717516217182,0.0,0.0,0.0,0.0,0.0,0.0,0.0,0.0,0.0,0.7002591920073806,0.0,0.0,0.0,0.7032283649716419,0.45283161100110164,0.9258821323609581,0.0,0.0
0.0338550257869995,0.3112722395276114,0.5049110974745044,0.3576474440795198,0.0,0.41609881927001224,0.6020740912962134,0.5889768458030396,0.2837583832602405,0.7866583164441758,0.472913957172835,0.7291182751618573,0.5247981914371601,0.44657493287399214,0.4188233092732784,0.1721455228471495,0.6327582312994947,0.24390100583241225,0.5133081056006497,0.4462827648927758,0.6350387135683939,0.4447469167141475,0.5073232990497968,0.6940248825408709,0.5103274629396352,0.23299721866535542,0.4652412823946019,0.3597609281057218,0.407218598098541,0.7546829668072487,0.5695799649308497,0.490281289143584,0.38003575919215415,0.7419381312514989,0.6724714431405324,0.5659401099570357,0.4053121600243933,0.7646995753606917,0.5141345807489154,0.6229444508204985,0.643599882549159,0.4905512899541187,0.41808892110367374,0.5003066843828868,0.5986312839357779,0.0,0.0,0.6373365243929527,0.0,0.40723134083436013,0.48666566561612956,0.4237517602717821,0.583956984904717,0.4992255489499221,0.4960867575503089,0.5878055422180946,0.4419321854339904,0.5890859972914712,0.32676550107373226,0.5734615764632783,0.24268554485143404,0.0,0.0,0.5509902376600788,0.3315019766474088,0.0,0.40889467855552,0.5489778871445818,0.0,0.55766587601085,0.28004644276292867,0.5777321656372929,0.5494161561220418,0.41464204752634676,0.7140251132577764,0.4857911684695895
0.5712005307573174,0.6805537845522475,0.6395835597667711,0.6297057355285135,0.41609881927001224,0.0,0.47653626759139417,0.7510066744520937,0.29562368043975146,0.6810980935647198,0.6728933667457181,0.6972903180218706,0.582777713498819,0.5972320703751883,0.6942413095521223,0.6261310208099089,0.5532688226083782,0.640110531783105,0.5770551291011081,0.5906310506457563,0.674403511298935,0.6332661522224001,0.792467404536788,0.6284342331815437,0.5222586865186751,0.5227819531551459,0.701998827900056,0.6252627441994021,0.6075630621025597,0.6538034345119386,0.5992342604905887,0.5170687606558192,0.5287679643719689,0.6264245489907814,0.5615212049929447,0.6887874942758537,0.5749686428317216,0.6343688650751984,0.7109451328395315,0.3786579496505945,0.7448169444329485,0.7546620241548694,0.6135394151173881,0.6228047609538357,0.5137846770576263,0.6534365273031761,0.7039084832076763,0.6940315053776646,0.0,0.6361103023063435,0.6536296202939383,0.6110557520301836,0.7783220713539462,0.6473890205398124,0.7698817977077482,0.7560116788859156,0.49182653397247716,0.673036258361494,0.6700165815031693,0.717171389820509,0.6182316764818896,0.0,0.32109428691566777,0.681147216123059,0.6580466382368235,0.6494504170630655,0.7261219282326353,0.6106896819091333,0.0,0.508129262465029,0.7381473245764555,0.7686984082658246,0.6473823113632214,0.6202906548414855,0.6164332039029021,0.721000333534509
0.5523753535162037,0.4181174477662877,0.6540375257649552,0.3633341136811337,0.6020740912962134,0.47653626759139417,0.0,0.6892897749689056,0.5455689322735231,0.6899401457954666,0.6198913860489939,0.6585841534272365,0.5403797166425327,0.4285404201555815,0.6464927386979052,0.5178361028232584,0.7420390420455889,0.5020275825625041,0.6593029615002128,0.5005491101939246,0.5838432393630318,0.5276235284122931,0.6983568925974533,0.8740274702372638,0.27471371614238776,0.4851065682673582,0.5993514692962839,0.45549020900179443,0.5365946547025863,0.5186122201482462,0.4739350390444814,0.6665409079783522,0.6625490348757215,0.6378204071827077,0.5609414888632689,0.581353282162106,0.5950625854615774,0.6961905956796892,0.42387072637257506,0.17813650225580277,0.5526619554525056,0.0,0.510587583071044,0.272432755348368,0.4594081842405001,0.48370033223799785,0.4969605557700736,0.5012719800408063,0.0,0.4883086733902277,0.5983936639622218,0.5419140029309425,0.5355670679868532,0.5713403861163456,0.5422618588332384,0.588569099870624,0.7368610307903999,0.5871561826220147,0.5194962333175474,0.6923562363062505,0.257019660725696,0.0,0.5198138824842904,0.5035619670730109,0.5613832002720002,0.7673760605286338,0.6199507114717833,0.5888961844764805,0.3476578106618573,0.33671208728732743,0.608835260349237,0.5999917205915626,0.6112300397620622,0.5255031027888659,0.7260780995340068,0.6372510237362484
0.7781030946681815,0.637753105701206,0.6149380750219975,0.6353141222260463,0.5889768458030396,0.7510066744520937,0.6892897749689056,0.0,0.6027396161080387,0.7566445473494009,0.731041356852833,0.7818789352542079,0.6795056482508465,0.7478045589551057,0.7117505975474842,0.7172358965828101,0.6076028851069537,0.7362991273894001,0.520440771966831,0.6058901449415426,0.6382172080547032,0.555851544562808,0.5963588792110059,0.7663654036596459,0.6975387366784414,0.703058179219243,0.7686774120813653,0.6351246835888587,0.5603687015615654,0.5263375620474527,0.5436738733387766,0.5673182223454708,0.6238343638335874,0.625850663261739,0.4735053052617981,0.7172962889345355,0.7217789000848905,0.6654382865191504,0.720322516140411,0.7980638674812989,0.6378210566308424,0.6549437104260749,0.5364935237695977,0.5494377901694446,0.49005757295905983,0.5024616099440554,0.6018218402165528,0.5765854855737425,0.0,0.5108151746394494,0.5479773640730771,0.5171463820958937,0.6204129520165707,0.5523677444620112,0.7101427302708956,0.5413151449787269,0.0,0.6119609385691194,0.5177268298198,0.598336170665526,0.7454876753108206,0.0,0.35707661901075405,0.5551358230390766,0.6332989366504813,0.5912570120814382,0.6186644884957143,0.7716079047813564,0.5522287054918057,0.6323818164515249,0.7106958143825358,0.6305902217534354,0.6123062508979336,0.6063264630265393,0.6314526935556798,0.5968576441816402
0.6714629829536845,0.4750072158878852,0.3882078986313881,0.4049213038575251,0.2837583832602405,0.29562368043975146,0.5455689322735231,0.6027396161080387,0.0,0.6700809227922793,0.3918136588774792,0.7218272703349763,0.5995676173827347,0.5833757385428617,0.5446836745259321,0.5788007294783026,0.5585649182659382,0.5121531025424565,0.3975239122947792,0.45887429588153994,0.5975475876331463,0.5181734797557715,0.6511058337340566,0.7035919812501593,0.542846860163083,0.5196571013281676,0.6031557974351298,0.6332861679745365,0.5687172623702468,0.6277163607516022,0.5958084146689915,0.568416655727312,0.5520472204731096,0.6553516908321009,0.6087037145022942,0.5834534539744678,0.6231389364428319,0.6832221395118374,0.6364699810374541,0.0,0.6865572875966179,0.6391902750334589,0.677019274881941,0.5205605864080098,0.46677432649852607,0.0,0.6048108263629611,0.7150052255293741,0.6909061449148151,0.6148425132631978,0.6450848787982548,0.5975307215132998,0.6762726328968884,0.6554263409502818,0.7277211336846464,0.7874054448975064,0.687847029026245,0.5889229007604593,0.5763408623490531,0.6694269190349224,0.571199994391774,0.0,0.0,0.6529665685864852,0.44815545180468963,0.5783716742020842,0.4111605540405839,0.6394272818556632,0.41055556870545673,0.6310355206103456,0.5544871521624791,0.6846489199672392,0.6582771667566298,0.45541340627758714,0.6220465993851952,0.6585067704721286
0.676536842157858,0.4734678819729917,0.7007620347363586,0.6053794449992067,0.7866583164441758,0.6810980935647198,0.6899401457954666,0.7566445473494009,0.6700809227922793,0.0,0.7456537288699613,0.420214375625084,0.7434547749584002,0.8551391691030557,0.4185440490519612,0.6601555308944693,0.6631995195966147,0.639674362581748,0.7145326556793866,0.5269298436739296,0.7369124902518496,0.6373781648320679,0.7772110734205742,0.8539087486311959,0.5073860740370278,0.4795220806241761,0.7153000459179953,0.6384605420743054,0.49816280629697773,0.6901410147324613,0.5843789573373617,0.7585736993245888,0.7734835495332149,0.6586398590101447,0.48177946769754165,0.5323182460743392,0.3822357968982391,0.9839925516366758,0.3042066897644713,0.8864001826308371,0.6518967814167532,0.4794564217007546,0.6899436156341215,0.3396715711000966,0.9810891535747566,0.6179021404394687,0.4410510890395612,0.39662506013707527,0.0,0.0,0.6984001247050549,0.519938046529461,0.5433000129949344,0.4305208248399257,0.8197031883119579,0.5609159644929566,0.8222355913030841,0.4647869449717298,0.0,0.07826896190553943,0.640470707591878,0.8338684911994895,0.7036641054794808,0.3203659441769895,0.37969159909459077,0.6259407263783046,0.8009361311796812,0.6756025983148412,0.8373561266795106,0.6931757891762337,0.7502677319331518,0.6986472999860501,0.5172924506923062,0.6044674203214717,0.0,0.8096367310590307
0.38031301080030006,0.44595829802395814,0.5775264501115278,0.5549060220461248,0.472913957172835,0.6728933667457181,0.6198913860489939,0.731041356852833,0.3918136588774792,0.7456537288699613,0.0,0.7417585278344562,0.6718674136653894,0.5675959915626945,0.0,0.4501345707861683,0.5617090861057508,0.7259540953551837,0.6358567915663714,0.5519148226163346,0.8276294660808207,0.4462951463163877,0.6469262571994209,0.732940490824891,0.6280334995903806,0.7732456177964925,0.7177789653111724,0.654004109721784,0.5651619670901636,0.7672472441506533,0.6781465087235563,0.6639520874692514,0.7692560877004136,0.714215585497178,0.6457295846717268,0.5388642459598414,0.667593307603999,0.6665746669116062,0.3997748994332074,0.34212631391156706,0.5505026545494891,0.7159814647890972,0.5986944163479474,0.6621816612429237,0.7463101638341798,0.0,0.0,0.2486617482627876,0.4943223542050284,0.2609547512498609,0.7347673719487287,0.45274197149770834,0.6035705962900646,0.4200483541252289,0.6084961975029926,0.337117031418656,0.8707642303993339,0.5957050232208811,0.5564853411823958,0.5410602970848482,0.0,0.0,0.0,0.399651949128404,0.3962641856971994,0.0,0.36683828798105156,0.7694771172223906,0.0,0.0,0.6137294838986096,0.6205809365349315,0.6316748835490477,0.47646714351731567,0.6778612853050628,0.5179736483050498
0.6627469918593024,0.4903526382824348,0.7153174054327888,0.5250729509654914,0.7291182751618573,0.6972903180218706,0.6585841534272365,0.7818789352542079,0.7218272703349763,0.420214375625084,0.7417585278344562,0.0,0.7680267261911748,0.2733203393909707,0.4813613165188239,0.6971120521359462,0.5878757500155936,0.6259782890161035,0.7595349249230439,0.5885733674401397,0.7519968650834641,0.526050593653318,0.798454031863245,0.5133274008475176,0.5232781750950497,0.7109945024519814,0.551556871750246,0.6552815716182155,0.5212895618031261,0.569156587014484,0.6060501220049005,0.41523028735509293,0.6745340119088273,0.6092821378056887,0.3089673087130567,0.49841032679401903,0.43407107605663464,1.0,0.08205177006212709,0.77641404177397,0.444522676196321,0.17946569170534601,0.08179277007500084,0.3314102689208328,0.8815447645399351,0.3928890156659175,0.6131944698742847,0.6085303208464756,0.0,0.4376589903645341,0.45745358357996074,0.6681935320131145,0.0,0.6496876632843563,0.7576303588374633,0.557783273831014,0.7877988642006852,0.6552613918704658,0.0,0.6760166474104461,0.6170155404375454,0.7667375324521302,0.6802224002640617,0.0,0.4987890464690159,0.8216815487667707,0.7821237230438899,0.8096623002348279,0.7295020559526376,0.6589609945498227,0.6744859839192664,0.7318401979207132,0.7618150266502286,0.9999999999999999,0.0,0.743904321338769
0.5379758306484358,0.5669287558661795,0.6493389564439154,0.44659290031079135,0.5247981914371601,0.582777713498819,0.5403797166425327,0.6795056482508465,0.5995676173827347,0.7434547749584002,0.6718674136653894,0.7680267261911748,0.0,0.620238205797584,0.5931437792360204,0.64490744840825,0.7512693274721606,0.6161641354741427,0.682679375503646,0.6091264861217507,0.6317253560667067,0.6116191200021565,0.6766697967230704,0.7967169013059977,0.5579355958006406,0.6256779663856354,0.7430571317674329,0.5672768563636724,0.5512287988714579,0.504343869512199,0.5872216007546385,0.7343360246195754,0.7060062260110498,0.736191172780472,0.6524890130942191,0.6890567646075485,0.7656657630209978,0.7474390257353613,0.5363006906572931,0.38181995631475746,0.6247587405338894,0.6541970863448465,0.5955364152602762,0.8203909352168675,0.526779491465828,0.28317029223304685,0.5742013607533575,0.5734406887877368,0.0,0.5900051910201254,0.6576817196757287,0.5648432976910653,0.6291475616810246,0.5978130393826876,0.5927279793262702,0.641393785456353,0.7417614895164827,0.6403029440640557,0.5316902256170092,0.5427355211843309,0.5824869187172486,0.7205461703671081,0.5435275691204016,0.5890337822904033,0.6499574903489018,0.703322445374076,0.6701106115872766,0.6046082610030227,0.4368752678196014,0.5286336496466132,0.6453933596116181,0.6518118993015288,0.6632449672684105,0.6209147862642098,0.7206529198388991,0.6150293115272017
0.5906622294876888,0.0,0.6611171885804886,0.42371584704752857,0.44657493287399214,0.5972320703751883,0.4285404201555815,0.7478045589551057,0.5833757385428617,0.8551391691030557,0.5675959915626945,0.2733203393909707,0.620238205797584,0.0,0.45593087888303463,0.0,0.0,0.0,0.6683891015174552,0.593053269411608,0.5264918449825052,0.7556076385161686,0.6879090511929891,0.7521869984677448,0.5066100954120606,0.3157155265964015,0.6648606531223741,0.342983461610297,0.5289662957752167,0.21789604789204975,0.5050982211590725,0.5089205591384148,0.4562063506568748,0.6115820825104492,0.4808075342125129,0.452617485136011,0.29612665216026324,0.5155922145642117,0.6863776372339833,0.0,0.33133716982931494,0.0,0.819074135212199,0.0,0.0,0.0,0.0,0.6813590283977955,0.0,0.23729864777675697,0.5514343700885667,0.574940255403344,0.48243072396662745,0.8212372361037535,0.0,0.7272495483301252,0.44490427664507626,0.46948996333402954,0.23742963677918605,0.0,0.0,0.0,0.0,0.44242338062392134,0.29261329955458076,0.0,0.0,0.434042618956835,0.5493437454301463,0.0,0.0,0.4500019951460391,0.5397803098731874,0.7034729010129793,0.0,0.0
0.4110260617582085,0.7090933052191082,0.39267459863962284,0.4347475549205708,0.4188233092732784,0.6942413095521223,0.6464927386979052,0.7117505975474842,0.5446836745259321,0.4185440490519612,0.0,0.4813613165188239,0.5931437792360204,0.45593087888303463,0.0,0.7328056542989133,0.6515027378012237,0.6791447089118444,0.0,0.3217597795957324,0.5487637030633434,0.5615723261902907,0.6560981805951244,0.6104023805984665,0.6587039472149555,0.5271319411377947,0.6259483356779036,0.7083110202658665,0.6844303067864252,0.5915921540796476,0.5125600504260694,0.5106498279322343,0.5743758552831247,0.4289759229512204,0.3979828843420006,0.4149706509054958,0.6177288975146314,0.2800750824407653,0.773011299217571,0.7190077883970039,0.7826721708304732,0.7584692201724811,0.36306069737509794,0.3143517859323728,0.27034629791190007,0.5377340010237147,0.8115226072437839,0.39956455117048384,0.0,0.0,0.6589480678006723,0.5369624882261212,0.6890065818102193,0.5687468020001689,0.49672313014627145,0.0,0.3881141138221726,0.6988702731567888,0.0,0.8438323915203442,0.7690935196234661,0.4311960546400151,0.8366836204669343,0.0,0.7508020953579552,0.7585265138452957,0.8606680544010664,0.7696625178499105,0.5318316816926142,0.7479691970054239,0.7413574062132099,0.8094612354593078,0.7057015405048547,0.6673139610329759,0.6112053134601665,0.7449105412542174
0.712042182933668,0.6934612711929399,0.6288727519916446,0.0,0.1721455228471495,0.6261310208099089,0.5178361028232584,0.7172358965828101,0.5788007294783026,0.6601555308944693,0.4501345707861683,0.6971120521359462,0.64490744840825,0.0,0.7328056542989133,0.0,0.6735205945203427,0.6761642151276781,0.4889309024457745,0.6389003291598625,0.7633763519852681,0.6607379497078183,0.7497183256704475,0.6815861186936085,0.6498199350615632,0.6424919205449172,0.7110983723319553,0.6363105879839822,0.6444531927951395,0.5658566002854705,0.6227367826157308,0.5868308053400486,0.5880682297124132,0.6281845282088184,0.4851752615448055,0.5656122143603136,0.743259779084934,0.35690907380669623,0.7938493167072816,0.710601458736914,0.7436416255787353,0.6257905252645494,0.0,0.0,0.0,0.7728388667406644,0.7343053720124515,0.0,0.0,0.0,0.5390025118814126,0.09145488009955055,0.4895677180166883,0.0,0.46131196830223803,0.0,0.5702173991154934,0.5480448066293127,0.0,0.7478527040231421,0.7207025547490397,0.6902524934349544,0.6839434426292541,0.0,0.6276544743886391,0.6530391472160135,0.7951411004654084,0.6656398048132518,0.7446075507744185,0.6625247963176315,0.725479648454052,0.6225770380480317,0.558607139291182,0.5756420600412193,0.6169916763922484,0.7227199414023086
0.5354216535459416,0.5968424591227257,0.6085886105588502,0.4661938307704545,0.6327582312994947,0.5532688226083782,0.7420390420455889,0.6076028851069537,0.5585649182659382,0.6631995195966147,0.5617090861057508,0.5878757500155936,0.7512693274721606,0.0,0.6515027378012237,0.6735205945203427,0.0,0.5937469204877811,0.471810895569902,0.5445929865083613,0.7286994577766026,0.71255104740431,0.7109643504517594,0.7190297704241267,0.5645960095945232,0.6391843565568008,0.6033832004438376,0.7666189094765488,0.3856260944200219,0.5269616104364452,0.6299957824253478,0.6753086516573866,0.6712498484488061,0.7727261116336668,0.5582772964564617,0.7374975861839774,0.8935447790546311,0.7651868305147641,0.6695829673431506,0.7935856824821109,0.7904051343872467,0.674522372543137,0.0,0.0,0.5023174130997914,0.5153957428365296,0.6101126634969043,0.0,0.0,0.0,0.6047493771522239,0.5502418503454208,0.0,0.0,0.73981559082367,0.4525044377388503,0.6409920099903131,0.5157536745541955,0.0,0.0,0.7246142516372429,0.7936259230406311,0.7676177209831622,0.0,0.6853351333889579,0.0,0.7367678164556998,0.9288010387363731,0.6084957079533744,0.729983213114918,0.7282213994464305,0.0,0.5657638577616204,0.5788616066860667,0.0,0.7236887191091418
0.5849975985083667,0.7334326534529023,0.6190407841436539,0.0,0.24390100583241225,0.640110531783105,0.5020275825625041,0.7362991273894001,0.5121531025424565,0.639674362581748,0.7259540953551837,0.6259782890161035,0.6161641354741427,0.0,0.6791447089118444,0.6761642151276781,0.5937469204877811,0.0,0.48213688656771203,0.6474835265872061,0.6213364253270807,0.7970093314321041,0.7019909555518773,0.5812658374816012,0.6911154560500139,0.6125086181470301,0.7097617308435741,0.6550002402630025,0.6819313844098569,0.41381843836367743,0.6169220402153934,0.6009008394788194,0.6021690342538395,0.6612779648935226,0.5312156314834563,0.9999999999999999,0.0,0.7321216070282287,0.7303400135679252,0.7159692765840959,0.7054230353993483,0.6473540273943508,0.0,0.0,0.4916229617411264,0.6695843155837544,0.6843889782911157,0.0,0.0,0.0,0.546198599879985,0.460835045313295,0.6295532564350927,0.0,0.6973621413232659,0.0,0.6357310804590087,0.2705847985276931,0.0,0.5347660070598369,0.6617138890903385,0.7344487462564029,0.7014430074581854,0.0,0.5924593783858618,0.7015306884625148,0.7384243561776043,0.6329467752171037,0.5799590057580795,0.6652684043400374,0.7155085357607238,0.661629280038176,0.510434889824921,0.6414028400683547,0.0,0.7001028858655748
0.0,0.5956405763431917,0.5605160807262013,0.5372323133084183,0.5133081056006497,0.5770551291011081,0.6593029615002128,0.520440771966831,0.3975239122947792,0.7145326556793866,0.6358567915663714,0.7595349249230439,0.682679375503646,0.6683891015174552,0.0,0.4889309024457745,0.471810895569902,0.48213688656771203,0.0,0.42908479816785694,0.57567151449412,0.5370928038577182,0.6445058895341076,0.6333661250941489,0.7033449289379572,0.6719686736630731,0.6355591161746819,0.6978312614789447,0.569704210986282,0.6716698214515648,0.6817040457699861,0.6125087623685869,0.5724404580515325,0.7521525151371032,0.6401667246457408,0.5994443914616667,0.7346751439293076,0.6781881207242738,0.5566012595714529,0.18425303743539295,0.5379012246637429,0.5841095968213471,0.5290236105975125,0.0,0.0,0.0,0.0,0.5614676317678671,0.0,0.4623665147369849,0.568961751353305,0.48309664401906177,0.5470005466910428,0.5652918983010673,0.6308335472154453,0.5734785486950316,0.5031549702121154,0.6238005231608958,0.5439398779198961,0.11791806195143832,0.0,0.0,0.0,0.7614477841590837,0.2605947064785056,0.0,0.553480291133281,0.5198765612727136,0.0,0.0,0.7050639866589772,0.6058704587284071,0.5932051049837341,0.5130114105986305,0.8434598523737846,0.6007065625974493
0.6472186457475876,0.7162249957341682,0.6489786017764198,0.5179176201722873,0.4462827648927758,0.5906310506457563,0.5005491101939246,0.6058901449415426,0.45887429588153994,0.5269298436739296,0.5519148226163346,0.5885733674401397,0.6091264861217507,0.593053269411608,0.3217597795957324,0.6389003291598625,0.5445929865083613,0.6474835265872061,0.42908479816785694,0.0,0.6314290980315193,0.49662230483669734,0.15469067575133377,0.7362966350248438,0.6319032431310214,0.6968380514203819,0.580745469180586,0.6475512842267798,0.5406447153985924,0.7233551387485022,0.5288132074193541,0.43571366360277475,0.45716556157985727,0.4316325823488699,0.3696801262253149,0.5398946316103472,0.47793682383291103,0.14510211596377878,0.6419757120948208,0.5004657111044083,0.7393730547049734,0.6140149772220116,0.2546440378615619,0.4794091439851257,0.5698890179844833,0.6423944053929623,0.648496617130311,0.6883758608182489,0.0,0.4796942445912139,0.6009118830742304,0.42705746207673967,0.6359779354410531,0.25843786307421285,0.6734529069791975,0.3853293948950291,0.5105453037920862,0.6683678809053151,0.0,0.6730315263201708,0.6784037544517331,0.7082679302481689,0.7859007146394865,0.3646330851435019,0.6500780627287251,0.746512975832046,0.7460320585296101,0.7454367592427443,0.020794281726771408,0.7445096441478114,0.6618709669683371,0.7088405986543455,0.7315465458032225,0.6806503242825436,0.5688101682972189,0.6722119895840238
0.6760850985108231,0.8344633504622168,0.5306939671777854,0.5609974991373867,0.6350387135683939,0.674403511298935,0.5838432393630318,0.6382172080547032,0.5975475876331463,0.7369124902518496,0.8276294660808207,0.7519968650834641,0.6317253560667067,0.5264918449825052,0.5487637030633434,0.7633763519852681,0.7286994577766026,0.6213364253270807,0.57567151449412,0.6314290980315193,0.0,0.7877191568567081,0.6520816959620093,0.720872125232941,0.6352887409459893,0.5400310623949285,0.5607778468179784,0.7535757180048581,0.670161885448966,0.7566916470308703,0.6174392672346234,0.6823499285780917,0.7560854673647667,0.5671768662776309,0.5163244344816458,0.4217774629006922,0.3206245815205797,0.6275798670020272,0.7183098130596637,0.560724371477956,0.5987587935747218,0.5460422561439924,0.23190120655801655,0.0,0.49309753062980743,0.26787039921933886,0.7300304176225759,0.6717732802379099,0.0,0.45287349073697586,0.722936551862858,0.699884910537325,0.5116892982188166,0.7170299861831302,0.41011172613423263,0.0,0.5281903777988468,0.7562614275266458,0.0,0.567952926987394,0.6999113074850101,0.0,0.705246980142102,0.0,0.6394248245514043,0.4702747394070407,0.7382297226544058,0.7408330479568441,0.2076585487528889,0.611128346171215,0.7105298912982894,0.6806856760336797,0.7562453901735827,0.6921214950183081,0.652311083018616,0.5633156738331165
0.6644381622374651,0.5865650604616983,0.6528012907718135,0.6185942553749737,0.4447469167141475,0.6332661522224001,0.5276235284122931,0.555851544562808,0.5181734797557715,0.6373781648320679,0.4462951463163877,0.526050593653318,0.6116191200021565,0.7556076385161686,0.5615723261902907,0.6607379497078183,0.71255104740431,0.7970093314321041,0.5370928038577182,0.49662230483669734,0.7877191568567081,0.0,0.5945292582463642,0.5150377264719117,0.6159804792782053,0.6541780816879429,0.6792147396731979,0.6717326103405611,0.6286456718718789,0.6623530726608079,0.4958645467319841,0.44782371898242834,0.5192811377922676,0.4614176920955233,0.4231190883351828,0.5002655244789647,0.312973096773792,0.42883716333588767,0.8087338753943736,0.7530121345492671,0.7887543655894297,0.7826342293870971,0.35502283863195944,0.0,0.5113216001967009,0.6034547952087042,0.7722009467415095,0.44640383532135836,0.0,0.7205243662237848,0.6122427799302369,0.35663873978463567,0.8592413935001245,0.24322278343871787,0.7298898300127161,0.0,0.5125746953825243,0.5991318178218796,0.0,0.7605646221978988,0.7632877713367259,0.8338498052092626,0.778201555070791,0.0,0.7131716298250923,0.7564353593708412,0.8225233857976737,0.7908151346034428,0.7021552433014431,0.7076622481778594,0.7670023094677921,0.7227041171486047,0.5710595497382536,0.652159629453756,0.5346933072781517,0.7396132885144556
0.6936419806249786,0.7400742083489757,0.5583602190646433,0.48296121606085257,0.5073232990497968,0.792467404536788,0.6983568925974533,0.5963588792110059,0.6511058337340566,0.7772110734205742,0.6469262571994209,0.798454031863245,0.6766697967230704,0.6879090511929891,0.6560981805951244,0.7497183256704475,0.7109643504517594,0.7019909555518773,0.6445058895341076,0.15469067575133377,0.6520816959620093,0.5945292582463642,0.0,0.751286842137788,0.6476249021008664,0.694070966331784,0.6345780998169203,0.6509677022343907,0.5686598351228357,0.5921168076231076,0.5870249115739411,0.5689255372561159,0.7780755816486413,0.6180272830594538,0.5451362996067192,0.6081275672450993,0.6426829488773429,0.7244835358339203,0.7597275931777567,0.5824573330981478,0.7899105320210404,0.7180030677923518,0.5934131224785456,0.727203967960065,0.575321341773309,0.6459911884864773,0.7832573720105647,0.7384560897763229,0.5124161879924387,0.5320991044913532,0.7175774047723928,0.5299473878373141,0.6891873511725377,0.5875623370040114,0.7632150137620213,0.7181937434810345,0.44420198952841133,0.6420767723951701,0.24552523451677585,0.7353747116383696,0.7829515903771314,0.47496409128833156,0.642157774650797,0.7465487243659497,0.7416240019373839,0.8198099330324485,0.8003587480357646,0.8007398545696771,0.5080649012446115,0.7641821284898715,0.7416980183622539,0.7440277474579937,0.6707630556978879,0.7526393033513156,0.6874976228653262,0.7054561271556572
0.5547294742624062,0.7119758816356578,0.5359855510994624,0.293243464411049,0.6940248825408709,0.6284342331815437,0.8740274702372638,0.7663654036596459,0.7035919812501593,0.8539087486311959,0.732940490824891,0.5133274008475176,0.7967169013059977,0.7521869984677448,0.6104023805984665,0.6815861186936085,0.7190297704241267,0.5812658374816012,0.6333661250941489,0.7362966350248438,0.720872125232941,0.5150377264719117,0.751286842137788,0.0,0.5607287501307117,0.43670670016307417,0.6999795141503639,0.761127796164229,0.6871098524337792,0.6783705038974295,0.6862734533125352,0.6346217031389473,0.7348231537591259,1.0000000000000002,0.6029014813499988,0.2525076349195618,0.6721776212139929,0.9465319334283908,0.21475819134612695,0.731989465546299,0.5846230443568848,0.34188714988259294,0.4040788411194557,0.3582457410325771,1.0,0.2628043211382595,0.6079821239296114,0.4497238745832257,0.0,0.0,0.22420585205820687,0.6073036417424214,0.6858263163002272,0.43647580256581836,0.6088907553486134,0.5388328495829755,0.5319429717341009,0.6470281355640652,0.0,0.5598448534677647,0.6715879338230404,0.6199912601315569,0.6937176146604549,0.0,0.6293750227708474,0.23462501317473586,0.8531916714874384,0.3650381933474159,0.32457209087836586,0.6679863137257422,0.6332210245514973,0.4691878510610658,0.6022741864606335,0.4482241352870815,0.0,0.6534555611865759
0.6372192835154682,0.6381435293272877,0.5445691862819638,0.0,0.5103274629396352,0.5222586865186751,0.27471371614238776,0.6975387366784414,0.542846860163083,0.5073860740370278,0.6280334995903806,0.5232781750950497,0.5579355958006406,0.5066100954120606,0.6587039472149555,0.6498199350615632,0.5645960095945232,0.6911154560500139,0.7033449289379572,0.6319032431310214,0.6352887409459893,0.6159804792782053,0.6476249021008664,0.5607287501307117,0.0,0.5280703508929637,0.687073210607422,0.6152168317648995,0.6096191934138866,0.6205199333939871,0.6246889598408438,0.5177730635057022,0.6292254084486614,0.6303194014604657,0.5452065196601971,0.41266293589022773,0.5174614436756516,0.5686313950061693,0.7029587524423193,0.6919629403905329,0.6476429522776634,0.6350103695466565,0.05628005282873406,0.0,0.44404262795116395,0.6895932073049256,0.6628420992334171,0.0,0.0,0.0,0.4945066595560012,0.6181454258579444,0.719991898014157,0.4976101326104233,0.6667071728718911,0.0,0.5842459503403948,0.5154647262556543,0.0,0.6712957771581541,0.6395395065137718,0.7522794975043906,0.70202764812472,0.0,0.5925401205907695,0.7632429825135529,0.6919391558868508,0.7064202647324092,0.5031578147102762,0.6224670889015762,0.6775684548726129,0.66284533226765,0.4723459961165749,0.6002094443008478,0.0,0.6664484924296058
0.47248839477639604,0.5787442930432133,0.8362281535160577,0.8072014732678716,0.23299721866535542,0.5227819531551459,0.4851065682673582,0.703058179219243,0.5196571013281676,0.4795220806241761,0.7732456177964925,0.7109945024519814,0.6256779663856354,0.3157155265964015,0.5271319411377947,0.6424919205449172,0.6391843565568008,0.6125086181470301,0.6719686736630731,0.6968380514203819,0.5400310623949285,0.6541780816879429,0.694070966331784,0.43670670016307417,0.5280703508929637,0.0,0.7499091884824953,0.6678926733802011,0.6844462327138995,0.45988861416141036,0.592418028259492,0.6328853760507888,0.6751321884633444,0.6028501627897953,0.5099503471617451,0.45476944448700973,0.5526476486333558,0.6939054593107661,0.740999069626838,0.6820922248430061,0.7244301419969248,0.6775582193212168,0.22251552851700268,0.0,0.4575268694376003,0.7527881370957834,0.7162577820505529,0.6052448307796839,0.0,0.0,0.6309840589731412,0.47705630146441347,0.7680967721617975,0.5233583642397489,0.6375624928551864,0.5948868503732964,0.5598716593161643,0.5197388928107018,0.0,0.8153117655637938,0.675505231760005,0.7474995880336922,0.701219588734568,0.0,0.6666396866293289,0.7904026601200568,0.7974816292748178,0.7017997538211121,0.547754457247954,0.6500691123878188,0.6934446494135188,0.7733196831698878,0.6142772955433005,0.6894987445810296,0.47364570962243635,0.6979233148689352
0.7489824957583137,0.7168580645861298,0.6423172661179701,0.4237292029248121,0.4652412823946019,0.701998827900056,0.5993514692962839,0.7686774120813653,0.6031557974351298,0.7153000459179953,0.7177789653111724,0.551556871750246,0.7430571317674329,0.6648606531223741,0.6259483356779036,0.7110983723319553,0.6033832004438376,0.7097617308435741,0.6355591161746819,0.580745469180586,0.5607778468179784,0.6792147396731979,0.6345780998169203,0.6999795141503639,0.687073210607422,0.7499091884824953,0.0,0.7221044686476065,0.6411975819354759,0.6843209890984552,0.5755113556348588,0.5479845375975655,0.6563838449221481,0.5793522511298241,0.525516226759198,0.580184656260836,0.6039674550005224,0.37920287780845346,0.7179512882822925,0.3048741738774956,0.7532991720552498,0.5792679960263539,0.5360230407030436,0.15831953367953872,0.4328724400893511,0.6452713807325677,0.7661286797131929,0.7370535087842726,0.0,0.5863707925787282,0.7188241912858806,0.5920861843016769,0.7177691886239737,0.670600378176272,0.7833008056137247,0.7218924123605234,0.49524815163997,0.7148294380839192,0.7266081466395593,0.7427806571658333,0.7338589853215226,0.5406468852133357,0.5764356635862641,0.6963974735767335,0.6877668567565454,0.8044305101620048,0.7406536660067038,0.7952664100374182,0.537452642407743,0.7501179968601484,0.7297010214394317,0.7666177241038679,0.6891182382318753,0.7070440677431103,0.6288819754494632,0.6840984405461908
0.5497002738163902,0.6618996551169694,0.6774551907533434,0.33389987412309996,0.3597609281057218,0.6252627441994021,0.45549020900179443,0.6351246835888587,0.6332861679745365,0.6384605420743054,0.654004109721784,0.6552815716182155,0.5672768563636724,0.342983461610297,0.7083110202658665,0.6363105879839822,0.7666189094765488,0.6550002402630025,0.6978312614789447,0.6475512842267798,0.7535757180048581,0.6717326103405611,0.6509677022343907,0.761127796164229,0.6152168317648995,0.6678926733802011,0.7221044686476065,0.0,0.5100203662467202,0.5317028228036399,0.4173063953005279,0.685116338634288,0.7135924389522572,0.6046596262847894,0.49724427816163136,0.6042928793213383,0.6935137311678888,0.7047962706934224,0.5660253592025521,0.28105463824654997,0.4641439582534749,0.6799804242372178,0.4583867901830201,0.7841230612435206,0.4420132893495951,0.6591722234469154,0.6502962253818013,0.5582588697690212,0.0,0.5322435896284251,0.6159831715822705,0.5534227902105695,0.6723931893463355,0.566959258335497,0.8150472080854855,0.706948833653665,0.7677297767180233,0.5991112499895858,0.6486402748058309,0.7136853564980804,0.6509497923305582,0.7857979491563029,0.7125954215120301,0.6196525501871694,0.6296752050417049,0.7091235530636519,0.6751577101534707,0.5845275662820943,0.6530009712297761,0.5015387168998036,0.7038141922217827,0.6564558705695648,0.6156812662259131,0.6129930992309158,0.7447027140907486,0.6235735584155299
0.6714361113671965,0.6815365650747595,0.7097086394634832,0.3903754570440455,0.407218598098541,0.6075630621025597,0.5365946547025863,0.5603687015615654,0.5687172623702468,0.49816280629697773,0.5651619670901636,0.5212895618031261,0.5512287988714579,0.5289662957752167,0.6844303067864252,0.6444531927951395,0.3856260944200219,0.6819313844098569,0.569704210986282,0.5406447153985924,0.670161885448966,0.6286456718718789,0.5686598351228357,0.6871098524337792,0.6096191934138866,0.6844462327138995,0.6411975819354759,0.5100203662467202,0.0,0.6266219212639538,0.508753451319032,0.28112954430904363,0.5582959650564056,0.481279003722759,0.46716037448886427,0.3914400978580923,0.3524572535931527,0.6465605917292206,0.6223594479769083,0.4093551387402333,0.6977375680947845,0.5850094976436319,0.21096977528309743,0.37310659328330964,0.37979890706513997,0.635924762649824,0.6504200351018306,0.5424959006053738,0.0,0.3152694940994184,0.6689087561968162,0.6048028563025996,0.535376162866544,0.5139524581075052,0.6217847881804135,0.21032345620347237,0.4642939769527031,0.6534183229345347,0.0,0.6506129611167957,0.6510487059375646,0.30397652901205907,0.6581283353069811,0.3084094807503027,0.627724160396034,0.6431610923952521,0.6624142289117313,0.7090853519662562,0.45208520053056667,0.7054364775166599,0.6729231798495554,0.6890508693917771,0.6924665431612457,0.5896792684819697,0.5757031953330997,0.6154350279543865
0.6726774587580856,0.6005387904816946,0.6640121745671546,0.2184043243601108,0.7546829668072487,0.6538034345119386,0.5186122201482462,0.5263375620474527,0.6277163607516022,0.6901410147324613,0.7672472441506533,0.569156587014484,0.504343869512199,0.21789604789204975,0.5915921540796476,0.5658566002854705,0.5269616104364452,0.41381843836367743,0.6716698214515648,0.7233551387485022,0.7566916470308703,0.6623530726608079,0.5921168076231076,0.6783705038974295,0.6205199333939871,0.45988861416141036,0.6843209890984552,0.5317028228036399,0.6266219212639538,0.0,0.5473269290236267,0.5690400383810221,0.5454770364996291,0.46044845457371214,0.3394096742395253,0.6082108567139054,0.6707141951041786,0.4477811616693935,0.5714571061188921,0.0,0.6011973522232503,0.6077475563591019,0.33127315347100367,0.0,0.0,0.0,0.6147312757128769,0.453478869876099,0.0,0.5660174154007411,0.6165858381897883,0.3119160894648239,0.743795980222141,0.6914708664724594,0.0,0.18088795312115494,0.0,0.4994899104734181,0.0,0.8288421720404173,0.0,0.0,0.0,0.34837713649410473,0.7079873735553763,0.7043412854455939,0.5964560227423419,0.5923403247841312,0.0,0.0,0.7126812636107106,0.6774031237132153,0.6449926101622213,0.6699182194528889,0.49495997074936104,0.6103659826582121
0.58560430617678,0.5976176602538429,0.6493526756158825,0.3897847343839746,0.5695799649308497,0.5992342604905887,0.4739350390444814,0.5436738733387766,0.5958084146689915,0.5843789573373617,0.6781465087235563,0.6060501220049005,0.5872216007546385,0.5050982211590725,0.5125600504260694,0.6227367826157308,0.6299957824253478,0.6169220402153934,0.6817040457699861,0.5288132074193541,0.6174392672346234,0.4958645467319841,0.5870249115739411,0.6862734533125352,0.6246889598408438,0.592418028259492,0.5755113556348588,0.4173063953005279,0.508753451319032,0.5473269290236267,0.0,0.6061700556753007,0.5316501486441931,0.22497191893423488,0.0878227859761991,0.6521421869166765,0.3229247704716736,0.49729635670675937,0.575838492174687,0.6935312175301386,0.5550476812443873,0.39370585015645027,0.22663834290785112,0.5254346164210258,0.678529505500714,0.46001255374674077,0.7162242517505162,0.6324265291390996,0.0,0.669264129011653,0.6664791025541928,0.4570414931304705,0.5676040215488138,0.6272212342479032,0.5527246375335905,0.58649822251941,0.5486077514887138,0.5599284619614283,0.0,0.6433047410830751,0.7188723334043327,0.6675625932689773,0.7483095214640563,0.7014518511475349,0.6412953002884223,0.4073689136611166,0.6934098540176515,0.6959468814175624,0.4064533512201246,0.725143235357844,0.7033668086914138,0.6806890227797584,0.6530902942028105,0.6764969249389234,0.68651338724762,0.4653069789978813
0.6541445747758136,0.5583332302729834,0.6290024873196117,0.28294071906824936,0.490281289143584,0.5170687606558192,0.6665409079783522,0.5673182223454708,0.568416655727312,0.7585736993245888,0.6639520874692514,0.41523028735509293,0.7343360246195754,0.5089205591384148,0.5106498279322343,0.5868308053400486,0.6753086516573866,0.6009008394788194,0.6125087623685869,0.43571366360277475,0.6823499285780917,0.44782371898242834,0.5689255372561159,0.6346217031389473,0.5177730635057022,0.6328853760507888,0.5479845375975655,0.685116338634288,0.28112954430904363,0.5690400383810221,0.6061700556753007,0.0,0.6022677230386299,0.5896069586549306,0.5552129491683367,0.7424702530365466,0.4833291771484973,0.550028615391827,0.3434728296129845,0.43466067377825235,0.3141811277744487,0.2092520592691093,0.46705531754036644,0.17220909838093001,0.3235684972009052,0.6126644681104104,0.7610581186498983,0.5544146655533622,0.8523403285753164,0.3308379638452858,0.7237835419601065,0.5590557792428239,0.6912732168964143,0.6254959871510009,0.7787547658668373,0.5364756619276446,0.1656561295733283,0.6949385385376842,0.44509885763798657,0.7904756918700352,0.7520051289223346,0.5466749356014909,0.6912504864505822,0.5396038511932424,0.6505036346058626,0.6900404221690032,0.8168853686581211,0.7017088981933935,0.2723464506827705,0.7117852666516038,0.6970256586697108,0.6785303542340565,0.6600294381114634,0.6033582972930845,0.7195450256517629,0.6808872488166693
0.6836975974292274,0.6265669787511072,0.6685367200933026,0.34376004118587683,0.38003575919215415,0.5287679643719689,0.6625490348757215,0.6238343638335874,0.5520472204731096,0.7734835495332149,0.7692560877004136,0.6745340119088273,0.7060062260110498,0.4562063506568748,0.5743758552831247,0.5880682297124132,0.6712498484488061,0.6021690342538395,0.5724404580515325,0.45716556157985727,0.7560854673647667,0.5192811377922676,0.7780755816486413,0.7348231537591259,0.6292254084486614,0.6751321884633444,0.6563838449221481,0.7135924389522572,0.5582959650564056,0.5454770364996291,0.5316501486441931,0.6022677230386299,0.0,0.4754642794091718,0.2974909535353944,0.37968500873233907,0.22070084187846886,0.5211604049843379,0.5403550147434021,0.7501631567737789,0.45340058639736847,0.19648690120776077,0.74489342777861,0.27177935823436833,0.6589925829654909,0.6855010906809498,0.7085390061783251,0.4912087324357048,0.4531159196431147,0.0,0.2679610502753819,0.582148080127691,0.270119692176069,0.5825441251910598,0.87897922632715,0.5447678921972445,0.8468822159316574,0.3405809203818676,0.4450165637007164,0.7315378915230316,0.6859660607503555,0.6523532346166071,0.6874166236966426,0.5440102807299576,0.5463093854943398,0.5836027112542768,0.7689984179561451,0.7789935200779249,0.8310386264817753,0.6430045613302287,0.687502164003889,0.6591868024761817,0.5885654262935986,0.5625432775358962,0.0,0.7204565276686308
0.6015638710444866,0.5316197009868829,0.6751914018927367,0.4154515756568429,0.7419381312514989,0.6264245489907814,0.6378204071827077,0.625850663261739,0.6553516908321009,0.6586398590101447,0.714215585497178,0.6092821378056887,0.736191172780472,0.6115820825104492,0.4289759229512204,0.6281845282088184,0.7727261116336668,0.6612779648935226,0.7521525151371032,0.4316325823488699,0.5671768662776309,0.4614176920955233,0.6180272830594538,1.0000000000000002,0.6303194014604657,0.6028501627897953,0.5793522511298241,0.6046596262847894,0.481279003722759,0.46044845457371214,0.22497191893423488,0.5896069586549306,0.4754642794091718,0.0,0.3648046127740364,0.7734472727109039,0.3718751592925379,0.5659456881369358,0.14001640680476887,0.5570662351789523,0.3208155042756961,0.2618115707023844,0.41068948220494167,0.12235613428138362,0.5437611913209289,0.6067712183159174,0.7539388789508221,0.6874506187628646,0.0,0.6210095250177734,0.7110159989113438,0.6430212399577888,0.5701776889400387,0.6264279978906222,0.897467401887611,0.7195234839835032,0.49057728210502005,0.6246650259231328,0.7303623202384967,0.6799777539731193,0.7229562899924743,0.7324734040092299,0.7122869667584252,0.4995060694200217,0.6298778870322578,0.5542678480232314,0.7155601221792462,0.7295316155071715,0.37401979728007656,0.6735406827872586,0.6904615482484254,0.7308526386964798,0.4294290898450187,0.6790201310698968,0.6070258281757367,0.5713212668258835
0.4820324941243033,0.4219654000890452,0.5617424961736959,0.010541891587336892,0.6724714431405324,0.5615212049929447,0.5609414888632689,0.4735053052617981,0.6087037145022942,0.48177946769754165,0.6457295846717268,0.3089673087130567,0.6524890130942191,0.4808075342125129,0.3979828843420006,0.4851752615448055,0.5582772964564617,0.5312156314834563,0.6401667246457408,0.3696801262253149,0.5163244344816458,0.4231190883351828,0.5451362996067192,0.6029014813499988,0.5452065196601971,0.5099503471617451,0.525516226759198,0.49724427816163136,0.46716037448886427,0.3394096742395253,0.0878227859761991,0.5552129491683367,0.2974909535353944,0.3648046127740364,0.0,0.4485800941004187,0.36994042408460986,0.31638825690240546,0.13457001936644927,0.4126021260291205,0.09190656160830951,0.16118639729648876,0.2598777333641012,0.4446050213477052,0.26749410978858323,0.5302163731319168,0.6862411388999019,0.7628436081771517,0.4832980218445108,0.9839278664435347,0.6385317105473141,0.7185113739545859,0.5437635074145892,0.6385719505905936,0.5116039560228256,0.3067194912199218,0.4173275071392801,0.7618376912651185,0.0,0.6595371680695549,0.6990252273566304,0.5962319763625712,0.6862581177861015,0.6942359292743807,0.5674425803961651,0.4524121463792299,0.7061082153268762,0.6630720229203809,0.5719745428431461,0.6033393352356857,0.5727325110648185,0.6422118368912068,0.7104533416990964,0.5434623699479532,0.4033337903853379,0.661024449037873
0.5209910582599326,0.006563749089214081,0.6415141074952984,0.34805933527232535,0.5659401099570357,0.6887874942758537,0.581353282162106,0.7172962889345355,0.5834534539744678,0.5323182460743392,0.5388642459598414,0.49841032679401903,0.6890567646075485,0.452617485136011,0.4149706509054958,0.5656122143603136,0.7374975861839774,0.9999999999999999,0.5994443914616667,0.5398946316103472,0.4217774629006922,0.5002655244789647,0.6081275672450993,0.2525076349195618,0.41266293589022773,0.45476944448700973,0.580184656260836,0.6042928793213383,0.3914400978580923,0.6082108567139054,0.6521421869166765,0.7424702530365466,0.37968500873233907,0.7734472727109039,0.4485800941004187,0.0,0.4938792357772083,0.576929286953437,0.24861129094804205,0.43931393348989184,0.370190263147642,0.16073034239887807,0.40516209672537734,0.4352655734566912,0.501994331508213,0.0,0.6592669498122821,0.5539027808213625,0.0,0.4633075690154782,0.5386811250062836,0.46211734615062555,0.5517353895511459,0.4316872944420903,0.9023826188109106,0.6508839801081499,0.5087960539775909,0.5411186747567306,0.6056383309124871,0.24543833559740807,0.5784498329879936,0.0,0.0,0.557837117805446,0.2025716071684049,0.7742171020017768,0.28726112915091895,0.5017447150785528,0.2280300563742704,0.5610214371588933,0.411178022188484,0.4999701233398028,0.6175023040626436,0.361943326644756,0.3806538990792267,0.6040581748360276
0.0,0.5543330216444896,0.7145484108315017,0.2841084045444855,0.4053121600243933,0.5749686428317216,0.5950625854615774,0.7217789000848905,0.6231389364428319,0.3822357968982391,0.667593307603999,0.43407107605663464,0.7656657630209978,0.29612665216026324,0.6177288975146314,0.743259779084934,0.8935447790546311,0.0,0.7346751439293076,0.47793682383291103,0.3206245815205797,0.312973096773792,0.6426829488773429,0.6721776212139929,0.5174614436756516,0.5526476486333558,0.6039674550005224,0.6935137311678888,0.3524572535931527,0.6707141951041786,0.3229247704716736,0.4833291771484973,0.22070084187846886,0.3718751592925379,0.36994042408460986,0.4938792357772083,0.0,0.38894017900985584,0.2090114430296951,0.6663878847907008,0.15512862931191415,0.1746222970378887,0.40058195515936484,0.4282645164070985,0.3121035218449971,0.0,0.0,0.6277631153322789,0.0,0.0,0.624805463646443,0.6044207731635634,0.5211192019403852,0.6101049202355762,0.5700411169988635,0.5791194069348602,0.38554974423177985,0.527278206333919,0.0,0.5677694864737168,0.0,0.0,0.0,0.0,0.6816593482212191,0.7252167913132195,0.42566035387287926,0.6330489512325772,0.33061651395324354,0.0,0.6601538221225607,0.593483692653378,0.8103737897857884,0.5393109120273918,0.5878111535200008,0.6307596259710391
0.6661955991198316,0.2173507871263604,0.7108713779264277,0.37205455986358327,0.7646995753606917,0.6343688650751984,0.6961905956796892,0.6654382865191504,0.6832221395118374,0.9839925516366758,0.6665746669116062,1.0,0.7474390257353613,0.5155922145642117,0.2800750824407653,0.35690907380669623,0.7651868305147641,0.7321216070282287,0.6781881207242738,0.14510211596377878,0.6275798670020272,0.42883716333588767,0.7244835358339203,0.9465319334283908,0.5686313950061693,0.6939054593107661,0.37920287780845346,0.7047962706934224,0.6465605917292206,0.4477811616693935,0.49729635670675937,0.550028615391827,0.5211604049843379,0.5659456881369358,0.31638825690240546,0.576929286953437,0.38894017900985584,0.0,0.31889146748969327,0.9254106997572102,0.5795841246236665,0.45382912319090546,0.4664885515656668,0.4459547473512334,1.0,0.5416527869518609,0.46495893716743875,0.6213201797899751,0.0,0.5027588176101678,0.7991472152087882,0.5466096664080411,0.5030006418507651,0.6571442900860126,0.9999999999999999,0.4507704501017851,0.9735668619042075,0.46742885098490994,0.4557586260802278,0.47484299787835427,0.04191854316709999,0.9455784461824808,0.8944871891909064,0.0,0.23903659045581704,0.0,0.4831738676232425,0.85363156035674,0.9359700440761195,0.6197406034974663,0.9381413554358414,0.7357780402551157,0.45181240082981927,0.3916067031043381,0.0,0.4737358729485804
0.7445216722085691,0.7918134656118688,0.5823744457155285,0.42057848743193116,0.5141345807489154,0.7109451328395315,0.42387072637257506,0.720322516140411,0.6364699810374541,0.3042066897644713,0.3997748994332074,0.08205177006212709,0.5363006906572931,0.6863776372339833,0.773011299217571,0.7938493167072816,0.6695829673431506,0.7303400135679252,0.5566012595714529,0.6419757120948208,0.7183098130596637,0.8087338753943736,0.7597275931777567,0.21475819134612695,0.7029587524423193,0.740999069626838,0.7179512882822925,0.5660253592025521,0.6223594479769083,0.5714571061188921,0.575838492174687,0.3434728296129845,0.5403550147434021,0.14001640680476887,0.13457001936644927,0.24861129094804205,0.2090114430296951,0.31889146748969327,0.0,0.6665664616088742,0.7345685956841116,0.6725935180968372,0.5757531342128329,0.5212922629771805,0.5042362022041758,0.6707486487067807,0.645837541731167,0.6772258053417638,0.4660549193847732,0.5285053452039092,0.6233718712165495,0.6230345508426657,0.6014158672355527,0.6933430132078082,0.5638336660398013,0.7500504366845402,0.37253357590459596,0.7776031434834545,0.45336236011104203,0.4550764784408002,0.5646066890861713,0.6396421840940364,0.56270904465844,0.6406969766108316,0.3790688952775302,0.6509769895973372,0.5281560491451217,0.5616982115027497,0.5544176604536336,0.539527162250954,0.6044324254253975,0.4692851369758651,0.6792024837611443,0.38829688598631834,0.5682355130626924,0.7144012733722738
0.669810967761492,0.7834134452731205,0.23168669758486185,0.0,0.6229444508204985,0.3786579496505945,0.17813650225580277,0.7980638674812989,0.0,0.8864001826308371,0.34212631391156706,0.77641404177397,0.38181995631475746,0.0,0.7190077883970039,0.710601458736914,0.7935856824821109,0.7159692765840959,0.18425303743539295,0.5004657111044083,0.560724371477956,0.7530121345492671,0.5824573330981478,0.731989465546299,0.6919629403905329,0.6820922248430061,0.3048741738774956,0.28105463824654997,0.4093551387402333,0.0,0.6935312175301386,0.43466067377825235,0.7501631567737789,0.5570662351789523,0.4126021260291205,0.43931393348989184,0.6663878847907008,0.9254106997572102,0.6665664616088742,0.0,0.5945632541599042,0.4422036444515386,0.697811125446634,0.21299612729377895,0.3298678845847879,0.697844030138053,0.5600363035376702,0.7257423556783001,0.41146166249962635,0.8261573551381517,0.4435571013695113,0.6375625993000829,0.8270168653916001,0.7867181577315142,0.7105848540391395,0.7799598337912358,0.7520442758845957,0.6999009258460872,0.3449063235490385,0.483981902127835,0.46454480904430123,0.7451101001378988,0.5350221639316439,0.7143085702083586,0.4437867292859269,0.7036464739612477,0.5412232374463961,0.7672240079391109,0.7395850668669951,0.5103481325708527,0.6473332995118503,0.5522520312988835,0.7088176710782919,0.36876795472007173,0.528122973935474,0.43894790435734654
0.6609413386158267,0.7203138450940871,0.7019952520691183,0.5076814118212394,0.643599882549159,0.7448169444329485,0.5526619554525056,0.6378210566308424,0.6865572875966179,0.6518967814167532,0.5505026545494891,0.444522676196321,0.6247587405338894,0.33133716982931494,0.7826721708304732,0.7436416255787353,0.7904051343872467,0.7054230353993483,0.5379012246637429,0.7393730547049734,0.5987587935747218,0.7887543655894297,0.7899105320210404,0.5846230443568848,0.6476429522776634,0.7244301419969248,0.7532991720552498,0.4641439582534749,0.6977375680947845,0.6011973522232503,0.5550476812443873,0.3141811277744487,0.45340058639736847,0.3208155042756961,0.09190656160830951,0.370190263147642,0.15512862931191415,0.5795841246236665,0.7345685956841116,0.5945632541599042,0.0,0.20082643094380193,0.5159191874906989,0.32436646391253127,0.5799097630193992,0.5411774150029602,0.4929752055672904,0.6653975488107102,0.36221262550009614,0.6708471024315951,0.5384435542258265,0.4799215840719493,0.6203248648838773,0.6940578256201361,0.5276370837750445,0.7253604385618924,0.7576881069419512,0.5779016892780054,0.44344501690772486,0.27245686446217365,0.5105524716084333,0.6405086883624959,0.5256052975169487,0.6766727002098682,0.33024720186357825,0.6611043618061504,0.40399952701581376,0.5989743716321486,0.6324185269467865,0.4660198879293695,0.5620500077167673,0.4974967438279047,0.461094053758249,0.5253171255728477,0.5574763198906859,0.457458726676552
0.4874750484114478,0.667922462514726,0.6065026589475141,0.0,0.4905512899541187,0.7546620241548694,0.0,0.6549437104260749,0.6391902750334589,0.4794564217007546,0.7159814647890972,0.17946569170534601,0.6541970863448465,0.0,0.7584692201724811,0.6257905252645494,0.674522372543137,0.6473540273943508,0.5841095968213471,0.6140149772220116,0.5460422561439924,0.7826342293870971,0.7180030677923518,0.34188714988259294,0.6350103695466565,0.6775582193212168,0.5792679960263539,0.6799804242372178,0.5850094976436319,0.6077475563591019,0.39370585015645027,0.2092520592691093,0.19648690120776077,0.2618115707023844,0.16118639729648876,0.16073034239887807,0.1746222970378887,0.45382912319090546,0.6725935180968372,0.4422036444515386,0.20082643094380193,0.0,0.21668951516320648,0.2929506730481071,0.5007248587966714,0.5032809092155848,0.284735096539388,0.5608162583328227,0.35264872690986643,0.2773281751773605,0.4164381079467833,0.38373237951991507,0.448459951498282,0.5684966223053602,0.44207656807323964,0.6677050371558356,0.37142765985442466,0.5415179434859367,0.3163623221913296,0.2590842423974981,0.1661218531542656,0.5417503786030957,0.37944301237605815,0.5938695738506257,0.3524040261434382,0.5285801498123339,0.3591274614368168,0.4800262532947934,0.3546154390519188,0.3577199387789305,0.37436692601990734,0.35729166844915566,0.2937198658010445,0.4478555713070198,0.5365538761459447,0.3853015339500199
0.0,0.008412362908457698,0.635862756339293,0.5416210428561867,0.41808892110367374,0.6135394151173881,0.510587583071044,0.5364935237695977,0.677019274881941,0.6899436156341215,0.5986944163479474,0.08179277007500084,0.5955364152602762,0.819074135212199,0.36306069737509794,0.0,0.0,0.0,0.5290236105975125,0.2546440378615619,0.23190120655801655,0.35502283863195944,0.5934131224785456,0.4040788411194557,0.05628005282873406,0.22251552851700268,0.5360230407030436,0.4583867901830201,0.21096977528309743,0.33127315347100367,0.22663834290785112,0.46705531754036644,0.74489342777861,0.41068948220494167,0.2598777333641012,0.40516209672537734,0.40058195515936484,0.4664885515656668,0.5757531342128329,0.697811125446634,0.5159191874906989,0.21668951516320648,0.0,0.5157745501064244,0.4807889290326261,0.6408912494243444,0.48843781585622364,0.5448586521759291,0.21826649118013644,0.1930085353376316,0.493742936302865,0.5618631937393685,0.73354395043902,0.614344401861137,0.8144448208595269,0.5531400460492512,0.12939634939988215,0.7534225744696008,0.36197979156382326,0.5753448416823896,0.5707431566834602,0.7459298387887447,0.371888052912671,0.5824272547866647,0.5044996986973219,0.48209170862623085,0.4563965868885313,0.6445015726434503,1.0,0.2595468739466602,0.41927692837493596,0.5471361651185324,0.48920883910035967,0.4608586889695,0.6890532212566549,0.7178824879987543
0.0,0.0,0.3866106270664501,0.0,0.5003066843828868,0.6228047609538357,0.272432755348368,0.5494377901694446,0.5205605864080098,0.3396715711000966,0.6621816612429237,0.3314102689208328,0.8203909352168675,0.0,0.3143517859323728,0.0,0.0,0.0,0.0,0.4794091439851257,0.0,0.0,0.727203967960065,0.3582457410325771,0.0,0.0,0.15831953367953872,0.7841230612435206,0.37310659328330964,0.0,0.5254346164210258,0.17220909838093001,0.27177935823436833,0.12235613428138362,0.4446050213477052,0.4352655734566912,0.4282645164070985,0.4459547473512334,0.5212922629771805,0.21299612729377895,0.32436646391253127,0.2929506730481071,0.5157745501064244,0.0,0.3424729083623568,0.0,0.6575723889334198,0.6081261267232183,0.13838704675751987,0.22369414616496563,0.5708623599056412,0.5257189438970751,0.7655725535863821,0.6550475297297107,0.5938986578581442,0.6422272325138891,0.3657844392561187,0.5647772436074758,0.05767601935275406,0.7083796624979173,0.24178535288132308,0.0,0.0,0.6199874278963975,0.5911234668345557,0.5508882945227852,0.41496176302647053,0.5958641411330702,0.6175578911564711,0.5040506846967776,0.6260289004551103,0.53404022155679,0.7725935839727309,0.5969743042573532,0.3074184363473137,0.3040219845770545
0.4459292614632992,0.4886069055143297,0.23313787211727954,0.0,0.5986312839357779,0.5137846770576263,0.4594081842405001,0.49005757295905983,0.46677432649852607,0.9810891535747566,0.7463101638341798,0.8815447645399351,0.526779491465828,0.0,0.27034629791190007,0.0,0.5023174130997914,0.4916229617411264,0.0,0.5698890179844833,0.49309753062980743,0.5113216001967009,0.575321341773309,1.0,0.44404262795116395,0.4575268694376003,0.4328724400893511,0.4420132893495951,0.37979890706513997,0.0,0.678529505500714,0.3235684972009052,0.6589925829654909,0.5437611913209289,0.26749410978858323,0.501994331508213,0.3121035218449971,1.0,0.5042362022041758,0.3298678845847879,0.5799097630193992,0.5007248587966714,0.4807889290326261,0.3424729083623568,0.0,0.6985587148779785,0.5001836490771968,0.6005861486039432,0.36118550789560167,0.6362337232020465,0.49477516327392457,0.5192584548928691,0.6308785123509469,0.5301241219239684,0.6950111448638256,0.44448620649164056,0.8736881794465994,0.6260708609344211,1.0,0.5242657258019627,0.365697347737287,0.6415295433032395,0.3716261725061858,0.44721551132893267,0.2219526892098153,0.6582583899732716,0.635456289956488,0.9927494174135696,0.7866004204269598,0.6737843720491611,0.5129896599517052,0.40923601499582946,0.5364328853976416,0.5964334071068597,0.2547891904933629,0.3305901378402013
0.5107050416129476,0.8114453483920652,0.0,0.0,0.0,0.6534365273031761,0.48370033223799785,0.5024616099440554,0.0,0.6179021404394687,0.0,0.3928890156659175,0.28317029223304685,0.0,0.5377340010237147,0.7728388667406644,0.5153957428365296,0.6695843155837544,0.0,0.6423944053929623,0.26787039921933886,0.6034547952087042,0.6459911884864773,0.2628043211382595,0.6895932073049256,0.7527881370957834,0.6452713807325677,0.6591722234469154,0.635924762649824,0.0,0.46001255374674077,0.6126644681104104,0.6855010906809498,0.6067712183159174,0.5302163731319168,0.0,0.0,0.5416527869518609,0.6707486487067807,0.697844030138053,0.5411774150029602,0.5032809092155848,0.6408912494243444,0.0,0.6985587148779785,0.0,0.594725386138572,0.7656102312459486,0.0,0.7569357837767767,0.40116900442069137,0.48957235051233283,0.7864146985438673,0.11416520203802515,0.5959330367360479,0.5356592212501036,0.6384550068023136,0.5352635626840008,0.7130461917802584,0.5168855075525691,0.6635217338447381,0.5763702633411635,0.6290551563145925,0.0,0.6236049542581058,0.6317999347610664,0.5033347445334256,0.7975255064473489,0.5050686768325995,0.6129525602706513,0.44102555085308504,0.6652936747507915,0.572356890707545,0.6685685509076719,0.6518572732869784,0.43984153816536337
0.7308737807114684,0.7507826990413827,0.6959973551708458,0.0,0.0,0.7039084832076763,0.4969605557700736,0.6018218402165528,0.6048108263629611,0.4410510890395612,0.0,0.6131944698742847,0.5742013607533575,0.0,0.8115226072437839,0.7343053720124515,0.6101126634969043,0.6843889782911157,0.0,0.648496617130311,0.7300304176225759,0.7722009467415095,0.7832573720105647,0.6079821239296114,0.6628420992334171,0.7162577820505529,0.7661286797131929,0.6502962253818013,0.6504200351018306,0.6147312757128769,0.7162242517505162,0.7610581186498983,0.7085390061783251,0.7539388789508221,0.6862411388999019,0.6592669498122821,0.0,0.46495893716743875,0.645837541731167,0.5600363035376702,0.4929752055672904,0.284735096539388,0.48843781585622364,0.6575723889334198,0.5001836490771968,0.594725386138572,0.0,0.3156886721637815,0.0,0.0,0.23086125056614426,0.1960358104293082,0.42055521123121586,0.2651905148584362,0.36790365130649544,0.48021931466111306,0.5468749294141204,0.3888152096581886,0.06915008212809563,0.4899690634049481,0.6822672026178858,0.5758754227618914,0.6780007441913202,0.4806801092352401,0.5480209106587245,0.6478292638057925,0.6706117015641142,0.5691702186605411,0.709162174869879,0.5891786688296551,0.5270633473966969,0.48322905574842623,0.46432913356370503,0.4039403601204939,0.5195889801013152,0.5314690831483199
0.0,0.43114441617590044,0.30458215911039543,0.4994128094088367,0.6373365243929527,0.6940315053776646,0.5012719800408063,0.5765854855737425,0.7150052255293741,0.39662506013707527,0.2486617482627876,0.6085303208464756,0.5734406887877368,0.6813590283977955,0.39956455117048384,0.0,0.0,0.0,0.5614676317678671,0.6883758608182489,0.6717732802379099,0.44640383532135836,0.7384560897763229,0.4497238745832257,0.0,0.6052448307796839,0.7370535087842726,0.5582588697690212,0.5424959006053738,0.453478869876099,0.6324265291390996,0.5544146655533622,0.4912087324357048,0.6874506187628646,0.7628436081771517,0.5539027808213625,0.6277631153322789,0.6213201797899751,0.6772258053417638,0.7257423556783001,0.6653975488107102,0.5608162583328227,0.5448586521759291,0.6081261267232183,0.6005861486039432,0.7656102312459486,0.3156886721637815,0.0,0.4601999201479951,0.487267714636301,0.7553116040908004,0.5557485961976216,0.4974783099103391,0.4575388064799867,0.6432083810106723,0.5349091828782355,0.7580515956533262,0.6585242941554147,0.604195639162814,0.6201607071851171,0.5717100462460404,0.6637412871918362,0.5389454841356965,0.39134660442196,0.45988434731600114,0.6115621039845176,0.42583375046709165,0.44175152658110706,0.5869314117505433,0.5816752076939947,0.5452991132170927,0.728359625553274,0.622848515502585,0.49498092306392205,0.5631118732227184,0.6160104500336582
0.0,0.0,0.5124161879924395,0.0,0.0,0.0,0.0,0.0,0.6909061449148151,0.0,0.4943223542050284,0.0,0.0,0.0,0.0,0.0,0.0,0.0,0.0,0.0,0.0,0.0,0.5124161879924387,0.0,0.0,0.0,0.0,0.0,0.0,0.0,0.0,0.8523403285753164,0.4531159196431147,0.0,0.4832980218445108,0.0,0.0,0.0,0.4660549193847732,0.41146166249962635,0.36221262550009614,0.35264872690986643,0.21826649118013644,0.13838704675751987,0.36118550789560167,0.0,0.0,0.4601999201479951,0.0,0.3726168149122827,0.2545178708555155,0.49269705745645603,0.6027297081844424,0.4797140900749892,0.6799031009206755,0.43383301064565016,0.2721135710680596,0.46853904158970994,0.10987139037699642,0.0,0.0,0.0,0.0,0.48484732675939896,0.3698211439709693,0.0,0.7197771573507963,0.38867097005607953,0.25651722932843657,0.0,0.4813208010116309,0.5499989898475585,0.3117441779330645,0.0,0.0,0.0
0.0,0.0,0.6343391599046675,0.0,0.40723134083436013,0.6361103023063435,0.4883086733902277,0.5108151746394494,0.6148425132631978,0.0,0.2609547512498609,0.4376589903645341,0.5900051910201254,0.23729864777675697,0.0,0.0,0.0,0.0,0.4623665147369849,0.4796942445912139,0.45287349073697586,0.7205243662237848,0.5320991044913532,0.0,0.0,0.0,0.5863707925787282,0.5322435896284251,0.3152694940994184,0.5660174154007411,0.669264129011653,0.3308379638452858,0.0,0.6210095250177734,0.9839278664435347,0.4633075690154782,0.0,0.5027588176101678,0.5285053452039092,0.8261573551381517,0.6708471024315951,0.2773281751773605,0.1930085353376316,0.22369414616496563,0.6362337232020465,0.7569357837767767,0.0,0.487267714636301,0.3726168149122827,0.0,0.41214273816864827,0.5374587739149183,0.6268181635190407,0.33587002546164507,0.6308049031152769,0.5002928181039626,0.7232784849591473,0.5287319155118417,0.5281789519365082,0.23339566055962085,0.21335169934658238,0.701199088540747,0.6217592478213623,0.3987784241332945,0.3672416184559958,0.7035680430810431,0.2517800223643935,0.4540026669236126,0.6276995331464609,0.15136553851576381,0.2272781449014262,0.6068834288802624,0.27484554062975075,0.36299551810762554,0.5019017927745534,0.6715355634020509
0.5549097605857755,0.6131728033743401,0.7452020860109325,0.12286750071295949,0.48666566561612956,0.6536296202939383,0.5983936639622218,0.5479773640730771,0.6450848787982548,0.6984001247050549,0.7347673719487287,0.45745358357996074,0.6576817196757287,0.5514343700885667,0.6589480678006723,0.5390025118814126,0.6047493771522239,0.546198599879985,0.568961751353305,0.6009118830742304,0.722936551862858,0.6122427799302369,0.7175774047723928,0.22420585205820687,0.4945066595560012,0.6309840589731412,0.7188241912858806,0.6159831715822705,0.6689087561968162,0.6165858381897883,0.6664791025541928,0.7237835419601065,0.2679610502753819,0.7110159989113438,0.6385317105473141,0.5386811250062836,0.624805463646443,0.7991472152087882,0.6233718712165495,0.4435571013695113,0.5384435542258265,0.4164381079467833,0.493742936302865,0.5708623599056412,0.49477516327392457,0.40116900442069137,0.23086125056614426,0.7553116040908004,0.2545178708555155,0.41214273816864827,0.0,0.49898487845016337,0.5605015300773173,0.550688980615381,0.5779463312896994,0.4892437032550685,0.45424236416346825,0.530870436616239,0.481205114054579,0.47698616373953073,0.579045287701667,0.5359447062937374,0.5303577284466124,0.6598943015631712,0.49427508543123044,0.5664538976828893,0.5026778944185559,0.6241591893551408,0.5349207478620867,0.44662396576958086,0.4482753103790841,0.6211101765814515,0.42713719986504384,0.494100250824954,0.5610003359981899,0.5175676812237818
0.0,0.4611155807623882,0.6257775387663099,0.0,0.4237517602717821,0.6110557520301836,0.5419140029309425,0.5171463820958937,0.5975307215132998,0.519938046529461,0.45274197149770834,0.6681935320131145,0.5648432976910653,0.574940255403344,0.5369624882261212,0.09145488009955055,0.5502418503454208,0.460835045313295,0.48309664401906177,0.42705746207673967,0.699884910537325,0.35663873978463567,0.5299473878373141,0.6073036417424214,0.6181454258579444,0.47705630146441347,0.5920861843016769,0.5534227902105695,0.6048028563025996,0.3119160894648239,0.4570414931304705,0.5590557792428239,0.582148080127691,0.6430212399577888,0.7185113739545859,0.46211734615062555,0.6044207731635634,0.5466096664080411,0.6230345508426657,0.6375625993000829,0.4799215840719493,0.38373237951991507,0.5618631937393685,0.5257189438970751,0.5192584548928691,0.48957235051233283,0.1960358104293082,0.5557485961976216,0.49269705745645603,0.5374587739149183,0.49898487845016337,0.0,0.5067099445842794,0.4919776596462079,0.6175902499232594,0.6287623604763407,0.750491269128672,0.5009264738581632,0.5792326589183997,0.5941063323679082,0.4294742690392925,0.6765237873748126,0.5122931615131853,0.5845859396221784,0.3342962410077548,0.5438171265169687,0.4082974174589035,0.5480366801734202,0.7084065823067894,0.45489797108033825,0.4276655407118012,0.61855231269396,0.40541983043143137,0.4588464677291151,0.6409525273464834,0.5128131396135456
0.5660553654642495,0.7007344395181114,0.7252368526940381,0.0,0.583956984904717,0.7783220713539462,0.5355670679868532,0.6204129520165707,0.6762726328968884,0.5433000129949344,0.6035705962900646,0.0,0.6291475616810246,0.48243072396662745,0.6890065818102193,0.4895677180166883,0.0,0.6295532564350927,0.5470005466910428,0.6359779354410531,0.5116892982188166,0.8592413935001245,0.6891873511725377,0.6858263163002272,0.719991898014157,0.7680967721617975,0.7177691886239737,0.6723931893463355,0.535376162866544,0.743795980222141,0.5676040215488138,0.6912732168964143,0.270119692176069,0.5701776889400387,0.5437635074145892,0.5517353895511459,0.5211192019403852,0.5030006418507651,0.6014158672355527,0.8270168653916001,0.6203248648838773,0.448459951498282,0.73354395043902,0.7655725535863821,0.6308785123509469,0.7864146985438673,0.42055521123121586,0.4974783099103391,0.6027297081844424,0.6268181635190407,0.5605015300773173,0.5067099445842794,0.0,0.4897364467366683,0.7549412000157707,0.4835481328258101,0.6837154692469716,0.6472470519310496,0.6632462386519964,0.6232731735617268,0.6574348240272626,0.6921140849616613,0.6996982969752629,0.5384837216871787,0.5649808609957129,0.6168535730824218,0.548039345622481,0.4293354119961018,0.770235522742093,0.6072581909030648,0.7616913558421725,0.6445512794433869,0.5990371176502305,0.6004168331963269,0.5505262296640381,0.5701767343817173
0.0,0.538020844247081,0.7500577686802298,0.452302777376259,0.4992255489499221,0.6473890205398124,0.5713403861163456,0.5523677444620112,0.6554263409502818,0.4305208248399257,0.4200483541252289,0.6496876632843563,0.5978130393826876,0.8212372361037535,0.5687468020001689,0.0,0.0,0.0,0.5652918983010673,0.25843786307421285,0.7170299861831302,0.24322278343871787,0.5875623370040114,0.43647580256581836,0.4976101326104233,0.5233583642397489,0.670600378176272,0.566959258335497,0.5139524581075052,0.6914708664724594,0.6272212342479032,0.6254959871510009,0.5825441251910598,0.6264279978906222,0.6385719505905936,0.4316872944420903,0.6101049202355762,0.6571442900860126,0.6933430132078082,0.7867181577315142,0.6940578256201361,0.5684966223053602,0.614344401861137,0.6550475297297107,0.5301241219239684,0.11416520203802515,0.2651905148584362,0.4575388064799867,0.4797140900749892,0.33587002546164507,0.550688980615381,0.4919776596462079,0.4897364467366683,0.0,0.7069036200351787,0.43097170576923294,0.6792196313155289,0.6712066302962174,0.5406381878481311,0.5012742282551885,0.27155672247637636,0.7132197452560505,0.6409085415324043,0.3597241461553758,0.36666214231580796,0.671430055791161,0.39432067487993794,0.5820517458187577,0.32196979646431084,0.2443803264218052,0.4460329699774811,0.7291015376590378,0.6355144254471053,0.5941447274252464,0.7640279527534065,0.6326057164202995
0.43494040090556646,0.7785245136793367,0.6847611522010145,0.0,0.4960867575503089,0.7698817977077482,0.5422618588332384,0.7101427302708956,0.7277211336846464,0.8197031883119579,0.6084961975029926,0.7576303588374633,0.5927279793262702,0.0,0.49672313014627145,0.46131196830223803,0.73981559082367,0.6973621413232659,0.6308335472154453,0.6734529069791975,0.41011172613423263,0.7298898300127161,0.7632150137620213,0.6088907553486134,0.6667071728718911,0.6375624928551864,0.7833008056137247,0.8150472080854855,0.6217847881804135,0.0,0.5527246375335905,0.7787547658668373,0.87897922632715,0.897467401887611,0.5116039560228256,0.9023826188109106,0.5700411169988635,0.9999999999999999,0.5638336660398013,0.7105848540391395,0.5276370837750445,0.44207656807323964,0.8144448208595269,0.5938986578581442,0.6950111448638256,0.5959330367360479,0.36790365130649544,0.6432083810106723,0.6799031009206755,0.6308049031152769,0.5779463312896994,0.6175902499232594,0.7549412000157707,0.7069036200351787,0.0,0.7591662767673174,0.4739286338646947,0.6765073226397114,0.8164878022950451,0.21998517920690064,0.6319868364608175,0.5725347279896589,0.5919977899501665,0.7210771836560186,0.4332124642523873,0.25832729188750897,0.5191538893959811,0.7299760692013376,0.5698781888536337,0.3953139300199076,0.47235345831630626,0.6560574882689745,0.5313733493465124,0.5245811714419849,0.36961192253153846,0.5843235262352627
0.0,0.0,0.7494130220917923,0.5005871905911639,0.5878055422180946,0.7560116788859156,0.588569099870624,0.5413151449787269,0.7874054448975064,0.5609159644929566,0.337117031418656,0.557783273831014,0.641393785456353,0.7272495483301252,0.0,0.0,0.4525044377388503,0.0,0.5734785486950316,0.3853293948950291,0.0,0.0,0.7181937434810345,0.5388328495829755,0.0,0.5948868503732964,0.7218924123605234,0.706948833653665,0.21032345620347237,0.18088795312115494,0.58649822251941,0.5364756619276446,0.5447678921972445,0.7195234839835032,0.3067194912199218,0.6508839801081499,0.5791194069348602,0.4507704501017851,0.7500504366845402,0.7799598337912358,0.7253604385618924,0.6677050371558356,0.5531400460492512,0.6422272325138891,0.44448620649164056,0.5356592212501036,0.48021931466111306,0.5349091828782355,0.43383301064565016,0.5002928181039626,0.4892437032550685,0.6287623604763407,0.4835481328258101,0.43097170576923294,0.7591662767673174,0.0,0.7629339329843301,0.7203807258505694,0.5544103634242605,0.2579944610680551,0.0,0.5390064268111636,0.7154287028779556,0.44409773370497946,0.3893572078264256,0.35460989770655416,0.5707325000973681,0.6273879371202875,0.597256298813816,0.6088507839572115,0.6468093627946127,0.6093913576703869,0.648642765681509,0.6475793008839663,0.5427325818276104,0.6915246830848591
0.5533129524794538,0.6189180785751038,0.1865200493638365,0.0,0.4419321854339904,0.49182653397247716,0.7368610307903999,0.0,0.687847029026245,0.8222355913030841,0.8707642303993339,0.7877988642006852,0.7417614895164827,0.44490427664507626,0.3881141138221726,0.5702173991154934,0.6409920099903131,0.6357310804590087,0.5031549702121154,0.5105453037920862,0.5281903777988468,0.5125746953825243,0.44420198952841133,0.5319429717341009,0.5842459503403948,0.5598716593161643,0.49524815163997,0.7677297767180233,0.4642939769527031,0.0,0.5486077514887138,0.1656561295733283,0.8468822159316574,0.49057728210502005,0.4173275071392801,0.5087960539775909,0.38554974423177985,0.9735668619042075,0.37253357590459596,0.7520442758845957,0.7576881069419512,0.37142765985442466,0.12939634939988215,0.3657844392561187,0.8736881794465994,0.6384550068023136,0.5468749294141204,0.7580515956533262,0.2721135710680596,0.7232784849591473,0.45424236416346825,0.750491269128672,0.6837154692469716,0.6792196313155289,0.4739286338646947,0.7629339329843301,0.0,0.7860313937171864,1.0,0.4239846647883421,0.566771184285289,0.668477290650195,0.5529928172048388,0.6659462181782556,0.5120379004086721,0.5775469670848588,0.39633059237649565,0.7293895144518656,0.5178782426214469,0.4775252024871546,0.5528938217007326,0.6035787029661278,0.7101310342762231,0.39864262294004954,0.22751082335096207,0.6134740934688921
0.5732783208376344,0.5463189471289162,0.6739266392352034,0.495717516217182,0.5890859972914712,0.673036258361494,0.5871561826220147,0.6119609385691194,0.5889229007604593,0.4647869449717298,0.5957050232208811,0.6552613918704658,0.6403029440640557,0.46948996333402954,0.6988702731567888,0.5480448066293127,0.5157536745541955,0.2705847985276931,0.6238005231608958,0.6683678809053151,0.7562614275266458,0.5991318178218796,0.6420767723951701,0.6470281355640652,0.5154647262556543,0.5197388928107018,0.7148294380839192,0.5991112499895858,0.6534183229345347,0.4994899104734181,0.5599284619614283,0.6949385385376842,0.3405809203818676,0.6246650259231328,0.7618376912651185,0.5411186747567306,0.527278206333919,0.46742885098490994,0.7776031434834545,0.6999009258460872,0.5779016892780054,0.5415179434859367,0.7534225744696008,0.5647772436074758,0.6260708609344211,0.5352635626840008,0.3888152096581886,0.6585242941554147,0.46853904158970994,0.5287319155118417,0.530870436616239,0.5009264738581632,0.6472470519310496,0.6712066302962174,0.6765073226397114,0.7203807258505694,0.7860313937171864,0.0,0.6424565420158751,0.5186796149118764,0.5862633946562915,0.6911153122447772,0.6341937971479278,0.656659158343503,0.5040598569478945,0.6388848905331884,0.5155857648705537,0.6118590879914044,0.6651316102621091,0.5388951614204822,0.5055690203881438,0.6521895146430985,0.5196716897001776,0.5098830321591242,0.41353123617876586,0.6013953599219579
0.0,0.0,0.5535207559469887,0.0,0.32676550107373226,0.6700165815031693,0.5194962333175474,0.5177268298198,0.5763408623490531,0.0,0.5564853411823958,0.0,0.5316902256170092,0.23742963677918605,0.0,0.0,0.0,0.0,0.5439398779198961,0.0,0.0,0.0,0.24552523451677585,0.0,0.0,0.0,0.7266081466395593,0.6486402748058309,0.0,0.0,0.0,0.44509885763798657,0.4450165637007164,0.7303623202384967,0.0,0.6056383309124871,0.0,0.4557586260802278,0.45336236011104203,0.3449063235490385,0.44344501690772486,0.3163623221913296,0.36197979156382326,0.05767601935275406,1.0,0.7130461917802584,0.06915008212809563,0.604195639162814,0.10987139037699642,0.5281789519365082,0.481205114054579,0.5792326589183997,0.6632462386519964,0.5406381878481311,0.8164878022950451,0.5544103634242605,1.0,0.6424565420158751,0.0,0.4552246051859819,0.0,0.41495655049969904,0.8445842930126697,0.6441847280046501,0.7342261873727749,0.6015346095886329,0.454045636258875,0.5754761970770151,0.7015879330569448,0.7787561395324878,0.5842439615405275,0.545878054532285,0.39554581309497366,0.40539953554646935,0.0,0.6517990021491805
0.7308885837728459,0.7819348063800027,0.7528906859948682,0.0,0.5734615764632783,0.717171389820509,0.6923562363062505,0.598336170665526,0.6694269190349224,0.07826896190553943,0.5410602970848482,0.6760166474104461,0.5427355211843309,0.0,0.8438323915203442,0.7478527040231421,0.0,0.5347660070598369,0.11791806195143832,0.6730315263201708,0.567952926987394,0.7605646221978988,0.7353747116383696,0.5598448534677647,0.6712957771581541,0.8153117655637938,0.7427806571658333,0.7136853564980804,0.6506129611167957,0.8288421720404173,0.6433047410830751,0.7904756918700352,0.7315378915230316,0.6799777539731193,0.6595371680695549,0.24543833559740807,0.5677694864737168,0.47484299787835427,0.4550764784408002,0.483981902127835,0.27245686446217365,0.2590842423974981,0.5753448416823896,0.7083796624979173,0.5242657258019627,0.5168855075525691,0.4899690634049481,0.6201607071851171,0.0,0.23339566055962085,0.47698616373953073,0.5941063323679082,0.6232731735617268,0.5012742282551885,0.21998517920690064,0.2579944610680551,0.4239846647883421,0.5186796149118764,0.4552246051859819,0.0,0.5442640378160724,0.4547180159801597,0.4867616406402846,0.2133039465137564,0.40990723010477315,0.47491605910015233,0.523339283297901,0.34698053344379154,0.6062576272365537,0.5715417043403918,0.361523877015836,0.33893130874799393,0.525127059941301,0.4834722470486177,0.5764762459029923,0.31028073723926786
0.6732319792527885,0.7371383660584707,0.5028783444364562,0.0,0.24268554485143404,0.6182316764818896,0.257019660725696,0.7454876753108206,0.571199994391774,0.640470707591878,0.0,0.6170155404375454,0.5824869187172486,0.0,0.7690935196234661,0.7207025547490397,0.7246142516372429,0.6617138890903385,0.0,0.6784037544517331,0.6999113074850101,0.7632877713367259,0.7829515903771314,0.6715879338230404,0.6395395065137718,0.675505231760005,0.7338589853215226,0.6509497923305582,0.6510487059375646,0.0,0.7188723334043327,0.7520051289223346,0.6859660607503555,0.7229562899924743,0.6990252273566304,0.5784498329879936,0.0,0.04191854316709999,0.5646066890861713,0.46454480904430123,0.5105524716084333,0.1661218531542656,0.5707431566834602,0.24178535288132308,0.365697347737287,0.6635217338447381,0.6822672026178858,0.5717100462460404,0.0,0.21335169934658238,0.579045287701667,0.4294742690392925,0.6574348240272626,0.27155672247637636,0.6319868364608175,0.0,0.566771184285289,0.5862633946562915,0.0,0.5442640378160724,0.0,0.8065321172832084,0.5759491621625481,0.49985696534233237,0.4891454889212614,0.6889445447285028,0.5533168459915033,0.6682249731740455,0.8020427409797957,0.6858810833924985,0.6015097565145459,0.6038504049092482,0.6086021153866065,0.6125215371205898,0.5955672002473014,0.7198349174633086
0.533003136473811,0.7716647178353452,0.0,0.0,0.0,0.0,0.0,0.0,0.0,0.8338684911994895,0.0,0.7667375324521302,0.7205461703671081,0.0,0.4311960546400151,0.6902524934349544,0.7936259230406311,0.7344487462564029,0.0,0.7082679302481689,0.0,0.8338498052092626,0.47496409128833156,0.6199912601315569,0.7522794975043906,0.7474995880336922,0.5406468852133357,0.7857979491563029,0.30397652901205907,0.0,0.6675625932689773,0.5466749356014909,0.6523532346166071,0.7324734040092299,0.5962319763625712,0.0,0.0,0.9455784461824808,0.6396421840940364,0.7451101001378988,0.6405086883624959,0.5417503786030957,0.7459298387887447,0.0,0.6415295433032395,0.5763702633411635,0.5758754227618914,0.6637412871918362,0.0,0.701199088540747,0.5359447062937374,0.6765237873748126,0.6921140849616613,0.7132197452560505,0.5725347279896589,0.5390064268111636,0.668477290650195,0.6911153122447772,0.41495655049969904,0.4547180159801597,0.8065321172832084,0.0,0.585659220182061,0.5785959298720008,0.4708456627231701,0.47949457305290744,0.5919827125109691,0.5536432652934234,0.4566808391310007,0.5239010647381879,0.5541477302705585,0.5704367259916184,0.6614637011454914,0.687200164064679,0.5795096106610108,0.6294693927617417
0.6263248725405364,0.6902348458311115,0.0,0.0,0.0,0.32109428691566777,0.5198138824842904,0.35707661901075405,0.0,0.7036641054794808,0.0,0.6802224002640617,0.5435275691204016,0.0,0.8366836204669343,0.6839434426292541,0.7676177209831622,0.7014430074581854,0.0,0.7859007146394865,0.705246980142102,0.778201555070791,0.642157774650797,0.6937176146604549,0.70202764812472,0.701219588734568,0.5764356635862641,0.7125954215120301,0.6581283353069811,0.0,0.7483095214640563,0.6912504864505822,0.6874166236966426,0.7122869667584252,0.6862581177861015,0.0,0.0,0.8944871891909064,0.56270904465844,0.5350221639316439,0.5256052975169487,0.37944301237605815,0.371888052912671,0.0,0.3716261725061858,0.6290551563145925,0.6780007441913202,0.5389454841356965,0.0,0.6217592478213623,0.5303577284466124,0.5122931615131853,0.6996982969752629,0.6409085415324043,0.5919977899501665,0.7154287028779556,0.5529928172048388,0.6341937971479278,0.8445842930126697,0.4867616406402846,0.5759491621625481,0.585659220182061,0.0,0.5829596601177702,0.6143985739751562,0.6198674869936593,0.641749890673484,0.68896211774002,0.46946788630356806,0.5786781608413016,0.5890076754603217,0.6238374443258077,0.6452620538336495,0.678005463841109,0.4985075962682996,0.6541722982837315
0.0,0.0,0.5466785225277622,0.0,0.5509902376600788,0.681147216123059,0.5035619670730109,0.5551358230390766,0.6529665685864852,0.3203659441769895,0.399651949128404,0.0,0.5890337822904033,0.44242338062392134,0.0,0.0,0.0,0.0,0.7614477841590837,0.3646330851435019,0.0,0.0,0.7465487243659497,0.0,0.0,0.0,0.6963974735767335,0.6196525501871694,0.3084094807503027,0.34837713649410473,0.7014518511475349,0.5396038511932424,0.5440102807299576,0.4995060694200217,0.6942359292743807,0.557837117805446,0.0,0.0,0.6406969766108316,0.7143085702083586,0.6766727002098682,0.5938695738506257,0.5824272547866647,0.6199874278963975,0.44721551132893267,0.0,0.4806801092352401,0.39134660442196,0.48484732675939896,0.3987784241332945,0.6598943015631712,0.5845859396221784,0.5384837216871787,0.3597241461553758,0.7210771836560186,0.44409773370497946,0.6659462181782556,0.656659158343503,0.6441847280046501,0.2133039465137564,0.49985696534233237,0.5785959298720008,0.5829596601177702,0.0,0.5404477403230613,0.4284686554538264,0.5871998801879079,0.5559223122793926,0.4384412237650367,0.37015244710288886,0.6099238416969137,0.6682133961359377,0.632590134438706,0.6491369318472547,0.606082075722568,0.6413336835194814
0.629548510145394,0.6595339718653733,0.5235663687662908,0.0,0.3315019766474088,0.6580466382368235,0.5613832002720002,0.6332989366504813,0.44815545180468963,0.37969159909459077,0.3962641856971994,0.4987890464690159,0.6499574903489018,0.29261329955458076,0.7508020953579552,0.6276544743886391,0.6853351333889579,0.5924593783858618,0.2605947064785056,0.6500780627287251,0.6394248245514043,0.7131716298250923,0.7416240019373839,0.6293750227708474,0.5925401205907695,0.6666396866293289,0.6877668567565454,0.6296752050417049,0.627724160396034,0.7079873735553763,0.6412953002884223,0.6505036346058626,0.5463093854943398,0.6298778870322578,0.5674425803961651,0.2025716071684049,0.6816593482212191,0.23903659045581704,0.3790688952775302,0.4437867292859269,0.33024720186357825,0.3524040261434382,0.5044996986973219,0.5911234668345557,0.2219526892098153,0.6236049542581058,0.5480209106587245,0.45988434731600114,0.3698211439709693,0.3672416184559958,0.49427508543123044,0.3342962410077548,0.5649808609957129,0.36666214231580796,0.4332124642523873,0.3893572078264256,0.5120379004086721,0.5040598569478945,0.7342261873727749,0.40990723010477315,0.4891454889212614,0.4708456627231701,0.6143985739751562,0.5404477403230613,0.0,0.4606680859515917,0.5593976812876775,0.434205940435954,0.7320564385325269,0.5510951043012065,0.49478694488570496,0.4856023446911322,0.5203933234410166,0.5831497049028784,0.6105685620065497,0.4196784328098667
0.3171401217245447,0.8279601214695195,0.5957632587853858,0.0,0.0,0.6494504170630655,0.7673760605286338,0.5912570120814382,0.5783716742020842,0.6259407263783046,0.0,0.8216815487667707,0.703322445374076,0.0,0.7585265138452957,0.6530391472160135,0.0,0.7015306884625148,0.0,0.746512975832046,0.4702747394070407,0.7564353593708412,0.8198099330324485,0.23462501317473586,0.7632429825135529,0.7904026601200568,0.8044305101620048,0.7091235530636519,0.6431610923952521,0.7043412854455939,0.4073689136611166,0.6900404221690032,0.5836027112542768,0.5542678480232314,0.4524121463792299,0.7742171020017768,0.7252167913132195,0.0,0.6509769895973372,0.7036464739612477,0.6611043618061504,0.5285801498123339,0.48209170862623085,0.5508882945227852,0.6582583899732716,0.6317999347610664,0.6478292638057925,0.6115621039845176,0.0,0.7035680430810431,0.5664538976828893,0.5438171265169687,0.6168535730824218,0.671430055791161,0.25832729188750897,0.35460989770655416,0.5775469670848588,0.6388848905331884,0.6015346095886329,0.47491605910015233,0.6889445447285028,0.47949457305290744,0.6198674869936593,0.4284686554538264,0.4606680859515917,0.0,0.5827248624297133,0.528157140802393,0.7323130680806121,0.6020948268151636,0.5567607595825105,0.567811248212956,0.5608302442494981,0.5929503182486549,0.5287330679434484,0.5094326637019628
0.7938552208309818,0.7812121261767616,0.516916058085602,0.0,0.40889467855552,0.7261219282326353,0.6199507114717833,0.6186644884957143,0.4111605540405839,0.8009361311796812,0.36683828798105156,0.7821237230438899,0.6701106115872766,0.0,0.8606680544010664,0.7951411004654084,0.7367678164556998,0.7384243561776043,0.553480291133281,0.7460320585296101,0.7382297226544058,0.8225233857976737,0.8003587480357646,0.8531916714874384,0.6919391558868508,0.7974816292748178,0.7406536660067038,0.6751577101534707,0.6624142289117313,0.5964560227423419,0.6934098540176515,0.8168853686581211,0.7689984179561451,0.7155601221792462,0.7061082153268762,0.28726112915091895,0.42566035387287926,0.4831738676232425,0.5281560491451217,0.5412232374463961,0.40399952701581376,0.3591274614368168,0.4563965868885313,0.41496176302647053,0.635456289956488,0.5033347445334256,0.6706117015641142,0.42583375046709165,0.7197771573507963,0.2517800223643935,0.5026778944185559,0.4082974174589035,0.548039345622481,0.39432067487993794,0.5191538893959811,0.5707325000973681,0.39633059237649565,0.5155857648705537,0.454045636258875,0.523339283297901,0.5533168459915033,0.5919827125109691,0.641749890673484,0.5871998801879079,0.5593976812876775,0.5827248624297133,0.0,0.6460360483272226,0.36283045323972346,0.6134887322575545,0.6121955070415783,0.6170918294762808,0.5312621273267989,0.558455120444241,0.5095677367911873,0.4978345879794354
0.5126157371507905,0.7426432708212184,0.6407340231856187,0.7002591920073806,0.5489778871445818,0.6106896819091333,0.5888961844764805,0.7716079047813564,0.6394272818556632,0.6756025983148412,0.7694771172223906,0.8096623002348279,0.6046082610030227,0.434042618956835,0.7696625178499105,0.6656398048132518,0.9288010387363731,0.6329467752171037,0.5198765612727136,0.7454367592427443,0.7408330479568441,0.7908151346034428,0.8007398545696771,0.3650381933474159,0.7064202647324092,0.7017997538211121,0.7952664100374182,0.5845275662820943,0.7090853519662562,0.5923403247841312,0.6959468814175624,0.7017088981933935,0.7789935200779249,0.7295316155071715,0.6630720229203809,0.5017447150785528,0.6330489512325772,0.85363156035674,0.5616982115027497,0.7672240079391109,0.5989743716321486,0.4800262532947934,0.6445015726434503,0.5958641411330702,0.9927494174135696,0.7975255064473489,0.5691702186605411,0.44175152658110706,0.38867097005607953,0.4540026669236126,0.6241591893551408,0.5480366801734202,0.4293354119961018,0.5820517458187577,0.7299760692013376,0.6273879371202875,0.7293895144518656,0.6118590879914044,0.5754761970770151,0.34698053344379154,0.6682249731740455,0.5536432652934234,0.68896211774002,0.5559223122793926,0.434205940435954,0.528157140802393,0.6460360483272226,0.0,0.7545423568338623,0.669195836739183,0.5987307702445643,0.4834770687278055,0.5937215722659092,0.5873974943771252,0.5628606715117819,0.5574916316483038
0.19885810795782902,0.6928544474527151,0.0,0.0,0.0,0.0,0.3476578106618573,0.5522287054918057,0.41055556870545673,0.8373561266795106,0.0,0.7295020559526376,0.4368752678196014,0.5493437454301463,0.5318316816926142,0.7446075507744185,0.6084957079533744,0.5799590057580795,0.0,0.020794281726771408,0.2076585487528889,0.7021552433014431,0.5080649012446115,0.32457209087836586,0.5031578147102762,0.547754457247954,0.537452642407743,0.6530009712297761,0.45208520053056667,0.0,0.4064533512201246,0.2723464506827705,0.8310386264817753,0.37401979728007656,0.5719745428431461,0.2280300563742704,0.33061651395324354,0.9359700440761195,0.5544176604536336,0.7395850668669951,0.6324185269467865,0.3546154390519188,1.0,0.6175578911564711,0.7866004204269598,0.5050686768325995,0.709162174869879,0.5869314117505433,0.25651722932843657,0.6276995331464609,0.5349207478620867,0.7084065823067894,0.770235522742093,0.32196979646431084,0.5698781888536337,0.597256298813816,0.5178782426214469,0.6651316102621091,0.7015879330569448,0.6062576272365537,0.8020427409797957,0.4566808391310007,0.46946788630356806,0.4384412237650367,0.7320564385325269,0.7323130680806121,0.36283045323972346,0.7545423568338623,0.0,0.4706736695292999,0.5629104527885627,0.7215113271593848,0.4930594467145922,0.6705331211948272,0.6368574031302576,0.5887319967072957
0.6145451927199319,0.6845603792264229,0.0,0.0,0.55766587601085,0.508129262465029,0.33671208728732743,0.6323818164515249,0.6310355206103456,0.6931757891762337,0.0,0.6589609945498227,0.5286336496466132,0.0,0.7479691970054239,0.6625247963176315,0.729983213114918,0.6652684043400374,0.0,0.7445096441478114,0.611128346171215,0.7076622481778594,0.7641821284898715,0.6679863137257422,0.6224670889015762,0.6500691123878188,0.7501179968601484,0.5015387168998036,0.7054364775166599,0.0,0.725143235357844,0.7117852666516038,0.6430045613302287,0.6735406827872586,0.6033393352356857,0.5610214371588933,0.0,0.6197406034974663,0.539527162250954,0.5103481325708527,0.4660198879293695,0.3577199387789305,0.2595468739466602,0.5040506846967776,0.6737843720491611,0.6129525602706513,0.5891786688296551,0.5816752076939947,0.0,0.15136553851576381,0.44662396576958086,0.45489797108033825,0.6072581909030648,0.2443803264218052,0.3953139300199076,0.6088507839572115,0.4775252024871546,0.5388951614204822,0.7787561395324878,0.5715417043403918,0.6858810833924985,0.5239010647381879,0.5786781608413016,0.37015244710288886,0.5510951043012065,0.6020948268151636,0.6134887322575545,0.669195836739183,0.4706736695292999,0.0,0.4809929411198157,0.5443694806978077,0.5965202413182892,0.6299089438071349,0.587368582316261,0.45011273719921807
0.730805249377872,0.7471942988034799,0.39368931581958894,0.0,0.28004644276292867,0.7381473245764555,0.608835260349237,0.7106958143825358,0.5544871521624791,0.7502677319331518,0.6137294838986096,0.6744859839192664,0.6453933596116181,0.0,0.7413574062132099,0.725479648454052,0.7282213994464305,0.7155085357607238,0.7050639866589772,0.6618709669683371,0.7105298912982894,0.7670023094677921,0.7416980183622539,0.6332210245514973,0.6775684548726129,0.6934446494135188,0.7297010214394317,0.7038141922217827,0.6729231798495554,0.7126812636107106,0.7033668086914138,0.6970256586697108,0.687502164003889,0.6904615482484254,0.5727325110648185,0.411178022188484,0.6601538221225607,0.9381413554358414,0.6044324254253975,0.6473332995118503,0.5620500077167673,0.37436692601990734,0.41927692837493596,0.6260289004551103,0.5129896599517052,0.44102555085308504,0.5270633473966969,0.5452991132170927,0.4813208010116309,0.2272781449014262,0.4482753103790841,0.4276655407118012,0.7616913558421725,0.4460329699774811,0.47235345831630626,0.6468093627946127,0.5528938217007326,0.5055690203881438,0.5842439615405275,0.361523877015836,0.6015097565145459,0.5541477302705585,0.5890076754603217,0.6099238416969137,0.49478694488570496,0.5567607595825105,0.6121955070415783,0.5987307702445643,0.5629104527885627,0.4809929411198157,0.0,0.6240760326030705,0.5441330203242778,0.5885386346347495,0.43017991562609215,0.4956902725855981
1.0,0.7197341246946067,0.6926583384873511,0.7032283649716419,0.5777321656372929,0.7686984082658246,0.5999917205915626,0.6305902217534354,0.6846489199672392,0.6986472999860501,0.6205809365349315,0.7318401979207132,0.6518118993015288,0.4500019951460391,0.8094612354593078,0.6225770380480317,0.0,0.661629280038176,0.6058704587284071,0.7088405986543455,0.6806856760336797,0.7227041171486047,0.7440277474579937,0.4691878510610658,0.66284533226765,0.7733196831698878,0.7666177241038679,0.6564558705695648,0.6890508693917771,0.6774031237132153,0.6806890227797584,0.6785303542340565,0.6591868024761817,0.7308526386964798,0.6422118368912068,0.4999701233398028,0.593483692653378,0.7357780402551157,0.4692851369758651,0.5522520312988835,0.4974967438279047,0.35729166844915566,0.5471361651185324,0.53404022155679,0.40923601499582946,0.6652936747507915,0.48322905574842623,0.728359625553274,0.5499989898475585,0.6068834288802624,0.6211101765814515,0.61855231269396,0.6445512794433869,0.7291015376590378,0.6560574882689745,0.6093913576703869,0.6035787029661278,0.6521895146430985,0.545878054532285,0.33893130874799393,0.6038504049092482,0.5704367259916184,0.6238374443258077,0.6682133961359377,0.4856023446911322,0.567811248212956,0.6170918294762808,0.4834770687278055,0.7215113271593848,0.5443694806978077,0.6240760326030705,0.0,0.613335566863521,0.52947261243228,0.5230234913754456,0.43598301996265093
0.5156589793243466,0.5487636585390174,0.7343303694452022,0.45283161100110164,0.5494161561220418,0.6473823113632214,0.6112300397620622,0.6123062508979336,0.6582771667566298,0.5172924506923062,0.6316748835490477,0.7618150266502286,0.6632449672684105,0.5397803098731874,0.7057015405048547,0.558607139291182,0.5657638577616204,0.510434889824921,0.5932051049837341,0.7315465458032225,0.7562453901735827,0.5710595497382536,0.6707630556978879,0.6022741864606335,0.4723459961165749,0.6142772955433005,0.6891182382318753,0.6156812662259131,0.6924665431612457,0.6449926101622213,0.6530902942028105,0.6600294381114634,0.5885654262935986,0.4294290898450187,0.7104533416990964,0.6175023040626436,0.8103737897857884,0.45181240082981927,0.6792024837611443,0.7088176710782919,0.461094053758249,0.2937198658010445,0.48920883910035967,0.7725935839727309,0.5364328853976416,0.572356890707545,0.46432913356370503,0.622848515502585,0.3117441779330645,0.27484554062975075,0.42713719986504384,0.40541983043143137,0.5990371176502305,0.6355144254471053,0.5313733493465124,0.648642765681509,0.7101310342762231,0.5196716897001776,0.39554581309497366,0.525127059941301,0.6086021153866065,0.6614637011454914,0.6452620538336495,0.632590134438706,0.5203933234410166,0.5608302442494981,0.5312621273267989,0.5937215722659092,0.4930594467145922,0.5965202413182892,0.5441330203242778,0.613335566863521,0.0,0.5245863471652015,0.5982559530290663,0.4767806285596893
0.6596601069035417,0.6200435369032361,0.4903185405457075,0.9258821323609581,0.41464204752634676,0.6202906548414855,0.5255031027888659,0.6063264630265393,0.45541340627758714,0.6044674203214717,0.47646714351731567,0.9999999999999999,0.6209147862642098,0.7034729010129793,0.6673139610329759,0.5756420600412193,0.5788616066860667,0.6414028400683547,0.5130114105986305,0.6806503242825436,0.6921214950183081,0.652159629453756,0.7526393033513156,0.4482241352870815,0.6002094443008478,0.6894987445810296,0.7070440677431103,0.6129930992309158,0.5896792684819697,0.6699182194528889,0.6764969249389234,0.6033582972930845,0.5625432775358962,0.6790201310698968,0.5434623699479532,0.361943326644756,0.5393109120273918,0.3916067031043381,0.38829688598631834,0.36876795472007173,0.5253171255728477,0.4478555713070198,0.4608586889695,0.5969743042573532,0.5964334071068597,0.6685685509076719,0.4039403601204939,0.49498092306392205,0.0,0.36299551810762554,0.494100250824954,0.4588464677291151,0.6004168331963269,0.5941447274252464,0.5245811714419849,0.6475793008839663,0.39864262294004954,0.5098830321591242,0.40539953554646935,0.4834722470486177,0.6125215371205898,0.687200164064679,0.678005463841109,0.6491369318472547,0.5831497049028784,0.5929503182486549,0.558455120444241,0.5873974943771252,0.6705331211948272,0.6299089438071349,0.5885386346347495,0.52947261243228,0.5245863471652015,0.0,0.4710122501414259,0.5109053769678656
0.0,0.6464589501245582,0.5788149552834303,0.0,0.7140251132577764,0.6164332039029021,0.7260780995340068,0.6314526935556798,0.6220465993851952,0.0,0.6778612853050628,0.0,0.7206529198388991,0.0,0.6112053134601665,0.6169916763922484,0.0,0.0,0.8434598523737846,0.5688101682972189,0.652311083018616,0.5346933072781517,0.6874976228653262,0.0,0.0,0.47364570962243635,0.6288819754494632,0.7447027140907486,0.5757031953330997,0.49495997074936104,0.68651338724762,0.7195450256517629,0.0,0.6070258281757367,0.4033337903853379,0.3806538990792267,0.5878111535200008,0.0,0.5682355130626924,0.528122973935474,0.5574763198906859,0.5365538761459447,0.6890532212566549,0.3074184363473137,0.2547891904933629,0.6518572732869784,0.5195889801013152,0.5631118732227184,0.0,0.5019017927745534,0.5610003359981899,0.6409525273464834,0.5505262296640381,0.7640279527534065,0.36961192253153846,0.5427325818276104,0.22751082335096207,0.41353123617876586,0.0,0.5764762459029923,0.5955672002473014,0.5795096106610108,0.4985075962682996,0.606082075722568,0.6105685620065497,0.5287330679434484,0.5095677367911873,0.5628606715117819,0.6368574031302576,0.587368582316261,0.43017991562609215,0.5230234913754456,0.5982559530290663,0.4710122501414259,0.0,0.5237683364244196
0.5347983917120991,0.7697815539211351,0.6171028864562657,0.0,0.4857911684695895,0.721000333534509,0.6372510237362484,0.5968576441816402,0.6585067704721286,0.8096367310590307,0.5179736483050498,0.743904321338769,0.6150293115272017,0.0,0.7449105412542174,0.7227199414023086,0.7236887191091418,0.7001028858655748,0.6007065625974493,0.6722119895840238,0.5633156738331165,0.7396132885144556,0.7054561271556572,0.6534555611865759,0.6664484924296058,0.6979233148689352,0.6840984405461908,0.6235735584155299,0.6154350279543865,0.6103659826582121,0.4653069789978813,0.6808872488166693,0.7204565276686308,0.5713212668258835,0.661024449037873,0.6040581748360276,0.6307596259710391,0.4737358729485804,0.7144012733722738,0.43894790435734654,0.457458726676552,0.3853015339500199,0.7178824879987543,0.3040219845770545,0.3305901378402013,0.43984153816536337,0.5314690831483199,0.6160104500336582,0.0,0.6715355634020509,0.5175676812237818,0.5128131396135456,0.5701767343817173,0.6326057164202995,0.5843235262352627,0.6915246830848591,0.6134740934688921,0.6013953599219579,0.6517990021491805,0.31028073723926786,0.7198349174633086,0.6294693927617417,0.6541722982837315,0.6413336835194814,0.4196784328098667,0.5094326637019628,0.4978345879794354,0.5574916316483038,0.5887319967072957,0.45011273719921807,0.4956902725855981,0.43598301996265093,0.4767806285596893,0.5109053769678656,0.5237683364244196,0.0
