0.0,0.4353788868112925,0.9824281557588477,0.6183646071182671,0.9717581934410039,0.4296852918316858,0.7899690755304433,0.4135591934467541,0.9962544803635973,0.4553560195806181,1.0149089700827867,0.5277994524011932,0.8215390543758334,0.2441512597479673,0.6959860870442889,0.6070951981467733,0.49645872752180165,0.5643878826493862,0.9772734524814835,0.8078349636217507,0.5004588328510875,0.9520058280677445,0.4247196406640737,0.37827229853843597,0.8259661340001474,0.4747041450171498,1.005747776747579,0.9682028349048794,0.9289722079575928,0.9502303528836095,0.8238181054258317,0.45304307237807,0.8105570893256525,0.6165941403011087,0.5658507482885882,0.5520234369566261,0.3361596670121338,0.3914530470125694,0.615915697948253,0.47439782651017387,0.7186388778203262,0.5777784231291729,0.5640021558700287,0.3016512108367837,0.46790415601961793,0.7436690236949853,0.3060762314468044,0.8611446773127418,0.4502348037312427,0.8944698686049115,0.3291305481326474,0.984147314262567,0.4086578420031943,1.0018141869016122,0.5863925269859661,0.8012496999770518,0.20193753131564265,0.6122364752430669,0.5583169543624089,0.6014056271157301,0.8640757207817782,0.7112546407896002,0.7454053762987363,1.0054380665095912,0.828073872206896,0.4203047173705365,0.9471520095741067,0.20398736333779288,0.3813722832495384,0.6840882336325125,0.46575289721379637,0.9787253597916539,0.8191355457629375,0.8587559654770747,0.746492285308096,0.8464161568546613
0.4353788868112925,0.0,0.870973575290856,0.29769470796044417,0.6849787460444263,0.8354667132109416,0.6168652633008105,0.48295603540546295,0.7793648329470895,0.5782148874179085,0.7041707790707279,0.4554401892064368,0.62884164392422,0.4540043554582509,0.3766861465055016,0.5394870322449843,0.7796790723072842,0.6293073473152276,0.6683508332883858,0.42173235934020353,0.660478031322522,0.5889995377505145,0.5354875350920055,0.40061236084710095,0.4340722185660975,0.7382146573717062,0.5504527993303672,0.9063680917087827,0.6117905898518986,0.6475757457804204,0.5075645313367672,0.6093707222393481,0.6481258909098838,0.5344239051902279,0.3574404259344321,0.7887430926995213,0.7878547495264875,0.3552354831238912,0.578993890545668,0.6575881892414798,0.36281962525623684,0.5877916470164757,0.6879047339460407,0.362247100691904,0.2852933426220574,0.39032965075615633,0.6196657367610939,0.8044448014784515,0.3316752499921327,0.7282086545289095,0.6701235509506746,0.6164051049050303,0.4932301204313202,0.8405046878096103,0.5289787797801998,0.3466952555819418,0.36994246444423184,0.7398208929184257,0.3978145244729182,0.4368350755398694,0.5161023781580532,0.6653459913597852,0.7492921158891855,0.7857293298414486,0.3769285695652788,0.6481804866844867,0.5473574241173516,0.46179234928879714,0.507364713861168,0.48962768858878924,0.5970270947936929,0.5177813540018059,0.7770503670736423,0.4961107995929181,0.5987927719224,0.5506529046464149
0.9824281557588477,0.870973575290856,0.0,0.24105820292575394,0.974417062470776,0.6346268418019818,0.9239447649967536,0.6028002438555561,0.929997108706379,0.6012574272914226,0.787261069748701,0.7962102974388285,0.9929509445998792,0.44049327071522604,0.4040511936805209,0.6714742438591209,1.0056816800708819,0.6954334722299026,0.7302696957044944,0.502561703217149,0.8861817331949349,0.8613241842934531,0.5687904306430545,0.6827907575052956,0.8669026605182288,0.8859577600084945,0.5375962554990793,0.9051014615932913,0.740313986941803,1.0211608815773694,0.9635905524549688,0.664380876490062,0.9114178637951617,0.7644092666978628,0.38328242372735466,0.7544892828910899,0.5368230631180065,0.5308723879109958,0.6453672597398828,0.863815595041171,1.0069956226751535,0.8396637405282843,0.790015807189235,0.13627307559536117,0.49333552255049035,0.8898573355385617,0.6652774394062746,0.9147199086197872,0.41691118830089413,0.738071816149333,0.3406221475215049,0.9497713240722354,0.5873535611728304,0.9251288603676874,0.7840262543119602,0.5237889880130424,0.4365234521971534,0.71494751318895,0.4988777992600858,0.4042079793742128,1.0178551381931,0.9216541337922436,0.9759596250664262,0.7375614207744259,0.3910450777715486,0.8574915513775482,0.8430576947667678,0.4775036942751657,0.7451790361977333,0.8264669964998703,0.8344334514945894,0.5081074593791284,0.8397014253731325,0.5054503288010869,0.677229511071736,0.9686511280422628
0.6183646071182671,0.29769470796044417,0.24105820292575394,0.0,0.2645931642885724,0.26355985661323644,0.32069536386710995,0.34815774209138795,0.34022515201951375,0.3653331963083215,0.453582885288927,0.3364170703504058,0.27732012637736214,0.3562150726104171,0.8189913742524615,0.3693843563596286,0.15892638433372203,0.3554920846793695,0.26928147247179807,0.3551804078624249,0.45444574454308806,0.35218716090678565,0.19322181110324418,0.2381215627766963,0.511278980888223,0.2285242491965923,0.6005640938595698,0.13734789630312744,0.48344779100772334,0.24284187685277409,0.32427350523193593,0.5650488116184594,0.40245795567891396,0.2689593732280423,0.5085496032201451,0.23799697491810645,0.410265054301851,0.5189608106839358,0.6849561631976964,0.2177023885333193,0.4016817761322996,0.4900478469168179,0.1973432939329856,0.6038851044242223,0.46266854374355254,0.5301398954639956,0.4705456398274054,0.10054687255675893,0.6775428010289248,0.4466156745720913,0.45315583996473063,0.41456611507861246,0.34045233939889313,0.38625864776404706,0.25918836875992746,0.4798715570859648,0.34204912841384644,0.19895689729307367,0.45788151635108576,0.6730313416269194,0.5536272686306317,0.23292325924672788,0.43486346391701225,0.31763103468405124,0.6667323351900831,0.5170427283059484,0.5703360534643322,0.38742986405939567,0.24124959043336608,0.5244553290898282,0.4325307696620343,0.58808840541794,0.23316291091381863,0.704517867554943,0.39667719377601723,0.4707066693550566
0.9717581934410039,0.6849787460444263,0.974417062470776,0.2645931642885724,0.0,0.5683928807569059,0.751489457163085,0.5912192609507441,0.8449077043825788,0.36113960841187714,0.9006167182868134,0.7419273707578353,0.8492326642446946,0.49296987554289723,0.5732926763262881,0.46110381888570984,0.7326094021686638,0.5666315249947761,0.7995388677866995,0.5940300226982598,0.8267873891783526,0.8450457390618513,0.6829798075381137,0.7891478403122758,0.7351011279179478,0.9399977293993299,0.4698642651323438,0.7055974849000696,0.6350558158392547,0.9056220928154368,0.877592043174946,0.658121878501207,0.8430597676720766,0.7819092400817564,0.49279149372862485,0.8170624299783662,0.3117832707185799,0.3436574133903537,0.6022776858047305,0.6583878452689031,0.8913249854381964,0.49679015017718353,0.6394727519977561,0.21729452358355705,0.30449828166847426,0.7696543854484028,0.4772264003190159,0.9201324891346607,0.475670912429401,0.7250693867049524,0.5408782978898221,0.8796723926574852,0.6337081397816954,0.9461731843195841,0.6981238631877029,0.6007622400932472,0.43137941527478074,0.7439707859629433,0.5930750106265473,0.5216735365413918,0.8179456255166444,0.7137299381048301,0.7532279598321342,0.7863587976671265,0.49704643125450937,0.6819588777126699,0.8696946230264315,0.4841059335103972,0.842154378476522,0.7474287093743365,0.7336966126798687,0.5688021289562311,0.7864793131583134,0.45310694006514685,0.6610882507293095,0.7661470827543547
0.4296852918316858,0.8354667132109416,0.6346268418019818,0.26355985661323644,0.5683928807569059,0.0,0.43282906747950295,0.8819763351346178,0.5062239116603668,0.6149568363897832,0.6387428588616725,0.7376143758673671,0.4689658867666864,0.47999666156343357,0.4147349736426305,0.41853749796824524,0.9117613580402126,0.487251207686207,0.5832994801690939,0.2595843781789562,0.908264771924481,0.44446535844068136,0.8655490288061171,0.7857188317195805,0.38886869469068297,0.8853916619814172,0.1960401134207248,0.5114708574963801,0.27170145258802864,0.3691111110824832,0.2735200971707293,0.6647003876117721,0.732206808662425,0.4740824955148557,0.3933135758500129,0.6935688159831193,0.5458213886138769,0.28306773990593515,0.6391290045672484,0.735590831050077,0.31259096626775906,0.6771177889126064,0.6754622323680934,0.44691096608761016,0.3403765589744542,0.32001983319851285,0.6790960122621753,0.7492152150400285,0.353356649780914,0.6151593805952126,0.8416203070622479,0.3970049060762216,0.8430866490543529,0.5942395464145769,0.5579556008936644,0.43822892634799776,0.559836523144051,0.854832471682816,0.636362121145078,0.40006836445206445,0.3728302988645594,0.6443594275902171,0.6570964555378472,0.5698005061554889,0.2232938687406537,0.8634436086364509,0.3290217751750687,0.8707772737768082,0.5856204323123377,0.3233998694626091,0.7592999969113455,0.23435155281302034,0.6279712877786676,0.14332182580857838,0.5456830905865364,0.29748009092982214
0.7899690755304433,0.6168652633008105,0.9239447649967536,0.32069536386710995,0.751489457163085,0.43282906747950295,0.0,0.4352732414505119,0.6987630012152257,0.27991934610409286,0.8269327875504072,0.6833185219717784,0.8849955853444873,0.4197441625492869,0.766470845050503,0.43048019887950517,0.4672978138207363,0.5230527499385,0.8468687431250246,0.6046784054556786,0.559339701543943,0.991566423583328,0.40732238077934296,0.4309685112971099,0.6904363839214771,0.6162388355930811,0.580718540902319,0.794214350428248,0.7610701964701729,0.8054627200512239,0.8113988420446799,0.6073331169993111,0.8241993007649617,0.6498154724498652,0.6218710040949413,0.5705804423376556,0.29777983087356963,0.4550416363481298,0.5854692085336207,0.5998744374066434,0.8607948401324291,0.5965886984012035,0.5619346630338795,0.3320363046527926,0.46608240632587244,0.641760252382608,0.4912449083021569,0.8067334776938415,0.5222638211578399,0.5850477881136376,0.29552553611887256,0.6934107370651388,0.3452374737986385,0.7154150510278141,0.615164979467228,0.5144606469241375,0.3207850120988364,0.5259992414183059,0.4180604787802155,0.6906952053460285,0.8194398382451245,0.7072894636263782,0.787571801329467,0.92709572703328,0.5501660074448189,0.4705845823488985,0.9253010820891912,0.3085003585528173,0.576976912145197,0.8267663149654955,0.5880074746124352,0.6901011044484335,0.8679441063531355,0.6298169135032688,0.7042029409400762,0.7920664177783641
0.4135591934467541,0.48295603540546295,0.6028002438555561,0.34815774209138795,0.5912192609507441,0.8819763351346178,0.4352732414505119,0.0,0.5753535586378048,0.5835482674423402,0.6602231397438971,0.6939447564936545,0.43712389870968643,0.6790857898391736,0.39538092626600463,0.34228197777175207,0.8066326187777986,0.42694067516412726,0.5143317687405028,0.3904535697505604,0.7019543938443401,0.31785809070990484,0.9387178130491902,0.923055281644573,0.22184943686433933,0.7111902976237708,0.23435466239441305,0.473557825504646,0.2399469782556987,0.446271204143627,0.391403128690926,0.5535927525091434,0.48435788135519764,0.4177529083132412,0.3767161461241969,0.5798927788716582,0.7055851696121664,0.511693758194277,0.6366886016457476,0.6386546981453001,0.3289345023356975,0.5694812269009092,0.5063054067704172,0.4613004704853968,0.663167586069544,0.4166799019142088,0.6116905229554153,0.7403461312140039,0.5271143132023061,0.5065594912852877,0.8185454530594243,0.42030619815268105,0.8252275619286847,0.6446236302558648,0.41773719403987664,0.5466535251995313,0.7626433240754641,0.7832570840456399,0.6088015631727188,0.3974753178525489,0.3390624102133059,0.6290796654942161,0.41622583174431865,0.552454022687116,0.3583976292509343,0.8202155252608301,0.3003900849837093,0.9625039173510002,0.9396168952188287,0.3302938284893797,0.713031747449611,0.22088624920710984,0.5683888174374967,0.1809725594815313,0.5571154278874798,0.37424650865042375
0.9962544803635973,0.7793648329470895,0.929997108706379,0.34022515201951375,0.8449077043825788,0.5062239116603668,0.6987630012152257,0.5753535586378048,0.0,0.5438764900139139,0.8217905446692677,0.7334843840227738,0.9447349346322139,0.4605317559867008,0.6636264899479734,0.6214536096869194,0.8238009613655899,0.5261214426384306,0.7926431651058701,0.6308138169683477,0.9287505304800177,1.01091572522441,0.5721759569863694,0.4841983532492402,0.8639472948667601,0.8006472515508327,0.6216993856336919,0.768605588535002,0.7588876696753557,0.8022755350756694,0.8576332060014539,0.7129077733732321,0.9177537108741237,0.820937251824502,0.4185376313667104,0.77370697896534,0.4294068129261451,0.32458331462656553,0.7974743123023091,0.68507608185651,0.9789514924248545,0.6150289953174882,0.7520241220695845,0.15959288564259572,0.3768630955654136,0.8655958570258778,0.547951416702408,0.7399628589557512,0.3987972329934084,0.8749386337794987,0.38513871282212,0.9929829345013474,0.665078669731183,0.9198572294380019,0.7818982477594753,0.6193426099508101,0.35834912072760206,0.6416512449008317,0.5877083656014823,0.4869967310492573,0.9609055239848885,0.7434148399436171,0.8741871835510979,0.8423172667923273,0.5523523841277374,0.8219727038145721,0.8876235629660809,0.4800635474707347,0.6788807174733436,0.7548903254364667,0.7300116130976773,0.6694240719839317,0.8374369393423156,0.6093816347611386,0.6375717370481165,0.9880072253779304
0.4553560195806181,0.5782148874179085,0.6012574272914226,0.3653331963083215,0.36113960841187714,0.6149568363897832,0.27991934610409286,0.5835482674423402,0.5438764900139139,0.0,0.5057640238727962,0.674746442454272,0.5911473812994682,0.48514335450970336,0.45822848248688913,0.37888214717260515,0.5525417780116115,0.24355610796892407,0.5110901124036151,0.6193371618037935,0.5417401371895306,0.6606299374219381,0.4596967616559011,0.1685061789249866,0.40645490673516127,0.7554037062964027,0.5490519390682534,0.5905043155343076,0.3960593780884945,0.49782494955778595,0.4281119092040786,0.5521235173260298,0.34268492157425245,0.6625805049793031,0.39078534831666506,0.7367016791074451,0.7301993912329189,0.7916635966430735,0.5382797765670158,0.6755895596791361,0.6295851456466308,0.5870280619118742,0.7624122427031461,0.6608394039361113,0.6149201206518288,0.4245615288357757,0.38426256761704974,0.582308646841502,0.29371161416958225,0.5502992456987046,0.3725215907229732,0.5435397738658992,0.5042361611703765,0.6055947636242376,0.6421357241003709,0.29116832344223037,0.6970617320515153,0.4816179954904519,0.60688642796281,0.30663133102119056,0.3273967219891375,0.5067264130165031,0.39107167371685503,0.6021021949560709,0.40408219026870007,0.45393161781804986,0.37274341415003076,0.5181090706744014,0.38687910650579727,0.06020767980177377,0.4991031798817623,0.2796026467275704,0.6206757955569091,0.33491715327125826,0.6758934418369146,0.5054545468846786
1.0149089700827867,0.7041707790707279,0.787261069748701,0.453582885288927,0.9006167182868134,0.6387428588616725,0.8269327875504072,0.6602231397438971,0.8217905446692677,0.5057640238727962,0.0,0.676921553557063,0.824753061859937,0.5265450067858435,0.6437484233284045,0.6177456514919437,0.8207822356754344,0.7885138547386026,0.7991363176159689,0.5034076429897658,0.8095240783664589,0.8025898760149104,0.6770483698688068,0.7885985285571211,0.9640160375248376,0.7511278744839358,0.5109201495284001,0.8396328084648559,0.7374225151977161,0.9825329032509191,0.8604140233984163,0.7524827433812071,0.9494793239877748,0.8768996389403116,0.504657725559432,0.5347017899899515,0.3101243923411915,0.4155887791382332,0.8445371650435974,0.6780245191032193,0.8418414557582623,0.4877800466256375,0.4496919266944391,0.06494501420655202,0.58363976616078,0.8741817290262079,0.5753329347809548,0.7660315287139798,0.7063963377213648,0.5677062554048422,0.4305062330010321,0.8632608257855641,0.610365684404769,0.8825906065760174,0.5980481789664157,0.5290180311504222,0.42475522288568174,0.6654326672617312,0.3618473524360868,0.5749436900953807,0.9314192523453183,0.7064571761759695,0.8670939586216688,0.7316975941014069,0.5487469267867732,0.6906820798834481,0.8459307195826815,0.5180860154122054,0.9513583506454895,0.9627633011156898,0.7440633465891706,0.5804020481108675,0.769800019741511,0.5256822928785191,0.6641067067395896,0.9038860508081871
0.5277994524011932,0.4554401892064368,0.7962102974388285,0.3364170703504058,0.7419273707578353,0.7376143758673671,0.6833185219717784,0.6939447564936545,0.7334843840227738,0.674746442454272,0.676921553557063,0.0,0.9153025496494807,0.46767929123932,0.40007171163625843,0.27461061643885787,0.7781633311156795,0.26935385923573224,0.6100918002988359,0.4536612956943835,0.7648685271877221,0.6549482690257346,0.6635352816229987,0.5560174808103329,0.4069767598699092,0.7462541243991565,0.4149716747514064,0.5847623335662219,0.4033390218647918,0.6285844760908361,0.6245360203627166,0.4773663722259532,0.6544105592093145,0.6357855551445512,0.2588500370121546,0.7549046572713328,0.7175684378438429,0.5961331846465365,0.5092872329284001,0.6489536575678532,0.6286946120666929,0.5488464015904005,0.8290549604173484,0.46430168031871816,0.6448499866957054,0.4123483107054774,0.40780495322371346,0.770965715668834,0.4451103756398924,0.8252048059962516,0.5579098603905331,0.7321488979111032,0.6944004514653332,0.8432509044716532,0.6204371401238544,0.5145447351593042,0.49873130172309366,0.6760262716538312,0.7278981975535614,0.09410660105219143,0.5028770435626886,0.7322881883555471,0.540182583288289,0.6494505927767655,0.2988711721700782,0.6471933808434602,0.43592368532071857,0.690459435447185,0.6402965493486633,0.3488250915527363,0.5641115530886476,0.32799915638843785,0.7262935426813699,0.2934725923770044,0.5515348542423316,0.6826263456789783
0.8215390543758334,0.62884164392422,0.9929509445998792,0.27732012637736214,0.8492326642446946,0.4689658867666864,0.8849955853444873,0.43712389870968643,0.9447349346322139,0.5911473812994682,0.824753061859937,0.9153025496494807,0.0,0.3767219978311128,0.6346359848854245,0.23503617211740147,0.6882055065694792,0.23096140462534842,0.8521821576131865,0.7740140253500308,0.9575960289520646,0.9522845486704115,0.5718087734578932,0.5183449650172431,0.7155921579460508,0.8300612555181603,0.6524594703399716,0.8026129994225393,0.6455201522603314,0.9678802929239272,0.6996812790036968,0.5780817606817124,0.9365314264612379,0.7438178131806876,0.4233738792265901,0.8827469089065214,0.5010848102103509,0.5276063398020234,0.6033963331836248,0.7136330166080116,0.8983400615895063,0.6548083341204858,0.906919162637019,0.3720767438766812,0.47674112031637605,0.5659510847897026,0.42030484926144407,0.968961796712339,0.40006048553717577,0.8819949468830198,0.5255693468234701,0.9162689297508946,0.6566808491925162,0.9108150267790612,0.7970279212845062,0.5634872245785655,0.4122778242654753,0.7079985350277423,0.5528892873512694,0.40625884609158536,0.7256895263364415,0.7831410205108921,0.68460335354305,0.9420965852554319,0.5257311518576249,0.8779247096991527,0.773972185009107,0.4886269414116878,0.5855537890656637,0.5188073520636304,0.6641840024212453,0.5705816861956466,0.9133026851420172,0.5559296556031079,0.8223576273671941,0.8218571306239782
0.2441512597479673,0.4540043554582509,0.44049327071522604,0.3562150726104171,0.49296987554289723,0.47999666156343357,0.4197441625492869,0.6790857898391736,0.4605317559867008,0.48514335450970336,0.5265450067858435,0.46767929123932,0.3767219978311128,0.0,0.3190744074099897,0.3882475620601248,0.43239854682852724,0.3869171414396879,0.44334686193290207,0.4335332965193135,0.49093732101340687,0.2589580566113532,0.6873242363694588,0.7690760519950289,0.18403257762950664,0.49577265044921315,0.24493875615925004,0.36149289511823224,0.21974405246368717,0.30457332616687327,0.17201948150826984,0.6605216736117341,0.28512979007685996,0.26393218478528513,0.5117770734643777,0.7010187789706444,0.5896430181162106,0.5108267354523122,0.5432171743591226,0.37841363523222693,0.2987565913842102,0.38997374169589094,0.46204064493312713,0.529149592190605,0.4172670487873848,0.3381934832985908,0.5140215042515031,0.37445034655000564,0.42499716727793424,0.6840820701851565,0.6901388131283024,0.48890877694844276,0.7272661604231456,0.649873381539565,0.3857770977951027,0.5867778389384086,0.7566863657213565,0.6574454778352575,0.5695706898008874,0.4509618226448957,0.2431847815973281,0.29140659845989403,0.28285825988241226,0.39625447596512964,0.4164842877988238,0.5086225065390628,0.3614368144798098,0.6909548188964183,0.7992856746535358,0.24427010262944526,0.5997123562078955,0.35328151502010197,0.4771949520512583,0.25886378200063737,0.5384928866957019,0.17663461381891377
0.6959860870442889,0.3766861465055016,0.4040511936805209,0.8189913742524615,0.5732926763262881,0.4147349736426305,0.766470845050503,0.39538092626600463,0.6636264899479734,0.45822848248688913,0.6437484233284045,0.40007171163625843,0.6346359848854245,0.3190744074099897,0.0,0.21821384119957615,0.3503680113194585,0.3316139420109228,0.5437089278791835,0.5923705880786424,0.4354216935433465,0.6176536827656683,0.4172839298433114,0.29125967952678955,0.6637886692894659,0.4007925387692251,0.7312128018397759,0.5740448651495881,0.5345832464201375,0.7063895188600716,0.6474486761199776,0.5442553774274935,0.5664747675038521,0.6315507452173381,0.4862655555206099,0.34710225679485984,0.4293861267646689,0.4309503977665614,0.6840803485852227,0.2811327287664229,0.616371550397038,0.5988415355800698,0.3491061908600489,0.6660046635521334,0.5455676910849648,0.5406134343060307,0.3314755522563431,0.4058449152626762,0.6327526969102666,0.506668927246887,0.4196689601124497,0.6412052111377519,0.31292808360716085,0.6585522401193513,0.36236274711938815,0.6409512187003277,0.20089832498060306,0.41216390582516715,0.3557733022568017,0.799626913490631,0.624105861376894,0.44365815125357333,0.42389032561240575,0.49252144778012413,0.768095749334066,0.45788443577251325,0.6254086806468628,0.4203310872398204,0.3234254792239407,0.4557935896316642,0.3030168430295919,0.6927073193349584,0.45740545518858744,0.6735223075794484,0.4854917882623411,0.6100351063813256
0.6070951981467733,0.5394870322449843,0.6714742438591209,0.3693843563596286,0.46110381888570984,0.41853749796824524,0.43048019887950517,0.34228197777175207,0.6214536096869194,0.37888214717260515,0.6177456514919437,0.27461061643885787,0.23503617211740147,0.3882475620601248,0.21821384119957615,0.0,0.3622687250884987,0.8407636905115663,0.6261146572600853,0.2272758087947458,0.3172038687850455,0.5756108585467521,0.35144795001684515,0.44478012072779843,0.6272575364651479,0.4701463439753377,0.8335737406304451,0.6111602197720217,0.6504615053647106,0.46436105108661424,0.5197552093516964,0.6196520206783998,0.6341889095159439,0.5762339673063329,0.586150349376053,0.31698613109171186,0.2728634368816882,0.30542650235711544,0.5406469011496773,0.5706435655837653,0.49267152564341965,0.5612836777706612,0.26225795457027773,0.16992258030730373,0.34664708208023454,0.7193741911834302,0.6644829434184228,0.6560178831865727,0.30648350214269154,0.26811895133278896,0.2980537069750604,0.5505536302302815,0.2709713083953091,0.6087338805829944,0.4058608938219166,0.44667729485162094,0.27555921319682153,0.28457248778320643,0.29264209990652346,0.42778573890420357,0.7764524881586345,0.3477472269288022,0.7200475307203464,0.6504505784438854,0.6332689610672696,0.4445057028695365,0.5001052813881642,0.29976228756538714,0.40600899503066407,0.6250133505853273,0.5875405125635655,0.7801965901934804,0.3174131282510203,0.7637740712718789,0.4902661805568038,0.49982088339192804
0.49645872752180165,0.7796790723072842,1.0056816800708819,0.15892638433372203,0.7326094021686638,0.9117613580402126,0.4672978138207363,0.8066326187777986,0.8238009613655899,0.5525417780116115,0.8207822356754344,0.7781633311156795,0.6882055065694792,0.43239854682852724,0.3503680113194585,0.3622687250884987,0.0,0.3298191193287237,0.8073017085132237,0.5064766420258139,0.9445845752362989,0.60460639420583,0.9166050793001126,0.6360281422307644,0.5876089285051184,0.922701596400529,0.6079525503039473,0.7348099035969375,0.4999416783728666,0.6384509759444926,0.4855853133866893,0.49245697664241594,0.6237161010804577,0.5043228906934968,0.27448189553434843,0.9269891580280387,0.6423347678155197,0.37209422741978987,0.4540488746742757,0.5913773546127327,0.4467927701243436,0.5441899785443148,0.8062154970032589,0.28645795501972815,0.37662378424411913,0.3518806222387662,0.43281043051584733,1.0275717330794065,0.254350431368662,0.8167407660304148,0.5680142516100694,0.7305487706372344,0.8823923965158385,0.8938919022031553,0.5077422044908612,0.5971741796962995,0.4401190856582943,0.7110357126707372,0.5365450551551094,0.26013260210082534,0.35380022662266913,0.7291729130146699,0.5419583376315116,0.9884277770624528,0.2508003852106707,0.7240679848440947,0.405521784582739,0.8870248645059187,0.6179622752280713,0.36418209175066085,0.5223542112732176,0.401980415377315,0.7204854917911854,0.19525582061567087,0.4308632841731564,0.48431746191452263
0.5643878826493862,0.6293073473152276,0.6954334722299026,0.3554920846793695,0.5666315249947761,0.487251207686207,0.5230527499385,0.42694067516412726,0.5261214426384306,0.24355610796892407,0.7885138547386026,0.26935385923573224,0.23096140462534842,0.3869171414396879,0.3316139420109228,0.8407636905115663,0.3298191193287237,0.0,0.7515388303446214,0.13393633003804029,0.45999839504019624,0.6328079480926111,0.5251520924192423,0.5853922028608562,0.6227727680010327,0.5625826955746351,0.7816539504164673,0.6085388622869897,0.550763635485373,0.46504597726904284,0.604634063721048,0.6052905120510429,0.6810370112896007,0.5092637374570352,0.6467002291032613,0.2630248522185812,0.26118526960425364,0.19431946325402216,0.5652169832020562,0.7278395323697698,0.5312207225449701,0.5016817842031492,0.20930734692167066,0.10552374222365157,0.47596988694753084,0.648523177790005,0.6925530086196542,0.7536657730235974,0.43364512066266864,0.3176832595514263,0.381770682216406,0.531690116149014,0.3328895216209685,0.5678054061059389,0.12019940554624725,0.5033638768263505,0.20958150408693632,0.4104267350183478,0.1492044395516437,0.5799362095185956,0.7199047674480378,0.35436010492980086,0.7752928445928837,0.7247299417312467,0.43585733057602666,0.4466354174470348,0.59542624328703,0.3855652423101984,0.41811367078287676,0.6849182047922782,0.6097777181668134,0.6909803767886998,0.21057511532261686,0.5790285302863086,0.3889423810131333,0.48389377116211657
0.9772734524814835,0.6683508332883858,0.7302696957044944,0.26928147247179807,0.7995388677866995,0.5832994801690939,0.8468687431250246,0.5143317687405028,0.7926431651058701,0.5110901124036151,0.7991363176159689,0.6100918002988359,0.8521821576131865,0.44334686193290207,0.5437089278791835,0.6261146572600853,0.8073017085132237,0.7515388303446214,0.0,0.5867729807475125,0.8633943343743082,0.8830812888782773,0.479734233189575,0.7618631589922176,0.9402325419391484,0.8605224343789187,0.6717313873803094,0.9378534417342284,0.8564127346123287,0.9784258605057341,0.8748781380144103,0.7055626709401155,0.9662936909164553,0.8667843724860715,0.5871265693436705,0.5008583369034887,0.35985787976508854,0.4316268120028963,0.7305282270149842,0.8304189493158949,0.9060938021439466,0.6346541706962029,0.41336164490565375,0.22696335154678182,0.5179985086111356,0.905541470191404,0.6171620173297115,0.7224129257538464,0.5412817065721096,0.4978881229345405,0.3618059078874956,0.9279861020954862,0.4506483758906866,0.8428640101734199,0.6982649670791864,0.4958318813763452,0.5016958312105136,0.668483340541619,0.37938300033954897,0.6115138713502457,0.8991345757229399,0.5593338736075054,0.7469990349688462,0.7973509577584642,0.6684346909102946,0.7068462472022075,0.8720837337431898,0.3428397037787999,0.7880645034564598,0.8385531622714271,0.8135935243718191,0.7066496703181546,0.7922060125985332,0.7242522467909694,0.680720281489569,0.7246747345106761
0.8078349636217507,0.42173235934020353,0.502561703217149,0.3551804078624249,0.5940300226982598,0.2595843781789562,0.6046784054556786,0.3904535697505604,0.6308138169683477,0.6193371618037935,0.5034076429897658,0.4536612956943835,0.7740140253500308,0.4335332965193135,0.5923705880786424,0.2272758087947458,0.5064766420258139,0.13393633003804029,0.5867729807475125,0.0,0.655250634056776,0.5452573796131794,0.4068023587781553,0.221270549068218,0.6688199509408506,0.5760326540957542,0.5675039643720687,0.6569446188939952,0.6464843131867749,0.8564694274848464,0.9143086829065313,0.6226379017961094,0.7452948611574148,0.6788770566428182,0.5654369308919912,0.8076659929156945,0.6238941115486291,0.34826684210163694,0.6206106888862937,0.45122005066380355,0.8222218416987921,0.7889308513847214,0.7441657444037482,0.6458001492268755,0.23428523231780468,0.7096405550748149,0.3194162216842107,0.5212862561281519,0.24418088836880858,0.6460120589080529,0.37146361277171835,0.7769205638939498,0.41189488384899275,0.6085290583014108,0.6961234863014123,0.5804718350629028,0.21370810498949674,0.5466391438155703,0.6371210257502006,0.4195746952593455,0.6657604860067214,0.628596751028231,0.5208023762760601,0.6084321082701044,0.6119284446473287,0.65574600629006,0.4256234509245961,0.3403796530392417,0.49732771857195185,0.6263437100502767,0.4629838773342219,0.5297444505051999,0.7246183812455577,0.4514825441013261,0.8234665541668535,0.931680428337705
0.5004588328510875,0.660478031322522,0.8861817331949349,0.45444574454308806,0.8267873891783526,0.908264771924481,0.559339701543943,0.7019543938443401,0.9287505304800177,0.5417401371895306,0.8095240783664589,0.7648685271877221,0.9575960289520646,0.49093732101340687,0.4354216935433465,0.3172038687850455,0.9445845752362989,0.45999839504019624,0.8633943343743082,0.655250634056776,0.0,0.6312195292487899,0.7784563366190742,0.6544306224019988,0.5845209657565765,0.8688765926774911,0.6528259165719527,0.843144040353512,0.4548202500751124,0.7660498980663604,0.5749368419546815,0.5304556726787225,0.8187636227158119,0.6407783874795949,0.3193520858324823,0.7221241157592211,0.5158542205900984,0.4077170173580266,0.5529751590052517,0.6024723433051933,0.648240080372445,0.6109519533474363,0.6502025251643474,0.4079206911221209,0.44031975737293194,0.44449963163236667,0.3823893413564434,0.9297916450780175,0.22422721485063887,0.8096018394624467,0.7431282160431874,0.7496086292653213,0.720634757851051,0.9813331380547402,0.6787101759209829,0.7150430218409753,0.4283880386253685,0.9061646695945493,0.5860257124202498,0.4492172648976074,0.4610568371414711,0.9689071401796601,0.6737394721532871,0.9845049679394615,0.5511529964584692,0.7154697731513173,0.555001135323467,0.6767448830688316,0.6566484288984709,0.41422069462076183,0.6548414912193153,0.5731894640702866,0.8910051208657479,0.2852869724071721,0.6216021613479411,0.49682243867171694
0.9520058280677445,0.5889995377505145,0.8613241842934531,0.35218716090678565,0.8450457390618513,0.44446535844068136,0.991566423583328,0.31785809070990484,1.01091572522441,0.6606299374219381,0.8025898760149104,0.6549482690257346,0.9522845486704115,0.2589580566113532,0.6176536827656683,0.5756108585467521,0.60460639420583,0.6328079480926111,0.8830812888782773,0.5452573796131794,0.6312195292487899,0.0,0.4250202941695343,0.35881330966458325,0.9371013889379858,0.7067990579893194,0.882881474614029,0.8917461905620039,0.9510763576536249,0.9591310166409832,0.9557318997137088,0.6173061613981264,0.9883093019183111,0.9336781544866335,0.5241965888827053,0.6553153478272192,0.5353489861653616,0.578464147320256,0.6541760386110524,0.6628507320068843,0.9833541449291359,0.7618885882056816,0.695517975624838,0.3964537167222101,0.5479197465240195,0.7658135668537523,0.4434818472567043,0.7665032034312897,0.42444588749248807,0.7141701868978649,0.24469412260776285,0.9590216646260404,0.3446718686679633,0.9339962299458016,0.8478633472685742,0.5255136856403635,0.27901787055944327,0.5673805625533723,0.39749484776323174,0.4344722321001542,0.9085864071700448,0.7324309216387812,0.8648169345641987,0.9312039700996043,0.6637574790188433,0.6274584485408597,0.8511598906701662,0.2734761749761713,0.5023058112364673,0.8274446712261452,0.6458042465619669,0.8360082322543115,0.8997357327408622,0.796234536426633,0.8202993522438549,0.9721101694081198
0.4247196406640737,0.5354875350920055,0.5687904306430545,0.19322181110324418,0.6829798075381137,0.8655490288061171,0.40732238077934296,0.9387178130491902,0.5721759569863694,0.4596967616559011,0.6770483698688068,0.6635352816229987,0.5718087734578932,0.6873242363694588,0.4172839298433114,0.35144795001684515,0.9166050793001126,0.5251520924192423,0.479734233189575,0.4068023587781553,0.7784563366190742,0.4250202941695343,0.0,0.8361992921184438,0.21236950308217079,0.6790544910369041,0.24439238158181237,0.5076007591711409,0.21638256157051095,0.604387149730137,0.37044051156059776,0.5398138699026697,0.6024300914032742,0.4595871817400901,0.21838584780982628,0.6987803170149354,0.7350792557754351,0.3351930109728978,0.5533121766759657,0.6243052378906175,0.36349758094931184,0.41114975177716523,0.5686958523429043,0.4180896786442796,0.48790194410337345,0.40788329980352883,0.5473348836668346,0.6776125665954761,0.3075803036457502,0.5898121866869672,0.7287239379362271,0.38131687136039843,0.9511528919915928,0.661028989551995,0.3821411710392235,0.4874905825787433,0.6013425292848378,0.7615797875119295,0.6547307567917084,0.35934488357288896,0.33376312625150123,0.6796935636637796,0.47053864489560615,0.5276148255235319,0.32958184171762656,0.8203315038168802,0.3490372920053735,0.9566981829498797,0.8150336330138329,0.29951707847594855,0.6740469228732916,0.26363299167167764,0.49739186310735817,0.1735718466254605,0.4512298932757277,0.32300129456484716
0.37827229853843597,0.40061236084710095,0.6827907575052956,0.2381215627766963,0.7891478403122758,0.7857188317195805,0.4309685112971099,0.923055281644573,0.4841983532492402,0.1685061789249866,0.7885985285571211,0.5560174808103329,0.5183449650172431,0.7690760519950289,0.29125967952678955,0.44478012072779843,0.6360281422307644,0.5853922028608562,0.7618631589922176,0.221270549068218,0.6544306224019988,0.35881330966458325,0.8361992921184438,0.0,0.3237853373448074,0.4914823607823683,0.31964129787699064,0.5053884842893324,0.3769012178099397,0.513392863649299,0.4274535144134582,0.5736886736441391,0.5086226878329566,0.4355311222328857,0.5640946175219256,0.44595045715639464,0.37889634563785846,0.2331719855232438,0.632380789745523,0.712340960907752,0.4236725158531343,0.44778343419779465,0.34792615221405904,0.3176721758050478,0.39652677308016043,0.4231138235080855,0.5800431675347607,0.7698227584373565,0.6103788844688623,0.5229116919897674,0.6844618964821017,0.5195964286794721,0.809041233562816,0.6805995895290942,0.2732220424525696,0.7727574853792798,0.5622654120072217,0.730723903845841,0.5706454694853427,0.49504384868411044,0.46576664869021395,0.37603084062820313,0.42047316356949305,0.7199482342452198,0.36450062320914384,0.5891529925118526,0.4365265541013841,0.8128129395105803,0.586300554566181,0.5238410151348982,0.5639979160983994,0.4196278217916503,0.621696019627382,0.31982226168401556,0.39466611140237606,0.2718177264336574
0.8259661340001474,0.4340722185660975,0.8669026605182288,0.511278980888223,0.7351011279179478,0.38886869469068297,0.6904363839214771,0.22184943686433933,0.8639472948667601,0.40645490673516127,0.9640160375248376,0.4069767598699092,0.7155921579460508,0.18403257762950664,0.6637886692894659,0.6272575364651479,0.5876089285051184,0.6227727680010327,0.9402325419391484,0.6688199509408506,0.5845209657565765,0.9371013889379858,0.21236950308217079,0.3237853373448074,0.0,0.6552855616678084,1.016829731565016,0.878251499854632,0.9080090962439398,0.8995903282022174,0.7431860644932091,0.5071960111485813,0.8297373368529352,0.7200107916674874,0.49872929316612236,0.579078835494081,0.436346567811017,0.4425085254060186,0.5754380351253867,0.56018612610354,0.7117189907937412,0.538106180624377,0.6149229835818112,0.36110627707837295,0.3643617036334158,0.7350355307822855,0.3350890128460011,0.8325111378371014,0.39282075019956164,0.7392896040547258,0.37298525818010014,0.8002803634675835,0.24530306635670085,0.8688346856167559,0.5532286061026378,0.5838551969227703,0.11432770266407061,0.4703398579795128,0.4293902222843694,0.5887951004899706,0.9894051288681076,0.5932326965694731,0.8473170578350109,0.9967781608650941,0.6654715005272889,0.5156225272148649,0.9104658800068682,0.221739696624567,0.4497360133816801,0.611744741182332,0.49359047043440907,0.9248713296304765,0.8003285402162545,0.8213777855656493,0.5599088875150255,0.833495500348157
0.4747041450171498,0.7382146573717062,0.8859577600084945,0.2285242491965923,0.9399977293993299,0.8853916619814172,0.6162388355930811,0.7111902976237708,0.8006472515508327,0.7554037062964027,0.7511278744839358,0.7462541243991565,0.8300612555181603,0.49577265044921315,0.4007925387692251,0.4701463439753377,0.922701596400529,0.5625826955746351,0.8605224343789187,0.5760326540957542,0.8688765926774911,0.7067990579893194,0.6790544910369041,0.4914823607823683,0.6552855616678084,0.0,0.6603876443428003,0.905751926882024,0.5395073679911985,0.712713620603087,0.5682698647239977,0.6154250500989246,0.7916810246522037,0.6900718811029036,0.32272379456513567,0.8611247102909824,0.8625168152314386,0.474463812181006,0.6488400267373983,0.676503741953024,0.5788734299050715,0.6179742945828054,0.8656498038476756,0.4344838132086787,0.4881584620319682,0.5150962983488585,0.4681628662335979,0.8618739396960108,0.23033921599050114,0.7420155579236163,0.6017011533572844,0.8933358785748007,0.6465829072365437,0.9277218698321652,0.6391108364119781,0.5235441984897169,0.6320461048736921,0.8193828255204016,0.6644492203351149,0.22771671886231182,0.5857394026733559,0.7598855483489165,0.6510462191291887,0.9807650386844533,0.38570232697653795,0.8602854020415822,0.5676285673613636,0.7744519368706312,0.5929758832929242,0.48856919260138504,0.6242168576202922,0.5212266795252248,0.8729234423065876,0.4398748822562223,0.7648037719024097,0.6286147432749739
1.005747776747579,0.5504527993303672,0.5375962554990793,0.6005640938595698,0.4698642651323438,0.1960401134207248,0.580718540902319,0.23435466239441305,0.6216993856336919,0.5490519390682534,0.5109201495284001,0.4149716747514064,0.6524594703399716,0.24493875615925004,0.7312128018397759,0.8335737406304451,0.6079525503039473,0.7816539504164673,0.6717313873803094,0.5675039643720687,0.6528259165719527,0.882881474614029,0.24439238158181237,0.31964129787699064,1.016829731565016,0.6603876443428003,0.0,0.7199191051577304,0.936997625597044,0.8915583794101571,1.0120741344536694,0.7137876678254287,0.8547664572921065,0.9477408242001362,0.6844218280521548,0.5424071118077949,0.36839783150974487,0.49114741835549997,0.7764018272377535,0.6204550697660052,1.0130660686866386,0.8126908519911669,0.5943882929636403,0.4093104539932601,0.43110433573834206,0.9960420770846642,0.421636465330613,0.4687927721862645,0.4889823878555391,0.5102117157026221,0.17998588573583135,0.5799886670769973,0.20585413641289577,0.5501170619686165,0.5644503790816264,0.33179441317404235,0.1883069337101284,0.37410853089786017,0.4458205280668433,0.6268690331116592,1.0029927542949406,0.5973818207578552,0.8573888794625146,0.6388416247219891,0.657301062458106,0.7059928241035941,0.8657222693675064,0.12906895275163438,0.4211650079579464,0.8327757439245758,0.5672015892441483,0.7839339467275397,0.6684028549984666,0.8982349328449968,0.6298628826399487,1.0179528631320494
0.9682028349048794,0.9063680917087827,0.9051014615932913,0.13734789630312744,0.7055974849000696,0.5114708574963801,0.794214350428248,0.473557825504646,0.768605588535002,0.5905043155343076,0.8396328084648559,0.5847623335662219,0.8026129994225393,0.36149289511823224,0.5740448651495881,0.6111602197720217,0.7348099035969375,0.6085388622869897,0.9378534417342284,0.6569446188939952,0.843144040353512,0.8917461905620039,0.5076007591711409,0.5053884842893324,0.878251499854632,0.905751926882024,0.7199191051577304,0.0,0.7506006296431631,0.8387705483866511,0.7571336721091756,0.7758403666939694,0.8762532461745087,0.9146070647768183,0.576294321965578,0.6278490148984273,0.3719437079741924,0.36541773189914717,0.7592884818053314,0.7730726181395262,0.8881053518738024,0.6850440511252335,0.623026649383955,0.16942386532830495,0.3580338881201105,0.8263404258583766,0.7339048095983015,0.9117179756661389,0.2514898180856257,0.47966758792538566,0.4546934238374406,0.7974159697843812,0.5390499934512432,0.8304297624495542,0.6520764277058768,0.4950005394370434,0.24514083319279878,0.7005634488853809,0.2702192310574133,0.5525246595893079,0.8367637059069661,0.6704243753004973,0.8442424202447348,0.9984600694042847,0.5931171256938417,0.8039029697340174,0.8633560208182451,0.39623372539501406,0.6600301609614319,0.8142196907109736,0.8091890673005682,0.6355503947521534,0.7908215899039147,0.6659866504481832,0.750913876468163,0.7882418397357471
0.9289722079575928,0.6117905898518986,0.740313986941803,0.48344779100772334,0.6350558158392547,0.27170145258802864,0.7610701964701729,0.2399469782556987,0.7588876696753557,0.3960593780884945,0.7374225151977161,0.4033390218647918,0.6455201522603314,0.21974405246368717,0.5345832464201375,0.6504615053647106,0.4999416783728666,0.550763635485373,0.8564127346123287,0.6464843131867749,0.4548202500751124,0.9510763576536249,0.21638256157051095,0.3769012178099397,0.9080090962439398,0.5395073679911985,0.936997625597044,0.7506006296431631,0.0,0.882060981152587,1.0113968412895054,0.5758239907591193,0.7568280592130949,0.872510955010385,0.6519686677642218,0.500459782725064,0.19882246110276847,0.33235923887265006,0.6112652895326941,0.7632743084287594,0.957701722565394,0.7659505762726762,0.46627906911764205,0.23917353309376282,0.3160768255228009,0.7482902646889678,0.37310500846974903,0.701963472363138,0.45413983977848443,0.6667816683283457,0.36065119205440455,0.8413166437295351,0.12380386246220498,0.7298450421928401,0.6778948438804618,0.5733022725781697,0.1558523235720093,0.4153084109107572,0.3775803842402123,0.6956122230185539,0.9590396647651301,0.5722243831653098,0.7883195247977601,0.9066350211175996,0.8537494530302007,0.31841476894445897,0.9052002519303733,0.03828012493212518,0.3510891104065722,0.827254714481612,0.5042289164381114,0.8637268800956465,0.7628027620036522,0.8723970812997525,0.7384533701227642,0.8845823821429057
0.9502303528836095,0.6475757457804204,1.0211608815773694,0.24284187685277409,0.9056220928154368,0.3691111110824832,0.8054627200512239,0.446271204143627,0.8022755350756694,0.49782494955778595,0.9825329032509191,0.6285844760908361,0.9678802929239272,0.30457332616687327,0.7063895188600716,0.46436105108661424,0.6384509759444926,0.46504597726904284,0.9784258605057341,0.8564694274848464,0.7660498980663604,0.9591310166409832,0.604387149730137,0.513392863649299,0.8995903282022174,0.712713620603087,0.8915583794101571,0.8387705483866511,0.882060981152587,0.0,0.9816315232871445,0.6405096133593391,0.8009314873508413,0.9079525052730049,0.7000727987751301,0.7429800406511953,0.2668023725753596,0.5851186537194829,0.6942254537543774,0.623930446921392,0.9592824166349524,0.7380617409182686,0.6192190672866326,0.23646194464061204,0.47087552321031767,0.6920033567902334,0.40034930273812175,0.9340807212450868,0.5170022361448193,0.8254559252812549,0.4345891719526586,1.0071161329930487,0.4715289280597601,0.9539714990866566,0.7147645536026158,0.785896471087153,0.33107861672743,0.6607224876808754,0.44349964574562406,0.5669744047369653,0.8716051571169634,0.7168846598987378,0.7455841184426205,0.990362415251584,0.6662338271163519,0.6608613786020934,0.8776040482829723,0.3550954524203196,0.6596695138737094,0.9163549826449003,0.6033383842396609,0.9116510514365237,0.8892946469302914,0.6770992602666897,0.5990630424662807,0.9675296871077111
0.8238181054258317,0.5075645313367672,0.9635905524549688,0.32427350523193593,0.877592043174946,0.2735200971707293,0.8113988420446799,0.391403128690926,0.8576332060014539,0.4281119092040786,0.8604140233984163,0.6245360203627166,0.6996812790036968,0.17201948150826984,0.6474486761199776,0.5197552093516964,0.4855853133866893,0.604634063721048,0.8748781380144103,0.9143086829065313,0.5749368419546815,0.9557318997137088,0.37044051156059776,0.4274535144134582,0.7431860644932091,0.5682698647239977,1.0120741344536694,0.7571336721091756,1.0113968412895054,0.9816315232871445,0.0,0.5513518999748274,0.7621056141591548,0.7299771633028292,0.6422898645508879,0.4521998198348625,0.1401012716328649,0.4122021802028068,0.45100106267774426,0.518958907184001,0.8666599774203654,0.5478805056001885,0.38931893557595904,0.24870298072538694,0.37433942174632434,0.6515184727188189,0.3081128255614668,0.8339022781318739,0.3730625009519946,0.7690675928244999,0.21379689424928963,0.8915066062474412,0.3170785033141202,0.840221840722688,0.5955323834474432,0.7876395728560363,0.26990050321047115,0.4575287324649457,0.4708794258463806,0.6511574775846368,0.8677275016570963,0.5711856780913752,0.7027237478313191,1.019683523692305,0.8187959037247193,0.37983317277123724,0.9196074264396631,0.17919636170915254,0.5017064547091651,0.7278518008532349,0.4794706203317848,0.9483731900117272,0.7719545938226808,0.7872935055322822,0.7246475789586538,0.8461541573161477
0.45304307237807,0.6093707222393481,0.664380876490062,0.5650488116184594,0.658121878501207,0.6647003876117721,0.6073331169993111,0.5535927525091434,0.7129077733732321,0.5521235173260298,0.7524827433812071,0.4773663722259532,0.5780817606817124,0.6605216736117341,0.5442553774274935,0.6196520206783998,0.49245697664241594,0.6052905120510429,0.7055626709401155,0.6226379017961094,0.5304556726787225,0.6173061613981264,0.5398138699026697,0.5736886736441391,0.5071960111485813,0.6154250500989246,0.7137876678254287,0.7758403666939694,0.5758239907591193,0.6405096133593391,0.5513518999748274,0.0,0.42551110085244487,0.3816985840475471,0.5323065329630856,0.6407516304491899,0.4805918795813484,0.4594543902112975,0.3474023434761549,0.4427281118000267,0.36353411765028826,0.4919799649479546,0.5378085502700206,0.5719244493497253,0.45909024460648595,0.5846450479943489,0.5314173743882459,0.6353246830451194,0.4014854589506752,0.7019266331884785,0.621201677209275,0.5785916155276118,0.54605520379787,0.7482207528097928,0.38421240822248404,0.7638240418599896,0.46776688677031064,0.7041760629933493,0.5024112517628734,0.5815022103814491,0.5262934909146485,0.5834013954536822,0.5624786528822415,0.7389540157238539,0.6415610365922727,0.5131667217299475,0.6149600935866275,0.5185910082982966,0.5748498317447164,0.48574852749017944,0.5807156865819489,0.5901816760869456,0.8148372454005116,0.522488501030774,0.830006093431583,0.5306656573392665
0.8105570893256525,0.6481258909098838,0.9114178637951617,0.40245795567891396,0.8430597676720766,0.732206808662425,0.8241993007649617,0.48435788135519764,0.9177537108741237,0.34268492157425245,0.9494793239877748,0.6544105592093145,0.9365314264612379,0.28512979007685996,0.5664747675038521,0.6341889095159439,0.6237161010804577,0.6810370112896007,0.9662936909164553,0.7452948611574148,0.8187636227158119,0.9883093019183111,0.6024300914032742,0.5086226878329566,0.8297373368529352,0.7916810246522037,0.8547664572921065,0.8762532461745087,0.7568280592130949,0.8009314873508413,0.7621056141591548,0.42551110085244487,0.0,0.5661484877978804,0.5028441834399043,0.6673303771851544,0.3010529739524904,0.4490208127692208,0.47431369398461054,0.7541883930117452,0.7196251936993545,0.6264921271743483,0.7697891798487632,0.1783436836162861,0.41544669775793774,0.696547568202567,0.5150915790989894,0.9370696826368013,0.4594797473662534,0.8187910354306541,0.6836393832977572,0.9030400339072042,0.5407331819661694,0.9863484391095194,0.7104124631769766,0.5973583160487431,0.34869482180920136,0.887049324517061,0.4437969619149914,0.5059165847709731,0.94064217511244,0.7637680121652144,0.8606845566785752,1.022879390783536,0.6595486608498293,0.6763177954678884,1.0069113376275878,0.5687458779021833,0.5677753027567635,0.800909499893464,0.7875705047993502,0.8782639452845216,0.9541998574056332,0.8327064781020473,0.7672438569107083,0.8519397665305819
0.6165941403011087,0.5344239051902279,0.7644092666978628,0.2689593732280423,0.7819092400817564,0.4740824955148557,0.6498154724498652,0.4177529083132412,0.820937251824502,0.6625805049793031,0.8768996389403116,0.6357855551445512,0.7438178131806876,0.26393218478528513,0.6315507452173381,0.5762339673063329,0.5043228906934968,0.5092637374570352,0.8667843724860715,0.6788770566428182,0.6407783874795949,0.9336781544866335,0.4595871817400901,0.4355311222328857,0.7200107916674874,0.6900718811029036,0.9477408242001362,0.9146070647768183,0.872510955010385,0.9079525052730049,0.7299771633028292,0.3816985840475471,0.5661484877978804,0.0,0.377027860212952,0.6369965615770464,0.2595714224237391,0.5978747659892245,0.4493181766248858,0.5756929408042313,0.6847484563693491,0.45611711428223334,0.6387150905871368,0.43659068833630077,0.5694222901056146,0.7297150668192217,0.43587080256612787,0.8034332841065333,0.33573199540248133,0.6387830799933477,0.2612388385106612,0.7838771172137492,0.3789187016116527,0.790241749635415,0.6139060803802444,0.5871356733192958,0.5038146232076011,0.6959704657116501,0.28030120191218943,0.661178426513003,0.7669502795617897,0.5876781705224727,0.6672460086745542,1.001986164670873,0.8085347182337094,0.5767491631968458,0.9623949146360533,0.38990394555982427,0.5750419423834805,0.63626138102047,0.6220263281778697,0.8596476319172106,0.808287831425293,0.7555280129159603,0.7995510858128921,0.789921458453237
0.5658507482885882,0.3574404259344321,0.38328242372735466,0.5085496032201451,0.49279149372862485,0.3933135758500129,0.6218710040949413,0.3767161461241969,0.4185376313667104,0.39078534831666506,0.504657725559432,0.2588500370121546,0.4233738792265901,0.5117770734643777,0.4862655555206099,0.586150349376053,0.27448189553434843,0.6467002291032613,0.5871265693436705,0.5654369308919912,0.3193520858324823,0.5241965888827053,0.21838584780982628,0.5640946175219256,0.49872929316612236,0.32272379456513567,0.6844218280521548,0.576294321965578,0.6519686677642218,0.7000727987751301,0.6422898645508879,0.5323065329630856,0.5028441834399043,0.377027860212952,0.0,0.2631892906586124,0.25616368212275775,0.49464551903227977,0.5579265508453204,0.5591767939640675,0.5355752399759646,0.3365898903148132,0.30855515933001154,0.4964281618865951,0.5343464487374852,0.6057289110627287,0.5594547710849075,0.46297718268487315,0.6303641646597032,0.2655541240919077,0.5720279377311731,0.37894011188842147,0.2668870966314503,0.27489496845230754,0.3382586490627245,0.47915017312509,0.4207417856318788,0.5063728549487482,0.3712665125677329,0.7008824921663264,0.6021408839546515,0.32856380678557595,0.4930353075317009,0.5157756216867916,0.8061097388632397,0.292844188323252,0.7010483596935042,0.16108382080362543,0.35108519831090557,0.7093312577123629,0.39961811368548655,0.5510420169643722,0.6170501854150803,0.7143027830448502,0.6378297653931797,0.5808569772018064
0.5520234369566261,0.7887430926995213,0.7544892828910899,0.23799697491810645,0.8170624299783662,0.6935688159831193,0.5705804423376556,0.5798927788716582,0.77370697896534,0.7367016791074451,0.5347017899899515,0.7549046572713328,0.8827469089065214,0.7010187789706444,0.34710225679485984,0.31698613109171186,0.9269891580280387,0.2630248522185812,0.5008583369034887,0.8076659929156945,0.7221241157592211,0.6553153478272192,0.6987803170149354,0.44595045715639464,0.579078835494081,0.8611247102909824,0.5424071118077949,0.6278490148984273,0.500459782725064,0.7429800406511953,0.4521998198348625,0.6407516304491899,0.6673303771851544,0.6369965615770464,0.2631892906586124,0.0,0.731394468132829,0.5146694898294539,0.5230957688553198,0.6459712985897258,0.6501743135770846,0.530760779987903,0.8723573846742019,0.49414393357014547,0.2972625730943814,0.4146357161233584,0.45279952233780835,0.7687482365655265,0.24349317488758498,0.8368976096666478,0.5936760285951145,0.6930796226619315,0.6950836499735826,0.7674132358951523,0.768148985789602,0.32248847940342606,0.6470744420385064,0.8112550737059614,0.8256902827975516,0.2114065833631627,0.47648283080860665,0.8889896627810167,0.5037499650249738,0.7082286175539674,0.38303932961421033,0.7770095388184999,0.48486859682562145,0.7295804054617054,0.6580164430098998,0.39412904337995047,0.7062063922369544,0.4287118994215958,0.8303424794956368,0.31406041411787294,0.7907491999517734,0.6150505782919881
0.3361596670121338,0.7878547495264875,0.5368230631180065,0.410265054301851,0.3117832707185799,0.5458213886138769,0.29777983087356963,0.7055851696121664,0.4294068129261451,0.7301993912329189,0.3101243923411915,0.7175684378438429,0.5010848102103509,0.5896430181162106,0.4293861267646689,0.2728634368816882,0.6423347678155197,0.26118526960425364,0.35985787976508854,0.6238941115486291,0.5158542205900984,0.5353489861653616,0.7350792557754351,0.37889634563785846,0.436346567811017,0.8625168152314386,0.36839783150974487,0.3719437079741924,0.19882246110276847,0.2668023725753596,0.1401012716328649,0.4805918795813484,0.3010529739524904,0.2595714224237391,0.25616368212275775,0.731394468132829,0.0,0.5160973264613232,0.4498886137808193,0.44054809917198867,0.2083506073509821,0.5414083103482406,0.7441553639509798,0.5970894039885632,0.35777826578861827,0.17556210106411807,0.4299431897572188,0.5289827520755125,0.29169060187384993,0.7034304874886248,0.5442284420296902,0.43000400836542485,0.6578374762947501,0.4860883121394256,0.6086362539170962,0.3844967070495789,0.622371438978007,0.48975697176650923,0.7285134703308146,0.2921318921720976,0.14359101447776945,0.5014502610996452,0.15228319732266515,0.4562080885436899,0.27071287161397384,0.48712997769366223,0.20958321760362292,0.7639697742981497,0.5779619152639782,0.24259174022399177,0.49902986733324634,0.23173224308165055,0.4312531266791092,0.08290298927718598,0.5327021190010162,0.36711435198654696
0.3914530470125694,0.3552354831238912,0.5308723879109958,0.5189608106839358,0.3436574133903537,0.28306773990593515,0.4550416363481298,0.511693758194277,0.32458331462656553,0.7916635966430735,0.4155887791382332,0.5961331846465365,0.5276063398020234,0.5108267354523122,0.4309503977665614,0.30542650235711544,0.37209422741978987,0.19431946325402216,0.4316268120028963,0.34826684210163694,0.4077170173580266,0.578464147320256,0.3351930109728978,0.2331719855232438,0.4425085254060186,0.474463812181006,0.49114741835549997,0.36541773189914717,0.33235923887265006,0.5851186537194829,0.4122021802028068,0.4594543902112975,0.4490208127692208,0.5978747659892245,0.49464551903227977,0.5146694898294539,0.5160973264613232,0.0,0.5269652029081839,0.5749407736260087,0.5626036786230284,0.5830476089125081,0.4882835089273423,0.5809538411326053,0.6856751851036683,0.3799547746298066,0.2428066668184692,0.40494189068488773,0.6690240750138078,0.44586175192157745,0.2169385016752376,0.4589470293958363,0.3199026521636785,0.3734018041437651,0.48612666200829147,0.3442297358605858,0.6130643209398872,0.34156796510658244,0.4606364553887392,0.2871521826824377,0.456172729065071,0.43230922530661775,0.40729110033029525,0.38838816310402025,0.31107238910376545,0.22985761820861483,0.39878557424474426,0.3744621660749518,0.18011362070063652,0.2986216761503516,0.29466856270564357,0.2948254630519175,0.3491248101260892,0.29718652967347425,0.47842207141933707,0.505016271204614
0.615915697948253,0.578993890545668,0.6453672597398828,0.6849561631976964,0.6022776858047305,0.6391290045672484,0.5854692085336207,0.6366886016457476,0.7974743123023091,0.5382797765670158,0.8445371650435974,0.5092872329284001,0.6033963331836248,0.5432171743591226,0.6840803485852227,0.5406469011496773,0.4540488746742757,0.5652169832020562,0.7305282270149842,0.6206106888862937,0.5529751590052517,0.6541760386110524,0.5533121766759657,0.632380789745523,0.5754380351253867,0.6488400267373983,0.7764018272377535,0.7592884818053314,0.6112652895326941,0.6942254537543774,0.45100106267774426,0.3474023434761549,0.47431369398461054,0.4493181766248858,0.5579265508453204,0.5230957688553198,0.4498886137808193,0.5269652029081839,0.0,0.31588288594852215,0.5937712824146242,0.4894897034569866,0.5846789722527185,0.5924456283600336,0.5661244132315831,0.5159820001105216,0.6196658613993516,0.6445402326091813,0.47870868248976123,0.7167685702344957,0.6063867206468218,0.6729627188734191,0.6297393968755883,0.7633738366163345,0.46120975226496536,0.8039513055596157,0.4221133003721907,0.7226204781468625,0.5968522647304385,0.663114551829022,0.6307894925821363,0.5715821377180753,0.6434899808886368,0.8026871988144145,0.7473806461579988,0.6202904925262708,0.8667615685960837,0.5062004731684383,0.6495551632348928,0.5334013484711924,0.7183352082406563,0.7904022531463357,0.7501645808635883,0.6474258570694305,0.8567983982524424,0.730242655174203
0.47439782651017387,0.6575881892414798,0.863815595041171,0.2177023885333193,0.6583878452689031,0.735590831050077,0.5998744374066434,0.6386546981453001,0.68507608185651,0.6755895596791361,0.6780245191032193,0.6489536575678532,0.7136330166080116,0.37841363523222693,0.2811327287664229,0.5706435655837653,0.5913773546127327,0.7278395323697698,0.8304189493158949,0.45122005066380355,0.6024723433051933,0.6628507320068843,0.6243052378906175,0.712340960907752,0.56018612610354,0.676503741953024,0.6204550697660052,0.7730726181395262,0.7632743084287594,0.623930446921392,0.518958907184001,0.4427281118000267,0.7541883930117452,0.5756929408042313,0.5591767939640675,0.6459712985897258,0.44054809917198867,0.5749407736260087,0.31588288594852215,0.0,0.5267185705380999,0.6042443150071611,0.640704363875622,0.304671121027693,0.5165432334727289,0.4322105956501515,0.48607654662415717,0.7803001411023569,0.44964613230252176,0.5866326651650617,0.48768028390097073,0.5809508316246998,0.5101241235660979,0.6395726823763483,0.5998914691001389,0.5452329416317709,0.6587797037384506,0.7392711600659403,0.5332832549868616,0.26131568838239316,0.6881642645192624,0.5844957035488628,0.5964719693108145,0.8725579251443718,0.37879940204449414,0.3651538543865429,0.5316599205996508,0.6344937934529158,0.6446371077410806,0.38832076834330337,0.7304049510283182,0.5180508136931257,0.8175087856452852,0.36988385362040394,0.6743752430841956,0.5128051291677572
0.7186388778203262,0.36281962525623684,1.0069956226751535,0.4016817761322996,0.8913249854381964,0.31259096626775906,0.8607948401324291,0.3289345023356975,0.9789514924248545,0.6295851456466308,0.8418414557582623,0.6286946120666929,0.8983400615895063,0.2987565913842102,0.616371550397038,0.49267152564341965,0.4467927701243436,0.5312207225449701,0.9060938021439466,0.8222218416987921,0.648240080372445,0.9833541449291359,0.36349758094931184,0.4236725158531343,0.7117189907937412,0.5788734299050715,1.0130660686866386,0.8881053518738024,0.957701722565394,0.9592824166349524,0.8666599774203654,0.36353411765028826,0.7196251936993545,0.6847484563693491,0.5355752399759646,0.6501743135770846,0.2083506073509821,0.5626036786230284,0.5937712824146242,0.5267185705380999,0.0,0.4748126233255475,0.6572516355241191,0.3558766850518552,0.5941560335975715,0.7102110380581326,0.34477588080485955,0.8908573314627388,0.35795647350422166,0.8257729683062198,0.3694046576234727,0.8916968635047502,0.3813949790968566,0.9192795558280766,0.69696512578439,0.6536392056347747,0.43939668702847673,0.6609112006966062,0.5490097308434275,0.5460730345472617,0.7835973338145843,0.6440614260778558,0.6917432729047324,0.8726588716662493,0.8654601494039653,0.5296371328881281,0.8875873054872618,0.39913730857837093,0.5869559556821489,0.7039542474627941,0.5694456213568859,0.9625624200653393,0.9114368581708329,0.8350642814685821,0.8300542888138056,0.9502823996299226
0.5777784231291729,0.5877916470164757,0.8396637405282843,0.4900478469168179,0.49679015017718353,0.6771177889126064,0.5965886984012035,0.5694812269009092,0.6150289953174882,0.5870280619118742,0.4877800466256375,0.5488464015904005,0.6548083341204858,0.38997374169589094,0.5988415355800698,0.5612836777706612,0.5441899785443148,0.5016817842031492,0.6346541706962029,0.7889308513847214,0.6109519533474363,0.7618885882056816,0.41114975177716523,0.44778343419779465,0.538106180624377,0.6179742945828054,0.8126908519911669,0.6850440511252335,0.7659505762726762,0.7380617409182686,0.5478805056001885,0.4919799649479546,0.6264921271743483,0.45611711428223334,0.3365898903148132,0.530760779987903,0.5414083103482406,0.5830476089125081,0.4894897034569866,0.6042443150071611,0.4748126233255475,0.0,0.7297107185867644,0.39655307964178,0.6286246768349073,0.4670928862603571,0.5509982927234995,0.8034127487996234,0.4758732486943389,0.45137064557073886,0.5318924241073522,0.5143606537260648,0.4705619655285787,0.5380436039571578,0.4979382320783614,0.4802863027944288,0.43129613153927093,0.6219337736995183,0.4267906146127709,0.5487681585679239,0.5416118077629722,0.562413558024877,0.47036430828941556,0.7414518616108503,0.7451637592184193,0.5894751413163676,0.7204785744016912,0.571609537345459,0.4795721178874093,0.48734927573062387,0.5787172145657089,0.6907931548368478,0.686476853458466,0.6318503514765816,0.8419210376399338,0.6388743278292367
0.5640021558700287,0.6879047339460407,0.790015807189235,0.1973432939329856,0.6394727519977561,0.6754622323680934,0.5619346630338795,0.5063054067704172,0.7520241220695845,0.7624122427031461,0.4496919266944391,0.8290549604173484,0.906919162637019,0.46204064493312713,0.3491061908600489,0.26225795457027773,0.8062154970032589,0.20930734692167066,0.41336164490565375,0.7441657444037482,0.6502025251643474,0.695517975624838,0.5686958523429043,0.34792615221405904,0.6149229835818112,0.8656498038476756,0.5943882929636403,0.623026649383955,0.46627906911764205,0.6192190672866326,0.38931893557595904,0.5378085502700206,0.7697891798487632,0.6387150905871368,0.30855515933001154,0.8723573846742019,0.7441553639509798,0.4882835089273423,0.5846789722527185,0.640704363875622,0.6572516355241191,0.7297107185867644,0.0,0.5564868926711863,0.2828998707927347,0.37767991584581495,0.5678328760179459,0.6809252130043442,0.2195623276007692,0.8618953157139891,0.5897190196393295,0.7118889458182844,0.6304233273236393,0.778540630234976,0.8497759627385688,0.3063477970912963,0.5949739828473184,0.6552592836402273,0.7582293369846699,0.09786133679295139,0.4627740920201912,0.9044122268641898,0.6318422539454464,0.5662774664661387,0.30881873197809795,0.7753249456421204,0.4329522892678295,0.7072828343870814,0.6450873598743734,0.5066917935632398,0.7111148314778974,0.45523353768414176,0.7994907143546586,0.3810772308387497,0.7332024539435812,0.7023046584541357
0.3016512108367837,0.362247100691904,0.13627307559536117,0.6038851044242223,0.21729452358355705,0.44691096608761016,0.3320363046527926,0.4613004704853968,0.15959288564259572,0.6608394039361113,0.06494501420655202,0.46430168031871816,0.3720767438766812,0.529149592190605,0.6660046635521334,0.16992258030730373,0.28645795501972815,0.10552374222365157,0.22696335154678182,0.6458001492268755,0.4079206911221209,0.3964537167222101,0.4180896786442796,0.3176721758050478,0.36110627707837295,0.4344838132086787,0.4093104539932601,0.16942386532830495,0.23917353309376282,0.23646194464061204,0.24870298072538694,0.5719244493497253,0.1783436836162861,0.43659068833630077,0.4964281618865951,0.49414393357014547,0.5970894039885632,0.5809538411326053,0.5924456283600336,0.304671121027693,0.3558766850518552,0.39655307964178,0.5564868926711863,0.0,0.4639118141341065,0.22752973335796778,0.4197710524608407,0.0828315856480209,0.42700022150983896,0.4213009117468635,0.504522198441229,0.32741118631974125,0.5231631176384182,0.20181774601495822,0.428080409258323,0.29785010616375174,0.5140303684530168,0.3769116077845509,0.5711772694118448,0.574915939255504,0.2624679028445784,0.3659614554553753,0.30826134897733004,0.22665621005114217,0.5038406661717464,0.4729213964775974,0.31172017201921837,0.634568895727498,0.3984892751303254,0.2796200578111389,0.4223319919539198,0.392174064545148,0.3530424267855803,0.4479804758938479,0.4873815183155588,0.24730814663879075
0.46790415601961793,0.2852933426220574,0.49333552255049035,0.46266854374355254,0.30449828166847426,0.3403765589744542,0.46608240632587244,0.663167586069544,0.3768630955654136,0.6149201206518288,0.58363976616078,0.6448499866957054,0.47674112031637605,0.4172670487873848,0.5455676910849648,0.34664708208023454,0.37662378424411913,0.47596988694753084,0.5179985086111356,0.23428523231780468,0.44031975737293194,0.5479197465240195,0.48790194410337345,0.39652677308016043,0.3643617036334158,0.4881584620319682,0.43110433573834206,0.3580338881201105,0.3160768255228009,0.47087552321031767,0.37433942174632434,0.45909024460648595,0.41544669775793774,0.5694222901056146,0.5343464487374852,0.2972625730943814,0.35777826578861827,0.6856751851036683,0.5661244132315831,0.5165432334727289,0.5941560335975715,0.6286246768349073,0.2828998707927347,0.4639118141341065,0.0,0.5580185206487844,0.2987041943288261,0.5886678024567252,0.722805317059275,0.32194164257919855,0.2519822086674637,0.4794741937791598,0.5630594282014276,0.31016177838305053,0.446587611198613,0.4899912212381481,0.6999635969910775,0.43232140939647945,0.3981964229122355,0.4820490793851692,0.41941915697176013,0.40650111871404665,0.3546341120289088,0.4625653145353408,0.29026030083653764,0.3486596769820816,0.4074253004998306,0.5504509172921898,0.39464236287350685,0.3451670477515393,0.521116997418752,0.4153145789357121,0.31751361374964016,0.32946690718964255,0.5135150704361112,0.4263222294256677
0.7436690236949853,0.39032965075615633,0.8898573355385617,0.5301398954639956,0.7696543854484028,0.32001983319851285,0.641760252382608,0.4166799019142088,0.8655958570258778,0.4245615288357757,0.8741817290262079,0.4123483107054774,0.5659510847897026,0.3381934832985908,0.5406134343060307,0.7193741911834302,0.3518806222387662,0.648523177790005,0.905541470191404,0.7096405550748149,0.44449963163236667,0.7658135668537523,0.40788329980352883,0.4231138235080855,0.7350355307822855,0.5150962983488585,0.9960420770846642,0.8263404258583766,0.7482902646889678,0.6920033567902334,0.6515184727188189,0.5846450479943489,0.696547568202567,0.7297150668192217,0.6057289110627287,0.4146357161233584,0.17556210106411807,0.3799547746298066,0.5159820001105216,0.4322105956501515,0.7102110380581326,0.4670928862603571,0.37767991584581495,0.22752973335796778,0.5580185206487844,0.0,0.5250804301080564,0.8437401750811908,0.3614286150620615,0.593410279949135,0.22856968144313128,0.8153629154975268,0.34502018108003796,0.7499210700698921,0.5140150649771767,0.7473299186850622,0.39190620436465406,0.5991232907200136,0.3197956028530375,0.6484242417723111,0.8327221975067166,0.47382035406646233,0.6646766587583433,0.9249088517013657,0.8012620042575396,0.3441767585820254,0.8160104415201653,0.18173950361838248,0.42035002846299163,0.6779905823781504,0.4643963845672231,0.8773855274773092,0.6361250279162298,0.8482822529077648,0.6507593685459443,0.7497526310205941
0.3060762314468044,0.6196657367610939,0.6652774394062746,0.4705456398274054,0.4772264003190159,0.6790960122621753,0.4912449083021569,0.6116905229554153,0.547951416702408,0.38426256761704974,0.5753329347809548,0.40780495322371346,0.42030484926144407,0.5140215042515031,0.3314755522563431,0.6644829434184228,0.43281043051584733,0.6925530086196542,0.6171620173297115,0.3194162216842107,0.3823893413564434,0.4434818472567043,0.5473348836668346,0.5800431675347607,0.3350890128460011,0.4681628662335979,0.421636465330613,0.7339048095983015,0.37310500846974903,0.40034930273812175,0.3081128255614668,0.5314173743882459,0.5150915790989894,0.43587080256612787,0.5594547710849075,0.45279952233780835,0.4299431897572188,0.2428066668184692,0.6196658613993516,0.48607654662415717,0.34477588080485955,0.5509982927234995,0.5678328760179459,0.4197710524608407,0.2987041943288261,0.5250804301080564,0.0,0.7834375194155185,0.32466596227042754,0.3329589526029856,0.6852404728692325,0.4602577971448071,0.5838320329511555,0.45986532029893085,0.5422791027186991,0.4550404887021118,0.3862729652678076,0.761950567922046,0.4418427323834237,0.5464641020051121,0.4335221989494932,0.4259917846503759,0.5789329358531031,0.6281898812983057,0.4113281238847456,0.6411317944078166,0.5108562571487517,0.555805161687345,0.6284069775919439,0.2323355638415981,0.7310413397667392,0.4856824450564785,0.6006621289939749,0.3549575113803094,0.500835164598034,0.41313659461985125
0.8611446773127418,0.8044448014784515,0.9147199086197872,0.10054687255675893,0.9201324891346607,0.7492152150400285,0.8067334776938415,0.7403461312140039,0.7399628589557512,0.582308646841502,0.7660315287139798,0.770965715668834,0.968961796712339,0.37445034655000564,0.4058449152626762,0.6560178831865727,1.0275717330794065,0.7536657730235974,0.7224129257538464,0.5212862561281519,0.9297916450780175,0.7665032034312897,0.6776125665954761,0.7698227584373565,0.8325111378371014,0.8618739396960108,0.4687927721862645,0.9117179756661389,0.701963472363138,0.9340807212450868,0.8339022781318739,0.6353246830451194,0.9370696826368013,0.8034332841065333,0.46297718268487315,0.7687482365655265,0.5289827520755125,0.40494189068488773,0.6445402326091813,0.7803001411023569,0.8908573314627388,0.8034127487996234,0.6809252130043442,0.0828315856480209,0.5886678024567252,0.8437401750811908,0.7834375194155185,0.0,0.444708697505021,0.5597256444873441,0.5278417620146733,0.8533587609575604,0.7186047915433833,0.8366319137609202,0.7514295900019234,0.4766088914785985,0.5523503691277224,0.8438943106687775,0.49378106543926203,0.45018411293227334,0.8124946446604403,0.9373939062632138,0.9045026070490567,0.6998716778741008,0.4054473210624697,0.944598362500513,0.7346816207836433,0.5637886877056552,0.8671912791661724,0.8236336929034198,0.8779672762573174,0.486204667261866,0.7933752215940574,0.3891288013005045,0.6354406197144491,0.7404768149972922
0.4502348037312427,0.3316752499921327,0.41691118830089413,0.6775428010289248,0.475670912429401,0.353356649780914,0.5222638211578399,0.5271143132023061,0.3987972329934084,0.29371161416958225,0.7063963377213648,0.4451103756398924,0.40006048553717577,0.42499716727793424,0.6327526969102666,0.30648350214269154,0.254350431368662,0.43364512066266864,0.5412817065721096,0.24418088836880858,0.22422721485063887,0.42444588749248807,0.3075803036457502,0.6103788844688623,0.39282075019956164,0.23033921599050114,0.4889823878555391,0.2514898180856257,0.45413983977848443,0.5170022361448193,0.3730625009519946,0.4014854589506752,0.4594797473662534,0.33573199540248133,0.6303641646597032,0.24349317488758498,0.29169060187384993,0.6690240750138078,0.47870868248976123,0.44964613230252176,0.35795647350422166,0.4758732486943389,0.2195623276007692,0.42700022150983896,0.722805317059275,0.3614286150620615,0.32466596227042754,0.444708697505021,0.0,0.47069078351019616,0.3567440414919305,0.4298543930540353,0.3383371664295318,0.4099841511985027,0.33119360167152834,0.681915727550273,0.513273898158502,0.4159392281399469,0.2828791720232261,0.6246197973596309,0.4421493167412537,0.24731262619297506,0.30054705565133005,0.3717522589358735,0.319433820843684,0.19195987939392672,0.40258075370318197,0.3868170040556674,0.3972531955573267,0.5229969943749816,0.31521321348161224,0.5385657914427235,0.46393647916500236,0.39963564737079926,0.31025970143140313,0.1498843693615427
0.8944698686049115,0.7282086545289095,0.738071816149333,0.4466156745720913,0.7250693867049524,0.6151593805952126,0.5850477881136376,0.5065594912852877,0.8749386337794987,0.5502992456987046,0.5677062554048422,0.8252048059962516,0.8819949468830198,0.6840820701851565,0.506668927246887,0.26811895133278896,0.8167407660304148,0.3176832595514263,0.4978881229345405,0.6460120589080529,0.8096018394624467,0.7141701868978649,0.5898121866869672,0.5229116919897674,0.7392896040547258,0.7420155579236163,0.5102117157026221,0.47966758792538566,0.6667816683283457,0.8254559252812549,0.7690675928244999,0.7019266331884785,0.8187910354306541,0.6387830799933477,0.2655541240919077,0.8368976096666478,0.7034304874886248,0.44586175192157745,0.7167685702344957,0.5866326651650617,0.8257729683062198,0.45137064557073886,0.8618953157139891,0.4213009117468635,0.32194164257919855,0.593410279949135,0.3329589526029856,0.5597256444873441,0.47069078351019616,0.0,0.41605499744439195,0.8252407879593707,0.6070300933913741,0.8502324466782594,0.7091821174237253,0.5658271445667501,0.3415324708889834,0.5830008171234211,0.7784701714875999,0.20781733524104984,0.6233542580422153,0.7819947906126732,0.5714554125987459,0.4598953036767693,0.3035794432012484,0.6975261667058027,0.61147275760401,0.540968946218148,0.6696666606340893,0.5067328079054718,0.4656312015675793,0.5449447119535041,0.5904432274928938,0.39772456423623415,0.5653259426521768,0.8722747893399401
0.3291305481326474,0.6701235509506746,0.3406221475215049,0.45315583996473063,0.5408782978898221,0.8416203070622479,0.29552553611887256,0.8185454530594243,0.38513871282212,0.3725215907229732,0.4305062330010321,0.5579098603905331,0.5255693468234701,0.6901388131283024,0.4196689601124497,0.2980537069750604,0.5680142516100694,0.381770682216406,0.3618059078874956,0.37146361277171835,0.7431282160431874,0.24469412260776285,0.7287239379362271,0.6844618964821017,0.37298525818010014,0.6017011533572844,0.17998588573583135,0.4546934238374406,0.36065119205440455,0.4345891719526586,0.21379689424928963,0.621201677209275,0.6836393832977572,0.2612388385106612,0.5720279377311731,0.5936760285951145,0.5442284420296902,0.2169385016752376,0.6063867206468218,0.48768028390097073,0.3694046576234727,0.5318924241073522,0.5897190196393295,0.504522198441229,0.2519822086674637,0.22856968144313128,0.6852404728692325,0.5278417620146733,0.3567440414919305,0.41605499744439195,0.0,0.2148816086691256,0.8100073139600268,0.29605854703559104,0.3949400588222392,0.5781910676642991,0.4033059256880525,0.8666349573802454,0.6449114682456611,0.47957931762211514,0.26676725594372996,0.4666258487486484,0.5199155478737405,0.35277996947635387,0.2640868769031022,0.8013304523452578,0.3338468667842322,0.720250972853923,0.599132991370648,0.44368886222190923,0.7388396342717494,0.372827898514032,0.407359002806228,0.10417434764071631,0.38352242504139017,0.23126869416490956
0.984147314262567,0.6164051049050303,0.9497713240722354,0.41456611507861246,0.8796723926574852,0.3970049060762216,0.6934107370651388,0.42030619815268105,0.9929829345013474,0.5435397738658992,0.8632608257855641,0.7321488979111032,0.9162689297508946,0.48890877694844276,0.6412052111377519,0.5505536302302815,0.7305487706372344,0.531690116149014,0.9279861020954862,0.7769205638939498,0.7496086292653213,0.9590216646260404,0.38131687136039843,0.5195964286794721,0.8002803634675835,0.8933358785748007,0.5799886670769973,0.7974159697843812,0.8413166437295351,1.0071161329930487,0.8915066062474412,0.5785916155276118,0.9030400339072042,0.7838771172137492,0.37894011188842147,0.6930796226619315,0.43000400836542485,0.4589470293958363,0.6729627188734191,0.5809508316246998,0.8916968635047502,0.5143606537260648,0.7118889458182844,0.32741118631974125,0.4794741937791598,0.8153629154975268,0.4602577971448071,0.8533587609575604,0.4298543930540353,0.8252407879593707,0.2148816086691256,0.0,0.41698138454486533,0.985004512297452,0.6588043343873787,0.6471377898495647,0.36559884434651346,0.40635032444232233,0.5221969840897632,0.3731850354675342,0.9040013461558177,0.7950722337530909,0.832708312528897,0.9128043836186491,0.4707988620487052,0.6442409736929364,0.9319154354791102,0.3474203172536776,0.7358460056316255,0.740675178867328,0.6734117524651677,0.6854920921241108,0.7282898550103994,0.5396079037213206,0.60581916625738,0.9501978654397047
0.4086578420031943,0.4932301204313202,0.5873535611728304,0.34045233939889313,0.6337081397816954,0.8430866490543529,0.3452374737986385,0.8252275619286847,0.665078669731183,0.5042361611703765,0.610365684404769,0.6944004514653332,0.6566808491925162,0.7272661604231456,0.31292808360716085,0.2709713083953091,0.8823923965158385,0.3328895216209685,0.4506483758906866,0.41189488384899275,0.720634757851051,0.3446718686679633,0.9511528919915928,0.809041233562816,0.24530306635670085,0.6465829072365437,0.20585413641289577,0.5390499934512432,0.12380386246220498,0.4715289280597601,0.3170785033141202,0.54605520379787,0.5407331819661694,0.3789187016116527,0.2668870966314503,0.6950836499735826,0.6578374762947501,0.3199026521636785,0.6297393968755883,0.5101241235660979,0.3813949790968566,0.4705619655285787,0.6304233273236393,0.5231631176384182,0.5630594282014276,0.34502018108003796,0.5838320329511555,0.7186047915433833,0.3383371664295318,0.6070300933913741,0.8100073139600268,0.41698138454486533,0.0,0.7036882613798772,0.5578527929013681,0.5061465969621023,0.6710657041409831,0.8745574362406018,0.6332371206412446,0.31856830170953376,0.26825747536417055,0.7486597381862814,0.4016200445340752,0.4973411909993105,0.2851588407366961,0.8265194868352781,0.3141034198322884,0.986461442062291,0.8061940140628343,0.21864884029711057,0.6992206488412016,0.2598866938546195,0.5920294813607889,0.12412537385823103,0.5450599879816529,0.38997838251989386
1.0018141869016122,0.8405046878096103,0.9251288603676874,0.38625864776404706,0.9461731843195841,0.5942395464145769,0.7154150510278141,0.6446236302558648,0.9198572294380019,0.6055947636242376,0.8825906065760174,0.8432509044716532,0.9108150267790612,0.649873381539565,0.6585522401193513,0.6087338805829944,0.8938919022031553,0.5678054061059389,0.8428640101734199,0.6085290583014108,0.9813331380547402,0.9339962299458016,0.661028989551995,0.6805995895290942,0.8688346856167559,0.9277218698321652,0.5501170619686165,0.8304297624495542,0.7298450421928401,0.9539714990866566,0.840221840722688,0.7482207528097928,0.9863484391095194,0.790241749635415,0.27489496845230754,0.7674132358951523,0.4860883121394256,0.3734018041437651,0.7633738366163345,0.6395726823763483,0.9192795558280766,0.5380436039571578,0.778540630234976,0.20181774601495822,0.31016177838305053,0.7499210700698921,0.45986532029893085,0.8366319137609202,0.4099841511985027,0.8502324466782594,0.29605854703559104,0.985004512297452,0.7036882613798772,0.0,0.7133410060933926,0.6726319794413234,0.4187186704604283,0.5229564908148397,0.6381166417929758,0.41174715716328353,0.9216904348442903,0.8457799500350784,0.7823700299644508,0.7601166085074132,0.45943136058783873,0.8148799078482203,0.8216506862533308,0.585176850581151,0.7685283383440663,0.6338897540040119,0.7071334094293018,0.5798545388797129,0.7708435506104631,0.5009279933407907,0.539013202576301,0.9430257435027811
0.5863925269859661,0.5289787797801998,0.7840262543119602,0.25918836875992746,0.6981238631877029,0.5579556008936644,0.615164979467228,0.41773719403987664,0.7818982477594753,0.6421357241003709,0.5980481789664157,0.6204371401238544,0.7970279212845062,0.3857770977951027,0.36236274711938815,0.4058608938219166,0.5077422044908612,0.12019940554624725,0.6982649670791864,0.6961234863014123,0.6787101759209829,0.8478633472685742,0.3821411710392235,0.2732220424525696,0.5532286061026378,0.6391108364119781,0.5644503790816264,0.6520764277058768,0.6778948438804618,0.7147645536026158,0.5955323834474432,0.38421240822248404,0.7104124631769766,0.6139060803802444,0.3382586490627245,0.768148985789602,0.6086362539170962,0.48612666200829147,0.46120975226496536,0.5998914691001389,0.69696512578439,0.4979382320783614,0.8497759627385688,0.428080409258323,0.446587611198613,0.5140150649771767,0.5422791027186991,0.7514295900019234,0.33119360167152834,0.7091821174237253,0.3949400588222392,0.6588043343873787,0.5578527929013681,0.7133410060933926,0.0,0.4337399801783022,0.5140475612538079,0.6512696637183745,0.6577659503810868,0.1938086041600796,0.6122012655042677,0.703933974214753,0.5671579078235337,0.7727879263983184,0.3616721024554763,0.5925249014305897,0.6415410701081306,0.41020922995739273,0.6199219398286936,0.5298315015767325,0.6585119565474447,0.5736857034412759,0.8308311282992787,0.48686929392058925,0.6018270395815116,0.7421753180975387
0.8012496999770518,0.3466952555819418,0.5237889880130424,0.4798715570859648,0.6007622400932472,0.43822892634799776,0.5144606469241375,0.5466535251995313,0.6193426099508101,0.29116832344223037,0.5290180311504222,0.5145447351593042,0.5634872245785655,0.5867778389384086,0.6409512187003277,0.44667729485162094,0.5971741796962995,0.5033638768263505,0.4958318813763452,0.5804718350629028,0.7150430218409753,0.5255136856403635,0.4874905825787433,0.7727574853792798,0.5838551969227703,0.5235441984897169,0.33179441317404235,0.4950005394370434,0.5733022725781697,0.785896471087153,0.7876395728560363,0.7638240418599896,0.5973583160487431,0.5871356733192958,0.47915017312509,0.32248847940342606,0.3844967070495789,0.3442297358605858,0.8039513055596157,0.5452329416317709,0.6536392056347747,0.4802863027944288,0.3063477970912963,0.29785010616375174,0.4899912212381481,0.7473299186850622,0.4550404887021118,0.4766088914785985,0.681915727550273,0.5658271445667501,0.5781910676642991,0.6471377898495647,0.5061465969621023,0.6726319794413234,0.4337399801783022,0.0,0.32954375858281026,0.5135209421243376,0.559726924943772,0.6261223609932707,0.7201545143575295,0.48623829886755743,0.5749750283140033,0.40598637733374454,0.5152466241710302,0.6927874458659643,0.6012445142951292,0.4050881247307584,0.8149865751853218,0.6465487097184875,0.5264722809884563,0.5709501572125623,0.5996006620399846,0.5414170860588625,0.5231852189903229,0.7364730749795724
0.20193753131564265,0.36994246444423184,0.4365234521971534,0.34204912841384644,0.43137941527478074,0.559836523144051,0.3207850120988364,0.7626433240754641,0.35834912072760206,0.6970617320515153,0.42475522288568174,0.49873130172309366,0.4122778242654753,0.7566863657213565,0.20089832498060306,0.27555921319682153,0.4401190856582943,0.20958150408693632,0.5016958312105136,0.21370810498949674,0.4283880386253685,0.27901787055944327,0.6013425292848378,0.5622654120072217,0.11432770266407061,0.6320461048736921,0.1883069337101284,0.24514083319279878,0.1558523235720093,0.33107861672743,0.26990050321047115,0.46776688677031064,0.34869482180920136,0.5038146232076011,0.4207417856318788,0.6470744420385064,0.622371438978007,0.6130643209398872,0.4221133003721907,0.6587797037384506,0.43939668702847673,0.43129613153927093,0.5949739828473184,0.5140303684530168,0.6999635969910775,0.39190620436465406,0.3862729652678076,0.5523503691277224,0.513273898158502,0.3415324708889834,0.4033059256880525,0.36559884434651346,0.6710657041409831,0.4187186704604283,0.5140475612538079,0.32954375858281026,0.0,0.4949977852376342,0.5984989700288658,0.26061330288958656,0.15441810923652466,0.30665212603835246,0.0371008262783758,0.40328889076451546,0.16852847931939408,0.41092776790165025,0.15515452752173092,0.5934982938674112,0.6159058661333338,0.1761123563696878,0.6147718674930769,0.18203373783577248,0.424691217577187,0.09049687828153469,0.4814500354250494,0.22697396593124836
0.6122364752430669,0.7398208929184257,0.71494751318895,0.19895689729307367,0.7439707859629433,0.854832471682816,0.5259992414183059,0.7832570840456399,0.6416512449008317,0.4816179954904519,0.6654326672617312,0.6760262716538312,0.7079985350277423,0.6574454778352575,0.41216390582516715,0.28457248778320643,0.7110357126707372,0.4104267350183478,0.668483340541619,0.5466391438155703,0.9061646695945493,0.5673805625533723,0.7615797875119295,0.730723903845841,0.4703398579795128,0.8193828255204016,0.37410853089786017,0.7005634488853809,0.4153084109107572,0.6607224876808754,0.4575287324649457,0.7041760629933493,0.887049324517061,0.6959704657116501,0.5063728549487482,0.8112550737059614,0.48975697176650923,0.34156796510658244,0.7226204781468625,0.7392711600659403,0.6609112006966062,0.6219337736995183,0.6552592836402273,0.3769116077845509,0.43232140939647945,0.5991232907200136,0.761950567922046,0.8438943106687775,0.4159392281399469,0.5830008171234211,0.8666349573802454,0.40635032444232233,0.8745574362406018,0.5229564908148397,0.6512696637183745,0.5135209421243376,0.4949977852376342,0.0,0.5824106101517375,0.4933910284827054,0.431826271613841,0.7456323375914885,0.62293082768864,0.8179614076891267,0.3142862106481078,0.9539929037940922,0.5676623360932223,0.7748434595129967,0.7989665879616431,0.581488780736931,0.8927235225997395,0.44331048063658246,0.6207449908820375,0.191062416428592,0.6488208612267692,0.5014669101342049
0.5583169543624089,0.3978145244729182,0.4988777992600858,0.45788151635108576,0.5930750106265473,0.636362121145078,0.4180604787802155,0.6088015631727188,0.5877083656014823,0.60688642796281,0.3618473524360868,0.7278981975535614,0.5528892873512694,0.5695706898008874,0.3557733022568017,0.29264209990652346,0.5365450551551094,0.1492044395516437,0.37938300033954897,0.6371210257502006,0.5860257124202498,0.39749484776323174,0.6547307567917084,0.5706454694853427,0.4293902222843694,0.6644492203351149,0.4458205280668433,0.2702192310574133,0.3775803842402123,0.44349964574562406,0.4708794258463806,0.5024112517628734,0.4437969619149914,0.28030120191218943,0.3712665125677329,0.8256902827975516,0.7285134703308146,0.4606364553887392,0.5968522647304385,0.5332832549868616,0.5490097308434275,0.4267906146127709,0.7582293369846699,0.5711772694118448,0.3981964229122355,0.3197956028530375,0.4418427323834237,0.49378106543926203,0.2828791720232261,0.7784701714875999,0.6449114682456611,0.5221969840897632,0.6332371206412446,0.6381166417929758,0.6577659503810868,0.559726924943772,0.5984989700288658,0.5824106101517375,0.0,0.09940424233492551,0.4093928392457131,0.5996853597982846,0.34051372202036534,0.3798186117534081,0.40563814504657925,0.696099536263948,0.33666160672505807,0.6634707555650315,0.7090092026329773,0.42230183653035336,0.5360593465734992,0.41540315346933276,0.5563663024298332,0.41548476540527657,0.532123877477687,0.4628758436074154
0.6014056271157301,0.4368350755398694,0.4042079793742128,0.6730313416269194,0.5216735365413918,0.40006836445206445,0.6906952053460285,0.3974753178525489,0.4869967310492573,0.30663133102119056,0.5749436900953807,0.09410660105219143,0.40625884609158536,0.4509618226448957,0.799626913490631,0.42778573890420357,0.26013260210082534,0.5799362095185956,0.6115138713502457,0.4195746952593455,0.4492172648976074,0.4344722321001542,0.35934488357288896,0.49504384868411044,0.5887951004899706,0.22771671886231182,0.6268690331116592,0.5525246595893079,0.6956122230185539,0.5669744047369653,0.6511574775846368,0.5815022103814491,0.5059165847709731,0.661178426513003,0.7008824921663264,0.2114065833631627,0.2921318921720976,0.2871521826824377,0.663114551829022,0.26131568838239316,0.5460730345472617,0.5487681585679239,0.09786133679295139,0.574915939255504,0.4820490793851692,0.6484242417723111,0.5464641020051121,0.45018411293227334,0.6246197973596309,0.20781733524104984,0.47957931762211514,0.3731850354675342,0.31856830170953376,0.41174715716328353,0.1938086041600796,0.6261223609932707,0.26061330288958656,0.4933910284827054,0.09940424233492551,0.0,0.6344592335033401,0.29557013873794674,0.5754548246462116,0.46824808936971574,0.6536830332354759,0.40946348818352685,0.6108943025602518,0.3594233982376286,0.3977698138600414,0.738787613313196,0.48456821692792307,0.6640451315654813,0.298974352548998,0.7393466039807535,0.3591370377984831,0.4397688572760774
0.8640757207817782,0.5161023781580532,1.0178551381931,0.5536272686306317,0.8179456255166444,0.3728302988645594,0.8194398382451245,0.3390624102133059,0.9609055239848885,0.3273967219891375,0.9314192523453183,0.5028770435626886,0.7256895263364415,0.2431847815973281,0.624105861376894,0.7764524881586345,0.35380022662266913,0.7199047674480378,0.8991345757229399,0.6657604860067214,0.4610568371414711,0.9085864071700448,0.33376312625150123,0.46576664869021395,0.9894051288681076,0.5857394026733559,1.0029927542949406,0.8367637059069661,0.9590396647651301,0.8716051571169634,0.8677275016570963,0.5262934909146485,0.94064217511244,0.7669502795617897,0.6021408839546515,0.47648283080860665,0.14359101447776945,0.456172729065071,0.6307894925821363,0.6881642645192624,0.7835973338145843,0.5416118077629722,0.4627740920201912,0.2624679028445784,0.41941915697176013,0.8327221975067166,0.4335221989494932,0.8124946446604403,0.4421493167412537,0.6233542580422153,0.26676725594372996,0.9040013461558177,0.26825747536417055,0.9216904348442903,0.6122012655042677,0.7201545143575295,0.15441810923652466,0.431826271613841,0.4093928392457131,0.6344592335033401,0.0,0.593850944779617,0.8226755144452998,0.9090800047439436,0.7993183525246035,0.43239714795015716,0.8914713435628483,0.14874901289181885,0.5472483485657421,0.7458124320182274,0.6159710640034937,0.9843464048543036,0.7327975035199231,0.8621169193834599,0.6541931511062005,0.7542932828510989
0.7112546407896002,0.6653459913597852,0.9216541337922436,0.23292325924672788,0.7137299381048301,0.6443594275902171,0.7072894636263782,0.6290796654942161,0.7434148399436171,0.5067264130165031,0.7064571761759695,0.7322881883555471,0.7831410205108921,0.29140659845989403,0.44365815125357333,0.3477472269288022,0.7291729130146699,0.35436010492980086,0.5593338736075054,0.628596751028231,0.9689071401796601,0.7324309216387812,0.6796935636637796,0.37603084062820313,0.5932326965694731,0.7598855483489165,0.5973818207578552,0.6704243753004973,0.5722243831653098,0.7168846598987378,0.5711856780913752,0.5834013954536822,0.7637680121652144,0.5876781705224727,0.32856380678557595,0.8889896627810167,0.5014502610996452,0.43230922530661775,0.5715821377180753,0.5844957035488628,0.6440614260778558,0.562413558024877,0.9044122268641898,0.3659614554553753,0.40650111871404665,0.47382035406646233,0.4259917846503759,0.9373939062632138,0.24731262619297506,0.7819947906126732,0.4666258487486484,0.7950722337530909,0.7486597381862814,0.8457799500350784,0.703933974214753,0.48623829886755743,0.30665212603835246,0.7456323375914885,0.5996853597982846,0.29557013873794674,0.593850944779617,0.0,0.5991222021292723,0.7786738369291074,0.3515329267644265,0.750381411988747,0.622826666705601,0.591088154568539,0.5710999623452337,0.43874595918353426,0.5654090252394813,0.5221407118695879,0.8336836087537147,0.30058916035675937,0.5815298876537252,0.6596623751518585
0.7454053762987363,0.7492921158891855,0.9759596250664262,0.43486346391701225,0.7532279598321342,0.6570964555378472,0.787571801329467,0.41622583174431865,0.8741871835510979,0.39107167371685503,0.8670939586216688,0.540182583288289,0.68460335354305,0.28285825988241226,0.42389032561240575,0.7200475307203464,0.5419583376315116,0.7752928445928837,0.7469990349688462,0.5208023762760601,0.6737394721532871,0.8648169345641987,0.47053864489560615,0.42047316356949305,0.8473170578350109,0.6510462191291887,0.8573888794625146,0.8442424202447348,0.7883195247977601,0.7455841184426205,0.7027237478313191,0.5624786528822415,0.8606845566785752,0.6672460086745542,0.4930353075317009,0.5037499650249738,0.15228319732266515,0.40729110033029525,0.6434899808886368,0.5964719693108145,0.6917432729047324,0.47036430828941556,0.6318422539454464,0.30826134897733004,0.3546341120289088,0.6646766587583433,0.5789329358531031,0.9045026070490567,0.30054705565133005,0.5714554125987459,0.5199155478737405,0.832708312528897,0.4016200445340752,0.7823700299644508,0.5671579078235337,0.5749750283140033,0.0371008262783758,0.62293082768864,0.34051372202036534,0.5754548246462116,0.8226755144452998,0.5991222021292723,0.0,0.8980473146906289,0.5705017557594759,0.5337508566630091,0.7874817968371087,0.30078042011595096,0.467356797763611,0.8163170832566128,0.6286507859742697,0.890286022411084,0.7470540053132466,0.6450629165501494,0.4741180474882998,0.734940301759082
1.0054380665095912,0.7857293298414486,0.7375614207744259,0.31763103468405124,0.7863587976671265,0.5698005061554889,0.92709572703328,0.552454022687116,0.8423172667923273,0.6021021949560709,0.7316975941014069,0.6494505927767655,0.9420965852554319,0.39625447596512964,0.49252144778012413,0.6504505784438854,0.9884277770624528,0.7247299417312467,0.7973509577584642,0.6084321082701044,0.9845049679394615,0.9312039700996043,0.5276148255235319,0.7199482342452198,0.9967781608650941,0.9807650386844533,0.6388416247219891,0.9984600694042847,0.9066350211175996,0.990362415251584,1.019683523692305,0.7389540157238539,1.022879390783536,1.001986164670873,0.5157756216867916,0.7082286175539674,0.4562080885436899,0.38838816310402025,0.8026871988144145,0.8725579251443718,0.8726588716662493,0.7414518616108503,0.5662774664661387,0.22665621005114217,0.4625653145353408,0.9249088517013657,0.6281898812983057,0.6998716778741008,0.3717522589358735,0.4598953036767693,0.35277996947635387,0.9128043836186491,0.4973411909993105,0.7601166085074132,0.7727879263983184,0.40598637733374454,0.40328889076451546,0.8179614076891267,0.3798186117534081,0.46824808936971574,0.9090800047439436,0.7786738369291074,0.8980473146906289,0.0,0.5685618052717937,0.9183403780400208,0.8316489917520027,0.4346708746635197,0.8147029853250651,0.9012094507938975,0.9099774400744309,0.6695650006837289,0.9793421975476488,0.6985627079388662,0.8382931341815962,0.9109298641595813
0.828073872206896,0.3769285695652788,0.3910450777715486,0.6667323351900831,0.49704643125450937,0.2232938687406537,0.5501660074448189,0.3583976292509343,0.5523523841277374,0.40408219026870007,0.5487469267867732,0.2988711721700782,0.5257311518576249,0.4164842877988238,0.768095749334066,0.6332689610672696,0.2508003852106707,0.43585733057602666,0.6684346909102946,0.6119284446473287,0.5511529964584692,0.6637574790188433,0.32958184171762656,0.36450062320914384,0.6654715005272889,0.38570232697653795,0.657301062458106,0.5931171256938417,0.8537494530302007,0.6662338271163519,0.8187959037247193,0.6415610365922727,0.6595486608498293,0.8085347182337094,0.8061097388632397,0.38303932961421033,0.27071287161397384,0.31107238910376545,0.7473806461579988,0.37879940204449414,0.8654601494039653,0.7451637592184193,0.30881873197809795,0.5038406661717464,0.29026030083653764,0.8012620042575396,0.4113281238847456,0.4054473210624697,0.319433820843684,0.3035794432012484,0.2640868769031022,0.4707988620487052,0.2851588407366961,0.45943136058783873,0.3616721024554763,0.5152466241710302,0.16852847931939408,0.3142862106481078,0.40563814504657925,0.6536830332354759,0.7993183525246035,0.3515329267644265,0.5705017557594759,0.5685618052717937,0.0,0.6150017759962884,0.5483356564674305,0.18135240168130715,0.4962484931407199,0.7218013518706717,0.5215113848382221,0.7182717279351831,0.3519792757465515,0.6844476671580803,0.6873346221993235,0.7868229623815708
0.4203047173705365,0.6481804866844867,0.8574915513775482,0.5170427283059484,0.6819588777126699,0.8634436086364509,0.4705845823488985,0.8202155252608301,0.8219727038145721,0.45393161781804986,0.6906820798834481,0.6471933808434602,0.8779247096991527,0.5086225065390628,0.45788443577251325,0.4445057028695365,0.7240679848440947,0.4466354174470348,0.7068462472022075,0.65574600629006,0.7154697731513173,0.6274584485408597,0.8203315038168802,0.5891529925118526,0.5156225272148649,0.8602854020415822,0.7059928241035941,0.8039029697340174,0.31841476894445897,0.6608613786020934,0.37983317277123724,0.5131667217299475,0.6763177954678884,0.5767491631968458,0.292844188323252,0.7770095388184999,0.48712997769366223,0.22985761820861483,0.6202904925262708,0.3651538543865429,0.5296371328881281,0.5894751413163676,0.7753249456421204,0.4729213964775974,0.3486596769820816,0.3441767585820254,0.6411317944078166,0.944598362500513,0.19195987939392672,0.6975261667058027,0.8013304523452578,0.6442409736929364,0.8265194868352781,0.8148799078482203,0.5925249014305897,0.6927874458659643,0.41092776790165025,0.9539929037940922,0.696099536263948,0.40946348818352685,0.43239714795015716,0.750381411988747,0.5337508566630091,0.9183403780400208,0.6150017759962884,0.0,0.6001211591112459,0.8018851326278722,0.6765085248774543,0.4137069120158675,0.7943324980288812,0.7169325739372283,0.848886051675745,0.24832195501660076,0.6637565861263678,0.48438710728079426
0.9471520095741067,0.5473574241173516,0.8430576947667678,0.5703360534643322,0.8696946230264315,0.3290217751750687,0.9253010820891912,0.3003900849837093,0.8876235629660809,0.37274341415003076,0.8459307195826815,0.43592368532071857,0.773972185009107,0.3614368144798098,0.6254086806468628,0.5001052813881642,0.405521784582739,0.59542624328703,0.8720837337431898,0.4256234509245961,0.555001135323467,0.8511598906701662,0.3490372920053735,0.4365265541013841,0.9104658800068682,0.5676285673613636,0.8657222693675064,0.8633560208182451,0.9052002519303733,0.8776040482829723,0.9196074264396631,0.6149600935866275,1.0069113376275878,0.9623949146360533,0.7010483596935042,0.48486859682562145,0.20958321760362292,0.39878557424474426,0.8667615685960837,0.5316599205996508,0.8875873054872618,0.7204785744016912,0.4329522892678295,0.31172017201921837,0.4074253004998306,0.8160104415201653,0.5108562571487517,0.7346816207836433,0.40258075370318197,0.61147275760401,0.3338468667842322,0.9319154354791102,0.3141034198322884,0.8216506862533308,0.6415410701081306,0.6012445142951292,0.15515452752173092,0.5676623360932223,0.33666160672505807,0.6108943025602518,0.8914713435628483,0.622826666705601,0.7874817968371087,0.8316489917520027,0.5483356564674305,0.6001211591112459,0.0,0.29920586910240154,0.4961252439595288,0.8840126651675537,0.6561873084493022,0.8769741234176776,0.7121309707030224,0.7544722164719764,0.6946949179035142,0.8824904277577902
0.20398736333779288,0.46179234928879714,0.4775036942751657,0.38742986405939567,0.4841059335103972,0.8707772737768082,0.3085003585528173,0.9625039173510002,0.4800635474707347,0.5181090706744014,0.5180860154122054,0.690459435447185,0.4886269414116878,0.6909548188964183,0.4203310872398204,0.29976228756538714,0.8870248645059187,0.3855652423101984,0.3428397037787999,0.3403796530392417,0.6767448830688316,0.2734761749761713,0.9566981829498797,0.8128129395105803,0.221739696624567,0.7744519368706312,0.12906895275163438,0.39623372539501406,0.03828012493212518,0.3550954524203196,0.17919636170915254,0.5185910082982966,0.5687458779021833,0.38990394555982427,0.16108382080362543,0.7295804054617054,0.7639697742981497,0.3744621660749518,0.5062004731684383,0.6344937934529158,0.39913730857837093,0.571609537345459,0.7072828343870814,0.634568895727498,0.5504509172921898,0.18173950361838248,0.555805161687345,0.5637886877056552,0.3868170040556674,0.540968946218148,0.720250972853923,0.3474203172536776,0.986461442062291,0.585176850581151,0.41020922995739273,0.4050881247307584,0.5934982938674112,0.7748434595129967,0.6634707555650315,0.3594233982376286,0.14874901289181885,0.591088154568539,0.30078042011595096,0.4346708746635197,0.18135240168130715,0.8018851326278722,0.29920586910240154,0.0,0.7487547095143061,0.09034150777608635,0.7094990586189923,0.091191349915062,0.4376555729807449,0.10057920820033278,0.43905158469077893,0.27798958910754795
0.3813722832495384,0.507364713861168,0.7451790361977333,0.24124959043336608,0.842154378476522,0.5856204323123377,0.576976912145197,0.9396168952188287,0.6788807174733436,0.38687910650579727,0.9513583506454895,0.6402965493486633,0.5855537890656637,0.7992856746535358,0.3234254792239407,0.40600899503066407,0.6179622752280713,0.41811367078287676,0.7880645034564598,0.49732771857195185,0.6566484288984709,0.5023058112364673,0.8150336330138329,0.586300554566181,0.4497360133816801,0.5929758832929242,0.4211650079579464,0.6600301609614319,0.3510891104065722,0.6596695138737094,0.5017064547091651,0.5748498317447164,0.5677753027567635,0.5750419423834805,0.35108519831090557,0.6580164430098998,0.5779619152639782,0.18011362070063652,0.6495551632348928,0.6446371077410806,0.5869559556821489,0.4795721178874093,0.6450873598743734,0.3984892751303254,0.39464236287350685,0.42035002846299163,0.6284069775919439,0.8671912791661724,0.3972531955573267,0.6696666606340893,0.599132991370648,0.7358460056316255,0.8061940140628343,0.7685283383440663,0.6199219398286936,0.8149865751853218,0.6159058661333338,0.7989665879616431,0.7090092026329773,0.3977698138600414,0.5472483485657421,0.5710999623452337,0.467356797763611,0.8147029853250651,0.4962484931407199,0.6765085248774543,0.4961252439595288,0.7487547095143061,0.0,0.6070229704703763,0.7745051588648448,0.5025015417252691,0.7477380290872337,0.33293996562571804,0.6184145610897263,0.48826845894928195
0.6840882336325125,0.48962768858878924,0.8264669964998703,0.5244553290898282,0.7474287093743365,0.3233998694626091,0.8267663149654955,0.3302938284893797,0.7548903254364667,0.06020767980177377,0.9627633011156898,0.3488250915527363,0.5188073520636304,0.24427010262944526,0.4557935896316642,0.6250133505853273,0.36418209175066085,0.6849182047922782,0.8385531622714271,0.6263437100502767,0.41422069462076183,0.8274446712261452,0.29951707847594855,0.5238410151348982,0.611744741182332,0.48856919260138504,0.8327757439245758,0.8142196907109736,0.827254714481612,0.9163549826449003,0.7278518008532349,0.48574852749017944,0.800909499893464,0.63626138102047,0.7093312577123629,0.39412904337995047,0.24259174022399177,0.2986216761503516,0.5334013484711924,0.38832076834330337,0.7039542474627941,0.48734927573062387,0.5066917935632398,0.2796200578111389,0.3451670477515393,0.6779905823781504,0.2323355638415981,0.8236336929034198,0.5229969943749816,0.5067328079054718,0.44368886222190923,0.740675178867328,0.21864884029711057,0.6338897540040119,0.5298315015767325,0.6465487097184875,0.1761123563696878,0.581488780736931,0.42230183653035336,0.738787613313196,0.7458124320182274,0.43874595918353426,0.8163170832566128,0.9012094507938975,0.7218013518706717,0.4137069120158675,0.8840126651675537,0.09034150777608635,0.6070229704703763,0.0,0.5051400039626889,0.9375573722719193,0.7560006347628537,0.7127126700649098,0.5221252468919977,0.6886857234904107
0.46575289721379637,0.5970270947936929,0.8344334514945894,0.4325307696620343,0.7336966126798687,0.7592999969113455,0.5880074746124352,0.713031747449611,0.7300116130976773,0.4991031798817623,0.7440633465891706,0.5641115530886476,0.6641840024212453,0.5997123562078955,0.3030168430295919,0.5875405125635655,0.5223542112732176,0.6097777181668134,0.8135935243718191,0.4629838773342219,0.6548414912193153,0.6458042465619669,0.6740469228732916,0.5639979160983994,0.49359047043440907,0.6242168576202922,0.5672015892441483,0.8091890673005682,0.5042289164381114,0.6033383842396609,0.4794706203317848,0.5807156865819489,0.7875705047993502,0.6220263281778697,0.39961811368548655,0.7062063922369544,0.49902986733324634,0.29466856270564357,0.7183352082406563,0.7304049510283182,0.5694456213568859,0.5787172145657089,0.7111148314778974,0.4223319919539198,0.521116997418752,0.4643963845672231,0.7310413397667392,0.8779672762573174,0.31521321348161224,0.4656312015675793,0.7388396342717494,0.6734117524651677,0.6992206488412016,0.7071334094293018,0.6585119565474447,0.5264722809884563,0.6147718674930769,0.8927235225997395,0.5360593465734992,0.48456821692792307,0.6159710640034937,0.5654090252394813,0.6286507859742697,0.9099774400744309,0.5215113848382221,0.7943324980288812,0.6561873084493022,0.7094990586189923,0.7745051588648448,0.5051400039626889,0.0,0.6432651328032518,0.7731574143729965,0.3992589941618143,0.7283283860787904,0.6108692377329723
0.9787253597916539,0.5177813540018059,0.5081074593791284,0.58808840541794,0.5688021289562311,0.23435155281302034,0.6901011044484335,0.22088624920710984,0.6694240719839317,0.2796026467275704,0.5804020481108675,0.32799915638843785,0.5705816861956466,0.35328151502010197,0.6927073193349584,0.7801965901934804,0.401980415377315,0.6909803767886998,0.7066496703181546,0.5297444505051999,0.5731894640702866,0.8360082322543115,0.26363299167167764,0.4196278217916503,0.9248713296304765,0.5212266795252248,0.7839339467275397,0.6355503947521534,0.8637268800956465,0.9116510514365237,0.9483731900117272,0.5901816760869456,0.8782639452845216,0.8596476319172106,0.5510420169643722,0.4287118994215958,0.23173224308165055,0.2948254630519175,0.7904022531463357,0.5180508136931257,0.9625624200653393,0.6907931548368478,0.45523353768414176,0.392174064545148,0.4153145789357121,0.8773855274773092,0.4856824450564785,0.486204667261866,0.5385657914427235,0.5449447119535041,0.372827898514032,0.6854920921241108,0.2598866938546195,0.5798545388797129,0.5736857034412759,0.5709501572125623,0.18203373783577248,0.44331048063658246,0.41540315346933276,0.6640451315654813,0.9843464048543036,0.5221407118695879,0.890286022411084,0.6695650006837289,0.7182717279351831,0.7169325739372283,0.8769741234176776,0.091191349915062,0.5025015417252691,0.9375573722719193,0.6432651328032518,0.0,0.6368309189089226,0.9207864525190632,0.5962724463385413,0.9089931002330207
0.8191355457629375,0.7770503670736423,0.8397014253731325,0.23316291091381863,0.7864793131583134,0.6279712877786676,0.8679441063531355,0.5683888174374967,0.8374369393423156,0.6206757955569091,0.769800019741511,0.7262935426813699,0.9133026851420172,0.4771949520512583,0.45740545518858744,0.3174131282510203,0.7204854917911854,0.21057511532261686,0.7922060125985332,0.7246183812455577,0.8910051208657479,0.8997357327408622,0.49739186310735817,0.621696019627382,0.8003285402162545,0.8729234423065876,0.6684028549984666,0.7908215899039147,0.7628027620036522,0.8892946469302914,0.7719545938226808,0.8148372454005116,0.9541998574056332,0.808287831425293,0.6170501854150803,0.8303424794956368,0.4312531266791092,0.3491248101260892,0.7501645808635883,0.8175087856452852,0.9114368581708329,0.686476853458466,0.7994907143546586,0.3530424267855803,0.31751361374964016,0.6361250279162298,0.6006621289939749,0.7933752215940574,0.46393647916500236,0.5904432274928938,0.407359002806228,0.7282898550103994,0.5920294813607889,0.7708435506104631,0.8308311282992787,0.5996006620399846,0.424691217577187,0.6207449908820375,0.5563663024298332,0.298974352548998,0.7327975035199231,0.8336836087537147,0.7470540053132466,0.9793421975476488,0.3519792757465515,0.848886051675745,0.7121309707030224,0.4376555729807449,0.7477380290872337,0.7560006347628537,0.7731574143729965,0.6368309189089226,0.0,0.45149550452407083,0.8052082672294124,0.8276124899435287
0.8587559654770747,0.4961107995929181,0.5054503288010869,0.704517867554943,0.45310694006514685,0.14332182580857838,0.6298169135032688,0.1809725594815313,0.6093816347611386,0.33491715327125826,0.5256822928785191,0.2934725923770044,0.5559296556031079,0.25886378200063737,0.6735223075794484,0.7637740712718789,0.19525582061567087,0.5790285302863086,0.7242522467909694,0.4514825441013261,0.2852869724071721,0.796234536426633,0.1735718466254605,0.31982226168401556,0.8213777855656493,0.4398748822562223,0.8982349328449968,0.6659866504481832,0.8723970812997525,0.6770992602666897,0.7872935055322822,0.522488501030774,0.8327064781020473,0.7555280129159603,0.7143027830448502,0.31406041411787294,0.08290298927718598,0.29718652967347425,0.6474258570694305,0.36988385362040394,0.8350642814685821,0.6318503514765816,0.3810772308387497,0.4479804758938479,0.32946690718964255,0.8482822529077648,0.3549575113803094,0.3891288013005045,0.39963564737079926,0.39772456423623415,0.10417434764071631,0.5396079037213206,0.12412537385823103,0.5009279933407907,0.48686929392058925,0.5414170860588625,0.09049687828153469,0.191062416428592,0.41548476540527657,0.7393466039807535,0.8621169193834599,0.30058916035675937,0.6450629165501494,0.6985627079388662,0.6844476671580803,0.24832195501660076,0.7544722164719764,0.10057920820033278,0.33293996562571804,0.7127126700649098,0.3992589941618143,0.9207864525190632,0.45149550452407083,0.0,0.471466307571639,0.7669119404946605
0.746492285308096,0.5987927719224,0.677229511071736,0.39667719377601723,0.6610882507293095,0.5456830905865364,0.7042029409400762,0.5571154278874798,0.6375717370481165,0.6758934418369146,0.6641067067395896,0.5515348542423316,0.8223576273671941,0.5384928866957019,0.4854917882623411,0.4902661805568038,0.4308632841731564,0.3889423810131333,0.680720281489569,0.8234665541668535,0.6216021613479411,0.8202993522438549,0.4512298932757277,0.39466611140237606,0.5599088875150255,0.7648037719024097,0.6298628826399487,0.750913876468163,0.7384533701227642,0.5990630424662807,0.7246475789586538,0.830006093431583,0.7672438569107083,0.7995510858128921,0.6378297653931797,0.7907491999517734,0.5327021190010162,0.47842207141933707,0.8567983982524424,0.6743752430841956,0.8300542888138056,0.8419210376399338,0.7332024539435812,0.4873815183155588,0.5135150704361112,0.6507593685459443,0.500835164598034,0.6354406197144491,0.31025970143140313,0.5653259426521768,0.38352242504139017,0.60581916625738,0.5450599879816529,0.539013202576301,0.6018270395815116,0.5231852189903229,0.4814500354250494,0.6488208612267692,0.532123877477687,0.3591370377984831,0.6541931511062005,0.5815298876537252,0.4741180474882998,0.8382931341815962,0.6873346221993235,0.6637565861263678,0.6946949179035142,0.43905158469077893,0.6184145610897263,0.5221252468919977,0.7283283860787904,0.5962724463385413,0.8052082672294124,0.471466307571639,0.0,0.8324641064753984
0.8464161568546613,0.5506529046464149,0.9686511280422628,0.4707066693550566,0.7661470827543547,0.29748009092982214,0.7920664177783641,0.37424650865042375,0.9880072253779304,0.5054545468846786,0.9038860508081871,0.6826263456789783,0.8218571306239782,0.17663461381891377,0.6100351063813256,0.49982088339192804,0.48431746191452263,0.48389377116211657,0.7246747345106761,0.931680428337705,0.49682243867171694,0.9721101694081198,0.32300129456484716,0.2718177264336574,0.833495500348157,0.6286147432749739,1.0179528631320494,0.7882418397357471,0.8845823821429057,0.9675296871077111,0.8461541573161477,0.5306656573392665,0.8519397665305819,0.789921458453237,0.5808569772018064,0.6150505782919881,0.36711435198654696,0.505016271204614,0.730242655174203,0.5128051291677572,0.9502823996299226,0.6388743278292367,0.7023046584541357,0.24730814663879075,0.4263222294256677,0.7497526310205941,0.41313659461985125,0.7404768149972922,0.1498843693615427,0.8722747893399401,0.23126869416490956,0.9501978654397047,0.38997838251989386,0.9430257435027811,0.7421753180975387,0.7364730749795724,0.22697396593124836,0.5014669101342049,0.4628758436074154,0.4397688572760774,0.7542932828510989,0.6596623751518585,0.734940301759082,0.9109298641595813,0.7868229623815708,0.48438710728079426,0.8824904277577902,0.27798958910754795,0.48826845894928195,0.6886857234904107,0.6108692377329723,0.9089931002330207,0.8276124899435287,0.7669119404946605,0.8324641064753984,0.0
