0.0,0.7162332777478105,0.05656413375212926,0.0,0.07325037488122782,0.21501649165452671,0.3342646761021807,0.20878487056085843,0.3490442717298745,0.2531288973708591,0.36925017687853273,0.46230840887656577,0.37544235218581373,0.23152363333900627,0.14111070458084315,0.6516163511398785,0.20775703030568288,0.585681548208579,0.0,0.46775111727725605,0.16845394107693004,0.5562895420181994,0.21803141762588596,0.7650435571913524,0.5267494981363204,0.6258117762258714,0.3158427434590329,0.2537733993502163,0.3986810214019764,0.585772850135042,0.47729130744144915,0.6228096653008182,0.42271545655937287,0.4932347614919101,0.681931091762647,0.39054759012778795,0.5080469632898564,0.23503970974077124,0.09337904693381194,0.1062254319704093,0.015032248143338221,0.1815750808954206,0.38610515787305616,0.0,0.41520701486061445,0.5180404441830876,0.3494458918101025,0.0,0.0,0.0,0.2805227273969184,0.0,0.6046022598450174,0.0,0.23443455125812054,0.0,0.010273132234112345,0.29548099381230813,0.0,0.0,0.21575632151643376,0.046505976982740456,0.18053597253912382,0.0,0.20797171712015758,0.19019973238077856,0.2844821605719783,0.36334843503676273,0.3142090024148925,0.2152571674304012,0.2704380150485635,0.18240029618716436,0.49814031107112866,0.3817006930127416,0.0,0.17401442195985833
0.7162332777478105,0.0,0.26142700126976554,0.587976919777223,0.22669254124554222,0.42542541183878846,0.4432340082459487,0.4486182332318269,0.208909527926107,0.27000833545183545,0.06728234569034307,0.1662212079439505,0.3838406295157938,0.2408644627932091,0.3919133916915078,0.6103967887159446,0.43852190718714634,0.6178388421439157,0.4452851518464137,0.5817872404622771,0.4959654640963893,0.6219225831501928,0.5602658070362758,0.4375114333257413,0.6086893888820931,0.5974014903890211,0.5151951832344684,0.40982963955410795,0.43019574284333084,0.3879619102482211,0.5893203560555919,0.6674724750137397,0.4918522848501314,0.6492641569896009,0.8334131844734899,0.39241583946265657,0.0,0.0,0.3349753999101463,0.5108106724838758,0.25975922690609077,0.2960271800393492,0.36609116841805095,0.0,0.0,0.511892177634294,0.5538210793696212,0.0,0.0,0.0,0.2768816605725508,0.27743399575191974,0.1362161925004025,0.11445510676390695,0.3338533213673446,0.0,0.17671136455845063,0.1558638751058402,0.0,0.032756636379609,0.3952407557640419,0.2216319342873277,0.4220605224349812,0.0,0.32624014685894853,0.36833892664959683,0.48533633126943787,0.20706795396044048,0.3705446171575893,0.3235126943565478,0.4198323971585758,0.30336808650432884,0.28347792723773,0.5383459803134777,0.0,0.340329884976682
0.05656413375212926,0.26142700126976554,0.0,0.2769133492399254,0.09076890310119543,0.0,0.14633157080374012,0.17076873987670368,0.07188926390750525,0.10473709365653772,0.0,0.0,0.10874702265103284,0.1841004708612624,0.03922658761042955,0.21611780928293614,0.22949340227384263,0.145329787126464,0.03848888890735585,0.37505635569069107,0.22574771665254378,0.2263147165212931,0.0,0.22707769441701708,0.2304016940156886,0.0818677250899696,0.05528634272189871,0.17346731039529742,0.2356869835197105,0.3047270896770403,0.17315910150890573,0.1796382047887538,0.06118627223509582,0.16444856392147292,0.10724327525958768,0.22710216325625388,0.18458777770214002,0.0,0.0,0.6034394653440949,0.14771439341220338,0.4837810645424084,0.16257229759974487,0.2658120146279347,0.0,0.0,0.609052485706064,0.0,0.5266491189983398,0.17677592478695597,0.362244744642887,0.16198380719313976,0.2901246171078907,0.2724308300634723,0.39247944996210604,0.0,0.2655338906673937,0.14518435697320403,0.11842323810301902,0.5790125038169097,0.0,0.0,0.0,0.0,0.23697560604203632,0.33274473929913784,0.521795495242235,0.2609052069292788,0.0,0.6361185666813101,0.03450951726286006,0.25093228098593107,0.14467432010642672,0.2602762909855508,0.3308905491707595,0.016445639800664973
0.0,0.587976919777223,0.2769133492399254,0.0,0.650723112961081,0.012782873885180047,0.2960917821091129,0.6665623648862147,0.0896932281117643,0.31801175388914604,0.6577687372013222,0.19219148734815206,0.19609821977634231,0.4354401770450689,0.36356436269665293,0.38887086642326196,0.46527258019116896,0.3859253200663,0.14208895346053926,0.37869928464468783,0.3971174183481877,0.2791360554464887,0.0,0.1812636174249185,0.726576596769567,0.3882966853722439,0.30587720103831917,0.36323682431886806,0.012305210495604055,0.5479919986522369,0.4057855286284295,0.13781880050163264,0.20468973377315608,0.2347815744223757,0.153449301134069,0.16284529448313542,0.2658897959802344,0.21092341635478168,0.14155422565334153,0.36434926100952836,0.21186810576049436,0.4371108192586099,0.4442329459844941,0.32407070975643937,0.0,0.0,0.0,0.44535046606345313,0.0,0.0,0.31042020194848413,0.0,0.3666528556886493,0.5057012027619071,0.0,0.21923391519636842,0.3413909895524605,0.37444073432027297,0.0,0.0,0.0,0.0,0.0,0.0,0.0,0.0,0.37475864713719087,0.10424262036037923,0.0,0.0,0.0,0.0,0.5386999908156355,0.15689925212207406,0.0,0.0
0.07325037488122782,0.22669254124554222,0.09076890310119543,0.650723112961081,0.0,0.0,0.3246440303088485,0.2900745460821471,0.21571964061412158,0.33439867203523066,0.203157711219404,0.15558886765124408,0.5323817737414951,0.37449530752420823,0.2500745338624457,0.3979333288863246,0.11114609087338428,0.0,0.2616830073458108,0.38632342704340916,0.3434778108442851,0.37196577625633526,0.0,0.11836642511988067,0.2573303730926019,0.16400535275182437,0.1361823893531562,0.6010335608409156,0.3477668457565035,0.33282451621388903,0.4653951576088675,0.32586076945578285,0.27422729990557293,0.33776422968150516,0.36065005086849944,0.9317105383949339,0.36118115293988384,0.07597869177204622,0.3408500408238344,0.7892254109043342,0.3622737442611037,0.6178128972005386,0.27839368396267855,0.9463578303503422,0.39997061350458285,0.0,0.2620168064241306,0.2121830665360182,0.0,0.4827696334179526,0.16885285814777237,0.17306153446138461,0.19842480766312623,0.20713923694951805,0.0,0.15368037062353143,0.28593919004077273,0.19040018725595825,0.21872261208694563,0.30440428531970354,0.4592875413738613,0.0,0.0,0.34493722102313457,0.07843516541512187,0.5062140055810436,0.09256943226565019,0.12573609065764824,0.0,0.6034237324704721,0.05857354726772865,0.17651428099147048,0.03986260868707747,0.21026823159462887,0.0,0.10086768224373817
0.21501649165452671,0.42542541183878846,0.0,0.012782873885180047,0.0,0.0,0.0,0.0,0.0,0.12980580236859632,0.05996073890020906,0.18439163132175307,0.02905337618393956,0.18046382380484152,0.3119466055264047,0.3063969804001213,0.127972118518028,0.3402961490709593,0.11882478404467493,0.24551446068057825,0.16732559951388976,0.2546336303573236,0.0,0.0,0.4480226103048407,0.3768563539468086,0.0525095457863734,0.19511119268286378,0.21918604871265449,0.04581822229414861,0.11515374657303512,0.031159741798020224,0.43017846948418903,0.15042143704655758,0.37116938341494926,0.12140046177840556,0.006675337151433772,0.05427830268979868,0.0,0.13738863617166489,0.022468555044500575,0.09503325672537001,0.3137582326178272,0.2594282178077171,0.19334626480325637,0.39643798944857267,0.2536968404364032,0.062349830601895466,0.1178608386661481,0.19144101467859453,0.04767055148663642,0.12089514679855863,0.0,0.08009734863057329,0.4753238582962247,0.2400333331982781,0.08175466953738826,0.0,0.3967239481274068,0.14399557913260708,0.29321157834932865,0.0,0.2906371714046677,0.237832330282973,0.1969079392024481,0.11330148189854078,0.22576492385609587,0.0015584669675839796,0.39401141387505606,0.1857774592930841,0.2318929715531102,0.0,0.10225468320727889,0.03619269023751918,0.21247932826314478,0.08305199946629409
0.3342646761021807,0.4432340082459487,0.14633157080374012,0.2960917821091129,0.3246440303088485,0.0,0.0,0.07215390473681818,0.1324692925008848,0.5423241776574791,0.4680126619400073,0.09226635271183144,0.27857410877458066,0.49102624856762256,0.3769167297849881,0.34894020602090914,0.17836014371109538,0.32126760559512485,0.46772929220817666,0.22407486546288752,0.1468825299361854,0.34944139563602955,0.0,0.040619461099448084,0.3571152363791221,0.4277471521221842,0.0,0.3315510120015124,0.2727742365105834,0.0,0.33526044731585397,0.28727299635507814,0.09654732885323103,0.24961737684180213,0.3182405679590385,0.9062503708330718,0.3113776388207116,0.32043320354423793,0.3109221563464658,0.4674233210869626,0.5098499823984944,0.5438158733460157,0.23329635056890916,0.643671646260039,0.3483310122953201,0.0,0.1347672595290989,0.1699713904552039,0.0,0.21707910914583978,0.13282520241486034,0.06411204210588795,0.11177160979679573,0.29326528056642487,0.2861879880016742,0.1461076752099458,0.3186552665230873,0.0835169976346373,0.25428478006840893,0.16993470438385536,0.21580284013595835,0.0,0.5203876549321287,0.3343302932663312,0.20923752183720074,0.1665132676129359,0.1816364798553765,0.05239328783831815,0.3853346366071535,0.1510281443985399,0.14091328548436352,0.07921013360189536,0.12195285609728442,0.16407994533126707,0.369485380906593,0.1498360253775561
0.20878487056085843,0.4486182332318269,0.17076873987670368,0.6665623648862147,0.2900745460821471,0.0,0.07215390473681818,0.0,0.0637532398652109,0.33660948406650326,0.10762137058118243,0.48574163920157987,0.08723198846897247,0.3086153054176036,0.3174346554408181,0.4311434149502784,0.16339652094662804,0.33387250718165945,0.16087968349062096,0.22426242728829393,0.3123095836649037,0.26796905547725014,0.136603094149951,0.3043646779456109,0.3217345683336803,0.24965676790541663,0.040593515604309446,0.03693798601386625,0.1519311329550153,0.021099201411400766,0.11970374529886756,0.11844297823869801,0.4043349501952602,0.13358511195230455,0.04093672736443678,0.09711856854442963,0.3811994875003709,0.22685387656754427,0.01708815168076258,0.22205767235236226,0.025364427259213007,0.04604221091255484,0.0015209755268021236,0.4567909728542784,0.0,0.25113953282460394,0.14944189814695916,0.29631088523887,0.0,0.4869047065341079,0.19483873024680892,0.2698635196553506,0.24758969448794205,0.2555181691853598,0.4684274833079962,0.10004465727544999,0.9496856054528657,0.1483683588300898,0.0,0.30944422354064144,0.06535901502446737,0.0,0.6030877337758114,0.1898488537737354,0.30149690001036017,0.10562689798735117,0.2826363536095426,0.2849151139738424,0.0,0.07775362157329975,0.08889527020559194,0.11466938283180522,0.1854088719477342,0.1530717704619548,0.2914515027873804,0.17773732328452488
0.3490442717298745,0.208909527926107,0.07188926390750525,0.0896932281117643,0.21571964061412158,0.0,0.1324692925008848,0.0637532398652109,0.0,0.2164588556497216,0.06555781538116631,0.11571662397239424,0.0,0.2067878879972334,0.3621760218741489,0.2690014690380669,0.09727599922478282,0.09074918485277601,0.04661501652698353,0.06799821510168166,0.18506769049833408,0.06233811824151194,0.0,0.15953383199404128,0.31836859147162316,0.27340598650570724,0.0,0.24658451289167088,0.011681094293812446,0.0,0.2549603888561378,0.16335594061421693,0.14426333623626872,0.17839051071056622,0.1416739935943183,0.2162237895554497,0.08660086949360624,0.06265569335392901,0.1818174386634851,0.4814691888701821,0.1556301622441341,0.14808554715771377,0.0,0.14463734286578678,0.11343585413370726,0.0,0.1718165251602039,0.20974679307262734,0.481695295234297,0.2849958700562671,0.10814688587270338,0.24265245379387954,0.23562601797151167,0.14952564974572752,0.1367751993883475,0.05959782464603994,0.07569174788826673,0.16398785895946372,0.26933667745393847,0.08562082156396608,0.46232769879120295,0.0,0.0,0.25998415878976,0.24605197759195352,0.6993430553986695,0.11098750915961748,0.12679954953498124,0.520074987835279,0.4749796303286661,0.11617958019871108,0.11260986164309028,0.12815423598884476,0.24115204357816286,0.296858739011549,0.1595315749202254
0.2531288973708591,0.27000833545183545,0.10473709365653772,0.31801175388914604,0.33439867203523066,0.12980580236859632,0.5423241776574791,0.33660948406650326,0.2164588556497216,0.0,0.1567243435984524,0.2495118213357428,0.4087793091184161,0.5103842758959916,0.2821818029355162,0.5030167470107737,0.5194839223302428,0.4741645481583844,0.020594584004917926,0.2403218239508742,0.3803287581212854,0.3671786682809954,0.01423047791771672,0.13766404843911936,0.5765555404982524,0.4575119182003126,0.07814924690454311,0.39901127830170235,0.22647094850531269,0.12788310129990837,0.4409186452707196,0.12424730866661757,0.37394963345219234,0.48887841481611494,0.36510863330561705,0.6214655670360864,0.3370908586200338,0.38993562769987755,0.3038959147229219,0.15818490757039944,0.18312808705945713,0.32692552873006947,0.12217498340211828,0.16423421092122914,0.19389690888907418,0.35608624393306343,0.4917509935053188,0.44954207400021595,0.38850096151540126,0.517597153386281,0.1275139049635469,0.18089699922105731,0.23170870621219763,0.2290980762480453,0.22825551612537925,0.13126132703798554,0.2839072364624485,0.2821327940388554,0.0,0.4433790919437693,0.4409537772122059,0.24119209150514456,0.23089962757907212,0.4911453824396434,0.6336313960304811,0.30699026816431135,0.5212979343445129,0.17187529406121138,0.17186578235635228,0.2901218829515617,0.42367109707536954,0.2705249471870312,0.34097741044841157,0.07916938885536856,0.0,0.2776323512538358
0.36925017687853273,0.06728234569034307,0.0,0.6577687372013222,0.203157711219404,0.05996073890020906,0.4680126619400073,0.10762137058118243,0.06555781538116631,0.1567243435984524,0.0,0.1106321642361568,0.4205683361078192,0.4375354761517314,0.0,0.51355086853599,0.09815911269613514,0.0761501896333161,0.07872919439954484,0.4593650470750579,0.12772819910572464,0.18399113770444647,0.0,0.08145396804602252,0.08348946605366744,0.1293769445472214,0.21598129683652917,0.41489882704963293,0.03361194769226561,0.36164681205509663,0.4183214687552318,0.11164706360083955,0.187691719383182,0.39228420684820464,0.5109661388281992,0.30041229785827844,0.31294773342853743,0.08827064246056793,0.32650418794016134,0.2917386048696264,0.17642845629875958,0.1665980043018934,0.0,0.12529250890538443,0.16048017044858406,0.0,0.0,0.3082577119500104,0.47290276865882835,0.06140159692627026,0.2914123337517079,0.0836270139315959,0.2430235108212912,0.24434836744761182,0.15644923070698913,0.16824317432205835,0.1831210336645465,0.20544425729438892,0.07456291448864352,0.0,0.0,0.0,0.0,0.5379185260656641,0.22320549701368825,0.0,0.49453473248561264,0.10071868825912869,0.0,0.0,0.913534279974974,0.2530282261784371,0.1603916754351175,0.2848030058309522,0.0,0.10281374407888305
0.46230840887656577,0.1662212079439505,0.0,0.19219148734815206,0.15558886765124408,0.18439163132175307,0.09226635271183144,0.48574163920157987,0.11571662397239424,0.2495118213357428,0.1106321642361568,0.0,0.11028834540616163,0.47090799428537133,0.14882621601309637,0.21265748959498204,0.5197101354818003,0.5956669745306454,0.0,0.6192236795469263,0.2647820412179117,0.3094987373630056,0.22216329960184383,0.14728463322168783,0.3496311423836041,0.3819899344356601,0.20001782328365128,0.04752513331221385,0.17662589004397639,0.07673028019320058,0.39786520040240037,0.10814277739548069,0.25210630654896893,0.28208154854110273,0.20164730272874068,0.24321758417737632,0.14176428148564413,0.1914861017877692,0.8913531109635016,0.207441496310551,0.2290124614313533,0.1700735499137695,0.2758759974748767,0.3011970830255447,0.200658535384887,0.08939724530202732,0.32842012920949326,0.019861487060474775,0.43035841383073065,0.34639832375419854,0.3325173565161927,0.4148596978862412,0.5189639949732854,0.10551058620457757,0.21167874142624396,0.3066301092371182,0.42047500413497196,0.317437506669187,0.504322840256078,0.3806103380984616,0.3626914010638221,0.19756025072943983,0.51453806345801,0.1678998654226449,0.2390428745391196,0.40301216690313857,0.37434243145909213,0.31696880108178266,0.10320622819514884,0.2816770808743844,0.45704827005277343,0.03291169735983624,0.5084236562941828,0.3987535706732587,0.0,0.08667334101942986
0.37544235218581373,0.3838406295157938,0.10874702265103284,0.19609821977634231,0.5323817737414951,0.02905337618393956,0.27857410877458066,0.08723198846897247,0.0,0.4087793091184161,0.4205683361078192,0.11028834540616163,0.0,0.6855688491219266,0.2321035971909472,0.40210449060060605,0.20513126842494417,0.3821938262930993,0.42178431067581856,0.22373140724035157,0.16452883790085426,0.28880751978319186,0.009276467337855115,0.22470984085547735,0.5180581012318459,0.3757406292729647,0.0,0.2829346854341948,0.30593490481231694,0.05157061391713988,0.2759027576433426,0.1609754770679221,0.16869424367620633,0.3050184815519827,0.3381855422183039,0.4309662908537135,0.071297089069934,0.0,0.24715455118121699,0.414553168904937,0.48996680636886203,0.5814810712676066,0.24841574207516548,0.5773833341797028,0.35767904006105355,0.3992456584109123,0.26366152405205273,0.06158401191629928,0.0,0.21367963189511024,0.011993479090186915,0.07426863385094963,0.009202382716803521,0.09296658946505554,0.37868587508932416,0.05947267251973329,0.19148209472187827,0.09570469057513305,0.5551564166634295,0.21831375557216828,0.19789824742666182,0.20095340702582942,0.08435649495317955,0.3229292242128097,0.1575940353151751,0.28578465197991737,0.22721383124440253,0.008747703353944494,0.4213586296086625,0.19927476733347047,0.1368498184909006,0.0,0.06946349541390312,0.11291487021237623,0.23319269383686858,0.10180047606760627
0.23152363333900627,0.2408644627932091,0.1841004708612624,0.4354401770450689,0.37449530752420823,0.18046382380484152,0.49102624856762256,0.3086153054176036,0.2067878879972334,0.5103842758959916,0.4375354761517314,0.47090799428537133,0.6855688491219266,0.0,0.3135316777820888,0.37864210675775306,0.4864889447115559,0.5126867942669235,0.30604183282367825,0.4387756809286849,0.19288249600514173,0.22629378966394506,0.17900973242125554,0.3517842416557054,0.4855131182391722,0.0,0.272582423229511,0.13289093232444113,0.054546669852348045,0.4650205608202591,0.0,0.0,0.3622050799594655,0.39986979737736106,0.34166245299773534,0.043127220055670296,0.1521415610953638,0.3811413256272399,0.330380163411007,0.0,0.5425517336070635,0.6789510532750312,0.0,0.5266544006193206,0.0,0.0,0.0,0.0075424647553956475,0.0,0.011897128128583428,0.16939237526250103,0.30526194879498786,0.0,0.07463088629425736,0.0,0.17335727547606058,0.5401133396865316,0.40011853551410587,0.1544849416256649,0.0,0.0,0.0,0.0,0.24227281731756425,0.0,0.0,0.0,0.14372558572207964,0.0,0.0,0.0,0.16966276109030914,0.40543104468118407,0.0,0.0,0.0
0.14111070458084315,0.3919133916915078,0.03922658761042955,0.36356436269665293,0.2500745338624457,0.3119466055264047,0.3769167297849881,0.3174346554408181,0.3621760218741489,0.2821818029355162,0.0,0.14882621601309637,0.2321035971909472,0.3135316777820888,0.0,0.31189668179978625,0.1070384474035515,0.17692078390449645,0.0,0.6544834909045432,0.18110242849706673,0.5291902634277047,0.3639153503640662,0.17120210808832573,0.43129852279241626,0.24664412113993525,0.605792499062294,0.17474369574093784,0.31227993584298414,0.18794361470006843,0.5945059387948265,0.35716983180632395,0.36434561664664417,0.5144252733291084,0.544309326500567,0.46193184248647423,0.3766346559052932,0.3933100764988593,0.0,0.06918196498891309,0.0,0.023000395777694353,0.47179744610383323,0.5546061653810656,0.0,0.5478656039103436,0.14524812805094414,0.02390560074835066,0.0,0.0,0.025129469254985486,0.2918684643126398,0.1615965751562338,0.4314751650642694,0.0,0.0,0.586954124908349,0.14609907622336887,0.5219049850200373,0.38105104021245095,0.27944720930453043,0.46676231712848265,0.5264833225807305,0.0,0.36200906415167544,0.027092951567695298,0.32034029955932347,0.3546406991008082,0.374135306048654,0.28623765738187706,0.0,0.21556400183686444,0.10446702646697714,0.0,0.0,0.027145730476658234
0.6516163511398785,0.6103967887159446,0.21611780928293614,0.38887086642326196,0.3979333288863246,0.3063969804001213,0.34894020602090914,0.4311434149502784,0.2690014690380669,0.5030167470107737,0.51355086853599,0.21265748959498204,0.40210449060060605,0.37864210675775306,0.31189668179978625,0.0,0.577945006334362,0.44120104975145996,0.45715121973481687,0.40984320868581303,0.37946332058631943,0.26640428131402866,0.27808476885432165,0.6337201942923358,0.3662630011237681,0.5799696499881953,0.39974704352854773,0.29429182569863443,0.2986459899967568,0.3389193007543848,0.6504227167187896,0.5550398776811252,0.3198349559780089,0.36401693322195966,0.6497650896744269,0.642784172215895,0.10261096044511735,0.33144837460923415,0.20874408197613947,0.19344808735221897,0.09100194148550497,0.12421015031955608,0.38572689498761314,0.0,0.0,0.36563764522476744,0.4006240068988185,0.0,0.0,0.0,0.20508058798590442,0.014712796075408013,0.515309646260981,0.0,0.589244671761066,0.0,0.08487968296219721,0.2807177848891509,0.0,0.22308639836881944,0.3427951182580761,0.3256333663489134,0.4291774748419664,0.0,0.3208107314124683,0.40485209385330895,0.2240951794819952,0.1859963795644941,0.08549946397461237,0.40737792934665007,0.3499771209472356,0.2807964321605406,0.2979227872603253,0.3411290643593897,0.0,0.004840116186398295
0.20775703030568288,0.43852190718714634,0.22949340227384263,0.46527258019116896,0.11114609087338428,0.127972118518028,0.17836014371109538,0.16339652094662804,0.09727599922478282,0.5194839223302428,0.09815911269613514,0.5197101354818003,0.20513126842494417,0.4864889447115559,0.1070384474035515,0.577945006334362,0.0,0.7317135611960275,0.18393041127172122,0.1491633031100501,0.21870100297025835,0.4200617688492854,0.06306962241501685,0.5241760201709658,0.693168193427027,0.42136585661158177,0.2780711277922661,0.5832214274677909,0.18575856658534018,0.5169633018654269,0.49239410549254786,0.35128022912704027,0.4454583034565061,0.5022878902791755,0.4046042348850307,0.35568210463255145,0.3613521469649653,0.2659343018856901,0.6168181398216175,0.26438877565184626,0.3015128037251085,0.33246606198717915,0.0,0.0,0.4344191312009071,0.671935671882782,0.5522143919289922,0.0,0.0,0.0,0.0,0.0,0.0,0.0,0.3034196431916753,0.0,0.3761437681664824,0.2981913279500208,0.0,0.6503251074856976,0.42926370644603645,0.3179201410873106,0.6480126528995803,0.0,0.0,0.0,0.5609184279772831,0.0,0.5239107125259915,0.45932196273951975,0.6067537195942838,0.0,0.2997674636702373,0.490784338838436,0.0,0.5759490589310347
0.585681548208579,0.6178388421439157,0.145329787126464,0.3859253200663,0.0,0.3402961490709593,0.32126760559512485,0.33387250718165945,0.09074918485277601,0.4741645481583844,0.0761501896333161,0.5956669745306454,0.3821938262930993,0.5126867942669235,0.17692078390449645,0.44120104975145996,0.7317135611960275,0.0,0.2060687879004709,0.48907395230092776,0.3259253245438114,0.3730992328533749,0.3984118121354796,0.47246124406984463,0.3690587813869859,0.4780965406305786,0.35132528299822796,0.2787737216829657,0.3856669250240181,0.2722417351042164,0.5049951700944787,0.46375884850634297,0.4166681227214255,0.5565356284880224,0.6504168957528808,0.2986340323545612,0.4159357277944084,0.47118222924743647,0.3528894497460761,0.3834477719689767,0.2945402787630006,0.2974193986825947,0.0,0.0,0.3183666253242039,0.6125732698227776,0.4204871833809475,0.0,0.0,0.0,0.13404426697285637,0.515365505062896,0.538355467520192,0.0,0.49108342149875833,0.0,0.46745142863403394,0.09376902650267842,0.0,0.4315426363168341,0.40052159176281027,0.5374518007696862,0.4892793247830379,0.0,0.1538359046085637,0.23769074538164822,0.3659663373070728,0.38887441319314653,0.5659951597308845,0.4726885452387556,0.5143009491809117,0.2897112778695228,0.3002297977613883,0.09054584782535721,0.0,0.5082736800617472
0.0,0.4452851518464137,0.03848888890735585,0.14208895346053926,0.2616830073458108,0.11882478404467493,0.46772929220817666,0.16087968349062096,0.04661501652698353,0.020594584004917926,0.07872919439954484,0.0,0.42178431067581856,0.30604183282367825,0.0,0.45715121973481687,0.18393041127172122,0.2060687879004709,0.0,0.6170781606856391,0.16193726005106587,0.4379385733795017,0.0,0.17099684663523418,0.12008640426793876,0.06467354403669777,0.0012504213572267012,0.484274807889546,0.40541028598990275,0.33766231413418557,0.4216720307663175,0.18021761245200207,0.23421942830647127,0.13665255430836898,0.017520838447689056,0.14206874657259405,0.061877256106199464,0.0,0.21380702640502294,0.5990580447518966,0.3809884718949059,0.0,0.17260479722986588,0.33658343788798717,0.0,0.0,0.0,0.40644304408202725,0.0,0.12376699048092835,0.2661681448704226,0.15226887599727545,0.24499378010898853,0.3064716417907789,0.5901120688455533,0.21619573841560785,0.27586805425309135,0.2495492120285682,0.12450230603494923,0.0,0.0,0.0,0.0,0.13802079986079144,0.4729551248553257,0.0,0.4890382906730288,0.23510573631481457,0.0,0.0,0.0,0.2337944348917521,0.13142310638795074,0.05368900993826592,0.36757517170609794,0.10032740335155907
0.46775111727725605,0.5817872404622771,0.37505635569069107,0.37869928464468783,0.38632342704340916,0.24551446068057825,0.22407486546288752,0.22426242728829393,0.06799821510168166,0.2403218239508742,0.4593650470750579,0.6192236795469263,0.22373140724035157,0.4387756809286849,0.6544834909045432,0.40984320868581303,0.1491633031100501,0.48907395230092776,0.6170781606856391,0.0,0.3891215165478554,0.5597804382864664,0.47461160038249967,0.4857015227165276,0.6581646528801519,0.383886298084685,0.653193845126933,0.4103302487498564,0.50808960705606,0.34806896733907144,0.7185034630341052,0.5816312663746598,0.5743886612833499,0.643621436693756,0.6922092528377549,0.7080817344401968,0.4911576769754837,0.6552678376685094,0.09981904064076347,0.16699485187313584,0.19378308851963613,0.17891873807673359,0.5651741299329462,0.5330891884048466,0.6164481672340977,0.2822611120038961,0.45946817947695084,0.104230791345469,0.0,0.0,0.0,0.2887254681758642,0.18436153514960674,0.21648221222032815,0.5879846863780087,0.0,0.439976304527834,0.15606402484728737,0.0,0.25994837270521237,0.24772691119303883,0.385875632600901,0.24510938616968236,0.0,0.14387683562699813,0.0,0.23929477280853553,0.09087314480156222,0.0,0.13167900874019495,0.09509906200793335,0.07222363770108085,0.040578723138664445,0.07094818394483224,0.0,0.16398828569482626
0.16845394107693004,0.4959654640963893,0.22574771665254378,0.3971174183481877,0.3434778108442851,0.16732559951388976,0.1468825299361854,0.3123095836649037,0.18506769049833408,0.3803287581212854,0.12772819910572464,0.2647820412179117,0.16452883790085426,0.19288249600514173,0.18110242849706673,0.37946332058631943,0.21870100297025835,0.3259253245438114,0.16193726005106587,0.3891215165478554,0.0,0.3039130584905509,0.19394266797293186,0.4247200566023957,0.3666328948428124,0.49345613514639697,0.37656876225304525,0.04952685901254639,0.2310552805340651,0.08253455550330517,0.44383678349059397,0.33748099173275337,0.26910227286805477,0.4227587180782589,0.5619841915463265,0.6062400096563867,0.18652026993788862,0.4629229797250094,0.0,0.0,0.14521674240220772,0.0,0.3739115321854203,0.0,0.0,0.0,0.16638914079408476,0.11929533293040925,0.0,0.0,0.0451255298924927,0.15872246763961279,0.3688272968882179,0.33598771072184913,0.41339761426773525,0.0,0.3524600314806787,0.12041883185223917,0.0,0.09726930992600107,0.1999160155343323,0.0,0.3732872015901057,0.0,0.05502316174997961,0.2288253649950505,0.0879616046002493,0.04733753498471954,0.5421893345246507,0.18424488158582933,0.1937261715152588,0.14984880552938218,0.1857334211946183,0.08894229210127136,0.07936697630719339,0.042151437825381936
0.5562895420181994,0.6219225831501928,0.2263147165212931,0.2791360554464887,0.37196577625633526,0.2546336303573236,0.34944139563602955,0.26796905547725014,0.06233811824151194,0.3671786682809954,0.18399113770444647,0.3094987373630056,0.28880751978319186,0.22629378966394506,0.5291902634277047,0.26640428131402866,0.4200617688492854,0.3730992328533749,0.4379385733795017,0.5597804382864664,0.3039130584905509,0.0,0.538621432507333,0.3789369147943808,0.567395980882059,0.4866697170911804,0.5173500426563064,0.39086574124195217,0.3211106103448087,0.4245912062082484,0.678567644836363,0.5931408939451194,0.445152878896656,0.6741238050647473,0.6699795728592189,0.4621908408556462,0.5838536828366352,0.40797905792734207,0.1899196987214971,0.19925333130370818,0.23724293343071826,0.15080128335113027,0.4135787302290728,0.3604092288658969,0.5764826030547304,0.3970241125441534,0.40486512602540653,0.17643726232588458,0.482778988428063,0.466922332032337,0.13159616638654228,0.2821005193300343,0.16499783614951835,0.1068185032681554,0.30887985346885494,0.0,0.14590239309789022,0.24555074885441278,0.0,0.2336508477356065,0.357459723875447,0.19900235790588486,0.30627147109500164,0.0,0.11767456640955057,0.1752656164755716,0.28925118071859945,0.13970179015644596,0.43036747873916786,0.2231146843675375,0.2813360840519363,0.0686291684830775,0.33178391609248153,0.32950452815975984,0.6105877422521985,0.38258535760729856
0.21803141762588596,0.5602658070362758,0.0,0.0,0.0,0.0,0.0,0.136603094149951,0.0,0.01423047791771672,0.0,0.22216329960184383,0.009276467337855115,0.17900973242125554,0.3639153503640662,0.27808476885432165,0.06306962241501685,0.3984118121354796,0.0,0.47461160038249967,0.19394266797293186,0.538621432507333,0.0,0.15056520753756786,0.41292637092496914,0.3052505277875348,0.21505836135094514,0.04762995971017121,0.25085048185299913,0.07421623840099024,0.21411867448664107,0.12691985506556028,0.3355768323311498,0.1816987308232282,0.25374104730331076,0.13036530621158676,0.0,0.2259561550518461,0.0,0.2457353852498783,0.03399165342876405,0.0,0.0,0.2564321485063181,0.5180160703143973,0.2918462519820184,0.2211375968564737,0.352046856681366,0.13681236497535348,0.2344609660189398,0.1260684631601565,0.05547948536279992,0.1303003394908983,0.23655059729240563,0.24599550377188562,0.09907818896369433,0.13734601367951516,0.07544108387958828,0.0,0.2713407821153441,0.24072913559935127,0.6336313960304798,0.04316777377145209,0.2941952649934565,0.13632848817548807,0.0,0.24505122334975366,0.4228565968641215,0.47496132525280327,0.2076676888124587,0.22246635333771653,0.051916944741887405,0.03789661352657102,0.07699221686458389,0.0,0.10227225516956735
0.7650435571913524,0.4375114333257413,0.22707769441701708,0.1812636174249185,0.11836642511988067,0.0,0.040619461099448084,0.3043646779456109,0.15953383199404128,0.13766404843911936,0.08145396804602252,0.14728463322168783,0.22470984085547735,0.3517842416557054,0.17120210808832573,0.6337201942923358,0.5241760201709658,0.47246124406984463,0.17099684663523418,0.4857015227165276,0.4247200566023957,0.3789369147943808,0.15056520753756786,0.0,0.5034407949774675,0.35984695736775557,0.0,0.2414986109814505,0.43667215123116593,0.47193914102685053,0.41409560782341964,0.38281904540231315,0.3099731617103507,0.3974022693410173,0.3893904155311689,0.4463059650981071,0.2156822722728301,0.44334113447637225,0.7563850763515407,0.37565387233770275,0.7818089367570215,0.4984433283841638,0.4084880581263812,0.28789439046823656,0.4528688401948348,0.5454553782021002,0.3526386882666234,0.0,0.0,0.3867933857939926,0.28969370732622396,0.3673393065104328,0.0,0.37768252476679975,0.14115811096573802,0.3908805810702912,0.39990192830880616,0.26277796801697983,0.0,0.5894382274956104,0.5815376363890917,0.491902954218123,0.52236388491671,0.3858227083858899,0.4827912506167848,0.37458096327881363,0.11516524931517046,0.6648710768459324,0.3349175389310624,0.3974526806457567,0.5922087346008403,0.5889599161354506,0.37516801320971943,0.13587186289380104,0.0,0.5178205806826444
0.5267494981363204,0.6086893888820931,0.2304016940156886,0.726576596769567,0.2573303730926019,0.4480226103048407,0.3571152363791221,0.3217345683336803,0.31836859147162316,0.5765555404982524,0.08348946605366744,0.3496311423836041,0.5180581012318459,0.4855131182391722,0.43129852279241626,0.3662630011237681,0.693168193427027,0.3690587813869859,0.12008640426793876,0.6581646528801519,0.3666328948428124,0.567395980882059,0.41292637092496914,0.5034407949774675,0.0,0.43000259070869373,0.5578639663092642,0.4787430142833645,0.4911506726313971,0.18888795880371814,0.4771113305655042,0.4648449336278304,0.619782823144113,0.5383786883711321,0.7118313476138267,0.22954796406200453,0.20377126079604618,0.4918444777719304,0.3868068776098217,0.4196460596276118,0.33632690979749835,0.30652821698334637,0.3845490114033619,0.0,0.3441077688510045,0.5435256756930082,0.5269326261944399,0.0,0.0,0.0,0.1553450858188254,0.05675666828930786,0.3960572270845784,0.3704784525045543,0.373042105613321,0.4758775556645053,0.4466308259506228,0.12669846619356467,0.0,0.4048866939532595,0.40488927363987715,0.4802737471599755,0.49478538147746415,0.0,0.6497946710701755,0.2800977655940481,0.6045426482458662,0.21891360095459478,0.48220703638015183,0.4924022068328973,0.515544531246478,0.18347071243277713,0.26742812709085817,0.274431945862654,0.0,0.38143528660933085
0.6258117762258714,0.5974014903890211,0.0818677250899696,0.3882966853722439,0.16400535275182437,0.3768563539468086,0.4277471521221842,0.24965676790541663,0.27340598650570724,0.4575119182003126,0.1293769445472214,0.3819899344356601,0.3757406292729647,0.0,0.24664412113993525,0.5799696499881953,0.42136585661158177,0.4780965406305786,0.06467354403669777,0.383886298084685,0.49345613514639697,0.4866697170911804,0.3052505277875348,0.35984695736775557,0.43000259070869373,0.0,0.5420301145826515,0.4312815645344406,0.47057941498815004,0.14884923675425904,0.3968827327810908,0.5572078801681337,0.42583087895186644,0.38547979134193333,0.5751931898225325,0.027938952865159683,0.18689399951929286,0.36285426398372267,0.3620183193071134,0.17526996371288972,0.2522037192561892,0.24323248099169517,0.029274849129129026,0.5249561200241835,0.15059166656473463,0.5104250124543489,0.48483515965848406,0.1787433965191523,0.0,0.0,0.0,0.13592316326763293,0.0,0.025404673037335304,0.28853864134107265,0.0,0.42413344622308147,0.22630913863249957,0.0,0.0,0.3666751699621338,0.36600345134397444,0.4260527301328115,0.0,0.08455943434188934,0.2799025981286141,0.4028758526320857,0.0,0.3147538471526414,0.3765200550868607,0.36852448967158796,0.04422272684404946,0.27033694259605157,0.2880989662016321,0.48083263381867936,0.32278711548680067
0.3158427434590329,0.5151951832344684,0.05528634272189871,0.30587720103831917,0.1361823893531562,0.0525095457863734,0.0,0.040593515604309446,0.0,0.07814924690454311,0.21598129683652917,0.20001782328365128,0.0,0.272582423229511,0.605792499062294,0.39974704352854773,0.2780711277922661,0.35132528299822796,0.0012504213572267012,0.653193845126933,0.37656876225304525,0.5173500426563064,0.21505836135094514,0.0,0.5578639663092642,0.5420301145826515,0.0,0.10556256202819993,0.34782789830311334,0.2110751307815719,0.3820087968782888,0.24137369126824754,0.5368786246691066,0.35893172506323373,0.5544597498657944,0.2073857768889041,0.0,0.08828111754888783,0.05261892911021644,0.1947679035321223,0.09834773019819494,0.07162466781919022,0.3213002647512431,0.26312007133957804,0.26996014478159913,0.29455117428901967,0.19923874015108706,0.21230815182984641,0.08118482247938341,0.2979592040999378,0.05683840277457151,0.12005108740588594,0.0,0.0979384119322809,0.3387512109921743,0.19404611496139765,0.020553320046602694,0.18881670351579544,0.41061777795209825,0.22435224756281585,0.20247555340687234,0.0,0.0,0.3305608292794522,0.08789460693921958,0.16542648034118404,0.19198221389083187,0.0588814336668,0.0,0.20040149456651069,0.1799046266609112,0.07867522933954818,0.11554903768764671,0.06716918727651529,0.08966579249377685,0.1283629565858034
0.2537733993502163,0.40982963955410795,0.17346731039529742,0.36323682431886806,0.6010335608409156,0.19511119268286378,0.3315510120015124,0.03693798601386625,0.24658451289167088,0.39901127830170235,0.41489882704963293,0.04752513331221385,0.2829346854341948,0.13289093232444113,0.17474369574093784,0.29429182569863443,0.5832214274677909,0.2787737216829657,0.484274807889546,0.4103302487498564,0.04952685901254639,0.39086574124195217,0.04762995971017121,0.2414986109814505,0.4787430142833645,0.4312815645344406,0.10556256202819993,0.0,0.32079435154882724,0.27615315673306906,0.38994283720562745,0.22005787410447988,0.09708434286389965,0.274996791230337,0.4871912941758699,0.2763654791219009,0.10542906435182621,0.27423747930972026,0.2187891866435682,0.3225477097593733,0.4571582979522854,0.42193798586254627,0.2783016322239382,0.654937088680252,0.295542603296983,0.4322199324044125,0.22847146139783098,0.1976946976675999,0.0,0.2375618080185683,0.0,0.1217510359928842,0.003439237137610629,0.08276999069168323,0.397466352392092,0.03198243209259734,0.34860186316154007,0.06250144321518734,0.4184868432260266,0.172095716392921,0.18187114929290865,0.40638336873265196,0.23376116249200452,0.3464256768180908,0.09785771305939478,0.1772099678659107,0.2092258780226729,0.013977028506164758,0.4604802616692092,0.05057747718109773,0.07495395056488117,0.0,0.045545229952993774,0.024813185416983692,0.05729555024008706,0.044139706702265025
0.3986810214019764,0.43019574284333084,0.2356869835197105,0.012305210495604055,0.3477668457565035,0.21918604871265449,0.2727742365105834,0.1519311329550153,0.011681094293812446,0.22647094850531269,0.03361194769226561,0.17662589004397639,0.30593490481231694,0.054546669852348045,0.31227993584298414,0.2986459899967568,0.18575856658534018,0.3856669250240181,0.40541028598990275,0.50808960705606,0.2310552805340651,0.3211106103448087,0.25085048185299913,0.43667215123116593,0.4911506726313971,0.47057941498815004,0.34782789830311334,0.32079435154882724,0.0,0.28013722686159115,0.408788685320922,0.32770108737345843,0.7467555862348376,0.44187687790726193,0.5088290248491275,0.4351581567261258,0.2877444758846841,0.19587888383243005,0.12378239107695986,0.14358049648814447,0.09268165304221869,0.1121985111127686,0.38810991341084755,0.19292687190609742,0.34746239000079165,0.290669094461197,0.2629870082659507,0.1650095495160022,0.3977213933848808,0.11659042472803452,0.0,0.1912030313594402,0.08843013520344817,0.00481310682440793,0.3863655940496203,0.21173037332508804,0.34751280789369915,0.04342309259584598,0.6613299133545394,0.21508199409127732,0.15874393667838888,0.49179002532128036,0.11226270930102664,0.41519260066926394,0.08822133981511107,0.11860200803906401,0.1300229879290764,0.06272956505900872,0.5177562902109304,0.22580333909703842,0.3859183870850989,0.06782698860192989,0.09568480225895956,0.14634584750782414,0.20056466363725264,0.09881275095333149
0.585772850135042,0.3879619102482211,0.3047270896770403,0.5479919986522369,0.33282451621388903,0.04581822229414861,0.0,0.021099201411400766,0.0,0.12788310129990837,0.36164681205509663,0.07673028019320058,0.05157061391713988,0.4650205608202591,0.18794361470006843,0.3389193007543848,0.5169633018654269,0.2722417351042164,0.33766231413418557,0.34806896733907144,0.08253455550330517,0.4245912062082484,0.07421623840099024,0.47193914102685053,0.18888795880371814,0.14884923675425904,0.2110751307815719,0.27615315673306906,0.28013722686159115,0.0,0.4351487251964485,0.21081729077587066,0.40519988610189095,0.3875888703361742,0.3022581425618874,0.31272503424550757,0.22652476398491803,0.3562248408718781,0.3325997525455103,0.4891607499512205,0.20444271602291555,0.3367699900292116,0.4178496416224041,0.578005979416304,0.0,0.0,0.0,0.10268077252549865,0.0,0.0,0.0,0.3884692242053567,0.008724862015757132,0.3917633798660971,0.49296218134558506,0.0,0.0,0.0,0.0,0.2932393273979261,0.0,0.0,0.9596885458005262,0.9435233389233122,0.27515749264818834,0.31665053241454433,0.44838714715539774,0.07225909421685812,0.0,0.6233692494988462,0.4827422847665299,0.0,0.08007251406354515,0.08097110386892267,0.18672905771205597,0.07102222327096736
0.47729130744144915,0.5893203560555919,0.17315910150890573,0.4057855286284295,0.4653951576088675,0.11515374657303512,0.33526044731585397,0.11970374529886756,0.2549603888561378,0.4409186452707196,0.4183214687552318,0.39786520040240037,0.2759027576433426,0.0,0.5945059387948265,0.6504227167187896,0.49239410549254786,0.5049951700944787,0.4216720307663175,0.7185034630341052,0.44383678349059397,0.678567644836363,0.21411867448664107,0.41409560782341964,0.4771113305655042,0.3968827327810908,0.3820087968782888,0.38994283720562745,0.408788685320922,0.4351487251964485,0.0,0.2824924582530133,0.18759653762290313,0.3539342466971938,0.8878373683820998,0.5829109968329603,0.2661770199718444,0.21631443630728023,0.28369719442469626,0.343180446587468,0.33686457970738576,0.49154213126556034,0.45504769204897977,0.5092226209795374,0.17748716672710457,0.4971861203028911,0.34536527066793865,0.1739248264239824,0.0,0.33806558437426837,0.019365585253459675,0.11298081947065233,0.06023448079119454,0.12956650804987818,0.2561663904545797,0.07089813114837709,0.37702585977127434,0.2992054568306185,0.0,0.2706503582863591,0.27329406513941834,0.6201250655328981,0.34144211686794645,0.14139737216073156,0.05875125282557974,0.27290741330927826,0.11488787622490429,0.05367095971636695,0.4535952480088703,0.32167512791152086,0.3590524961297279,0.023170585767388042,0.05721973279003076,0.18908018517812447,0.035395319520235266,0.3043062227341583
0.6228096653008182,0.6674724750137397,0.1796382047887538,0.13781880050163264,0.32586076945578285,0.031159741798020224,0.28727299635507814,0.11844297823869801,0.16335594061421693,0.12424730866661757,0.11164706360083955,0.10814277739548069,0.1609754770679221,0.0,0.35716983180632395,0.5550398776811252,0.35128022912704027,0.46375884850634297,0.18021761245200207,0.5816312663746598,0.33748099173275337,0.5931408939451194,0.12691985506556028,0.38281904540231315,0.4648449336278304,0.5572078801681337,0.24137369126824754,0.22005787410447988,0.32770108737345843,0.21081729077587066,0.2824924582530133,0.0,0.09306784532009663,0.26971068670711756,0.4118338843241549,0.2216921758082704,0.2299627534249853,0.20893590694363157,0.16554943778604006,0.3423997725738751,0.3135959934303467,0.3106846796047859,0.4251443204661848,0.5960882787418234,0.41997393621714213,0.35835440909064564,0.42602867410102085,0.1430826393419518,0.2792562757622111,0.3981658838052449,0.009395004538724612,0.3805880883988604,0.15429863681602085,0.09447211962768218,0.598133975147795,0.32433226778968005,0.366820537247855,0.2426263857880459,0.27282652989642114,0.26139508718626064,0.2692838475781043,0.46631370402955125,0.3503850846242669,0.1979693871131927,0.1284783239850708,0.07444217584068122,0.30448018389059245,0.03505003707939523,0.7158039208578595,0.3512999483507216,0.3247672541680315,0.10926436823110344,0.33776323843215794,0.10343795782484844,0.07290565595813794,0.22746819774546959
0.42271545655937287,0.4918522848501314,0.06118627223509582,0.20468973377315608,0.27422729990557293,0.43017846948418903,0.09654732885323103,0.4043349501952602,0.14426333623626872,0.37394963345219234,0.187691719383182,0.25210630654896893,0.16869424367620633,0.3622050799594655,0.36434561664664417,0.3198349559780089,0.4454583034565061,0.4166681227214255,0.23421942830647127,0.5743886612833499,0.26910227286805477,0.445152878896656,0.3355768323311498,0.3099731617103507,0.619782823144113,0.42583087895186644,0.5368786246691066,0.09708434286389965,0.7467555862348376,0.40519988610189095,0.18759653762290313,0.09306784532009663,0.0,0.10830160381203542,0.13605205105495907,0.201852877303592,0.04827009783256404,0.22379445148913732,0.3014680423343861,0.6215786386340675,0.49339016216743636,0.34471650679259624,0.45913619188718013,0.27055498673684286,0.557812331111725,0.2698428888937351,0.35278054599867825,0.5162597424192912,0.0,0.3853346366071553,0.33142050460311673,0.36898667839228827,0.23287125630055316,0.049455054245082175,0.4664987025295009,0.41234825285913235,0.3550842417562331,0.4313501079649867,0.0,0.21087342629405456,0.20743535898232346,0.5074338227180184,0.36622742567391753,0.819815700169533,0.25825976018632146,0.0,0.2214385048495603,0.149283064524058,0.571822130415763,0.43234187187992884,0.3492181518187141,0.11261320170151007,0.7062380434636638,0.2677278462337302,0.0,0.35964755010434557
0.4932347614919101,0.6492641569896009,0.16444856392147292,0.2347815744223757,0.33776422968150516,0.15042143704655758,0.24961737684180213,0.13358511195230455,0.17839051071056622,0.48887841481611494,0.39228420684820464,0.28208154854110273,0.3050184815519827,0.39986979737736106,0.5144252733291084,0.36401693322195966,0.5022878902791755,0.5565356284880224,0.13665255430836898,0.643621436693756,0.4227587180782589,0.6741238050647473,0.1816987308232282,0.3974022693410173,0.5383786883711321,0.38547979134193333,0.35893172506323373,0.274996791230337,0.44187687790726193,0.3875888703361742,0.3539342466971938,0.26971068670711756,0.10830160381203542,0.0,0.3255520760467894,0.44403979763728435,0.21312642968775639,0.17916779605851785,0.3996124226342467,0.4915315148099786,0.44133280061776714,0.43932122510658334,0.4844078651403033,0.25332918308182223,0.3241768350124306,0.5646722688101742,0.22265142951573347,0.24885375724488693,0.32303269646354443,0.5003560758849807,0.013573682219363283,0.5001901184301988,0.006471246125404069,0.01967827710530992,0.4008553781403615,0.2813043069668448,0.560385127782681,0.29627132337164636,0.5793565010324703,0.31039048830470434,0.24472409169946246,0.5205568329707674,0.4712272635205516,0.16750385810629081,0.2798083220390494,0.22036439696917381,0.2087438854926691,0.0,0.47989430315444537,0.34454713608686477,0.310110098975039,0.005467538775843307,0.29282499096698045,0.1739082903127028,0.25643416521169826,0.2937811368230252
0.681931091762647,0.8334131844734899,0.10724327525958768,0.153449301134069,0.36065005086849944,0.37116938341494926,0.3182405679590385,0.04093672736443678,0.1416739935943183,0.36510863330561705,0.5109661388281992,0.20164730272874068,0.3381855422183039,0.34166245299773534,0.544309326500567,0.6497650896744269,0.4046042348850307,0.6504168957528808,0.017520838447689056,0.6922092528377549,0.5619841915463265,0.6699795728592189,0.25374104730331076,0.3893904155311689,0.7118313476138267,0.5751931898225325,0.5544597498657944,0.4871912941758699,0.5088290248491275,0.3022581425618874,0.8878373683820998,0.4118338843241549,0.13605205105495907,0.3255520760467894,0.0,0.6187090116515889,0.3066781464332137,0.43059676664785035,0.24598677927661433,0.31932877788670666,0.272020642932225,0.29876399943309345,0.41790717862523274,0.30311869270132846,0.3331661111643037,0.6094159487109743,0.47100590811281157,0.20103279722717554,0.4508554156674402,0.12296750518376427,0.0926972662124201,0.33809899912507785,0.28646344097120835,0.09493032359366221,0.6718774929235486,0.2511831887678515,0.3377783513343098,0.475902868558012,0.6177074556132831,0.37606888939051025,0.3313831261065755,0.1683178897678315,0.45602114064707583,0.21514500127385836,0.3938872306655557,0.38462282010768256,0.45961731496064406,0.040156203438631626,0.591813766090326,0.4214637036899274,0.40780236630232364,0.2128480333734784,0.5044263796174085,0.19937542797294924,0.311693435398027,0.714693225733724
0.39054759012778795,0.39241583946265657,0.22710216325625388,0.16284529448313542,0.9317105383949339,0.12140046177840556,0.9062503708330718,0.09711856854442963,0.2162237895554497,0.6214655670360864,0.30041229785827844,0.24321758417737632,0.4309662908537135,0.043127220055670296,0.46193184248647423,0.642784172215895,0.35568210463255145,0.2986340323545612,0.14206874657259405,0.7080817344401968,0.6062400096563867,0.4621908408556462,0.13036530621158676,0.4463059650981071,0.22954796406200453,0.027938952865159683,0.2073857768889041,0.2763654791219009,0.4351581567261258,0.31272503424550757,0.5829109968329603,0.2216921758082704,0.201852877303592,0.44403979763728435,0.6187090116515889,0.0,0.03903354456254495,0.25547400542424537,0.0,0.26565413418177974,0.24824629071194454,0.13334924925359992,0.2821442091901846,0.19807176205712845,0.4834182542788976,0.0,0.4220596181334645,0.32150784370568153,0.44429652966065036,0.430892338835146,0.037144946356686255,0.12121513554938743,0.0,0.14008355114042073,0.5838224813545102,0.0,0.2449639134030314,0.22754423395818396,0.1069754794785937,0.48205845109014234,0.36100717370508273,0.0,0.9696751842937612,0.30175579533021446,0.4568516042020936,0.3768996896028613,0.5331931870403267,0.23953152242127354,0.5558221423112923,0.5144154812025263,0.44923899442712206,0.21131362599791115,0.47827382003212876,0.46404570680718765,0.4072643386889733,0.5853522646781827
0.5080469632898564,0.0,0.18458777770214002,0.2658897959802344,0.36118115293988384,0.006675337151433772,0.3113776388207116,0.3811994875003709,0.08660086949360624,0.3370908586200338,0.31294773342853743,0.14176428148564413,0.071297089069934,0.1521415610953638,0.3766346559052932,0.10261096044511735,0.3613521469649653,0.4159357277944084,0.061877256106199464,0.4911576769754837,0.18652026993788862,0.5838536828366352,0.0,0.2156822722728301,0.20377126079604618,0.18689399951929286,0.0,0.10542906435182621,0.2877444758846841,0.22652476398491803,0.2661770199718444,0.2299627534249853,0.04827009783256404,0.21312642968775639,0.3066781464332137,0.03903354456254495,0.0,0.20310071334924495,0.10179757291990832,0.21240354589128305,0.2976535110915266,0.31114089708905934,0.21792303860808376,0.43422601918128517,0.2757228374961115,0.0,0.0,0.5052963994829295,0.29326950183610334,0.0,0.22033724950754818,0.6244667352540351,0.5343242285969393,0.28436578628619136,0.26545027658495157,0.38814820866822997,0.2573093667258666,0.3773209430446661,0.0,0.47005950055474177,0.0,0.0,0.0,0.33233561457960664,0.43137911817819824,0.0,0.6298998754633737,0.07529614982203398,0.4629683433975085,0.0,0.2585951028794278,0.07978854213216593,0.5110509562135132,0.4587596698934908,0.0,0.28602751177628793
0.23503970974077124,0.0,0.0,0.21092341635478168,0.07597869177204622,0.05427830268979868,0.32043320354423793,0.22685387656754427,0.06265569335392901,0.38993562769987755,0.08827064246056793,0.1914861017877692,0.0,0.3811413256272399,0.3933100764988593,0.33144837460923415,0.2659343018856901,0.47118222924743647,0.0,0.6552678376685094,0.4629229797250094,0.40797905792734207,0.2259561550518461,0.44334113447637225,0.4918444777719304,0.36285426398372267,0.08828111754888783,0.27423747930972026,0.19587888383243005,0.3562248408718781,0.21631443630728023,0.20893590694363157,0.22379445148913732,0.17916779605851785,0.43059676664785035,0.25547400542424537,0.20310071334924495,0.0,0.09675166090284434,0.5136105767567031,0.2394586570374375,0.30402596103984264,0.09902106385158019,0.12778166218696724,0.526909793101928,0.4696875586910212,0.0,0.6107623735587765,0.0,0.40410821252515666,0.34554533849602787,0.23848995073697973,0.0,0.2380045520431772,0.3434901043434506,0.39808560916196023,0.6059526473988259,0.18306491822943494,0.0,0.5294255525654581,0.6168005297083503,0.4454926913538676,0.4537845918625261,0.3793540727331013,0.4525140544613463,0.0,0.46139747692315203,0.4763762045566239,0.3201128751228676,0.4348913697379681,0.7313197257983481,0.35084741049623175,0.5407325537334315,0.6340598192181848,0.0,0.28510981672834546
0.09337904693381194,0.3349753999101463,0.0,0.14155422565334153,0.3408500408238344,0.0,0.3109221563464658,0.01708815168076258,0.1818174386634851,0.3038959147229219,0.32650418794016134,0.8913531109635016,0.24715455118121699,0.330380163411007,0.0,0.20874408197613947,0.6168181398216175,0.3528894497460761,0.21380702640502294,0.09981904064076347,0.0,0.1899196987214971,0.0,0.7563850763515407,0.3868068776098217,0.3620183193071134,0.05261892911021644,0.2187891866435682,0.12378239107695986,0.3325997525455103,0.28369719442469626,0.16554943778604006,0.3014680423343861,0.3996124226342467,0.24598677927661433,0.0,0.10179757291990832,0.09675166090284434,0.0,0.3379492598818237,0.0,0.3378877459234595,0.12192989806026172,0.24729431875839614,0.11142278476314368,0.07248802633643536,0.18574731115399962,0.250987803188496,0.016918856744479273,0.0,0.3342810020977659,0.13342475862071457,0.0,0.22015076602543043,0.3058836218933154,0.0,0.34454681598286246,0.0,0.01720027038172045,0.17110677986655667,0.2203198136168756,0.3452028030232226,0.42882368670848975,0.22803098616210737,0.38502732207880375,0.03462070088663269,0.31452985903892816,0.16232036662695512,0.2619662755998316,0.2857543147277193,0.2962676487213139,0.33305089032493673,0.0,0.464969253523129,0.3639785272040808,0.2416706667084373
0.1062254319704093,0.5108106724838758,0.6034394653440949,0.36434926100952836,0.7892254109043342,0.13738863617166489,0.4674233210869626,0.22205767235236226,0.4814691888701821,0.15818490757039944,0.2917386048696264,0.207441496310551,0.414553168904937,0.0,0.06918196498891309,0.19344808735221897,0.26438877565184626,0.3834477719689767,0.5990580447518966,0.16699485187313584,0.0,0.19925333130370818,0.2457353852498783,0.37565387233770275,0.4196460596276118,0.17526996371288972,0.1947679035321223,0.3225477097593733,0.14358049648814447,0.4891607499512205,0.343180446587468,0.3423997725738751,0.6215786386340675,0.4915315148099786,0.31932877788670666,0.26565413418177974,0.21240354589128305,0.5136105767567031,0.3379492598818237,0.0,0.20705395469482252,0.15153147500495995,0.08171632201916249,0.12184958943497125,0.1956882108247717,0.0,0.2056157801420868,0.2101901390399148,0.33749940834395536,0.19361744552863927,0.3899815498727254,0.3618219809325617,0.35652584857523206,0.1836206945083637,0.41717080173005405,0.25138582396813647,0.3980516536741776,0.142386924111951,0.3657871717588346,0.25119697447062245,0.19213240355464278,0.5648924640648201,0.5390005933045755,0.09348896101432401,0.37272793630171075,0.09242891506345802,0.2983013845228052,0.0,0.15213889842049097,0.3441485698326199,0.324097477917862,0.22887161905790374,0.14403879008754816,0.6249628956838578,0.32331708860518593,0.22245479091094025
0.015032248143338221,0.25975922690609077,0.14771439341220338,0.21186810576049436,0.3622737442611037,0.022468555044500575,0.5098499823984944,0.025364427259213007,0.1556301622441341,0.18312808705945713,0.17642845629875958,0.2290124614313533,0.48996680636886203,0.5425517336070635,0.0,0.09100194148550497,0.3015128037251085,0.2945402787630006,0.3809884718949059,0.19378308851963613,0.14521674240220772,0.23724293343071826,0.03399165342876405,0.7818089367570215,0.33632690979749835,0.2522037192561892,0.09834773019819494,0.4571582979522854,0.09268165304221869,0.20444271602291555,0.33686457970738576,0.3135959934303467,0.49339016216743636,0.44133280061776714,0.272020642932225,0.24824629071194454,0.2976535110915266,0.2394586570374375,0.0,0.20705395469482252,0.0,0.09233843927054532,0.04486063973089367,0.249166584469032,0.42846810188335266,0.0,0.07752937532493571,0.2568119659300489,0.1180001229273124,0.21642916568255163,0.3156483038045303,0.3148880571936319,0.258935456960654,0.1844301733215384,0.42386604674665007,0.17789341032236844,0.5252166032783431,0.0,0.3625168431338938,0.2961711490790899,0.19839880121531292,0.42130218564394994,0.3385778883565665,0.1984705741179718,0.3778775500830288,0.18231241766090575,0.332657347057501,0.2119920374349007,0.06140315331696735,0.21825292548029745,0.15108160939135823,0.25089359255356686,0.0,0.4354922973264258,0.3113379485220659,0.04719246612716864
0.1815750808954206,0.2960271800393492,0.4837810645424084,0.4371108192586099,0.6178128972005386,0.09503325672537001,0.5438158733460157,0.04604221091255484,0.14808554715771377,0.32692552873006947,0.1665980043018934,0.1700735499137695,0.5814810712676066,0.6789510532750312,0.023000395777694353,0.12421015031955608,0.33246606198717915,0.2974193986825947,0.0,0.17891873807673359,0.0,0.15080128335113027,0.0,0.4984433283841638,0.30652821698334637,0.24323248099169517,0.07162466781919022,0.42193798586254627,0.1121985111127686,0.3367699900292116,0.49154213126556034,0.3106846796047859,0.34471650679259624,0.43932122510658334,0.29876399943309345,0.13334924925359992,0.31114089708905934,0.30402596103984264,0.3378877459234595,0.15153147500495995,0.09233843927054532,0.0,0.14041234681490963,0.22406072887161102,0.4022432543201487,0.006479455181216856,0.12806904698501567,0.2033133537152467,0.06477408891416331,0.20885476480978665,0.22317695226259693,0.29063522387478824,0.14530776659260033,0.09042569101615502,0.41894867180021406,0.10956742563333481,0.38166180684538303,0.021345910352373494,0.40554163104542407,0.2548893251782188,0.30201608425201126,0.1989461234410473,0.4415026448078414,0.15412306699368616,0.25797474431163253,0.1429044934291463,0.2860944001832433,0.1840220827593599,0.09286417849087726,0.23280869434408705,0.12742185678860402,0.30913799559919847,0.15364862007390262,0.42066607364446407,0.3801106284875591,0.21562645683567702
0.38610515787305616,0.36609116841805095,0.16257229759974487,0.4442329459844941,0.27839368396267855,0.3137582326178272,0.23329635056890916,0.0015209755268021236,0.0,0.12217498340211828,0.0,0.2758759974748767,0.24841574207516548,0.0,0.47179744610383323,0.38572689498761314,0.0,0.0,0.17260479722986588,0.5651741299329462,0.3739115321854203,0.4135787302290728,0.0,0.4084880581263812,0.3845490114033619,0.029274849129129026,0.3213002647512431,0.2783016322239382,0.38810991341084755,0.4178496416224041,0.45504769204897977,0.4251443204661848,0.45913619188718013,0.4844078651403033,0.41790717862523274,0.2821442091901846,0.21792303860808376,0.09902106385158019,0.12192989806026172,0.08171632201916249,0.04486063973089367,0.14041234681490963,0.0,0.040484341493239866,0.12263084833979096,0.30201808606607555,0.38055620409293867,0.10455705907422169,0.24266107391261196,0.408174995737967,0.16215449680583527,0.9604354977115874,0.09182594417045695,0.35801203901692813,0.35061389918797703,0.04404244724775846,0.11473051142959906,0.2968587032046336,0.12328949813534806,0.4693505247556088,0.07487596364931944,0.17271993391264112,0.21824551107560486,0.26781937852520066,0.3836177772132296,0.06881870586886853,0.2373449470896815,0.012617960416415372,0.2602849596792498,0.199559961859037,0.40504007229562805,0.47531492137739806,0.0,0.5511278730235185,0.33554583743295086,0.0
0.0,0.0,0.2658120146279347,0.32407070975643937,0.9463578303503422,0.2594282178077171,0.643671646260039,0.4567909728542784,0.14463734286578678,0.16423421092122914,0.12529250890538443,0.3011970830255447,0.5773833341797028,0.5266544006193206,0.5546061653810656,0.0,0.0,0.0,0.33658343788798717,0.5330891884048466,0.0,0.3604092288658969,0.2564321485063181,0.28789439046823656,0.0,0.5249561200241835,0.26312007133957804,0.654937088680252,0.19292687190609742,0.578005979416304,0.5092226209795374,0.5960882787418234,0.27055498673684286,0.25332918308182223,0.30311869270132846,0.19807176205712845,0.43422601918128517,0.12778166218696724,0.24729431875839614,0.12184958943497125,0.249166584469032,0.22406072887161102,0.040484341493239866,0.0,0.18271451768754815,0.0,0.25274706450541284,0.2425356439599523,0.328430989062799,0.24563443508158492,0.1891945649605939,0.2571634633981414,0.4909980932683975,0.17909795544029422,0.41396009846885545,0.4243717100438994,0.31251409886576625,0.4773831933171623,0.2543788328983344,0.07124735068267073,0.0,0.33327528647918575,0.4241150495858179,0.3261874322015837,0.31979945179655195,0.12891356283969743,0.22263438249156528,0.3040284100197772,0.18916367648695187,0.30215933524875305,0.5708037382030205,0.23529323868246266,0.0,0.5099123728682787,0.5267262486525393,0.45467784083241397
0.41520701486061445,0.0,0.0,0.0,0.39997061350458285,0.19334626480325637,0.3483310122953201,0.0,0.11343585413370726,0.19389690888907418,0.16048017044858406,0.200658535384887,0.35767904006105355,0.0,0.0,0.0,0.4344191312009071,0.3183666253242039,0.0,0.6164481672340977,0.0,0.5764826030547304,0.5180160703143973,0.4528688401948348,0.3441077688510045,0.15059166656473463,0.26996014478159913,0.295542603296983,0.34746239000079165,0.0,0.17748716672710457,0.41997393621714213,0.557812331111725,0.3241768350124306,0.3331661111643037,0.4834182542788976,0.2757228374961115,0.526909793101928,0.11142278476314368,0.1956882108247717,0.42846810188335266,0.4022432543201487,0.12263084833979096,0.18271451768754815,0.0,0.26308094972564583,0.5808373377350154,0.0,0.20883641958918592,0.3210471719851351,0.21175468080265025,0.18519627004488529,0.23857909080801326,0.03903267822772242,0.1801136604276555,0.18864491839057052,0.2017772528978883,0.22441437166826164,0.5052998159325098,0.42454455847540595,0.31337651144536555,0.5598863994820921,0.26319531023600734,0.13706890805782546,0.6096814824656096,0.0,0.6636463521762799,0.1391387178298843,0.056435334893771394,0.5031935297355329,0.3880316366456186,0.3404058539304206,0.18154444686202312,0.3702371078096637,0.4032617188669335,0.5619112271300573
0.5180404441830876,0.511892177634294,0.0,0.0,0.0,0.39643798944857267,0.0,0.25113953282460394,0.0,0.35608624393306343,0.0,0.08939724530202732,0.3992456584109123,0.0,0.5478656039103436,0.36563764522476744,0.671935671882782,0.6125732698227776,0.0,0.2822611120038961,0.0,0.3970241125441534,0.2918462519820184,0.5454553782021002,0.5435256756930082,0.5104250124543489,0.29455117428901967,0.4322199324044125,0.290669094461197,0.0,0.4971861203028911,0.35835440909064564,0.2698428888937351,0.5646722688101742,0.6094159487109743,0.0,0.0,0.4696875586910212,0.07248802633643536,0.0,0.0,0.006479455181216856,0.30201808606607555,0.0,0.26308094972564583,0.0,0.4254843476583083,0.18893713387744052,0.0,0.4492191759293156,0.26801804651582783,0.22046092092649128,0.14976734184586737,0.0860555234679451,0.12015979461301507,0.0,0.1189542579948401,0.22669914487785242,0.1545462787523197,0.23964185981411265,0.22255856696030557,0.10442221011587645,0.3032927964491516,0.0,0.11507481381082958,0.19161058389431998,0.34556887686519316,0.14377185496956765,0.16822068843830934,0.23074961508121355,0.36931832663892744,0.16466620521189113,0.23089151324671908,0.3086695983718524,0.5461194010085227,0.03448495766180743
0.3494458918101025,0.5538210793696212,0.609052485706064,0.0,0.2620168064241306,0.2536968404364032,0.1347672595290989,0.14944189814695916,0.1718165251602039,0.4917509935053188,0.0,0.32842012920949326,0.26366152405205273,0.0,0.14524812805094414,0.4006240068988185,0.5522143919289922,0.4204871833809475,0.0,0.45946817947695084,0.16638914079408476,0.40486512602540653,0.2211375968564737,0.3526386882666234,0.5269326261944399,0.48483515965848406,0.19923874015108706,0.22847146139783098,0.2629870082659507,0.0,0.34536527066793865,0.42602867410102085,0.35278054599867825,0.22265142951573347,0.47100590811281157,0.4220596181334645,0.0,0.0,0.18574731115399962,0.2056157801420868,0.07752937532493571,0.12806904698501567,0.38055620409293867,0.25274706450541284,0.5808373377350154,0.4254843476583083,0.0,0.1929342727853606,0.0,0.16497152477106164,0.3559972419309749,0.2192303473936682,0.3256874273227595,0.2081676823169559,0.39402905715724923,0.18579108969117333,0.25470999414449436,0.22361545771160388,0.606227446406488,0.36401762359548073,0.39758868638531253,0.28476960563357356,0.38544596965536754,0.3086089969429908,0.4962034513679636,0.3917409752435022,0.5810267258556084,0.24694561412570515,0.014448042359355442,0.4343624565757219,0.5803698358445167,0.31711508650897374,0.29366548394698655,0.40110750078381996,0.4526414498342917,0.20204650809165484
0.0,0.0,0.0,0.44535046606345313,0.2121830665360182,0.062349830601895466,0.1699713904552039,0.29631088523887,0.20974679307262734,0.44954207400021595,0.3082577119500104,0.019861487060474775,0.06158401191629928,0.0075424647553956475,0.02390560074835066,0.0,0.0,0.0,0.40644304408202725,0.104230791345469,0.11929533293040925,0.17643726232588458,0.352046856681366,0.0,0.0,0.1787433965191523,0.21230815182984641,0.1976946976675999,0.1650095495160022,0.10268077252549865,0.1739248264239824,0.1430826393419518,0.5162597424192912,0.24885375724488693,0.20103279722717554,0.32150784370568153,0.5052963994829295,0.6107623735587765,0.250987803188496,0.2101901390399148,0.2568119659300489,0.2033133537152467,0.10455705907422169,0.2425356439599523,0.0,0.18893713387744052,0.1929342727853606,0.0,0.21797262801506082,0.28733906964497324,0.4998208274280293,0.24028192873562612,0.24986594165519585,0.28695090822809655,0.011497507738733329,0.4691814387050309,0.05149408351423487,0.24501817937955803,0.30451318120611537,0.15569610588588384,0.018662358313124322,0.09000032962592137,0.020335469648901275,0.0,0.10328159624293307,0.0421555693589889,0.06234099879323457,0.1423346550731428,0.1931441732854429,0.19221147018025364,0.10049051784227962,0.06979469581874943,0.2240000093109197,0.2263828017870615,0.11943579416416865,0.25340495531475155
0.0,0.0,0.5266491189983398,0.0,0.0,0.1178608386661481,0.0,0.0,0.481695295234297,0.38850096151540126,0.47290276865882835,0.43035841383073065,0.0,0.0,0.0,0.0,0.0,0.0,0.0,0.0,0.0,0.482778988428063,0.13681236497535348,0.0,0.0,0.0,0.08118482247938341,0.0,0.3977213933848808,0.0,0.0,0.2792562757622111,0.0,0.32303269646354443,0.4508554156674402,0.44429652966065036,0.29326950183610334,0.0,0.016918856744479273,0.33749940834395536,0.1180001229273124,0.06477408891416331,0.24266107391261196,0.328430989062799,0.20883641958918592,0.0,0.0,0.21797262801506082,0.0,0.16135302775212151,0.18481326728548259,0.20562077188176384,0.5420572392134784,0.427679002206512,0.5839147634624651,0.4249141520196891,0.22376085214300717,0.4465925378368546,0.651766445675219,0.4792016770737968,0.0,0.0,0.37477403053936,0.11825038644122142,0.08154430846588401,0.3531760934230138,0.3189160794164624,0.3357368421832324,0.4834120943630801,0.0,0.2325162110296926,0.2664041645200158,0.15719627756591262,0.34396154113308014,0.38950532075374894,0.3365213227225511
0.0,0.0,0.17677592478695597,0.0,0.4827696334179526,0.19144101467859453,0.21707910914583978,0.4869047065341079,0.2849958700562671,0.517597153386281,0.06140159692627026,0.34639832375419854,0.21367963189511024,0.011897128128583428,0.0,0.0,0.0,0.0,0.12376699048092835,0.0,0.0,0.466922332032337,0.2344609660189398,0.3867933857939926,0.0,0.0,0.2979592040999378,0.2375618080185683,0.11659042472803452,0.0,0.33806558437426837,0.3981658838052449,0.3853346366071553,0.5003560758849807,0.12296750518376427,0.430892338835146,0.0,0.40410821252515666,0.0,0.19361744552863927,0.21642916568255163,0.20885476480978665,0.408174995737967,0.24563443508158492,0.3210471719851351,0.4492191759293156,0.16497152477106164,0.28733906964497324,0.16135302775212151,0.0,0.407875174665031,0.21149263936804236,0.0,0.4201231543662945,0.22929151942832104,0.2084592047454028,0.0,0.3317152111771349,0.11647392588687691,0.26786140264639724,0.03805640645629771,0.13739107427338987,0.12756395905720444,0.21093529230564448,0.2249872471404189,0.058505894284263796,0.24958114928894268,0.4053490490819984,0.35811007891409896,0.10883349190356219,0.13839037071404672,0.4581242770551682,0.4651038002911925,0.34708454930376165,0.41771115449374857,0.28579700099545463
0.2805227273969184,0.2768816605725508,0.362244744642887,0.31042020194848413,0.16885285814777237,0.04767055148663642,0.13282520241486034,0.19483873024680892,0.10814688587270338,0.1275139049635469,0.2914123337517079,0.3325173565161927,0.011993479090186915,0.16939237526250103,0.025129469254985486,0.20508058798590442,0.0,0.13404426697285637,0.2661681448704226,0.0,0.0451255298924927,0.13159616638654228,0.1260684631601565,0.28969370732622396,0.1553450858188254,0.0,0.05683840277457151,0.0,0.0,0.0,0.019365585253459675,0.009395004538724612,0.33142050460311673,0.013573682219363283,0.0926972662124201,0.037144946356686255,0.22033724950754818,0.34554533849602787,0.3342810020977659,0.3899815498727254,0.3156483038045303,0.22317695226259693,0.16215449680583527,0.1891945649605939,0.21175468080265025,0.26801804651582783,0.3559972419309749,0.4998208274280293,0.18481326728548259,0.407875174665031,0.0,0.19375555774664144,0.26406232188905604,0.35564236600038646,0.12399464011236962,0.3975609097663163,0.28071930470092665,0.15531520605222945,0.22742822177483382,0.17780211677471613,0.4311584983843494,0.22309061285499776,0.4395118656568432,0.6745058854707469,0.5956411288305309,0.15922719998722185,0.35581349934268736,0.39788081913979984,0.40828083891169836,0.35995343950448105,0.3573475438142862,0.41666159858821217,0.05230999379365183,0.37342194039712195,0.4329314988014654,0.351544450701622
0.0,0.27743399575191974,0.16198380719313976,0.0,0.17306153446138461,0.12089514679855863,0.06411204210588795,0.2698635196553506,0.24265245379387954,0.18089699922105731,0.0836270139315959,0.4148596978862412,0.07426863385094963,0.30526194879498786,0.2918684643126398,0.014712796075408013,0.0,0.515365505062896,0.15226887599727545,0.2887254681758642,0.15872246763961279,0.2821005193300343,0.05547948536279992,0.3673393065104328,0.05675666828930786,0.13592316326763293,0.12005108740588594,0.1217510359928842,0.1912030313594402,0.3884692242053567,0.11298081947065233,0.3805880883988604,0.36898667839228827,0.5001901184301988,0.33809899912507785,0.12121513554938743,0.6244667352540351,0.23848995073697973,0.13342475862071457,0.3618219809325617,0.3148880571936319,0.29063522387478824,0.9604354977115874,0.2571634633981414,0.18519627004488529,0.22046092092649128,0.2192303473936682,0.24028192873562612,0.20562077188176384,0.21149263936804236,0.19375555774664144,0.0,0.0,0.2956139317280026,0.16349499395755146,0.1146060562503663,0.09133630790730449,0.312146035261092,0.40812663744283206,0.2608991219321744,0.20690956599628987,0.0925141283155859,0.2697614297644644,0.2645492227514625,0.15664947719996333,0.03445132329975424,0.25794847481770544,0.2254686751043919,0.29166316114938695,0.30407139525347543,0.27588778735620045,0.23161495855035744,0.5674130981257746,0.3161507131559695,0.2961143029431624,0.29491987951520976
0.6046022598450174,0.1362161925004025,0.2901246171078907,0.3666528556886493,0.19842480766312623,0.0,0.11177160979679573,0.24758969448794205,0.23562601797151167,0.23170870621219763,0.2430235108212912,0.5189639949732854,0.009202382716803521,0.0,0.1615965751562338,0.515309646260981,0.0,0.538355467520192,0.24499378010898853,0.18436153514960674,0.3688272968882179,0.16499783614951835,0.1303003394908983,0.0,0.3960572270845784,0.0,0.0,0.003439237137610629,0.08843013520344817,0.008724862015757132,0.06023448079119454,0.15429863681602085,0.23287125630055316,0.006471246125404069,0.28646344097120835,0.0,0.5343242285969393,0.0,0.0,0.35652584857523206,0.258935456960654,0.14530776659260033,0.09182594417045695,0.4909980932683975,0.23857909080801326,0.14976734184586737,0.3256874273227595,0.24986594165519585,0.5420572392134784,0.0,0.26406232188905604,0.0,0.0,0.29048953147797824,0.13848838843332226,0.0,0.16067011304275508,0.0891479005388974,0.0,0.15669280930612786,0.2940289518803358,0.2943311462811277,0.14009388226212363,0.08934964822174704,0.12836134427889273,0.15858035285968963,0.30477506040779034,0.2390288344251642,0.26711008913680784,0.3484773282072175,0.23226071862800007,0.18046395569293136,0.09592930538738724,0.22823575495583484,0.14898087466549492,0.21634627779325571
0.0,0.11445510676390695,0.2724308300634723,0.5057012027619071,0.20713923694951805,0.08009734863057329,0.29326528056642487,0.2555181691853598,0.14952564974572752,0.2290980762480453,0.24434836744761182,0.10551058620457757,0.09296658946505554,0.07463088629425736,0.4314751650642694,0.0,0.0,0.0,0.3064716417907789,0.21648221222032815,0.33598771072184913,0.1068185032681554,0.23655059729240563,0.37768252476679975,0.3704784525045543,0.025404673037335304,0.0979384119322809,0.08276999069168323,0.00481310682440793,0.3917633798660971,0.12956650804987818,0.09447211962768218,0.049455054245082175,0.01967827710530992,0.09493032359366221,0.14008355114042073,0.28436578628619136,0.2380045520431772,0.22015076602543043,0.1836206945083637,0.1844301733215384,0.09042569101615502,0.35801203901692813,0.17909795544029422,0.03903267822772242,0.0860555234679451,0.2081676823169559,0.28695090822809655,0.427679002206512,0.4201231543662945,0.35564236600038646,0.2956139317280026,0.29048953147797824,0.0,0.07928675988758753,0.4194818739180876,0.007778263240707326,0.35971060219380185,0.38047683149358763,0.22700509824408305,0.14438330870842409,0.017278412253055417,0.15715257514793135,0.24181220163613248,0.28710899001364615,0.12968792933023765,0.1579707357469481,0.3201057671226692,0.005901485228434162,0.24167718047553405,0.17513989588658302,0.0,0.24681788452119968,0.3878181702375663,0.3154354496613605,0.23962526980494211
0.23443455125812054,0.3338533213673446,0.39247944996210604,0.0,0.0,0.4753238582962247,0.2861879880016742,0.4684274833079962,0.1367751993883475,0.22825551612537925,0.15644923070698913,0.21167874142624396,0.37868587508932416,0.0,0.0,0.589244671761066,0.3034196431916753,0.49108342149875833,0.5901120688455533,0.5879846863780087,0.41339761426773525,0.30887985346885494,0.24599550377188562,0.14115811096573802,0.373042105613321,0.28853864134107265,0.3387512109921743,0.397466352392092,0.3863655940496203,0.49296218134558506,0.2561663904545797,0.598133975147795,0.4664987025295009,0.4008553781403615,0.6718774929235486,0.5838224813545102,0.26545027658495157,0.3434901043434506,0.3058836218933154,0.41717080173005405,0.42386604674665007,0.41894867180021406,0.35061389918797703,0.41396009846885545,0.1801136604276555,0.12015979461301507,0.39402905715724923,0.011497507738733329,0.5839147634624651,0.22929151942832104,0.12399464011236962,0.16349499395755146,0.13848838843332226,0.07928675988758753,0.0,0.05315262215559277,0.341509824876028,0.0,0.5452264144234318,0.08821291385704678,0.3396278569226997,0.3784382790007906,0.44573837348324424,0.039738751184447745,0.3320737617629532,0.30460307578707535,0.2524497135959912,0.1180776582782653,0.09130448692062199,0.5591353632185073,0.4559543946899348,0.24243528210840726,0.2258490749057189,0.3686431808650717,0.4024345438845912,0.4683016448981079
0.0,0.0,0.0,0.21923391519636842,0.15368037062353143,0.2400333331982781,0.1461076752099458,0.10004465727544999,0.05959782464603994,0.13126132703798554,0.16824317432205835,0.3066301092371182,0.05947267251973329,0.17335727547606058,0.0,0.0,0.0,0.0,0.21619573841560785,0.0,0.0,0.0,0.09907818896369433,0.3908805810702912,0.4758775556645053,0.0,0.19404611496139765,0.03198243209259734,0.21173037332508804,0.0,0.07089813114837709,0.32433226778968005,0.41234825285913235,0.2813043069668448,0.2511831887678515,0.0,0.38814820866822997,0.39808560916196023,0.0,0.25138582396813647,0.17789341032236844,0.10956742563333481,0.04404244724775846,0.4243717100438994,0.18864491839057052,0.0,0.18579108969117333,0.4691814387050309,0.4249141520196891,0.2084592047454028,0.3975609097663163,0.1146060562503663,0.0,0.4194818739180876,0.05315262215559277,0.0,0.17291367032961208,0.22422794609351904,0.19573557294591926,0.0,0.5991530047634968,0.05353114500286725,0.20058328951126841,0.19981219812477022,0.616823980842267,0.22178082907189817,0.0,0.14655402906815593,0.3004906051752767,0.12100529701882272,0.16265847151982868,0.24786157912301032,0.13781586689291703,0.20547924145504506,0.39511328800386275,0.15645189578641616
0.010273132234112345,0.17671136455845063,0.2655338906673937,0.3413909895524605,0.28593919004077273,0.08175466953738826,0.3186552665230873,0.9496856054528657,0.07569174788826673,0.2839072364624485,0.1831210336645465,0.42047500413497196,0.19148209472187827,0.5401133396865316,0.586954124908349,0.08487968296219721,0.3761437681664824,0.46745142863403394,0.27586805425309135,0.439976304527834,0.3524600314806787,0.14590239309789022,0.13734601367951516,0.39990192830880616,0.4466308259506228,0.42413344622308147,0.020553320046602694,0.34860186316154007,0.34751280789369915,0.0,0.37702585977127434,0.366820537247855,0.3550842417562331,0.560385127782681,0.3377783513343098,0.2449639134030314,0.2573093667258666,0.6059526473988259,0.34454681598286246,0.3980516536741776,0.5252166032783431,0.38166180684538303,0.11473051142959906,0.31251409886576625,0.2017772528978883,0.1189542579948401,0.25470999414449436,0.05149408351423487,0.22376085214300717,0.0,0.28071930470092665,0.09133630790730449,0.16067011304275508,0.007778263240707326,0.341509824876028,0.17291367032961208,0.0,0.06794300975392918,0.22959394343635461,0.4887514805386294,0.24449547585372705,0.35692984429057245,0.3711707482598021,0.07958058052514883,0.367006324334834,0.2692988349926833,0.3126112807388548,0.16170276386904614,0.24183007591393174,0.6135327039573353,0.47266765173410097,0.07647849720980895,0.20992508757638037,0.3653507269304217,0.3401219777055934,0.4585219286430743
0.29548099381230813,0.1558638751058402,0.14518435697320403,0.37444073432027297,0.19040018725595825,0.0,0.0835169976346373,0.1483683588300898,0.16398785895946372,0.2821327940388554,0.20544425729438892,0.317437506669187,0.09570469057513305,0.40011853551410587,0.14609907622336887,0.2807177848891509,0.2981913279500208,0.09376902650267842,0.2495492120285682,0.15606402484728737,0.12041883185223917,0.24555074885441278,0.07544108387958828,0.26277796801697983,0.12669846619356467,0.22630913863249957,0.18881670351579544,0.06250144321518734,0.04342309259584598,0.0,0.2992054568306185,0.2426263857880459,0.4313501079649867,0.29627132337164636,0.475902868558012,0.22754423395818396,0.3773209430446661,0.18306491822943494,0.0,0.142386924111951,0.0,0.021345910352373494,0.2968587032046336,0.4773831933171623,0.22441437166826164,0.22669914487785242,0.22361545771160388,0.24501817937955803,0.4465925378368546,0.3317152111771349,0.15531520605222945,0.312146035261092,0.0891479005388974,0.35971060219380185,0.0,0.22422794609351904,0.06794300975392918,0.0,0.07716587775612627,0.17455769545506575,0.23433202973532574,0.21696493301479333,0.27479644016098115,0.265837164506102,0.31066846787281843,0.14300783661465014,0.2642571060738467,0.18526070181190007,0.0917792451670692,0.2858588094381184,0.30373484003627427,0.17197063130976292,0.1446927626967312,0.25153468310637467,0.30883269205996683,0.07771698480263821
0.0,0.0,0.11842323810301902,0.0,0.21872261208694563,0.3967239481274068,0.25428478006840893,0.0,0.26933667745393847,0.0,0.07456291448864352,0.504322840256078,0.5551564166634295,0.1544849416256649,0.5219049850200373,0.0,0.0,0.0,0.12450230603494923,0.0,0.0,0.0,0.0,0.0,0.0,0.0,0.41061777795209825,0.4184868432260266,0.6613299133545394,0.0,0.0,0.27282652989642114,0.0,0.5793565010324703,0.6177074556132831,0.1069754794785937,0.0,0.0,0.01720027038172045,0.3657871717588346,0.3625168431338938,0.40554163104542407,0.12328949813534806,0.2543788328983344,0.5052998159325098,0.1545462787523197,0.606227446406488,0.30451318120611537,0.651766445675219,0.11647392588687691,0.22742822177483382,0.40812663744283206,0.0,0.38047683149358763,0.5452264144234318,0.19573557294591926,0.22959394343635461,0.07716587775612627,0.0,0.0,0.49416182311600626,0.4337231271360346,0.6177504986569767,0.0,0.510293000789127,0.14359661060202006,0.3565184519412199,0.21357377234676034,0.2784928200271261,0.4076568889534376,0.3288348531474826,0.14503954247369835,0.0,0.42882128137775843,0.4848761507150331,0.18910334625248185
0.0,0.032756636379609,0.5790125038169097,0.0,0.30440428531970354,0.14399557913260708,0.16993470438385536,0.30944422354064144,0.08562082156396608,0.4433790919437693,0.0,0.3806103380984616,0.21831375557216828,0.0,0.38105104021245095,0.22308639836881944,0.6503251074856976,0.4315426363168341,0.0,0.25994837270521237,0.09726930992600107,0.2336508477356065,0.2713407821153441,0.5894382274956104,0.4048866939532595,0.0,0.22435224756281585,0.172095716392921,0.21508199409127732,0.2932393273979261,0.2706503582863591,0.26139508718626064,0.21087342629405456,0.31039048830470434,0.37606888939051025,0.48205845109014234,0.47005950055474177,0.5294255525654581,0.17110677986655667,0.25119697447062245,0.2961711490790899,0.2548893251782188,0.4693505247556088,0.07124735068267073,0.42454455847540595,0.23964185981411265,0.36401762359548073,0.15569610588588384,0.4792016770737968,0.26786140264639724,0.17780211677471613,0.2608991219321744,0.15669280930612786,0.22700509824408305,0.08821291385704678,0.0,0.4887514805386294,0.17455769545506575,0.0,0.0,0.06078898068503483,0.21749933174631125,0.3682629948230463,0.0,0.4505303899682225,0.2819024139267787,0.46494704261319064,0.3530940880614173,0.26473339140980967,0.47599658144498236,0.38307895404787073,0.5276223110802559,0.15944200170091286,0.32206138806624174,0.24725975844305167,0.2831764959391899
0.21575632151643376,0.3952407557640419,0.0,0.0,0.4592875413738613,0.29321157834932865,0.21580284013595835,0.06535901502446737,0.46232769879120295,0.4409537772122059,0.0,0.3626914010638221,0.19789824742666182,0.0,0.27944720930453043,0.3427951182580761,0.42926370644603645,0.40052159176281027,0.0,0.24772691119303883,0.1999160155343323,0.357459723875447,0.24072913559935127,0.5815376363890917,0.40488927363987715,0.3666751699621338,0.20247555340687234,0.18187114929290865,0.15874393667838888,0.0,0.27329406513941834,0.2692838475781043,0.20743535898232346,0.24472409169946246,0.3313831261065755,0.36100717370508273,0.0,0.6168005297083503,0.2203198136168756,0.19213240355464278,0.19839880121531292,0.30201608425201126,0.07487596364931944,0.0,0.31337651144536555,0.22255856696030557,0.39758868638531253,0.018662358313124322,0.0,0.03805640645629771,0.4311584983843494,0.20690956599628987,0.2940289518803358,0.14438330870842409,0.3396278569226997,0.5991530047634968,0.24449547585372705,0.23433202973532574,0.49416182311600626,0.06078898068503483,0.0,0.5318049419733323,0.33820865602966454,0.968825090537087,0.23810932448550245,0.4584136538517626,0.2601481157358275,0.32207338815178005,0.22742734447971513,0.22786805112802233,0.2753159979679613,0.33816070756611566,0.12230298625632804,0.38997931152123555,0.3501218606273122,0.21561845264694804
0.046505976982740456,0.2216319342873277,0.0,0.0,0.0,0.0,0.0,0.0,0.0,0.24119209150514456,0.0,0.19756025072943983,0.20095340702582942,0.0,0.46676231712848265,0.3256333663489134,0.3179201410873106,0.5374518007696862,0.0,0.385875632600901,0.0,0.19900235790588486,0.6336313960304798,0.491902954218123,0.4802737471599755,0.36600345134397444,0.0,0.40638336873265196,0.49179002532128036,0.0,0.6201250655328981,0.46631370402955125,0.5074338227180184,0.5205568329707674,0.1683178897678315,0.0,0.0,0.4454926913538676,0.3452028030232226,0.5648924640648201,0.42130218564394994,0.1989461234410473,0.17271993391264112,0.33327528647918575,0.5598863994820921,0.10442221011587645,0.28476960563357356,0.09000032962592137,0.0,0.13739107427338987,0.22309061285499776,0.0925141283155859,0.2943311462811277,0.017278412253055417,0.3784382790007906,0.05353114500286725,0.35692984429057245,0.21696493301479333,0.4337231271360346,0.21749933174631125,0.5318049419733323,0.0,0.4203496598208307,0.0,0.2764294420155178,0.15604373330187551,0.3382453080110969,0.0,0.34563012969151263,0.5361443737513076,0.5488488810522153,0.2548288489251934,0.27859706319636457,0.4098204530594115,0.3862920502681578,0.4474523784829966
0.18053597253912382,0.4220605224349812,0.0,0.0,0.0,0.2906371714046677,0.5203876549321287,0.6030877337758114,0.0,0.23089962757907212,0.0,0.51453806345801,0.08435649495317955,0.0,0.5264833225807305,0.4291774748419664,0.6480126528995803,0.4892793247830379,0.0,0.24510938616968236,0.3732872015901057,0.30627147109500164,0.04316777377145209,0.52236388491671,0.49478538147746415,0.4260527301328115,0.0,0.23376116249200452,0.11226270930102664,0.9596885458005262,0.34144211686794645,0.3503850846242669,0.36622742567391753,0.4712272635205516,0.45602114064707583,0.9696751842937612,0.0,0.4537845918625261,0.42882368670848975,0.5390005933045755,0.3385778883565665,0.4415026448078414,0.21824551107560486,0.4241150495858179,0.26319531023600734,0.3032927964491516,0.38544596965536754,0.020335469648901275,0.37477403053936,0.12756395905720444,0.4395118656568432,0.2697614297644644,0.14009388226212363,0.15715257514793135,0.44573837348324424,0.20058328951126841,0.3711707482598021,0.27479644016098115,0.6177504986569767,0.3682629948230463,0.33820865602966454,0.4203496598208307,0.0,0.07839150803083139,0.41404733494535895,0.3912791547134709,0.2982163069805198,0.4344323672794633,0.4303826132868,0.42519167813207,0.3030678678113304,0.45151879265449535,0.2997624210287941,0.44279267227815244,0.15378707340597675,0.34819456324674714
0.0,0.0,0.0,0.0,0.34493722102313457,0.237832330282973,0.3343302932663312,0.1898488537737354,0.25998415878976,0.4911453824396434,0.5379185260656641,0.1678998654226449,0.3229292242128097,0.24227281731756425,0.0,0.0,0.0,0.0,0.13802079986079144,0.0,0.0,0.0,0.2941952649934565,0.3858227083858899,0.0,0.0,0.3305608292794522,0.3464256768180908,0.41519260066926394,0.9435233389233122,0.14139737216073156,0.1979693871131927,0.819815700169533,0.16750385810629081,0.21514500127385836,0.30175579533021446,0.33233561457960664,0.3793540727331013,0.22803098616210737,0.09348896101432401,0.1984705741179718,0.15412306699368616,0.26781937852520066,0.3261874322015837,0.13706890805782546,0.0,0.3086089969429908,0.0,0.11825038644122142,0.21093529230564448,0.6745058854707469,0.2645492227514625,0.08934964822174704,0.24181220163613248,0.039738751184447745,0.19981219812477022,0.07958058052514883,0.265837164506102,0.0,0.0,0.968825090537087,0.0,0.07839150803083139,0.0,0.0,0.2571003583568615,0.7268306968952865,0.2129741721749187,0.20789342539140282,0.1157296675721754,0.023595767205285265,0.11665635092081923,0.251597357061529,0.3590572341371795,0.3246668583083406,0.1926604874966424
0.20797171712015758,0.32624014685894853,0.23697560604203632,0.0,0.07843516541512187,0.1969079392024481,0.20923752183720074,0.30149690001036017,0.24605197759195352,0.6336313960304811,0.22320549701368825,0.2390428745391196,0.1575940353151751,0.0,0.36200906415167544,0.3208107314124683,0.0,0.1538359046085637,0.4729551248553257,0.14387683562699813,0.05502316174997961,0.11767456640955057,0.13632848817548807,0.4827912506167848,0.6497946710701755,0.08455943434188934,0.08789460693921958,0.09785771305939478,0.08822133981511107,0.27515749264818834,0.05875125282557974,0.1284783239850708,0.25825976018632146,0.2798083220390494,0.3938872306655557,0.4568516042020936,0.43137911817819824,0.4525140544613463,0.38502732207880375,0.37272793630171075,0.3778775500830288,0.25797474431163253,0.3836177772132296,0.31979945179655195,0.6096814824656096,0.11507481381082958,0.4962034513679636,0.10328159624293307,0.08154430846588401,0.2249872471404189,0.5956411288305309,0.15664947719996333,0.12836134427889273,0.28710899001364615,0.3320737617629532,0.616823980842267,0.367006324334834,0.31066846787281843,0.510293000789127,0.4505303899682225,0.23810932448550245,0.2764294420155178,0.41404733494535895,0.0,0.0,0.17658617317861072,0.4245379456969059,0.21675071275552554,0.4330605932655821,0.37583727854436494,0.3765700120143246,0.47719261027849946,0.4735521409434418,0.4329436330227476,0.5751890866566467,0.5392643477716718
0.19019973238077856,0.36833892664959683,0.33274473929913784,0.0,0.5062140055810436,0.11330148189854078,0.1665132676129359,0.10562689798735117,0.6993430553986695,0.30699026816431135,0.0,0.40301216690313857,0.28578465197991737,0.0,0.027092951567695298,0.40485209385330895,0.0,0.23769074538164822,0.0,0.0,0.2288253649950505,0.1752656164755716,0.0,0.37458096327881363,0.2800977655940481,0.2799025981286141,0.16542648034118404,0.1772099678659107,0.11860200803906401,0.31665053241454433,0.27290741330927826,0.07444217584068122,0.0,0.22036439696917381,0.38462282010768256,0.3768996896028613,0.0,0.0,0.03462070088663269,0.09242891506345802,0.18231241766090575,0.1429044934291463,0.06881870586886853,0.12891356283969743,0.0,0.19161058389431998,0.3917409752435022,0.0421555693589889,0.3531760934230138,0.058505894284263796,0.15922719998722185,0.03445132329975424,0.15858035285968963,0.12968792933023765,0.30460307578707535,0.22178082907189817,0.2692988349926833,0.14300783661465014,0.14359661060202006,0.2819024139267787,0.4584136538517626,0.15604373330187551,0.3912791547134709,0.2571003583568615,0.17658617317861072,0.0,0.2849076681006996,0.003526765170130952,0.22325082759515097,0.12547240702630197,0.28541912082689647,0.2577515494378686,0.16899782072527492,0.04264117860639917,0.17324488695975185,0.35995088432335187
0.2844821605719783,0.48533633126943787,0.521795495242235,0.37475864713719087,0.09256943226565019,0.22576492385609587,0.1816364798553765,0.2826363536095426,0.11098750915961748,0.5212979343445129,0.49453473248561264,0.37434243145909213,0.22721383124440253,0.0,0.32034029955932347,0.2240951794819952,0.5609184279772831,0.3659663373070728,0.4890382906730288,0.23929477280853553,0.0879616046002493,0.28925118071859945,0.24505122334975366,0.11516524931517046,0.6045426482458662,0.4028758526320857,0.19198221389083187,0.2092258780226729,0.1300229879290764,0.44838714715539774,0.11488787622490429,0.30448018389059245,0.2214385048495603,0.2087438854926691,0.45961731496064406,0.5331931870403267,0.6298998754633737,0.46139747692315203,0.31452985903892816,0.2983013845228052,0.332657347057501,0.2860944001832433,0.2373449470896815,0.22263438249156528,0.6636463521762799,0.34556887686519316,0.5810267258556084,0.06234099879323457,0.3189160794164624,0.24958114928894268,0.35581349934268736,0.25794847481770544,0.30477506040779034,0.1579707357469481,0.2524497135959912,0.0,0.3126112807388548,0.2642571060738467,0.3565184519412199,0.46494704261319064,0.2601481157358275,0.3382453080110969,0.2982163069805198,0.7268306968952865,0.4245379456969059,0.2849076681006996,0.0,0.3604468607078594,0.24566443928786255,0.4185867997717943,0.46177861832695066,0.36501968225627934,0.3809347290819913,0.5062784893496074,0.4712161860612063,0.2837957483407615
0.36334843503676273,0.20706795396044048,0.2609052069292788,0.10424262036037923,0.12573609065764824,0.0015584669675839796,0.05239328783831815,0.2849151139738424,0.12679954953498124,0.17187529406121138,0.10071868825912869,0.31696880108178266,0.008747703353944494,0.14372558572207964,0.3546406991008082,0.1859963795644941,0.0,0.38887441319314653,0.23510573631481457,0.09087314480156222,0.04733753498471954,0.13970179015644596,0.4228565968641215,0.6648710768459324,0.21891360095459478,0.0,0.0588814336668,0.013977028506164758,0.06272956505900872,0.07225909421685812,0.05367095971636695,0.03505003707939523,0.149283064524058,0.0,0.040156203438631626,0.23953152242127354,0.07529614982203398,0.4763762045566239,0.16232036662695512,0.0,0.2119920374349007,0.1840220827593599,0.012617960416415372,0.3040284100197772,0.1391387178298843,0.14377185496956765,0.24694561412570515,0.1423346550731428,0.3357368421832324,0.4053490490819984,0.39788081913979984,0.2254686751043919,0.2390288344251642,0.3201057671226692,0.1180776582782653,0.14655402906815593,0.16170276386904614,0.18526070181190007,0.21357377234676034,0.3530940880614173,0.32207338815178005,0.0,0.4344323672794633,0.2129741721749187,0.21675071275552554,0.003526765170130952,0.3604468607078594,0.0,0.20148277664688585,0.43446548231733007,0.19847344396327427,0.4036485806281205,0.26426584725741503,0.21434797505623143,0.31210864231043295,0.17799785182571604
0.3142090024148925,0.3705446171575893,0.0,0.0,0.0,0.39401141387505606,0.3853346366071535,0.0,0.520074987835279,0.17186578235635228,0.0,0.10320622819514884,0.4213586296086625,0.0,0.374135306048654,0.08549946397461237,0.5239107125259915,0.5659951597308845,0.0,0.0,0.5421893345246507,0.43036747873916786,0.47496132525280327,0.3349175389310624,0.48220703638015183,0.3147538471526414,0.0,0.4604802616692092,0.5177562902109304,0.0,0.4535952480088703,0.7158039208578595,0.571822130415763,0.47989430315444537,0.591813766090326,0.5558221423112923,0.4629683433975085,0.3201128751228676,0.2619662755998316,0.15213889842049097,0.06140315331696735,0.09286417849087726,0.2602849596792498,0.18916367648695187,0.056435334893771394,0.16822068843830934,0.014448042359355442,0.1931441732854429,0.4834120943630801,0.35811007891409896,0.40828083891169836,0.29166316114938695,0.26711008913680784,0.005901485228434162,0.09130448692062199,0.3004906051752767,0.24183007591393174,0.0917792451670692,0.2784928200271261,0.26473339140980967,0.22742734447971513,0.34563012969151263,0.4303826132868,0.20789342539140282,0.4330605932655821,0.22325082759515097,0.24566443928786255,0.20148277664688585,0.0,0.46486108812554283,0.44427233843712843,0.09916513200625718,0.005553874314754688,0.2870061820095835,0.4138513820399915,0.3274282402168245
0.2152571674304012,0.3235126943565478,0.6361185666813101,0.0,0.6034237324704721,0.1857774592930841,0.1510281443985399,0.07775362157329975,0.4749796303286661,0.2901218829515617,0.0,0.2816770808743844,0.19927476733347047,0.0,0.28623765738187706,0.40737792934665007,0.45932196273951975,0.4726885452387556,0.0,0.13167900874019495,0.18424488158582933,0.2231146843675375,0.2076676888124587,0.3974526806457567,0.4924022068328973,0.3765200550868607,0.20040149456651069,0.05057747718109773,0.22580333909703842,0.6233692494988462,0.32167512791152086,0.3512999483507216,0.43234187187992884,0.34454713608686477,0.4214637036899274,0.5144154812025263,0.0,0.4348913697379681,0.2857543147277193,0.3441485698326199,0.21825292548029745,0.23280869434408705,0.199559961859037,0.30215933524875305,0.5031935297355329,0.23074961508121355,0.4343624565757219,0.19221147018025364,0.0,0.10883349190356219,0.35995343950448105,0.30407139525347543,0.3484773282072175,0.24167718047553405,0.5591353632185073,0.12100529701882272,0.6135327039573353,0.2858588094381184,0.4076568889534376,0.47599658144498236,0.22786805112802233,0.5361443737513076,0.42519167813207,0.1157296675721754,0.37583727854436494,0.12547240702630197,0.4185867997717943,0.43446548231733007,0.46486108812554283,0.0,0.2262694438437517,0.3326526144051617,0.22197128239159605,0.4257528954750792,0.2377279066946541,0.32107539548771447
0.2704380150485635,0.4198323971585758,0.03450951726286006,0.0,0.05857354726772865,0.2318929715531102,0.14091328548436352,0.08889527020559194,0.11617958019871108,0.42367109707536954,0.913534279974974,0.45704827005277343,0.1368498184909006,0.0,0.0,0.3499771209472356,0.6067537195942838,0.5143009491809117,0.0,0.09509906200793335,0.1937261715152588,0.2813360840519363,0.22246635333771653,0.5922087346008403,0.515544531246478,0.36852448967158796,0.1799046266609112,0.07495395056488117,0.3859183870850989,0.4827422847665299,0.3590524961297279,0.3247672541680315,0.3492181518187141,0.310110098975039,0.40780236630232364,0.44923899442712206,0.2585951028794278,0.7313197257983481,0.2962676487213139,0.324097477917862,0.15108160939135823,0.12742185678860402,0.40504007229562805,0.5708037382030205,0.3880316366456186,0.36931832663892744,0.5803698358445167,0.10049051784227962,0.2325162110296926,0.13839037071404672,0.3573475438142862,0.27588778735620045,0.23226071862800007,0.17513989588658302,0.4559543946899348,0.16265847151982868,0.47266765173410097,0.30373484003627427,0.3288348531474826,0.38307895404787073,0.2753159979679613,0.5488488810522153,0.3030678678113304,0.023595767205285265,0.3765700120143246,0.28541912082689647,0.46177861832695066,0.19847344396327427,0.44427233843712843,0.2262694438437517,0.0,0.4222072769818372,0.2217990047033008,0.445334093717867,0.35551669860102775,0.1948991902250294
0.18240029618716436,0.30336808650432884,0.25093228098593107,0.0,0.17651428099147048,0.0,0.07921013360189536,0.11466938283180522,0.11260986164309028,0.2705249471870312,0.2530282261784371,0.03291169735983624,0.0,0.16966276109030914,0.21556400183686444,0.2807964321605406,0.0,0.2897112778695228,0.2337944348917521,0.07222363770108085,0.14984880552938218,0.0686291684830775,0.051916944741887405,0.5889599161354506,0.18347071243277713,0.04422272684404946,0.07867522933954818,0.0,0.06782698860192989,0.0,0.023170585767388042,0.10926436823110344,0.11261320170151007,0.005467538775843307,0.2128480333734784,0.21131362599791115,0.07978854213216593,0.35084741049623175,0.33305089032493673,0.22887161905790374,0.25089359255356686,0.30913799559919847,0.47531492137739806,0.23529323868246266,0.3404058539304206,0.16466620521189113,0.31711508650897374,0.06979469581874943,0.2664041645200158,0.4581242770551682,0.41666159858821217,0.23161495855035744,0.18046395569293136,0.0,0.24243528210840726,0.24786157912301032,0.07647849720980895,0.17197063130976292,0.14503954247369835,0.5276223110802559,0.33816070756611566,0.2548288489251934,0.45151879265449535,0.11665635092081923,0.47719261027849946,0.2577515494378686,0.36501968225627934,0.4036485806281205,0.09916513200625718,0.3326526144051617,0.4222072769818372,0.0,0.2266377340003341,0.41755924396417654,0.3160410398418995,0.35369309665980236
0.49814031107112866,0.28347792723773,0.14467432010642672,0.5386999908156355,0.03986260868707747,0.10225468320727889,0.12195285609728442,0.1854088719477342,0.12815423598884476,0.34097741044841157,0.1603916754351175,0.5084236562941828,0.06946349541390312,0.40543104468118407,0.10446702646697714,0.2979227872603253,0.2997674636702373,0.3002297977613883,0.13142310638795074,0.040578723138664445,0.1857334211946183,0.33178391609248153,0.03789661352657102,0.37516801320971943,0.26742812709085817,0.27033694259605157,0.11554903768764671,0.045545229952993774,0.09568480225895956,0.08007251406354515,0.05721973279003076,0.33776323843215794,0.7062380434636638,0.29282499096698045,0.5044263796174085,0.47827382003212876,0.5110509562135132,0.5407325537334315,0.0,0.14403879008754816,0.0,0.15364862007390262,0.0,0.0,0.18154444686202312,0.23089151324671908,0.29366548394698655,0.2240000093109197,0.15719627756591262,0.4651038002911925,0.05230999379365183,0.5674130981257746,0.09592930538738724,0.24681788452119968,0.2258490749057189,0.13781586689291703,0.20992508757638037,0.1446927626967312,0.0,0.15944200170091286,0.12230298625632804,0.27859706319636457,0.2997624210287941,0.251597357061529,0.4735521409434418,0.16899782072527492,0.3809347290819913,0.26426584725741503,0.005553874314754688,0.22197128239159605,0.2217990047033008,0.2266377340003341,0.0,0.0,0.26123137453018963,0.3542460821260013
0.3817006930127416,0.5383459803134777,0.2602762909855508,0.15689925212207406,0.21026823159462887,0.03619269023751918,0.16407994533126707,0.1530717704619548,0.24115204357816286,0.07916938885536856,0.2848030058309522,0.3987535706732587,0.11291487021237623,0.0,0.0,0.3411290643593897,0.490784338838436,0.09054584782535721,0.05368900993826592,0.07094818394483224,0.08894229210127136,0.32950452815975984,0.07699221686458389,0.13587186289380104,0.274431945862654,0.2880989662016321,0.06716918727651529,0.024813185416983692,0.14634584750782414,0.08097110386892267,0.18908018517812447,0.10343795782484844,0.2677278462337302,0.1739082903127028,0.19937542797294924,0.46404570680718765,0.4587596698934908,0.6340598192181848,0.464969253523129,0.6249628956838578,0.4354922973264258,0.42066607364446407,0.5511278730235185,0.5099123728682787,0.3702371078096637,0.3086695983718524,0.40110750078381996,0.2263828017870615,0.34396154113308014,0.34708454930376165,0.37342194039712195,0.3161507131559695,0.22823575495583484,0.3878181702375663,0.3686431808650717,0.20547924145504506,0.3653507269304217,0.25153468310637467,0.42882128137775843,0.32206138806624174,0.38997931152123555,0.4098204530594115,0.44279267227815244,0.3590572341371795,0.4329436330227476,0.04264117860639917,0.5062784893496074,0.21434797505623143,0.2870061820095835,0.4257528954750792,0.445334093717867,0.41755924396417654,0.0,0.0,0.10579500050164312,0.6458087486911045
0.0,0.0,0.3308905491707595,0.0,0.0,0.21247932826314478,0.369485380906593,0.2914515027873804,0.296858739011549,0.0,0.0,0.0,0.23319269383686858,0.0,0.0,0.0,0.0,0.0,0.36757517170609794,0.0,0.07936697630719339,0.6105877422521985,0.0,0.0,0.0,0.48083263381867936,0.08966579249377685,0.05729555024008706,0.20056466363725264,0.18672905771205597,0.035395319520235266,0.07290565595813794,0.0,0.25643416521169826,0.311693435398027,0.4072643386889733,0.0,0.0,0.3639785272040808,0.32331708860518593,0.3113379485220659,0.3801106284875591,0.33554583743295086,0.5267262486525393,0.4032617188669335,0.5461194010085227,0.4526414498342917,0.11943579416416865,0.38950532075374894,0.41771115449374857,0.4329314988014654,0.2961143029431624,0.14898087466549492,0.3154354496613605,0.4024345438845912,0.39511328800386275,0.3401219777055934,0.30883269205996683,0.4848761507150331,0.24725975844305167,0.3501218606273122,0.3862920502681578,0.15378707340597675,0.3246668583083406,0.5751890866566467,0.17324488695975185,0.4712161860612063,0.31210864231043295,0.4138513820399915,0.2377279066946541,0.35551669860102775,0.3160410398418995,0.26123137453018963,0.10579500050164312,0.0,0.47234056315120415
0.17401442195985833,0.340329884976682,0.016445639800664973,0.0,0.10086768224373817,0.08305199946629409,0.1498360253775561,0.17773732328452488,0.1595315749202254,0.2776323512538358,0.10281374407888305,0.08667334101942986,0.10180047606760627,0.0,0.027145730476658234,0.004840116186398295,0.5759490589310347,0.5082736800617472,0.10032740335155907,0.16398828569482626,0.042151437825381936,0.38258535760729856,0.10227225516956735,0.5178205806826444,0.38143528660933085,0.32278711548680067,0.1283629565858034,0.044139706702265025,0.09881275095333149,0.07102222327096736,0.3043062227341583,0.22746819774546959,0.35964755010434557,0.2937811368230252,0.714693225733724,0.5853522646781827,0.28602751177628793,0.28510981672834546,0.2416706667084373,0.22245479091094025,0.04719246612716864,0.21562645683567702,0.0,0.45467784083241397,0.5619112271300573,0.03448495766180743,0.20204650809165484,0.25340495531475155,0.3365213227225511,0.28579700099545463,0.351544450701622,0.29491987951520976,0.21634627779325571,0.23962526980494211,0.4683016448981079,0.15645189578641616,0.4585219286430743,0.07771698480263821,0.18910334625248185,0.2831764959391899,0.21561845264694804,0.4474523784829966,0.34819456324674714,0.1926604874966424,0.5392643477716718,0.35995088432335187,0.2837957483407615,0.17799785182571604,0.3274282402168245,0.32107539548771447,0.1948991902250294,0.35369309665980236,0.3542460821260013,0.6458087486911045,0.47234056315120415,0.0
