0.0,0.4943688438275657,0.45688686626710323,0.0,0.4947929164463355,0.551112981445946,0.46139578210567467,0.8237669177799495,0.47189384845464083,0.6220202637240773,0.48210640975463986,0.4067714756392936,0.6073031042337802,0.6592293053595764,0.47142428611122156,0.6257784356623227,0.4793541113550616,0.6444356428116518,0.0,0.5272146885445242,0.5294419614445894,0.6252211635776682,0.8017287842876182,0.4023694445226062,0.49186969901596117,0.6019175297199786,0.5855947781554643,0.6057488479039554,0.6346252800803914,0.4949237671864532,0.528019003029571,0.6297837817985561,0.599412753906247,0.4699861869978082,0.5329150450616369,0.6767918231082669,0.4127805306637279,0.590440772553997,0.6273437797391828,0.6073302470671346,0.6486030642083056,0.6490363542602672,0.3774754617661354,0.0,0.582857335824554,0.716256967908697,0.6788113517971945,0.0,0.0,0.0,0.48947357865006635,0.0,0.7197098030425936,0.0,0.6245324270807024,0.0,0.5900470210226464,0.6615498019982577,0.0,0.7628828228432843,0.6836882817088538,0.6106985103188878,0.6898728210028483,0.0,0.6692690201677111,0.645111751794707,0.6578940615206438,0.6518719712268373,0.6424045448450453,0.6892212187579778,0.7705085723057302,0.49255088559808224,0.5182851407567163,0.832002327754612,0.0,0.5745986646219302
0.4943688438275657,0.0,0.5044466542925179,0.5954937413204482,0.46719931341418447,0.4544467378773346,0.4365480020329583,0.7087804031175561,0.4783918067305954,0.48995938067593153,0.41003457830531714,0.5259706140790236,0.4956015727255779,0.40682842805283176,0.4598023642531349,0.6384745803414411,0.6089487450789509,0.6386174693469242,0.6287657984005107,0.5448894912590035,0.6219092081303672,0.6504604907838751,0.5989132688992438,0.5248176862284563,0.6276498581643344,0.5611178160093732,0.47691291327502155,0.5275142753803135,0.4981367513469428,0.5303512609488051,0.5870253925595478,0.6353340997021183,0.3957530977389402,0.598147837780007,0.591385879992047,0.47198485152899317,0.0,0.0,0.4840951493588522,0.5458250952322463,0.49690324720576373,0.58839048278587,0.5212356534405955,0.0,0.0,0.5084543673361356,0.5937081353594261,0.0,0.0,0.0,0.6931321003229866,0.6321791054574794,0.6258034299847139,0.594124981242114,0.2728500682173788,0.0,0.22417009654052747,0.7104625215910507,0.0,0.497772335244839,0.6082989153230464,0.5964691200513061,0.5693582560168169,0.0,0.5522382495973319,0.6418375350064637,0.5957232324067961,0.5812761829848028,0.5020243261919249,0.5300695475502951,0.528014258334202,0.46298443638961545,0.7643106661895771,0.6741846964514815,0.0,0.6300553488259636
0.45688686626710323,0.5044466542925179,0.0,0.6067205185473418,0.5962996889971108,0.4890751533330461,0.5851691515765973,0.6241499039176801,0.4355578474921488,0.5556692770747466,0.8740067168509862,0.5048888955253404,0.5919305187907113,0.578175400605339,0.5030070548487282,0.47711733328561834,0.5640628940336401,0.6444125317607284,0.6154748637759474,0.49465156189864856,0.6100091961198009,0.7736232463381751,0.638363681905018,0.5928828289091883,0.6493124697673385,0.6060135648641893,0.5465360609993221,0.7315093594866214,0.6511422389650423,0.7487148716967802,0.703494096990478,0.7335847186158861,0.5845387398391024,0.7328329321202389,0.7695112781134854,0.6853438270624681,0.6401324032015825,0.566890182206455,0.7477940564106007,0.6038126760673344,0.415856256039688,0.5261069055311505,0.689026358729268,0.5873459490907144,0.0,0.0,0.6208145631976398,0.2642143930671276,0.5248854629252715,0.5857974445307886,0.7602845996378257,0.575259971934797,0.7023772093424324,0.7540691926530299,0.3828557419608225,0.6718417561531573,0.7271487630112692,0.6549729142298552,0.49932868065118924,0.6275808575187868,0.0,0.0,0.0,0.6279856999461104,0.8123135771199937,0.4995785008682395,0.5987702514022022,0.6840031343934799,0.0,0.6127372883154973,0.6174801840106489,0.7404903923256527,0.6422634017151896,0.634453398599958,0.5239087465098415,0.7353564233828872
0.0,0.5954937413204482,0.6067205185473418,0.0,0.5969900912261435,0.6059449862569053,0.3791086950702763,0.5183718521245994,0.6789433340449629,0.5209602604657333,0.5972579190290087,0.1853072635221391,0.5544340552672248,0.6218305859708814,0.5627508314071592,0.3587293644174244,0.11715355568752925,0.38161061188022094,0.5898927721716479,0.8171785697100165,0.3087857661036928,0.6998559425485608,0.5556807552219364,0.3598883015987662,0.7111998635897436,0.49046116262977724,0.5664721474438552,0.5279913888420501,0.6139507010167587,0.6332134716338332,0.48118261104940296,0.4494979020766181,0.17483442630578824,0.31916047940403036,0.7892503451589621,0.4106438709554533,0.4871091064315355,0.20745097149000596,0.24312447971548995,0.37687913217756286,0.5360658293199704,0.44048723240885557,0.2118664347035616,0.3423170908693075,0.0,0.0,0.0,0.5452968486339127,0.0,0.0,0.6948980791753181,0.0,0.3726728496977941,0.4878574082490228,0.0,0.34729401613326427,0.5904689786165573,0.42421202709149736,0.0,0.0,0.0,0.0,0.0,0.0,0.0,0.0,0.3841705006476396,0.6332656379095605,0.0,0.0,0.0,0.5301797629752424,0.5834587783931771,0.48377690723057515,0.0,0.0
0.4947929164463355,0.46719931341418447,0.5962996889971108,0.5969900912261435,0.0,0.5527507674788886,0.4128253321098182,0.40878373381200306,0.6126855812561534,0.5930095760953469,0.5325134576243142,0.4065684518169592,0.5931843379790581,0.6056879163362585,0.657652588998083,0.5591631427008168,0.5794165250026402,0.5857079972404918,0.49737206831461117,0.4985095466050054,0.7037729945900218,0.48077888319300865,0.6266218578588858,0.4788053602031057,0.4331679273959545,0.44712842443770656,0.6042600804532264,0.5130949494069303,0.5867278775611988,0.6964071906529974,0.5537302515315761,0.47893786742145456,0.48716065841879896,0.5457056580146697,0.6644868097524279,0.5135262171407177,0.7533609856475469,0.5604538236906905,0.5645084764038706,0.47949381855173984,0.21477955039010713,0.635940386547183,0.43225517259646573,0.4630866464575648,0.4055374019543807,0.0,0.612672149883354,0.6374277169392149,0.0,0.4673172303538371,0.4601643430834266,0.639139633542123,0.5199103168306344,0.5924320989311217,0.0,0.4272180686325048,0.4119249575614766,0.7032210036533459,0.40439871897212126,0.6364302609135545,0.5270741694571017,0.0,0.0,0.6041358035220609,0.5954032700089241,0.42740231079531177,0.6417098080785205,0.6669343182833668,0.0,0.6059832592693206,0.6426041399197284,0.6088469923844375,0.6061230836204318,0.4760969162499686,0.0,0.6911439634604133
0.551112981445946,0.4544467378773346,0.4890751533330461,0.6059449862569053,0.5527507674788886,0.0,0.6085150595600706,0.675507737686492,0.5802207323282054,0.6093625357084003,0.6701452828576436,0.8327366165309508,0.6300637816441375,0.5176443049713823,0.5239389957815912,0.5296721149894899,0.6382603636695792,0.5073226665903167,0.6531652614920878,0.5984374379526017,0.6955362675669262,0.483248678284798,0.6702974598743664,0.47885115100005793,0.5957741355560761,0.574149149775592,0.6484952756599345,0.6552445292922696,0.6264038821769887,0.7159083873676932,0.649853392494262,0.6731883570242924,0.780460594650442,0.6493703448121946,0.7780814900709295,0.6271436014105738,0.6381627240089017,0.6308408023220262,0.6781378270661026,0.36913718430420656,0.7059782039524652,0.6928294800232663,0.6327425537587142,0.6127015703677987,0.27080285597705195,0.531530699346066,0.5458366994934962,0.6458422647266372,0.5942527391465489,0.6183004933172758,0.6075064801656461,0.7321850599915234,0.7104633876068179,0.7331217607423862,0.7072976990517484,0.6543772205360312,0.5025047150012927,0.6191641282138924,0.7007988665783274,0.31520278824271003,0.7005556942534259,0.0,0.5814259668829739,0.665840414280722,0.6277325807687633,0.45604410458607864,0.691064394647122,0.6781307912842379,0.4103169815101106,0.5488185293975242,0.5392167092488444,0.6557191322709579,0.5982129576302875,0.6840115745216897,0.49135305515719796,0.6815638950706133
0.46139578210567467,0.4365480020329583,0.5851691515765973,0.3791086950702763,0.4128253321098182,0.6085150595600706,0.0,0.40927524716333824,0.5883039115046151,0.49534125524295713,0.5101660799839497,0.4629077827922791,0.4539386456592787,0.5049540438010806,0.6466040526468537,0.6014417351746187,0.4971470874570578,0.593895591939653,0.5515842260111607,0.4050957031790764,0.4684929872575884,0.5236931075940872,0.47479096360030915,0.5561449229722262,0.572618023291962,0.610187982409288,0.5312565044046703,0.48441455910528275,0.4697951518776292,0.43015043222365534,0.2094929390037234,0.5326407040704746,0.4119552243945362,0.27058113702566633,0.541745039860518,0.6091619915670439,0.4492116859844596,0.3968917968419183,0.6716545998698088,0.4033220425530679,0.636765761922379,0.598383340887265,0.4839693021680761,0.7943192960989761,0.5015004412781747,0.0,0.5220546683860707,0.5449840681107848,0.0,0.6019590702166953,0.7062181176614544,0.6479801331997971,0.5939509901566693,0.7200809333554248,0.5046114137652417,0.5070648642215749,0.4771481736083505,0.5521152808015943,0.3259655009267052,0.44751923005353,0.5399864210872487,0.0,0.5395759414834072,0.6712355249814125,0.7497626859281908,0.6053780309398062,0.5827497329673171,0.6434143761261877,0.4003601340662122,0.5489176370862174,0.549820488554323,0.6318387096980278,0.5402721528966162,0.5205289461848533,0.6976426850732093,0.5334270452183203
0.8237669177799495,0.7087804031175561,0.6241499039176801,0.5183718521245994,0.40878373381200306,0.675507737686492,0.40927524716333824,0.0,0.7087903296043677,0.5998145853356402,0.6243461869910057,0.4980986747972148,0.49096514709080225,0.705031250238884,0.7624101935938254,0.7770663668444537,0.5556027462637418,0.7043537214148035,0.48180524363833577,0.7243971686374755,0.7433812949406782,0.7706174695437656,0.6741224941469172,0.6338283296500814,0.7158921663560966,0.7151378754139027,0.638990424903547,0.5191921005224985,0.609013418151873,0.5630882547480927,0.611634368989712,0.7123507629804664,0.489723499727613,0.6084959459342667,0.5796033834630683,0.2948939685332551,0.3374116850259965,0.5833466873838496,0.7987967599277263,0.46725375622133564,0.4694880939582229,0.5264819362916142,0.7638801044499615,0.37392941615150166,0.0,0.5708117573506046,0.4370582080193915,0.682631416001487,0.0,0.6842586757889638,0.6850397689797012,0.6581011552807186,0.6564939431763047,0.70657676269132,0.45741507762291667,0.5987930825568837,0.8881325337554364,0.5131336951193122,0.2656650876364998,0.6776499688979011,0.5369088885219246,0.0,0.6230670833704546,0.6942818928484742,0.6915751425460275,0.7511481822058865,0.5205023453010752,0.793143772617796,0.0,0.617261407438568,0.4670466421432468,0.745573481389067,0.5583880692469356,0.6893646025811516,0.5246822457946468,0.5372798675621175
0.47189384845464083,0.4783918067305954,0.4355578474921488,0.6789433340449629,0.6126855812561534,0.5802207323282054,0.5883039115046151,0.7087903296043677,0.0,0.6403565046624522,0.40237567564939775,0.5812717130027338,0.5736985999128674,0.6432831850858935,0.7976677168330087,0.5869423883426306,0.5506985111073528,0.7264744045380896,0.42914923525904203,0.5928790711590567,0.49395035854840075,0.6057419798274551,0.7831009643357397,0.7090447912520599,0.6371775319124097,0.4130733104457074,0.6026022240439447,0.6547926072430443,0.59925140097326,0.6721126994827766,0.6693413725621666,0.7427870537348976,0.5608466200799904,0.6994636201660691,0.7439485990128607,0.708062213254052,0.717710294930102,0.5750051312568295,0.38323755603533916,0.610867926054749,0.38274960392401125,0.33923814271222913,0.6198504736887205,0.5036786775905028,0.39635525763205787,0.0,0.47256530676879116,0.24485961354400487,0.5015660954206127,0.7134816038496168,0.47962662139535317,0.7596845420238946,0.6935184416458069,0.6308221891596277,0.6776523899933911,0.6290631094579805,0.504761095476364,0.6531903005744523,0.5390882234399264,0.4786083539585061,0.7710270349911488,0.0,0.0,0.5323970997597146,0.598918435962596,0.6062836481421288,0.575025351019295,0.719798235433176,0.5324732298363327,0.7234188079448134,0.4626759767949388,0.6137500907324311,0.6790460184541194,0.6250391416582002,0.6702659320658005,0.7368248391706016
0.6220202637240773,0.48995938067593153,0.5556692770747466,0.5209602604657333,0.5930095760953469,0.6093625357084003,0.49534125524295713,0.5998145853356402,0.6403565046624522,0.0,0.6392878888421203,0.6062755558311307,0.7205466227671641,0.46108958613263606,0.6302401593351448,0.6098275192448771,0.6222443427151254,0.719157080301431,0.5624428431361544,0.03685513580078051,0.6541112500643683,0.44160765545963754,0.4775633176708695,0.5132546475430282,0.6613209969818523,0.655058600915894,0.46405235753580765,0.7351752006512244,0.6652153925165272,0.4926298750342667,0.7257116654127906,0.6041507758077905,0.7714769319493261,0.6561948602932478,0.3337805872601527,0.5918518655296928,0.3871821126592892,0.5835166867797188,0.6927321993073596,0.5427823470367165,0.7203884710526864,0.5618211592217516,0.48630326906274884,0.39267267480780615,0.5729533882972879,0.5881616972128756,0.4825024115361627,0.4936137363425256,0.39052120646290456,0.5008051929312081,0.5632927225359512,0.6401092006635009,0.5660981694346046,0.44434383661799076,0.5468495511769584,0.5608161642490691,0.5291170322285889,0.6672033686816042,0.0,0.42614437348643947,0.4849445814465772,0.58523750665852,0.5879993436977129,0.4836877407648334,0.6442650407735282,0.45999316789963435,0.4864811515881403,0.5756543773290332,0.5274191678247188,0.5496296241091417,0.597287406045819,0.749480091707962,0.6182435241364604,0.5242803801689893,0.0,0.7277497501284054
0.48210640975463986,0.41003457830531714,0.8740067168509862,0.5972579190290087,0.5325134576243142,0.6701452828576436,0.5101660799839497,0.6243461869910057,0.40237567564939775,0.6392878888421203,0.0,0.5502208431088946,0.48984759862476346,0.6781825203427219,0.0,0.49742559147456583,0.5191373168290265,0.5015781886761254,0.5846800549328017,0.5241029263161587,0.6121504219249433,0.3649886896752832,0.8017014981925575,0.6477396055139965,0.6222868122611703,0.6277219062495186,0.8760649210323516,0.5194724790910239,0.5166423910168894,0.4829622941859327,0.5713840917754898,0.3871578964216756,0.6484573423447804,0.6227698220306188,0.6339955148910434,0.5206113006345021,0.6677626686204843,0.5439545153781715,0.6256459297697546,0.5628445043603595,0.494692034650697,0.49005718433242185,0.48408097647165804,0.5449506224723519,0.3210344191237986,0.0,0.0,0.9085903634908569,0.47462244333932596,0.43567793957038886,0.7013584292930467,0.5053324352212986,0.5429154285936708,0.7414273799774744,0.5469643497363009,0.4419303596735621,0.459212440393263,0.6322936866205825,0.4110552649691495,0.0,0.0,0.0,0.0,0.6012665492008191,0.5066534347187329,0.0,0.5313253812769876,0.49059304315097524,0.0,0.0,1.0,0.4872169762590897,0.508253440708194,0.4229263672195091,0.0,0.6161148213427118
0.4067714756392936,0.5259706140790236,0.5048888955253404,0.1853072635221391,0.4065684518169592,0.8327366165309508,0.4629077827922791,0.4980986747972148,0.5812717130027338,0.6062755558311307,0.5502208431088946,0.0,0.5730927560782452,0.5767886518436428,0.4728843833079882,1.0000000000000002,0.6900696530637418,0.6897392510299385,0.7599379594811759,0.35688953718868655,0.5887648270147672,0.24879019660385035,0.5294616621217643,0.508903189607612,0.6431318978440177,0.5944531878938576,0.7840108792580115,0.6525435092005074,0.5820444756431914,0.4765982857670487,0.6432934353182989,0.5689544828049335,0.6485122931961701,0.49224482755657506,0.9259914248126133,0.4575562812900639,0.4588050534402949,0.4607468432478426,0.43695873922317674,0.4799355263817293,0.4432423942121276,0.42038111340752693,0.42565984638772975,0.7125647311339023,0.588564367848279,0.5291352527607179,0.5320014492669023,0.4388068805003035,0.4365961704094054,0.4270906267707855,0.43601301495845274,0.5142979750880492,0.4865859210722962,0.44535008838616263,0.5317013155902586,0.3497342980113963,0.6178730378644693,0.5080431843299105,0.502533523898636,0.3749050123446644,0.6539614785731676,0.5180019658432453,0.5742164712093187,0.3960254323689224,0.6575284182412899,0.7740290149941472,0.4836784008085336,0.14937430365010396,0.5123594906833533,0.564930163076919,0.6792308935622221,0.3829741249404067,0.5609446714247673,0.6676694247718634,0.0,0.6783349276779053
0.6073031042337802,0.4956015727255779,0.5919305187907113,0.5544340552672248,0.5931843379790581,0.6300637816441375,0.4539386456592787,0.49096514709080225,0.5736985999128674,0.7205466227671641,0.48984759862476346,0.5730927560782452,0.0,0.5089754863504993,0.5366640634737164,0.6267519129042172,0.6719209673462375,0.6712654361111158,0.5624107503211415,0.48867152488949606,0.5544076503334546,0.5563043337793001,0.5150354581296391,0.6243746857714632,0.7146278675819655,0.7178620407361721,0.5538265964337609,0.6147861309064591,0.5869311709386128,0.6326096273381681,0.5208519707867793,0.5459456414563502,0.3044836860082463,0.5758087898811562,0.7260736508248087,0.5957660629526795,0.7718523290736272,0.5110848263028809,0.4814725812892165,0.46546516443935015,0.4910621080171208,0.5589159499414855,0.47212720989998386,0.21232408871546213,0.5341835983610497,0.6678579998165185,0.6365855529562645,0.7149621614721849,0.0,0.752777139381158,0.6665976911482885,0.6404002632282987,0.6275257703567889,0.7238835458145436,0.6660444092680565,0.6438673249219359,0.6212774709266156,0.7494237855944303,0.44213698802308216,0.5459931489116376,0.5966680633891338,0.550767972766007,0.49840401231853226,0.6863704669979466,0.5386742158926544,0.5887084210400271,0.6354861404538186,0.598292128138016,0.4732310645303141,0.6125058142505816,0.6264628097031287,0.6437519736230625,0.6071002976681991,0.6217877034387769,0.572886595224483,0.5931661328697614
0.6592293053595764,0.40682842805283176,0.578175400605339,0.6218305859708814,0.6056879163362585,0.5176443049713823,0.5049540438010806,0.705031250238884,0.6432831850858935,0.46108958613263606,0.6781825203427219,0.5767886518436428,0.5089754863504993,0.0,0.4528687237315964,0.4407817677703674,0.48130086297184205,0.49922516563270547,0.5166167490292128,0.412183342702455,0.5929186388990694,0.3725676728477014,0.6948881145935242,0.6699855728196518,0.5733213696699202,0.5935046926299485,0.506820458293848,0.5748919487736617,0.43985647329513455,0.7002969239455666,0.4409976157298664,0.2047710560198963,0.21226792444081274,0.6421536586450266,0.4108262832852501,0.37914164691469004,0.3410800144537039,0.34138820730135533,0.4228518388111891,0.0,0.6758764527121213,0.6469795920095012,0.511454926335427,0.5247753009833425,0.0,0.0,0.0,0.6066714746593379,0.0,0.6555312185440563,0.3298522589800491,0.599857138915903,0.5172302805018129,0.47201792124202396,0.0,0.6219602848613334,0.5315833039477644,0.38608646467222,0.28844738140043163,0.0,0.0,0.0,0.0,0.43547196900986884,0.0,0.0,0.0,0.5813082277160971,0.0,0.0,0.0,0.5915408503970421,0.6972823366047367,0.0,0.0,0.0
0.47142428611122156,0.4598023642531349,0.5030070548487282,0.5627508314071592,0.657652588998083,0.5239389957815912,0.6466040526468537,0.7624101935938254,0.7976677168330087,0.6302401593351448,0.0,0.4728843833079882,0.5366640634737164,0.4528687237315964,0.0,0.5017730605130093,0.45985396957345925,0.49412376048262296,0.0,0.703771396935715,0.45115666896697565,0.49071372043528816,0.6534357227817289,0.4229930058857482,0.5010378574529468,0.27522969189237345,0.5665384989186305,0.3083746220822164,0.37982023247909014,0.6050629612450359,0.4508460773621487,0.25374731410933954,0.41508346697448295,0.30065413184015616,0.4168567740197374,0.6382255829455338,0.7357679291593214,0.37486164251838494,0.3995839479550974,0.5372020680710456,0.4509926518859337,0.3760214009455332,0.6613094855616808,0.3320081063068955,0.0,0.7008615459719574,0.4964031126964102,0.50719197827871,0.0,0.0,0.40376677722509874,0.7921550383092009,0.5155754904382847,0.6125770724234312,0.0,0.0,0.5556781348564699,0.555030588709757,0.5130563694962632,0.6127054881987009,0.28905415358235975,0.4978595167417798,0.7407876625756856,0.0,0.614285102280153,0.5380379678174796,0.6643698349632764,0.7171186587117228,0.37356858160541867,0.17040050086196787,0.4352633344842538,0.5447520272194266,0.5651316182946018,0.5576370744732193,0.6912450467175332,0.47417816381201244
0.6257784356623227,0.6384745803414411,0.47711733328561834,0.3587293644174244,0.5591631427008168,0.5296721149894899,0.6014417351746187,0.7770663668444537,0.5869423883426306,0.6098275192448771,0.49742559147456583,1.0000000000000002,0.6267519129042172,0.4407817677703674,0.5017730605130093,0.0,0.6033622008728499,0.5619006384652727,0.514839530647267,0.44882057830659594,0.5737295732322538,0.5205331464733077,0.5974178384845864,0.620939271956959,0.6487479904564923,0.6228137195531139,0.56472993578025,0.5648534803390795,0.5707781519576807,0.5556238341281725,0.5450588799327459,0.6462984557581841,0.32889810263960284,0.4624770564851058,0.5322447080249084,0.8315296167344395,0.5952420644057768,0.6673348068807199,0.5578164155901739,0.5452684907344607,0.5890623151935159,0.6160974487176761,0.3876617341783444,0.0,0.0,0.47570912067098103,0.6059779995664811,0.0,0.0,0.0,0.66104036978553,0.6941808779464911,0.8431259534684536,0.0,0.5802372432690737,0.0,0.2613099163391613,0.7037208233154183,0.0,0.5828179525292364,0.621332944589422,0.6269686828583417,0.5756146785431377,0.0,0.5653307474848064,0.5069702565676432,0.5808373904612993,0.642429345614611,0.43651735866740865,0.5872831996343413,0.6646411612761138,0.6575731654702718,0.6031061547770763,0.6043901424826632,0.0,0.5081233828374858
0.4793541113550616,0.6089487450789509,0.5640628940336401,0.11715355568752925,0.5794165250026402,0.6382603636695792,0.4971470874570578,0.5556027462637418,0.5506985111073528,0.6222443427151254,0.5191373168290265,0.6900696530637418,0.6719209673462375,0.48130086297184205,0.45985396957345925,0.6033622008728499,0.0,0.815534956631059,0.603075183331861,0.41023590816769073,0.6856227469200291,0.6510123639191323,0.579671478440631,0.687113523168429,0.7130108729399449,0.6090826934116269,0.5813642849077535,0.8156978368134057,0.4481028002610001,0.5242577356995111,0.6336878855711423,0.7574155602419789,0.7539636061227609,0.7314549130423682,0.772886790763063,0.5989475176832234,0.3626281025266631,0.5997961861171356,0.5148654134311171,0.49516943203181474,0.5444254237752886,0.6856908407354291,0.0,0.0,0.559256879697618,0.744064552030581,0.49577303059657163,0.0,0.0,0.0,0.0,0.0,0.0,0.0,0.5999117208875986,0.0,0.42822780552899736,0.4815631979992384,0.0,0.6212465992334913,0.565663412243628,0.6513332603567887,0.5813910366460263,0.0,0.0,0.0,0.547600291375025,0.0,0.5867714119822312,0.6333321777451376,0.6870965569559175,0.0,0.33112548248430507,0.5000173470545247,0.0,0.6487893712888655
0.6444356428116518,0.6386174693469242,0.6444125317607284,0.38161061188022094,0.5857079972404918,0.5073226665903167,0.593895591939653,0.7043537214148035,0.7264744045380896,0.719157080301431,0.5015781886761254,0.6897392510299385,0.6712654361111158,0.49922516563270547,0.49412376048262296,0.5619006384652727,0.815534956631059,0.0,0.5891024496248571,0.5568299647051556,0.8425192332149423,0.5289654143607045,0.8696652213359058,0.5677743343820693,0.6255864887985781,0.5935691441389219,0.5927352799426325,0.5691508429298334,0.5424293575807485,0.5903035860781974,0.6028092795760464,0.769573245645398,0.5145854714230537,0.7274411598959404,0.6848666394253261,0.5486338264220443,0.42131499248260257,0.0,0.7651298557304224,0.573204368416559,0.7332878163269481,0.625882474325284,0.0,0.0,0.4788364625219482,0.6595719516096871,0.6993995058109845,0.0,0.0,0.0,0.5470272424110427,0.5631147809335393,0.5474137274261438,0.0,0.4851942760801558,0.0,0.3255933263806504,0.6856424092343077,0.0,0.6491437918318667,0.6772432551618386,0.45841445364696676,0.6916424473332237,0.0,0.47481537957394765,0.6986756778033244,0.6252011184421093,0.7933353306622623,0.6097444464934908,0.6419490839337775,0.656675233450799,0.5736641693679363,0.7116078763346353,0.6089422247998388,0.0,0.6792013183094703
0.0,0.6287657984005107,0.6154748637759474,0.5898927721716479,0.49737206831461117,0.6531652614920878,0.5515842260111607,0.48180524363833577,0.42914923525904203,0.5624428431361544,0.5846800549328017,0.7599379594811759,0.5624107503211415,0.5166167490292128,0.0,0.514839530647267,0.603075183331861,0.5891024496248571,0.0,0.5737208049990301,0.5324001131507906,0.6219045971168059,0.6245057500114917,0.6516001879822831,0.5851964938045864,0.6552656957468351,0.6465523383201514,0.6341353216306629,0.5965809529554933,0.6252566828732506,0.6590601474174456,0.7373947152440279,0.4840340501444069,0.7258009501520524,0.6520300465122142,0.6530675781805979,0.6384087597630307,0.541676616772583,0.6579920836030904,0.5859630741423435,0.2310605534715944,0.38674652460017633,0.8585456537886107,0.45955637050919446,0.0,0.0,0.0,0.6572378640006767,0.0,0.4776086031281427,0.6244385882444228,0.6511312359013045,0.5976280643110832,0.5738284237744026,0.643039763951584,0.8427481699128482,0.6180616036436496,0.622419868676487,0.31520972070177944,0.0,0.0,0.0,0.0,0.5654855793559169,0.4822162004596621,0.0,0.4416611543439268,0.5766800641810764,0.0,0.0,0.0,0.5349925752189467,0.5558083297400076,0.3895027646730924,0.40072707448918793,0.5154754306289754
0.5272146885445242,0.5448894912590035,0.49465156189864856,0.8171785697100165,0.4985095466050054,0.5984374379526017,0.4050957031790764,0.7243971686374755,0.5928790711590567,0.03685513580078051,0.5241029263161587,0.35688953718868655,0.48867152488949606,0.412183342702455,0.703771396935715,0.44882057830659594,0.41023590816769073,0.5568299647051556,0.5737208049990301,0.0,0.5602654419111385,0.6305975029503313,0.4408770192669828,0.5125054652485816,0.7313446993629203,0.5798489333781183,0.6950664537600156,0.6516278238320763,0.5024830167248635,0.6743446267888125,0.5212347655826227,0.3798231833517731,0.3586775637887701,0.4908825118170089,0.5584150337569126,0.7821875216147933,0.5789756473797424,0.6357774884183899,0.5969095895256519,0.6435040789755849,0.6622090666230653,0.5463009003170307,0.4740458686656133,0.37341045481037083,0.6454584670439656,0.7249518009747262,0.5291064324200827,0.6489539258522947,0.0,0.0,0.4085828648888643,0.6907451848229633,0.6217864957395831,0.4759727505517241,0.5892728559379172,0.0,0.4819478616472429,0.5821997379325232,0.0,0.6370175671449193,0.4539461567267588,0.3829282518401533,0.4713338642808772,0.0,0.6426278093386459,0.6354829355425842,0.5911369970990136,0.6478954132272158,0.0,0.6508717700745165,0.30215950677025527,0.5835153218355132,0.4586199145871696,0.5876718804075893,0.5431452003463954,0.6567245432803048
0.5294419614445894,0.6219092081303672,0.6100091961198009,0.3087857661036928,0.7037729945900218,0.6955362675669262,0.4684929872575884,0.7433812949406782,0.49395035854840075,0.6541112500643683,0.6121504219249433,0.5887648270147672,0.5544076503334546,0.5929186388990694,0.45115666896697565,0.5737295732322538,0.6856227469200291,0.8425192332149423,0.5324001131507906,0.5602654419111385,0.0,0.5337654517228924,0.713732343019344,0.4696102740607499,0.6260087615776981,0.6689317447524996,0.5838592539828777,0.5399849011980746,0.503956669100984,0.5300007878842156,0.4215488426400502,0.4540037805747491,0.5532741975440997,0.3928799713645203,0.4359704028564751,0.49899592174872387,0.47050487210798503,0.47377865214242165,0.45410178667053885,0.5224308537108074,0.3869253169380974,0.3345724326797203,0.5292969680562821,0.0,0.0,0.37601703227634725,0.5352533855970596,0.7013964082278124,0.0,0.0,0.37160332982606825,0.470409151711074,0.37698147750655076,0.5761209136336112,0.6661176229889324,0.0,0.6034662510161757,0.5822385027047392,0.0,0.6096484930441401,0.4798543900534357,0.0,0.5420294164035936,0.0,0.5065265026390153,0.6675363271943129,0.5479343775816614,0.5355742038114731,0.5869851234604042,0.16954853127989725,0.6629930923746847,0.467903280745211,0.6718902602968836,0.46953142741879894,0.47840937522652804,0.38364641598572086
0.6252211635776682,0.6504604907838751,0.7736232463381751,0.6998559425485608,0.48077888319300865,0.483248678284798,0.5236931075940872,0.7706174695437656,0.6057419798274551,0.44160765545963754,0.3649886896752832,0.24879019660385035,0.5563043337793001,0.3725676728477014,0.49071372043528816,0.5205331464733077,0.6510123639191323,0.5289654143607045,0.6219045971168059,0.6305975029503313,0.5337654517228924,0.0,0.6020845174150339,0.30179102213506337,0.7765788090149744,0.7347035961111231,0.5953481098498958,0.6472577912706924,0.5186403206002511,0.5661591271222325,0.6019824098870002,0.4686548954055924,0.45740684362786665,0.46328527874497766,0.5440876397939036,0.5822790138371395,0.715733580253321,0.485578023283191,0.4142597102240862,0.4912563555909165,0.41567338725950237,0.35403934802870485,0.5398649194193381,0.30267580804348904,0.5901156654431291,0.48388606780824794,0.5319454583016214,0.5831537170305303,0.4858611215872114,0.4722054418025813,0.4141253867411785,0.7599486365956242,0.5413132380128098,0.6364576628708309,0.0,0.0,0.5687211601596733,0.6514607876436103,0.0,0.5579726602226367,0.5284427478817235,0.4923725171233715,0.20746223837716296,0.0,0.4976633204854978,0.5448032143147619,0.5206692879876686,0.6497576387236684,0.6388650192765315,0.11919555262272803,0.4718095671377884,0.5187818443372857,0.5361436885604192,0.576432190352559,0.6112978179332947,0.40559049838875727
0.8017287842876182,0.5989132688992438,0.638363681905018,0.5556807552219364,0.6266218578588858,0.6702974598743664,0.47479096360030915,0.6741224941469172,0.7831009643357397,0.4775633176708695,0.8017014981925575,0.5294616621217643,0.5150354581296391,0.6948881145935242,0.6534357227817289,0.5974178384845864,0.579671478440631,0.8696652213359058,0.6245057500114917,0.4408770192669828,0.713732343019344,0.6020845174150339,0.0,0.6173697141991313,0.5962489194850298,0.49940260650710844,0.5748740279063282,0.5553452671511304,0.5976978089106489,0.6008429258260173,0.5724270725537942,0.6158566170327636,0.4557417495140541,0.6050618950251844,0.6659888530217751,0.6491277408237573,0.56535938193946,0.3826683964448314,0.6326117446270169,0.6410926360445224,0.6344904351601314,0.6785081203402864,0.7092574056049353,0.701578143510731,0.7801869007120442,0.5971979908523906,0.7164637187114,0.8214720081856227,0.40905226245968485,0.6466593277597426,0.6549299247289121,0.6640445657716583,0.6783855964532284,0.6961270337836659,0.5030929494991134,0.7726896345814567,0.6317253527786343,0.5940060793793541,0.5405058445263575,0.6583108948470486,0.6646211221331324,0.6442650407735282,0.4019335517894802,0.7431626558372116,0.6807506003054283,0.5948306508388468,0.6108218453988216,0.7667538950979012,0.480480940721217,0.6165308117768915,0.44119871083010925,0.6432728958500029,0.5751770274866405,0.6594104024101081,0.6232070544818132,0.6209443767261162
0.4023694445226062,0.5248176862284563,0.5928828289091883,0.3598883015987662,0.4788053602031057,0.47885115100005793,0.5561449229722262,0.6338283296500814,0.7090447912520599,0.5132546475430282,0.6477396055139965,0.508903189607612,0.6243746857714632,0.6699855728196518,0.4229930058857482,0.620939271956959,0.687113523168429,0.5677743343820693,0.6516001879822831,0.5125054652485816,0.4696102740607499,0.30179102213506337,0.6173697141991313,0.0,0.5598115177947355,0.5427624241584448,0.5141579442802108,0.5887004330254775,0.7469776742645136,0.7314177250657062,0.7002022540224875,0.42560698683774223,0.35435029187679157,0.41714347514673833,0.7594553803438729,0.4176212065667844,0.38568186973765467,0.4342900503995808,0.9841862080518141,0.5747735182803716,0.6393826460158332,0.4357623279077511,0.5619156010039837,0.0,0.607070060613981,0.5358878114334557,0.6480795419104295,0.0,0.0,0.36610261849116965,0.39812495337983994,0.34235073731753285,0.0,0.4309004600493505,0.4786639380481671,0.4199945609833655,0.6040741038996248,0.6139900910228704,0.0,0.5557044061281692,0.8030630719932018,0.6172959129998518,0.7761358283912492,0.4184258961433697,0.40276766920848167,0.8668986411852337,0.6616004345034275,0.6495497611084198,0.45829559184757784,0.7233789948143965,0.7610759951533109,0.5414992668724778,0.6360060837079444,0.7228234580943881,0.0,0.4948090291041598
0.49186969901596117,0.6276498581643344,0.6493124697673385,0.7111998635897436,0.4331679273959545,0.5957741355560761,0.572618023291962,0.7158921663560966,0.6371775319124097,0.6613209969818523,0.6222868122611703,0.6431318978440177,0.7146278675819655,0.5733213696699202,0.5010378574529468,0.6487479904564923,0.7130108729399449,0.6255864887985781,0.5851964938045864,0.7313446993629203,0.6260087615776981,0.7765788090149744,0.5962489194850298,0.5598115177947355,0.0,0.5184573640736446,0.6130986412296016,0.6362090473663167,0.6810607674040228,0.7012057405265503,0.6095914378577759,0.5384639405643777,0.6482272904220628,0.6639101637313117,0.6809805125642051,0.4735455862221596,0.45867062735584335,0.5741088163536797,0.7119228016320246,0.544750715592089,0.6782674266242928,0.7623741849128043,0.3069334602033829,0.0,0.4387378196536566,0.6097342698637425,0.6826941944327096,0.0,0.0,0.0,0.5968383236932925,0.6690608230339006,0.7162987380305745,0.3329460200112571,0.4384665328699973,0.49613676003403895,0.4998122765159833,0.5425607908020895,0.0,0.6412431720799634,0.7099456617885227,0.4291925138896927,0.6956208035255125,0.0,0.5397490674060184,0.5813428367514274,0.7845497169502208,0.5605993674035608,0.49554584767901977,0.6419230781315148,0.6389023861021618,0.479429519679094,0.45363512981277526,0.363862783166737,0.0,0.6557820436753772
0.6019175297199786,0.5611178160093732,0.6060135648641893,0.49046116262977724,0.44712842443770656,0.574149149775592,0.610187982409288,0.7151378754139027,0.4130733104457074,0.655058600915894,0.6277219062495186,0.5944531878938576,0.7178620407361721,0.5935046926299485,0.27522969189237345,0.6228137195531139,0.6090826934116269,0.5935691441389219,0.6552656957468351,0.5798489333781183,0.6689317447524996,0.7347035961111231,0.49940260650710844,0.5427624241584448,0.5184573640736446,0.0,0.6279837266704302,0.6950261568909765,0.6251375990627073,0.39130071603575406,0.5501636353461881,0.6276064724460394,0.5348376524377659,0.5753420996271658,0.5669428287553469,0.5230105545064488,0.5396497849467267,0.5795007219086062,0.5482581363963457,0.5709467411859279,0.6359225208078816,0.4724648923260435,0.3430637895381396,0.5082044237053882,0.4486220109185851,0.6359940718515154,0.694669634367269,0.7366225561063483,0.0,0.0,0.39432171538397087,0.6145278475218724,0.318487539056249,0.6352049960331088,0.5356964265941347,0.0,0.6042938105470558,0.7262685424310509,0.0,0.49387996501774306,0.682403592490793,0.5193466765777806,0.713841878519942,0.0,0.3891299471842462,0.6453347510106043,0.610559656034791,0.5937437206985108,0.628750184653046,0.678216717996831,0.6214762173327855,0.4307705937659879,0.5752656529799111,0.5720441002547151,0.49132369564140754,0.6498230944907132
0.5855947781554643,0.47691291327502155,0.5465360609993221,0.5664721474438552,0.6042600804532264,0.6484952756599345,0.5312565044046703,0.638990424903547,0.6026022240439447,0.46405235753580765,0.8760649210323516,0.7840108792580115,0.5538265964337609,0.506820458293848,0.5665384989186305,0.56472993578025,0.5813642849077535,0.5927352799426325,0.6465523383201514,0.6950664537600156,0.5838592539828777,0.5953481098498958,0.5748740279063282,0.5141579442802108,0.6130986412296016,0.6279837266704302,0.0,0.6122973607603822,0.7927737957143216,0.6422300953406473,0.5851069667536111,0.5718719493421738,0.5538421645424925,0.5924198592558697,0.6417698325812174,0.4158098758648709,0.6423235362367176,0.534530944710736,0.6733785854302893,0.5083510415372693,0.6225796996304472,0.6233219186313673,0.6354349527339154,0.5227034052290319,0.27047377741152245,0.5517881319252327,0.4878466994281489,0.5956233297484809,0.5004501599389928,0.6760216161134481,0.6227720423869727,0.38348544777501836,0.6450696825551108,0.698933638902423,0.6894469181074457,0.6964943486995863,0.3534075385460595,0.6537326620285397,0.7200591929196258,0.6210886567608148,0.5793625558974503,0.0,0.33636194956123927,0.6854162168216771,0.6167609925029678,0.6379571491684987,0.5696218603284706,0.6684892964739131,0.0,0.4738287566887233,0.36072765079561453,0.6564012269328798,0.5865876441234538,0.6055036220252019,0.46869678774923884,0.6028807269381484
0.6057488479039554,0.5275142753803135,0.7315093594866214,0.5279913888420501,0.5130949494069303,0.6552445292922696,0.48441455910528275,0.5191921005224985,0.6547926072430443,0.7351752006512244,0.5194724790910239,0.6525435092005074,0.6147861309064591,0.5748919487736617,0.3083746220822164,0.5648534803390795,0.8156978368134057,0.5691508429298334,0.6341353216306629,0.6516278238320763,0.5399849011980746,0.6472577912706924,0.5553452671511304,0.5887004330254775,0.6362090473663167,0.6950261568909765,0.6122973607603822,0.0,0.5986296059783394,0.7542734216080662,0.5644665010650838,0.569173414250547,0.5195860128898936,0.3852435886825626,0.4611769430790633,0.5707876593783759,0.3531750520467882,0.47034524592056526,0.8385443784084013,0.5296468167900975,0.6062202974512719,0.33954273948756253,0.5745308065309588,0.559795287367229,0.775181766779092,0.6669977923419529,0.5496680814760344,0.6674159906609446,0.0,0.6688402444446748,0.64401829128813,0.6310639293652023,0.5689288081008191,0.6108819904160635,0.6720169855562473,0.5833572295789534,0.720743679873264,0.6465458264278956,0.41461788456073534,0.6305256970702652,0.38466966896338556,0.4048247034058694,0.5404691126961174,0.7704898086585783,0.7498559561517227,0.5325997676076621,0.6122025324823414,0.6430601822733044,0.5409136497577487,0.6248488079255359,0.523919987166453,0.6416550762215042,0.5915242390476673,0.6813416682105498,0.627599605558099,0.552753741064506
0.6346252800803914,0.4981367513469428,0.6511422389650423,0.6139507010167587,0.5867278775611988,0.6264038821769887,0.4697951518776292,0.609013418151873,0.59925140097326,0.6652153925165272,0.5166423910168894,0.5820444756431914,0.5869311709386128,0.43985647329513455,0.37982023247909014,0.5707781519576807,0.4481028002610001,0.5424293575807485,0.5965809529554933,0.5024830167248635,0.503956669100984,0.5186403206002511,0.5976978089106489,0.7469776742645136,0.6810607674040228,0.6251375990627073,0.7927737957143216,0.5986296059783394,0.0,0.6024648307549749,0.46062480682597173,0.49577037650797673,0.5613444356210222,0.4759032632837743,0.5395638457166586,0.6308970406435928,0.5432256816093047,0.5441007308602005,0.5820575446915376,0.6377401981937202,0.5853248599669187,0.5745088388471798,0.37685208672086684,0.6601150959524109,0.4283203081076908,0.6304082771111232,0.6029152755225186,0.5693757820297909,0.34369364591053275,0.4625667712609707,0.5505102692014486,0.6131311609815299,0.6426697627223548,0.514412912481932,0.7515400990080741,0.4770731997468218,0.6179769684021885,0.566579885544642,0.6464637469792455,0.5690529394465585,0.6306011879517159,0.4906499292443689,0.5493500838061164,0.48943679225459974,0.6287283684059701,0.5046118523733631,0.7424134263054225,0.6594971821988591,0.5763674005105034,0.5649977013228047,0.5958988505796076,0.659419649125797,0.5478336375334439,0.7005428406770557,0.5112411053590163,0.5290155613998433
0.4949237671864532,0.5303512609488051,0.7487148716967802,0.6332134716338332,0.6964071906529974,0.7159083873676932,0.43015043222365534,0.5630882547480927,0.6721126994827766,0.4926298750342667,0.4829622941859327,0.4765982857670487,0.6326096273381681,0.7002969239455666,0.6050629612450359,0.5556238341281725,0.5242577356995111,0.5903035860781974,0.6252566828732506,0.6743446267888125,0.5300007878842156,0.5661591271222325,0.6008429258260173,0.7314177250657062,0.7012057405265503,0.39130071603575406,0.6422300953406473,0.7542734216080662,0.6024648307549749,0.0,0.6315122156867994,0.5550789103591333,0.5231177468729076,0.6011759728511882,0.45141321321912786,0.5582363888919684,0.1088496888097043,0.47457694285925894,0.596762708192587,0.5055199051064891,0.6008973612723844,0.5605848322391057,0.6732795070395801,0.6157985741157824,0.0,0.0,0.0,0.5384642558819954,0.0,0.0,0.6229293782214773,0.7131541046402206,0.3766362736541814,0.7454353285680931,0.5924341500918526,0.0,0.0,0.505917192979003,0.0,0.5681218976926968,0.0,0.0,0.9663312853981723,0.9679454414909869,0.6229151241935381,0.266030290937892,0.565389086377765,0.6666512984312368,0.0,0.6119030064233864,0.49839578462835243,0.6600122970929165,0.6654769690695903,0.5882330016192656,0.5675446851351374,0.40666480524417115
0.528019003029571,0.5870253925595478,0.703494096990478,0.48118261104940296,0.5537302515315761,0.649853392494262,0.2094929390037234,0.611634368989712,0.6693413725621666,0.7257116654127906,0.5713840917754898,0.6432934353182989,0.5208519707867793,0.4409976157298664,0.4508460773621487,0.5450588799327459,0.6336878855711423,0.6028092795760464,0.6590601474174456,0.5212347655826227,0.4215488426400502,0.6019824098870002,0.5724270725537942,0.7002022540224875,0.6095914378577759,0.5501636353461881,0.5851069667536111,0.5644665010650838,0.46062480682597173,0.6315122156867994,0.0,0.41362907285069167,0.6060862089239859,0.4736992254802591,0.347834765408395,0.5196405223227464,0.37774722096839214,0.4482971365603266,0.6137229880761237,0.588774740409363,0.4246896438622625,0.6420876337969265,0.6976449630634731,0.35268261932944095,0.5283933611779376,0.5232969281279543,0.5127205772297323,0.7082274984486484,0.0,0.5944065625703331,0.564568615349929,0.6550210490951369,0.49215287869052693,0.6681537709129474,0.5435710095013703,0.5827224947180618,0.6406173435415371,0.6624886620183298,0.0,0.5813129596871107,0.5702293981648063,0.5783101051240238,0.717753658732709,0.7690702903067337,0.7149138637138501,0.6607122863644178,0.43337640701346536,0.6094235284432042,0.6345962144089873,0.6453163542229907,0.5695079327263242,0.6411177000677467,0.504885013937736,0.6073406748704734,0.33846240820479667,0.5250502067004289
0.6297837817985561,0.6353340997021183,0.7335847186158861,0.4494979020766181,0.47893786742145456,0.6731883570242924,0.5326407040704746,0.7123507629804664,0.7427870537348976,0.6041507758077905,0.3871578964216756,0.5689544828049335,0.5459456414563502,0.2047710560198963,0.25374731410933954,0.6462984557581841,0.7574155602419789,0.769573245645398,0.7373947152440279,0.3798231833517731,0.4540037805747491,0.4686548954055924,0.6158566170327636,0.42560698683774223,0.5384639405643777,0.6276064724460394,0.5718719493421738,0.569173414250547,0.49577037650797673,0.5550789103591333,0.41362907285069167,0.0,0.5326446058111773,0.642010001955912,0.7917113834733411,0.5605349483118058,0.7015758188961128,0.7731982036338891,0.472537077171966,0.45168888376470107,0.48833862166296466,0.43502943251193227,0.35785424591876525,0.34857743696979476,0.567593087501852,0.6225942486809976,0.5770387442074653,0.5673479638099241,0.43634080721377677,0.672578885083384,0.63416425046146,0.4432156626535681,0.6917040391231609,0.5975562076717756,0.3125409800396628,0.5977337402545191,0.26806367600001324,0.5590615333847895,0.5903517069008947,0.5085932062814903,0.6124506013730509,0.4923882421806222,0.8927147767902267,0.409229656801241,0.6213253707292121,0.5104889724626822,0.4120855676173272,0.7068500380699573,0.44113229196098436,0.6549146045730048,0.6671418047388304,0.6966598388468594,0.29169910815127575,0.5970660763185893,0.5796245265620061,0.771730725143171
0.599412753906247,0.3957530977389402,0.5845387398391024,0.17483442630578824,0.48716065841879896,0.780460594650442,0.4119552243945362,0.489723499727613,0.5608466200799904,0.7714769319493261,0.6484573423447804,0.6485122931961701,0.3044836860082463,0.21226792444081274,0.41508346697448295,0.32889810263960284,0.7539636061227609,0.5145854714230537,0.4840340501444069,0.3586775637887701,0.5532741975440997,0.45740684362786665,0.4557417495140541,0.35435029187679157,0.6482272904220628,0.5348376524377659,0.5538421645424925,0.5195860128898936,0.5613444356210222,0.5231177468729076,0.6060862089239859,0.5326446058111773,0.0,0.6409947763565991,0.5278117379719587,0.31889296522078203,0.35697523441103585,0.52756948906835,0.5272624044584204,0.2970884792301718,0.43199434456297303,0.20226232576270672,0.4972051355681664,0.2738100750674743,0.5393348586863614,0.5068208450026551,0.5457885786976892,0.5194571639660249,0.0,0.4003601340662132,0.5548852664187252,0.37080916497262845,0.5125413018504577,0.294193619527524,0.3419436997369755,0.564292674212553,0.48986885468217023,0.5938124935456036,0.0,0.4759122293937806,0.6172691124623428,0.36925631318262925,0.7289842206482555,0.9805121095368861,0.7278869593005983,0.30636780559502125,0.47209004292107726,0.6594171927796847,0.5883380312629249,0.7475636789183491,0.709376594180766,0.5261556072468092,0.8034855002714126,0.39016239595956104,0.0,0.5506095348916463
0.4699861869978082,0.598147837780007,0.7328329321202389,0.31916047940403036,0.5457056580146697,0.6493703448121946,0.27058113702566633,0.6084959459342667,0.6994636201660691,0.6561948602932478,0.6227698220306188,0.49224482755657506,0.5758087898811562,0.6421536586450266,0.30065413184015616,0.4624770564851058,0.7314549130423682,0.7274411598959404,0.7258009501520524,0.4908825118170089,0.3928799713645203,0.46328527874497766,0.6050618950251844,0.41714347514673833,0.6639101637313117,0.5753420996271658,0.5924198592558697,0.3852435886825626,0.4759032632837743,0.6011759728511882,0.4736992254802591,0.642010001955912,0.6409947763565991,0.0,0.5791083115547975,0.44070790615678673,0.24007040554939965,0.3529353626655583,0.48432273712390705,0.4068677871650643,0.5450097640640656,0.3730497329810074,0.22207886829805507,0.6957941897318243,0.5822849544458896,0.5463884166424022,0.5284681255705777,0.7699685194990893,0.4136665801880332,0.7965155980343224,0.5750059964606882,0.5415681545095236,0.7277892725036057,0.45820186219881665,0.49123864380054744,0.47885876520220233,0.7463447592235418,0.42922892238406674,0.5660217137129224,0.528344227232965,0.5944150766779418,0.5553286306806253,0.7564143510892762,0.5065595446853624,0.5786635985287449,0.49353656825315,0.3860911611653536,0.6883655809711866,0.6441340806542626,0.6735660840737286,0.594709867898215,0.7059124314155554,0.0,0.7429714403438413,0.4757390550173731,0.36819123048441404
0.5329150450616369,0.591385879992047,0.7695112781134854,0.7892503451589621,0.6644868097524279,0.7780814900709295,0.541745039860518,0.5796033834630683,0.7439485990128607,0.3337805872601527,0.6339955148910434,0.9259914248126133,0.7260736508248087,0.4108262832852501,0.4168567740197374,0.5322447080249084,0.772886790763063,0.6848666394253261,0.6520300465122142,0.5584150337569126,0.4359704028564751,0.5440876397939036,0.6659888530217751,0.7594553803438729,0.6809805125642051,0.5669428287553469,0.6417698325812174,0.4611769430790633,0.5395638457166586,0.45141321321912786,0.347834765408395,0.7917113834733411,0.5278117379719587,0.5791083115547975,0.0,0.9090040002005162,0.7536437471898144,0.7115988987624594,0.4338155418670066,0.349781410881871,0.3907855091354866,0.46224218079019214,0.5012443250867844,0.7811803421381218,0.4493391525254256,0.6676912365989619,0.5029105847027909,0.48059609832527994,0.4558318590126973,0.3545181217107996,0.5760110290432086,0.539948087134824,0.5817637368915959,0.3283882721222735,0.6586734755410382,0.525650046239386,0.39618352932986056,0.3559497058397736,0.6159029413452077,0.5627240995204468,0.5794721313409835,0.4053193611589445,0.7090885749115325,0.36749507037234524,0.7001544197236927,0.6123655208767359,0.44408870214640406,0.6844660222030797,0.39399834324649546,0.683027031005579,0.6491595676126514,0.70615484792183,0.3064123545077576,0.5916008353950871,0.448063836599914,0.586671541684815
0.6767918231082669,0.47198485152899317,0.6853438270624681,0.4106438709554533,0.5135262171407177,0.6271436014105738,0.6091619915670439,0.2948939685332551,0.708062213254052,0.5918518655296928,0.5206113006345021,0.4575562812900639,0.5957660629526795,0.37914164691469004,0.6382255829455338,0.8315296167344395,0.5989475176832234,0.5486338264220443,0.6530675781805979,0.7821875216147933,0.49899592174872387,0.5822790138371395,0.6491277408237573,0.4176212065667844,0.4735455862221596,0.5230105545064488,0.4158098758648709,0.5707876593783759,0.6308970406435928,0.5582363888919684,0.5196405223227464,0.5605349483118058,0.31889296522078203,0.44070790615678673,0.9090040002005162,0.0,0.6750490476504197,0.316534232831688,0.15020824320706622,0.3056570370384632,0.3196866764143549,0.4353966526507833,0.5119967193144461,0.43788645192092496,0.614819694634149,0.0,0.24013272595986546,0.3815317157880479,0.4548487094032403,0.6132223911851775,0.43813257130093386,0.48438159320350743,0.601617831245248,0.6726012082521154,0.44330279907576386,0.572943642328241,0.47084088894010295,0.593844089267676,0.4545380051353233,0.4034189994814352,0.3782623841489047,0.0,0.9500398028860579,0.6425690113211677,0.4761704817390121,0.38493228916886973,0.6542761628451808,0.7788746730176381,0.4485806242426713,0.5182393327125125,0.414802080618252,0.5383851216473543,0.5339166924122184,0.5213604315637428,0.06551752355657847,0.6558844302463404
0.4127805306637279,0.0,0.6401324032015825,0.4871091064315355,0.7533609856475469,0.6381627240089017,0.4492116859844596,0.3374116850259965,0.717710294930102,0.3871821126592892,0.6677626686204843,0.4588050534402949,0.7718523290736272,0.3410800144537039,0.7357679291593214,0.5952420644057768,0.3626281025266631,0.42131499248260257,0.6384087597630307,0.5789756473797424,0.47050487210798503,0.715733580253321,0.56535938193946,0.38568186973765467,0.45867062735584335,0.5396497849467267,0.6423235362367176,0.3531750520467882,0.5432256816093047,0.1088496888097043,0.37774722096839214,0.7015758188961128,0.35697523441103585,0.24007040554939965,0.7536437471898144,0.6750490476504197,0.0,0.3558453445647804,0.4821265967600261,0.5331617257306336,0.3250198802678428,0.6470829807220784,0.5710869640689552,0.7776688137234758,0.21871462903780556,0.0,0.0,0.712210342367094,0.9999999999999999,0.0,0.574211393115756,0.7717779961301708,0.5298774709626582,0.4039657796505791,0.815483742778954,0.7124419063100295,0.5633069874950007,0.28106970076617366,0.0,0.4898788361294196,0.0,0.0,0.0,0.5989628093718029,0.4790626969633918,0.0,0.5953447139079845,0.5920169364332957,1.0,0.0,0.23551735455732115,0.7668667143484938,0.4415818249907883,0.6795698493233927,0.0,0.3117471073962965
0.590440772553997,0.0,0.566890182206455,0.20745097149000596,0.5604538236906905,0.6308408023220262,0.3968917968419183,0.5833466873838496,0.5750051312568295,0.5835166867797188,0.5439545153781715,0.4607468432478426,0.5110848263028809,0.34138820730135533,0.37486164251838494,0.6673348068807199,0.5997961861171356,0.0,0.541676616772583,0.6357774884183899,0.47377865214242165,0.485578023283191,0.3826683964448314,0.4342900503995808,0.5741088163536797,0.5795007219086062,0.534530944710736,0.47034524592056526,0.5441007308602005,0.47457694285925894,0.4482971365603266,0.7731982036338891,0.52756948906835,0.3529353626655583,0.7115988987624594,0.316534232831688,0.3558453445647804,0.0,0.5861277407163841,0.33921066011040485,0.22200915841144894,0.3263345769991098,0.2809622794821498,0.38946980798004216,0.39177171797702587,0.5635007189498378,0.0,0.6065520225010982,0.0,0.6989377223110858,0.5000083074333388,0.4137297643656971,0.0,0.4713174296396932,0.41583646665948,0.5182192881896753,0.7038475930701847,0.408980780883579,0.0,0.48431946492623557,0.610329083736936,0.3807297566517579,0.5833086633204203,0.6206956562721544,0.49840769604157853,0.0,0.5356692292249391,0.7131385049595145,0.5051882094574407,0.3949344525775981,0.58478562578252,0.7083950603720823,0.319963218107753,0.6442174392963872,0.0,0.5911835300639018
0.6273437797391828,0.4840951493588522,0.7477940564106007,0.24312447971548995,0.5645084764038706,0.6781378270661026,0.6716545998698088,0.7987967599277263,0.38323755603533916,0.6927321993073596,0.6256459297697546,0.43695873922317674,0.4814725812892165,0.4228518388111891,0.3995839479550974,0.5578164155901739,0.5148654134311171,0.7651298557304224,0.6579920836030904,0.5969095895256519,0.45410178667053885,0.4142597102240862,0.6326117446270169,0.9841862080518141,0.7119228016320246,0.5482581363963457,0.6733785854302893,0.8385443784084013,0.5820575446915376,0.596762708192587,0.6137229880761237,0.472537077171966,0.5272624044584204,0.48432273712390705,0.4338155418670066,0.15020824320706622,0.4821265967600261,0.5861277407163841,0.0,0.710157510870586,0.5372363114644509,0.6674512226513024,0.5185282517086496,0.6555531558397423,0.5666126439782074,0.7036051778957993,0.4591665419174242,0.6112151470095812,0.4902708388146173,0.7709964995126016,0.6064066946334556,0.5872469179600757,0.6714335833874756,0.667143637780079,0.5674569538671818,0.42855739404482607,0.7056491667305875,0.6367384252414042,0.2848811381446358,0.34762722005042573,0.5485742674345501,0.645031840842364,0.6646197522297701,0.5111138652080534,0.3980028933630696,0.3989644727994191,0.31234305041822363,0.5858533104574287,0.5129833919599232,0.6610818432573121,0.6156350742239057,0.5954048470586204,0.5181135630241623,0.49579416098827367,0.47754862439010587,0.6246934643497826
0.6073302470671346,0.5458250952322463,0.6038126760673344,0.37687913217756286,0.47949381855173984,0.36913718430420656,0.4033220425530679,0.46725375622133564,0.610867926054749,0.5427823470367165,0.5628445043603595,0.4799355263817293,0.46546516443935015,0.0,0.5372020680710456,0.5452684907344607,0.49516943203181474,0.573204368416559,0.5859630741423435,0.6435040789755849,0.5224308537108074,0.4912563555909165,0.6410926360445224,0.5747735182803716,0.544750715592089,0.5709467411859279,0.5083510415372693,0.5296468167900975,0.6377401981937202,0.5055199051064891,0.588774740409363,0.45168888376470107,0.2970884792301718,0.4068677871650643,0.349781410881871,0.3056570370384632,0.5331617257306336,0.33921066011040485,0.710157510870586,0.0,0.40586719108142216,0.5720970534215721,0.6998507083980987,0.4777972254104794,0.4534157431809424,0.8589644054244674,0.597784391894161,0.6323983572363562,0.4811103452997443,0.48481809964422995,0.454483728049736,0.6120976200252745,0.4374544900211158,0.4489674389863245,0.5802025857423436,0.5593367697983567,0.5855694846906536,0.5048083772076396,0.0,0.5287346661907512,0.5947216366031555,0.5329109118796195,0.5720935764263158,0.3904077756704175,0.4666903286205415,0.5489278059558675,0.4015492108283525,0.46402628229006737,0.7734577290147112,0.5362026715577218,0.6160781835462698,0.45656977527662157,0.3137975006620477,0.6703469539445808,0.5213582577370963,0.6406539992490373
0.6486030642083056,0.49690324720576373,0.415856256039688,0.5360658293199704,0.21477955039010713,0.7059782039524652,0.636765761922379,0.4694880939582229,0.38274960392401125,0.7203884710526864,0.494692034650697,0.4432423942121276,0.4910621080171208,0.6758764527121213,0.4509926518859337,0.5890623151935159,0.5444254237752886,0.7332878163269481,0.2310605534715944,0.6622090666230653,0.3869253169380974,0.41567338725950237,0.6344904351601314,0.6393826460158332,0.6782674266242928,0.6359225208078816,0.6225796996304472,0.6062202974512719,0.5853248599669187,0.6008973612723844,0.4246896438622625,0.48833862166296466,0.43199434456297303,0.5450097640640656,0.3907855091354866,0.3196866764143549,0.3250198802678428,0.22200915841144894,0.5372363114644509,0.40586719108142216,0.0,0.5113305837782045,0.5847199481739337,0.4606337262579229,0.4286750642389857,0.8792040548512972,0.5955316344839021,0.6667303265298362,0.4362267601089977,0.6981156036810697,0.6258070808666896,0.7489619953024313,0.6135748406164672,0.6560956776364119,0.7323272257482909,0.6256513761951805,0.6162608981115585,0.725451809997789,0.5793041968937467,0.4587113472503155,0.5605816290616713,0.7291583176492438,0.7308034398627565,0.6434642540407784,0.5091741198392105,0.48396616218291544,0.5140248646003688,0.6254636696982798,0.7710389688321141,0.7397287692036432,0.6382853281838461,0.631232487260605,0.36378820024627123,0.5680679462395358,0.5089399185159668,0.37435137631935606
0.6490363542602672,0.58839048278587,0.5261069055311505,0.44048723240885557,0.635940386547183,0.6928294800232663,0.598383340887265,0.5264819362916142,0.33923814271222913,0.5618211592217516,0.49005718433242185,0.42038111340752693,0.5589159499414855,0.6469795920095012,0.3760214009455332,0.6160974487176761,0.6856908407354291,0.625882474325284,0.38674652460017633,0.5463009003170307,0.3345724326797203,0.35403934802870485,0.6785081203402864,0.4357623279077511,0.7623741849128043,0.4724648923260435,0.6233219186313673,0.33954273948756253,0.5745088388471798,0.5605848322391057,0.6420876337969265,0.43502943251193227,0.20226232576270672,0.3730497329810074,0.46224218079019214,0.4353966526507833,0.6470829807220784,0.3263345769991098,0.6674512226513024,0.5720970534215721,0.5113305837782045,0.0,0.6772877150894171,0.5344393632838246,0.5923970579464853,0.7455560298443344,0.5321777908828208,0.6092668969774442,0.6288998875936057,0.8147020188917494,0.5859676430873035,0.7779251247236637,0.7229463476289569,0.6230946632703791,0.7860672955057716,0.5451483041898332,0.5138200098733753,0.8727785688287906,0.6074065247623476,0.4187645400757768,0.647441883207855,0.7985175857675345,0.8125483361345828,0.6089673009783231,0.41085014288893207,0.4357990722256043,0.3833682757635549,0.6203386719949067,0.42264292450001917,0.781211020329447,0.5502386053644693,0.5771179396601915,0.4440210478590654,0.5715328009832834,0.5598922466123397,0.5365294347834921
0.3774754617661354,0.5212356534405955,0.689026358729268,0.2118664347035616,0.43225517259646573,0.6327425537587142,0.4839693021680761,0.7638801044499615,0.6198504736887205,0.48630326906274884,0.48408097647165804,0.42565984638772975,0.47212720989998386,0.511454926335427,0.6613094855616808,0.3876617341783444,0.0,0.0,0.8585456537886107,0.4740458686656133,0.5292969680562821,0.5398649194193381,0.7092574056049353,0.5619156010039837,0.3069334602033829,0.3430637895381396,0.6354349527339154,0.5745308065309588,0.37685208672086684,0.6732795070395801,0.6976449630634731,0.35785424591876525,0.4972051355681664,0.22207886829805507,0.5012443250867844,0.5119967193144461,0.5710869640689552,0.2809622794821498,0.5185282517086496,0.6998507083980987,0.5847199481739337,0.6772877150894171,0.0,0.5842839548444276,0.4511875978203466,0.5412511491812169,0.6888946794523044,0.49524253359344045,0.5291724035653345,0.6889194829142887,0.5462965453089507,0.6413073163414715,0.4625201470359317,0.7106131758100853,0.795263023485982,0.44827178755701863,0.7257897334597008,0.520630425641603,0.4100028503735328,0.5893413969510822,0.5417604325777361,0.6465211669240892,0.6667698988386895,0.47881682554665556,0.5454940425352004,0.4510611274141364,0.36766073237506,0.590531589365916,0.32523176187750485,0.688370556642749,0.6467003170167549,0.4797353662129783,0.5511594784267972,0.6480012532398126,0.46449098588697696,0.49632637962476384
0.0,0.0,0.5873459490907144,0.3423170908693075,0.4630866464575648,0.6127015703677987,0.7943192960989761,0.37392941615150166,0.5036786775905028,0.39267267480780615,0.5449506224723519,0.7125647311339023,0.21232408871546213,0.5247753009833425,0.3320081063068955,0.0,0.0,0.0,0.45955637050919446,0.37341045481037083,0.0,0.30267580804348904,0.701578143510731,0.0,0.0,0.5082044237053882,0.5227034052290319,0.559795287367229,0.6601150959524109,0.6157985741157824,0.35268261932944095,0.34857743696979476,0.2738100750674743,0.6957941897318243,0.7811803421381218,0.43788645192092496,0.7776688137234758,0.38946980798004216,0.6555531558397423,0.4777972254104794,0.4606337262579229,0.5344393632838246,0.5842839548444276,0.0,0.4085417293885697,0.0,0.2559717577780406,0.5938809744028127,0.6215657858000507,0.5458194107696241,0.6092096645883975,0.5655386131406706,0.5216789586903581,0.6404012735023984,0.9823018273259436,0.6668117829179188,0.657217919799318,0.5730186039778293,0.4599978726697798,0.2627851795492606,0.0,0.4549698572229708,0.3970275745812404,0.6662770491739779,0.5702929423354033,0.32533750678853024,0.4381480046067429,0.6282274931076821,0.6537671622082984,0.5029822103058798,0.7123325586745483,0.547890325124622,0.6181682816244153,0.5895549821247775,0.4687626912564896,0.5925137737447479
0.582857335824554,0.0,0.0,0.0,0.4055374019543807,0.27080285597705195,0.5015004412781747,0.0,0.39635525763205787,0.5729533882972879,0.3210344191237986,0.588564367848279,0.5341835983610497,0.0,0.0,0.0,0.559256879697618,0.4788364625219482,0.0,0.6454584670439656,0.0,0.5901156654431291,0.7801869007120442,0.607070060613981,0.4387378196536566,0.4486220109185851,0.27047377741152245,0.775181766779092,0.4283203081076908,0.0,0.5283933611779376,0.567593087501852,0.5393348586863614,0.5822849544458896,0.4493391525254256,0.614819694634149,0.21871462903780556,0.39177171797702587,0.5666126439782074,0.4534157431809424,0.4286750642389857,0.5923970579464853,0.4511875978203466,0.4085417293885697,0.0,0.23479777453630396,0.113188609046661,0.6893026770660915,0.487482445016808,0.5565429448739466,0.5763929974653863,0.7317421520522318,0.5392112610560825,0.5164044206966271,0.6878703624260474,0.34157482675969225,0.6415666158788237,0.49095249096442517,0.6126779968066491,0.30157395112790214,0.5870172615130272,0.48434799944604506,0.43198684157147504,0.5095974929541552,0.5415416097686012,0.5011105794512186,0.5469380470346908,0.4228670102374096,0.6947208055532839,0.4791583551012316,0.603837906452792,0.6172654700307719,0.544387210282554,0.5905533955551376,0.5040535996065728,0.8725328895024411
0.716256967908697,0.5084543673361356,0.0,0.0,0.0,0.531530699346066,0.0,0.5708117573506046,0.0,0.5881616972128756,0.0,0.5291352527607179,0.6678579998165185,0.0,0.7008615459719574,0.47570912067098103,0.744064552030581,0.6595719516096871,0.0,0.7249518009747262,0.37601703227634725,0.48388606780824794,0.5971979908523906,0.5358878114334557,0.6097342698637425,0.6359940718515154,0.5517881319252327,0.6669977923419529,0.6304082771111232,0.0,0.5232969281279543,0.6225942486809976,0.5068208450026551,0.5463884166424022,0.6676912365989619,0.0,0.0,0.5635007189498378,0.7036051778957993,0.8589644054244674,0.8792040548512972,0.7455560298443344,0.5412511491812169,0.0,0.23479777453630396,0.0,0.8448451438620526,0.6463797960087225,0.0,0.40989688906435284,0.4610422978986745,0.5793457719461027,0.7012006875792848,0.4791078318981398,0.5417406039480619,0.7815953446645294,0.6792221927321294,0.550666570713318,0.5396357789956174,0.8580332084686201,0.7230352630232674,0.5184207976581794,0.7427797380485565,0.0,0.6691918337327952,0.6237349735942933,0.7319121804295657,0.7193529883213131,0.5051639454775857,0.7820280185787833,0.7674941420551386,0.6452627436048799,0.6593823040430628,0.7011616052033733,0.45910643464189704,0.8117742368858937
0.6788113517971945,0.5937081353594261,0.6208145631976398,0.0,0.612672149883354,0.5458366994934962,0.5220546683860707,0.4370582080193915,0.47256530676879116,0.4825024115361627,0.0,0.5320014492669023,0.6365855529562645,0.0,0.4964031126964102,0.6059779995664811,0.49577303059657163,0.6993995058109845,0.0,0.5291064324200827,0.5352533855970596,0.5319454583016214,0.7164637187114,0.6480795419104295,0.6826941944327096,0.694669634367269,0.4878466994281489,0.5496680814760344,0.6029152755225186,0.0,0.5127205772297323,0.5770387442074653,0.5457885786976892,0.5284681255705777,0.5029105847027909,0.24013272595986546,0.0,0.0,0.4591665419174242,0.597784391894161,0.5955316344839021,0.5321777908828208,0.6888946794523044,0.2559717577780406,0.113188609046661,0.8448451438620526,0.0,0.45848448580722245,0.0,0.48025821619092807,0.5670515182649504,0.4821135288838161,0.6856240625680964,0.5859905317455076,0.5605967440014594,0.5074583229847054,0.6176494169123121,0.5026965521835791,0.6187778141474718,0.6067017466529618,0.7277169147333189,0.5107111546033642,0.4943344375703246,0.6909748630745122,0.6048449854189532,0.748981093795312,0.7119117527717437,0.6352910924648028,0.6099792433066538,0.7360771298386343,0.7949365201242401,0.5450497311687298,0.596441196944714,0.5926286813571365,0.5806705099212672,0.683981918950741
0.0,0.0,0.2642143930671276,0.5452968486339127,0.6374277169392149,0.6458422647266372,0.5449840681107848,0.682631416001487,0.24485961354400487,0.4936137363425256,0.9085903634908569,0.4388068805003035,0.7149621614721849,0.6066714746593379,0.50719197827871,0.0,0.0,0.0,0.6572378640006767,0.6489539258522947,0.7013964082278124,0.5831537170305303,0.8214720081856227,0.0,0.0,0.7366225561063483,0.5956233297484809,0.6674159906609446,0.5693757820297909,0.5384642558819954,0.7082274984486484,0.5673479638099241,0.5194571639660249,0.7699685194990893,0.48059609832527994,0.3815317157880479,0.712210342367094,0.6065520225010982,0.6112151470095812,0.6323983572363562,0.6667303265298362,0.6092668969774442,0.49524253359344045,0.5938809744028127,0.6893026770660915,0.6463797960087225,0.45848448580722245,0.0,0.5403067020766951,0.5969164371232454,0.7480461680043088,0.6029889191927377,0.41850457628246873,0.7052587050042736,0.5234153640596649,0.5373837987103213,0.5836000474051073,0.6132115650295126,0.4571715700401209,0.4983756137621784,0.43046289980493174,0.5834644670767178,0.5637480975301613,0.669415491972651,0.5558290125421462,0.5591649007419103,0.3737038236762713,0.45458398464334027,0.6293925513081499,0.6287376173347173,0.5731512762151176,0.6678275240350693,0.587803574826098,0.515012714132578,0.4000517230336312,0.6208573666191893
0.0,0.0,0.5248854629252715,0.0,0.0,0.5942527391465489,0.0,0.0,0.5015660954206127,0.39052120646290456,0.47462244333932596,0.4365961704094054,0.0,0.0,0.0,0.0,0.0,0.0,0.0,0.0,0.0,0.4858611215872114,0.40905226245968485,0.0,0.0,0.0,0.5004501599389928,0.0,0.34369364591053275,0.0,0.0,0.43634080721377677,0.0,0.4136665801880332,0.4558318590126973,0.4548487094032403,0.9999999999999999,0.0,0.4902708388146173,0.4811103452997443,0.4362267601089977,0.6288998875936057,0.5291724035653345,0.6215657858000507,0.487482445016808,0.0,0.0,0.5403067020766951,0.0,0.6033505863834866,0.4980055950227391,0.47494502544102984,0.7715210128289338,0.7321890265046123,0.7288562237523268,0.5869204657375308,0.6157053621872703,0.5319056569099826,0.614806914638918,0.8956710227769926,0.0,0.0,0.3785507049126703,0.5166924804371069,0.9187691614639572,0.41721115626463967,0.36888815183966306,0.6195749674734784,0.4022914063069429,0.0,0.6301041498666429,0.527314067737249,0.4715827877863069,0.5571100316366744,0.4060750946580221,0.3203262210656777
0.0,0.0,0.5857974445307886,0.0,0.4673172303538371,0.6183004933172758,0.6019590702166953,0.6842586757889638,0.7134816038496168,0.5008051929312081,0.43567793957038886,0.4270906267707855,0.752777139381158,0.6555312185440563,0.0,0.0,0.0,0.0,0.4776086031281427,0.0,0.0,0.4722054418025813,0.6466593277597426,0.36610261849116965,0.0,0.0,0.6760216161134481,0.6688402444446748,0.4625667712609707,0.0,0.5944065625703331,0.672578885083384,0.4003601340662132,0.7965155980343224,0.3545181217107996,0.6132223911851775,0.0,0.6989377223110858,0.7709964995126016,0.48481809964422995,0.6981156036810697,0.8147020188917494,0.6889194829142887,0.5458194107696241,0.5565429448739466,0.40989688906435284,0.48025821619092807,0.5969164371232454,0.6033505863834866,0.0,0.6383795493731588,0.48253217203656373,0.4533991003145889,0.7216012916087771,0.578552190316081,0.7722861566617304,0.582793548655546,0.49752058989632664,0.6269889622296912,0.4797565735595609,0.6238589758020795,0.5173831651508708,0.650306113571295,0.6934577072983081,0.5469949282203622,0.6383034217986231,0.530676505768258,0.6827859334841325,0.7136202689727521,0.43572102312297745,0.5759533727506794,0.6587203800394001,0.5035109997201881,0.6347280309286674,0.2984248980836957,0.6371833137835637
0.48947357865006635,0.6931321003229866,0.7602845996378257,0.6948980791753181,0.4601643430834266,0.6075064801656461,0.7062181176614544,0.6850397689797012,0.47962662139535317,0.5632927225359512,0.7013584292930467,0.43601301495845274,0.6665976911482885,0.3298522589800491,0.40376677722509874,0.66104036978553,0.0,0.5470272424110427,0.6244385882444228,0.4085828648888643,0.37160332982606825,0.4141253867411785,0.6549299247289121,0.39812495337983994,0.5968383236932925,0.39432171538397087,0.6227720423869727,0.64401829128813,0.5505102692014486,0.6229293782214773,0.564568615349929,0.63416425046146,0.5548852664187252,0.5750059964606882,0.5760110290432086,0.43813257130093386,0.574211393115756,0.5000083074333388,0.6064066946334556,0.454483728049736,0.6258070808666896,0.5859676430873035,0.5462965453089507,0.6092096645883975,0.5763929974653863,0.4610422978986745,0.5670515182649504,0.7480461680043088,0.4980055950227391,0.6383795493731588,0.0,0.6217012713876424,0.691452207506516,0.7491567639832903,0.5738392551207059,0.6254021069242669,0.6617508024075284,0.7105931127498303,0.35144646596526324,0.43639701326132074,0.745875363417361,0.602711522882558,0.7138735904786867,0.5522061407752048,0.6817371117392995,0.4793682285500186,0.5588963482473829,0.9116165077074229,0.6603796473597263,0.7001861005264901,0.5593451095812088,0.698671530933069,0.6415901867203161,0.6385191305088923,0.5942314876204862,0.7047787191670398
0.0,0.6321791054574794,0.575259971934797,0.0,0.639139633542123,0.7321850599915234,0.6479801331997971,0.6581011552807186,0.7596845420238946,0.6401092006635009,0.5053324352212986,0.5142979750880492,0.6404002632282987,0.599857138915903,0.7921550383092009,0.6941808779464911,0.0,0.5631147809335393,0.6511312359013045,0.6907451848229633,0.470409151711074,0.7599486365956242,0.6640445657716583,0.34235073731753285,0.6690608230339006,0.6145278475218724,0.38348544777501836,0.6310639293652023,0.6131311609815299,0.7131541046402206,0.6550210490951369,0.4432156626535681,0.37080916497262845,0.5415681545095236,0.539948087134824,0.48438159320350743,0.7717779961301708,0.4137297643656971,0.5872469179600757,0.6120976200252745,0.7489619953024313,0.7779251247236637,0.6413073163414715,0.5655386131406706,0.7317421520522318,0.5793457719461027,0.4821135288838161,0.6029889191927377,0.47494502544102984,0.48253217203656373,0.6217012713876424,0.0,0.38833573059383514,0.788383578399972,0.5893715587774503,0.6263726676523722,0.35831786240136343,0.669557980663301,0.684774422132425,0.3964563425935274,0.5980186181659415,0.42483339054526664,0.5426055245529506,0.6693431371684946,0.4580818995308803,0.35201697191249065,0.4846768941195884,0.6061073210891929,0.3220775099970602,0.6785612094453661,0.44207192987181165,0.6367865491726549,0.5537937879879732,0.6132838402354029,0.5805787792468778,0.7289005135609534
0.7197098030425936,0.6258034299847139,0.7023772093424324,0.3726728496977941,0.5199103168306344,0.7104633876068179,0.5939509901566693,0.6564939431763047,0.6935184416458069,0.5660981694346046,0.5429154285936708,0.4865859210722962,0.6275257703567889,0.5172302805018129,0.5155754904382847,0.8431259534684536,0.0,0.5474137274261438,0.5976280643110832,0.6217864957395831,0.37698147750655076,0.5413132380128098,0.6783855964532284,0.0,0.7162987380305745,0.318487539056249,0.6450696825551108,0.5689288081008191,0.6426697627223548,0.3766362736541814,0.49215287869052693,0.6917040391231609,0.5125413018504577,0.7277892725036057,0.5817637368915959,0.601617831245248,0.5298774709626582,0.0,0.6714335833874756,0.4374544900211158,0.6135748406164672,0.7229463476289569,0.4625201470359317,0.5216789586903581,0.5392112610560825,0.7012006875792848,0.6856240625680964,0.41850457628246873,0.7715210128289338,0.4533991003145889,0.691452207506516,0.38833573059383514,0.0,0.6137751472420502,0.47846627655099283,0.5843225111984016,0.6104809197509359,0.47320467995839294,0.47602078292746935,0.489288865997493,0.6315968002086253,0.4525210001116909,0.5330112456690703,0.42435819810830183,0.6553471026939496,0.5372722342788537,0.6238710972606154,0.6337976296367759,0.6951950413108866,0.7883057156868614,0.7478871243099715,0.6345619882471512,0.42132865190266666,0.5798335218085913,0.43236419385273056,0.571185371170078
0.0,0.594124981242114,0.7540691926530299,0.4878574082490228,0.5924320989311217,0.7331217607423862,0.7200809333554248,0.70657676269132,0.6308221891596277,0.44434383661799076,0.7414273799774744,0.44535008838616263,0.7238835458145436,0.47201792124202396,0.6125770724234312,0.0,0.0,0.0,0.5738284237744026,0.4759727505517241,0.5761209136336112,0.6364576628708309,0.6961270337836659,0.4309004600493505,0.3329460200112571,0.6352049960331088,0.698933638902423,0.6108819904160635,0.514412912481932,0.7454353285680931,0.6681537709129474,0.5975562076717756,0.294193619527524,0.45820186219881665,0.3283882721222735,0.6726012082521154,0.4039657796505791,0.4713174296396932,0.667143637780079,0.4489674389863245,0.6560956776364119,0.6230946632703791,0.7106131758100853,0.6404012735023984,0.5164044206966271,0.4791078318981398,0.5859905317455076,0.7052587050042736,0.7321890265046123,0.7216012916087771,0.7491567639832903,0.788383578399972,0.6137751472420502,0.0,0.5524117206539305,0.5780408709323228,0.4258678507072073,0.7685362049798392,0.615566815215017,0.3757414949120902,0.5367602469688731,0.44530796869743394,0.5746127572567761,0.6058642858405395,0.6204749968009178,0.4062254015082757,0.6202199556785288,0.6902654424223198,0.6626857667055087,0.6435844543970886,0.38402844823282983,0.47563282287143765,0.6413724878229539,0.5907523095910955,0.5390593293150748,0.6235175085483885
0.6245324270807024,0.2728500682173788,0.3828557419608225,0.0,0.0,0.7072976990517484,0.5046114137652417,0.45741507762291667,0.6776523899933911,0.5468495511769584,0.5469643497363009,0.5317013155902586,0.6660444092680565,0.0,0.0,0.5802372432690737,0.5999117208875986,0.4851942760801558,0.643039763951584,0.5892728559379172,0.6661176229889324,0.0,0.5030929494991134,0.4786639380481671,0.4384665328699973,0.5356964265941347,0.6894469181074457,0.6720169855562473,0.7515400990080741,0.5924341500918526,0.5435710095013703,0.3125409800396628,0.3419436997369755,0.49123864380054744,0.6586734755410382,0.44330279907576386,0.815483742778954,0.41583646665948,0.5674569538671818,0.5802025857423436,0.7323272257482909,0.7860672955057716,0.795263023485982,0.9823018273259436,0.6878703624260474,0.5417406039480619,0.5605967440014594,0.5234153640596649,0.7288562237523268,0.578552190316081,0.5738392551207059,0.5893715587774503,0.47846627655099283,0.5524117206539305,0.0,0.4891136478473869,0.8414390339997001,0.5513718900523463,0.7413593452819958,0.45175487166410677,0.5185939558113208,0.5470759258533467,0.5713632381888575,0.5182158539278892,0.7259969145054442,0.6300613543614573,0.5562674396330871,0.592755467888851,0.6824819726398157,0.711704500413938,0.6881134518257743,0.6207658743226161,0.5180074150197722,0.6867445648617785,0.5448819215647059,0.7394660249624235
0.0,0.0,0.6718417561531573,0.34729401613326427,0.4272180686325048,0.6543772205360312,0.5070648642215749,0.5987930825568837,0.6290631094579805,0.5608161642490691,0.4419303596735621,0.3497342980113963,0.6438673249219359,0.6219602848613334,0.0,0.0,0.0,0.0,0.8427481699128482,0.0,0.0,0.0,0.7726896345814567,0.4199945609833655,0.49613676003403895,0.0,0.6964943486995863,0.5833572295789534,0.4770731997468218,0.0,0.5827224947180618,0.5977337402545191,0.564292674212553,0.47885876520220233,0.525650046239386,0.572943642328241,0.7124419063100295,0.5182192881896753,0.42855739404482607,0.5593367697983567,0.6256513761951805,0.5451483041898332,0.44827178755701863,0.6668117829179188,0.34157482675969225,0.7815953446645294,0.5074583229847054,0.5373837987103213,0.5869204657375308,0.7722861566617304,0.6254021069242669,0.6263726676523722,0.5843225111984016,0.5780408709323228,0.4891136478473869,0.0,0.5387361893222661,0.6154426850000118,0.7267458422601345,0.0,0.5322722050492098,0.46253759817870416,0.49176045519651707,0.6065221749155079,0.6110940987143324,0.6063788911908033,0.0,0.6417903575469638,0.7732650984054217,0.5742833378450488,0.5983400328649888,0.6127011705089003,0.6461598276444108,0.3489997795449523,0.5276461623383438,0.6017234729721114
0.5900470210226464,0.22417009654052747,0.7271487630112692,0.5904689786165573,0.4119249575614766,0.5025047150012927,0.4771481736083505,0.8881325337554364,0.504761095476364,0.5291170322285889,0.459212440393263,0.6178730378644693,0.6212774709266156,0.5315833039477644,0.5556781348564699,0.2613099163391613,0.42822780552899736,0.3255933263806504,0.6180616036436496,0.4819478616472429,0.6034662510161757,0.5687211601596733,0.6317253527786343,0.6040741038996248,0.4998122765159833,0.6042938105470558,0.3534075385460595,0.720743679873264,0.6179769684021885,0.0,0.6406173435415371,0.26806367600001324,0.48986885468217023,0.7463447592235418,0.39618352932986056,0.47084088894010295,0.5633069874950007,0.7038475930701847,0.7056491667305875,0.5855694846906536,0.6162608981115585,0.5138200098733753,0.7257897334597008,0.657217919799318,0.6415666158788237,0.6792221927321294,0.6176494169123121,0.5836000474051073,0.6157053621872703,0.582793548655546,0.6617508024075284,0.35831786240136343,0.6104809197509359,0.4258678507072073,0.8414390339997001,0.5387361893222661,0.0,0.47102218091924086,0.45584932790396065,0.47256621081690464,0.5085565926766477,0.46934870815062707,0.49406970552764967,0.6409000778603683,0.5331330069190188,0.6809125182106455,0.4353661781034358,0.7224700284472372,0.6709764960215215,0.7661084342265847,0.5693044975611207,0.6336130868708807,0.44981145313177606,0.7051392857849856,0.5908478028881889,0.791484012167103
0.6615498019982577,0.7104625215910507,0.6549729142298552,0.42421202709149736,0.7032210036533459,0.6191641282138924,0.5521152808015943,0.5131336951193122,0.6531903005744523,0.6672033686816042,0.6322936866205825,0.5080431843299105,0.7494237855944303,0.38608646467222,0.555030588709757,0.7037208233154183,0.4815631979992384,0.6856424092343077,0.622419868676487,0.5821997379325232,0.5822385027047392,0.6514607876436103,0.5940060793793541,0.6139900910228704,0.5425607908020895,0.7262685424310509,0.6537326620285397,0.6465458264278956,0.566579885544642,0.505917192979003,0.6624886620183298,0.5590615333847895,0.5938124935456036,0.42922892238406674,0.3559497058397736,0.593844089267676,0.28106970076617366,0.408980780883579,0.6367384252414042,0.5048083772076396,0.725451809997789,0.8727785688287906,0.520630425641603,0.5730186039778293,0.49095249096442517,0.550666570713318,0.5026965521835791,0.6132115650295126,0.5319056569099826,0.49752058989632664,0.7105931127498303,0.669557980663301,0.47320467995839294,0.7685362049798392,0.5513718900523463,0.6154426850000118,0.47102218091924086,0.0,0.5149095134666108,0.3879990724999316,0.6740736216918187,0.5059168785941446,0.8043389920132662,0.654435716608708,0.6970997130304224,0.440951166462756,0.5411053789261105,0.6072601643311638,0.5626596717064665,0.6787726162191063,0.5199995080153644,0.6276813956289808,0.6464138593067409,0.6176988513861689,0.5109479178388816,0.7051232501928519
0.0,0.0,0.49932868065118924,0.0,0.40439871897212126,0.7007988665783274,0.3259655009267052,0.2656650876364998,0.5390882234399264,0.0,0.4110552649691495,0.502533523898636,0.44213698802308216,0.28844738140043163,0.5130563694962632,0.0,0.0,0.0,0.31520972070177944,0.0,0.0,0.0,0.5405058445263575,0.0,0.0,0.0,0.7200591929196258,0.41461788456073534,0.6464637469792455,0.0,0.0,0.5903517069008947,0.0,0.5660217137129224,0.6159029413452077,0.4545380051353233,0.0,0.0,0.2848811381446358,0.0,0.5793041968937467,0.6074065247623476,0.4100028503735328,0.4599978726697798,0.6126779968066491,0.5396357789956174,0.6187778141474718,0.4571715700401209,0.614806914638918,0.6269889622296912,0.35144646596526324,0.684774422132425,0.47602078292746935,0.615566815215017,0.7413593452819958,0.7267458422601345,0.45584932790396065,0.5149095134666108,0.0,0.0,0.4772516009747006,0.47301013744088166,0.5933095329028462,0.47872320666285006,0.5091730778649013,0.5000590243692137,0.3729411677677845,0.5515503580753315,0.6881420435095105,0.7028743311476215,0.6254502086734127,0.43782287547243737,0.6508371046621991,0.5708691336983271,0.0,0.4840984055999593
0.7628828228432843,0.497772335244839,0.6275808575187868,0.0,0.6364302609135545,0.31520278824271003,0.44751923005353,0.6776499688979011,0.4786083539585061,0.42614437348643947,0.0,0.3749050123446644,0.5459931489116376,0.0,0.6127054881987009,0.5828179525292364,0.6212465992334913,0.6491437918318667,0.0,0.6370175671449193,0.6096484930441401,0.5579726602226367,0.6583108948470486,0.5557044061281692,0.6412431720799634,0.49387996501774306,0.6210886567608148,0.6305256970702652,0.5690529394465585,0.5681218976926968,0.5813129596871107,0.5085932062814903,0.4759122293937806,0.528344227232965,0.5627240995204468,0.4034189994814352,0.4898788361294196,0.48431946492623557,0.34762722005042573,0.5287346661907512,0.4587113472503155,0.4187645400757768,0.5893413969510822,0.2627851795492606,0.30157395112790214,0.8580332084686201,0.6067017466529618,0.4983756137621784,0.8956710227769926,0.4797565735595609,0.43639701326132074,0.3964563425935274,0.489288865997493,0.3757414949120902,0.45175487166410677,0.0,0.47256621081690464,0.3879990724999316,0.0,0.0,0.6645849447802592,0.518099151248408,0.5259093400136345,0.0,0.7469942663584461,0.5662463325652101,0.6590636041321636,0.6223355718512961,0.8372577975158065,0.708084238817056,0.6708899278915036,0.7155439331027778,0.40359776528538843,0.6460237633769154,0.589458567278118,0.49446037243756785
0.6836882817088538,0.6082989153230464,0.0,0.0,0.5270741694571017,0.7005556942534259,0.5399864210872487,0.5369088885219246,0.7710270349911488,0.4849445814465772,0.0,0.6539614785731676,0.5966680633891338,0.0,0.28905415358235975,0.621332944589422,0.565663412243628,0.6772432551618386,0.0,0.4539461567267588,0.4798543900534357,0.5284427478817235,0.6646211221331324,0.8030630719932018,0.7099456617885227,0.682403592490793,0.5793625558974503,0.38466966896338556,0.6306011879517159,0.0,0.5702293981648063,0.6124506013730509,0.6172691124623428,0.5944150766779418,0.5794721313409835,0.3782623841489047,0.0,0.610329083736936,0.5485742674345501,0.5947216366031555,0.5605816290616713,0.647441883207855,0.5417604325777361,0.0,0.5870172615130272,0.7230352630232674,0.7277169147333189,0.43046289980493174,0.0,0.6238589758020795,0.745875363417361,0.5980186181659415,0.6315968002086253,0.5367602469688731,0.5185939558113208,0.5322722050492098,0.5085565926766477,0.6740736216918187,0.4772516009747006,0.6645849447802592,0.0,0.5689873818614795,0.6353068546267616,0.9642373355480331,0.43026782027154287,0.6564398593391794,0.45357367733978327,0.6480735366183219,0.5910986318715716,0.6300354266042821,0.7582829807867355,0.7148957461861094,0.7011426091640012,0.5896316508915568,0.8250172085793889,0.5090768438098083
0.6106985103188878,0.5964691200513061,0.0,0.0,0.0,0.0,0.0,0.0,0.0,0.58523750665852,0.0,0.5180019658432453,0.550767972766007,0.0,0.4978595167417798,0.6269686828583417,0.6513332603567887,0.45841445364696676,0.0,0.3829282518401533,0.0,0.4923725171233715,0.6442650407735282,0.6172959129998518,0.4291925138896927,0.5193466765777806,0.0,0.4048247034058694,0.4906499292443689,0.0,0.5783101051240238,0.4923882421806222,0.36925631318262925,0.5553286306806253,0.4053193611589445,0.0,0.0,0.3807297566517579,0.645031840842364,0.5329109118796195,0.7291583176492438,0.7985175857675345,0.6465211669240892,0.4549698572229708,0.48434799944604506,0.5184207976581794,0.5107111546033642,0.5834644670767178,0.0,0.5173831651508708,0.602711522882558,0.42483339054526664,0.4525210001116909,0.44530796869743394,0.5470759258533467,0.46253759817870416,0.46934870815062707,0.5059168785941446,0.47301013744088166,0.518099151248408,0.5689873818614795,0.0,0.4805049559623207,0.4600724951863113,0.45778039736677145,0.44152628684619316,0.5607972089696512,0.5460118837238568,0.6688796663338176,0.57008810229164,0.6840082922701743,0.644821744949659,0.538870247836198,0.680126722860757,0.6246332574038058,0.6014219619431058
0.6898728210028483,0.5693582560168169,0.0,0.0,0.0,0.5814259668829739,0.5395759414834072,0.6230670833704546,0.0,0.5879993436977129,0.0,0.5742164712093187,0.49840401231853226,0.0,0.7407876625756856,0.5756146785431377,0.5813910366460263,0.6916424473332237,0.0,0.4713338642808772,0.5420294164035936,0.20746223837716296,0.4019335517894802,0.7761358283912492,0.6956208035255125,0.713841878519942,0.33636194956123927,0.5404691126961174,0.5493500838061164,0.9663312853981723,0.717753658732709,0.8927147767902267,0.7289842206482555,0.7564143510892762,0.7090885749115325,0.9500398028860579,0.0,0.5833086633204203,0.6646197522297701,0.5720935764263158,0.7308034398627565,0.8125483361345828,0.6667698988386895,0.3970275745812404,0.43198684157147504,0.7427797380485565,0.4943344375703246,0.5637480975301613,0.3785507049126703,0.650306113571295,0.7138735904786867,0.5426055245529506,0.5330112456690703,0.5746127572567761,0.5713632381888575,0.49176045519651707,0.49406970552764967,0.8043389920132662,0.5933095329028462,0.5259093400136345,0.6353068546267616,0.4805049559623207,0.0,0.5525803583767274,0.5206567980291734,0.6510180219073888,0.48747413691207225,0.6121307364052688,0.6787273926234703,0.6030005417872243,0.5902234619114862,0.7350231978727706,0.7774984862931347,0.706009125601194,0.43517292807064084,0.5775910564835524
0.0,0.0,0.6279856999461104,0.0,0.6041358035220609,0.665840414280722,0.6712355249814125,0.6942818928484742,0.5323970997597146,0.4836877407648334,0.6012665492008191,0.3960254323689224,0.6863704669979466,0.43547196900986884,0.0,0.0,0.0,0.0,0.5654855793559169,0.0,0.0,0.0,0.7431626558372116,0.4184258961433697,0.0,0.0,0.6854162168216771,0.7704898086585783,0.48943679225459974,0.9679454414909869,0.7690702903067337,0.409229656801241,0.9805121095368861,0.5065595446853624,0.36749507037234524,0.6425690113211677,0.5989628093718029,0.6206956562721544,0.5111138652080534,0.3904077756704175,0.6434642540407784,0.6089673009783231,0.47881682554665556,0.6662770491739779,0.5095974929541552,0.0,0.6909748630745122,0.669415491972651,0.5166924804371069,0.6934577072983081,0.5522061407752048,0.6693431371684946,0.42435819810830183,0.6058642858405395,0.5182158539278892,0.6065221749155079,0.6409000778603683,0.654435716608708,0.47872320666285006,0.0,0.9642373355480331,0.4600724951863113,0.5525803583767274,0.0,0.0,0.7781154491383534,0.7843125715299479,0.5350420642214536,0.9101706703247883,0.5671845781493576,0.6332467334980627,0.6853153114037214,0.6387395803656851,0.7367094743390479,0.5299145087219264,0.6271968707978963
0.6692690201677111,0.5522382495973319,0.8123135771199937,0.0,0.5954032700089241,0.6277325807687633,0.7497626859281908,0.6915751425460275,0.598918435962596,0.6442650407735282,0.5066534347187329,0.6575284182412899,0.5386742158926544,0.0,0.614285102280153,0.5653307474848064,0.0,0.47481537957394765,0.4822162004596621,0.6426278093386459,0.5065265026390153,0.4976633204854978,0.6807506003054283,0.40276766920848167,0.5397490674060184,0.3891299471842462,0.6167609925029678,0.7498559561517227,0.6287283684059701,0.6229151241935381,0.7149138637138501,0.6213253707292121,0.7278869593005983,0.5786635985287449,0.7001544197236927,0.4761704817390121,0.4790626969633918,0.49840769604157853,0.3980028933630696,0.4666903286205415,0.5091741198392105,0.41085014288893207,0.5454940425352004,0.5702929423354033,0.5415416097686012,0.6691918337327952,0.6048449854189532,0.5558290125421462,0.9187691614639572,0.5469949282203622,0.6817371117392995,0.4580818995308803,0.6553471026939496,0.6204749968009178,0.7259969145054442,0.6110940987143324,0.5331330069190188,0.6970997130304224,0.5091730778649013,0.7469942663584461,0.43026782027154287,0.45778039736677145,0.5206567980291734,0.0,0.0,0.5647213368166882,0.46648536096945914,0.5631681524867487,0.5847979228277917,0.6279512069081548,0.6521792174667251,0.48045848409018366,0.7980896753147754,0.5813440875049156,0.7443755868805995,0.5769015601042528
0.645111751794707,0.6418375350064637,0.4995785008682395,0.0,0.42740231079531177,0.45604410458607864,0.6053780309398062,0.7511481822058865,0.6062836481421288,0.45999316789963435,0.0,0.7740290149941472,0.5887084210400271,0.0,0.5380379678174796,0.5069702565676432,0.0,0.6986756778033244,0.0,0.6354829355425842,0.6675363271943129,0.5448032143147619,0.5948306508388468,0.8668986411852337,0.5813428367514274,0.6453347510106043,0.6379571491684987,0.5325997676076621,0.5046118523733631,0.266030290937892,0.6607122863644178,0.5104889724626822,0.30636780559502125,0.49353656825315,0.6123655208767359,0.38493228916886973,0.0,0.0,0.3989644727994191,0.5489278059558675,0.48396616218291544,0.4357990722256043,0.4510611274141364,0.32533750678853024,0.5011105794512186,0.6237349735942933,0.748981093795312,0.5591649007419103,0.41721115626463967,0.6383034217986231,0.4793682285500186,0.35201697191249065,0.5372722342788537,0.4062254015082757,0.6300613543614573,0.6063788911908033,0.6809125182106455,0.440951166462756,0.5000590243692137,0.5662463325652101,0.6564398593391794,0.44152628684619316,0.6510180219073888,0.7781154491383534,0.5647213368166882,0.0,0.6189715443061162,0.6762377379692889,0.6924550499065503,0.6731966330892647,0.6859090423864938,0.5734851242952166,0.4699242756117426,0.5439296643641727,0.46450403359697223,0.6912357239380692
0.6578940615206438,0.5957232324067961,0.5987702514022022,0.3841705006476396,0.6417098080785205,0.691064394647122,0.5827497329673171,0.5205023453010752,0.575025351019295,0.4864811515881403,0.5313253812769876,0.4836784008085336,0.6354861404538186,0.0,0.6643698349632764,0.5808373904612993,0.547600291375025,0.6252011184421093,0.4416611543439268,0.5911369970990136,0.5479343775816614,0.5206692879876686,0.6108218453988216,0.6616004345034275,0.7845497169502208,0.610559656034791,0.5696218603284706,0.6122025324823414,0.7424134263054225,0.565389086377765,0.43337640701346536,0.4120855676173272,0.47209004292107726,0.3860911611653536,0.44408870214640406,0.6542761628451808,0.5953447139079845,0.5356692292249391,0.31234305041822363,0.4015492108283525,0.5140248646003688,0.3833682757635549,0.36766073237506,0.4381480046067429,0.5469380470346908,0.7319121804295657,0.7119117527717437,0.3737038236762713,0.36888815183966306,0.530676505768258,0.5588963482473829,0.4846768941195884,0.6238710972606154,0.6202199556785288,0.5562674396330871,0.0,0.4353661781034358,0.5411053789261105,0.3729411677677845,0.6590636041321636,0.45357367733978327,0.5607972089696512,0.48747413691207225,0.7843125715299479,0.46648536096945914,0.6189715443061162,0.0,0.4698887736468122,0.44875160478441967,0.6274707885215998,0.6711766390320055,0.53309816815366,0.6609141358933097,0.5539686829040558,0.7761985759760746,0.4665782684356989
0.6518719712268373,0.5812761829848028,0.6840031343934799,0.6332656379095605,0.6669343182833668,0.6781307912842379,0.6434143761261877,0.793143772617796,0.719798235433176,0.5756543773290332,0.49059304315097524,0.14937430365010396,0.598292128138016,0.5813082277160971,0.7171186587117228,0.642429345614611,0.0,0.7933353306622623,0.5766800641810764,0.6478954132272158,0.5355742038114731,0.6497576387236684,0.7667538950979012,0.6495497611084198,0.5605993674035608,0.5937437206985108,0.6684892964739131,0.6430601822733044,0.6594971821988591,0.6666512984312368,0.6094235284432042,0.7068500380699573,0.6594171927796847,0.6883655809711866,0.6844660222030797,0.7788746730176381,0.5920169364332957,0.7131385049595145,0.5858533104574287,0.46402628229006737,0.6254636696982798,0.6203386719949067,0.590531589365916,0.6282274931076821,0.4228670102374096,0.7193529883213131,0.6352910924648028,0.45458398464334027,0.6195749674734784,0.6827859334841325,0.9116165077074229,0.6061073210891929,0.6337976296367759,0.6902654424223198,0.592755467888851,0.6417903575469638,0.7224700284472372,0.6072601643311638,0.5515503580753315,0.6223355718512961,0.6480735366183219,0.5460118837238568,0.6121307364052688,0.5350420642214536,0.5631681524867487,0.6762377379692889,0.4698887736468122,0.0,0.6877763931907347,0.6554598134632349,0.6503917840790503,0.8915455569019421,0.5834801310355311,0.5127378318123503,0.5898079628243039,0.6543000103314099
0.6424045448450453,0.5020243261919249,0.0,0.0,0.0,0.4103169815101106,0.4003601340662122,0.0,0.5324732298363327,0.5274191678247188,0.0,0.5123594906833533,0.4732310645303141,0.0,0.37356858160541867,0.43651735866740865,0.5867714119822312,0.6097444464934908,0.0,0.0,0.5869851234604042,0.6388650192765315,0.480480940721217,0.45829559184757784,0.49554584767901977,0.628750184653046,0.0,0.5409136497577487,0.5763674005105034,0.0,0.6345962144089873,0.44113229196098436,0.5883380312629249,0.6441340806542626,0.39399834324649546,0.4485806242426713,1.0,0.5051882094574407,0.5129833919599232,0.7734577290147112,0.7710389688321141,0.42264292450001917,0.32523176187750485,0.6537671622082984,0.6947208055532839,0.5051639454775857,0.6099792433066538,0.6293925513081499,0.4022914063069429,0.7136202689727521,0.6603796473597263,0.3220775099970602,0.6951950413108866,0.6626857667055087,0.6824819726398157,0.7732650984054217,0.6709764960215215,0.5626596717064665,0.6881420435095105,0.8372577975158065,0.5910986318715716,0.6688796663338176,0.6787273926234703,0.9101706703247883,0.5847979228277917,0.6924550499065503,0.44875160478441967,0.6877763931907347,0.0,0.7178527177021745,0.6322292874767206,0.6036871043511398,0.5423725279062304,0.5168600059076162,0.4330189004405405,0.8276787581595105
0.6892212187579778,0.5300695475502951,0.6127372883154973,0.0,0.6059832592693206,0.5488185293975242,0.5489176370862174,0.617261407438568,0.7234188079448134,0.5496296241091417,0.0,0.564930163076919,0.6125058142505816,0.0,0.17040050086196787,0.5872831996343413,0.6333321777451376,0.6419490839337775,0.0,0.6508717700745165,0.16954853127989725,0.11919555262272803,0.6165308117768915,0.7233789948143965,0.6419230781315148,0.678216717996831,0.4738287566887233,0.6248488079255359,0.5649977013228047,0.6119030064233864,0.6453163542229907,0.6549146045730048,0.7475636789183491,0.6735660840737286,0.683027031005579,0.5182393327125125,0.0,0.3949344525775981,0.6610818432573121,0.5362026715577218,0.7397287692036432,0.781211020329447,0.688370556642749,0.5029822103058798,0.4791583551012316,0.7820280185787833,0.7360771298386343,0.6287376173347173,0.0,0.43572102312297745,0.7001861005264901,0.6785612094453661,0.7883057156868614,0.6435844543970886,0.711704500413938,0.5742833378450488,0.7661084342265847,0.6787726162191063,0.7028743311476215,0.708084238817056,0.6300354266042821,0.57008810229164,0.6030005417872243,0.5671845781493576,0.6279512069081548,0.6731966330892647,0.6274707885215998,0.6554598134632349,0.7178527177021745,0.0,0.6747593239191885,0.7173502717758481,0.6326092524747451,0.7052392477236777,0.42683853056993676,0.6512451158623381
0.7705085723057302,0.528014258334202,0.6174801840106489,0.0,0.6426041399197284,0.5392167092488444,0.549820488554323,0.4670466421432468,0.4626759767949388,0.597287406045819,1.0,0.6792308935622221,0.6264628097031287,0.0,0.4352633344842538,0.6646411612761138,0.6870965569559175,0.656675233450799,0.0,0.30215950677025527,0.6629930923746847,0.4718095671377884,0.44119871083010925,0.7610759951533109,0.6389023861021618,0.6214762173327855,0.36072765079561453,0.523919987166453,0.5958988505796076,0.49839578462835243,0.5695079327263242,0.6671418047388304,0.709376594180766,0.594709867898215,0.6491595676126514,0.414802080618252,0.23551735455732115,0.58478562578252,0.6156350742239057,0.6160781835462698,0.6382853281838461,0.5502386053644693,0.6467003170167549,0.7123325586745483,0.603837906452792,0.7674941420551386,0.7949365201242401,0.5731512762151176,0.6301041498666429,0.5759533727506794,0.5593451095812088,0.44207192987181165,0.7478871243099715,0.38402844823282983,0.6881134518257743,0.5983400328649888,0.5693044975611207,0.5199995080153644,0.6254502086734127,0.6708899278915036,0.7582829807867355,0.6840082922701743,0.5902234619114862,0.6332467334980627,0.6521792174667251,0.6859090423864938,0.6711766390320055,0.6503917840790503,0.6322292874767206,0.6747593239191885,0.0,0.5816491491869783,0.585175661011285,0.7687195223064751,0.552644079145771,0.5880707709167556
0.49255088559808224,0.46298443638961545,0.7404903923256527,0.5301797629752424,0.6088469923844375,0.6557191322709579,0.6318387096980278,0.745573481389067,0.6137500907324311,0.749480091707962,0.4872169762590897,0.3829741249404067,0.6437519736230625,0.5915408503970421,0.5447520272194266,0.6575731654702718,0.0,0.5736641693679363,0.5349925752189467,0.5835153218355132,0.467903280745211,0.5187818443372857,0.6432728958500029,0.5414992668724778,0.479429519679094,0.4307705937659879,0.6564012269328798,0.6416550762215042,0.659419649125797,0.6600122970929165,0.6411177000677467,0.6966598388468594,0.5261556072468092,0.7059124314155554,0.70615484792183,0.5383851216473543,0.7668667143484938,0.7083950603720823,0.5954048470586204,0.45656977527662157,0.631232487260605,0.5771179396601915,0.4797353662129783,0.547890325124622,0.6172654700307719,0.6452627436048799,0.5450497311687298,0.6678275240350693,0.527314067737249,0.6587203800394001,0.698671530933069,0.6367865491726549,0.6345619882471512,0.47563282287143765,0.6207658743226161,0.6127011705089003,0.6336130868708807,0.6276813956289808,0.43782287547243737,0.7155439331027778,0.7148957461861094,0.644821744949659,0.7350231978727706,0.6853153114037214,0.48045848409018366,0.5734851242952166,0.53309816815366,0.8915455569019421,0.6036871043511398,0.7173502717758481,0.5816491491869783,0.0,0.5555516934410871,0.7238815823783631,0.5694376269829878,0.6510223131535454
0.5182851407567163,0.7643106661895771,0.6422634017151896,0.5834587783931771,0.6061230836204318,0.5982129576302875,0.5402721528966162,0.5583880692469356,0.6790460184541194,0.6182435241364604,0.508253440708194,0.5609446714247673,0.6071002976681991,0.6972823366047367,0.5651316182946018,0.6031061547770763,0.33112548248430507,0.7116078763346353,0.5558083297400076,0.4586199145871696,0.6718902602968836,0.5361436885604192,0.5751770274866405,0.6360060837079444,0.45363512981277526,0.5752656529799111,0.5865876441234538,0.5915242390476673,0.5478336375334439,0.6654769690695903,0.504885013937736,0.29169910815127575,0.8034855002714126,0.0,0.3064123545077576,0.5339166924122184,0.4415818249907883,0.319963218107753,0.5181135630241623,0.3137975006620477,0.36378820024627123,0.4440210478590654,0.5511594784267972,0.6181682816244153,0.544387210282554,0.6593823040430628,0.596441196944714,0.587803574826098,0.4715827877863069,0.5035109997201881,0.6415901867203161,0.5537937879879732,0.42132865190266666,0.6413724878229539,0.5180074150197722,0.6461598276444108,0.44981145313177606,0.6464138593067409,0.6508371046621991,0.40359776528538843,0.7011426091640012,0.538870247836198,0.7774984862931347,0.6387395803656851,0.7980896753147754,0.4699242756117426,0.6609141358933097,0.5834801310355311,0.5423725279062304,0.6326092524747451,0.585175661011285,0.5555516934410871,0.0,0.5947336878335616,0.5724488133102066,0.66605644628557
0.832002327754612,0.6741846964514815,0.634453398599958,0.48377690723057515,0.4760969162499686,0.6840115745216897,0.5205289461848533,0.6893646025811516,0.6250391416582002,0.5242803801689893,0.4229263672195091,0.6676694247718634,0.6217877034387769,0.0,0.5576370744732193,0.6043901424826632,0.5000173470545247,0.6089422247998388,0.3895027646730924,0.5876718804075893,0.46953142741879894,0.576432190352559,0.6594104024101081,0.7228234580943881,0.363862783166737,0.5720441002547151,0.6055036220252019,0.6813416682105498,0.7005428406770557,0.5882330016192656,0.6073406748704734,0.5970660763185893,0.39016239595956104,0.7429714403438413,0.5916008353950871,0.5213604315637428,0.6795698493233927,0.6442174392963872,0.49579416098827367,0.6703469539445808,0.5680679462395358,0.5715328009832834,0.6480012532398126,0.5895549821247775,0.5905533955551376,0.7011616052033733,0.5926286813571365,0.515012714132578,0.5571100316366744,0.6347280309286674,0.6385191305088923,0.6132838402354029,0.5798335218085913,0.5907523095910955,0.6867445648617785,0.3489997795449523,0.7051392857849856,0.6176988513861689,0.5708691336983271,0.6460237633769154,0.5896316508915568,0.680126722860757,0.706009125601194,0.7367094743390479,0.5813440875049156,0.5439296643641727,0.5539686829040558,0.5127378318123503,0.5168600059076162,0.7052392477236777,0.7687195223064751,0.7238815823783631,0.5947336878335616,0.0,0.5123654593306981,0.7181109192723883
0.0,0.0,0.5239087465098415,0.0,0.0,0.49135305515719796,0.6976426850732093,0.5246822457946468,0.6702659320658005,0.0,0.0,0.0,0.572886595224483,0.0,0.6912450467175332,0.0,0.0,0.0,0.40072707448918793,0.5431452003463954,0.47840937522652804,0.6112978179332947,0.6232070544818132,0.0,0.0,0.49132369564140754,0.46869678774923884,0.627599605558099,0.5112411053590163,0.5675446851351374,0.33846240820479667,0.5796245265620061,0.0,0.4757390550173731,0.448063836599914,0.06551752355657847,0.0,0.0,0.47754862439010587,0.5213582577370963,0.5089399185159668,0.5598922466123397,0.46449098588697696,0.4687626912564896,0.5040535996065728,0.45910643464189704,0.5806705099212672,0.4000517230336312,0.4060750946580221,0.2984248980836957,0.5942314876204862,0.5805787792468778,0.43236419385273056,0.5390593293150748,0.5448819215647059,0.5276461623383438,0.5908478028881889,0.5109479178388816,0.0,0.589458567278118,0.8250172085793889,0.6246332574038058,0.43517292807064084,0.5299145087219264,0.7443755868805995,0.46450403359697223,0.7761985759760746,0.5898079628243039,0.4330189004405405,0.42683853056993676,0.552644079145771,0.5694376269829878,0.5724488133102066,0.5123654593306981,0.0,0.6099212116945313
0.5745986646219302,0.6300553488259636,0.7353564233828872,0.0,0.6911439634604133,0.6815638950706133,0.5334270452183203,0.5372798675621175,0.7368248391706016,0.7277497501284054,0.6161148213427118,0.6783349276779053,0.5931661328697614,0.0,0.47417816381201244,0.5081233828374858,0.6487893712888655,0.6792013183094703,0.5154754306289754,0.6567245432803048,0.38364641598572086,0.40559049838875727,0.6209443767261162,0.4948090291041598,0.6557820436753772,0.6498230944907132,0.6028807269381484,0.552753741064506,0.5290155613998433,0.40666480524417115,0.5250502067004289,0.771730725143171,0.5506095348916463,0.36819123048441404,0.586671541684815,0.6558844302463404,0.3117471073962965,0.5911835300639018,0.6246934643497826,0.6406539992490373,0.37435137631935606,0.5365294347834921,0.49632637962476384,0.5925137737447479,0.8725328895024411,0.8117742368858937,0.683981918950741,0.6208573666191893,0.3203262210656777,0.6371833137835637,0.7047787191670398,0.7289005135609534,0.571185371170078,0.6235175085483885,0.7394660249624235,0.6017234729721114,0.791484012167103,0.7051232501928519,0.4840984055999593,0.49446037243756785,0.5090768438098083,0.6014219619431058,0.5775910564835524,0.6271968707978963,0.5769015601042528,0.6912357239380692,0.4665782684356989,0.6543000103314099,0.8276787581595105,0.6512451158623381,0.5880707709167556,0.6510223131535454,0.66605644628557,0.7181109192723883,0.6099212116945313,0.0
