0.0,0.326582730366294,0.3451409308651316,0.2142073006342432,0.5167970015935464,0.27501272226975304,0.6077030338894773,0.5625217137264258,0.4178662256446325,0.24512303501466287,0.4293178228334717,0.28611965036322845,0.41767649789859695,0.2639184329315464,0.3001507151640238,0.21716114499187247,0.4001003577700838,0.07066545895086113,0.1912253159002113,0.3265193833555409,0.3398380553009666,0.13620430156107843,0.4715249458242474,0.5758465366257243,0.32857062976692025,0.3801602508456619,0.3251512905282144,0.2718063839890396,0.4460228901931934,0.40215721912859065,0.5289007896817621,0.5097631749271812,0.5350736151581134,0.6353346964623835,0.4681017155192524,0.3935996941402713,0.5097922505731393,0.5837590311720768,0.540370538031032,0.51384212356431,0.6442981248503552,0.5795575751600548,0.49750391425870016,0.6356756134703492,0.5543855830174534,0.16370854387538372,0.31751899463227934,0.39581257691830496,0.5549463640918841,0.5257898345990821,0.5401041524181044,0.5678228036705348,0.578513154317001,0.6043571927883167,0.5304508380888544,0.5754383454213766,0.5017254588798218,0.6129653403631338,0.4639073221698836,0.31009854293823674,0.2103981175634299,0.3809980470945923,0.5255090898968777,0.45868732229780795,0.16963821860129416,0.5628999955302999,0.2620841541194148,0.43624446867734556,0.3933191715337765,0.4378807249429995,0.41430879458174963,0.13101628133876414,0.3096684699066875,0.14075419538963801,0.1788017237631323,0.49786543370270775
0.326582730366294,0.0,0.42684439226658244,0.4571735684065605,0.46492707235236175,0.2610815232912388,0.5915277469011269,0.29765735344807587,0.41381967907163614,0.21698470878608883,0.454646192033095,0.12723147290267428,0.3757228778107427,0.44787444692992123,0.08374220695878926,0.05491790380165418,0.0770523876106432,0.26058082412081757,0.18221919810190712,0.3974090674785541,0.3111878224136463,0.1674667619055341,0.3271092803847105,0.47249014073750734,0.40562440898992397,0.26086955637109815,0.33780729140322524,0.2682543189322626,0.19980034481842873,0.3209116174106524,0.28033104114178736,0.3992580641170873,0.4254836637486046,0.4442354820413127,0.41300483826963547,0.42800668020737853,0.3958248313567519,0.44618005345889344,0.4378720210965017,0.3846210716322506,0.31686521182260474,0.40275872223732617,0.7140140141156265,0.7650807799660937,0.46277436174603725,0.3722381011582344,0.5468426170784824,0.16326707849805547,0.4581371837902359,0.38559081183207966,0.5866841764803694,0.3232261459133086,0.337169054775436,0.5811096368131692,0.5279057269811186,0.4707786649171117,0.3615547238897919,0.6179956159251492,0.6262723306288676,0.1914864478448476,0.3644422051162105,0.38862467996552585,0.3900461304897985,0.3698650686439628,0.34751501889277486,0.40835559195921056,0.3421860453963219,0.2422955202631632,0.3054858528791178,0.45054550353058165,0.2685098539649729,0.3630705983815505,0.43863873627682326,0.1985268259580232,0.3322287063594353,0.23602463335966783
0.3451409308651316,0.42684439226658244,0.0,0.461867460632888,0.3411195523636753,0.2310946223794842,0.5423719328886939,0.4957133115299209,0.36821444326530817,0.17558322679156693,0.47587713259951725,0.20202138224131705,0.3914633324678198,0.4199658327790564,0.06833154584275666,0.08476997831792266,0.23875931264968506,0.24208060398287531,0.23404010321264682,0.19488376539566832,0.29922528318038705,0.3678619584633979,0.44064717037466,0.5862480097505267,0.5991217948203557,0.32886013277954396,0.3653093882945173,0.32658025219946574,0.1988500169266939,0.40579080639694176,0.2619592351888427,0.37293223175956525,0.3214857497510815,0.38173991892043563,0.3614554820758483,0.4983925618486321,0.40760607447152175,0.3627068691544222,0.35399837354489516,0.38694280747640786,0.3793483115500227,0.33565151561669504,0.46973979547590095,0.5310897151240989,0.49311879201970293,0.0388584802760058,0.6625279867401876,0.16896666648628564,0.5846410823446979,0.3615373798135098,0.5404159788123573,0.35630968827941933,0.4575154966625709,0.4704696737949192,0.5320918057569881,0.48390773011184984,0.3903100460884959,0.607835725522266,0.43221647036060834,0.22955334362320862,0.38112230605742253,0.2562523047795765,0.40381526263658785,0.2792793282425306,0.34342870787367863,0.43495546167444415,0.4356569117446645,0.3985318022828653,0.2340102635823629,0.5338959583759747,0.3757042015626871,0.3965935959935975,0.4785212217066619,0.358073209065377,0.3288844198063607,0.30864287727745376
0.2142073006342432,0.4571735684065605,0.461867460632888,0.0,0.5984427327124539,0.4013165492449375,0.6808122336537163,0.4982186026255785,0.5589537443778645,0.48528309331922326,0.6205393974664266,0.3250138626501613,0.49940580785648503,0.5479830332061646,0.10455164269450243,0.34183363067042366,0.30189230838505055,0.3032083693225591,0.34477662408167753,0.2581591485350585,0.3697926646537576,0.484849323490152,0.46696900313245393,0.5047151239617622,0.6071276948472099,0.41521659317247234,0.4342718242806089,0.5542086321957325,0.3896891919310187,0.2972090912675137,0.5257869265004322,0.5365964614453528,0.4912211388483678,0.6001579592944564,0.5392016389487849,0.47430209584261934,0.5462702867931974,0.5582305950708004,0.5293163289069743,0.5100626873250972,0.5336390817461185,0.5239660617607054,0.6205809164727737,0.5879607329361644,0.5466291505287847,0.19275642352232802,0.6429541407247168,0.3586938552755909,0.5563390234611969,0.5680447230545506,0.6566274656617335,0.6809993706676991,0.5064401945218892,0.6788633366221374,0.5740237058968172,0.6717304357819027,0.46701734081335616,0.7078978680743657,0.6939202462699432,0.12014086511031102,0.4588611780622628,0.488331823462234,0.4949513968508995,0.5378351271978543,0.510431506700109,0.5605660388401688,0.5713953186413703,0.4620221832644387,0.40175948734481765,0.6981919601466537,0.5023975459789063,0.44808121203209994,0.6341386848750082,0.45949542177891645,0.4040245463260335,0.5280776398917745
0.5167970015935464,0.46492707235236175,0.3411195523636753,0.5984427327124539,0.0,0.2923954416611898,0.5717180737715974,0.4159523596843899,0.4582988465869713,0.23378095267446772,0.5584154335240736,0.27148280597787033,0.3691890170530089,0.6037899119285618,0.1348308010306684,0.26803110112975703,0.171633190162357,0.5311582726712852,0.3542836235505257,0.23105850227124666,0.28505219721479463,0.45623086981024663,0.4576883999179427,0.5839687933453654,0.6572134368247431,0.2970793086928696,0.5113228446818929,0.41653428762454203,0.3727421202234345,0.3247150089061927,0.3474359766881707,0.35930658112647607,0.2948521273592781,0.36618612156026614,0.41566399540139365,0.5717251231789412,0.3057698658290082,0.353121788086085,0.4591144414386273,0.38178663762457266,0.3857526307865722,0.37144814997838405,0.6038752746987142,0.6804464670905603,0.4737028420230723,0.1129527933348983,0.8296987881844238,0.2446945644914869,0.5044844161125145,0.42648461531808834,0.6277559768166213,0.3715564272717391,0.34153126691300545,0.6703496170808843,0.643331523590426,0.5653075186129431,0.45677807245842905,0.6346638865145621,0.6700968821826824,0.303199730363615,0.534291901805825,0.41010606647302383,0.5461198230185303,0.45547693351515295,0.4486305996724345,0.36321083864603976,0.4926346748366812,0.44400250675742237,0.41377126318067076,0.745975687275811,0.4057564118235595,0.574715304280652,0.6841475711669516,0.39378247756251783,0.4742723034912354,0.3587805389266906
0.27501272226975304,0.2610815232912388,0.2310946223794842,0.4013165492449375,0.2923954416611898,0.0,0.3265893709153823,0.3786246541622158,0.21221956603270056,0.08563364455308409,0.34843496425456966,0.24293672755356494,0.25793946621056896,0.28896242909510866,0.015496329753765858,0.24739064223986684,0.33249685070706514,0.09644895520769883,0.130645344190587,0.07346263114116178,0.17951703607348507,0.17849273537878785,0.24442622444592993,0.43246878004525324,0.36792993060039764,0.16734054502296275,0.20430265052237961,0.10903104994438872,0.0915661838549322,0.30565531114142847,0.14101095659481264,0.40846906778646364,0.20245951006299268,0.18356218256667792,0.3167401671258872,0.31913787418640255,0.3258522157520914,0.29001812330358445,0.36687679026286313,0.2926450621328144,0.23505817482767197,0.25832404907469897,0.3580057463201297,0.46586493366766213,0.35721280744026906,0.33112034500861226,0.5759858456018012,0.09830731840065396,0.3638032007922757,0.28164475649612203,0.3945749049170732,0.26097977881856327,0.30903825595234025,0.3445577266842678,0.38052106456995793,0.3139161483610873,0.1986398790398655,0.4634937458419459,0.35325872047217977,0.19201434315296803,0.29726547285396665,0.24016659639836715,0.21761003074996044,0.15996378788122964,0.13382962167719478,0.2869628053115323,0.30351131777016616,0.2295641059440056,0.15009683818714048,0.4409377880582116,0.2793430947562616,0.1617921153646217,0.2608701912362196,0.1286690242891068,0.13607988609386934,0.19103826742862068
0.6077030338894773,0.5915277469011269,0.5423719328886939,0.6808122336537163,0.5717180737715974,0.3265893709153823,0.0,0.5697320034290057,0.6666008651142848,0.4190814311519324,0.7572355271884977,0.34296385754686926,0.5693535003769219,0.7318623867356968,0.23743715439706803,0.2573262631579287,0.2867690016885792,0.3942679371978296,0.564977108913383,0.42957715758943826,0.390789856272281,0.6854513584438827,0.6112342099068354,0.7227106987236193,0.6996489470382107,0.49300873208168405,0.6783979573019859,0.5389709115349757,0.5049735435112834,0.43420025299824155,0.4764405123336693,0.6329414722518845,0.3616476647059621,0.5635556709118892,0.5007990293046692,0.702721039437249,0.5815622642914896,0.5297011134377179,0.678157649293139,0.49307240301993976,0.4293388247305458,0.4702612256949192,0.8358251708077719,0.8962313178026459,0.5420152385432527,0.1393028558218837,0.8866746606069107,0.3208141716524851,0.6146876724016684,0.5484935191933314,0.694121583755402,0.5398148135595662,0.5205741034296435,0.7709326508487073,0.7040371134510801,0.7452057569335488,0.6452054169838906,0.8615561069159152,0.7477344400034919,0.4006981414183466,0.6685125588620775,0.4786429531780995,0.7098731004843375,0.511051344166907,0.5705598786073385,0.5896753639262258,0.6167645714139383,0.5591896118555603,0.511645536852483,0.8627180272002016,0.6463564738447491,0.6221684392805895,0.7958941686107195,0.5272657986539967,0.6433473518200017,0.43619484146773885
0.5625217137264258,0.29765735344807587,0.4957133115299209,0.4982186026255785,0.4159523596843899,0.3786246541622158,0.5697320034290057,0.0,0.5810242362918638,0.30558459255488457,0.6126917049897551,0.27764065088387735,0.39892703126688484,0.5132295667178467,0.25165705948515976,0.3226675252953332,0.15105944106040714,0.55021953487743,0.45356317600804397,0.3591959817847377,0.34259905141051766,0.39735301595025835,0.5956969227519944,0.7126009252725423,0.5694031808585018,0.4876343901876416,0.5583328972485568,0.4748990674975642,0.32119687234902417,0.28260596904622093,0.33463749672162957,0.38729558773349343,0.3803384164609155,0.43645858529111237,0.3314716516112765,0.5219996337086673,0.49084321723394625,0.4568402816171414,0.5861294103905665,0.43873422600796025,0.41863021040450654,0.467632503926005,0.6795730929617034,0.593731852862869,0.52358920825172,0.14858378564312896,0.7215098655460932,0.3679443149644877,0.5124940090816187,0.5188609706129447,0.5876557151261271,0.543317512203571,0.369387730570647,0.7467369259772001,0.6386147795000652,0.5895571218497018,0.42197699742636796,0.7579141614872,0.6438624838642106,0.2642670088880337,0.5046865808978425,0.5705327155190906,0.6461882481437636,0.338137650598602,0.3489369491857999,0.4531286522917844,0.4598870596569866,0.515781911539466,0.3874146896036228,0.7751561529834379,0.5077094836406701,0.4220175175401684,0.6582693759859624,0.427315911856448,0.5349624152213479,0.37470680215229457
0.4178662256446325,0.41381967907163614,0.36821444326530817,0.5589537443778645,0.4582988465869713,0.21221956603270056,0.6666008651142848,0.5810242362918638,0.0,0.24801140465700985,0.5687237235724854,0.09844517029556363,0.49702898308706456,0.4876128633839357,0.1800072454013519,0.058670064456855714,0.1615640686068595,0.21278827673707923,0.37876389503654606,0.26213395463447653,0.21132727409244415,0.39500118767880443,0.4058982714819852,0.579197943918549,0.5621004713289839,0.3375912162231095,0.4049762782084862,0.3083382953321569,0.3997062550833715,0.21681864550997293,0.2646888875506632,0.4819786647700332,0.38584231921197665,0.43415065329801666,0.4835862145070494,0.5008702702766772,0.5348357510561134,0.3780437742793568,0.5021887653367846,0.3681016753462272,0.3806781125814175,0.4256330972502967,0.6665329041631672,0.6346315772019931,0.463137124138397,0.33443866248858434,0.7711249789905537,0.2061853715290599,0.5234762486114293,0.4086177120632069,0.6744372549073963,0.4645343920782501,0.47359434629218816,0.5520362106931523,0.6162879047632238,0.6306923207255741,0.38859706074655814,0.7347081203529913,0.5710053699593699,0.2544292374575322,0.4731004960404946,0.3805567010837628,0.4335255980722375,0.36047979644992606,0.46365865444156673,0.40824491913118155,0.5323000826849889,0.4229976288525935,0.3947292584275083,0.7366732559888282,0.5048895985814518,0.46727847320852023,0.5767055097969487,0.31984048127853487,0.42367725218278507,0.3872001405914343
0.24512303501466287,0.21698470878608883,0.17558322679156693,0.48528309331922326,0.23378095267446772,0.08563364455308409,0.4190814311519324,0.30558459255488457,0.24801140465700985,0.0,0.25414423799092445,0.08285413581811851,0.2346576862108092,0.34853335236484306,0.15800500032529236,0.12955160429019452,0.1163899231143053,0.12973135240690942,0.22055663118170293,0.3896534911662909,0.11606515805939666,0.15842194472643129,0.18094089216971943,0.3450515804746976,0.26949892959022637,0.15199108823165022,0.1284479515356477,0.2525841944061401,0.09670466505902159,0.11971409237682801,0.21193067923942394,0.27943033671867884,0.31408218913786284,0.3045155208700082,0.2760975222056571,0.34991250595074175,0.2702291760306196,0.3099222546183502,0.3354753123078382,0.2774740495225497,0.3180359505700321,0.26842498590949715,0.42456582431413037,0.6582697906118412,0.37500970402813555,0.29863199987741024,0.595799141129046,0.12118744092335754,0.36944265849444746,0.3033446370031121,0.33297833949254185,0.3889417078974654,0.23481464927915935,0.3501979136653965,0.444248161127121,0.35436995382305747,0.22423469091488984,0.4445771760742965,0.48341335286306153,0.08003589973213537,0.2821989509319146,0.28046038403671203,0.31370767550961376,0.1901580060902085,0.0727626035558891,0.262268500880649,0.19367377198377672,0.15645742756841446,0.1728082997931521,0.391216776045866,0.1754530845650995,0.11307911980876659,0.36530627622352607,0.14385798711219588,0.15693026972709898,0.2902784892049984
0.4293178228334717,0.454646192033095,0.47587713259951725,0.6205393974664266,0.5584154335240736,0.34843496425456966,0.7572355271884977,0.6126917049897551,0.5687237235724854,0.25414423799092445,0.0,0.2551115212298919,0.5606239120953046,0.7044579588949874,0.25667524620776416,0.22090787522951258,0.25381646828261345,0.3449877586758183,0.5042522595683051,0.3160680110551703,0.42456827657001367,0.520473859394842,0.5946113119322223,0.6862019110553643,0.7373603990041183,0.4944608799688694,0.46525886422561913,0.5759469171266903,0.48836746102365236,0.3507412695128329,0.3631086831921954,0.5040395018230988,0.43947413848630146,0.4841939709475955,0.4972980871515409,0.6174887327469274,0.5199465888596027,0.5387657084404913,0.5823519720729642,0.5005179096891541,0.44500043013029605,0.537392233484019,0.7115850682754287,0.7408900462445105,0.5721453665940688,0.11679521295402132,0.7609861156292129,0.30266478757330945,0.566242547726983,0.6087074200839395,0.7314119832414758,0.6504056995735734,0.5489466337786532,0.6751320871892854,0.8472336717238276,0.7682659880799568,0.5038894286479634,0.8564827450095134,0.7416255001631862,0.37740076436132386,0.5156996667593785,0.5875177528934905,0.5892491280355521,0.479067169782464,0.5490992072424341,0.6987330281109927,0.628399931766852,0.5187566921294441,0.5570953916145852,0.8369053991356865,0.6610758612567113,0.5019318359602437,0.7717831756398505,0.5549264956759208,0.5799000943756701,0.45708849656379524
0.28611965036322845,0.12723147290267428,0.20202138224131705,0.3250138626501613,0.27148280597787033,0.24293672755356494,0.34296385754686926,0.27764065088387735,0.09844517029556363,0.08285413581811851,0.2551115212298919,0.0,0.2258523884198141,0.27163973405078157,0.1959169170699699,0.23591543954591612,0.2845977894057178,0.10555116832033556,0.01711303027667338,0.3341495936034299,0.1583229844036695,0.4027338793216822,0.07990721327461886,0.3371509799093628,0.22048859298304752,0.10699516726495242,0.07441655028601118,0.14826334715830053,0.40792444645164017,0.3335149813783435,0.14955956120304323,0.28531177082977693,0.2586158876164065,0.21630906211155343,0.2876403250602274,0.33565598854315304,0.281990213387186,0.15651050229439278,0.27208603441365387,0.22848301839450685,0.2666379187526312,0.28682416836586677,0.24362548266442022,0.4145287366976043,0.23849495928924264,0.05859062474225665,0.28293210170989014,0.027669083606944922,0.32298797317312766,0.182403727362698,0.23656725695592018,0.30123353513956774,0.17503816968149016,0.1994720085942639,0.3541286140202086,0.1542075560139774,0.22956992346601282,0.41580765211714404,0.24704115281129263,0.03331589685271935,0.17388828143973198,0.17549304354249212,0.19172201292604849,0.10187575765491508,0.03177569511554418,0.24726806439269275,0.11175227003382071,0.06729097654996452,0.17714794702054432,0.35440345563462405,0.11246805479379057,0.1375023565842242,0.2630915470270559,0.09468706256265966,-0.0015885364273694469,0.20423441657944746
0.41767649789859695,0.3757228778107427,0.3914633324678198,0.49940580785648503,0.3691890170530089,0.25793946621056896,0.5693535003769219,0.39892703126688484,0.49702898308706456,0.2346576862108092,0.5606239120953046,0.2258523884198141,0.0,0.48009860579225594,0.12561440582551917,0.15251762650259693,0.18028443520375648,0.2562891613667809,0.29489793888519444,0.1978339936683816,0.3048565759256463,0.4352865795981884,0.428155703900709,0.548647769771211,0.5739557083964718,0.364344004144533,0.5451910564938504,0.3782923661762213,0.3270817534427089,0.2828409283516734,0.373386534454516,0.44042842521034564,0.3534781698190917,0.4413609464029815,0.45246945026530444,0.35212365673407586,0.42562950674638156,0.35135151945061727,0.4100859743330809,0.2923315434431474,0.38515858287749305,0.4138304266527604,0.42748053375070205,0.6647652167123591,0.4898635082216758,0.20468842600622528,0.7236575513802788,0.21117148947775127,0.5703165210432374,0.4222675314519526,0.5968847194349969,0.5083283136571873,0.36653259388086024,0.6687422422616199,0.6318517734297313,0.5498026200154877,0.42539332100389105,0.7450690870354507,0.6084852009303995,0.26796996135799156,0.4566544503483234,0.4913316118902923,0.4455167915443822,0.33138052211347835,0.43376873536678734,0.5265131107168907,0.538696134569812,0.4380264360675759,0.4363417753426384,0.6947251421288864,0.4974248635676017,0.5745139661678655,0.5707902381294792,0.3002923607553167,0.46275415713567625,0.3438482871819212
0.2639184329315464,0.44787444692992123,0.4199658327790564,0.5479830332061646,0.6037899119285618,0.28896242909510866,0.7318623867356968,0.5132295667178467,0.4876128633839357,0.34853335236484306,0.7044579588949874,0.27163973405078157,0.48009860579225594,0.0,0.22087300512784347,0.33160030997430395,0.26216748259981204,0.4238075846329044,0.34325090259927876,0.2757608271446117,0.3726344375895324,0.4666229988426882,0.5402402517803898,0.6760459602369023,0.6934702022689563,0.39594355929497915,0.44953942679965064,0.49927961626033984,0.33121939179416826,0.25283814672705124,0.42981220047154145,0.45406514629536093,0.532817781788439,0.6398617058734248,0.4914603510956324,0.5445818121596908,0.5430644313052343,0.661088040766624,0.5590978496115325,0.5860119312093524,0.6101871405542678,0.4596092802807969,0.7350300339561526,0.8626373702145163,0.6873090034471292,0.36523544872066466,0.777649826573135,0.29486686557593383,0.5923481910890811,0.6587206235259574,0.647704677050824,0.5735181426954054,0.5072396191058723,0.7357091485713563,0.6224545125318887,0.6391978395175534,0.5009286638871153,0.8633140577681522,0.7260476679830283,0.28604818647159624,0.4234732946261482,0.41253496592757466,0.6659011654027612,0.4603518766488479,0.4785523060057211,0.5403715981389727,0.45774031176417795,0.479461627280754,0.4905973689445157,0.7774431132838726,0.531831101328136,0.5535713825130401,0.713469101963386,0.4556297227158786,0.5071399471840962,0.40701498197045366
0.3001507151640238,0.08374220695878926,0.06833154584275666,0.10455164269450243,0.1348308010306684,0.015496329753765858,0.23743715439706803,0.25165705948515976,0.1800072454013519,0.15800500032529236,0.25667524620776416,0.1959169170699699,0.12561440582551917,0.22087300512784347,0.0,0.16326760866296844,0.36387183657827327,0.4003814062082962,-0.015718686032159868,0.38742292949489276,0.06372958847221427,0.3330713049470607,0.09364558730933345,0.3273087256465016,0.12498216371384341,0.07437788693879091,0.1250092849072288,0.07364996018935535,0.30239678439846335,0.2393953357075575,0.06338297490858016,0.13895750545348362,0.22529256267003314,0.18189729140297517,0.2053510182918477,0.17510527878180274,0.2962061212994884,0.25068674177250566,0.12954817360250603,0.17534686177306882,0.16666024747860683,0.19155545395814616,0.2774103865384426,0.5065589830962731,0.31831849496539183,0.31907913751869155,0.31144328087916784,-0.005247973192961608,0.366072664710826,0.1313136067651761,0.24172399325121044,0.13808561323489277,0.2036930382884686,0.1708192129831898,0.3853516353146911,0.169561464394209,0.13619503670116945,0.33613244233327744,0.2614023461258529,0.05976107869435893,0.16471627240362874,0.08761382103539311,0.15576436615271821,-0.0037159348732055675,0.140936390963627,0.16248493056371904,0.15494018082817143,0.0857168632162763,0.17849920482482118,0.3056880095338207,0.16401426337726197,0.10067508559017355,0.1977650773405192,0.03523682807127654,0.21656041348731173,0.13137423136512943
0.21716114499187247,0.05491790380165418,0.08476997831792266,0.34183363067042366,0.26803110112975703,0.24739064223986684,0.2573262631579287,0.3226675252953332,0.058670064456855714,0.12955160429019452,0.22090787522951258,0.23591543954591612,0.15251762650259693,0.33160030997430395,0.16326760866296844,0.0,0.23124709467561508,0.049448326629106254,0.04190842254292565,0.2453513143612051,0.0856955201127394,0.27052076685966164,0.12251040664398077,0.23543509798197826,0.1774069386816468,0.059406832100395435,0.014798777430883814,0.14632494322388578,0.278420886827748,0.2800372160571077,0.10539704553430748,0.19752107401835148,0.364671210910849,0.28554070090216693,0.25714912614857366,0.3482232960293021,0.3973155220130758,0.3718582910056189,0.2332868424192784,0.4397139623437302,0.38578535171412454,0.3806929696711429,0.5199716706253881,0.5598453525867859,0.42255332426055564,0.3027198055044391,0.28179310828922205,0.06968218196052012,0.4221608856783212,0.2720975547740636,0.19405012517491738,0.25277918258077603,0.28078066075365066,0.18649409048985646,0.3524889999032501,0.2496936302600064,0.19281398204875275,0.35216725159167994,0.38296267265430806,0.10910961640270839,0.15383623798645987,0.09014099542942716,0.1897075651762189,0.18256709844229613,0.03509251753174428,0.17858738658118437,0.0324572786074277,0.14519596919208552,0.389445782529584,0.22112778566116736,0.0989116613529995,0.2572496229154872,0.18297613875930208,0.03401549517288771,0.1809908808806492,0.13875156852627696
0.4001003577700838,0.0770523876106432,0.23875931264968506,0.30189230838505055,0.171633190162357,0.33249685070706514,0.2867690016885792,0.15105944106040714,0.1615640686068595,0.1163899231143053,0.25381646828261345,0.2845977894057178,0.18028443520375648,0.26216748259981204,0.36387183657827327,0.23124709467561508,0.0,0.41680729998219057,0.17168806837189446,0.34825875429959724,0.03902869422945704,0.35764620583711837,0.07377237351915628,0.05339657266744047,0.22950031587623534,0.32041493623075185,0.38056991737850177,0.0860077021779524,0.45321604862420845,0.4198678329882668,0.0665599575311544,0.14460284898991438,0.21996958045644904,0.12236859102643441,0.21590183768782018,0.28966100158088803,0.3017071576533986,0.1978843842970794,0.10828194087475806,0.29222889518352096,0.15543941153720212,0.1455079131894768,0.3143205628234472,0.5096752058546755,0.17516248590446434,0.46656208344729194,0.23794771073043494,0.2499453825735151,0.2925578303730815,0.23391252462303092,0.17580312673158258,0.24745095382283167,0.11066566520450954,0.18913511998069604,0.26865255426462425,0.2387206586072079,0.4261586026844019,0.3145675013069579,0.30077701206669843,0.2643570032350896,0.12635435974806503,0.18920508937738884,0.17377136582667885,0.08268588758064349,0.2851256781889718,0.093403186944228,0.10323651578252777,0.34574446943724146,0.4325666829130836,0.22801162534334074,0.4856792819379663,0.44550696692271297,0.1327719867147345,0.05310827258981282,0.08449968762155452,0.10059912756469963
0.07066545895086113,0.26058082412081757,0.24208060398287531,0.3032083693225591,0.5311582726712852,0.09644895520769883,0.3942679371978296,0.55021953487743,0.21278827673707923,0.12973135240690942,0.3449877586758183,0.10555116832033556,0.2562891613667809,0.4238075846329044,0.4003814062082962,0.049448326629106254,0.41680729998219057,0.0,0.1822446600613617,0.3095728750571828,0.1449016202946879,0.0920862319307201,0.18781736951528688,0.32784900812653145,0.33051462216660943,0.17883562883608778,0.24472239788582628,0.25312720148909046,0.43903362429312837,0.29954971792011575,0.1833478986938262,0.46364699954909017,0.4662516304034245,0.37547008041888175,0.3624814743372245,0.4073394111101578,0.5211494013893367,0.545374482217117,0.4998437895861841,0.6258967404015482,0.46326379037523735,0.46558781673806476,0.6747786254398944,0.6686968793027395,0.5350964762426373,0.4095603850794098,0.440817876049428,0.07223623115489974,0.5000603225626088,0.37595127665152694,0.40493669910724256,0.36928704840806514,0.43447541913744214,0.32889466076134977,0.5623264852503315,0.41623929023115713,0.12732103265936967,0.44188595024560673,0.5058483061245688,0.05362575021342769,0.24376611371079515,0.32574614408612346,0.37580826137650086,0.2531712730710185,0.17323483190425235,0.2785146512886985,0.13784893632601483,0.21056291249667378,0.16552372462924944,0.44437776446703114,0.16361287275429381,0.10023840480520863,0.29942057335090094,0.14983177755296487,0.31906523366386874,0.24965902515343227
0.1912253159002113,0.18221919810190712,0.23404010321264682,0.34477662408167753,0.3542836235505257,0.130645344190587,0.564977108913383,0.45356317600804397,0.37876389503654606,0.22055663118170293,0.5042522595683051,0.01711303027667338,0.29489793888519444,0.34325090259927876,-0.015718686032159868,0.04190842254292565,0.17168806837189446,0.1822446600613617,0.0,0.09564315883106014,0.19515255777845525,0.22855552221599285,0.23119488582740466,0.5233424279667961,0.5568882276012375,0.1754601953208242,0.2074923771378684,0.24981303848626177,0.11503262244615184,0.4382450127074043,0.15697927121235014,0.3122724709702861,0.4045605733529815,0.3136811239875827,0.33636009824649976,0.48114552238549996,0.39428011807515456,0.2767055313819883,0.3652623369196939,0.3651039967488248,0.34728471509474007,0.37019067243255055,0.5307377196636803,0.6662444429380077,0.3652785138045456,0.32521391558114027,0.5870382140304659,0.07432496407967593,0.46604958556799286,0.34101685307958585,0.5748828996657924,0.33884667995361145,0.2992259322446597,0.4511454793118906,0.624076596725712,0.44629444204998764,0.2372363833026691,0.618539314737847,0.439189892085759,0.08217043690856352,0.44446216753373474,0.3359087342882103,0.418353532941691,0.225181383250519,0.18880372220360542,0.3070116647299025,0.33350764381141035,0.25430665235652233,0.21366567203805073,0.5301010562861994,0.29187781909971483,0.2878610941711691,0.5426837226921915,0.22204870287792708,0.14296947321978015,0.2519963086571936
0.3265193833555409,0.3974090674785541,0.19488376539566832,0.2581591485350585,0.23105850227124666,0.07346263114116178,0.42957715758943826,0.3591959817847377,0.26213395463447653,0.3896534911662909,0.3160680110551703,0.3341495936034299,0.1978339936683816,0.2757608271446117,0.38742292949489276,0.2453513143612051,0.34825875429959724,0.3095728750571828,0.09564315883106014,0.0,0.177636289574954,0.36652611890280284,0.23234168229064156,0.26270912253428713,0.23876660297334593,0.17388123176074677,0.19680768347629607,0.13515401164583857,0.4253227370992726,0.2646345689270686,0.12644613783669525,0.2590145307417005,0.3714340489271701,0.43024852824329723,0.41777817575589365,0.3084607384674598,0.42222949156061246,0.34677996909719766,0.2899689680033219,0.3919169277713359,0.3094227711703402,0.46622735588621306,0.36141382050358906,0.47519170262897076,0.36095686741796107,0.4235203668428426,0.3745342094953301,0.2975324544683745,0.3845152076429726,0.2466476606365049,0.5154208063063838,0.24800604609918134,0.2950342653120331,0.4308508847164999,0.4030577080984606,0.4090464095221082,0.3666642301150872,0.4262203245933351,0.3226142951956942,0.22112886648081187,0.3688307618690565,0.24097783122650013,0.32435087554386777,0.09907621491745985,0.1551746946239057,0.23878304919150292,0.13166127571484537,0.1061923747025803,0.15993837113941156,0.3717095064254096,0.23484194117137414,0.058573542859078565,0.31877642257362104,0.13878888575528958,0.2625347257430322,0.17939087858334118
0.3398380553009666,0.3111878224136463,0.29922528318038705,0.3697926646537576,0.28505219721479463,0.17951703607348507,0.390789856272281,0.34259905141051766,0.21132727409244415,0.11606515805939666,0.42456827657001367,0.1583229844036695,0.3048565759256463,0.3726344375895324,0.06372958847221427,0.0856955201127394,0.03902869422945704,0.1449016202946879,0.19515255777845525,0.177636289574954,0.0,0.23793380638099315,0.28748332742259686,0.5337764673082805,0.41437329481738866,0.23171165147910727,0.21641290934803842,0.262468130035487,0.146052706245763,0.31103843331296166,0.2493599088926534,0.3161278784327229,0.20708888532771128,0.20468540158454426,0.28428458888975616,0.4051837335243833,0.35926565658352627,0.3547986912445784,0.3766552992859009,0.19196360964536247,0.3190397742115576,0.2838169874210363,0.48467285669148846,0.43811013175222835,0.2817006704344429,0.14613772696559102,0.5954225590080369,0.17585454395111985,0.3898925231173667,0.379790931769647,0.49108781765582976,0.44632309436382633,0.36664780418579274,0.5355348973715321,0.5173796501548809,0.4061565604444929,0.3520753010869453,0.5257496261324844,0.3751536505361095,0.1882851040500374,0.40257303165081143,0.3251154645470098,0.4658286578655029,0.2737456462187604,0.38820886886363704,0.4369954055404544,0.34353267868383214,0.3352045999702413,0.3018733110427946,0.5048394212842517,0.30262501562446287,0.3433695204772229,0.4790363697145589,0.21944037373578848,0.2708041132965734,0.26838067521422193
0.13620430156107843,0.1674667619055341,0.3678619584633979,0.484849323490152,0.45623086981024663,0.17849273537878785,0.6854513584438827,0.39735301595025835,0.39500118767880443,0.15842194472643129,0.520473859394842,0.4027338793216822,0.4352865795981884,0.4666229988426882,0.3330713049470607,0.27052076685966164,0.35764620583711837,0.0920862319307201,0.22855552221599285,0.36652611890280284,0.23793380638099315,0.0,0.3358393824627442,0.4112328909490372,0.2977462355719394,0.26364424026601707,0.30419560670442936,0.34652149875090327,0.045325618893575115,0.32591049830344265,0.22559824326466574,0.3962584033858699,0.5075872820138851,0.38628337958968945,0.4068285099244179,0.5244407359422627,0.48320446657461347,0.40238514402545766,0.41679631916935167,0.4935682278147069,0.3827869928909105,0.4055438672543245,0.7363131851415092,0.8005764836266078,0.4264629397886379,0.39252211879955823,0.5441258740576683,0.13949598529812945,0.48973720230409334,0.4495042099942933,0.6298929215245067,0.4496908657674691,0.3370209895232886,0.5609681633988176,0.5640054357050632,0.6186243689129548,0.13138774912668286,0.655935221086026,0.5763392987173018,0.11133172487890555,0.3340019142653451,0.3319479646758766,0.41124527724406096,0.27104782679732886,0.20174678497865928,0.3070397242307892,0.27673641834052776,0.24964323698811403,0.18522504722772914,0.47187866527823535,0.26983927557461235,0.2294507446826386,0.3670509301244424,0.22646348402732158,0.19805968404192664,0.2491286967297811
0.4715249458242474,0.3271092803847105,0.44064717037466,0.46696900313245393,0.4576883999179427,0.24442622444592993,0.6112342099068354,0.5956969227519944,0.4058982714819852,0.18094089216971943,0.5946113119322223,0.07990721327461886,0.428155703900709,0.5402402517803898,0.09364558730933345,0.12251040664398077,0.07377237351915628,0.18781736951528688,0.23119488582740466,0.23234168229064156,0.28748332742259686,0.3358393824627442,0.0,0.650433930714507,0.5901461987286452,0.32114091123316046,0.3143796961723266,0.3935431421103356,0.20417835975333615,0.38226843260669163,0.30091621663774076,0.5271195238891299,0.4670082047554684,0.4637548161130064,0.40062723606200007,0.5918763442818591,0.5844401841237608,0.469867664209412,0.47783339079090836,0.423870746857883,0.4730225379886301,0.48367445616038474,0.6844938471826894,0.7491618646386706,0.5022486124600993,0.3717266539518033,0.6828978612509196,0.1664082269867938,0.4922544184912152,0.42424520932170734,0.6323442814092448,0.4527048976673583,0.41916223802104147,0.6122429469021368,0.6916187021258446,0.586726893552938,0.41880854302547765,0.6629233809298136,0.5860336530523098,0.17783823919219638,0.5107525506883955,0.3493403163576839,0.4713075393259033,0.34751994325644675,0.406098488135584,0.5044874904596093,0.5112027687304109,0.3836407302468637,0.3694685845727492,0.5620074887429967,0.3860881811634867,0.20047451943724176,0.62247291611718,0.24849410916845813,0.2587605804773341,0.2754972402137613
0.5758465366257243,0.47249014073750734,0.5862480097505267,0.5047151239617622,0.5839687933453654,0.43246878004525324,0.7227106987236193,0.7126009252725423,0.579197943918549,0.3450515804746976,0.6862019110553643,0.3371509799093628,0.548647769771211,0.6760459602369023,0.3273087256465016,0.23543509798197826,0.05339657266744047,0.32784900812653145,0.5233424279667961,0.26270912253428713,0.5337764673082805,0.4112328909490372,0.650433930714507,0.0,0.5415871689237757,0.5002381761891617,0.6048468479335463,0.5108535723126,0.3546336051221806,0.07305969031840989,0.4580456320711448,0.6289681698347299,0.5558089096576209,0.6501269642756032,0.6032236680254477,0.7161673681323719,0.5913231442836104,0.6112388793615171,0.6235643045025299,0.6114488353895648,0.6162911304398918,0.6128732389166831,0.7141140784456267,0.7398390679091889,0.6076231216201367,0.24255893585669563,0.5865472119902135,0.47580655791694004,0.6866865140747446,0.5787823639507597,0.6742360844850925,0.6936774588796698,0.5128725078422972,0.6899870269370434,0.6778400959467933,0.7239179239740487,0.52961416178225,0.7138948226023075,0.6100641951412338,0.3875362105133794,0.40722445648598554,0.31654427676900704,0.5245346256983274,0.5253293616221613,0.5275184157940787,0.6509476998912651,0.42969415869574695,0.6083860591327974,0.47659285513946187,0.6318097857185785,0.4836438171072054,0.4260341147577952,0.625099874773848,0.3165881006440061,0.4620294904311565,0.5686342075697683
0.32857062976692025,0.40562440898992397,0.5991217948203557,0.6071276948472099,0.6572134368247431,0.36792993060039764,0.6996489470382107,0.5694031808585018,0.5621004713289839,0.26949892959022637,0.7373603990041183,0.22048859298304752,0.5739557083964718,0.6934702022689563,0.12498216371384341,0.1774069386816468,0.22950031587623534,0.33051462216660943,0.5568882276012375,0.23876660297334593,0.41437329481738866,0.2977462355719394,0.5901461987286452,0.5415871689237757,0.0,0.4150837370715306,0.5776708063836693,0.49131452494598626,0.22131026760309983,0.12784755172631806,0.43163504619172693,0.5999829199641971,0.538365126960087,0.6160650762051378,0.6294465559487767,0.7491981940203507,0.6351746748389393,0.6725635001917785,0.6478520475960486,0.7196138784942798,0.5641035431666868,0.4978919032182284,0.7315825645498671,0.7603790226957357,0.6187407092981458,0.3460358395654684,0.7404487499032246,0.3486569448068381,0.5896857685666809,0.49454532637820203,0.8116508952745107,0.5086186192155668,0.4625504229123709,0.6668723235890425,0.6159114369339567,0.7048883419188172,0.3705691795168559,0.7085787640508804,0.6121173494237323,0.3530238674398739,0.49382189404988197,0.47290940963834965,0.5530191584602897,0.5299797630142367,0.33482373856043973,0.4852732877823634,0.41823843155870977,0.4555656871380759,0.2685759231838287,0.6853822590035761,0.41738039174941843,0.4157109913925044,0.5174324653426585,0.31752337986121215,0.39880111799299794,0.45727125369540794
0.3801602508456619,0.26086955637109815,0.32886013277954396,0.41521659317247234,0.2970793086928696,0.16734054502296275,0.49300873208168405,0.4876343901876416,0.3375912162231095,0.15199108823165022,0.4944608799688694,0.10699516726495242,0.364344004144533,0.39594355929497915,0.07437788693879091,0.059406832100395435,0.32041493623075185,0.17883562883608778,0.1754601953208242,0.17388123176074677,0.23171165147910727,0.26364424026601707,0.32114091123316046,0.5002381761891617,0.4150837370715306,0.0,0.28751482988521365,0.353840883351915,0.18389762055777314,0.39855691041153496,0.2473593877374704,0.37594349906261415,0.37070132749342927,0.43713435568978126,0.461878688733131,0.4516147996712746,0.4456018309465048,0.3465366585764614,0.3447424599085374,0.32770959803328337,0.4118033917048316,0.3416636858708126,0.4631775384947804,0.641421299980261,0.38785370274817843,0.06257668112100806,0.5582934478448675,0.20999200302949536,0.4675740263396646,0.32433505838725507,0.5740516706235756,0.3901187231194326,0.31845244068793777,0.48579391057823496,0.5840042212116248,0.47197454689525625,0.3441176513938228,0.6119460919187573,0.44250788303365735,0.15398590415916452,0.3949712029291659,0.3795774494228886,0.3446333477173313,0.26662940032523536,0.3362078791636568,0.42227230948011224,0.3273210013493352,0.25443509111427753,0.34367718155685945,0.5029103665653013,0.325389930338158,0.3129535434926959,0.48900267611659864,0.1661192704709605,0.254295115697545,0.2394087634386488
0.3251512905282144,0.33780729140322524,0.3653093882945173,0.4342718242806089,0.5113228446818929,0.20430265052237961,0.6783979573019859,0.5583328972485568,0.4049762782084862,0.1284479515356477,0.46525886422561913,0.07441655028601118,0.5451910564938504,0.44953942679965064,0.1250092849072288,0.014798777430883814,0.38056991737850177,0.24472239788582628,0.2074923771378684,0.19680768347629607,0.21641290934803842,0.30419560670442936,0.3143796961723266,0.6048468479335463,0.5776708063836693,0.28751482988521365,0.0,0.44346714093489087,0.24858801630806424,0.2131245069706522,0.3564212717725295,0.5270900251532232,0.573016092907326,0.5544467995024385,0.5739704295679553,0.42113718869190914,0.5338012593159547,0.47114740558764473,0.5201039318369421,0.5392111823874495,0.48084822838820757,0.6028619519929265,0.6791247275180314,0.7243705898212287,0.5908589511856888,0.4458079014954702,0.6952016357221817,0.14146929383389795,0.6218552998450613,0.5189102754520922,0.6001045459598281,0.49020790682261944,0.44272763021956213,0.5529788023619022,0.6194664735705278,0.566763336965057,0.40960295654153617,0.6790718697072087,0.5700233150504354,0.3442653306252392,0.5206639835262841,0.3628770282530112,0.46460970751892905,0.3563050867503257,0.4779652751829233,0.5243390952746444,0.4872918860149332,0.3499874659778176,0.4889853572744727,0.6360986672243295,0.4943507718266697,0.3573678206831706,0.5459845130462649,0.3420194018542655,0.23490537596279853,0.5089848074583342
0.2718063839890396,0.2682543189322626,0.32658025219946574,0.5542086321957325,0.41653428762454203,0.10903104994438872,0.5389709115349757,0.4748990674975642,0.3083382953321569,0.2525841944061401,0.5759469171266903,0.14826334715830053,0.3782923661762213,0.49927961626033984,0.07364996018935535,0.14632494322388578,0.0860077021779524,0.25312720148909046,0.24981303848626177,0.13515401164583857,0.262468130035487,0.34652149875090327,0.3935431421103356,0.5108535723126,0.49131452494598626,0.353840883351915,0.44346714093489087,0.0,0.2949386534650004,0.21138723869488937,0.35255427336477163,0.4269807372238039,0.35754601313425327,0.44396359190686674,0.3954006322646663,0.34775230475063007,0.35523494570263403,0.34993488103121195,0.47239040006115957,0.4120033423299583,0.36085187023981335,0.40452723514454964,0.5516846690845897,0.6542410425643449,0.46376809321721985,0.39247994649275497,0.6473431290060722,0.2735766749887666,0.5132950254313632,0.3810505253229205,0.6252596893322935,0.5001175944884889,0.41613580219718915,0.6138038226862197,0.6424796039923196,0.5894928169336768,0.4097192150546219,0.722007123326599,0.5704030947801345,0.2182682392290382,0.3779146084507881,0.4443837407603273,0.5535898941778441,0.31748201262903114,0.39036372229918703,0.4395872874709154,0.4725139806057047,0.26454507154562434,0.4017092596927957,0.6817635050361215,0.4059242229597509,0.4797118452527485,0.6037782531409593,0.3554313844178371,0.3790532882730394,0.26327131658271913
0.4460228901931934,0.19980034481842873,0.1988500169266939,0.3896891919310187,0.3727421202234345,0.0915661838549322,0.5049735435112834,0.32119687234902417,0.3997062550833715,0.09670466505902159,0.48836746102365236,0.40792444645164017,0.3270817534427089,0.33121939179416826,0.30239678439846335,0.278420886827748,0.45321604862420845,0.43903362429312837,0.11503262244615184,0.4253227370992726,0.146052706245763,0.045325618893575115,0.20417835975333615,0.3546336051221806,0.22131026760309983,0.18389762055777314,0.24858801630806424,0.2949386534650004,0.0,0.30796636442426595,0.12478770981260467,0.35940285237745295,0.2761845831057713,0.33947821147297846,0.3276622763403538,0.33789004549718954,0.30905027203498725,0.23873921730999792,0.3737133322391459,0.3514319198247767,0.23912865715960194,0.31534582600622507,0.5094052572645552,0.5828364371552831,0.3220212390882906,0.3826383123080373,0.498695541631783,0.44652055915932065,0.38295919018076735,0.30575952658928907,0.4523174721257816,0.3101984413717075,0.25250870535646575,0.49834285601681205,0.39153569384125575,0.43004181942991615,0.26848751898174394,0.5442405363799391,0.4863595004520056,0.09523003527576873,0.3629103751077448,0.285594042018087,0.3979727897823587,0.12104905000060745,0.1868592610357301,0.2778529261317765,0.20119727618145916,0.14730485544353036,0.2008008983771298,0.478221752956891,0.23719442976170335,0.13730934492510138,0.42790333400518493,0.21558933153856738,0.034735194015877824,0.23075340621919838
0.40215721912859065,0.3209116174106524,0.40579080639694176,0.2972090912675137,0.3247150089061927,0.30565531114142847,0.43420025299824155,0.28260596904622093,0.21681864550997293,0.11971409237682801,0.3507412695128329,0.3335149813783435,0.2828409283516734,0.25283814672705124,0.2393953357075575,0.2800372160571077,0.4198678329882668,0.29954971792011575,0.4382450127074043,0.2646345689270686,0.31103843331296166,0.32591049830344265,0.38226843260669163,0.07305969031840989,0.12784755172631806,0.39855691041153496,0.2131245069706522,0.21138723869488937,0.30796636442426595,0.0,0.24854108208524633,0.2909184620161714,0.16385278311842963,0.2553650180178433,0.2714185585154826,0.3735899885123369,0.2780043799011062,0.2333686330195494,0.17886938224580967,0.2203096238343868,0.17659263694991784,0.2309824943226798,0.36569656244675974,0.5016214761874829,0.19084353991292208,0.30770080248229115,0.3160148269312856,0.39542973598112713,0.3329541079327229,0.33579695851418073,0.21119371926955566,0.3483581919121803,0.20569615621351692,0.26819810578277614,0.4084092975612227,0.4000409150443776,0.42362986562691785,0.46177999026006783,0.29435062341204454,0.42590685474333967,0.5033244794060656,0.28235435328471276,0.23022944472302875,0.23968740974793679,0.2499390296578116,0.35409381501785053,0.30571855015426574,0.3360964252358251,0.3466497466660512,0.255979278800505,0.33151287579369115,0.2573434015375257,0.3213052201606114,0.29536185689008443,0.1256325621915749,0.4353358833443488
0.5289007896817621,0.28033104114178736,0.2619592351888427,0.5257869265004322,0.3474359766881707,0.14101095659481264,0.4764405123336693,0.33463749672162957,0.2646888875506632,0.21193067923942394,0.3631086831921954,0.14955956120304323,0.373386534454516,0.42981220047154145,0.06338297490858016,0.10539704553430748,0.0665599575311544,0.1833478986938262,0.15697927121235014,0.12644613783669525,0.2493599088926534,0.22559824326466574,0.30091621663774076,0.4580456320711448,0.43163504619172693,0.2473593877374704,0.3564212717725295,0.35255427336477163,0.12478770981260467,0.24854108208524633,0.0,0.32050750402607253,0.3580276534585414,0.28646074395004745,0.4355948824387557,0.31853618989301086,0.4663936768100091,0.3952969424611099,0.2839361335048711,0.37227645266658316,0.4142103862216478,0.32570848828053056,0.4698451916489454,0.6399823368157022,0.4172709659076517,0.02245437370333836,0.6717339641945796,0.14769823404564528,0.429783148957696,0.3303268781824601,0.4595578918438217,0.3547238700263221,0.2953091660998387,0.43388994817850446,0.6059756968853416,0.41360775562045643,0.41871234457310524,0.5884801734792842,0.3674827180006838,0.16259534505817747,0.38165688382964735,0.3135487566123964,0.3762269067099593,0.23099221943708187,0.36172942584384976,0.37563359682954167,0.3370728248282833,0.2154312795171084,0.2793468167265549,0.5466222152082648,0.34557635766556327,0.3454738943433341,0.4365650807346065,0.24983238407321673,0.2403915684493313,0.2995738228096971
0.5097631749271812,0.3992580641170873,0.37293223175956525,0.5365964614453528,0.35930658112647607,0.40846906778646364,0.6329414722518845,0.38729558773349343,0.4819786647700332,0.27943033671867884,0.5040395018230988,0.28531177082977693,0.44042842521034564,0.45406514629536093,0.13895750545348362,0.19752107401835148,0.14460284898991438,0.46364699954909017,0.3122724709702861,0.2590145307417005,0.3161278784327229,0.3962584033858699,0.5271195238891299,0.6289681698347299,0.5999829199641971,0.37594349906261415,0.5270900251532232,0.4269807372238039,0.35940285237745295,0.2909184620161714,0.32050750402607253,0.0,0.39164637593158613,0.40516505446162215,0.40795959966602907,0.431917864176682,0.4183940909146754,0.4319854011258467,0.38771546474599966,0.4506498596605736,0.34124729329107995,0.3969073304565658,0.7080252107469219,0.5605111200380357,0.4716527815107366,0.20500623215954145,0.7689768487196431,0.31463714092606965,0.46096182692322557,0.47574292271939667,0.6637754424292281,0.5078939144765757,0.4134592772284609,0.7195926080554821,0.6712961719092225,0.5352741153604912,0.5343252344528857,0.7660943031697686,0.6545489476888869,0.34901635562324274,0.45476941534700543,0.4484464978994924,0.54631184468264,0.44739224524619886,0.4331281100556434,0.5545594445553089,0.4746854600672137,0.48428784203069575,0.46641785619360887,0.6799786147208763,0.5135461048089482,0.4774735917484303,0.6316283306713585,0.3989286796589679,0.4786688687845257,0.3753232190058112
0.5350736151581134,0.4254836637486046,0.3214857497510815,0.4912211388483678,0.2948521273592781,0.20245951006299268,0.3616476647059621,0.3803384164609155,0.38584231921197665,0.31408218913786284,0.43947413848630146,0.2586158876164065,0.3534781698190917,0.532817781788439,0.22529256267003314,0.364671210910849,0.21996958045644904,0.4662516304034245,0.4045605733529815,0.3714340489271701,0.20708888532771128,0.5075872820138851,0.4670082047554684,0.5558089096576209,0.538365126960087,0.37070132749342927,0.573016092907326,0.35754601313425327,0.2761845831057713,0.16385278311842963,0.3580276534585414,0.39164637593158613,0.0,0.412908888136718,0.30096089161681955,0.4196360103217748,0.32784763129655037,0.34148925863256435,0.47653674554317416,0.2971217207341408,0.2768909693440649,0.3182709730332466,0.5595508745815819,0.6964759384046744,0.5504161643868051,0.17658610618510584,0.780909510029254,0.2599387616264969,0.49216212824289446,0.23514500422218618,0.6778754076833771,0.4358536974237893,0.31752335876952914,0.640807923473296,0.6231417468094664,0.5312762652674781,0.5193535554534505,0.6991227567482016,0.4656028166605865,0.28992843987171635,0.4972041011995353,0.29448540325700523,0.48241842298700444,0.4294288146361479,0.5489504122331099,0.4969938883303227,0.4882154126698553,0.4197437043101818,0.35202243946762013,0.6546446035731439,0.41524100861414054,0.5367910865120171,0.5646583390068894,0.3553296469949134,0.44800119790700216,0.27839704559073764
0.6353346964623835,0.4442354820413127,0.38173991892043563,0.6001579592944564,0.36618612156026614,0.18356218256667792,0.5635556709118892,0.43645858529111237,0.43415065329801666,0.3045155208700082,0.4841939709475955,0.21630906211155343,0.4413609464029815,0.6398617058734248,0.18189729140297517,0.28554070090216693,0.12236859102643441,0.37547008041888175,0.3136811239875827,0.43024852824329723,0.20468540158454426,0.38628337958968945,0.4637548161130064,0.6501269642756032,0.6160650762051378,0.43713435568978126,0.5544467995024385,0.44396359190686674,0.33947821147297846,0.2553650180178433,0.28646074395004745,0.40516505446162215,0.412908888136718,0.0,0.42949718296621464,0.5907298966113799,0.5674927754799137,0.45735882068819894,0.41149792692204806,0.4726108550983089,0.41927433019018717,0.425590544079773,0.6657713900331682,0.8435638342533238,0.5297297348297703,0.12079504220967768,0.7993831777654671,0.17691797419769525,0.6141445515755987,0.3925036969044248,0.6833799396197053,0.4053018348767929,0.4425234378203906,0.5072504191578704,0.7782392471343689,0.5786556489495918,0.47638218660546416,0.7600137839773045,0.5204450411972035,0.41573869932155816,0.4505153630087728,0.3998277689690951,0.5565017264916802,0.5133747951832109,0.5179069733813276,0.4185630257752607,0.4798632705036359,0.5460476039237271,0.4310400514783005,0.7135861654403857,0.48903429941265236,0.5722508406176641,0.6266005972546844,0.38079819854225655,0.4589585703378605,0.3352866925074651
0.4681017155192524,0.41300483826963547,0.3614554820758483,0.5392016389487849,0.41566399540139365,0.3167401671258872,0.5007990293046692,0.3314716516112765,0.4835862145070494,0.2760975222056571,0.4972980871515409,0.2876403250602274,0.45246945026530444,0.4914603510956324,0.2053510182918477,0.25714912614857366,0.21590183768782018,0.3624814743372245,0.33636009824649976,0.41777817575589365,0.28428458888975616,0.4068285099244179,0.40062723606200007,0.6032236680254477,0.6294465559487767,0.461878688733131,0.5739704295679553,0.3954006322646663,0.3276622763403538,0.2714185585154826,0.4355948824387557,0.40795959966602907,0.30096089161681955,0.42949718296621464,0.0,0.4498340432796544,0.4779973104417497,0.28933227894187674,0.4282463673678074,0.41693454127001695,0.3286983323359679,0.2966446063621466,0.6209178800308752,0.7057581649648837,0.6956403402660378,0.18465579730678558,0.8405849401467589,0.3047441555507014,0.5476592903546036,0.37850705126778483,0.654601574533604,0.4448036451528581,0.407165168806678,0.5970926345627122,0.6563805637582156,0.5902532821696478,0.5154650831122953,0.6865680223878137,0.5133538440389654,0.3208260538013976,0.47737331247543874,0.4855098667759823,0.5657643348677533,0.4701713006843984,0.38149341676880005,0.5554510114040973,0.42857000053852085,0.4398611435864436,0.435157766058533,0.7131761697642924,0.5462256252059539,0.594098764571379,0.5535435395789955,0.44385777569656404,0.4602081701325437,0.3630740326255496
0.3935996941402713,0.42800668020737853,0.4983925618486321,0.47430209584261934,0.5717251231789412,0.31913787418640255,0.702721039437249,0.5219996337086673,0.5008702702766772,0.34991250595074175,0.6174887327469274,0.33565598854315304,0.35212365673407586,0.5445818121596908,0.17510527878180274,0.3482232960293021,0.28966100158088803,0.4073394111101578,0.48114552238549996,0.3084607384674598,0.4051837335243833,0.5244407359422627,0.5918763442818591,0.7161673681323719,0.7491981940203507,0.4516147996712746,0.42113718869190914,0.34775230475063007,0.33789004549718954,0.3735899885123369,0.31853618989301086,0.431917864176682,0.4196360103217748,0.5907298966113799,0.4498340432796544,0.0,0.5392383041203618,0.5901236547154063,0.4801808262770036,0.46981914048309514,0.5600952226205365,0.36592881075134087,0.7495874353827,0.7612679506954493,0.5877921380124569,0.43399970776612656,0.8395451491364696,0.31156867118194714,0.6216665500778689,0.5159484662524765,0.6039774562613958,0.5648521911158647,0.5678929236299872,0.7061225121779551,0.61321832789406,0.662497808967129,0.5472718087964209,0.8468426643173007,0.7720255923680686,0.3442639854490189,0.4738041356577887,0.38749947812587804,0.6776906361879129,0.4862414122683655,0.47603950908406617,0.5741787139175601,0.5434989455792095,0.5247901067035815,0.4077896528728964,0.7217719351340394,0.5472874166152492,0.4355980648649548,0.6524004884142733,0.3672254541822288,0.4146764765872452,0.30675684090202554
0.5097922505731393,0.3958248313567519,0.40760607447152175,0.5462702867931974,0.3057698658290082,0.3258522157520914,0.5815622642914896,0.49084321723394625,0.5348357510561134,0.2702291760306196,0.5199465888596027,0.281990213387186,0.42562950674638156,0.5430644313052343,0.2962061212994884,0.3973155220130758,0.3017071576533986,0.5211494013893367,0.39428011807515456,0.42222949156061246,0.35926565658352627,0.48320446657461347,0.5844401841237608,0.5913231442836104,0.6351746748389393,0.4456018309465048,0.5338012593159547,0.35523494570263403,0.30905027203498725,0.2780043799011062,0.4663936768100091,0.4183940909146754,0.32784763129655037,0.5674927754799137,0.4779973104417497,0.5392383041203618,0.0,0.46321356307637596,0.4426597214891615,0.32441527377354806,0.3628368340701541,0.35520453649628203,0.6444900363609882,0.6687473359286424,0.526373927072045,0.1750066294455258,0.8231561731282317,0.3002711262019443,0.48130626295983336,0.376304290872954,0.7234659750747261,0.5044343982802326,0.5240279341550369,0.6370489315841403,0.6452245445278341,0.6283744679836605,0.5871279393274038,0.7994167028218839,0.5351940528965724,0.4044996734561675,0.43258853184305956,0.39740360230735106,0.5258573946590641,0.4920170657835434,0.48918430251496114,0.610433430980606,0.5315735623025614,0.5454655010872881,0.40633632935826436,0.7054506206238627,0.5609645309899762,0.5040830237476434,0.6824043059847847,0.30908406416388545,0.33642709641350643,0.42070471195663994
0.5837590311720768,0.44618005345889344,0.3627068691544222,0.5582305950708004,0.353121788086085,0.29001812330358445,0.5297011134377179,0.4568402816171414,0.3780437742793568,0.3099222546183502,0.5387657084404913,0.15651050229439278,0.35135151945061727,0.661088040766624,0.25068674177250566,0.3718582910056189,0.1978843842970794,0.545374482217117,0.2767055313819883,0.34677996909719766,0.3547986912445784,0.40238514402545766,0.469867664209412,0.6112388793615171,0.6725635001917785,0.3465366585764614,0.47114740558764473,0.34993488103121195,0.23873921730999792,0.2333686330195494,0.3952969424611099,0.4319854011258467,0.34148925863256435,0.45735882068819894,0.28933227894187674,0.5901236547154063,0.46321356307637596,0.0,0.5107491100899388,0.47344431951185106,0.3106415393191465,0.31254869445684536,0.633409624525919,0.7088975701365132,0.5401467400175047,0.18155939294746137,0.731383155686798,0.27621351980520736,0.5777746086685125,0.41891556883965997,0.6720520649433797,0.4546494649061323,0.3825628666409882,0.6081123615131314,0.664073080325865,0.6271951084571351,0.40146671544287726,0.7337980727542459,0.5431079160338443,0.35038543040664644,0.42848377074068467,0.3658884426111368,0.5025283218164773,0.42512828209247633,0.4057527520470528,0.5265206790392837,0.4426723402984682,0.4344517147787855,0.2560529536058258,0.6119868162897876,0.3830533062782837,0.43038834014990335,0.7249319471017304,0.33112551931609757,0.5547452070830731,0.35371684026325023
0.540370538031032,0.4378720210965017,0.35399837354489516,0.5293163289069743,0.4591144414386273,0.36687679026286313,0.678157649293139,0.5861294103905665,0.5021887653367846,0.3354753123078382,0.5823519720729642,0.27208603441365387,0.4100859743330809,0.5590978496115325,0.12954817360250603,0.2332868424192784,0.10828194087475806,0.4998437895861841,0.3652623369196939,0.2899689680033219,0.3766552992859009,0.41679631916935167,0.47783339079090836,0.6235643045025299,0.6478520475960486,0.3447424599085374,0.5201039318369421,0.47239040006115957,0.3737133322391459,0.17886938224580967,0.2839361335048711,0.38771546474599966,0.47653674554317416,0.41149792692204806,0.4282463673678074,0.4801808262770036,0.4426597214891615,0.5107491100899388,0.0,0.47417257194763596,0.3882959583323514,0.515530141549667,0.6458973706995779,0.6421913361805638,0.4242545943992685,0.20199461426745283,0.8100138000758647,0.2939372936131017,0.5089720715547833,0.49567240170216637,0.7991039852775277,0.5370614085450057,0.4942912746487386,0.7502103031034935,0.7634030526037484,0.6079208024333398,0.4603967038340314,0.8282071534506801,0.6773720519953009,0.28909108839614744,0.49707977506598333,0.42057149850656217,0.5221963725052623,0.4457159952292185,0.41866798894400925,0.5672875021223412,0.544144910101737,0.4738481936777067,0.46145194703593884,0.6555177181269484,0.4521764214139529,0.5535149868118101,0.6277835689982985,0.4116339617962299,0.4451526696128879,0.3983652100419537
0.51384212356431,0.3846210716322506,0.38694280747640786,0.5100626873250972,0.38178663762457266,0.2926450621328144,0.49307240301993976,0.43873422600796025,0.3681016753462272,0.2774740495225497,0.5005179096891541,0.22848301839450685,0.2923315434431474,0.5860119312093524,0.17534686177306882,0.4397139623437302,0.29222889518352096,0.6258967404015482,0.3651039967488248,0.3919169277713359,0.19196360964536247,0.4935682278147069,0.423870746857883,0.6114488353895648,0.7196138784942798,0.32770959803328337,0.5392111823874495,0.4120033423299583,0.3514319198247767,0.2203096238343868,0.37227645266658316,0.4506498596605736,0.2971217207341408,0.4726108550983089,0.41693454127001695,0.46981914048309514,0.32441527377354806,0.47344431951185106,0.47417257194763596,0.0,0.4199130878264634,0.450573303263603,0.6322556535916428,0.6492201002134489,0.5925569285680259,0.12373395900554451,0.8531015332749734,0.2440387105721419,0.6059477928957601,0.39282645843894354,0.7945949376222644,0.3893749404248351,0.40978500994646605,0.6451719716891157,0.7082902969542924,0.6693062102772782,0.4893763599778419,0.7646778310202892,0.5540901017844863,0.379169511546665,0.573477756328349,0.40413770329882326,0.6354859934857364,0.5170414866689679,0.6390425316250333,0.4013949709817716,0.5165367022894718,0.47247666327140897,0.38816359115206384,0.7559832584570215,0.41364204843708074,0.6145187179040466,0.6493634833299654,0.30201562261604187,0.38998722902661626,0.39078582658717614
0.6442981248503552,0.31686521182260474,0.3793483115500227,0.5336390817461185,0.3857526307865722,0.23505817482767197,0.4293388247305458,0.41863021040450654,0.3806781125814175,0.3180359505700321,0.44500043013029605,0.2666379187526312,0.38515858287749305,0.6101871405542678,0.16666024747860683,0.38578535171412454,0.15543941153720212,0.46326379037523735,0.34728471509474007,0.3094227711703402,0.3190397742115576,0.3827869928909105,0.4730225379886301,0.6162911304398918,0.5641035431666868,0.4118033917048316,0.48084822838820757,0.36085187023981335,0.23912865715960194,0.17659263694991784,0.4142103862216478,0.34124729329107995,0.2768909693440649,0.41927433019018717,0.3286983323359679,0.5600952226205365,0.3628368340701541,0.3106415393191465,0.3882959583323514,0.4199130878264634,0.0,0.2838210939630532,0.5507801808814426,0.6050048205785464,0.5808417896119221,0.15683157675083553,0.7136820976934499,0.2481953866667566,0.5005907281542169,0.3882396778133549,0.6348434355170558,0.3566960622691344,0.38485181151166314,0.5349950060765519,0.619839727108188,0.5672787242143184,0.5111590428811847,0.676229785963512,0.49577097909049095,0.37861429147860215,0.37292105299286793,0.33852643652189407,0.5053907210824564,0.4308925993737279,0.42539553772545186,0.5152679911989528,0.4364491091676165,0.42310817944341583,0.31494528887688594,0.7147070992356533,0.4198538622817601,0.5484909221313532,0.6143151340856321,0.36546539496200675,0.37263067548783024,0.322592039513917
0.5795575751600548,0.40275872223732617,0.33565151561669504,0.5239660617607054,0.37144814997838405,0.25832404907469897,0.4702612256949192,0.467632503926005,0.4256330972502967,0.26842498590949715,0.537392233484019,0.28682416836586677,0.4138304266527604,0.4596092802807969,0.19155545395814616,0.3806929696711429,0.1455079131894768,0.46558781673806476,0.37019067243255055,0.46622735588621306,0.2838169874210363,0.4055438672543245,0.48367445616038474,0.6128732389166831,0.4978919032182284,0.3416636858708126,0.6028619519929265,0.40452723514454964,0.31534582600622507,0.2309824943226798,0.32570848828053056,0.3969073304565658,0.3182709730332466,0.425590544079773,0.2966446063621466,0.36592881075134087,0.35520453649628203,0.31254869445684536,0.515530141549667,0.450573303263603,0.2838210939630532,0.0,0.473032503805143,0.5549286174482673,0.5730196031584048,0.16724189291631297,0.6918581910950221,0.25018040167655614,0.4214465230373383,0.2569396377969229,0.7591203257996332,0.33186004157773874,0.3624266643083273,0.6259519953393033,0.5713952559229272,0.5343693392764144,0.49214214528860956,0.7127295244830157,0.4907440955608962,0.32792881149904357,0.48647389236386035,0.3395222717258585,0.4744197558222579,0.3582039354465949,0.4064018030040586,0.4711282443262727,0.45858966461290374,0.4048917623909109,0.3963157452500955,0.6897430308502134,0.3917776022141245,0.5683377403790582,0.5704776442337101,0.3848753891222578,0.3608569014903938,0.27795449020378427
0.49750391425870016,0.7140140141156265,0.46973979547590095,0.6205809164727737,0.6038752746987142,0.3580057463201297,0.8358251708077719,0.6795730929617034,0.6665329041631672,0.42456582431413037,0.7115850682754287,0.24362548266442022,0.42748053375070205,0.7350300339561526,0.2774103865384426,0.5199716706253881,0.3143205628234472,0.6747786254398944,0.5307377196636803,0.36141382050358906,0.48467285669148846,0.7363131851415092,0.6844938471826894,0.7141140784456267,0.7315825645498671,0.4631775384947804,0.6791247275180314,0.5516846690845897,0.5094052572645552,0.36569656244675974,0.4698451916489454,0.7080252107469219,0.5595508745815819,0.6657713900331682,0.6209178800308752,0.7495874353827,0.6444900363609882,0.633409624525919,0.6458973706995779,0.6322556535916428,0.5507801808814426,0.473032503805143,0.0,0.8710994540063872,0.6592693905667578,0.15143243894088473,0.8041933539812537,0.30119149874117096,0.8004995150538907,0.545307475017728,0.9146119814843701,0.5589062229743035,0.5711605803102768,0.8437158579848516,0.7930991139335022,0.8898162355713812,0.5601100607934703,0.8920728532711066,0.783839046785449,0.40377538296414583,0.6484089734768919,0.54161808049831,0.7157482449974367,0.633849938587538,0.6234201601286729,0.6583722255504781,0.7215685388158467,0.6451255780853455,0.4089473027500238,0.8159471100206963,0.6675958583073599,0.6578187071230764,0.8967457335109219,0.5485304994403146,0.5646059124465,0.4281479058237349
0.6356756134703492,0.7650807799660937,0.5310897151240989,0.5879607329361644,0.6804464670905603,0.46586493366766213,0.8962313178026459,0.593731852862869,0.6346315772019931,0.6582697906118412,0.7408900462445105,0.4145287366976043,0.6647652167123591,0.8626373702145163,0.5065589830962731,0.5598453525867859,0.5096752058546755,0.6686968793027395,0.6662444429380077,0.47519170262897076,0.43811013175222835,0.8005764836266078,0.7491618646386706,0.7398390679091889,0.7603790226957357,0.641421299980261,0.7243705898212287,0.6542410425643449,0.5828364371552831,0.5016214761874829,0.6399823368157022,0.5605111200380357,0.6964759384046744,0.8435638342533238,0.7057581649648837,0.7612679506954493,0.6687473359286424,0.7088975701365132,0.6421913361805638,0.6492201002134489,0.6050048205785464,0.5549286174482673,0.8710994540063872,0.0,0.7170853504616733,0.3263501887829806,0.8351626820554576,0.39415670934058633,0.6624080470059108,0.5994997935140229,0.8189191373922007,0.7661157424147206,0.49137772623660336,0.9140471452531505,0.8015217357080282,0.8467729213549224,0.6921612184042921,0.9104757426734019,0.885487302280143,0.62303032372035,0.6730586344305193,0.5264902579408548,0.7212994822656695,0.7162905068813656,0.7252369823784481,0.7582925309987631,0.7714702679969495,0.8332398934259209,0.5996907268950786,0.9066452354409513,0.6681772883642334,0.6959576819941414,0.8078052804146343,0.7825864971395111,0.6868435038290609,0.559123643961207
0.5543855830174534,0.46277436174603725,0.49311879201970293,0.5466291505287847,0.4737028420230723,0.35721280744026906,0.5420152385432527,0.52358920825172,0.463137124138397,0.37500970402813555,0.5721453665940688,0.23849495928924264,0.4898635082216758,0.6873090034471292,0.31831849496539183,0.42255332426055564,0.17516248590446434,0.5350964762426373,0.3652785138045456,0.36095686741796107,0.2817006704344429,0.4264629397886379,0.5022486124600993,0.6076231216201367,0.6187407092981458,0.38785370274817843,0.5908589511856888,0.46376809321721985,0.3220212390882906,0.19084353991292208,0.4172709659076517,0.4716527815107366,0.5504161643868051,0.5297297348297703,0.6956403402660378,0.5877921380124569,0.526373927072045,0.5401467400175047,0.4242545943992685,0.5925569285680259,0.5808417896119221,0.5730196031584048,0.6592693905667578,0.7170853504616733,0.0,0.2508617927251939,0.7134424596356134,0.3441051899913571,0.6260039477359844,0.43463935299287215,0.7774276261428543,0.4711606574765317,0.47488585925454807,0.7134099137689418,0.714786990436846,0.5653640409950548,0.5753100380004722,0.6765263184409194,0.5814959448140153,0.455186828631609,0.5446296320164201,0.5258112153808651,0.6586018429797682,0.5102392738274283,0.6282491350518459,0.5578486622173288,0.5321256043741469,0.5686629894892277,0.36456145362203163,0.6449378878313554,0.47137798450192914,0.6237367332994399,0.7100830827597298,0.45863066831560556,0.41844795407687235,0.4238261270209704
0.16370854387538372,0.3722381011582344,0.0388584802760058,0.19275642352232802,0.1129527933348983,0.33112034500861226,0.1393028558218837,0.14858378564312896,0.33443866248858434,0.29863199987741024,0.11679521295402132,0.05859062474225665,0.20468842600622528,0.36523544872066466,0.31907913751869155,0.3027198055044391,0.46656208344729194,0.4095603850794098,0.32521391558114027,0.4235203668428426,0.14613772696559102,0.39252211879955823,0.3717266539518033,0.24255893585669563,0.3460358395654684,0.06257668112100806,0.4458079014954702,0.39247994649275497,0.3826383123080373,0.30770080248229115,0.02245437370333836,0.20500623215954145,0.17658610618510584,0.12079504220967768,0.18465579730678558,0.43399970776612656,0.1750066294455258,0.18155939294746137,0.20199461426745283,0.12373395900554451,0.15683157675083553,0.16724189291631297,0.15143243894088473,0.3263501887829806,0.2508617927251939,0.0,0.09924492164592698,0.10719106445499638,0.25740581884202307,0.13124644631542312,0.1708175827796846,0.11344209419614626,0.16999266557913847,0.0945950062233569,0.24521055604710276,0.0956521601548456,0.19108863431279746,0.16655954190655348,0.09804387170649165,0.11269034746845596,0.4031411931638681,0.3637298787833873,0.03341606788056575,0.05974193279698997,0.4616775932731586,0.19111179695389152,0.4175905311472424,0.06871442929646498,0.13296964634897013,0.20930808910968812,0.0861721089998505,0.36663113391474894,0.3645134354233545,0.4570638416329388,0.4504482923956946,0.0458101632106685
0.31751899463227934,0.5468426170784824,0.6625279867401876,0.6429541407247168,0.8296987881844238,0.5759858456018012,0.8866746606069107,0.7215098655460932,0.7711249789905537,0.595799141129046,0.7609861156292129,0.28293210170989014,0.7236575513802788,0.777649826573135,0.31144328087916784,0.28179310828922205,0.23794771073043494,0.440817876049428,0.5870382140304659,0.3745342094953301,0.5954225590080369,0.5441258740576683,0.6828978612509196,0.5865472119902135,0.7404487499032246,0.5582934478448675,0.6952016357221817,0.6473431290060722,0.498695541631783,0.3160148269312856,0.6717339641945796,0.7689768487196431,0.780909510029254,0.7993831777654671,0.8405849401467589,0.8395451491364696,0.8231561731282317,0.731383155686798,0.8100138000758647,0.8531015332749734,0.7136820976934499,0.6918581910950221,0.8041933539812537,0.8351626820554576,0.7134424596356134,0.09924492164592698,0.0,0.4803836029866678,0.7015382616466098,0.8069764796608445,0.777808801344145,0.7799261837095932,0.6199502287607306,0.8029377626357472,0.7575794098251052,0.7337645711867422,0.44844721413197136,0.8067778127269204,0.8837929939267122,0.28749356271135496,0.6215503934207667,0.6396048042703439,0.7040287538800795,0.687048875987721,0.5990912880449905,0.6415772104703823,0.6681961135999874,0.6264710875429076,0.4875596114626657,0.736486652765979,0.5536719834520205,0.6188515310733513,0.712333779869976,0.6468947883547673,0.5495353218903437,0.6211354284078192
0.39581257691830496,0.16326707849805547,0.16896666648628564,0.3586938552755909,0.2446945644914869,0.09830731840065396,0.3208141716524851,0.3679443149644877,0.2061853715290599,0.12118744092335754,0.30266478757330945,0.027669083606944922,0.21117148947775127,0.29486686557593383,-0.005247973192961608,0.06968218196052012,0.2499453825735151,0.07223623115489974,0.07432496407967593,0.2975324544683745,0.17585454395111985,0.13949598529812945,0.1664082269867938,0.47580655791694004,0.3486569448068381,0.20999200302949536,0.14146929383389795,0.2735766749887666,0.44652055915932065,0.39542973598112713,0.14769823404564528,0.31463714092606965,0.2599387616264969,0.17691797419769525,0.3047441555507014,0.31156867118194714,0.3002711262019443,0.27621351980520736,0.2939372936131017,0.2440387105721419,0.2481953866667566,0.25018040167655614,0.30119149874117096,0.39415670934058633,0.3441051899913571,0.10719106445499638,0.4803836029866678,0.0,0.322228975809314,0.25310675116248826,0.3413897375907745,0.2263842420746168,0.3217067945803009,0.24879595671303217,0.3334978543587746,0.30679843663947226,0.3520950491477033,0.3582047127140076,0.2594284118615696,0.1398530749763663,0.17674010226683076,0.14571535174172695,0.23636026212223188,0.11052065040282893,0.1487603204001848,0.29265652673230863,0.2546471351827316,0.20826061244195077,0.18409318902388652,0.281163492784979,0.21975848728854136,0.1728592662788603,0.2615831978427322,0.12521881492593548,0.11955062375930467,0.17428643994663728
0.5549463640918841,0.4581371837902359,0.5846410823446979,0.5563390234611969,0.5044844161125145,0.3638032007922757,0.6146876724016684,0.5124940090816187,0.5234762486114293,0.36944265849444746,0.566242547726983,0.32298797317312766,0.5703165210432374,0.5923481910890811,0.366072664710826,0.4221608856783212,0.2925578303730815,0.5000603225626088,0.46604958556799286,0.3845152076429726,0.3898925231173667,0.48973720230409334,0.4922544184912152,0.6866865140747446,0.5896857685666809,0.4675740263396646,0.6218552998450613,0.5132950254313632,0.38295919018076735,0.3329541079327229,0.429783148957696,0.46096182692322557,0.49216212824289446,0.6141445515755987,0.5476592903546036,0.6216665500778689,0.48130626295983336,0.5777746086685125,0.5089720715547833,0.6059477928957601,0.5005907281542169,0.4214465230373383,0.8004995150538907,0.6624080470059108,0.6260039477359844,0.25740581884202307,0.7015382616466098,0.322228975809314,0.0,0.4403674953611068,0.7367588521140633,0.5339208718119395,0.514274694931637,0.6709399492976167,0.6057198997760784,0.6426726183479333,0.5689521232960876,0.7096866947711477,0.7505349868869913,0.36868099872326077,0.46622725372751594,0.4659514388550868,0.5971201781740795,0.4997488430563206,0.45364494885704254,0.6037706548670411,0.5243977391793821,0.5019779378353231,0.5080720940217569,0.6206208898674294,0.5302835842615998,0.5920617219472089,0.5982414533025945,0.49315422658620156,0.4988795804842252,0.3309692178884087
0.5257898345990821,0.38559081183207966,0.3615373798135098,0.5680447230545506,0.42648461531808834,0.28164475649612203,0.5484935191933314,0.5188609706129447,0.4086177120632069,0.3033446370031121,0.6087074200839395,0.182403727362698,0.4222675314519526,0.6587206235259574,0.1313136067651761,0.2720975547740636,0.23391252462303092,0.37595127665152694,0.34101685307958585,0.2466476606365049,0.379790931769647,0.4495042099942933,0.42424520932170734,0.5787823639507597,0.49454532637820203,0.32433505838725507,0.5189102754520922,0.3810505253229205,0.30575952658928907,0.33579695851418073,0.3303268781824601,0.47574292271939667,0.23514500422218618,0.3925036969044248,0.37850705126778483,0.5159484662524765,0.376304290872954,0.41891556883965997,0.49567240170216637,0.39282645843894354,0.3882396778133549,0.2569396377969229,0.545307475017728,0.5994997935140229,0.43463935299287215,0.13124644631542312,0.8069764796608445,0.25310675116248826,0.4403674953611068,0.0,0.7041261050926111,0.45478816270960454,0.5003762320434816,0.6378223889995815,0.6329100840559979,0.6246041460725776,0.410637794717903,0.705406809502088,0.6523399578370216,0.2526521839788556,0.4120791927781184,0.43332501504538534,0.4544941910186882,0.35713209477658636,0.34698534204010906,0.49537124453756126,0.47290187547240736,0.38830802304413736,0.3612934846421374,0.6941461964084978,0.396154058140685,0.524628973804133,0.6466261330918756,0.35876771328603424,0.514255331804963,0.35330224816646183
0.5401041524181044,0.5866841764803694,0.5404159788123573,0.6566274656617335,0.6277559768166213,0.3945749049170732,0.694121583755402,0.5876557151261271,0.6744372549073963,0.33297833949254185,0.7314119832414758,0.23656725695592018,0.5968847194349969,0.647704677050824,0.24172399325121044,0.19405012517491738,0.17580312673158258,0.40493669910724256,0.5748828996657924,0.5154208063063838,0.49108781765582976,0.6298929215245067,0.6323442814092448,0.6742360844850925,0.8116508952745107,0.5740516706235756,0.6001045459598281,0.6252596893322935,0.4523174721257816,0.21119371926955566,0.4595578918438217,0.6637754424292281,0.6778754076833771,0.6833799396197053,0.654601574533604,0.6039774562613958,0.7234659750747261,0.6720520649433797,0.7991039852775277,0.7945949376222644,0.6348434355170558,0.7591203257996332,0.9146119814843701,0.8189191373922007,0.7774276261428543,0.1708175827796846,0.777808801344145,0.3413897375907745,0.7367588521140633,0.7041261050926111,0.0,0.6813220116651146,0.6057184740376184,0.6966795188997343,0.8683636300982092,0.8045900689768799,0.6230041056886819,0.8791472665929105,0.8288540736987271,0.4291690528559707,0.7324329133649035,0.5846355399075819,0.7361036427309506,0.48273699981726426,0.6618745287386071,0.6701287710340158,0.7180148824413066,0.5541498383712011,0.572593514237489,0.8618058717817436,0.6410212868247296,0.6550256152964455,0.7190256681637868,0.5527244283642249,0.48262497271359567,0.6625714865928586
0.5678228036705348,0.3232261459133086,0.35630968827941933,0.6809993706676991,0.3715564272717391,0.26097977881856327,0.5398148135595662,0.543317512203571,0.4645343920782501,0.3889417078974654,0.6504056995735734,0.30123353513956774,0.5083283136571873,0.5735181426954054,0.13808561323489277,0.25277918258077603,0.24745095382283167,0.36928704840806514,0.33884667995361145,0.24800604609918134,0.44632309436382633,0.4496908657674691,0.4527048976673583,0.6936774588796698,0.5086186192155668,0.3901187231194326,0.49020790682261944,0.5001175944884889,0.3101984413717075,0.3483581919121803,0.3547238700263221,0.5078939144765757,0.4358536974237893,0.4053018348767929,0.4448036451528581,0.5648521911158647,0.5044343982802326,0.4546494649061323,0.5370614085450057,0.3893749404248351,0.3566960622691344,0.33186004157773874,0.5589062229743035,0.7661157424147206,0.4711606574765317,0.11344209419614626,0.7799261837095932,0.2263842420746168,0.5339208718119395,0.45478816270960454,0.6813220116651146,0.0,0.4972323914866613,0.6867585777002307,0.6239854114544012,0.6162411301338477,0.5143834662040768,0.7325516296738335,0.6017141667428272,0.2569681398809872,0.41438777941533916,0.4675256346178874,0.5840252858387273,0.3542526785547116,0.47403790408407437,0.5199862685021506,0.5277898880729031,0.338286050361882,0.4421341745650981,0.6939481964380907,0.477512527926202,0.49768546290852356,0.6192336711077038,0.35957975126009284,0.4845206981307258,0.38096663324428326
0.578513154317001,0.337169054775436,0.4575154966625709,0.5064401945218892,0.34153126691300545,0.30903825595234025,0.5205741034296435,0.369387730570647,0.47359434629218816,0.23481464927915935,0.5489466337786532,0.17503816968149016,0.36653259388086024,0.5072396191058723,0.2036930382884686,0.28078066075365066,0.11066566520450954,0.43447541913744214,0.2992259322446597,0.2950342653120331,0.36664780418579274,0.3370209895232886,0.41916223802104147,0.5128725078422972,0.4625504229123709,0.31845244068793777,0.44272763021956213,0.41613580219718915,0.25250870535646575,0.20569615621351692,0.2953091660998387,0.4134592772284609,0.31752335876952914,0.4425234378203906,0.407165168806678,0.5678929236299872,0.5240279341550369,0.3825628666409882,0.4942912746487386,0.40978500994646605,0.38485181151166314,0.3624266643083273,0.5711605803102768,0.49137772623660336,0.47488585925454807,0.16999266557913847,0.6199502287607306,0.3217067945803009,0.514274694931637,0.5003762320434816,0.6057184740376184,0.4972323914866613,0.0,0.6445059485877067,0.5464639676245814,0.495781546328367,0.32596045025367437,0.7228893972146272,0.590350085863681,0.29535599917265265,0.4374980884499463,0.41613069792401436,0.4067479697711313,0.34626943746691574,0.3512684259154136,0.4411122681409486,0.40094001082869485,0.43062967118008383,0.33954482599532654,0.6455176401271685,0.43541729057299483,0.3993719044759443,0.6586264604081833,0.299118572074606,0.5093042866812154,0.3211097405165059
0.6043571927883167,0.5811096368131692,0.4704696737949192,0.6788633366221374,0.6703496170808843,0.3445577266842678,0.7709326508487073,0.7467369259772001,0.5520362106931523,0.3501979136653965,0.6751320871892854,0.1994720085942639,0.6687422422616199,0.7357091485713563,0.1708192129831898,0.18649409048985646,0.18913511998069604,0.32889466076134977,0.4511454793118906,0.4308508847164999,0.5355348973715321,0.5609681633988176,0.6122429469021368,0.6899870269370434,0.6668723235890425,0.48579391057823496,0.5529788023619022,0.6138038226862197,0.49834285601681205,0.26819810578277614,0.43388994817850446,0.7195926080554821,0.640807923473296,0.5072504191578704,0.5970926345627122,0.7061225121779551,0.6370489315841403,0.6081123615131314,0.7502103031034935,0.6451719716891157,0.5349950060765519,0.6259519953393033,0.8437158579848516,0.9140471452531505,0.7134099137689418,0.0945950062233569,0.8029377626357472,0.24879595671303217,0.6709399492976167,0.6378223889995815,0.6966795188997343,0.6867585777002307,0.6445059485877067,0.0,0.8551907079995094,0.8842823180529226,0.5689983838394517,0.8988174943512077,0.7137792607001299,0.36987916951621624,0.6015756937331739,0.5397790407402342,0.6831046142875363,0.4505224029592036,0.6013521734658587,0.720404083761586,0.6841001697904842,0.5633184924835601,0.4447346853267424,0.9144880260017256,0.6435452234294787,0.6082338516714814,0.7443493012266422,0.46684434276877734,0.5796485824127461,0.4640921792379947
0.5304508380888544,0.5279057269811186,0.5320918057569881,0.5740237058968172,0.643331523590426,0.38052106456995793,0.7040371134510801,0.6386147795000652,0.6162879047632238,0.444248161127121,0.8472336717238276,0.3541286140202086,0.6318517734297313,0.6224545125318887,0.3853516353146911,0.3524889999032501,0.26865255426462425,0.5623264852503315,0.624076596725712,0.4030577080984606,0.5173796501548809,0.5640054357050632,0.6916187021258446,0.6778400959467933,0.6159114369339567,0.5840042212116248,0.6194664735705278,0.6424796039923196,0.39153569384125575,0.4084092975612227,0.6059756968853416,0.6712961719092225,0.6231417468094664,0.7782392471343689,0.6563805637582156,0.61321832789406,0.6452245445278341,0.664073080325865,0.7634030526037484,0.7082902969542924,0.619839727108188,0.5713952559229272,0.7930991139335022,0.8015217357080282,0.714786990436846,0.24521055604710276,0.7575794098251052,0.3334978543587746,0.6057198997760784,0.6329100840559979,0.8683636300982092,0.6239854114544012,0.5464639676245814,0.8551907079995094,0.0,0.6784533374117875,0.6051227774957846,0.8308770018550193,0.7319193872793974,0.5284160240764306,0.571603778260799,0.4731371822114579,0.6804680412473915,0.45452343105971954,0.5175139977144914,0.716791790792683,0.5663482810670653,0.6014594774179306,0.5769460086750424,0.7680430281891256,0.6631120478191965,0.6443767354377176,0.7353774493897383,0.5012955742031899,0.5520965395774979,0.5162461631272428
0.5754383454213766,0.4707786649171117,0.48390773011184984,0.6717304357819027,0.5653075186129431,0.3139161483610873,0.7452057569335488,0.5895571218497018,0.6306923207255741,0.35436995382305747,0.7682659880799568,0.1542075560139774,0.5498026200154877,0.6391978395175534,0.169561464394209,0.2496936302600064,0.2387206586072079,0.41623929023115713,0.44629444204998764,0.4090464095221082,0.4061565604444929,0.6186243689129548,0.586726893552938,0.7239179239740487,0.7048883419188172,0.47197454689525625,0.566763336965057,0.5894928169336768,0.43004181942991615,0.4000409150443776,0.41360775562045643,0.5352741153604912,0.5312762652674781,0.5786556489495918,0.5902532821696478,0.662497808967129,0.6283744679836605,0.6271951084571351,0.6079208024333398,0.6693062102772782,0.5672787242143184,0.5343693392764144,0.8898162355713812,0.8467729213549224,0.5653640409950548,0.0956521601548456,0.7337645711867422,0.30679843663947226,0.6426726183479333,0.6246041460725776,0.8045900689768799,0.6162411301338477,0.495781546328367,0.8842823180529226,0.6784533374117875,0.0,0.4276898344862902,0.7776899970007861,0.6989674967269658,0.4045390303477962,0.5440738545386897,0.41345160885554444,0.6110320026273057,0.4604963312634107,0.4773274448936915,0.5567419000537377,0.4951857459156192,0.4884822226956755,0.4596147304804912,0.805338067449581,0.5369555385471552,0.6131065926915477,0.7382535191298624,0.4708906201282786,0.5338541217804349,0.4266323041174467
0.5017254588798218,0.3615547238897919,0.3903100460884959,0.46701734081335616,0.45677807245842905,0.1986398790398655,0.6452054169838906,0.42197699742636796,0.38859706074655814,0.22423469091488984,0.5038894286479634,0.22956992346601282,0.42539332100389105,0.5009286638871153,0.13619503670116945,0.19281398204875275,0.4261586026844019,0.12732103265936967,0.2372363833026691,0.3666642301150872,0.3520753010869453,0.13138774912668286,0.41880854302547765,0.52961416178225,0.3705691795168559,0.3441176513938228,0.40960295654153617,0.4097192150546219,0.26848751898174394,0.42362986562691785,0.41871234457310524,0.5343252344528857,0.5193535554534505,0.47638218660546416,0.5154650831122953,0.5472718087964209,0.5871279393274038,0.40146671544287726,0.4603967038340314,0.4893763599778419,0.5111590428811847,0.49214214528860956,0.5601100607934703,0.6921612184042921,0.5753100380004722,0.19108863431279746,0.44844721413197136,0.3520950491477033,0.5689521232960876,0.410637794717903,0.6230041056886819,0.5143834662040768,0.32596045025367437,0.5689983838394517,0.6051227774957846,0.4276898344862902,0.0,0.6712488722657382,0.46854940018533836,0.16153989998290735,0.40677924457559345,0.3014688687742302,0.4412783202767251,0.312592080085498,0.27752628907601884,0.5328440612668933,0.25766228850131556,0.42401374966804345,0.32881566073185264,0.5741066826330865,0.41123954771375076,0.19640041346238227,0.5709058852557699,0.11359155523975503,0.2707747078177499,0.3389543606404529
0.6129653403631338,0.6179956159251492,0.607835725522266,0.7078978680743657,0.6346638865145621,0.4634937458419459,0.8615561069159152,0.7579141614872,0.7347081203529913,0.4445771760742965,0.8564827450095134,0.41580765211714404,0.7450690870354507,0.8633140577681522,0.33613244233327744,0.35216725159167994,0.3145675013069579,0.44188595024560673,0.618539314737847,0.4262203245933351,0.5257496261324844,0.655935221086026,0.6629233809298136,0.7138948226023075,0.7085787640508804,0.6119460919187573,0.6790718697072087,0.722007123326599,0.5442405363799391,0.46177999026006783,0.5884801734792842,0.7660943031697686,0.6991227567482016,0.7600137839773045,0.6865680223878137,0.8468426643173007,0.7994167028218839,0.7337980727542459,0.8282071534506801,0.7646778310202892,0.676229785963512,0.7127295244830157,0.8920728532711066,0.9104757426734019,0.6765263184409194,0.16655954190655348,0.8067778127269204,0.3582047127140076,0.7096866947711477,0.705406809502088,0.8791472665929105,0.7325516296738335,0.7228893972146272,0.8988174943512077,0.8308770018550193,0.7776899970007861,0.6712488722657382,0.0,0.8391039928868336,0.43542082720642367,0.6253773452596519,0.621220356069202,0.7574081024997382,0.6490721006720817,0.6774787918711194,0.6541420208554877,0.6934439956541409,0.6908609229136102,0.6299799011697655,0.8209157633730235,0.653443021783594,0.7256540678411656,0.7833887936890802,0.5697713636149775,0.650679881939245,0.6559248426022928
0.4639073221698836,0.6262723306288676,0.43221647036060834,0.6939202462699432,0.6700968821826824,0.35325872047217977,0.7477344400034919,0.6438624838642106,0.5710053699593699,0.48341335286306153,0.7416255001631862,0.24704115281129263,0.6084852009303995,0.7260476679830283,0.2614023461258529,0.38296267265430806,0.30077701206669843,0.5058483061245688,0.439189892085759,0.3226142951956942,0.3751536505361095,0.5763392987173018,0.5860336530523098,0.6100641951412338,0.6121173494237323,0.44250788303365735,0.5700233150504354,0.5704030947801345,0.4863595004520056,0.29435062341204454,0.3674827180006838,0.6545489476888869,0.4656028166605865,0.5204450411972035,0.5133538440389654,0.7720255923680686,0.5351940528965724,0.5431079160338443,0.6773720519953009,0.5540901017844863,0.49577097909049095,0.4907440955608962,0.783839046785449,0.885487302280143,0.5814959448140153,0.09804387170649165,0.8837929939267122,0.2594284118615696,0.7505349868869913,0.6523399578370216,0.8288540736987271,0.6017141667428272,0.590350085863681,0.7137792607001299,0.7319193872793974,0.6989674967269658,0.46854940018533836,0.8391039928868336,0.0,0.3658644281159795,0.5143192834207907,0.459909523726064,0.6156228161887991,0.5203188530071136,0.5032805948266469,0.5939367926781359,0.6006995210390631,0.5900077421072805,0.3835550237230716,0.927111498658314,0.5351421982115703,0.7368163465119607,0.8164686334511051,0.4903770427785652,0.6246140526611892,0.430115609499611
0.31009854293823674,0.1914864478448476,0.22955334362320862,0.12014086511031102,0.303199730363615,0.19201434315296803,0.4006981414183466,0.2642670088880337,0.2544292374575322,0.08003589973213537,0.37740076436132386,0.03331589685271935,0.26796996135799156,0.28604818647159624,0.05976107869435893,0.10910961640270839,0.2643570032350896,0.05362575021342769,0.08217043690856352,0.22112886648081187,0.1882851040500374,0.11133172487890555,0.17783823919219638,0.3875362105133794,0.3530238674398739,0.15398590415916452,0.3442653306252392,0.2182682392290382,0.09523003527576873,0.42590685474333967,0.16259534505817747,0.34901635562324274,0.28992843987171635,0.41573869932155816,0.3208260538013976,0.3442639854490189,0.4044996734561675,0.35038543040664644,0.28909108839614744,0.379169511546665,0.37861429147860215,0.32792881149904357,0.40377538296414583,0.62303032372035,0.455186828631609,0.11269034746845596,0.28749356271135496,0.1398530749763663,0.36868099872326077,0.2526521839788556,0.4291690528559707,0.2569681398809872,0.29535599917265265,0.36987916951621624,0.5284160240764306,0.4045390303477962,0.16153989998290735,0.43542082720642367,0.3658644281159795,0.0,0.21131271953407385,0.2207845201798393,0.17801809296480633,0.18836303827804235,0.19521972495739615,0.3292860399771278,0.21331983386676015,0.2158210986521423,0.21431101469546127,0.4184963910487583,0.21253950102649968,0.09742393298830579,0.33140487158765775,0.08316211002110266,0.09291365737990259,0.20168157846888188
0.2103981175634299,0.3644422051162105,0.38112230605742253,0.4588611780622628,0.534291901805825,0.29726547285396665,0.6685125588620775,0.5046865808978425,0.4731004960404946,0.2821989509319146,0.5156996667593785,0.17388828143973198,0.4566544503483234,0.4234732946261482,0.16471627240362874,0.15383623798645987,0.12635435974806503,0.24376611371079515,0.44446216753373474,0.3688307618690565,0.40257303165081143,0.3340019142653451,0.5107525506883955,0.40722445648598554,0.49382189404988197,0.3949712029291659,0.5206639835262841,0.3779146084507881,0.3629103751077448,0.5033244794060656,0.38165688382964735,0.45476941534700543,0.4972041011995353,0.4505153630087728,0.47737331247543874,0.4738041356577887,0.43258853184305956,0.42848377074068467,0.49707977506598333,0.573477756328349,0.37292105299286793,0.48647389236386035,0.6484089734768919,0.6730586344305193,0.5446296320164201,0.4031411931638681,0.6215503934207667,0.17674010226683076,0.46622725372751594,0.4120791927781184,0.7324329133649035,0.41438777941533916,0.4374980884499463,0.6015756937331739,0.571603778260799,0.5440738545386897,0.40677924457559345,0.6253773452596519,0.5143192834207907,0.21131271953407385,0.0,0.3619030876786159,0.5340097436200558,0.28579736838798514,0.26965329400270416,0.3225636943280468,0.32372411155123604,0.3607652193656405,0.24017662295241535,0.5867597824963622,0.43461677192248893,0.39658646625424565,0.5228833816265603,0.37037557926514453,0.38974467782411426,0.3503218244067483
0.3809980470945923,0.38862467996552585,0.2562523047795765,0.488331823462234,0.41010606647302383,0.24016659639836715,0.4786429531780995,0.5705327155190906,0.3805567010837628,0.28046038403671203,0.5875177528934905,0.17549304354249212,0.4913316118902923,0.41253496592757466,0.08761382103539311,0.09014099542942716,0.18920508937738884,0.32574614408612346,0.3359087342882103,0.24097783122650013,0.3251154645470098,0.3319479646758766,0.3493403163576839,0.31654427676900704,0.47290940963834965,0.3795774494228886,0.3628770282530112,0.4443837407603273,0.285594042018087,0.28235435328471276,0.3135487566123964,0.4484464978994924,0.29448540325700523,0.3998277689690951,0.4855098667759823,0.38749947812587804,0.39740360230735106,0.3658884426111368,0.42057149850656217,0.40413770329882326,0.33852643652189407,0.3395222717258585,0.54161808049831,0.5264902579408548,0.5258112153808651,0.3637298787833873,0.6396048042703439,0.14571535174172695,0.4659514388550868,0.43332501504538534,0.5846355399075819,0.4675256346178874,0.41613069792401436,0.5397790407402342,0.4731371822114579,0.41345160885554444,0.3014688687742302,0.621220356069202,0.459909523726064,0.2207845201798393,0.3619030876786159,0.0,0.4748055569877741,0.1875000792027771,0.21169420524790214,0.3951300040098781,0.41280687490922907,0.2754833030028732,0.19603100637264212,0.6039017627251267,0.3960679443700077,0.504099821694365,0.5455628073915352,0.37822030294989656,0.503123388726617,0.30208330581133513
0.5255090898968777,0.3900461304897985,0.40381526263658785,0.4949513968508995,0.5461198230185303,0.21761003074996044,0.7098731004843375,0.6461882481437636,0.4335255980722375,0.31370767550961376,0.5892491280355521,0.19172201292604849,0.4455167915443822,0.6659011654027612,0.15576436615271821,0.1897075651762189,0.17377136582667885,0.37580826137650086,0.418353532941691,0.32435087554386777,0.4658286578655029,0.41124527724406096,0.4713075393259033,0.5245346256983274,0.5530191584602897,0.3446333477173313,0.46460970751892905,0.5535898941778441,0.3979727897823587,0.23022944472302875,0.3762269067099593,0.54631184468264,0.48241842298700444,0.5565017264916802,0.5657643348677533,0.6776906361879129,0.5258573946590641,0.5025283218164773,0.5221963725052623,0.6354859934857364,0.5053907210824564,0.4744197558222579,0.7157482449974367,0.7212994822656695,0.6586018429797682,0.03341606788056575,0.7040287538800795,0.23636026212223188,0.5971201781740795,0.4544941910186882,0.7361036427309506,0.5840252858387273,0.4067479697711313,0.6831046142875363,0.6804680412473915,0.6110320026273057,0.4412783202767251,0.7574081024997382,0.6156228161887991,0.17801809296480633,0.5340097436200558,0.4748055569877741,0.0,0.4158056563136066,0.45082694056035977,0.5547872343768707,0.47003927251719124,0.37792203328274815,0.32664682830775355,0.6575342459019001,0.44579193720626215,0.5318061770408622,0.623699274710023,0.3995521327689046,0.4724552163395437,0.47051190724189373
0.45868732229780795,0.3698650686439628,0.2792793282425306,0.5378351271978543,0.45547693351515295,0.15996378788122964,0.511051344166907,0.338137650598602,0.36047979644992606,0.1901580060902085,0.479067169782464,0.10187575765491508,0.33138052211347835,0.4603518766488479,-0.0037159348732055675,0.18256709844229613,0.08268588758064349,0.2531712730710185,0.225181383250519,0.09907621491745985,0.2737456462187604,0.27104782679732886,0.34751994325644675,0.5253293616221613,0.5299797630142367,0.26662940032523536,0.3563050867503257,0.31748201262903114,0.12104905000060745,0.23968740974793679,0.23099221943708187,0.44739224524619886,0.4294288146361479,0.5133747951832109,0.4701713006843984,0.4862414122683655,0.4920170657835434,0.42512828209247633,0.4457159952292185,0.5170414866689679,0.4308925993737279,0.3582039354465949,0.633849938587538,0.7162905068813656,0.5102392738274283,0.05974193279698997,0.687048875987721,0.11052065040282893,0.4997488430563206,0.35713209477658636,0.48273699981726426,0.3542526785547116,0.34626943746691574,0.4505224029592036,0.45452343105971954,0.4604963312634107,0.312592080085498,0.6490721006720817,0.5203188530071136,0.18836303827804235,0.28579736838798514,0.1875000792027771,0.4158056563136066,0.0,0.33436806023114896,0.4260484405927495,0.42584862697315023,0.26347775214137836,0.3086641097143933,0.5663387598181611,0.3171126551211235,0.3510183432379812,0.43553941348850594,0.27568012062075536,0.2802981656064591,0.29586678079802264
0.16963821860129416,0.34751501889277486,0.34342870787367863,0.510431506700109,0.4486305996724345,0.13382962167719478,0.5705598786073385,0.3489369491857999,0.46365865444156673,0.0727626035558891,0.5490992072424341,0.03177569511554418,0.43376873536678734,0.4785523060057211,0.140936390963627,0.03509251753174428,0.2851256781889718,0.17323483190425235,0.18880372220360542,0.1551746946239057,0.38820886886363704,0.20174678497865928,0.406098488135584,0.5275184157940787,0.33482373856043973,0.3362078791636568,0.4779652751829233,0.39036372229918703,0.1868592610357301,0.2499390296578116,0.36172942584384976,0.4331281100556434,0.5489504122331099,0.5179069733813276,0.38149341676880005,0.47603950908406617,0.48918430251496114,0.4057527520470528,0.41866798894400925,0.6390425316250333,0.42539553772545186,0.4064018030040586,0.6234201601286729,0.7252369823784481,0.6282491350518459,0.4616775932731586,0.5990912880449905,0.1487603204001848,0.45364494885704254,0.34698534204010906,0.6618745287386071,0.47403790408407437,0.3512684259154136,0.6013521734658587,0.5175139977144914,0.4773274448936915,0.27752628907601884,0.6774787918711194,0.5032805948266469,0.19521972495739615,0.26965329400270416,0.21169420524790214,0.45082694056035977,0.33436806023114896,0.0,0.5219029447669357,0.360219322010554,0.3204339217106692,0.18537204508100097,0.5282463781047375,0.3035493132537783,0.23023323766654866,0.4674724736738261,0.20032615916406904,0.18696563954612616,0.3230160687430576
0.5628999955302999,0.40835559195921056,0.43495546167444415,0.5605660388401688,0.36321083864603976,0.2869628053115323,0.5896753639262258,0.4531286522917844,0.40824491913118155,0.262268500880649,0.6987330281109927,0.24726806439269275,0.5265131107168907,0.5403715981389727,0.16248493056371904,0.17858738658118437,0.093403186944228,0.2785146512886985,0.3070116647299025,0.23878304919150292,0.4369954055404544,0.3070397242307892,0.5044874904596093,0.6509476998912651,0.4852732877823634,0.42227230948011224,0.5243390952746444,0.4395872874709154,0.2778529261317765,0.35409381501785053,0.37563359682954167,0.5545594445553089,0.4969938883303227,0.4185630257752607,0.5554510114040973,0.5741787139175601,0.610433430980606,0.5265206790392837,0.5672875021223412,0.4013949709817716,0.5152679911989528,0.4711282443262727,0.6583722255504781,0.7582925309987631,0.5578486622173288,0.19111179695389152,0.6415772104703823,0.29265652673230863,0.6037706548670411,0.49537124453756126,0.6701287710340158,0.5199862685021506,0.4411122681409486,0.720404083761586,0.716791790792683,0.5567419000537377,0.5328440612668933,0.6541420208554877,0.5939367926781359,0.3292860399771278,0.3225636943280468,0.3951300040098781,0.5547872343768707,0.4260484405927495,0.5219029447669357,0.0,0.4854506905837876,0.4918683958150493,0.47172395654636456,0.7037364451054072,0.48096545529548623,0.48671259689666174,0.7048584905772305,0.38239888854591825,0.46278130222067043,0.433149794437688
0.2620841541194148,0.3421860453963219,0.4356569117446645,0.5713953186413703,0.4926346748366812,0.30351131777016616,0.6167645714139383,0.4598870596569866,0.5323000826849889,0.19367377198377672,0.628399931766852,0.11175227003382071,0.538696134569812,0.45774031176417795,0.15494018082817143,0.0324572786074277,0.10323651578252777,0.13784893632601483,0.33350764381141035,0.13166127571484537,0.34353267868383214,0.27673641834052776,0.5112027687304109,0.42969415869574695,0.41823843155870977,0.3273210013493352,0.4872918860149332,0.4725139806057047,0.20119727618145916,0.30571855015426574,0.3370728248282833,0.4746854600672137,0.4882154126698553,0.4798632705036359,0.42857000053852085,0.5434989455792095,0.5315735623025614,0.4426723402984682,0.544144910101737,0.5165367022894718,0.4364491091676165,0.45858966461290374,0.7215685388158467,0.7714702679969495,0.5321256043741469,0.4175905311472424,0.6681961135999874,0.2546471351827316,0.5243977391793821,0.47290187547240736,0.7180148824413066,0.5277898880729031,0.40094001082869485,0.6841001697904842,0.5663482810670653,0.4951857459156192,0.25766228850131556,0.6934439956541409,0.6006995210390631,0.21331983386676015,0.32372411155123604,0.41280687490922907,0.47003927251719124,0.42584862697315023,0.360219322010554,0.4854506905837876,0.0,0.3414360271016527,0.21745722109947505,0.6030311810749723,0.3609662013840431,0.3386231026479376,0.4789270664654487,0.3209205238700381,0.4683958824151455,0.37867597549170123
0.43624446867734556,0.2422955202631632,0.3985318022828653,0.4620221832644387,0.44400250675742237,0.2295641059440056,0.5591896118555603,0.515781911539466,0.4229976288525935,0.15645742756841446,0.5187566921294441,0.06729097654996452,0.4380264360675759,0.479461627280754,0.0857168632162763,0.14519596919208552,0.34574446943724146,0.21056291249667378,0.25430665235652233,0.1061923747025803,0.3352045999702413,0.24964323698811403,0.3836407302468637,0.6083860591327974,0.4555656871380759,0.25443509111427753,0.3499874659778176,0.26454507154562434,0.14730485544353036,0.3360964252358251,0.2154312795171084,0.48428784203069575,0.4197437043101818,0.5460476039237271,0.4398611435864436,0.5247901067035815,0.5454655010872881,0.4344517147787855,0.4738481936777067,0.47247666327140897,0.42310817944341583,0.4048917623909109,0.6451255780853455,0.8332398934259209,0.5686629894892277,0.06871442929646498,0.6264710875429076,0.20826061244195077,0.5019779378353231,0.38830802304413736,0.5541498383712011,0.338286050361882,0.43062967118008383,0.5633184924835601,0.6014594774179306,0.4884822226956755,0.42401374966804345,0.6908609229136102,0.5900077421072805,0.2158210986521423,0.3607652193656405,0.2754833030028732,0.37792203328274815,0.26347775214137836,0.3204339217106692,0.4918683958150493,0.3414360271016527,0.0,0.3286013994448415,0.4321890452715031,0.3865525707162118,0.3475153573967467,0.4634425989459342,0.19220602771568737,0.3352809628058722,0.3413720199714393
0.3933191715337765,0.3054858528791178,0.2340102635823629,0.40175948734481765,0.41377126318067076,0.15009683818714048,0.511645536852483,0.3874146896036228,0.3947292584275083,0.1728082997931521,0.5570953916145852,0.17714794702054432,0.4363417753426384,0.4905973689445157,0.17849920482482118,0.389445782529584,0.4325666829130836,0.16552372462924944,0.21366567203805073,0.15993837113941156,0.3018733110427946,0.18522504722772914,0.3694685845727492,0.47659285513946187,0.2685759231838287,0.34367718155685945,0.4889853572744727,0.4017092596927957,0.2008008983771298,0.3466497466660512,0.2793468167265549,0.46641785619360887,0.35202243946762013,0.4310400514783005,0.435157766058533,0.4077896528728964,0.40633632935826436,0.2560529536058258,0.46145194703593884,0.38816359115206384,0.31494528887688594,0.3963157452500955,0.4089473027500238,0.5996907268950786,0.36456145362203163,0.13296964634897013,0.4875596114626657,0.18409318902388652,0.5080720940217569,0.3612934846421374,0.572593514237489,0.4421341745650981,0.33954482599532654,0.4447346853267424,0.5769460086750424,0.4596147304804912,0.32881566073185264,0.6299799011697655,0.3835550237230716,0.21431101469546127,0.24017662295241535,0.19603100637264212,0.32664682830775355,0.3086641097143933,0.18537204508100097,0.47172395654636456,0.21745722109947505,0.3286013994448415,0.0,0.5582259951355195,0.3922491510068067,0.3101127670584515,0.40993678534237366,0.12296494020717375,0.12977626472738532,0.34526398408985437
0.4378807249429995,0.45054550353058165,0.5338959583759747,0.6981919601466537,0.745975687275811,0.4409377880582116,0.8627180272002016,0.7751561529834379,0.7366732559888282,0.391216776045866,0.8369053991356865,0.35440345563462405,0.6947251421288864,0.7774431132838726,0.3056880095338207,0.22112778566116736,0.22801162534334074,0.44437776446703114,0.5301010562861994,0.3717095064254096,0.5048394212842517,0.47187866527823535,0.5620074887429967,0.6318097857185785,0.6853822590035761,0.5029103665653013,0.6360986672243295,0.6817635050361215,0.478221752956891,0.255979278800505,0.5466222152082648,0.6799786147208763,0.6546446035731439,0.7135861654403857,0.7131761697642924,0.7217719351340394,0.7054506206238627,0.6119868162897876,0.6555177181269484,0.7559832584570215,0.7147070992356533,0.6897430308502134,0.8159471100206963,0.9066452354409513,0.6449378878313554,0.20930808910968812,0.736486652765979,0.281163492784979,0.6206208898674294,0.6941461964084978,0.8618058717817436,0.6939481964380907,0.6455176401271685,0.9144880260017256,0.7680430281891256,0.805338067449581,0.5741066826330865,0.8209157633730235,0.927111498658314,0.4184963910487583,0.5867597824963622,0.6039017627251267,0.6575342459019001,0.5663387598181611,0.5282463781047375,0.7037364451054072,0.6030311810749723,0.4321890452715031,0.5582259951355195,0.0,0.5529367842499695,0.597566361980471,0.666576309621555,0.5925759126538717,0.5192922385955357,0.6137255990258187
0.41430879458174963,0.2685098539649729,0.3757042015626871,0.5023975459789063,0.4057564118235595,0.2793430947562616,0.6463564738447491,0.5077094836406701,0.5048895985814518,0.1754530845650995,0.6610758612567113,0.11246805479379057,0.4974248635676017,0.531831101328136,0.16401426337726197,0.0989116613529995,0.4856792819379663,0.16361287275429381,0.29187781909971483,0.23484194117137414,0.30262501562446287,0.26983927557461235,0.3860881811634867,0.4836438171072054,0.41738039174941843,0.325389930338158,0.4943507718266697,0.4059242229597509,0.23719442976170335,0.33151287579369115,0.34557635766556327,0.5135461048089482,0.41524100861414054,0.48903429941265236,0.5462256252059539,0.5472874166152492,0.5609645309899762,0.3830533062782837,0.4521764214139529,0.41364204843708074,0.4198538622817601,0.3917776022141245,0.6675958583073599,0.6681772883642334,0.47137798450192914,0.0861721089998505,0.5536719834520205,0.21975848728854136,0.5302835842615998,0.396154058140685,0.6410212868247296,0.477512527926202,0.43541729057299483,0.6435452234294787,0.6631120478191965,0.5369555385471552,0.41123954771375076,0.653443021783594,0.5351421982115703,0.21253950102649968,0.43461677192248893,0.3960679443700077,0.44579193720626215,0.3171126551211235,0.3035493132537783,0.48096545529548623,0.3609662013840431,0.3865525707162118,0.3922491510068067,0.5529367842499695,0.0,0.47290775780536065,0.47073508148833393,0.33993863766177795,0.2902051389440961,0.31675871200072714
0.13101628133876414,0.3630705983815505,0.3965935959935975,0.44808121203209994,0.574715304280652,0.1617921153646217,0.6221684392805895,0.4220175175401684,0.46727847320852023,0.11307911980876659,0.5019318359602437,0.1375023565842242,0.5745139661678655,0.5535713825130401,0.10067508559017355,0.2572496229154872,0.44550696692271297,0.10023840480520863,0.2878610941711691,0.058573542859078565,0.3433695204772229,0.2294507446826386,0.20047451943724176,0.4260341147577952,0.4157109913925044,0.3129535434926959,0.3573678206831706,0.4797118452527485,0.13730934492510138,0.2573434015375257,0.3454738943433341,0.4774735917484303,0.5367910865120171,0.5722508406176641,0.594098764571379,0.4355980648649548,0.5040830237476434,0.43038834014990335,0.5535149868118101,0.6145187179040466,0.5484909221313532,0.5683377403790582,0.6578187071230764,0.6959576819941414,0.6237367332994399,0.36663113391474894,0.6188515310733513,0.1728592662788603,0.5920617219472089,0.524628973804133,0.6550256152964455,0.49768546290852356,0.3993719044759443,0.6082338516714814,0.6443767354377176,0.6131065926915477,0.19640041346238227,0.7256540678411656,0.7368163465119607,0.09742393298830579,0.39658646625424565,0.504099821694365,0.5318061770408622,0.3510183432379812,0.23023323766654866,0.48671259689666174,0.3386231026479376,0.3475153573967467,0.3101127670584515,0.597566361980471,0.47290775780536065,0.0,0.5135588222517401,0.3610107910388132,0.1253044091292015,0.5205989363307384
0.3096684699066875,0.43863873627682326,0.4785212217066619,0.6341386848750082,0.6841475711669516,0.2608701912362196,0.7958941686107195,0.6582693759859624,0.5767055097969487,0.36530627622352607,0.7717831756398505,0.2630915470270559,0.5707902381294792,0.713469101963386,0.1977650773405192,0.18297613875930208,0.1327719867147345,0.29942057335090094,0.5426837226921915,0.31877642257362104,0.4790363697145589,0.3670509301244424,0.62247291611718,0.625099874773848,0.5174324653426585,0.48900267611659864,0.5459845130462649,0.6037782531409593,0.42790333400518493,0.3213052201606114,0.4365650807346065,0.6316283306713585,0.5646583390068894,0.6266005972546844,0.5535435395789955,0.6524004884142733,0.6824043059847847,0.7249319471017304,0.6277835689982985,0.6493634833299654,0.6143151340856321,0.5704776442337101,0.8967457335109219,0.8078052804146343,0.7100830827597298,0.3645134354233545,0.712333779869976,0.2615831978427322,0.5982414533025945,0.6466261330918756,0.7190256681637868,0.6192336711077038,0.6586264604081833,0.7443493012266422,0.7353774493897383,0.7382535191298624,0.5709058852557699,0.7833887936890802,0.8164686334511051,0.33140487158765775,0.5228833816265603,0.5455628073915352,0.623699274710023,0.43553941348850594,0.4674724736738261,0.7048584905772305,0.4789270664654487,0.4634425989459342,0.40993678534237366,0.666576309621555,0.47073508148833393,0.5135588222517401,0.0,0.47613563041986473,0.45353191935632525,0.4318544044225823
0.14075419538963801,0.1985268259580232,0.358073209065377,0.45949542177891645,0.39378247756251783,0.1286690242891068,0.5272657986539967,0.427315911856448,0.31984048127853487,0.14385798711219588,0.5549264956759208,0.09468706256265966,0.3002923607553167,0.4556297227158786,0.03523682807127654,0.03401549517288771,0.05310827258981282,0.14983177755296487,0.22204870287792708,0.13878888575528958,0.21944037373578848,0.22646348402732158,0.24849410916845813,0.3165881006440061,0.31752337986121215,0.1661192704709605,0.3420194018542655,0.3554313844178371,0.21558933153856738,0.29536185689008443,0.24983238407321673,0.3989286796589679,0.3553296469949134,0.38079819854225655,0.44385777569656404,0.3672254541822288,0.30908406416388545,0.33112551931609757,0.4116339617962299,0.30201562261604187,0.36546539496200675,0.3848753891222578,0.5485304994403146,0.7825864971395111,0.45863066831560556,0.4570638416329388,0.6468947883547673,0.12521881492593548,0.49315422658620156,0.35876771328603424,0.5527244283642249,0.35957975126009284,0.299118572074606,0.46684434276877734,0.5012955742031899,0.4708906201282786,0.11359155523975503,0.5697713636149775,0.4903770427785652,0.08316211002110266,0.37037557926514453,0.37822030294989656,0.3995521327689046,0.27568012062075536,0.20032615916406904,0.38239888854591825,0.3209205238700381,0.19220602771568737,0.12296494020717375,0.5925759126538717,0.33993863766177795,0.3610107910388132,0.47613563041986473,0.0,0.2512014992321396,0.2584378913302749
0.1788017237631323,0.3322287063594353,0.3288844198063607,0.4040245463260335,0.4742723034912354,0.13607988609386934,0.6433473518200017,0.5349624152213479,0.42367725218278507,0.15693026972709898,0.5799000943756701,-0.0015885364273694469,0.46275415713567625,0.5071399471840962,0.21656041348731173,0.1809908808806492,0.08449968762155452,0.31906523366386874,0.14296947321978015,0.2625347257430322,0.2708041132965734,0.19805968404192664,0.2587605804773341,0.4620294904311565,0.39880111799299794,0.254295115697545,0.23490537596279853,0.3790532882730394,0.034735194015877824,0.1256325621915749,0.2403915684493313,0.4786688687845257,0.44800119790700216,0.4589585703378605,0.4602081701325437,0.4146764765872452,0.33642709641350643,0.5547452070830731,0.4451526696128879,0.38998722902661626,0.37263067548783024,0.3608569014903938,0.5646059124465,0.6868435038290609,0.41844795407687235,0.4504482923956946,0.5495353218903437,0.11955062375930467,0.4988795804842252,0.514255331804963,0.48262497271359567,0.4845206981307258,0.5093042866812154,0.5796485824127461,0.5520965395774979,0.5338541217804349,0.2707747078177499,0.650679881939245,0.6246140526611892,0.09291365737990259,0.38974467782411426,0.503123388726617,0.4724552163395437,0.2802981656064591,0.18696563954612616,0.46278130222067043,0.4683958824151455,0.3352809628058722,0.12977626472738532,0.5192922385955357,0.2902051389440961,0.1253044091292015,0.45353191935632525,0.2512014992321396,0.0,0.38715986974972105
0.49786543370270775,0.23602463335966783,0.30864287727745376,0.5280776398917745,0.3587805389266906,0.19103826742862068,0.43619484146773885,0.37470680215229457,0.3872001405914343,0.2902784892049984,0.45708849656379524,0.20423441657944746,0.3438482871819212,0.40701498197045366,0.13137423136512943,0.13875156852627696,0.10059912756469963,0.24965902515343227,0.2519963086571936,0.17939087858334118,0.26838067521422193,0.2491286967297811,0.2754972402137613,0.5686342075697683,0.45727125369540794,0.2394087634386488,0.5089848074583342,0.26327131658271913,0.23075340621919838,0.4353358833443488,0.2995738228096971,0.3753232190058112,0.27839704559073764,0.3352866925074651,0.3630740326255496,0.30675684090202554,0.42070471195663994,0.35371684026325023,0.3983652100419537,0.39078582658717614,0.322592039513917,0.27795449020378427,0.4281479058237349,0.559123643961207,0.4238261270209704,0.0458101632106685,0.6211354284078192,0.17428643994663728,0.3309692178884087,0.35330224816646183,0.6625714865928586,0.38096663324428326,0.3211097405165059,0.4640921792379947,0.5162461631272428,0.4266323041174467,0.3389543606404529,0.6559248426022928,0.430115609499611,0.20168157846888188,0.3503218244067483,0.30208330581133513,0.47051190724189373,0.29586678079802264,0.3230160687430576,0.433149794437688,0.37867597549170123,0.3413720199714393,0.34526398408985437,0.6137255990258187,0.31675871200072714,0.5205989363307384,0.4318544044225823,0.2584378913302749,0.38715986974972105,0.0
