0.0,0.18405515251911078,-0.05311864688580514,0.05211392259752218,0.2642903902920234,0.11132457203938573,0.21180248312367433,0.24896603001262926,0.1821754543533863,0.13171857533266207,0.1814556702414707,0.058190978521597714,0.14823289245740479,0.08292114560561786,-0.03114452168847165,0.1731126941382452,0.07353208257856803,0.19570058355654513,0.23086849000934295,0.28555460286625156,0.12746724486017535,-0.0030091757849083356,0.3129455395840287,0.014210817210940252,0.09956908093254802,0.07001085731299136,-0.007381911887760828,-0.01900977269724674,0.01297937892923634,0.015953050040493244,-0.06083574260453162,0.17857725360470728,0.04724373085864558,0.12609139856772705,0.10920131552451467,-0.03923325518098697,0.1280133083535867,0.2390974354680354,0.23108482379934114,0.12352657929206667,0.07200559610101387,0.2286695857723433,0.12603652677631877,0.20756556195494927,0.3069486613780461,0.2843302328515452,0.2851234782602028,0.036409549386207773,0.10449709934449675,0.1162353910840992,0.12426850457775324,0.16009076592013333,0.20634084024804833,-0.013658582140479436,0.08720824303217917,0.20009960136831642,0.15336845190425383,0.135401415061235,0.11967203179456021,0.040005573526183,0.15169621657921467,0.1895967433500035,0.007092914518118665,0.28033748139118475,0.276894732118329,0.15906049134039713,0.2951370689357926,0.06276275620086774,0.0829814999373063,-0.0050928007935528985,0.03505410997629982,0.3574517162438227,0.10003544447496299,0.3003063375484659,0.27480208182010774,0.11561196585519706
0.18405515251911078,0.0,0.3574812423095877,0.38876652847765686,0.7928826698458755,0.5545770103218861,0.6937499900435351,0.5516256732599097,0.7604531432230842,0.4997817024778479,0.5964079003157405,0.3973511017600269,0.5777516447437894,0.7526995387782207,0.3065819849118495,0.46798185362863065,0.3937679031270849,0.7680386248711077,0.34539825600787827,0.20886972923992586,0.6276893195392592,0.4475258854177786,0.2693031975568815,0.32280202484623466,0.6027760254405893,0.4596453389039951,0.3917445543822179,0.40746719672502485,0.5367326146433264,0.3195362689946415,0.3336803916915808,0.5827810240215467,0.6408541559523908,0.3231486468322046,0.4834830111014888,0.49125199844033146,0.4668089549860165,0.8142896615580968,0.5595575933442853,0.5791164876459233,0.3629670449565838,0.5401492506979837,0.7178119875827038,0.7169950546893521,0.16227046347838597,0.22511291683259738,0.3442030772141886,0.3820500917043759,0.3807187694951432,0.4776985830428487,0.6182549501503504,0.5240835278581265,0.5368922579711672,0.42723509362313905,0.3570865535940527,0.5839615394583487,0.5631735048329398,0.5671695107124929,0.6774219304786061,0.38164904800960203,0.5079798161360977,0.5622269612453485,0.3508324652562409,0.28340235602755415,0.2813540442359563,0.4357002569396441,0.38139741769620267,0.43042034955713937,0.4202218778000215,0.4004904369053939,0.354742164583816,0.351764670978942,0.5058592001465637,0.3805678755984619,0.18200078887390111,0.46048609777412863
-0.05311864688580514,0.3574812423095877,0.0,0.20442231982708411,0.3955360764677402,0.27588252088315834,0.3479635437962629,0.2849659138394003,0.3960690435532583,0.2675546126719962,0.3523079844227192,0.30146793596167204,0.3928257278732905,0.5091000457535444,0.2073012795177403,0.29832781616852255,0.2506751716143205,0.37350629504455096,0.10337564194131632,0.10220595118550418,0.34413073108247244,0.2995174729819591,0.09377460573034341,0.16779830051516786,0.451058494034285,0.24878730618110856,0.15784778518710887,0.1793442813597232,0.26723055125522194,0.11238771968615432,0.09142435422134701,0.3880076308208957,0.2695967844203857,0.12491850930265083,0.3143705148248018,0.26579682884465916,0.2334542965386553,0.37593759054446463,0.27907720784991796,0.31308489614091384,0.2596183969183456,0.26717052125257157,0.2459319635040646,0.33182748589300215,0.10182504217921512,0.2680090434903778,0.12196762386356014,0.15305571739579907,0.25044866957842316,0.23347472501499264,0.3318840405939806,0.2944599253236746,0.34725647922861047,0.1680893960149493,0.20280226544261015,0.2706334849321978,0.30986164684951434,0.3519997648023723,0.23630177717872292,0.24144684148032688,0.34406641346087224,0.3314479275749205,0.13021344975626128,0.050901743513766085,0.17538350894396423,0.17276446647929689,0.2192991699245088,0.2826244330002733,0.23765665330771693,0.1600084851428299,0.2080232078597888,0.1524743812291056,0.2626896623725911,0.1734781086167385,0.0675436509167196,0.27871429360937244
0.05211392259752218,0.38876652847765686,0.20442231982708411,0.0,0.681367968352089,0.3522875662525826,0.6131977217635141,0.32741746993674303,0.5114620009618233,0.4034844782675,0.5517431339729636,0.33987380563462144,0.44606686072412355,0.5432736918936445,0.08756556972851437,0.5091129958368681,0.39577456782401643,0.5977496681432874,0.30963406693661444,0.1271480708092683,0.4209249825639795,0.337920790017808,0.18436668566742653,0.29550186518511967,0.4571739144682434,0.34189727452730334,0.3023180031608791,0.2901451092117509,0.36857991313487126,0.2901405162316682,0.19896503868313017,0.49225733523635357,0.4126272234644303,0.2574628919170025,0.4094221314881832,0.33468305698284906,0.32745309424611496,0.40731068525904984,0.42679395330996106,0.4293902728616346,0.34335494513894715,0.368457682980886,0.42871175874452333,0.4385119708448032,0.0846684264189243,0.2616509486568313,0.3368855625024953,0.28013061467526273,0.2047681400820173,0.4025323548280737,0.47711423312241524,0.5007042401642581,0.4230079134898363,0.32545105452418893,0.239597520011992,0.5340770246859484,0.4887261949185346,0.5297556699857559,0.44951847267445716,0.16631375252036346,0.4315443442101082,0.3756096462413499,0.2375977969168599,0.25255153392114593,0.167476172618242,0.2692319850485383,0.3334302887021269,0.38611076655673915,0.3870562622873128,0.3121760021614701,0.26677184357418215,0.2709797914041928,0.44528521928886133,0.21619675161467583,0.23224355450451137,0.3595996499036789
0.2642903902920234,0.7928826698458755,0.3955360764677402,0.681367968352089,0.0,0.7695945191576707,0.8796229033542626,0.6691890520079343,0.9793441154636883,0.6588314198143598,0.8584092940220656,0.6855735921984647,0.9555710488856484,0.9666855429581485,0.4756850544469738,0.8878771484692434,0.6039925805914624,0.9662647007408245,0.561375381153962,0.35743096081097914,0.6982201860830455,0.7916876573306019,0.48468818517280104,0.5613977911711142,0.9288889788760789,0.6381231446223767,0.7368790339299607,0.7120217293289491,0.739497849807606,0.6243441263417873,0.545030004316403,0.7790650877932205,0.8890714323640048,0.5621527863407798,0.7878114499901593,0.8044748991681469,0.6260616281426896,0.9471764562006073,0.7274019941176468,0.9187068339096893,0.7165399339893511,0.8229391907362074,0.9177459767924392,0.820356128868797,0.3737720974178901,0.040031993042757175,0.6650689957757774,0.5853419201932197,0.5166658068187965,0.6293779718223952,0.7696709871026948,0.5806089420045051,0.7530812448717824,0.6333217058028788,0.5254698887565439,0.8112425477633524,0.8994160897490195,0.7437489659438392,0.8886264021509589,0.6764320762031517,0.8727209637812545,0.6866663744970034,0.5305026526040123,0.5623725237563808,0.5897597519463631,0.4657814547938856,0.7174208979970331,0.7763329110023948,0.6685133811782549,0.631820414469981,0.6046113211645294,0.6247284024261189,0.8932751339142425,0.5507010811196542,0.4399957738705008,0.7637767129996765
0.11132457203938573,0.5545770103218861,0.27588252088315834,0.3522875662525826,0.7695945191576707,0.0,0.6131938634269495,0.5086896244880659,0.4602992150568338,0.3687557262950783,0.5379421572155495,0.4014913108973028,0.5627442286720332,0.8196815176452135,0.2921672820853146,0.40746594727742347,0.33073874544380455,0.4685333224508932,0.2480603451208889,0.07972938487970743,0.5409637114061865,0.3913998189012647,0.1655242603006823,0.34418548964327816,0.6078976846897534,0.3745233317142287,0.23048512403526894,0.24515833672892146,0.35977535851788683,0.21400424393225642,0.2271860815912312,0.6287451013744956,0.48139786118471833,0.2291023312152895,0.4994597866809255,0.5571728638419237,0.47849940179067424,0.6199266682656182,0.5033122984420195,0.6139210884500349,0.4139936970803376,0.4956724446426515,0.6035548439522277,0.6278259290666067,0.1976905409752644,0.022673882184686633,0.3687507702425643,0.2365541358721689,0.30846043482049124,0.4240651431283663,0.4510796409512301,0.45998556295241333,0.4388723891223459,0.29652253531087247,0.3771207464134186,0.5387816669635105,0.6162747433867335,0.5249150460619854,0.5988120560108599,0.3914088766207336,0.48915706030929085,0.5090153455509223,0.28032448065200516,0.2194236475318736,0.23290257452185795,0.3576760259002266,0.343242804566741,0.4122975652097551,0.43034355627804416,0.35476754838072877,0.3994569662054387,0.19456697314685492,0.4814629003210637,0.26657709752335346,0.1498764175920823,0.4250230815995909
0.21180248312367433,0.6937499900435351,0.3479635437962629,0.6131977217635141,0.8796229033542626,0.6131938634269495,0.0,0.6736622147301816,0.8798713250382852,0.6631301313324443,0.8619264827058768,0.5676990649622566,0.8628937168244414,0.9347285413790183,0.41316259863718013,0.7741858669792937,0.5751012174767487,0.8512360509315289,0.5353035302743167,0.3259807892530895,0.7200973564067493,0.7266484755976994,0.4004996043465503,0.5218999854986193,0.7860634245238298,0.6076783674364193,0.6184710576901407,0.5667353950313727,0.604439085877015,0.5761877980041036,0.49043840630308005,0.8355127606587842,0.7435447311626489,0.5044785555448126,0.6229885903140353,0.6489334456058411,0.647590838899826,0.8252939384930018,0.7454581890959078,0.828453948797119,0.514759269385856,0.6345426925300298,0.815506312249225,0.7977307928977164,0.2340935094495124,0.021714472619601077,0.550663839371067,0.5009085415977844,0.45082304716694976,0.5536576829974538,0.6558991215567458,0.5455011536875438,0.6656390110598924,0.46020445983539604,0.4477845457213353,0.7659479532078368,0.8565982730292973,0.794257017544015,0.7508543815453574,0.6154097675221117,0.7612488566639122,0.5808227561824278,0.4719864921786321,0.4059935564225136,0.40954189461579893,0.4964279033778254,0.5295807952326468,0.6656434251274905,0.623748648201412,0.5642042779768188,0.5983880088590686,0.4591370522926993,0.75461624125283,0.4896253098631905,0.35674836517214037,0.6186827596887902
0.24896603001262926,0.5516256732599097,0.2849659138394003,0.32741746993674303,0.6691890520079343,0.5086896244880659,0.6736622147301816,0.0,0.756528570601647,0.5289974111663918,0.5881128835632311,0.4552971478648175,0.5450777283892104,0.6829881310399213,0.36313103168779226,0.5508850127180174,0.4048292722459441,0.7127076793071525,0.43812779210674924,0.2829599361936477,0.48385683249857436,0.5314566449540883,0.3057044567739743,0.40880640317967143,0.7117435781547261,0.5624360060996293,0.5252855013164136,0.45823559276766407,0.5082339998587057,0.46925821178537186,0.3722022065818587,0.4916821046589089,0.5142140614492832,0.43429786453249697,0.39515290415775994,0.5207379544438137,0.5293207361782614,0.592883130854146,0.5350438029040918,0.5915725602526369,0.46101233911990563,0.5585416204345046,0.6131904975526907,0.557255345207552,0.28245982184597174,0.07981665799391152,0.3803004342659338,0.39760839589580177,0.3731319593912147,0.46925712829967126,0.4766628107416839,0.5299033070718545,0.4028970690587467,0.4712339811628793,0.43464775788863297,0.5563080415746521,0.4959318355846949,0.6224918733591225,0.6247811189263511,0.4032740365772555,0.5201187086594651,0.5542399621133676,0.4033279487448532,0.271505734249032,0.28116958975941464,0.35508364216599386,0.4058225124154472,0.49294896680201655,0.40460005273688954,0.5022581211039037,0.47873794645311424,0.34283554977367026,0.58122877503591,0.48202447911314084,0.3773548528383314,0.46648861823234067
0.1821754543533863,0.7604531432230842,0.3960690435532583,0.5114620009618233,0.9793441154636883,0.4602992150568338,0.8798713250382852,0.756528570601647,0.0,0.6332889605023244,0.7087573163229279,0.5131028423709006,0.8095534436244913,0.8465779594219773,0.46755603711394744,0.5614726380386215,0.5350774357216526,0.6730304725532339,0.4338140387026178,0.25577292313362365,0.5605339680292655,0.5705977492964731,0.31203066302274757,0.48604946693623574,0.8480521154234381,0.5506122122259387,0.45454798877888053,0.4009030408241047,0.6348803926249191,0.3726624432733129,0.32942387255373695,0.795664562010729,0.7805116455601704,0.40453133742051434,0.6649974124923361,0.6081792195795762,0.6160182888296978,0.793367947479835,0.7399172137942968,0.7658806034325982,0.6057678848708079,0.7107356006931452,0.8274091348471564,0.746576693144251,0.25629938664238483,0.006118196289123912,0.5439783341664972,0.3863342986261256,0.5030684994015279,0.5287092982917582,0.6884744069348123,0.6671299058533989,0.7191267582748657,0.383618150852439,0.5043681189751071,0.6880867378382499,0.8000918921496576,0.7863939942458185,0.7326117217103987,0.47379776322944456,0.5933299857451885,0.5745822669577187,0.40737084169494725,0.3441008175720952,0.45290242012343696,0.4829270709078869,0.5464111572050373,0.6549688800185757,0.5732385922151721,0.5533354948527036,0.5966348003324051,0.42438838352051866,0.7041406296207083,0.391728945732298,0.327350845532094,0.6994767786070082
0.13171857533266207,0.4997817024778479,0.2675546126719962,0.4034844782675,0.6588314198143598,0.3687557262950783,0.6631301313324443,0.5289974111663918,0.6332889605023244,0.0,0.5066749496581255,0.3387612570273226,0.5358944339555378,0.7091066318672362,0.2498402167553747,0.5752614709730546,0.43991666420030817,0.7251317348887999,0.3906586428179649,0.2484131900443074,0.4368336177709101,0.4982902341441148,0.23479247666934747,0.24985471569410933,0.46764643559336344,0.367710121000918,0.39732591183367527,0.4069760390461214,0.4617531306147139,0.39286086674265897,0.28685333785272493,0.5416964871239388,0.5651513706496064,0.2674026130652799,0.43408706058632535,0.4612478418142744,0.3933080154135531,0.47709424624564856,0.485670107142834,0.46533026840647707,0.3324678656999091,0.422785659838079,0.5434777722221673,0.6763479190608868,0.205745389100372,0.029423862884817298,0.40687390366024945,0.3387012786871041,0.3579065232442085,0.42634763432636436,0.5719127852874106,0.5494361668303137,0.4796574498064462,0.40288381992187206,0.45349493909122274,0.5857820990573558,0.5233604120343728,0.5654962262098728,0.6114150938716592,0.3273007508796501,0.5624543861008136,0.5590803538676042,0.36024273652631233,0.2969288430335627,0.29371828575152686,0.3856658213015923,0.38831008209301365,0.4287485200125996,0.4467149865342831,0.3749861880751116,0.41247052938768136,0.29803743646703285,0.5390562244519904,0.33334760001986213,0.20818012276240716,0.4792005197507334
0.1814556702414707,0.5964079003157405,0.3523079844227192,0.5517431339729636,0.8584092940220656,0.5379421572155495,0.8619264827058768,0.5881128835632311,0.7087573163229279,0.5066749496581255,0.0,0.5199275661420989,0.7277776791440116,0.8838288449270155,0.4409411518648181,0.5759060737168482,0.5713733519632614,0.6898404722529536,0.436303903540416,0.21987581611132131,0.6141754427215136,0.5677924626495694,0.3557499985067064,0.4820014897939337,0.8006480440250323,0.5473952402501845,0.45253593856885693,0.5292682427506432,0.6072001160800448,0.4243281260499016,0.30830183229063407,0.6407460725413047,0.740157082123124,0.38757738461065117,0.5217360893237287,0.6081585130332086,0.5266133166886005,0.7747393740543547,0.664319513730986,0.8652963569792183,0.5713051286561955,0.6727132169732142,0.7360379959951369,0.728552947792795,0.17655129248076523,0.031901362823955615,0.4740764986916428,0.38901885759780314,0.42986712759476026,0.565210342702824,0.6630940139508272,0.6511388387106481,0.657190731189666,0.38080697221521653,0.5109955259029564,0.7400505762117744,0.7535860283014129,0.744108178974741,0.7064133491626409,0.6090625641370336,0.6439275339804608,0.6509253596282497,0.40857794405725595,0.3852928990967779,0.4195910745986261,0.5612760320973321,0.525196725334373,0.6838512351595692,0.6090229899232094,0.5484710404559803,0.5926032269993251,0.43294061806409506,0.7035279280731084,0.5007686508630698,0.3339878127382314,0.5890003543626252
0.058190978521597714,0.3973511017600269,0.30146793596167204,0.33987380563462144,0.6855735921984647,0.4014913108973028,0.5676990649622566,0.4552971478648175,0.5131028423709006,0.3387612570273226,0.5199275661420989,0.0,0.5107001999257047,0.7478893365440382,0.1628736003260624,0.46690861849681353,0.3643880249654754,0.619950622539228,0.28030895644487297,0.05186729151581754,0.47464353894494504,0.3562797566347033,0.1421907740248124,0.22706832649277084,0.46244992004450536,0.2620684613767135,0.2553274552280005,0.30671081351010887,0.3780601366429912,0.3092462971832943,0.22636042539240186,0.5389018086967035,0.574675650633303,0.31594959984144394,0.5644206003188288,0.5502845680148769,0.44947348474612214,0.5266834035549113,0.4384610291717023,0.49159765485886076,0.42339364439504124,0.4841681585253299,0.4931260394624221,0.5174459559485174,0.0950690368107524,0.21596587286802743,0.3192640798089702,0.24745280064317057,0.33948216650241214,0.38443022712171,0.48893417299914854,0.4812132700453734,0.436658206245202,0.3071607532268152,0.31200477280310235,0.450650538133621,0.4251424683261086,0.5067986827206026,0.4375379555188202,0.23182441081507263,0.45234453846010125,0.457903790252004,0.2727712812830352,0.21521665628192183,0.15867317534061962,0.25652331083793156,0.30499423477301435,0.36563735937339736,0.28059111416674437,0.3445731674534239,0.23949858023467108,0.23464969516790418,0.4512919794392475,0.21528843386027802,0.11914337538497882,0.47912921877645553
0.14823289245740479,0.5777516447437894,0.3928257278732905,0.44606686072412355,0.9555710488856484,0.5627442286720332,0.8628937168244414,0.5450777283892104,0.8095534436244913,0.5358944339555378,0.7277776791440116,0.5107001999257047,0.0,0.8535345919656452,0.3575461692203653,0.7097867314079394,0.5641354337892247,0.8318019673617969,0.43578290851077,0.24838546494379143,0.6338517765532379,0.6309308167643789,0.3284991333718881,0.4553455040527741,0.7784557919423132,0.5294073797200467,0.5656379688933799,0.4771057837654253,0.6149544997539688,0.4967733872532373,0.4219155084676668,0.6840498300156216,0.7382018602549931,0.41181002263898314,0.5835612587356312,0.5458284072513784,0.582932806846549,0.7782040114040099,0.6186759342523385,0.6240025955541157,0.5830158894650741,0.6303605878105122,0.7316396768320291,0.7139434898711232,0.2794909671730022,0.0340965211123016,0.4882953493965076,0.4848505268201378,0.457479244436206,0.5805165425503301,0.6960075907086736,0.6737935687814239,0.6123617340984931,0.5840173150001263,0.47054417639196533,0.698285752173034,0.6696389323630507,0.8144021333607866,0.8051773370941446,0.5408060815448469,0.7365123574168579,0.6616610577505349,0.3988146667967865,0.33175093349113133,0.4618168304830782,0.4948072464167927,0.5973830995369407,0.6522070350318743,0.6127920010030062,0.5053854815708233,0.547606596171047,0.5274878911556409,0.6816553302796879,0.429069772459288,0.32235084104647743,0.5516455991065802
0.08292114560561786,0.7526995387782207,0.5091000457535444,0.5432736918936445,0.9666855429581485,0.8196815176452135,0.9347285413790183,0.6829881310399213,0.8465779594219773,0.7091066318672362,0.8838288449270155,0.7478893365440382,0.8535345919656452,0.0,0.44560446570130896,0.7962344651092996,0.6944703292595008,0.955475754570181,0.6106396932415663,0.4570136860243732,0.6238952519685013,0.8200485199617338,0.48169051550557823,0.6265664424061982,0.924106171947081,0.663316620217362,0.688499344828063,0.7080363123758573,0.7160225150552646,0.5642003857747525,0.49823745584133855,0.7245857220782681,0.9579013097417084,0.621728622137574,0.7359589657670172,0.6207636998770185,0.5790995120816509,0.9450230939502536,0.7155494682099253,0.8439922703946736,0.749880791480964,0.7811496206836945,0.9388338781477515,0.8494655291743655,0.3943532202886138,-0.012623816739098626,0.6681626441644131,0.5735773219932347,0.48864172835727704,0.8194619561311918,0.786664414068684,0.7984497008282516,0.7701851130807265,0.6708656381993072,0.43206560440376285,0.7632190294849541,0.7948214825337085,0.9393586599383108,0.8215678245751199,0.587973391413258,0.7238286509036157,0.6151799755195133,0.6417392121726112,0.4940901917245815,0.4331095969548183,0.4931433395951172,0.6005353568095609,0.7361956937679303,0.629509294757055,0.6445990467224525,0.6518045841279276,0.674594715640404,0.7804651374529248,0.6816144129220836,0.48153450209844373,0.7020879097938282
-0.03114452168847165,0.3065819849118495,0.2073012795177403,0.08756556972851437,0.4756850544469738,0.2921672820853146,0.41316259863718013,0.36313103168779226,0.46755603711394744,0.2498402167553747,0.4409411518648181,0.1628736003260624,0.3575461692203653,0.44560446570130896,0.0,0.39982598439972866,0.21135531248475953,0.5829073279830582,0.23465807440700992,0.023300822518606212,0.32177632309987153,0.2739296556207256,0.06486717630427208,0.18161451365489745,0.3932178475459734,0.2331580493293667,0.1787681799658557,0.1728828711013441,0.21588154921459954,-0.01359670259833412,0.05623844665777969,0.3664403264285688,0.3968356747557577,0.16551061528597025,0.25840387678663645,0.318008923246155,0.28888566263964144,0.42304708387474743,0.32233396141083565,0.3904259138359883,0.21818226892661674,0.342850927623076,0.38094374207951476,0.43449030346110246,0.13495563174080571,0.334337633319625,0.13237793521572855,0.21048483437789076,0.3583590450312618,0.21955151309171236,0.3296775984131346,0.33826102232623617,0.28220413381623144,0.1641558599849428,0.2535307804954276,0.3673435619973625,0.3569563915205708,0.40655519147043895,0.4227726218264598,0.23256103119789662,0.3561840138132953,0.3020330536446157,0.1351480359056173,0.02922009205348633,0.1343851441899139,0.20172580980213778,0.20951127991621138,0.2521135334323237,0.3995371499447778,0.21173057987327043,0.21262169845178677,0.15493806259598483,0.3336010341073112,0.18173612505516926,0.2390151902680902,0.2628506235985385
0.1731126941382452,0.46798185362863065,0.29832781616852255,0.5091129958368681,0.8878771484692434,0.40746594727742347,0.7741858669792937,0.5508850127180174,0.5614726380386215,0.5752614709730546,0.5759060737168482,0.46690861849681353,0.7097867314079394,0.7962344651092996,0.39982598439972866,0.0,0.4807826873499917,0.556465493085119,0.3490852365964762,0.20530838193892756,0.5176739192296356,0.46289154137658195,0.24446205337753016,0.36034732996466184,0.6623504063106072,0.4176186890209389,0.3659886453096425,0.49895897872897566,0.47570366045268664,0.30987326106681423,0.2717365360285544,0.624681199284844,0.6966173246979452,0.34434996150395775,0.6095997242064408,0.5772092906739732,0.5229277898971949,0.7694883989209216,0.6209026185861187,0.7022798369276366,0.5110982603382239,0.5796137703650053,0.833483845547027,0.6835562617305911,0.3134625896032875,0.3017100543698397,0.38484367182606316,0.2911298023222641,0.4503751779111539,0.626904747927808,0.5397164450621701,0.7195881517616316,0.6241469123619301,0.3686273992646114,0.48644657780658523,0.6032066072681481,0.6701065149996639,0.6560545460010438,0.7907990875041718,0.5058600662182204,0.5807943179540589,0.5414240566073607,0.3773242996543707,0.3981535248901021,0.3273329618356342,0.4166518341645753,0.42330463035187244,0.4899921983052795,0.5580320376999381,0.42190281222153003,0.45779385324325733,0.33197972704323486,0.5487854472868776,0.44867208614283466,0.20675518345317287,0.5586819319852281
0.07353208257856803,0.3937679031270849,0.2506751716143205,0.39577456782401643,0.6039925805914624,0.33073874544380455,0.5751012174767487,0.4048292722459441,0.5350774357216526,0.43991666420030817,0.5713733519632614,0.3643880249654754,0.5641354337892247,0.6944703292595008,0.21135531248475953,0.4807826873499917,0.0,0.46638937976494566,0.2773368127400582,0.1692459445992107,0.4099570226785994,0.42002128723280885,0.19611513847265752,0.2217316543716588,0.5315384249272636,0.33678510014170615,0.32449884142168683,0.28561761221327675,0.4424191408002263,0.259879797511609,0.1919669915749805,0.4948088247371788,0.4877719576301967,0.17912529912816205,0.5072643835469787,0.5729156813103562,0.5324782908028144,0.5050347810804248,0.4321507622609272,0.5711254521077862,0.32741883249597914,0.43358384456788374,0.6152238994693208,0.6497919349186019,0.15510310973829963,0.2361795104125381,0.23865077205924876,0.22551293875712838,0.3825965063242285,0.4670738049034794,0.4660584427039832,0.5194153242837273,0.4749883016410431,0.29445236181808876,0.36629348128392736,0.5638160708490836,0.42155049271156164,0.5862452222119584,0.5757489799100702,0.207545092404542,0.46991664477350326,0.5070594204866129,0.26857406639818554,0.3009602033043485,0.21118106364493983,0.33855138276199626,0.2696091229534762,0.40475310486386984,0.34417562096470095,0.364584431787408,0.3270675286107978,0.23472991729234619,0.4214270789487565,0.28949614603512386,0.14577814682300838,0.30127334621864543
0.19570058355654513,0.7680386248711077,0.37350629504455096,0.5977496681432874,0.9662647007408245,0.4685333224508932,0.8512360509315289,0.7127076793071525,0.6730304725532339,0.7251317348887999,0.6898404722529536,0.619950622539228,0.8318019673617969,0.955475754570181,0.5829073279830582,0.556465493085119,0.46638937976494566,0.0,0.4507583331956795,0.30441812378160876,0.7425252479666334,0.5831058332733012,0.3077211560028283,0.5510271493746517,0.8564424930687322,0.544396554220825,0.4446721028166772,0.5597826709680535,0.5870830715729946,0.3947068465462933,0.31084800121787654,0.7760351809308825,0.6963322083623253,0.40122361094443404,0.6666183937048809,0.6990161709754448,0.642138562272127,0.9093497819812266,0.7267314871957737,0.8400598864740751,0.5669504883398341,0.6949022816328627,0.8182571811853203,0.8111589626539859,0.29996445415768586,0.37620812069636556,0.49637814525400653,0.35649210323180314,0.47952931105175534,0.7010535123160057,0.7114808698784676,0.787528206689914,0.631443114542701,0.41835129546807787,0.621901928419976,0.7169779442079103,0.8482512572223657,0.7441849487094296,0.7895752345510183,0.579333191946684,0.6579456863273212,0.6881744307892159,0.41722755878293216,0.3678628322812781,0.42777610070110933,0.5299151104364055,0.512206191243679,0.5955443169977812,0.6277174636051471,0.558441530538271,0.5464034507357196,0.4031332496863707,0.6665804862021173,0.5315044213505921,0.3087686285923393,0.6278217457579194
0.23086849000934295,0.34539825600787827,0.10337564194131632,0.30963406693661444,0.561375381153962,0.2480603451208889,0.5353035302743167,0.43812779210674924,0.4338140387026178,0.3906586428179649,0.436303903540416,0.28030895644487297,0.43578290851077,0.6106396932415663,0.23465807440700992,0.3490852365964762,0.2773368127400582,0.4507583331956795,0.0,0.010472513314508686,0.37074143804486265,0.2755015329629727,0.06274442860412488,0.24469079167045332,0.5675825796445023,0.2655172353723336,0.18696720938513517,0.25452507830942706,0.2637897240086978,0.233198414560844,0.15229929468418585,0.43352314563917893,0.48633300892279396,0.20381597223809053,0.43838282727297595,0.37103567541354354,0.3585246423557422,0.49944280251983453,0.3434700753538251,0.4651993456492669,0.316048333689833,0.4301442141092366,0.45886296520729325,0.5191961248579106,0.08926534167325911,0.1956975164323672,0.18020863467810364,0.1536074665676145,0.3335924114952853,0.3686906489238869,0.4191181632647967,0.4037341648372814,0.41539936181455206,0.23319842594468543,0.29858560620058006,0.3805005823867859,0.40532728704158455,0.42646306166941567,0.4319151143415949,0.19706437319613448,0.4098420562813106,0.35793561688192194,0.22546051280009813,0.10862839549790138,0.08359199389042157,0.1810076872357039,0.2684514440351312,0.35313680140450476,0.2881303623867636,0.23668934689484755,0.2991318612415555,0.14975033969646495,0.40866055469562307,0.1687069887062763,0.048385633765147346,0.35895153556900317
0.28555460286625156,0.20886972923992586,0.10220595118550418,0.1271480708092683,0.35743096081097914,0.07972938487970743,0.3259807892530895,0.2829599361936477,0.25577292313362365,0.2484131900443074,0.21987581611132131,0.05186729151581754,0.24838546494379143,0.4570136860243732,0.023300822518606212,0.20530838193892756,0.1692459445992107,0.30441812378160876,0.010472513314508686,0.0,0.1894588406534302,0.10374720947035326,0.215555676080628,0.03171427033734836,0.25740553207756334,0.09973051383960965,0.00645081606036324,0.030599015848746025,0.12127287503224873,0.1799670991339123,0.20289011466410478,0.19931906522622558,0.25663219083487815,0.05214640205569465,0.28737168500857396,0.17311598647960952,0.15541283257881588,0.3040686379590075,0.20450080263261147,0.27013406701577136,0.13431503728976196,0.23443228433730234,0.37006366202374236,0.351375152600487,-0.02409568187794181,0.25334340769312697,0.014280612817209604,0.02464533616558262,0.1672442383354806,0.22564772982823258,0.2643186254136933,0.2516681153661249,0.2815248302052473,0.08565889156463491,0.10416716661303044,0.25184102035812694,0.16287369378129057,0.24902273188732857,0.37893832637254315,0.25628787808509845,0.3041561704138752,0.18018962629802301,0.052490983087424226,0.28549265963908416,0.24581132499293462,0.04934542238944084,0.03070658781686736,0.08568496884972426,0.15040486613710397,0.027769416583819206,0.05967181248599834,0.2516880568306061,0.17327584744285754,0.026797498687612165,0.17846238357574004,0.09572657976268256
0.12746724486017535,0.6276893195392592,0.34413073108247244,0.4209249825639795,0.6982201860830455,0.5409637114061865,0.7200973564067493,0.48385683249857436,0.5605339680292655,0.4368336177709101,0.6141754427215136,0.47464353894494504,0.6338517765532379,0.6238952519685013,0.32177632309987153,0.5176739192296356,0.4099570226785994,0.7425252479666334,0.37074143804486265,0.1894588406534302,0.0,0.5159625118257927,0.21532580867390128,0.4215931851307042,0.724060127141912,0.48067084646627695,0.321837594086074,0.49677749480494005,0.4845196528532867,0.5123092553331389,0.41983464296379025,0.5475254307713913,0.456957619234185,0.3447400542865989,0.45062100424432894,0.4990198827346876,0.47076960448736754,0.7184006015897757,0.5143789639471984,0.48922757718750065,0.5364154407825111,0.546303965400423,0.5988973696668101,0.47495738513633673,0.13541512446022386,0.1469572431787124,0.35612745077973207,0.42439772954680705,0.3899363531813181,0.5368613801727514,0.5718911752341627,0.6003765830201042,0.494676609240438,0.48683043002473003,0.38336494485092826,0.6455548251978493,0.6707908512516136,0.5770138619448371,0.49879894957301185,0.4784417891321394,0.5586885836721733,0.6214056758313657,0.438631372424795,0.3375075501106348,0.3661624686506332,0.4893094801765762,0.4554869717695026,0.5729199643764504,0.6206036908835708,0.4411626432233638,0.44517797811507126,0.44534570504867016,0.5919015081499825,0.40428845733461927,0.28585622129296023,0.5648219856588875
-0.0030091757849083356,0.4475258854177786,0.2995174729819591,0.337920790017808,0.7916876573306019,0.3913998189012647,0.7266484755976994,0.5314566449540883,0.5705977492964731,0.4982902341441148,0.5677924626495694,0.3562797566347033,0.6309308167643789,0.8200485199617338,0.2739296556207256,0.46289154137658195,0.42002128723280885,0.5831058332733012,0.2755015329629727,0.10374720947035326,0.5159625118257927,0.0,0.19087262985959932,0.2721290778345292,0.601616481357002,0.43267291425148324,0.2626389189120968,0.3478636067791061,0.36740824950916817,0.2376610726408262,0.18118141290328593,0.5906162256731914,0.677649415055192,0.26333306142063,0.4959361448639258,0.47182401233943017,0.42754141626808473,0.7026127572717948,0.5584232486350684,0.6191262433124802,0.4263911753373884,0.4795995131700835,0.6953065890259034,0.7358429865511007,0.1509122389279423,0.2578380017439431,0.27669420134412165,0.22668018681924162,0.3602690307713373,0.4670456954330597,0.5615675812010519,0.5514598735546862,0.6364960199082198,0.2822920152724264,0.3849090744092258,0.6616869392100165,0.5581251701197452,0.5716478160119177,0.6462476804340371,0.2712585683058355,0.5146553902377351,0.49334239551115466,0.27805533727563225,0.15654931008149314,0.22027000455718243,0.367733665018594,0.3653199956947589,0.4251024837902085,0.47096486400553694,0.30704145288585194,0.3628347217768376,0.2562654269256942,0.46997489798431924,0.2639790898864591,0.10922431636680821,0.41233461651993686
0.3129455395840287,0.2693031975568815,0.09377460573034341,0.18436668566742653,0.48468818517280104,0.1655242603006823,0.4004996043465503,0.3057044567739743,0.31203066302274757,0.23479247666934747,0.3557499985067064,0.1421907740248124,0.3284991333718881,0.48169051550557823,0.06486717630427208,0.24446205337753016,0.19611513847265752,0.3077211560028283,0.06274442860412488,0.215555676080628,0.21532580867390128,0.19087262985959932,0.0,0.14613027894430974,0.28148948154652054,0.15869251524649652,0.06395299071323057,0.13327170770682312,0.15186936060814052,0.0723185186041605,-0.024426894319526604,0.3193651918367012,0.3155829002659865,0.05260204026907844,0.22506502993172736,0.31835416823920126,0.3142746036769204,0.36603278894760527,0.23625848679697972,0.2643741952646338,0.17219673648540262,0.29445386834146536,0.41455162419531527,0.41126257876867217,0.04517819548853874,0.2665418242408013,0.12335383313103343,0.11076826041769347,0.11914527364404504,0.2546257134992026,0.2802490304397015,0.272885832923893,0.24086901100486388,0.13345424159690983,0.16962190830099483,0.29730760023694713,0.2952728000129443,0.28596747683806534,0.3759241941684947,0.04584696283645706,0.2839656867124691,0.2834709640779651,0.11582480772209486,0.009750298512334832,0.013957967144035688,0.10493926957992594,0.15163239471923656,0.22644213457302442,0.23012666753832514,0.14113407512894582,0.14780127188592657,0.08715438293182826,0.2663420670939859,0.07800934818549995,-0.020912356803625742,0.13083758954604296
0.014210817210940252,0.32280202484623466,0.16779830051516786,0.29550186518511967,0.5613977911711142,0.34418548964327816,0.5218999854986193,0.40880640317967143,0.48604946693623574,0.24985471569410933,0.4820014897939337,0.22706832649277084,0.4553455040527741,0.6265664424061982,0.18161451365489745,0.36034732996466184,0.2217316543716588,0.5510271493746517,0.24469079167045332,0.03171427033734836,0.4215931851307042,0.2721290778345292,0.14613027894430974,0.0,0.43916681896119486,0.2895304244818899,0.19867905945067144,0.2776188310445902,0.30795241780555516,0.20457534133789246,0.22153971333881955,0.42335833168964815,0.4165698830010406,0.2814525686040363,0.39589747792048424,0.43596617179094965,0.38109512926669836,0.4711427933105831,0.33605607520355296,0.4670090271444818,0.33326696470596395,0.40388422133832763,0.4107563833569764,0.39966775808609534,0.013440589710289608,0.2376133637716072,0.19591545327629986,0.25240396512897834,0.3475282522487077,0.40383351614889385,0.4112675957038687,0.4152230489991115,0.32434040612379567,0.26270274074965705,0.26768143120220306,0.4706190048615607,0.3365582958119447,0.42241430747772796,0.42525677360921615,0.18129310880151167,0.2886493054488434,0.3809078368153095,0.23114540166882083,0.06746070218848688,0.13078541323677195,0.22034671899592537,0.205309625528597,0.30224244336998213,0.28844608196813226,0.22571924197857163,0.21958386357910367,0.1492918878286846,0.37048968267498444,0.19841273151843086,0.11944715197194825,0.44990145097550294
0.09956908093254802,0.6027760254405893,0.451058494034285,0.4571739144682434,0.9288889788760789,0.6078976846897534,0.7860634245238298,0.7117435781547261,0.8480521154234381,0.46764643559336344,0.8006480440250323,0.46244992004450536,0.7784557919423132,0.924106171947081,0.3932178475459734,0.6623504063106072,0.5315384249272636,0.8564424930687322,0.5675825796445023,0.25740553207756334,0.724060127141912,0.601616481357002,0.28148948154652054,0.43916681896119486,0.0,0.5233252794627303,0.5573515401080946,0.4894739086959854,0.5744053923429002,0.41904853009763593,0.36222537284600287,0.7152052782315823,0.6059277018325695,0.37275118584719213,0.6282259837883057,0.6832592142939669,0.59356844157047,0.8726948770901282,0.6765176931613515,0.7705091435473079,0.5246308185764966,0.524644541971329,0.7247167614529898,0.6717700123246986,0.20984967860375647,0.2702147300788136,0.4311295972065893,0.44592680828455633,0.412922498278885,0.4679923829336103,0.7882977997361862,0.5935852993665114,0.6824525914924432,0.4380211336579659,0.45005474841227583,0.730991777568082,0.691257400215636,0.6709938373388893,0.6631162948281714,0.5203783627669675,0.6134394885284548,0.5625925282120057,0.42151333555965453,0.30343575249754146,0.35812426496649724,0.43443188557590195,0.5121053302577766,0.5357009912313493,0.47715564759926643,0.4793408755212771,0.5031657889529861,0.4131531017807534,0.6552854631054893,0.4473321580563546,0.29883794198591346,0.5453338327011995
0.07001085731299136,0.4596453389039951,0.24878730618110856,0.34189727452730334,0.6381231446223767,0.3745233317142287,0.6076783674364193,0.5624360060996293,0.5506122122259387,0.367710121000918,0.5473952402501845,0.2620684613767135,0.5294073797200467,0.663316620217362,0.2331580493293667,0.4176186890209389,0.33678510014170615,0.544396554220825,0.2655172353723336,0.09973051383960965,0.48067084646627695,0.43267291425148324,0.15869251524649652,0.2895304244818899,0.5233252794627303,0.0,0.26473688250969873,0.37559444831904787,0.43970151705754656,0.2967403563235154,0.19623741597444627,0.5518961103560969,0.4829255943184113,0.18821340663617603,0.44256664017885633,0.41101689350974696,0.4506516967180534,0.5203653632489686,0.4224009500302708,0.4430204356070388,0.42338357285703593,0.4025866674744764,0.42092485748800557,0.5258076679944431,0.052106965668797856,0.17958540611011434,0.3138398085551507,0.27012551731349477,0.31728669826676,0.38870856711037793,0.5064992983699964,0.4761209018346477,0.47399871760195056,0.2560075658435017,0.32537594347038057,0.5702051853858161,0.408899088304551,0.4918723725441298,0.49375088743972817,0.25816017549813175,0.4424087974522506,0.4737142758930341,0.25289505413494673,0.13492170818399116,0.24274330169509045,0.3079371790099217,0.37904639592515404,0.43328697615911427,0.38150484533443324,0.34606024604100927,0.3140153309930606,0.2685809065862125,0.5092685847721716,0.26476930217650224,0.24526453760028222,0.43801149224899255
-0.007381911887760828,0.3917445543822179,0.15784778518710887,0.3023180031608791,0.7368790339299607,0.23048512403526894,0.6184710576901407,0.5252855013164136,0.45454798877888053,0.39732591183367527,0.45253593856885693,0.2553274552280005,0.5656379688933799,0.688499344828063,0.1787681799658557,0.3659886453096425,0.32449884142168683,0.4446721028166772,0.18696720938513517,0.00645081606036324,0.321837594086074,0.2626389189120968,0.06395299071323057,0.19867905945067144,0.5573515401080946,0.26473688250969873,0.0,0.31403957948867917,0.31119181834364534,0.1389438514044396,0.10480784534315588,0.5058515362856871,0.5175399237037429,0.2134953189306725,0.3879794186321669,0.38936481772194503,0.39241309216288534,0.5863549134809861,0.4618664693416176,0.48050710158648524,0.32071804346551974,0.4857910506725555,0.6308403714504031,0.5519259304058045,0.1283371915310939,0.28314969217831926,0.2984710383344423,0.17709460347980668,0.38534448605664817,0.44707677812891716,0.39078324767576494,0.4753637892787195,0.5042673637430677,0.19386687211843362,0.3271582860187192,0.4844179189042929,0.5101948833630188,0.4861753360806976,0.5344808708048583,0.2282022666001508,0.4255767960968682,0.42631365406260086,0.20363373952701017,0.15777877409855806,0.12128390447189646,0.28634173718735867,0.2755950308263143,0.3561308369682131,0.3338792596662573,0.27280340367330835,0.3160069373895031,0.17406758158059576,0.3970310425276048,0.20555779557968462,0.03839696245016039,0.38678213733119937
-0.01900977269724674,0.40746719672502485,0.1793442813597232,0.2901451092117509,0.7120217293289491,0.24515833672892146,0.5667353950313727,0.45823559276766407,0.4009030408241047,0.4069760390461214,0.5292682427506432,0.30671081351010887,0.4771057837654253,0.7080363123758573,0.1728828711013441,0.49895897872897566,0.28561761221327675,0.5597826709680535,0.25452507830942706,0.030599015848746025,0.49677749480494005,0.3478636067791061,0.13327170770682312,0.2776188310445902,0.4894739086959854,0.37559444831904787,0.31403957948867917,0.0,0.346359987915716,0.22717838700838064,0.20678741938294679,0.45483628195865294,0.4431977618977556,0.23425982203679233,0.29017750175191326,0.36190040109572646,0.3880152238648596,0.4830720358658954,0.42645246825968725,0.5294715410796091,0.3270706393415266,0.4237037094750749,0.6089622740503966,0.4871715946975074,0.1503822697265385,0.26292575207837443,0.2450642813820818,0.2883617335803661,0.26907851689866347,0.34217700828235414,0.4283392108319504,0.4737634210390419,0.44000488349489464,0.28220993041372955,0.31427891323456514,0.49928527427229635,0.4554260710986472,0.5333065398538794,0.5049787308012446,0.23654740835597524,0.39347910247645385,0.4451046545975681,0.3344657216382679,0.14318259445084344,0.16797875153036995,0.3243925393964484,0.2346039078034374,0.3713384800698387,0.4028464793512531,0.2949297258755197,0.2887946170509782,0.20365131140558185,0.43528595932514685,0.27135594467284363,0.16266102541223887,0.28710278725803606
0.01297937892923634,0.5367326146433264,0.26723055125522194,0.36857991313487126,0.739497849807606,0.35977535851788683,0.604439085877015,0.5082339998587057,0.6348803926249191,0.4617531306147139,0.6072001160800448,0.3780601366429912,0.6149544997539688,0.7160225150552646,0.21588154921459954,0.47570366045268664,0.4424191408002263,0.5870830715729946,0.2637897240086978,0.12127287503224873,0.4845196528532867,0.36740824950916817,0.15186936060814052,0.30795241780555516,0.5744053923429002,0.43970151705754656,0.31119181834364534,0.346359987915716,0.0,0.20391261583412446,0.12918965327342363,0.5337604535730928,0.5186987224416043,0.2411154629134578,0.42018956490331977,0.5083370078233397,0.41588247254797245,0.5651360073154104,0.5011261204339134,0.5818426167073497,0.3867589886648883,0.4320345507229,0.6927588431834488,0.5889159719062115,0.13083816810287507,0.21767265876429487,0.28958701427516903,0.25914412620342875,0.3527138856799872,0.4039534892384368,0.43364444399585467,0.43567203992818326,0.5785135877747903,0.2827381476137839,0.2792871079488723,0.5685577549814832,0.5463139279414075,0.5396296154608755,0.6589851313603066,0.24072588597945282,0.5247809433397578,0.43535986611283284,0.31938380653750564,0.16353135233719876,0.24329238147011867,0.3463774599023391,0.39580514334584355,0.41240918890545286,0.39336058675668634,0.34078755272881067,0.3732666244032404,0.23574352715691266,0.4799565040689542,0.28578006725270816,0.16534948895713836,0.4013241737224334
0.015953050040493244,0.3195362689946415,0.11238771968615432,0.2901405162316682,0.6243441263417873,0.21400424393225642,0.5761877980041036,0.46925821178537186,0.3726624432733129,0.39286086674265897,0.4243281260499016,0.3092462971832943,0.4967733872532373,0.5642003857747525,-0.01359670259833412,0.30987326106681423,0.259879797511609,0.3947068465462933,0.233198414560844,0.1799670991339123,0.5123092553331389,0.2376610726408262,0.0723185186041605,0.20457534133789246,0.41904853009763593,0.2967403563235154,0.1389438514044396,0.22717838700838064,0.20391261583412446,0.0,0.11798844626819036,0.4712432134032103,0.49173704645482785,0.2423229480596178,0.49251271049501755,0.3734707094607439,0.25777508743348154,0.49047897806493557,0.4458480834800449,0.48629558901625275,0.30737240908308017,0.40231000644218967,0.5587995266123896,0.5221025592908877,0.042796388544952046,0.2121632439895746,0.11971546965478991,0.09299986958165937,0.3284920998370543,0.40646626592109125,0.3181064930431574,0.4675930806487213,0.45106834800400003,0.22946790655542187,0.22188737845718937,0.565961256270856,0.4589959637193974,0.5078671919074247,0.42231768538823844,0.04382121732866967,0.3318483098854629,0.3113346307295571,0.21997636924435932,0.1686278260192441,0.24276047704219328,0.2769781823287095,0.13594791005820134,0.25494513748113157,0.23563119002203314,0.1686692606973249,0.22312461173177714,0.08425057683258805,0.32133888168054786,0.18125507802208551,0.11281751120420913,0.357171412645495
-0.06083574260453162,0.3336803916915808,0.09142435422134701,0.19896503868313017,0.545030004316403,0.2271860815912312,0.49043840630308005,0.3722022065818587,0.32942387255373695,0.28685333785272493,0.30830183229063407,0.22636042539240186,0.4219155084676668,0.49823745584133855,0.05623844665777969,0.2717365360285544,0.1919669915749805,0.31084800121787654,0.15229929468418585,0.20289011466410478,0.41983464296379025,0.18118141290328593,-0.024426894319526604,0.22153971333881955,0.36222537284600287,0.19623741597444627,0.10480784534315588,0.20678741938294679,0.12918965327342363,0.11798844626819036,0.0,0.4064005116862406,0.3752379792692969,0.1444238032833793,0.38757312006382894,0.19798092439764545,0.3659778271834598,0.46806640948474804,0.3053585208700978,0.41287701621180095,0.31248915374812736,0.38293208420851355,0.38163841029571083,0.4077511265012584,0.027110484449008154,0.29050564876119644,0.16632664815560438,0.14232627468499764,0.24281884899586825,0.29558627484503186,0.2790171963950374,0.2911067128618533,0.3152896348840425,0.15193152511653066,0.22386358697853187,0.3872136357612679,0.40885861229863896,0.38157465022079845,0.2628235220593687,0.15164830956821085,0.35996040259652357,0.34145222260504793,0.1907325716447184,0.07335616344269258,0.02767814738420671,0.24566051472387218,0.08380331885516007,0.2450699146584701,0.32125609429278607,0.20429951022147194,0.18445547242419033,0.0872533618628493,0.3021732739509502,0.11182247485677929,-0.023735516951077618,0.26813295981831387
0.17857725360470728,0.5827810240215467,0.3880076308208957,0.49225733523635357,0.7790650877932205,0.6287451013744956,0.8355127606587842,0.4916821046589089,0.795664562010729,0.5416964871239388,0.6407460725413047,0.5389018086967035,0.6840498300156216,0.7245857220782681,0.3664403264285688,0.624681199284844,0.4948088247371788,0.7760351809308825,0.43352314563917893,0.19931906522622558,0.5475254307713913,0.5906162256731914,0.3193651918367012,0.42335833168964815,0.7152052782315823,0.5518961103560969,0.5058515362856871,0.45483628195865294,0.5337604535730928,0.4712432134032103,0.4064005116862406,0.0,0.7552217921595661,0.4222190585462813,0.5328371640437368,0.5233788647090492,0.594095416202953,0.7280627455665596,0.5443983074016007,0.6977528900527785,0.4326429066228772,0.5484332857948508,0.7929744344883274,0.6387122836506695,0.2245523417620609,0.0008653218938816098,0.4639141275648713,0.5255158996351271,0.3654047083213421,0.4960506711496835,0.7261488007955138,0.539653716166207,0.5766759305833027,0.4617926335197239,0.41220159791578714,0.6162477196779377,0.7793318325073526,0.6774407655995307,0.621971696520741,0.5251201476978392,0.640571924380899,0.5036717174056573,0.38052152091077035,0.3039676819735031,0.421133193760738,0.44602392037178973,0.5704819273857857,0.6173782917684332,0.5468715934806275,0.45040076418520597,0.5100375196252066,0.5385500605712824,0.5943664533314771,0.47905087304543015,0.3321052303806966,0.51976195450141
0.04724373085864558,0.6408541559523908,0.2695967844203857,0.4126272234644303,0.8890714323640048,0.48139786118471833,0.7435447311626489,0.5142140614492832,0.7805116455601704,0.5651513706496064,0.740157082123124,0.574675650633303,0.7382018602549931,0.9579013097417084,0.3968356747557577,0.6966173246979452,0.4877719576301967,0.6963322083623253,0.48633300892279396,0.25663219083487815,0.456957619234185,0.677649415055192,0.3155829002659865,0.4165698830010406,0.6059277018325695,0.4829255943184113,0.5175399237037429,0.4431977618977556,0.5186987224416043,0.49173704645482785,0.3752379792692969,0.7552217921595661,0.0,0.3816122157799353,0.5709958067223956,0.627455348076384,0.4905876128583795,0.7120830384853801,0.7176996898739064,0.6242993139645074,0.3543711937409997,0.4466138665641187,0.7836961978434074,0.7260165010949915,0.24341937386416657,-0.02942426358989697,0.4619241569404461,0.4063614892054587,0.4845877197710735,0.49202759949514885,0.6722460179989617,0.6503809342924864,0.5227600936708713,0.48236818758070443,0.42493727537835113,0.7179647996246723,0.8026149669435602,0.6736953339905857,0.6843501407312883,0.48995319988101654,0.6682912970154329,0.7155840501560178,0.4119964617503186,0.3904866149212881,0.45780605296262833,0.44102075831695087,0.4972522245028654,0.574854017315687,0.43556938247353433,0.43844591180812476,0.4420343115926417,0.4094575149287235,0.613721783080167,0.4721146792606328,0.3828590852880469,0.4656165226949752
0.12609139856772705,0.3231486468322046,0.12491850930265083,0.2574628919170025,0.5621527863407798,0.2291023312152895,0.5044785555448126,0.43429786453249697,0.40453133742051434,0.2674026130652799,0.38757738461065117,0.31594959984144394,0.41181002263898314,0.621728622137574,0.16551061528597025,0.34434996150395775,0.17912529912816205,0.40122361094443404,0.20381597223809053,0.05214640205569465,0.3447400542865989,0.26333306142063,0.05260204026907844,0.2814525686040363,0.37275118584719213,0.18821340663617603,0.2134953189306725,0.23425982203679233,0.2411154629134578,0.2423229480596178,0.1444238032833793,0.4222190585462813,0.3816122157799353,0.0,0.415057952721815,0.38448764260369594,0.34411728535924424,0.5173799313633951,0.29264971814166757,0.46260123856789376,0.3134370047789461,0.3922345997989092,0.38544044178522324,0.3738476773231355,-0.023506999074781765,0.01418887770899463,0.2990929336033592,0.15606481283103418,0.2777522235292089,0.3231849183533617,0.3636313074439965,0.24369577042767915,0.3125292544171433,0.09077145845696766,0.3492419926298117,0.3906886775694107,0.5154187859978452,0.34785387596699435,0.3139919602489094,0.3729698278446236,0.35676484386835466,0.38857067306670795,0.2960821023983279,0.2285928319997556,0.172173158290564,0.16448006582995472,0.23601321832290686,0.3569736979080779,0.3902746066994631,0.2257354484912631,0.23811289837364286,0.1632731930322022,0.31721810500697556,0.2244402262832032,0.08869601761079246,0.298210620140562
0.10920131552451467,0.4834830111014888,0.3143705148248018,0.4094221314881832,0.7878114499901593,0.4994597866809255,0.6229885903140353,0.39515290415775994,0.6649974124923361,0.43408706058632535,0.5217360893237287,0.5644206003188288,0.5835612587356312,0.7359589657670172,0.25840387678663645,0.6095997242064408,0.5072643835469787,0.6666183937048809,0.43838282727297595,0.28737168500857396,0.45062100424432894,0.4959361448639258,0.22506502993172736,0.39589747792048424,0.6282259837883057,0.44256664017885633,0.3879794186321669,0.29017750175191326,0.42018956490331977,0.49251271049501755,0.38757312006382894,0.5328371640437368,0.5709958067223956,0.415057952721815,0.0,0.46339023782901406,0.4694445938959038,0.6954098828443525,0.4300803888835657,0.584274546234281,0.33288926367909843,0.37087730091947685,0.6214529070320248,0.5595692165070266,0.1747049765185687,0.009502076457759634,0.4937117937995026,0.38558581435679895,0.309026553233994,0.49462260547977643,0.6008778022727577,0.4649197616565245,0.5097780663828944,0.3530913386305112,0.32320029537662204,0.555607806043147,0.6606886721025296,0.5438097966082036,0.4803305837833219,0.4010193174141402,0.5777546295783333,0.5276235494024745,0.3958504689359129,0.2799390275526775,0.27286339693364253,0.3578023385015923,0.40010936256870755,0.5158071138452061,0.4884466004854527,0.3641742618078815,0.42951600956295505,0.3833320657028204,0.4367420639759835,0.4069062936774236,0.23610943301329917,0.39407860145719237
-0.03923325518098697,0.49125199844033146,0.26579682884465916,0.33468305698284906,0.8044748991681469,0.5571728638419237,0.6489334456058411,0.5207379544438137,0.6081792195795762,0.4612478418142744,0.6081585130332086,0.5502845680148769,0.5458284072513784,0.6207636998770185,0.318008923246155,0.5772092906739732,0.5729156813103562,0.6990161709754448,0.37103567541354354,0.17311598647960952,0.4990198827346876,0.47182401233943017,0.31835416823920126,0.43596617179094965,0.6832592142939669,0.41101689350974696,0.38936481772194503,0.36190040109572646,0.5083370078233397,0.3734707094607439,0.19798092439764545,0.5233788647090492,0.627455348076384,0.38448764260369594,0.46339023782901406,0.0,0.31094953293987393,0.6774199564716271,0.4790652483318136,0.5141977301915727,0.4325195708608577,0.44118792148826147,0.6820089545660764,0.5059675288787101,0.1254625178749702,0.02049414963262758,0.47768286448681563,0.3662065272869783,0.33153711754943377,0.3857802405719834,0.5499573100931909,0.5742706878827942,0.6156871816201601,0.3487755222253988,0.2645040594410865,0.5414048412856319,0.6179535574347981,0.6819753262509224,0.6580498734512547,0.5482528423295017,0.5686793633549045,0.4459826790590827,0.44007853964434485,0.3439891445564044,0.230084908031357,0.38389507842339843,0.3855958826877029,0.5240587175996103,0.46098934708151146,0.38025059936673217,0.48825138464275014,0.3453387544855756,0.45263899164799987,0.3373743028298557,0.23660241351575212,0.4474151880558739
0.1280133083535867,0.4668089549860165,0.2334542965386553,0.32745309424611496,0.6260616281426896,0.47849940179067424,0.647590838899826,0.5293207361782614,0.6160182888296978,0.3933080154135531,0.5266133166886005,0.44947348474612214,0.582932806846549,0.5790995120816509,0.28888566263964144,0.5229277898971949,0.5324782908028144,0.642138562272127,0.3585246423557422,0.15541283257881588,0.47076960448736754,0.42754141626808473,0.3142746036769204,0.38109512926669836,0.59356844157047,0.4506516967180534,0.39241309216288534,0.3880152238648596,0.41588247254797245,0.25777508743348154,0.3659778271834598,0.594095416202953,0.4905876128583795,0.34411728535924424,0.4694445938959038,0.31094953293987393,0.0,0.4816881560372519,0.4774014233036075,0.37532919037185375,0.32406072052126683,0.41171448864044624,0.5942505733861466,0.4849888945621156,0.11812182104172453,0.026337845497567514,0.46249377553837623,0.36232566936338034,0.2786435758557183,0.3465108198324003,0.5596987537710114,0.47966981954492094,0.5576933766886034,0.29635832785934474,0.3066881131549206,0.5386365958958484,0.6067155464689208,0.6032152088951049,0.5182203107506513,0.491318606673469,0.6053988567874047,0.4336303500817357,0.32125653159052775,0.27546057466142315,0.31183660511856415,0.36439229243716476,0.4958672632525719,0.5108879113834194,0.4681071948388717,0.437203578526349,0.4311359010467437,0.3755290131247846,0.5123559275185074,0.33093312329525104,0.21876826468096813,0.5311817830295952
0.2390974354680354,0.8142896615580968,0.37593759054446463,0.40731068525904984,0.9471764562006073,0.6199266682656182,0.8252939384930018,0.592883130854146,0.793367947479835,0.47709424624564856,0.7747393740543547,0.5266834035549113,0.7782040114040099,0.9450230939502536,0.42304708387474743,0.7694883989209216,0.5050347810804248,0.9093497819812266,0.49944280251983453,0.3040686379590075,0.7184006015897757,0.7026127572717948,0.36603278894760527,0.4711427933105831,0.8726948770901282,0.5203653632489686,0.5863549134809861,0.4830720358658954,0.5651360073154104,0.49047897806493557,0.46806640948474804,0.7280627455665596,0.7120830384853801,0.5173799313633951,0.6954098828443525,0.6774199564716271,0.4816881560372519,0.0,0.630009932342301,0.7410517352846238,0.3431132582806102,0.4192090084690264,0.7399031146132322,0.6974407617788918,0.3105560670903831,0.06852209047438546,0.5289927323061363,0.4785638986124004,0.6581694369177952,0.6200131658047171,0.8039715590535641,0.6905382174018531,0.5078690994901452,0.5646174366835682,0.5698369185289064,0.73830293077336,0.7588914310276108,0.6943709681167339,0.7022457051432454,0.5342009348144092,0.7531908717051661,0.704787459306556,0.47129853453580933,0.4125164520671661,0.5147343341055929,0.492187795691783,0.620041102827155,0.57282346135141,0.5047099325587927,0.4722851398791502,0.5460780201615139,0.46934840016108115,0.7809926755895168,0.5320441040542363,0.4101655304916419,0.5611110342810068
0.23108482379934114,0.5595575933442853,0.27907720784991796,0.42679395330996106,0.7274019941176468,0.5033122984420195,0.7454581890959078,0.5350438029040918,0.7399172137942968,0.485670107142834,0.664319513730986,0.4384610291717023,0.6186759342523385,0.7155494682099253,0.32233396141083565,0.6209026185861187,0.4321507622609272,0.7267314871957737,0.3434700753538251,0.20450080263261147,0.5143789639471984,0.5584232486350684,0.23625848679697972,0.33605607520355296,0.6765176931613515,0.4224009500302708,0.4618664693416176,0.42645246825968725,0.5011261204339134,0.4458480834800449,0.3053585208700978,0.5443983074016007,0.7176996898739064,0.29264971814166757,0.4300803888835657,0.4790652483318136,0.4774014233036075,0.630009932342301,0.0,0.6047684591340128,0.39978930466403817,0.5652461452137476,0.6573792451483322,0.6950243154025617,0.20297272431608215,-0.013856016330752896,0.4561554394521409,0.4235199327221813,0.3643807911726703,0.4088795907333209,0.7000597880147159,0.46537935880607484,0.548923159641752,0.41163190233812763,0.4225075333305154,0.6292731839628809,0.6798121947256356,0.6648347620066706,0.6052204136795082,0.4818364534177172,0.5562335997880586,0.5445598333335373,0.33087334573196936,0.31565832709445973,0.41456062798254073,0.38311379202367435,0.5395117922143811,0.5500838633969634,0.5036513439321473,0.38949989982096234,0.4552028376709591,0.511229511748622,0.5564591944728786,0.3497368637659238,0.2977030640209256,0.4790097390293906
0.12352657929206667,0.5791164876459233,0.31308489614091384,0.4293902728616346,0.9187068339096893,0.6139210884500349,0.828453948797119,0.5915725602526369,0.7658806034325982,0.46533026840647707,0.8652963569792183,0.49159765485886076,0.6240025955541157,0.8439922703946736,0.3904259138359883,0.7022798369276366,0.5711254521077862,0.8400598864740751,0.4651993456492669,0.27013406701577136,0.48922757718750065,0.6191262433124802,0.2643741952646338,0.4670090271444818,0.7705091435473079,0.4430204356070388,0.48050710158648524,0.5294715410796091,0.5818426167073497,0.48629558901625275,0.41287701621180095,0.6977528900527785,0.6242993139645074,0.46260123856789376,0.584274546234281,0.5141977301915727,0.37532919037185375,0.7410517352846238,0.6047684591340128,0.0,0.5070221886850679,0.6195850857659366,0.6895435201554001,0.5461722064441912,0.2072570994412486,0.0404401857121785,0.504363927769804,0.4336460577167194,0.4816263271169851,0.4970066747532053,0.7525626587212686,0.5536254673575913,0.5537931640437243,0.3720092443089227,0.4360497557336333,0.7077197640468074,0.7231295317521663,0.669287566561602,0.5919277085749269,0.5873830442756062,0.6513674042340741,0.632154077243928,0.42574549826853386,0.3808347851562953,0.48591602373605713,0.4012457894888327,0.5719078850563387,0.6149711859345258,0.44817049824942573,0.48473923542198194,0.4496338649982094,0.5049116558094545,0.6920165240128048,0.38167159115226934,0.344412640117429,0.6299429028021706
0.07200559610101387,0.3629670449565838,0.2596183969183456,0.34335494513894715,0.7165399339893511,0.4139936970803376,0.514759269385856,0.46101233911990563,0.6057678848708079,0.3324678656999091,0.5713051286561955,0.42339364439504124,0.5830158894650741,0.749880791480964,0.21818226892661674,0.5110982603382239,0.32741883249597914,0.5669504883398341,0.316048333689833,0.13431503728976196,0.5364154407825111,0.4263911753373884,0.17219673648540262,0.33326696470596395,0.5246308185764966,0.42338357285703593,0.32071804346551974,0.3270706393415266,0.3867589886648883,0.30737240908308017,0.31248915374812736,0.4326429066228772,0.3543711937409997,0.3134370047789461,0.33288926367909843,0.4325195708608577,0.32406072052126683,0.3431132582806102,0.39978930466403817,0.5070221886850679,0.0,0.3049276345009908,0.40229065343037934,0.4027088092846271,0.023877610819677597,-0.006010142596654999,0.3217735178258819,0.3046495899625708,0.35765130737653134,0.3767938726946784,0.4509189585473989,0.343169970908994,0.35741759093463255,0.22749734471005695,0.37291693389487524,0.5163042942416802,0.6314106304397948,0.4780138756625529,0.3680039032313896,0.3957208063817951,0.48934656210555016,0.5491066825355709,0.29696554274888454,0.18666818264203244,0.2895245665142789,0.4129184834544768,0.35479046211839554,0.4087107764797401,0.3666023606126249,0.3433816627101772,0.3594572295845466,0.29244436932323414,0.5471454835577709,0.33329866333960984,0.22454611065600352,0.3485076530959249
0.2286695857723433,0.5401492506979837,0.26717052125257157,0.368457682980886,0.8229391907362074,0.4956724446426515,0.6345426925300298,0.5585416204345046,0.7107356006931452,0.422785659838079,0.6727132169732142,0.4841681585253299,0.6303605878105122,0.7811496206836945,0.342850927623076,0.5796137703650053,0.43358384456788374,0.6949022816328627,0.4301442141092366,0.23443228433730234,0.546303965400423,0.4795995131700835,0.29445386834146536,0.40388422133832763,0.524644541971329,0.4025866674744764,0.4857910506725555,0.4237037094750749,0.4320345507229,0.40231000644218967,0.38293208420851355,0.5484332857948508,0.4466138665641187,0.3922345997989092,0.37087730091947685,0.44118792148826147,0.41171448864044624,0.4192090084690264,0.5652461452137476,0.6195850857659366,0.3049276345009908,0.0,0.5308905628992774,0.4803902931299999,0.22052113271146773,0.09667570194381236,0.37284326313873295,0.4054929568569607,0.2593492235795352,0.32955697904294345,0.5695142807131545,0.38022621895962866,0.42781701889005297,0.31222801524803345,0.33204396204492814,0.6132274396688132,0.7003482408545819,0.5874267283404317,0.4543302042940754,0.47421930298379594,0.5452841047656491,0.5431885880411369,0.2846382238007627,0.3008589665950517,0.3196609377277349,0.46048411925698784,0.4068070115513015,0.49896186066207554,0.4891157340938985,0.39067867113501276,0.3901216621277101,0.36405688613158027,0.56241614739472,0.3842169241619795,0.3196351225059621,0.4000974560846439
0.12603652677631877,0.7178119875827038,0.2459319635040646,0.42871175874452333,0.9177459767924392,0.6035548439522277,0.815506312249225,0.6131904975526907,0.8274091348471564,0.5434777722221673,0.7360379959951369,0.4931260394624221,0.7316396768320291,0.9388338781477515,0.38094374207951476,0.833483845547027,0.6152238994693208,0.8182571811853203,0.45886296520729325,0.37006366202374236,0.5988973696668101,0.6953065890259034,0.41455162419531527,0.4107563833569764,0.7247167614529898,0.42092485748800557,0.6308403714504031,0.6089622740503966,0.6927588431834488,0.5587995266123896,0.38163841029571083,0.7929744344883274,0.7836961978434074,0.38544044178522324,0.6214529070320248,0.6820089545660764,0.5942505733861466,0.7399031146132322,0.6573792451483322,0.6895435201554001,0.40229065343037934,0.5308905628992774,0.0,0.676776898634349,0.3269691290406272,0.007642214329218411,0.4813078034655228,0.40988865425217613,0.537630644049447,0.5304966093934296,0.8615393616059186,0.6271162397341774,0.48915370974398903,0.5434079803120742,0.46072179229305515,0.7358471807545598,0.6444136729495881,0.7226499382852256,0.771461272368414,0.5468628626426776,0.6170547760547387,0.6299353680705851,0.4969426011988709,0.5622467630537404,0.3721562285517808,0.43893194411427744,0.4746357229270715,0.6272464226490022,0.495757675679991,0.48624845999881217,0.5675013302817836,0.4997445929010414,0.7488612840421868,0.5053743483191213,0.3621452734775009,0.4808292288853156
0.20756556195494927,0.7169950546893521,0.33182748589300215,0.4385119708448032,0.820356128868797,0.6278259290666067,0.7977307928977164,0.557255345207552,0.746576693144251,0.6763479190608868,0.728552947792795,0.5174459559485174,0.7139434898711232,0.8494655291743655,0.43449030346110246,0.6835562617305911,0.6497919349186019,0.8111589626539859,0.5191961248579106,0.351375152600487,0.47495738513633673,0.7358429865511007,0.41126257876867217,0.39966775808609534,0.6717700123246986,0.5258076679944431,0.5519259304058045,0.4871715946975074,0.5889159719062115,0.5221025592908877,0.4077511265012584,0.6387122836506695,0.7260165010949915,0.3738476773231355,0.5595692165070266,0.5059675288787101,0.4849888945621156,0.6974407617788918,0.6950243154025617,0.5461722064441912,0.4027088092846271,0.4803902931299999,0.676776898634349,0.0,0.25202283974162154,-0.015174703519042598,0.5160202150220642,0.39158010156634393,0.3457609724383353,0.4671589740969694,0.7271144539994487,0.6032673092975773,0.4986904533373045,0.5697083571368311,0.4118474671222835,0.6936130954748865,0.6961969870465027,0.6921401443751483,0.6889412860614811,0.6023808540849525,0.6858988799998047,0.519545594440642,0.4079374422129034,0.39814745324929784,0.5235713465204528,0.5014985646314875,0.5799486776486059,0.7120288489682371,0.4891270281587722,0.5661728951826954,0.43907571717081356,0.5597931164756618,0.6030715567404015,0.6010870798280535,0.4041066168879162,0.44091073083305043
0.3069486613780461,0.16227046347838597,0.10182504217921512,0.0846684264189243,0.3737720974178901,0.1976905409752644,0.2340935094495124,0.28245982184597174,0.25629938664238483,0.205745389100372,0.17655129248076523,0.0950690368107524,0.2794909671730022,0.3943532202886138,0.13495563174080571,0.3134625896032875,0.15510310973829963,0.29996445415768586,0.08926534167325911,-0.02409568187794181,0.13541512446022386,0.1509122389279423,0.04517819548853874,0.013440589710289608,0.20984967860375647,0.052106965668797856,0.1283371915310939,0.1503822697265385,0.13083816810287507,0.042796388544952046,0.027110484449008154,0.2245523417620609,0.24341937386416657,-0.023506999074781765,0.1747049765185687,0.1254625178749702,0.11812182104172453,0.3105560670903831,0.20297272431608215,0.2072570994412486,0.023877610819677597,0.22052113271146773,0.3269691290406272,0.25202283974162154,0.0,0.2656002627123069,0.04091618142475201,0.1329304283252199,0.1686455914034934,0.1812474447734262,0.16892678642029502,0.19562269318020975,0.19463420788069474,0.11740073145948143,0.23197888441605896,0.16328273575451246,0.21493543581624405,0.24082651853201012,0.22093897984447425,0.08883276804938145,0.1764027326561082,0.2834385178115463,0.11137752363314879,0.004858406422273365,0.0771151694240525,0.11740975948667531,0.0979126778784436,0.13970574668839097,0.11244451635952285,0.1185452738524495,0.09055886140336161,0.08962504101803942,0.23925079533209087,0.1429766252774558,0.02242233974415725,0.12171198462120741
0.2843302328515452,0.22511291683259738,0.2680090434903778,0.2616509486568313,0.040031993042757175,0.022673882184686633,0.021714472619601077,0.07981665799391152,0.006118196289123912,0.029423862884817298,0.031901362823955615,0.21596587286802743,0.0340965211123016,-0.012623816739098626,0.334337633319625,0.3017100543698397,0.2361795104125381,0.37620812069636556,0.1956975164323672,0.25334340769312697,0.1469572431787124,0.2578380017439431,0.2665418242408013,0.2376133637716072,0.2702147300788136,0.17958540611011434,0.28314969217831926,0.26292575207837443,0.21767265876429487,0.2121632439895746,0.29050564876119644,0.0008653218938816098,-0.02942426358989697,0.01418887770899463,0.009502076457759634,0.02049414963262758,0.026337845497567514,0.06852209047438546,-0.013856016330752896,0.0404401857121785,-0.006010142596654999,0.09667570194381236,0.007642214329218411,-0.015174703519042598,0.2656002627123069,0.0,0.13032876733748816,0.3340807149948851,0.23998125582277363,-0.007472669112743746,0.2929967068825751,-0.0009450184668547412,0.3155690940944901,0.23597347301554927,-0.003133725944399035,0.05866490285973752,0.07712262774136469,-0.004377264457270047,0.24987750245270657,0.011686308411100466,0.056020830076890626,0.07246357321242952,0.17545503514780642,0.2525005917671621,0.3271883217078992,0.09080101506266464,0.30853440636734536,0.2616357576256936,0.07270494440473457,0.17464171488989072,0.015502632240447678,0.17617614328532588,0.2152068647007748,0.2817897949478147,0.25501635967128744,-0.03228906196600878
0.2851234782602028,0.3442030772141886,0.12196762386356014,0.3368855625024953,0.6650689957757774,0.3687507702425643,0.550663839371067,0.3803004342659338,0.5439783341664972,0.40687390366024945,0.4740764986916428,0.3192640798089702,0.4882953493965076,0.6681626441644131,0.13237793521572855,0.38484367182606316,0.23865077205924876,0.49637814525400653,0.18020863467810364,0.014280612817209604,0.35612745077973207,0.27669420134412165,0.12335383313103343,0.19591545327629986,0.4311295972065893,0.3138398085551507,0.2984710383344423,0.2450642813820818,0.28958701427516903,0.11971546965478991,0.16632664815560438,0.4639141275648713,0.4619241569404461,0.2990929336033592,0.4937117937995026,0.47768286448681563,0.46249377553837623,0.5289927323061363,0.4561554394521409,0.504363927769804,0.3217735178258819,0.37284326313873295,0.4813078034655228,0.5160202150220642,0.04091618142475201,0.13032876733748816,0.0,0.2107318816224285,0.20292398479390653,0.33567046859208854,0.3807095804057052,0.4009648854784784,0.36948158232437406,0.2623729968538616,0.2902984183603178,0.45224138227820565,0.42894307328150516,0.4229653508021172,0.4798213832093633,0.16090779928855045,0.33687988903416693,0.3986944776110762,0.20151591705622005,0.20186808558111147,0.0678278124755517,0.2293368207460425,0.17446018147002995,0.3384936332771729,0.2755315922684518,0.2414079103840126,0.2561677903940661,0.19070338969621844,0.34723941421251464,0.20959786718721646,0.05747782646700714,0.28637523750565436
0.036409549386207773,0.3820500917043759,0.15305571739579907,0.28013061467526273,0.5853419201932197,0.2365541358721689,0.5009085415977844,0.39760839589580177,0.3863342986261256,0.3387012786871041,0.38901885759780314,0.24745280064317057,0.4848505268201378,0.5735773219932347,0.21048483437789076,0.2911298023222641,0.22551293875712838,0.35649210323180314,0.1536074665676145,0.02464533616558262,0.42439772954680705,0.22668018681924162,0.11076826041769347,0.25240396512897834,0.44592680828455633,0.27012551731349477,0.17709460347980668,0.2883617335803661,0.25914412620342875,0.09299986958165937,0.14232627468499764,0.5255158996351271,0.4063614892054587,0.15606481283103418,0.38558581435679895,0.3662065272869783,0.36232566936338034,0.4785638986124004,0.4235199327221813,0.4336460577167194,0.3046495899625708,0.4054929568569607,0.40988865425217613,0.39158010156634393,0.1329304283252199,0.3340807149948851,0.2107318816224285,0.0,0.2468268386239009,0.38808548239789137,0.3381598969929681,0.37435145628645,0.41656012411353815,0.15726610948705644,0.2546400343951073,0.4122640573731609,0.494176375064367,0.4174552735764781,0.33503319550040667,0.21437201829586833,0.39429051785252206,0.3533652352449764,0.15746486619742175,0.09411025243729898,0.15553298802573212,0.19023083141967626,0.24782883846692697,0.30415130909600785,0.2983749043943751,0.21802704301210732,0.24573377061133164,0.12416675208108363,0.3346536912997088,0.1822252714399181,0.10043632845770692,0.32442927630384744
0.10449709934449675,0.3807187694951432,0.25044866957842316,0.2047681400820173,0.5166658068187965,0.30846043482049124,0.45082304716694976,0.3731319593912147,0.5030684994015279,0.3579065232442085,0.42986712759476026,0.33948216650241214,0.457479244436206,0.48864172835727704,0.3583590450312618,0.4503751779111539,0.3825965063242285,0.47952931105175534,0.3335924114952853,0.1672442383354806,0.3899363531813181,0.3602690307713373,0.11914527364404504,0.3475282522487077,0.412922498278885,0.31728669826676,0.38534448605664817,0.26907851689866347,0.3527138856799872,0.3284920998370543,0.24281884899586825,0.3654047083213421,0.4845877197710735,0.2777522235292089,0.309026553233994,0.33153711754943377,0.2786435758557183,0.6581694369177952,0.3643807911726703,0.4816263271169851,0.35765130737653134,0.2593492235795352,0.537630644049447,0.3457609724383353,0.1686455914034934,0.23998125582277363,0.20292398479390653,0.2468268386239009,0.0,0.301244922041746,0.4710375411279104,0.3439872117750604,0.33755765111834124,0.30283739389807907,0.23518223216150852,0.4132113032534034,0.47680977886768366,0.3956719595740191,0.4453184531797913,0.3641539214430849,0.4056843829191338,0.3233917448975945,0.2503430467693468,0.20456526975930753,0.2069953333641826,0.23482681020774937,0.2705958141278809,0.3589016545839721,0.4212611740069038,0.25828708069868195,0.2886766355811601,0.26769139921109264,0.30495189434225384,0.3039709789723874,0.22526266809877651,0.24079518781561288
0.1162353910840992,0.4776985830428487,0.23347472501499264,0.4025323548280737,0.6293779718223952,0.4240651431283663,0.5536576829974538,0.46925712829967126,0.5287092982917582,0.42634763432636436,0.565210342702824,0.38443022712171,0.5805165425503301,0.8194619561311918,0.21955151309171236,0.626904747927808,0.4670738049034794,0.7010535123160057,0.3686906489238869,0.22564772982823258,0.5368613801727514,0.4670456954330597,0.2546257134992026,0.40383351614889385,0.4679923829336103,0.38870856711037793,0.44707677812891716,0.34217700828235414,0.4039534892384368,0.40646626592109125,0.29558627484503186,0.4960506711496835,0.49202759949514885,0.3231849183533617,0.49462260547977643,0.3857802405719834,0.3465108198324003,0.6200131658047171,0.4088795907333209,0.4970066747532053,0.3767938726946784,0.32955697904294345,0.5304966093934296,0.4671589740969694,0.1812474447734262,-0.007472669112743746,0.33567046859208854,0.38808548239789137,0.301244922041746,0.0,0.5894387825247166,0.40476324552121923,0.5604998092591592,0.3802575526577459,0.3709110056673195,0.6354226948939725,0.60715474764587,0.5100626562637515,0.6010066883762046,0.35768007195768203,0.5019258720953078,0.43595756077135234,0.32423411046553113,0.3165564139954988,0.258843746762954,0.3703740991314861,0.35686595161169277,0.5278747275140927,0.45898642128652334,0.3343466544896119,0.35114238499827477,0.3545997969194876,0.4866479623225159,0.3519740930677012,0.295110054458575,0.4237263343464236
0.12426850457775324,0.6182549501503504,0.3318840405939806,0.47711423312241524,0.7696709871026948,0.4510796409512301,0.6558991215567458,0.4766628107416839,0.6884744069348123,0.5719127852874106,0.6630940139508272,0.48893417299914854,0.6960075907086736,0.786664414068684,0.3296775984131346,0.5397164450621701,0.4660584427039832,0.7114808698784676,0.4191181632647967,0.2643186254136933,0.5718911752341627,0.5615675812010519,0.2802490304397015,0.4112675957038687,0.7882977997361862,0.5064992983699964,0.39078324767576494,0.4283392108319504,0.43364444399585467,0.3181064930431574,0.2790171963950374,0.7261488007955138,0.6722460179989617,0.3636313074439965,0.6008778022727577,0.5499573100931909,0.5596987537710114,0.8039715590535641,0.7000597880147159,0.7525626587212686,0.4509189585473989,0.5695142807131545,0.8615393616059186,0.7271144539994487,0.16892678642029502,0.2929967068825751,0.3807095804057052,0.3381598969929681,0.4710375411279104,0.5894387825247166,0.0,0.5690241034542969,0.5758254372844054,0.35136555318629126,0.4636402059037644,0.6941731377984978,0.7592981404693315,0.6765538492835876,0.7642112609556857,0.4601072608971354,0.6211008777254216,0.5218808937419936,0.380755592078578,0.23460191789668333,0.38260458066498115,0.3930237017781832,0.4893240029223583,0.5127417441234864,0.5348127534658882,0.4556392460152507,0.47016296546802044,0.4178076816330751,0.5541731701794165,0.43015809575131103,0.3154841332611867,0.5660424155509391
0.16009076592013333,0.5240835278581265,0.2944599253236746,0.5007042401642581,0.5806089420045051,0.45998556295241333,0.5455011536875438,0.5299033070718545,0.6671299058533989,0.5494361668303137,0.6511388387106481,0.4812132700453734,0.6737935687814239,0.7984497008282516,0.33826102232623617,0.7195881517616316,0.5194153242837273,0.787528206689914,0.4037341648372814,0.2516681153661249,0.6003765830201042,0.5514598735546862,0.272885832923893,0.4152230489991115,0.5935852993665114,0.4761209018346477,0.4753637892787195,0.4737634210390419,0.43567203992818326,0.4675930806487213,0.2911067128618533,0.539653716166207,0.6503809342924864,0.24369577042767915,0.4649197616565245,0.5742706878827942,0.47966981954492094,0.6905382174018531,0.46537935880607484,0.5536254673575913,0.343169970908994,0.38022621895962866,0.6271162397341774,0.6032673092975773,0.19562269318020975,-0.0009450184668547412,0.4009648854784784,0.37435145628645,0.3439872117750604,0.40476324552121923,0.5690241034542969,0.0,0.5625181090065516,0.4224156661895545,0.35182084903175675,0.595762912311165,0.6272616999333133,0.5134071493026433,0.5786784498910812,0.4440037119011894,0.5479008354327178,0.4889645225676576,0.4074130337543135,0.31132835243449286,0.35591097193136717,0.38574991951676996,0.4590387857703196,0.4704557605694238,0.4764392873073739,0.387452931640132,0.39711968625494337,0.3489182064924962,0.49877247792488466,0.3888539603700403,0.3520733180790317,0.44254430807024775
0.20634084024804833,0.5368922579711672,0.34725647922861047,0.4230079134898363,0.7530812448717824,0.4388723891223459,0.6656390110598924,0.4028970690587467,0.7191267582748657,0.4796574498064462,0.657190731189666,0.436658206245202,0.6123617340984931,0.7701851130807265,0.28220413381623144,0.6241469123619301,0.4749883016410431,0.631443114542701,0.41539936181455206,0.2815248302052473,0.494676609240438,0.6364960199082198,0.24086901100486388,0.32434040612379567,0.6824525914924432,0.47399871760195056,0.5042673637430677,0.44000488349489464,0.5785135877747903,0.45106834800400003,0.3152896348840425,0.5766759305833027,0.5227600936708713,0.3125292544171433,0.5097780663828944,0.6156871816201601,0.5576933766886034,0.5078690994901452,0.548923159641752,0.5537931640437243,0.35741759093463255,0.42781701889005297,0.48915370974398903,0.4986904533373045,0.19463420788069474,0.3155690940944901,0.36948158232437406,0.41656012411353815,0.33755765111834124,0.5604998092591592,0.5758254372844054,0.5625181090065516,0.0,0.45767213571139265,0.4716989916562232,0.6587581684661503,0.48524229003100827,0.6390807453915213,0.5671333168796319,0.2955851722259374,0.5980987789078733,0.6324522790159629,0.3689853201677018,0.29399997791757626,0.3398813634091406,0.23606135982613316,0.4645708707146152,0.4228672572738466,0.3551668320441031,0.5396731937003336,0.4002247794702569,0.38539301108926977,0.6182275763878572,0.46421668663039595,0.3849037551715906,0.42769441052532015
-0.013658582140479436,0.42723509362313905,0.1680893960149493,0.32545105452418893,0.6333217058028788,0.29652253531087247,0.46020445983539604,0.4712339811628793,0.383618150852439,0.40288381992187206,0.38080697221521653,0.3071607532268152,0.5840173150001263,0.6708656381993072,0.1641558599849428,0.3686273992646114,0.29445236181808876,0.41835129546807787,0.23319842594468543,0.08565889156463491,0.48683043002473003,0.2822920152724264,0.13345424159690983,0.26270274074965705,0.4380211336579659,0.2560075658435017,0.19386687211843362,0.28220993041372955,0.2827381476137839,0.22946790655542187,0.15193152511653066,0.4617926335197239,0.48236818758070443,0.09077145845696766,0.3530913386305112,0.3487755222253988,0.29635832785934474,0.5646174366835682,0.41163190233812763,0.3720092443089227,0.22749734471005695,0.31222801524803345,0.5434079803120742,0.5697083571368311,0.11740073145948143,0.23597347301554927,0.2623729968538616,0.15726610948705644,0.30283739389807907,0.3802575526577459,0.35136555318629126,0.4224156661895545,0.45767213571139265,0.0,0.3657237388439597,0.4675307854999351,0.44500852245491573,0.47390818864605433,0.46931294662279394,0.25247131361282793,0.4078661772666663,0.34562812937891724,0.2746052647257974,0.13409709475496662,0.15308835444630828,0.2849644032124107,0.2681499785723852,0.300289048777479,0.3087132310809768,0.33284063867900915,0.24184053127589636,0.17658532784671882,0.3313994504631092,0.20416546025606824,0.15132825086184515,0.25612485142692026
0.08720824303217917,0.3570865535940527,0.20280226544261015,0.239597520011992,0.5254698887565439,0.3771207464134186,0.4477845457213353,0.43464775788863297,0.5043681189751071,0.45349493909122274,0.5109955259029564,0.31200477280310235,0.47054417639196533,0.43206560440376285,0.2535307804954276,0.48644657780658523,0.36629348128392736,0.621901928419976,0.29858560620058006,0.10416716661303044,0.38336494485092826,0.3849090744092258,0.16962190830099483,0.26768143120220306,0.45005474841227583,0.32537594347038057,0.3271582860187192,0.31427891323456514,0.2792871079488723,0.22188737845718937,0.22386358697853187,0.41220159791578714,0.42493727537835113,0.3492419926298117,0.32320029537662204,0.2645040594410865,0.3066881131549206,0.5698369185289064,0.4225075333305154,0.4360497557336333,0.37291693389487524,0.33204396204492814,0.46072179229305515,0.4118474671222835,0.23197888441605896,-0.003133725944399035,0.2902984183603178,0.2546400343951073,0.23518223216150852,0.3709110056673195,0.4636402059037644,0.35182084903175675,0.4716989916562232,0.3657237388439597,0.0,0.3807354997533791,0.47368908957766653,0.4829596477709129,0.49355740629647515,0.40665620209295317,0.4136935548757422,0.3433339641222889,0.28835450813467023,0.21093590568133092,0.1836084690411678,0.3099646991759636,0.2677636438792662,0.36463554191455677,0.39041516617520167,0.3113750221683774,0.35321832009399395,0.2705929984950287,0.3935460830752081,0.2709266198216096,0.13303266478292544,0.33105923145225896
0.20009960136831642,0.5839615394583487,0.2706334849321978,0.5340770246859484,0.8112425477633524,0.5387816669635105,0.7659479532078368,0.5563080415746521,0.6880867378382499,0.5857820990573558,0.7400505762117744,0.450650538133621,0.698285752173034,0.7632190294849541,0.3673435619973625,0.6032066072681481,0.5638160708490836,0.7169779442079103,0.3805005823867859,0.25184102035812694,0.6455548251978493,0.6616869392100165,0.29730760023694713,0.4706190048615607,0.730991777568082,0.5702051853858161,0.4844179189042929,0.49928527427229635,0.5685577549814832,0.565961256270856,0.3872136357612679,0.6162477196779377,0.7179647996246723,0.3906886775694107,0.555607806043147,0.5414048412856319,0.5386365958958484,0.73830293077336,0.6292731839628809,0.7077197640468074,0.5163042942416802,0.6132274396688132,0.7358471807545598,0.6936130954748865,0.16328273575451246,0.05866490285973752,0.45224138227820565,0.4122640573731609,0.4132113032534034,0.6354226948939725,0.6941731377984978,0.595762912311165,0.6587581684661503,0.4675307854999351,0.3807354997533791,0.0,0.6519830161194082,0.6483834150658871,0.644611084137291,0.5678740445800831,0.5806370301905287,0.45530424795764396,0.4366667246036623,0.3326497712966225,0.3124743045856405,0.42251218953066283,0.47765312881546595,0.6081029161500351,0.5420773261660342,0.47471966516211794,0.5045672920653158,0.44689600939065094,0.6482678975704885,0.4088593648871089,0.28031866344193734,0.5979484477535827
0.15336845190425383,0.5631735048329398,0.30986164684951434,0.4887261949185346,0.8994160897490195,0.6162747433867335,0.8565982730292973,0.4959318355846949,0.8000918921496576,0.5233604120343728,0.7535860283014129,0.4251424683261086,0.6696389323630507,0.7948214825337085,0.3569563915205708,0.6701065149996639,0.42155049271156164,0.8482512572223657,0.40532728704158455,0.16287369378129057,0.6707908512516136,0.5581251701197452,0.2952728000129443,0.3365582958119447,0.691257400215636,0.408899088304551,0.5101948833630188,0.4554260710986472,0.5463139279414075,0.4589959637193974,0.40885861229863896,0.7793318325073526,0.8026149669435602,0.5154187859978452,0.6606886721025296,0.6179535574347981,0.6067155464689208,0.7588914310276108,0.6798121947256356,0.7231295317521663,0.6314106304397948,0.7003482408545819,0.6444136729495881,0.6961969870465027,0.21493543581624405,0.07712262774136469,0.42894307328150516,0.494176375064367,0.47680977886768366,0.60715474764587,0.7592981404693315,0.6272616999333133,0.48524229003100827,0.44500852245491573,0.47368908957766653,0.6519830161194082,0.0,0.7265937037176242,0.5843521849677955,0.4376613209889464,0.6274516027309688,0.6351824273555299,0.3497845699739837,0.37586799447190367,0.37158337552875953,0.4778796262648864,0.46974897887081,0.5677773414565046,0.5440653806742264,0.47585264702085134,0.42720898405928026,0.42887084753335897,0.6789567279159481,0.3631431088423302,0.18571899412033463,0.5668924369105042
0.135401415061235,0.5671695107124929,0.3519997648023723,0.5297556699857559,0.7437489659438392,0.5249150460619854,0.794257017544015,0.6224918733591225,0.7863939942458185,0.5654962262098728,0.744108178974741,0.5067986827206026,0.8144021333607866,0.9393586599383108,0.40655519147043895,0.6560545460010438,0.5862452222119584,0.7441849487094296,0.42646306166941567,0.24902273188732857,0.5770138619448371,0.5716478160119177,0.28596747683806534,0.42241430747772796,0.6709938373388893,0.4918723725441298,0.4861753360806976,0.5333065398538794,0.5396296154608755,0.5078671919074247,0.38157465022079845,0.6774407655995307,0.6736953339905857,0.34785387596699435,0.5438097966082036,0.6819753262509224,0.6032152088951049,0.6943709681167339,0.6648347620066706,0.669287566561602,0.4780138756625529,0.5874267283404317,0.7226499382852256,0.6921401443751483,0.24082651853201012,-0.004377264457270047,0.4229653508021172,0.4174552735764781,0.3956719595740191,0.5100626562637515,0.6765538492835876,0.5134071493026433,0.6390807453915213,0.47390818864605433,0.4829596477709129,0.6483834150658871,0.7265937037176242,0.0,0.7134203389278074,0.5616879676207588,0.576273345337954,0.5969465691028623,0.456478769799945,0.3914191058722481,0.4374600773608309,0.36081011655271217,0.4753977819704438,0.6028412149735154,0.5841427136904896,0.44053015267165324,0.4566456243514303,0.43861018721874173,0.6033521529338256,0.41428389568802976,0.3505199115896162,0.5766276684137687
0.11967203179456021,0.6774219304786061,0.23630177717872292,0.44951847267445716,0.8886264021509589,0.5988120560108599,0.7508543815453574,0.6247811189263511,0.7326117217103987,0.6114150938716592,0.7064133491626409,0.4375379555188202,0.8051773370941446,0.8215678245751199,0.4227726218264598,0.7907990875041718,0.5757489799100702,0.7895752345510183,0.4319151143415949,0.37893832637254315,0.49879894957301185,0.6462476804340371,0.3759241941684947,0.42525677360921615,0.6631162948281714,0.49375088743972817,0.5344808708048583,0.5049787308012446,0.6589851313603066,0.42231768538823844,0.2628235220593687,0.621971696520741,0.6843501407312883,0.3139919602489094,0.4803305837833219,0.6580498734512547,0.5182203107506513,0.7022457051432454,0.6052204136795082,0.5919277085749269,0.3680039032313896,0.4543302042940754,0.771461272368414,0.6889412860614811,0.22093897984447425,0.24987750245270657,0.4798213832093633,0.33503319550040667,0.4453184531797913,0.6010066883762046,0.7642112609556857,0.5786784498910812,0.5671333168796319,0.46931294662279394,0.49355740629647515,0.644611084137291,0.5843521849677955,0.7134203389278074,0.0,0.6028960051236429,0.5528438523375372,0.5005222666205439,0.4316927532746823,0.4388716713183007,0.27584138143097026,0.46076482352555015,0.42854851479981,0.6661869893797561,0.49709903500377256,0.5748028902177109,0.5245361915372319,0.557162465388727,0.7004008532375106,0.4522874638935558,0.42446400232836845,0.4593465953581195
0.040005573526183,0.38164904800960203,0.24144684148032688,0.16631375252036346,0.6764320762031517,0.3914088766207336,0.6154097675221117,0.4032740365772555,0.47379776322944456,0.3273007508796501,0.6090625641370336,0.23182441081507263,0.5408060815448469,0.587973391413258,0.23256103119789662,0.5058600662182204,0.207545092404542,0.579333191946684,0.19706437319613448,0.25628787808509845,0.4784417891321394,0.2712585683058355,0.04584696283645706,0.18129310880151167,0.5203783627669675,0.25816017549813175,0.2282022666001508,0.23654740835597524,0.24072588597945282,0.04382121732866967,0.15164830956821085,0.5251201476978392,0.48995319988101654,0.3729698278446236,0.4010193174141402,0.5482528423295017,0.491318606673469,0.5342009348144092,0.4818364534177172,0.5873830442756062,0.3957208063817951,0.47421930298379594,0.5468628626426776,0.6023808540849525,0.08883276804938145,0.011686308411100466,0.16090779928855045,0.21437201829586833,0.3641539214430849,0.35768007195768203,0.4601072608971354,0.4440037119011894,0.2955851722259374,0.25247131361282793,0.40665620209295317,0.5678740445800831,0.4376613209889464,0.5616879676207588,0.6028960051236429,0.0,0.5033709852099715,0.5003143194998317,0.20410950445499015,0.13512149519880426,0.11430932995413123,0.32568297259828527,0.18611597753418413,0.23456664800336138,0.4509123047873538,0.33678644752309067,0.3162578769204388,0.08907050774228176,0.49265357883625394,0.21654592114651017,0.2640213199309386,0.2862302878501424
0.15169621657921467,0.5079798161360977,0.34406641346087224,0.4315443442101082,0.8727209637812545,0.48915706030929085,0.7612488566639122,0.5201187086594651,0.5933299857451885,0.5624543861008136,0.6439275339804608,0.45234453846010125,0.7365123574168579,0.7238286509036157,0.3561840138132953,0.5807943179540589,0.46991664477350326,0.6579456863273212,0.4098420562813106,0.3041561704138752,0.5586885836721733,0.5146553902377351,0.2839656867124691,0.2886493054488434,0.6134394885284548,0.4424087974522506,0.4255767960968682,0.39347910247645385,0.5247809433397578,0.3318483098854629,0.35996040259652357,0.640571924380899,0.6682912970154329,0.35676484386835466,0.5777546295783333,0.5686793633549045,0.6053988567874047,0.7531908717051661,0.5562335997880586,0.6513674042340741,0.48934656210555016,0.5452841047656491,0.6170547760547387,0.6858988799998047,0.1764027326561082,0.056020830076890626,0.33687988903416693,0.39429051785252206,0.4056843829191338,0.5019258720953078,0.6211008777254216,0.5479008354327178,0.5980987789078733,0.4078661772666663,0.4136935548757422,0.5806370301905287,0.6274516027309688,0.576273345337954,0.5528438523375372,0.5033709852099715,0.0,0.47345159922935914,0.3297463193385281,0.3954601191451555,0.29283696368067574,0.36935533752823685,0.3431860194796974,0.48897693484390664,0.4489434734142764,0.37322987305266947,0.44639433682708907,0.33499484676894353,0.4938122322036393,0.3050635071735183,0.20351575838880148,0.4416221616779169
0.1895967433500035,0.5622269612453485,0.3314479275749205,0.3756096462413499,0.6866663744970034,0.5090153455509223,0.5808227561824278,0.5542399621133676,0.5745822669577187,0.5590803538676042,0.6509253596282497,0.457903790252004,0.6616610577505349,0.6151799755195133,0.3020330536446157,0.5414240566073607,0.5070594204866129,0.6881744307892159,0.35793561688192194,0.18018962629802301,0.6214056758313657,0.49334239551115466,0.2834709640779651,0.3809078368153095,0.5625925282120057,0.4737142758930341,0.42631365406260086,0.4451046545975681,0.43535986611283284,0.3113346307295571,0.34145222260504793,0.5036717174056573,0.7155840501560178,0.38857067306670795,0.5276235494024745,0.4459826790590827,0.4336303500817357,0.704787459306556,0.5445598333335373,0.632154077243928,0.5491066825355709,0.5431885880411369,0.6299353680705851,0.519545594440642,0.2834385178115463,0.07246357321242952,0.3986944776110762,0.3533652352449764,0.3233917448975945,0.43595756077135234,0.5218808937419936,0.4889645225676576,0.6324522790159629,0.34562812937891724,0.3433339641222889,0.45530424795764396,0.6351824273555299,0.5969465691028623,0.5005222666205439,0.5003143194998317,0.47345159922935914,0.0,0.3905667248690734,0.2916706682997288,0.2558915734930493,0.3938826170525638,0.359874481321136,0.47858848822438227,0.4421184381574757,0.3872271151065212,0.41737015977263375,0.35160489508059956,0.5485368646858503,0.3859585700043907,0.2400690434799853,0.46739673350435673
0.007092914518118665,0.3508324652562409,0.13021344975626128,0.2375977969168599,0.5305026526040123,0.28032448065200516,0.4719864921786321,0.4033279487448532,0.40737084169494725,0.36024273652631233,0.40857794405725595,0.2727712812830352,0.3988146667967865,0.6417392121726112,0.1351480359056173,0.3773242996543707,0.26857406639818554,0.41722755878293216,0.22546051280009813,0.052490983087424226,0.438631372424795,0.27805533727563225,0.11582480772209486,0.23114540166882083,0.42151333555965453,0.25289505413494673,0.20363373952701017,0.3344657216382679,0.31938380653750564,0.21997636924435932,0.1907325716447184,0.38052152091077035,0.4119964617503186,0.2960821023983279,0.3958504689359129,0.44007853964434485,0.32125653159052775,0.47129853453580933,0.33087334573196936,0.42574549826853386,0.29696554274888454,0.2846382238007627,0.4969426011988709,0.4079374422129034,0.11137752363314879,0.17545503514780642,0.20151591705622005,0.15746486619742175,0.2503430467693468,0.32423411046553113,0.380755592078578,0.4074130337543135,0.3689853201677018,0.2746052647257974,0.28835450813467023,0.4366667246036623,0.3497845699739837,0.456478769799945,0.4316927532746823,0.20410950445499015,0.3297463193385281,0.3905667248690734,0.0,0.17500442172187702,0.0987221117715868,0.23175607149391245,0.15770359649111776,0.2814089301928327,0.2614422907865891,0.23531867170206378,0.2352460451553368,0.13381540534925562,0.37135783454236276,0.17609312662990648,0.13596831346517568,0.3259389438228064
0.28033748139118475,0.28340235602755415,0.050901743513766085,0.25255153392114593,0.5623725237563808,0.2194236475318736,0.4059935564225136,0.271505734249032,0.3441008175720952,0.2969288430335627,0.3852928990967779,0.21521665628192183,0.33175093349113133,0.4940901917245815,0.02922009205348633,0.3981535248901021,0.3009602033043485,0.3678628322812781,0.10862839549790138,0.28549265963908416,0.3375075501106348,0.15654931008149314,0.009750298512334832,0.06746070218848688,0.30343575249754146,0.13492170818399116,0.15777877409855806,0.14318259445084344,0.16353135233719876,0.1686278260192441,0.07335616344269258,0.3039676819735031,0.3904866149212881,0.2285928319997556,0.2799390275526775,0.3439891445564044,0.27546057466142315,0.4125164520671661,0.31565832709445973,0.3808347851562953,0.18666818264203244,0.3008589665950517,0.5622467630537404,0.39814745324929784,0.004858406422273365,0.2525005917671621,0.20186808558111147,0.09411025243729898,0.20456526975930753,0.3165564139954988,0.23460191789668333,0.31132835243449286,0.29399997791757626,0.13409709475496662,0.21093590568133092,0.3326497712966225,0.37586799447190367,0.3914191058722481,0.4388716713183007,0.13512149519880426,0.3954601191451555,0.2916706682997288,0.17500442172187702,0.0,0.2868979461250378,0.17226434178218628,0.1464786593638288,0.18334406972059944,0.2903763745888085,0.20725182287823263,0.1882066914802678,0.05671520875877345,0.2962870213338527,0.11886110798142677,0.24040362296135076,0.2253032657244357
0.276894732118329,0.2813540442359563,0.17538350894396423,0.167476172618242,0.5897597519463631,0.23290257452185795,0.40954189461579893,0.28116958975941464,0.45290242012343696,0.29371828575152686,0.4195910745986261,0.15867317534061962,0.4618168304830782,0.4331095969548183,0.1343851441899139,0.3273329618356342,0.21118106364493983,0.42777610070110933,0.08359199389042157,0.24581132499293462,0.3661624686506332,0.22027000455718243,0.013957967144035688,0.13078541323677195,0.35812426496649724,0.24274330169509045,0.12128390447189646,0.16797875153036995,0.24329238147011867,0.24276047704219328,0.02767814738420671,0.421133193760738,0.45780605296262833,0.172173158290564,0.27286339693364253,0.230084908031357,0.31183660511856415,0.5147343341055929,0.41456062798254073,0.48591602373605713,0.2895245665142789,0.3196609377277349,0.3721562285517808,0.5235713465204528,0.0771151694240525,0.3271883217078992,0.0678278124755517,0.15553298802573212,0.2069953333641826,0.258843746762954,0.38260458066498115,0.35591097193136717,0.3398813634091406,0.15308835444630828,0.1836084690411678,0.3124743045856405,0.37158337552875953,0.4374600773608309,0.27584138143097026,0.11430932995413123,0.29283696368067574,0.2558915734930493,0.0987221117715868,0.2868979461250378,0.0,0.17968706477869054,0.13435192314030595,0.18919277205246723,0.28693835490575,0.13411638613521307,0.17692605136390716,0.08621974273435198,0.24472562687604965,0.08588289149539849,0.2604960193821134,0.19800217176234447
0.15906049134039713,0.4357002569396441,0.17276446647929689,0.2692319850485383,0.4657814547938856,0.3576760259002266,0.4964279033778254,0.35508364216599386,0.4829270709078869,0.3856658213015923,0.5612760320973321,0.25652331083793156,0.4948072464167927,0.4931433395951172,0.20172580980213778,0.4166518341645753,0.33855138276199626,0.5299151104364055,0.1810076872357039,0.04934542238944084,0.4893094801765762,0.367733665018594,0.10493926957992594,0.22034671899592537,0.43443188557590195,0.3079371790099217,0.28634173718735867,0.3243925393964484,0.3463774599023391,0.2769781823287095,0.24566051472387218,0.44602392037178973,0.44102075831695087,0.16448006582995472,0.3578023385015923,0.38389507842339843,0.36439229243716476,0.492187795691783,0.38311379202367435,0.4012457894888327,0.4129184834544768,0.46048411925698784,0.43893194411427744,0.5014985646314875,0.11740975948667531,0.09080101506266464,0.2293368207460425,0.19023083141967626,0.23482681020774937,0.3703740991314861,0.3930237017781832,0.38574991951676996,0.23606135982613316,0.2849644032124107,0.3099646991759636,0.42251218953066283,0.4778796262648864,0.36081011655271217,0.46076482352555015,0.32568297259828527,0.36935533752823685,0.3938826170525638,0.23175607149391245,0.17226434178218628,0.17968706477869054,0.0,0.25571677919321745,0.3964801607403915,0.40518360678951804,0.28174598492915315,0.2998558215372925,0.2389090755819624,0.44738438899804855,0.27155211131427465,0.15341994659794164,0.4232656751825732
0.2951370689357926,0.38139741769620267,0.2192991699245088,0.3334302887021269,0.7174208979970331,0.343242804566741,0.5295807952326468,0.4058225124154472,0.5464111572050373,0.38831008209301365,0.525196725334373,0.30499423477301435,0.5973830995369407,0.6005353568095609,0.20951127991621138,0.42330463035187244,0.2696091229534762,0.512206191243679,0.2684514440351312,0.03070658781686736,0.4554869717695026,0.3653199956947589,0.15163239471923656,0.205309625528597,0.5121053302577766,0.37904639592515404,0.2755950308263143,0.2346039078034374,0.39580514334584355,0.13594791005820134,0.08380331885516007,0.5704819273857857,0.4972522245028654,0.23601321832290686,0.40010936256870755,0.3855958826877029,0.4958672632525719,0.620041102827155,0.5395117922143811,0.5719078850563387,0.35479046211839554,0.4068070115513015,0.4746357229270715,0.5799486776486059,0.0979126778784436,0.30853440636734536,0.17446018147002995,0.24782883846692697,0.2705958141278809,0.35686595161169277,0.4893240029223583,0.4590387857703196,0.4645708707146152,0.2681499785723852,0.2677636438792662,0.47765312881546595,0.46974897887081,0.4753977819704438,0.42854851479981,0.18611597753418413,0.3431860194796974,0.359874481321136,0.15770359649111776,0.1464786593638288,0.13435192314030595,0.25571677919321745,0.0,0.3567766499201308,0.3378569485294397,0.22933751957329326,0.2659220658627227,0.1759137089309788,0.3654774802773267,0.22913083086360725,0.10032368994660207,0.32559779778077164
0.06276275620086774,0.43042034955713937,0.2826244330002733,0.38611076655673915,0.7763329110023948,0.4122975652097551,0.6656434251274905,0.49294896680201655,0.6549688800185757,0.4287485200125996,0.6838512351595692,0.36563735937339736,0.6522070350318743,0.7361956937679303,0.2521135334323237,0.4899921983052795,0.40475310486386984,0.5955443169977812,0.35313680140450476,0.08568496884972426,0.5729199643764504,0.4251024837902085,0.22644213457302442,0.30224244336998213,0.5357009912313493,0.43328697615911427,0.3561308369682131,0.3713384800698387,0.41240918890545286,0.25494513748113157,0.2450699146584701,0.6173782917684332,0.574854017315687,0.3569736979080779,0.5158071138452061,0.5240587175996103,0.5108879113834194,0.57282346135141,0.5500838633969634,0.6149711859345258,0.4087107764797401,0.49896186066207554,0.6272464226490022,0.7120288489682371,0.13970574668839097,0.2616357576256936,0.3384936332771729,0.30415130909600785,0.3589016545839721,0.5278747275140927,0.5127417441234864,0.4704557605694238,0.4228672572738466,0.300289048777479,0.36463554191455677,0.6081029161500351,0.5677773414565046,0.6028412149735154,0.6661869893797561,0.23456664800336138,0.48897693484390664,0.47858848822438227,0.2814089301928327,0.18334406972059944,0.18919277205246723,0.3964801607403915,0.3567766499201308,0.0,0.4471617477475751,0.3394439486415173,0.42076447324167904,0.3262676661703344,0.49944549360215146,0.2964293128172348,0.1775937937759534,0.5319416226149143
0.0829814999373063,0.4202218778000215,0.23765665330771693,0.3870562622873128,0.6685133811782549,0.43034355627804416,0.623748648201412,0.40460005273688954,0.5732385922151721,0.4467149865342831,0.6090229899232094,0.28059111416674437,0.6127920010030062,0.629509294757055,0.3995371499447778,0.5580320376999381,0.34417562096470095,0.6277174636051471,0.2881303623867636,0.15040486613710397,0.6206036908835708,0.47096486400553694,0.23012666753832514,0.28844608196813226,0.47715564759926643,0.38150484533443324,0.3338792596662573,0.4028464793512531,0.39336058675668634,0.23563119002203314,0.32125609429278607,0.5468715934806275,0.43556938247353433,0.3902746066994631,0.4884466004854527,0.46098934708151146,0.4681071948388717,0.5047099325587927,0.5036513439321473,0.44817049824942573,0.3666023606126249,0.4891157340938985,0.495757675679991,0.4891270281587722,0.11244451635952285,0.07270494440473457,0.2755315922684518,0.2983749043943751,0.4212611740069038,0.45898642128652334,0.5348127534658882,0.4764392873073739,0.3551668320441031,0.3087132310809768,0.39041516617520167,0.5420773261660342,0.5440653806742264,0.5841427136904896,0.49709903500377256,0.4509123047873538,0.4489434734142764,0.4421184381574757,0.2614422907865891,0.2903763745888085,0.28693835490575,0.40518360678951804,0.3378569485294397,0.4471617477475751,0.0,0.3471760371632464,0.3817363192611456,0.343951637603312,0.5534820717261606,0.3208544695624845,0.18690507964538236,0.4744787573091054
-0.0050928007935528985,0.4004904369053939,0.1600084851428299,0.3121760021614701,0.631820414469981,0.35476754838072877,0.5642042779768188,0.5022581211039037,0.5533354948527036,0.3749861880751116,0.5484710404559803,0.3445731674534239,0.5053854815708233,0.6445990467224525,0.21173057987327043,0.42190281222153003,0.364584431787408,0.558441530538271,0.23668934689484755,0.027769416583819206,0.4411626432233638,0.30704145288585194,0.14113407512894582,0.22571924197857163,0.4793408755212771,0.34606024604100927,0.27280340367330835,0.2949297258755197,0.34078755272881067,0.1686692606973249,0.20429951022147194,0.45040076418520597,0.43844591180812476,0.2257354484912631,0.3641742618078815,0.38025059936673217,0.437203578526349,0.4722851398791502,0.38949989982096234,0.48473923542198194,0.3433816627101772,0.39067867113501276,0.48624845999881217,0.5661728951826954,0.1185452738524495,0.17464171488989072,0.2414079103840126,0.21802704301210732,0.25828708069868195,0.3343466544896119,0.4556392460152507,0.387452931640132,0.5396731937003336,0.33284063867900915,0.3113750221683774,0.47471966516211794,0.47585264702085134,0.44053015267165324,0.5748028902177109,0.33678644752309067,0.37322987305266947,0.3872271151065212,0.23531867170206378,0.20725182287823263,0.13411638613521307,0.28174598492915315,0.22933751957329326,0.3394439486415173,0.3471760371632464,0.0,0.29930269136661647,0.20742365298323948,0.357464762225411,0.27316194839741925,0.13097350226699797,0.364407382285855
0.03505410997629982,0.354742164583816,0.2080232078597888,0.26677184357418215,0.6046113211645294,0.3994569662054387,0.5983880088590686,0.47873794645311424,0.5966348003324051,0.41247052938768136,0.5926032269993251,0.23949858023467108,0.547606596171047,0.6518045841279276,0.21262169845178677,0.45779385324325733,0.3270675286107978,0.5464034507357196,0.2991318612415555,0.05967181248599834,0.44517797811507126,0.3628347217768376,0.14780127188592657,0.21958386357910367,0.5031657889529861,0.3140153309930606,0.3160069373895031,0.2887946170509782,0.3732666244032404,0.22312461173177714,0.18445547242419033,0.5100375196252066,0.4420343115926417,0.23811289837364286,0.42951600956295505,0.48825138464275014,0.4311359010467437,0.5460780201615139,0.4552028376709591,0.4496338649982094,0.3594572295845466,0.3901216621277101,0.5675013302817836,0.43907571717081356,0.09055886140336161,0.015502632240447678,0.2561677903940661,0.24573377061133164,0.2886766355811601,0.35114238499827477,0.47016296546802044,0.39711968625494337,0.4002247794702569,0.24184053127589636,0.35321832009399395,0.5045672920653158,0.42720898405928026,0.4566456243514303,0.5245361915372319,0.3162578769204388,0.44639433682708907,0.41737015977263375,0.2352460451553368,0.1882066914802678,0.17692605136390716,0.2998558215372925,0.2659220658627227,0.42076447324167904,0.3817363192611456,0.29930269136661647,0.0,0.2588190808116589,0.379922667078927,0.2700239504895442,0.14491594425028848,0.383083431673512
0.3574517162438227,0.351764670978942,0.1524743812291056,0.2709797914041928,0.6247284024261189,0.19456697314685492,0.4591370522926993,0.34283554977367026,0.42438838352051866,0.29803743646703285,0.43294061806409506,0.23464969516790418,0.5274878911556409,0.674594715640404,0.15493806259598483,0.33197972704323486,0.23472991729234619,0.4031332496863707,0.14975033969646495,0.2516880568306061,0.44534570504867016,0.2562654269256942,0.08715438293182826,0.1492918878286846,0.4131531017807534,0.2685809065862125,0.17406758158059576,0.20365131140558185,0.23574352715691266,0.08425057683258805,0.0872533618628493,0.5385500605712824,0.4094575149287235,0.1632731930322022,0.3833320657028204,0.3453387544855756,0.3755290131247846,0.46934840016108115,0.511229511748622,0.5049116558094545,0.29244436932323414,0.36405688613158027,0.4997445929010414,0.5597931164756618,0.08962504101803942,0.17617614328532588,0.19070338969621844,0.12416675208108363,0.26769139921109264,0.3545997969194876,0.4178076816330751,0.3489182064924962,0.38539301108926977,0.17658532784671882,0.2705929984950287,0.44689600939065094,0.42887084753335897,0.43861018721874173,0.557162465388727,0.08907050774228176,0.33499484676894353,0.35160489508059956,0.13381540534925562,0.05671520875877345,0.08621974273435198,0.2389090755819624,0.1759137089309788,0.3262676661703344,0.343951637603312,0.20742365298323948,0.2588190808116589,0.0,0.30326505549128374,0.16145895606258803,0.1579229276385609,0.3467198142576755
0.10003544447496299,0.5058592001465637,0.2626896623725911,0.44528521928886133,0.8932751339142425,0.4814629003210637,0.75461624125283,0.58122877503591,0.7041406296207083,0.5390562244519904,0.7035279280731084,0.4512919794392475,0.6816553302796879,0.7804651374529248,0.3336010341073112,0.5487854472868776,0.4214270789487565,0.6665804862021173,0.40866055469562307,0.17327584744285754,0.5919015081499825,0.46997489798431924,0.2663420670939859,0.37048968267498444,0.6552854631054893,0.5092685847721716,0.3970310425276048,0.43528595932514685,0.4799565040689542,0.32133888168054786,0.3021732739509502,0.5943664533314771,0.613721783080167,0.31721810500697556,0.4367420639759835,0.45263899164799987,0.5123559275185074,0.7809926755895168,0.5564591944728786,0.6920165240128048,0.5471454835577709,0.56241614739472,0.7488612840421868,0.6030715567404015,0.23925079533209087,0.2152068647007748,0.34723941421251464,0.3346536912997088,0.30495189434225384,0.4866479623225159,0.5541731701794165,0.49877247792488466,0.6182275763878572,0.3313994504631092,0.3935460830752081,0.6482678975704885,0.6789567279159481,0.6033521529338256,0.7004008532375106,0.49265357883625394,0.4938122322036393,0.5485368646858503,0.37135783454236276,0.2962870213338527,0.24472562687604965,0.44738438899804855,0.3654774802773267,0.49944549360215146,0.5534820717261606,0.357464762225411,0.379922667078927,0.30326505549128374,0.0,0.3387426692889647,0.1770352486757912,0.48556245442648915
0.3003063375484659,0.3805678755984619,0.1734781086167385,0.21619675161467583,0.5507010811196542,0.26657709752335346,0.4896253098631905,0.48202447911314084,0.391728945732298,0.33334760001986213,0.5007686508630698,0.21528843386027802,0.429069772459288,0.6816144129220836,0.18173612505516926,0.44867208614283466,0.28949614603512386,0.5315044213505921,0.1687069887062763,0.026797498687612165,0.40428845733461927,0.2639790898864591,0.07800934818549995,0.19841273151843086,0.4473321580563546,0.26476930217650224,0.20555779557968462,0.27135594467284363,0.28578006725270816,0.18125507802208551,0.11182247485677929,0.47905087304543015,0.4721146792606328,0.2244402262832032,0.4069062936774236,0.3373743028298557,0.33093312329525104,0.5320441040542363,0.3497368637659238,0.38167159115226934,0.33329866333960984,0.3842169241619795,0.5053743483191213,0.6010870798280535,0.1429766252774558,0.2817897949478147,0.20959786718721646,0.1822252714399181,0.3039709789723874,0.3519740930677012,0.43015809575131103,0.3888539603700403,0.46421668663039595,0.20416546025606824,0.2709266198216096,0.4088593648871089,0.3631431088423302,0.41428389568802976,0.4522874638935558,0.21654592114651017,0.3050635071735183,0.3859585700043907,0.17609312662990648,0.11886110798142677,0.08588289149539849,0.27155211131427465,0.22913083086360725,0.2964293128172348,0.3208544695624845,0.27316194839741925,0.2700239504895442,0.16145895606258803,0.3387426692889647,0.0,0.04480473780073169,0.28147202832194584
0.27480208182010774,0.18200078887390111,0.0675436509167196,0.23224355450451137,0.4399957738705008,0.1498764175920823,0.35674836517214037,0.3773548528383314,0.327350845532094,0.20818012276240716,0.3339878127382314,0.11914337538497882,0.32235084104647743,0.48153450209844373,0.2390151902680902,0.20675518345317287,0.14577814682300838,0.3087686285923393,0.048385633765147346,0.17846238357574004,0.28585622129296023,0.10922431636680821,-0.020912356803625742,0.11944715197194825,0.29883794198591346,0.24526453760028222,0.03839696245016039,0.16266102541223887,0.16534948895713836,0.11281751120420913,-0.023735516951077618,0.3321052303806966,0.3828590852880469,0.08869601761079246,0.23610943301329917,0.23660241351575212,0.21876826468096813,0.4101655304916419,0.2977030640209256,0.344412640117429,0.22454611065600352,0.3196351225059621,0.3621452734775009,0.4041066168879162,0.02242233974415725,0.25501635967128744,0.05747782646700714,0.10043632845770692,0.22526266809877651,0.295110054458575,0.3154841332611867,0.3520733180790317,0.3849037551715906,0.15132825086184515,0.13303266478292544,0.28031866344193734,0.18571899412033463,0.3505199115896162,0.42446400232836845,0.2640213199309386,0.20351575838880148,0.2400690434799853,0.13596831346517568,0.24040362296135076,0.2604960193821134,0.15341994659794164,0.10032368994660207,0.1775937937759534,0.18690507964538236,0.13097350226699797,0.14491594425028848,0.1579229276385609,0.1770352486757912,0.04480473780073169,0.0,0.1810960593314862
0.11561196585519706,0.46048609777412863,0.27871429360937244,0.3595996499036789,0.7637767129996765,0.4250230815995909,0.6186827596887902,0.46648861823234067,0.6994767786070082,0.4792005197507334,0.5890003543626252,0.47912921877645553,0.5516455991065802,0.7020879097938282,0.2628506235985385,0.5586819319852281,0.30127334621864543,0.6278217457579194,0.35895153556900317,0.09572657976268256,0.5648219856588875,0.41233461651993686,0.13083758954604296,0.44990145097550294,0.5453338327011995,0.43801149224899255,0.38678213733119937,0.28710278725803606,0.4013241737224334,0.357171412645495,0.26813295981831387,0.51976195450141,0.4656165226949752,0.298210620140562,0.39407860145719237,0.4474151880558739,0.5311817830295952,0.5611110342810068,0.4790097390293906,0.6299429028021706,0.3485076530959249,0.4000974560846439,0.4808292288853156,0.44091073083305043,0.12171198462120741,-0.03228906196600878,0.28637523750565436,0.32442927630384744,0.24079518781561288,0.4237263343464236,0.5660424155509391,0.44254430807024775,0.42769441052532015,0.25612485142692026,0.33105923145225896,0.5979484477535827,0.5668924369105042,0.5766276684137687,0.4593465953581195,0.2862302878501424,0.4416221616779169,0.46739673350435673,0.3259389438228064,0.2253032657244357,0.19800217176234447,0.4232656751825732,0.32559779778077164,0.5319416226149143,0.4744787573091054,0.364407382285855,0.383083431673512,0.3467198142576755,0.48556245442648915,0.28147202832194584,0.1810960593314862,0.0
