0.0,0.705618072218346,0.2307893449358305,0.0,0.6514291623664458,0.557922699413614,0.48981275305951244,0.5608499628681661,0.588858034645463,0.47222543870291345,0.5221244487791254,0.5500805077464875,0.7608647138758264,0.456524248597956,0.4707351334746672,0.6546656278693866,0.5131307572678961,0.6436465508514948,0.0,0.5463177662460409,0.3705285838149523,0.5606275993562095,0.5735390538251462,0.5298935769231222,0.6046651325138289,0.6323977654017878,0.5557637766245093,0.713489313044636,0.6822620785392005,0.45701325516994085,0.5222149220180217,0.5704501931469832,0.523884851347395,0.36863417527975306,0.31855020051886673,0.6839278622152973,0.5147197788468367,0.5478420502591257,0.7254795576803803,0.8772674161818059,0.7704236151916182,0.5299264194400427,0.512995662135759,0.0,0.437224700943358,0.39763642838276725,0.7845579136973884,0.0,0.0,0.0,0.7336110616013758,0.0,0.6202383571631385,0.0,0.5573249188046594,0.0,0.5554317388321023,0.8226020092905265,0.0,0.7765018274949034,0.8226299861283208,0.6176080848777538,0.8278166717476871,0.0,0.5776346559215333,0.35305556726371656,0.8332015368203243,0.46531011126021543,0.5027803568265432,0.7676918931730266,0.6652205973057924,0.5636472309444074,0.4629358633870264,0.6949552943528383,0.0,0.5959687608913186
0.705618072218346,0.0,0.7954882786910895,0.4214468389718544,0.45117699399168126,0.631040901564299,0.563315450279038,0.7830577629868463,0.536487027022112,0.4480699012909715,0.5093402783802201,0.5424438045454556,0.5905961446233025,0.3484253373128674,0.6982311830702923,0.5575736567201349,0.7369252630970748,0.6309807808559014,0.7021230381736004,0.6139443631670919,0.7518369559196814,0.740652809845502,0.762318025888527,0.563598965624544,0.5227543984189431,0.5147041355782676,0.7285369803720175,0.6475555685213331,0.5492987214304001,0.5816448408298279,0.5373558535074319,0.42696352449767905,0.45358082736038696,0.4520715794926019,0.506260954732001,0.6134283063058797,0.0,0.0,0.7598042889999492,0.8683157227724612,0.7282938902586237,0.810565617658063,0.5917848259618083,0.0,0.0,0.7229427321493405,0.8937013728827905,0.0,0.0,0.0,0.8533008320127299,0.8721108461690249,0.6271030808045022,0.8156017110720317,0.7065415632552517,0.0,0.4790925017072869,0.8508718128850624,0.0,0.7195245535354955,0.8545190204269204,0.5888997133238332,0.8520040630684096,0.0,0.7457477243391357,0.895449235732888,0.8696398697723601,0.6813957833495488,0.4942587008543859,0.8175239288635214,0.8181599721920289,0.7230930099972521,0.825621440211982,0.8224897561321182,0.0,0.9035673459760812
0.2307893449358305,0.7954882786910895,0.0,0.563736050742995,0.5335412345465095,0.5476898132997225,0.5887489964353173,0.6591453248786971,0.35111381364294186,0.5827344833013409,0.6201575186414845,0.5495665522218156,0.6793989494346697,0.6536480016547653,0.5341574355624423,0.4809205510046983,0.6466827845966112,0.5820964699336141,0.33438655774511183,0.452323294790858,0.6807555405767576,0.7473856989720513,0.572644746090551,0.5677908326587816,0.6039386695661374,0.6575622942057422,0.31192803590054596,0.6933599473489752,0.757093723577114,0.7803179721147846,0.6928737283628932,0.6866502297181233,0.5706612554033913,0.7323476412678884,0.6328010214005012,0.6588653552139057,0.5330673301488579,0.5965425398083225,0.7725826698197321,0.5026809025290916,0.5588044794409368,0.7242880671429864,0.6260151674209522,0.5482436919358646,0.0,0.0,0.4335489419065208,0.4714767820258458,0.5109070331232071,0.6579588686871439,0.6599714232754441,0.6519269705914373,0.6318983992770206,0.510560853236173,0.4558119694091381,0.8512358458090068,0.7203665331912872,0.7008453587192789,0.5663742584045095,0.39960987820305455,0.0,0.0,0.0,0.8404110872116856,0.7661101954483832,0.5345542966771107,0.293559298434002,0.6985468074503254,0.0,0.5895813615206429,0.6469317408940285,0.6549073887484657,0.6151760156667563,0.6537550112353946,0.5861980072595911,0.44302320875706613
0.0,0.4214468389718544,0.563736050742995,0.0,0.4171784323100591,0.7071641235786853,0.4527133762482369,0.738891471775525,0.6833891133190398,0.4049741936726132,0.5200341179924562,0.19321958632443195,0.6034457073005489,0.6310218177853867,0.6706597100631072,0.3164730083462666,0.5343969479187628,0.5118148061099692,0.5585701791980722,0.5526278015941273,0.20189095542259516,0.45184982797821727,0.730422624866192,0.40900810891923806,0.852979831367723,0.6342084841263722,0.6953642161666097,0.4339413231568603,0.3636364463432984,0.6100569045620331,0.5234377572079423,0.41621030857638086,0.38367926076862724,0.494649994617284,0.41623171752970356,0.3888885427834207,0.311253971720079,0.40644980956450577,0.20274249251811416,0.3929866399034758,0.4913687769756755,0.3340132609822265,0.6018849510749611,0.3148430595980425,0.0,0.0,0.0,0.4682185656346669,0.0,0.0,0.6995725061730348,0.0,0.50157656442577,0.353769527658168,0.0,0.47782343466537414,0.6209248584948291,0.5035961170741486,0.0,0.0,0.0,0.0,0.0,0.0,0.0,0.0,0.5081801245280773,0.680470683063065,0.0,0.0,0.0,0.5677502026626315,0.46604648541398536,0.6590466826412944,0.0,0.0
0.6514291623664458,0.45117699399168126,0.5335412345465095,0.4171784323100591,0.0,0.4656905719174457,0.33142018064372486,0.5046944280274906,0.42658539986187033,0.6757123838954953,0.3809364338743079,0.32443438983353584,0.6370230110753782,0.4239496665998265,0.601686307128753,0.593898204295917,0.6478522856529668,0.5859913330893881,0.514774954140969,0.5995090621199106,0.5337782566794674,0.5251649763628679,0.4997358818145311,0.5718640319138041,0.5254613660331816,0.5411694405113298,0.5535266218177027,0.49644620014101354,0.6638827810877614,0.5171498966491815,0.6766028020870045,0.3876177457746314,0.48275800124886625,0.6534827546252564,0.55381708490368,0.34135589143674594,0.22430734184100423,0.5541554420246741,0.3809920975885443,0.5330332867553965,0.5297393207777714,0.6042557255201283,0.4889709444335929,0.6357066066052198,0.3832712071200644,0.0,0.3425786917636107,0.41289471288556234,0.0,0.3446663271181336,0.6462880455144621,0.458084432092946,0.5292409268144729,0.30356707742062017,0.0,0.380431389756775,0.40379474541926913,0.6085443906322111,0.4596750879142866,0.4407751265152945,0.5007790159388427,0.0,0.0,0.45571256638686763,0.5913335276869816,0.5116618806895011,0.7785980380577706,0.6086205677199787,0.0,0.502227156217943,0.6437353995883783,0.49410231115045655,0.36811899680413246,0.49850147194391115,0.0,0.6111409318173979
0.557922699413614,0.631040901564299,0.5476898132997225,0.7071641235786853,0.4656905719174457,0.0,0.5524730906216693,0.766253711800598,0.4583545416920581,0.6856938275823676,0.6355079195969648,0.8683128030446938,0.6162864284041263,0.6699787064985643,0.8055765241171831,0.6567608615898115,0.3539641525690652,0.5905194251119105,0.7597162059883729,0.5868613106582066,0.7794739395908507,0.5607465860337523,0.6959147666032143,0.5334599336112871,0.64795600005276,0.7506742311938841,0.6778686435220596,0.7155762468688959,0.5096063568747682,0.8718536952568796,0.7586089496559849,0.663115785806473,0.7454688306024218,0.6686931214969326,0.6410075651354065,0.8342057292645522,0.7197259341373248,0.6683890394658232,0.7381397075662816,0.6039093163598641,0.6228862575924003,0.833712395519147,0.6802800998863842,0.8375066034463745,0.28224227955393405,0.6145097439111394,0.7572865396321791,0.6942540675098869,0.8999848263044001,0.5368099627517852,0.7746757841130254,0.7672520033589232,0.8190935394184529,0.7319799586075287,0.5653036691968166,0.6655105460859657,0.46986663245421084,0.7879775970030196,0.7737363163634292,0.6874824108581282,0.7648157697056416,0.0,0.6385222483667645,0.6804108972232038,0.6515267156586606,0.5590376043719495,0.825623321539955,0.7800241140899674,0.5460563475783852,0.6597675028022285,0.6989121964897964,0.8080201511618155,0.6600818579404288,0.7132996079945996,0.5867953166609126,0.6373376783372681
0.48981275305951244,0.563315450279038,0.5887489964353173,0.4527133762482369,0.33142018064372486,0.5524730906216693,0.0,0.541323183871431,0.5841670857247545,0.659161392100158,0.5862911437387578,0.4693375898858969,0.7551067200772043,0.3031397520345046,0.5892681083314695,0.6485755928211168,0.5209219181095167,0.6128376846293601,0.6103634548486603,0.589566865635206,0.6025858926313765,0.5959137517556055,0.6595831558868708,0.6447200514794015,0.5967902066954169,0.606812228965161,0.6109439861090158,0.712649477769273,0.5836154767069546,0.583576422699443,0.6256737205704864,0.6048858757039325,0.535847410012651,0.5662419604511488,0.4602486488648556,0.5007586007877232,0.5229570723055665,0.757309820203935,0.7479540456221252,0.37071215121330997,0.6048119101013367,0.7296560928244438,0.5302586390613226,0.6340287812382921,0.4253382656908434,0.0,0.604840074717742,0.47316286012696684,0.0,0.5869125011124864,0.6941720376424197,0.6897662527613114,0.6291729819229953,0.6653166501710094,0.6405411277093799,0.5220677056519075,0.5999420774980898,0.6432830034680719,0.6147568840485245,0.40392445968736135,0.585112851444084,0.0,0.5205189864132813,0.661238228124226,0.6920432600468192,0.6895474645188022,0.8872075504373629,0.7162962482904227,0.5068091357381734,0.6962591520798904,0.8262157869891866,0.7237565835158597,0.6434513339926532,0.5821719156613261,0.7039746385143346,0.5662450407364029
0.5608499628681661,0.7830577629868463,0.6591453248786971,0.738891471775525,0.5046944280274906,0.766253711800598,0.541323183871431,0.0,0.6686910982524655,0.610050798848173,0.5756322541394381,0.6803577557637372,0.6526044292351241,0.8705981093274442,0.7437095725812358,0.8054857937365915,0.48163108605423743,0.5455351971182966,0.5517281680960588,0.4721717840425606,0.5547119589536035,0.7013395569440312,0.49515795271107216,0.469324457969962,0.7515101845259693,0.6226862470848645,0.6012606257522224,0.6243908818250706,0.6149058720605911,0.6354304343767644,0.6379920848100719,0.589384785034357,0.66014698876223,0.6201726289762842,0.5292913781947021,0.7607426145299607,0.25954677175109697,0.6183346351395295,0.7106071791929212,0.6063470899102454,0.4459647006482431,0.5714918974048194,0.6723016518534373,0.5690256846339063,0.0,0.6573443634058729,0.4709178390487195,0.6866967317177824,0.0,0.6554298909321266,0.7905468062525803,0.7180969092307108,0.846968787485966,0.666645799615814,0.6980759592183231,0.645046098570735,1.0151990096487267,0.6751502033127749,0.7228640320245225,0.6894194622244412,0.5930445792162516,0.0,0.6134128803497451,0.7815213899636176,0.6284596849388464,0.6810892501126637,0.5238013933388573,0.8021694233749103,0.0,0.5576807678812115,0.4509465010397742,0.7975802553723645,0.6276155891503438,0.6721112714694122,0.5243441451396141,0.5198702217374966
0.588858034645463,0.536487027022112,0.35111381364294186,0.6833891133190398,0.42658539986187033,0.4583545416920581,0.5841670857247545,0.6686910982524655,0.0,0.7213711607813874,0.44028922068624365,0.6791136811354139,0.6566850512366551,0.5899186831632577,0.9710113492816426,0.6352255862891053,0.5518788721101775,0.5168371360915434,0.35083562378839395,0.6408941639815346,0.6544995930263313,0.6925782168327772,0.6551282325291565,0.7064214988206906,0.6273154046059569,0.6740455059632454,0.4353239405091979,0.7373758745006785,0.57584437908922,0.7562882768186547,0.7392571446138575,0.8049307925586335,0.6755092924037741,0.7808179176207349,0.7586156965765858,0.6191637985145665,0.7288104681792507,0.8060679297871864,0.7249795068341466,0.5346648125345005,0.591600806513758,0.6246701987667983,0.5802651304288884,0.46306120798191563,0.49745225053274467,0.0,0.6296292119554814,0.6691310955473242,0.5032697300275867,0.7647971645253233,0.7489985804544653,0.7667873188836264,0.634082197599079,0.6193031454366337,0.47541779548589014,0.6613390419739601,0.4652908389671105,0.6676500477656385,0.6258653710236685,0.6788174737292336,0.6702069396828203,0.0,0.0,0.670356734621404,0.8100856090999615,0.6814215321461655,0.9828575751452694,0.7092027475400752,0.4536605449395486,0.5181151337658668,0.46767209704726626,0.6810196646530735,0.6074286207655711,0.6922577980663506,0.6108120170356699,0.720952155332259
0.47222543870291345,0.4480699012909715,0.5827344833013409,0.4049741936726132,0.6757123838954953,0.6856938275823676,0.659161392100158,0.610050798848173,0.7213711607813874,0.0,0.6373012480797763,0.4485229867423118,0.656962908142983,0.6999022224473661,0.5102998803172658,0.5240713803684588,0.5987641843128703,0.5184437372411859,0.6189334349908387,0.12250048485583748,0.6964459931123582,0.5354925216563808,0.5762614650245376,0.40695403470552,0.678211756643973,0.5822727311588675,0.5544813159187025,0.6819032237405517,0.6562657529049284,0.46244549804551455,0.5837373635551413,0.27952246508444273,0.579952136372255,0.5669456122393192,0.5278928244536539,0.5299501840784968,0.6001287653624887,0.5113689305542994,0.4113510923739735,0.589250772046304,0.7872548117665309,0.5829178597737683,0.5605600642248065,0.40933141135705736,0.5114270761960624,0.6496814183653918,0.5339774087685921,0.39153533816387515,0.5041836300399539,0.49957953678077044,0.5042757839732753,0.430136610538119,0.7246512077965701,0.4602762004703354,0.6589542855169239,0.44020577064906363,0.6292587715911206,0.7148422761655818,0.0,0.6601936231527836,0.6635956369708037,0.6783252529521839,0.6743319249234768,0.5090306632093273,0.5088082628085203,0.5893134782355123,0.3883385216422943,0.6260672549606127,0.4401870094393332,0.688016524022832,0.6122041577101835,0.6362883233283563,0.5076597828023472,0.4222150019987886,0.0,0.7018474828387521
0.5221244487791254,0.5093402783802201,0.6201575186414845,0.5200341179924562,0.3809364338743079,0.6355079195969648,0.5862911437387578,0.5756322541394381,0.44028922068624365,0.6373012480797763,0.0,0.5182701672615503,0.632394153043443,0.5739869094771097,0.0,0.5243506850129684,0.5243774407462409,0.5996518260165933,0.3709078681730819,0.501067169905956,0.4711149013070653,0.477316658557553,0.45198648521788887,0.6351611560432218,0.6207689911898999,0.6498690123627586,0.5375906711280829,0.6310899294503818,0.5054293362270318,0.5086513302368137,0.6074219334921618,0.712366335816705,0.6022006169194939,0.6673492202397325,0.6293051927706269,0.6442583579094858,0.6128769658034113,0.6369606405464527,0.7376631062793233,0.5228208087393231,0.6866990252408844,0.4594376311396623,0.5776892461782986,0.6152041577763053,0.2867559470088244,0.0,0.0,0.7342301982396995,0.5024782739216038,0.6476365517286127,0.6800333002420202,0.6667656613503686,0.6573737381715733,0.701823736077742,0.4795992235450614,0.5757947873828573,0.45292205552934767,0.8113342584291571,0.6256915530123325,0.0,0.0,0.0,0.0,0.524362036232782,0.5552825192628821,0.0,0.5843828763546388,0.7117274247035044,0.0,0.0,0.9664474915426979,0.6828413497480431,0.5814250812353039,0.030583761316429647,0.0,0.767945036050397
0.5500805077464875,0.5424438045454556,0.5495665522218156,0.19321958632443195,0.32443438983353584,0.8683128030446938,0.4693375898858969,0.6803577557637372,0.6791136811354139,0.4485229867423118,0.5182701672615503,0.0,0.5827196311628267,0.13721195568729738,0.44342035588038625,0.7090843957456467,0.7751385683068313,0.7834859439798575,0.6723918035629793,0.5917661351187529,0.55373393663045,0.5125088154061863,0.513917232736907,0.2720914427496218,0.6047439618194811,0.4848666009203049,0.669692385814624,0.5998327691044274,0.7079657518221454,0.43582636479807557,0.4565644437788405,0.3320117543884934,0.6163769633374833,0.33800138379012223,0.48432077493753545,0.2210239880348693,0.31031202893085,0.1972481234550409,0.6286452048933805,0.5474308876711519,0.6825690945615361,0.37490483682237336,0.40600606130253064,0.4338250352489809,0.4347808235508619,0.5495930936164032,0.6172308051636217,0.45990384563263265,0.3154105270731218,0.2893445455334951,0.3972401218497225,0.5502046731021332,0.3877197843486186,0.48865535214660427,0.7140951770220455,0.41840642947209583,0.7022418736038163,0.6049306623258248,0.584979618175113,0.5717642968938419,0.5305083636545722,0.7050221247231273,0.8185943238388544,0.3766220978995855,0.8633956772086618,0.822983939666098,0.5577072510200068,0.4970202514656667,0.45365725696445774,0.731699573039688,0.6179405175003093,0.4817833542116304,0.680759921277664,0.8718627945518923,0.0,0.7484866123044724
0.7608647138758264,0.5905961446233025,0.6793989494346697,0.6034457073005489,0.6370230110753782,0.6162864284041263,0.7551067200772043,0.6526044292351241,0.6566850512366551,0.656962908142983,0.632394153043443,0.5827196311628267,0.0,0.50516800096657,0.6587334906974239,0.6826207879298747,0.5400412543185285,0.7082851787077813,0.6766293794471526,0.6651793578938059,0.6320398459785626,0.627397882555999,0.7138045166908452,0.5641873448272156,0.7060509359573429,0.628256733829662,0.6972442961791034,0.6494552988080333,0.65916804096361,0.581461222251166,0.5762767079610835,0.700503193704561,0.5538201306346971,0.6019065498404373,0.5901612188547296,0.5947683106173666,0.6866586954837464,0.7333236227290508,0.6788365429735096,0.5350584365678587,0.5138081788851111,0.5895651390083857,0.6405162691967891,0.38181994798097724,0.5556310064584504,0.6659816528229929,0.7895124650059957,0.6645574595393327,0.0,0.7154116108608043,0.7677899303203969,0.7009602231945092,0.671802401724373,0.7034724825972436,0.573873192038533,0.49781681005416295,0.6552521977391453,0.7545825013193821,0.6320068675399366,0.5024020559423925,0.5938008476857788,0.48456104678742545,0.675440237940032,0.6727030726584791,0.6111248396829144,0.7010364890332114,0.812749911399187,0.7538725890617932,0.6053679375737462,0.6975752754223203,0.7451984152826914,0.7822953296899972,0.6831195633222321,0.6175520756327174,0.48609788134625664,0.6252181978810368
0.456524248597956,0.3484253373128674,0.6536480016547653,0.6310218177853867,0.4239496665998265,0.6699787064985643,0.3031397520345046,0.8705981093274442,0.5899186831632577,0.6999022224473661,0.5739869094771097,0.13721195568729738,0.50516800096657,0.0,0.43023959799434564,0.5672992475530765,0.5156307723536994,0.5123155127956546,0.5716947975240442,0.42372354104609433,0.57378429642783,0.25449515416610535,0.6748290322212145,0.6613914545189953,0.4936961308722175,0.4535814918999631,0.6313461661041276,0.567143203476828,0.48342807093425266,0.570148809946668,0.5573290859056638,0.3888447704648742,0.3640245986102441,0.8143817119061503,0.5108336004416759,0.4739700193624099,0.3674063281121361,0.34781159682934043,0.7635165805837244,0.0,0.7008895084837081,0.7210202645747007,0.7213733155883971,0.510905912708434,0.0,0.0,0.0,0.45142345624840446,0.0,0.6527659520782749,0.47223456443114514,0.5478496363695572,0.6738696378972246,0.4825940195425015,0.0,0.5402928132814541,0.3964366315399337,0.8604701711116615,0.46330798080279284,0.0,0.0,0.0,0.0,0.47617162537427427,0.0,0.0,0.0,0.6500975847164522,0.0,0.0,0.0,0.4870630172537784,0.801428516573136,0.0,0.0,0.0
0.4707351334746672,0.6982311830702923,0.5341574355624423,0.6706597100631072,0.601686307128753,0.8055765241171831,0.5892681083314695,0.7437095725812358,0.9710113492816426,0.5102998803172658,0.0,0.44342035588038625,0.6587334906974239,0.43023959799434564,0.0,0.6185243952053804,0.44815780039730513,0.5637218542022945,0.0,0.5750277108206626,0.6933080597941867,0.7209766890753335,0.5788386333912076,0.6508210068098579,0.5736664768588388,0.5500742731159989,0.4883895338250046,0.5517289666752295,0.583019992031512,0.5402421860978317,0.6167305061884402,0.442266957047681,0.5437877146903155,0.4675476044854029,0.4853311784902932,0.6095410951629255,0.3431361807751356,0.40196578388531834,0.4804147602340452,0.5884118776125886,0.5383392441019561,0.45746727891707545,0.3151618124188523,0.47900285058101466,0.0,0.6924763069551567,0.8459941345038879,0.5824002096491316,0.0,0.0,0.5427593610615717,0.7037862728864563,0.5030147939113448,0.633992055037076,0.0,0.0,0.613800069191158,0.4887034239024932,0.5083726444256036,0.8343535224584796,0.6596414806910471,0.5846114552935556,0.8072924992896382,0.0,0.7831059185264533,0.7678522496287534,0.8472390365381772,0.7321450806927312,0.5060960287150515,0.6833387353108901,0.6324248174498552,0.5814299511669545,0.4001332526080742,0.31739140347785433,0.148693024748213,0.45264452659845567
0.6546656278693866,0.5575736567201349,0.4809205510046983,0.3164730083462666,0.593898204295917,0.6567608615898115,0.6485755928211168,0.8054857937365915,0.6352255862891053,0.5240713803684588,0.5243506850129684,0.7090843957456467,0.6826207879298747,0.5672992475530765,0.6185243952053804,0.0,0.6889935146264662,0.6701457113849408,0.4963327682071484,0.5875459772305057,0.7452186944474163,0.6354637190481115,0.7042065362728646,0.6606720136526736,0.6222227512039111,0.5333235545513366,0.6304701508904009,0.683394696371062,0.6543169290875801,0.7017786716999095,0.6680017202611744,0.4448375810992233,0.3618249623189756,0.385934584266951,0.5589677112475712,0.7457253117660585,0.5916231854187965,0.665124740777355,0.7338439291529756,0.6788626913709709,0.7597949963175484,0.7539275183516091,0.510389284295525,0.0,0.0,0.5886662260113262,0.8442173459006829,0.0,0.0,0.0,0.7876874112274602,0.8786394719862124,1.0071132187197052,0.0,0.4362690798541218,0.0,0.6122533577752219,0.7890325947109452,0.0,0.7080499061794638,0.7818378330841392,0.5757475892027942,0.8428198149998042,0.0,0.6381021174085257,0.7970889378307512,0.7650561974688499,0.6614602099130852,0.5290372995075144,0.8513551087028162,0.817058138640743,0.6513319209381522,0.4977954678187235,0.7388148581430724,0.0,0.7106589081874874
0.5131307572678961,0.7369252630970748,0.6466827845966112,0.5343969479187628,0.6478522856529668,0.3539641525690652,0.5209219181095167,0.48163108605423743,0.5518788721101775,0.5987641843128703,0.5243774407462409,0.7751385683068313,0.5400412543185285,0.5156307723536994,0.44815780039730513,0.6889935146264662,0.0,0.6287162814972539,0.6882237169024896,0.5166962768863232,0.5599881916720492,0.7229390650267103,0.5705586307947084,0.7259801647342546,0.7564095393643703,0.6158042278773015,0.3032663697127313,0.7429879572704489,0.4728599953368085,0.5253147474261501,0.6411833841213418,0.6897482090534365,0.661607752086324,0.6067832959102846,0.6663150268921952,0.7367061420137904,0.39533861974394324,0.5298639173106511,0.5935696148194513,0.797042700224975,0.750277608628079,0.7604707364509857,0.0,0.0,0.5035976140660097,0.7438077128980206,0.590108001060761,0.0,0.0,0.0,0.0,0.0,0.0,0.0,0.7504598752613296,0.0,0.6449165611085745,0.5114765781315689,0.0,0.6115506947844752,0.5759391488685623,0.7227922606333573,0.6844119922936742,0.0,0.0,0.0,0.561832149339398,0.0,0.6330095407531976,0.776686378372913,0.708163715936518,0.0,0.5040627213120139,0.4989595771959968,0.0,0.8466873441121364
0.6436465508514948,0.6309807808559014,0.5820964699336141,0.5118148061099692,0.5859913330893881,0.5905194251119105,0.6128376846293601,0.5455351971182966,0.5168371360915434,0.5184437372411859,0.5996518260165933,0.7834859439798575,0.7082851787077813,0.5123155127956546,0.5637218542022945,0.6701457113849408,0.6287162814972539,0.0,0.5484642095465961,0.540264799002228,0.7187324864616736,0.5247854636939567,0.5806350860755831,0.641108172874886,0.6498632000267696,0.5850137507465264,0.5849196681717003,0.6407541467987129,0.5850506185274006,0.6990242171678582,0.5775542269835783,0.5928551608934594,0.6353548557826051,0.6755006485976462,0.6163892616015554,0.4117206633735577,0.4344963137824785,0.4362773739869429,0.7676037265334882,0.6780117945201827,0.6591422436337178,0.7387293302151193,0.0,0.0,0.6981013525469173,0.6949985631906,0.8231084927224778,0.0,0.0,0.0,0.6646152535417039,0.7292160345027836,0.6310640895387927,0.0,0.7982563705597925,0.0,0.7112792771040668,0.721734928507728,0.0,0.6844657115801934,0.7592745523616942,0.7522742824940705,0.7811446541721605,0.0,0.5248111208837616,0.8198180092188339,0.7309189740233393,0.8200590290266667,0.6328568183901291,0.7951749671433969,0.7782795668441366,0.4307783327885254,0.6084933209607519,0.629611566127256,0.0,0.788443340825681
0.0,0.7021230381736004,0.33438655774511183,0.5585701791980722,0.514774954140969,0.7597162059883729,0.6103634548486603,0.5517281680960588,0.35083562378839395,0.6189334349908387,0.3709078681730819,0.6723918035629793,0.6766293794471526,0.5716947975240442,0.0,0.4963327682071484,0.6882237169024896,0.5484642095465961,0.0,0.525184411574828,0.5686879641129514,0.7819441174882258,0.6436848463708688,0.6485013124934426,0.5714693961418434,0.5984897177093104,0.2971572688594471,0.7148738140611149,0.6037847687107372,0.7158854268994964,0.7132458984114545,0.7454355753428872,0.6173395439844466,0.722187849006021,0.6423785887959587,0.6603567091959963,0.5135408696737976,0.5580821949566315,0.7467696907819615,0.4757700212572193,0.5335938785248938,0.624532833245087,0.6123288318948538,0.3880664736736925,0.0,0.0,0.0,0.752361233540174,0.0,0.5196070163417997,0.5755952134586011,0.6535912841175326,0.5604067889233549,0.6345544211358751,0.6432016945244273,0.6886563643454919,0.5498956719537632,0.5523591419674518,0.41038963280776836,0.0,0.0,0.0,0.0,0.6822076864333382,0.5015226058643625,0.0,0.5074812759116205,0.6642530165386482,0.0,0.0,0.0,0.639331996500251,0.5716178497109826,0.41465696742676755,0.4872533065496463,0.5465341739640007
0.5463177662460409,0.6139443631670919,0.452323294790858,0.5526278015941273,0.5995090621199106,0.5868613106582066,0.589566865635206,0.4721717840425606,0.6408941639815346,0.12250048485583748,0.501067169905956,0.5917661351187529,0.6651793578938059,0.42372354104609433,0.5750277108206626,0.5875459772305057,0.5166962768863232,0.540264799002228,0.525184411574828,0.0,0.6185428816075359,0.540659775465162,0.5574529959735712,0.6557361695989649,0.5568335236801943,0.5369722252816811,0.6551726869090151,0.7547014200762823,0.6087825317119135,0.4661751929946872,0.6538686150785878,0.37172091237136184,0.22754001022551817,0.4308747072095146,0.42524596136005527,0.6677687630111606,0.669520911261416,0.8778128453188662,0.30618553881156185,0.37655344135844737,0.43423057309757074,0.35613693105696753,0.5456538983237031,0.31442039553042095,0.3523755394814142,0.5974391533183457,0.64360089419873,0.7298064314098068,0.0,0.0,0.3658140948601667,0.41028821891447276,0.5748316984677542,0.5687879721884119,0.8395989776597075,0.0,0.5131203439126909,0.5160099862240765,0.0,0.5699757260168603,0.4306658153653018,0.5114742086424876,0.4835543113612404,0.0,0.418164097774558,0.5341440654884018,0.6397550507121949,0.4609695430873235,0.0,0.6172099705052507,0.414494475547155,0.4050616085490917,0.3733867876972195,0.2879472284799438,0.5752445344090551,0.35788617132139655
0.3705285838149523,0.7518369559196814,0.6807555405767576,0.20189095542259516,0.5337782566794674,0.7794739395908507,0.6025858926313765,0.5547119589536035,0.6544995930263313,0.6964459931123582,0.4711149013070653,0.55373393663045,0.6320398459785626,0.57378429642783,0.6933080597941867,0.7452186944474163,0.5599881916720492,0.7187324864616736,0.5686879641129514,0.6185428816075359,0.0,0.7688837214582441,0.6745097022437627,0.4411888804833208,0.6246991548074498,0.6038532976367341,0.6089040898738385,0.6074063340567692,0.5673976197766228,0.6595101395635008,0.48877647645783606,0.36718322163334477,0.5634342633477465,0.3857825295829813,0.48495549378379643,0.5406546574453359,0.44669658152530173,0.08174129789891993,0.5446423792758212,0.6566087083493927,0.4861876517246779,0.46150408912993574,0.6179115795621909,0.0,0.0,0.30949561419368765,0.7768009191096832,0.6694748636907674,0.0,0.0,0.7010098692730389,0.5153491074518888,0.8007152680140631,0.7146146199557497,0.6854810395547586,0.0,0.8159435977906333,0.6295777159239789,0.0,0.7063839684635611,0.6839999166371163,0.0,0.5900452067841191,0.0,0.5957958452506873,0.9011996163718534,0.7729792330981452,0.7081706432837568,0.6167285370996903,0.5153779088007836,0.672174276167383,0.5882484023374817,0.5287636340251255,0.5440186543013142,0.4154313183225924,0.11176396341251787
0.5606275993562095,0.740652809845502,0.7473856989720513,0.45184982797821727,0.5251649763628679,0.5607465860337523,0.5959137517556055,0.7013395569440312,0.6925782168327772,0.5354925216563808,0.477316658557553,0.5125088154061863,0.627397882555999,0.25449515416610535,0.7209766890753335,0.6354637190481115,0.7229390650267103,0.5247854636939567,0.7819441174882258,0.540659775465162,0.7688837214582441,0.0,0.777196706311237,0.3995510091483172,0.7061756979505228,0.7092374754340933,0.5421042847017039,0.7797467962201283,0.5862541914035623,0.7277097153453788,0.7017434073727438,0.4952127148953309,0.4855930728716841,0.533105706830662,0.5450267053566283,0.5596149960686261,0.6005396954079012,0.5525492119208331,0.6284686429862382,0.679982366487095,0.6467035844890683,0.6542415214367481,0.33580638522005846,0.2848976623599485,0.4172237481651723,0.6764265939761983,0.8556276925998079,0.6345404525267899,0.5054639097809193,0.42245457295465344,0.8390956722739338,0.7801024891856932,0.6564680647654373,0.8356484324094132,0.4604392593303722,0.0,0.5925746239470011,0.6815821654880532,0.0,0.7655355206364245,0.7250975060999048,0.6280155684239422,0.747212609111749,0.0,0.6663126064892646,0.7810614443270043,0.7919516374140998,0.687389254631183,0.6101962921414653,0.6986577462052275,0.6841151835924493,0.7087729633756826,0.6635560598517494,0.6065237629666351,0.6564570411199318,0.7741190335042529
0.5735390538251462,0.762318025888527,0.572644746090551,0.730422624866192,0.4997358818145311,0.6959147666032143,0.6595831558868708,0.49515795271107216,0.6551282325291565,0.5762614650245376,0.45198648521788887,0.513917232736907,0.7138045166908452,0.6748290322212145,0.5788386333912076,0.7042065362728646,0.5705586307947084,0.5806350860755831,0.6436848463708688,0.5574529959735712,0.6745097022437627,0.777196706311237,0.0,0.5447606117883328,0.6780492272277975,0.5534174597214813,0.4896838947193641,0.6320313564530092,0.6971195915538543,0.6611740504057544,0.6698254502864366,0.6137926016679963,0.4823957022435769,0.5970257477873882,0.6003969786962386,0.6529998514330472,0.5815997825147785,0.4587702594382679,0.6345540165693118,0.40364517282452217,0.5935962205052261,0.7115819895115469,0.722084797849115,0.7555726297430723,0.4821861833392993,0.5723049330269864,0.7812387347588303,0.7704775395148167,0.4507670538334737,0.6913946041118054,0.6461667984013789,0.6345766513043066,0.565166338583798,0.6799890270771017,0.6518442421801033,0.7672420233029187,0.5096283687140862,0.6297800960392873,0.5630006672901426,0.6403979066224268,0.6399331232319843,0.5088082628085203,0.7528586502952546,0.7963052245692104,0.5155789518284972,0.500476608751687,0.7447555913481723,0.5151275250649554,0.47681958738218566,0.7214068199447162,0.56365361022967,0.6821911538884836,0.5521712866448163,0.5771484845528482,0.6003446596529884,0.6081514160881324
0.5298935769231222,0.563598965624544,0.5677908326587816,0.40900810891923806,0.5718640319138041,0.5334599336112871,0.6447200514794015,0.469324457969962,0.7064214988206906,0.40695403470552,0.6351611560432218,0.2720914427496218,0.5641873448272156,0.6613914545189953,0.6508210068098579,0.6606720136526736,0.7259801647342546,0.641108172874886,0.6485013124934426,0.6557361695989649,0.4411888804833208,0.3995510091483172,0.5447606117883328,0.0,0.5571420110476766,0.44650928548961244,0.5836244447148404,0.6481397725081769,0.775237749935991,0.7942156821850903,0.6544706861751157,0.406401893735403,0.3274425203386926,0.2758328321640287,0.3940324841304907,0.3363866464155054,0.38666006634264205,0.36094326067526766,0.6340414800702078,0.6470051312529707,0.4684585566856987,0.669962847809139,0.6288360631288908,0.37322353747373793,0.40940558437613883,0.44061976727524005,0.720267602246586,0.0,0.0,0.5171633183246344,0.5441633024338983,0.42969012793921885,0.0,0.3330740586818949,0.5950171291285206,0.5337320219494369,0.5605646015872838,0.516478459715222,0.0,0.3814323859131176,0.7453792774310282,0.5741563107651718,0.718464174489782,0.5082922230726349,0.4513708361480995,0.2965381003811234,0.28796236505717443,0.7321035241448627,0.2937741199873915,0.6868439691442533,0.5564596268729514,0.4526120154001299,0.681740212401618,0.888090067734344,0.0,0.582264255916208
0.6046651325138289,0.5227543984189431,0.6039386695661374,0.852979831367723,0.5254613660331816,0.64795600005276,0.5967902066954169,0.7515101845259693,0.6273154046059569,0.678211756643973,0.6207689911898999,0.6047439618194811,0.7060509359573429,0.4936961308722175,0.5736664768588388,0.6222227512039111,0.7564095393643703,0.6498632000267696,0.5714693961418434,0.5568335236801943,0.6246991548074498,0.7061756979505228,0.6780492272277975,0.5571420110476766,0.0,0.4050168194458013,0.7140364099191804,0.6730319982386805,0.604862612397241,0.5249573718989515,0.5893904458740252,0.39286309441322204,0.5929584068965771,0.5278698083821202,0.5842646657834779,0.4724764618825081,0.6234478888657501,0.5723158123566162,0.8067266475505441,0.7338523990164698,0.7148889021246944,0.7572350433366235,0.20088863708608204,0.0,0.49108714147177784,0.6648521198953536,0.8828107527169182,0.0,0.0,0.0,0.7721118733696111,0.7563753874378135,0.636416663924771,0.46576264634956743,0.6922326307491862,0.5074580980978011,0.6483660362124144,0.5828598959174135,0.0,0.6100922413267782,0.8092627887907964,0.6812533929153614,0.8158430995698541,0.0,0.7278879637036999,0.7037843931629438,0.7977867193850707,0.6218220514649782,0.5383809164532019,0.8238805325408101,0.7653453687557267,0.5970696929084728,0.7070435199693635,0.6451175935594367,0.0,0.7705977514465815
0.6323977654017878,0.5147041355782676,0.6575622942057422,0.6342084841263722,0.5411694405113298,0.7506742311938841,0.606812228965161,0.6226862470848645,0.6740455059632454,0.5822727311588675,0.6498690123627586,0.4848666009203049,0.628256733829662,0.4535814918999631,0.5500742731159989,0.5333235545513366,0.6158042278773015,0.5850137507465264,0.5984897177093104,0.5369722252816811,0.6038532976367341,0.7092374754340933,0.5534174597214813,0.44650928548961244,0.4050168194458013,0.0,0.6520358477247811,0.631477596257814,0.6311945808909576,0.34685302287460623,0.4887657675624182,0.48716625625313337,0.5856934619384758,0.4825157516923929,0.4635252025044917,0.3860631475872225,0.49419451985491375,0.45877704652377294,0.7065360548840932,0.7235874140534104,0.8127701717474719,0.5955707185623678,0.3548125757972234,0.5480424429451958,0.510637757355327,0.5513320263476701,0.8199687011315474,0.8434577476755203,0.0,0.0,0.7888158400879283,0.7183169977827873,0.6070247115022941,0.6114203745398937,0.6521310381580064,0.0,0.648724126347745,0.839194025883775,0.0,0.6993012760446393,0.7843713091575377,0.6196592523801142,0.7825145554712611,0.0,0.5689128784745278,0.7710599179161652,0.8072827983480503,0.548387183882946,0.4772135047793411,0.7800578261460059,0.666541562691691,0.6668662822551322,0.6968461048080081,0.7478321304027002,0.5019565615960201,0.729078141359748
0.5557637766245093,0.7285369803720175,0.31192803590054596,0.6953642161666097,0.5535266218177027,0.6778686435220596,0.6109439861090158,0.6012606257522224,0.4353239405091979,0.5544813159187025,0.5375906711280829,0.669692385814624,0.6972442961791034,0.6313461661041276,0.4883895338250046,0.6304701508904009,0.3032663697127313,0.5849196681717003,0.2971572688594471,0.6551726869090151,0.6089040898738385,0.5421042847017039,0.4896838947193641,0.5836244447148404,0.7140364099191804,0.6520358477247811,0.0,0.6814778485679743,0.5637500811033417,0.7319596631832372,0.6682712117784353,0.5500551922497138,0.5328098450209083,0.6048736576913183,0.5766606008984719,0.5823992222063714,0.6855029577241413,0.6505533547511831,0.660808553652377,0.6030797088751053,0.6049377643566376,0.6368622823531095,0.6417950222576608,0.6792863949561297,0.29190068236013367,0.5306247216013403,0.6608949055703133,0.6692913625959956,0.5174670105418571,0.7155191174666566,0.7530349842165587,0.7025291073872633,0.663239668512932,0.6607163269579581,0.7627971267640816,0.693913548628224,0.3488039604187115,0.7274076617711287,0.7201632678680783,0.6285573785621869,0.6272051225007932,0.0,0.5675024310073995,0.7571270802960754,0.5388378373175192,0.6862334544423228,0.7484833075289681,0.7192746776057022,0.0,0.7159679984682457,0.5695300406070417,0.7810672581515683,0.6595714845649748,0.625854615262297,0.5668986260526974,0.6308495026793681
0.713489313044636,0.6475555685213331,0.6933599473489752,0.4339413231568603,0.49644620014101354,0.7155762468688959,0.712649477769273,0.6243908818250706,0.7373758745006785,0.6819032237405517,0.6310899294503818,0.5998327691044274,0.6494552988080333,0.567143203476828,0.5517289666752295,0.683394696371062,0.7429879572704489,0.6407541467987129,0.7148738140611149,0.7547014200762823,0.6074063340567692,0.7797467962201283,0.6320313564530092,0.6481397725081769,0.6730319982386805,0.631477596257814,0.6814778485679743,0.0,0.6414800717027975,0.5336119551325681,0.6200395291562485,0.6287925938645994,0.7372718181707236,0.5221536617704654,0.6655593404031046,0.5911263594312187,0.4765121466379005,0.7794610323225744,0.5989786933609428,0.42840379113434995,0.49214187649342256,0.44913210310759333,0.564149141948621,0.47330483055021955,0.6992226181840713,0.6614762282316003,0.7031377233851382,0.6256898706504163,0.0,0.6361252549572126,0.6992816585447823,0.6841618955729161,0.712548112322799,0.6115667233549155,0.6877517453212816,0.5557362945061393,0.7027341654406236,0.7159779816231766,0.12475445447788625,0.4982830126402343,0.49549316444006275,0.3548082390427383,0.7250064274190525,0.6715806189211334,0.5764098810645834,0.6331897388049278,0.5968962992639206,0.7008549896032976,0.5146683270160404,0.7859480021951025,0.5911633591566479,0.7312506964864723,0.6595696769306038,0.5502804449049492,0.49858775893718493,0.5960840247079746
0.6822620785392005,0.5492987214304001,0.757093723577114,0.3636364463432984,0.6638827810877614,0.5096063568747682,0.5836154767069546,0.6149058720605911,0.57584437908922,0.6562657529049284,0.5054293362270318,0.7079657518221454,0.65916804096361,0.48342807093425266,0.583019992031512,0.6543169290875801,0.4728599953368085,0.5850506185274006,0.6037847687107372,0.6087825317119135,0.5673976197766228,0.5862541914035623,0.6971195915538543,0.775237749935991,0.604862612397241,0.6311945808909576,0.5637500811033417,0.6414800717027975,0.0,0.49946784918604176,0.6749935542542859,0.35786850386779395,0.39395473560665367,0.5393755339414582,0.43552550233951975,0.6276965104845851,0.5130722388520799,0.5627633285045529,0.45482436924856307,0.3883266077632641,0.44975519503439654,0.4320866849284655,0.21130727673209143,0.5798537735411409,0.5210691534150343,0.4988063998328507,0.6607073609362827,0.6556351345234487,0.507802460145014,0.47430376622549925,0.5713034625314988,0.6026721184992426,0.7364074051526938,0.546976390123324,0.689059771520194,0.42892747765133993,0.5941925558755432,0.5902678974009002,0.6124132334917516,0.4276040612080916,0.6530272820012251,0.5059951123535814,0.6044786361629954,0.46021745495136124,0.45753913395448453,0.5673067340044415,0.6020338456895695,0.6053204209063299,0.4808872382031092,0.7338002187652941,0.60855472190316,0.6040563976973713,0.5218006401951018,0.4216146198352798,0.4299928226277209,0.41869914585301904
0.45701325516994085,0.5816448408298279,0.7803179721147846,0.6100569045620331,0.5171498966491815,0.8718536952568796,0.583576422699443,0.6354304343767644,0.7562882768186547,0.46244549804551455,0.5086513302368137,0.43582636479807557,0.581461222251166,0.570148809946668,0.5402421860978317,0.7017786716999095,0.5253147474261501,0.6990242171678582,0.7158854268994964,0.4661751929946872,0.6595101395635008,0.7277097153453788,0.6611740504057544,0.7942156821850903,0.5249573718989515,0.34685302287460623,0.7319596631832372,0.5336119551325681,0.49946784918604176,0.0,0.776395937742929,0.527004901674114,0.4121167161159077,0.682668200581886,0.5730532723782797,0.5326179924657928,0.3210801399993431,0.35930542022283907,0.6084293279188828,0.4890670584447841,0.6126794310650252,0.496815108113124,0.5001819253603492,0.2806508744283054,0.0,0.0,0.0,0.21746625336051117,0.0,0.0,0.6545327496048525,0.6584896587667359,0.5729032665590604,0.7344456172682103,0.477541402857598,0.0,0.0,0.5207817665010764,0.0,0.5923178247641026,0.0,0.0,0.9767872092624261,0.9886282749516164,0.565943719223638,0.5987085559652634,0.7291357464786083,0.7525615585738592,0.0,0.4430367256060653,0.5045946136670941,0.7387066560808986,0.6141465373260483,0.4760007503083997,0.6073707424684255,0.5649541949502719
0.5222149220180217,0.5373558535074319,0.6928737283628932,0.5234377572079423,0.6766028020870045,0.7586089496559849,0.6256737205704864,0.6379920848100719,0.7392571446138575,0.5837373635551413,0.6074219334921618,0.4565644437788405,0.5762767079610835,0.5573290859056638,0.6167305061884402,0.6680017202611744,0.6411833841213418,0.5775542269835783,0.7132458984114545,0.6538686150785878,0.48877647645783606,0.7017434073727438,0.6698254502864366,0.6544706861751157,0.5893904458740252,0.4887657675624182,0.6682712117784353,0.6200395291562485,0.6749935542542859,0.776395937742929,0.0,0.40512246617758946,0.3731848414305032,0.3897937702430503,0.4984605039727158,0.7939673424028523,0.49834571212217227,0.45366776589287333,0.6794791406588407,0.5459298764444926,0.6847843045608756,0.732818589059502,0.36235324100836536,0.3801372668919428,0.5194143708116808,0.41001239728138406,0.7755637456580404,0.6596818308072542,0.0,0.4595410425925858,0.6211328963659504,0.7410318165388659,0.598380634667129,0.6665123052233661,0.5253131809904324,0.6985877249410042,0.5498467283749419,0.8257633952448407,0.0,0.6319124333672771,0.7494538328128597,0.6792196514591338,0.824425968035708,0.6605821761105362,0.469192991921897,0.6315486897539401,0.735255870498149,0.6538322486217281,0.5770004104160664,0.75500355045634,0.6710845604331287,0.7184426836491752,0.5830101369301658,0.5836279587945234,0.36719482868576525,0.6201205864940048
0.5704501931469832,0.42696352449767905,0.6866502297181233,0.41621030857638086,0.3876177457746314,0.663115785806473,0.6048858757039325,0.589384785034357,0.8049307925586335,0.27952246508444273,0.712366335816705,0.3320117543884934,0.700503193704561,0.3888447704648742,0.442266957047681,0.4448375810992233,0.6897482090534365,0.5928551608934594,0.7454355753428872,0.37172091237136184,0.36718322163334477,0.4952127148953309,0.6137926016679963,0.406401893735403,0.39286309441322204,0.48716625625313337,0.5500551922497138,0.6287925938645994,0.35786850386779395,0.527004901674114,0.40512246617758946,0.0,0.17995258297089956,0.3485021602779649,0.17707869116090424,0.5111246492689934,0.5365296898387268,0.4343128259237481,0.16992250468109338,0.13453289454129286,0.3151200225349187,0.23897506311038136,0.3028936756168776,0.30509962618292685,0.28038987619246053,0.43036444681451935,0.7053158608840567,0.5749168440745965,0.6784218408196528,0.6315958526666756,0.6336119439426506,0.5065380515133373,0.7035995352823896,0.4922070002087944,0.39419430567802094,0.6592147787602273,0.27405139678858653,0.6011969355068595,0.601614475455937,0.5803688021356371,0.6187003841998134,0.8305898043204049,0.7820577923645557,0.4927931624396048,0.3810177040493639,0.6342845290678859,0.6117821179497471,0.7074531385305884,0.3028337371049926,0.7873472450850744,0.6125252719571954,0.7006294878267406,0.5008126944204443,0.44119088121304356,0.4781391475203113,0.6302433917285601
0.523884851347395,0.45358082736038696,0.5706612554033913,0.38367926076862724,0.48275800124886625,0.7454688306024218,0.535847410012651,0.66014698876223,0.6755092924037741,0.579952136372255,0.6022006169194939,0.6163769633374833,0.5538201306346971,0.3640245986102441,0.5437877146903155,0.3618249623189756,0.661607752086324,0.6353548557826051,0.6173395439844466,0.22754001022551817,0.5634342633477465,0.4855930728716841,0.4823957022435769,0.3274425203386926,0.5929584068965771,0.5856934619384758,0.5328098450209083,0.7372718181707236,0.39395473560665367,0.4121167161159077,0.3731848414305032,0.17995258297089956,0.0,0.4191311292133859,0.27579375176740983,0.5102631667159171,0.31574503891055783,0.20622203555137603,0.24736535245372468,0.41421144265086407,0.3408174345496821,0.18922218056206333,0.4845016017714713,0.3760943935538872,0.5059534711658334,0.5952994366956319,0.6593780980157643,0.611864171551569,0.0,0.5068091357381734,0.5934530033226227,0.3689978303048008,0.4970572848524547,0.3700198873255635,0.6201593090245876,0.4062572820373686,0.6189409976845767,0.6695106389035926,0.0,0.6382187168397803,0.6287078062084822,0.7129395058000774,0.7370246094720463,0.9379613450340135,0.44497317277774784,0.8543378525447349,0.571025630368077,0.5224176216636871,0.5745597066640104,0.7907749761600582,0.6290200752897902,0.38498710902077665,0.6529822192366395,0.3541054349316117,0.0,0.520723389643101
0.36863417527975306,0.4520715794926019,0.7323476412678884,0.494649994617284,0.6534827546252564,0.6686931214969326,0.5662419604511488,0.6201726289762842,0.7808179176207349,0.5669456122393192,0.6673492202397325,0.33800138379012223,0.6019065498404373,0.8143817119061503,0.4675476044854029,0.385934584266951,0.6067832959102846,0.6755006485976462,0.722187849006021,0.4308747072095146,0.3857825295829813,0.533105706830662,0.5970257477873882,0.2758328321640287,0.5278698083821202,0.4825157516923929,0.6048736576913183,0.5221536617704654,0.5393755339414582,0.682668200581886,0.3897937702430503,0.3485021602779649,0.4191311292133859,0.0,0.24859105797579042,0.5996324385404729,0.5216491185160118,0.23286222056947276,0.5087841372683103,0.4606394126675748,0.5168311041007034,0.38557887242808486,0.33031662396517364,0.19790307241826366,0.4617614995547481,0.4159168380165485,0.7220157694962827,0.7312178900407578,0.519343956621425,0.6173850951559604,0.5982867160634742,0.6820307141339554,0.7418440552864735,0.7212598451449111,0.6285680104093745,0.5149519207776284,0.6833387324883636,0.4019598412563089,0.36516963030205185,0.5935360202218039,0.6638475421839002,0.7596998805265758,0.7737214480807594,0.6872313627870249,0.47768502877721275,0.6518959750441893,0.6441426321223087,0.6709916323256977,0.42445653522482,0.7752594551410946,0.6541154257010936,0.6814699918895689,0.4172850500016907,0.4847439311446191,0.5599752539494257,0.6230622750505779
0.31855020051886673,0.506260954732001,0.6328010214005012,0.41623171752970356,0.55381708490368,0.6410075651354065,0.4602486488648556,0.5292913781947021,0.7586156965765858,0.5278928244536539,0.6293051927706269,0.48432077493753545,0.5901612188547296,0.5108336004416759,0.4853311784902932,0.5589677112475712,0.6663150268921952,0.6163892616015554,0.6423785887959587,0.42524596136005527,0.48495549378379643,0.5450267053566283,0.6003969786962386,0.3940324841304907,0.5842646657834779,0.4635252025044917,0.5766606008984719,0.6655593404031046,0.43552550233951975,0.5730532723782797,0.4984605039727158,0.17707869116090424,0.27579375176740983,0.24859105797579042,0.0,0.4729751590136259,0.32539111804091125,0.5155937829768953,0.21363288616968007,0.1360128499153865,0.2810985775012564,0.22040034310876708,0.2335271239490079,0.4230524585825025,0.3655268526751517,0.4084377945079677,0.5959977185867521,0.36460932969510684,0.4001905651156995,0.7303602904455981,0.6560451891626329,0.38817636388791155,0.6863392434520665,0.28461472981740504,0.9257132167437853,0.5562170403749873,0.25186721168056,0.3935927111203651,0.6290755719107436,0.6136223519850001,0.7080305260741,0.5680443081024554,0.7522814406551579,0.3531580493136065,0.49230035779505166,0.48024258319666513,0.7080004620878684,0.677406459936228,0.3831580706087472,0.7380398015733818,0.5407464143833802,0.6943064548664333,0.5463056330944748,0.38031717520491415,0.456181553168271,0.7316146928716711
0.6839278622152973,0.6134283063058797,0.6588653552139057,0.3888885427834207,0.34135589143674594,0.8342057292645522,0.5007586007877232,0.7607426145299607,0.6191637985145665,0.5299501840784968,0.6442583579094858,0.2210239880348693,0.5947683106173666,0.4739700193624099,0.6095410951629255,0.7457253117660585,0.7367061420137904,0.4117206633735577,0.6603567091959963,0.6677687630111606,0.5406546574453359,0.5596149960686261,0.6529998514330472,0.3363866464155054,0.4724764618825081,0.3860631475872225,0.5823992222063714,0.5911263594312187,0.6276965104845851,0.5326179924657928,0.7939673424028523,0.5111246492689934,0.5102631667159171,0.5996324385404729,0.4729751590136259,0.0,0.33508141917254025,0.4867164817552018,0.33272229051529373,0.3606803519044843,0.5987950893091252,0.5223031263305709,0.5409113348530347,0.30043512647377485,0.6384893975929533,0.0,0.3974147328475989,0.6394290512107392,0.36228866187610465,0.5824802601720558,0.4771079128423852,0.5017495703379649,0.6868965714221043,0.5108970974786677,0.39800515308824314,0.5759983252048021,0.43192797941785344,0.6097600004193047,0.5806846534346202,0.6125532209913129,0.5370531602720078,0.0,1.0009196011440644,0.542168663753545,0.23456190255685178,0.5198207932981495,0.6930917965783305,0.7044733894696393,0.3752446382914213,0.41278925522687937,0.41432484378877,0.4549524574142309,0.6567337115039948,0.45785113218587953,0.27067745178670266,0.48673133872248364
0.5147197788468367,0.0,0.5330673301488579,0.311253971720079,0.22430734184100423,0.7197259341373248,0.5229570723055665,0.25954677175109697,0.7288104681792507,0.6001287653624887,0.6128769658034113,0.31031202893085,0.6866586954837464,0.3674063281121361,0.3431361807751356,0.5916231854187965,0.39533861974394324,0.4344963137824785,0.5135408696737976,0.669520911261416,0.44669658152530173,0.6005396954079012,0.5815997825147785,0.38666006634264205,0.6234478888657501,0.49419451985491375,0.6855029577241413,0.4765121466379005,0.5130722388520799,0.3210801399993431,0.49834571212217227,0.5365296898387268,0.31574503891055783,0.5216491185160118,0.32539111804091125,0.33508141917254025,0.0,0.4392311303503361,0.34103128637201874,0.20084621950661535,0.30280758826319,0.6557889671366656,0.31517585954594146,0.5628903942664568,0.3872030760634659,0.0,0.0,0.658528709409511,0.4892054989582752,0.0,0.6157291796985398,0.7093402016968262,0.501830000196517,0.3720080922810246,0.5185897644979154,0.7137413352368744,0.535530025385749,0.3374812535988113,0.0,0.4874266212389847,0.0,0.0,0.0,0.45851752869495005,0.5886723408267123,0.0,0.6587374734319119,0.576913469998002,0.42465493009734434,0.0,0.5163250422570227,0.7254277585356345,0.44329478232639186,0.641607971507851,0.0,0.5236650746579027
0.5478420502591257,0.0,0.5965425398083225,0.40644980956450577,0.5541554420246741,0.6683890394658232,0.757309820203935,0.6183346351395295,0.8060679297871864,0.5113689305542994,0.6369606405464527,0.1972481234550409,0.7333236227290508,0.34781159682934043,0.40196578388531834,0.665124740777355,0.5298639173106511,0.4362773739869429,0.5580821949566315,0.8778128453188662,0.08174129789891993,0.5525492119208331,0.4587702594382679,0.36094326067526766,0.5723158123566162,0.45877704652377294,0.6505533547511831,0.7794610323225744,0.5627633285045529,0.35930542022283907,0.45366776589287333,0.4343128259237481,0.20622203555137603,0.23286222056947276,0.5155937829768953,0.4867164817552018,0.4392311303503361,0.0,0.3350492716938471,0.6266219055990845,0.3851603708199578,0.5680482095193357,0.396478419046795,0.26118375081895645,0.4600679935844276,0.435706245939643,0.0,0.5662502595771792,0.0,0.5912334035177611,0.621331082785843,0.5646411042735572,0.0,0.4005365452250904,0.4588031192217216,0.4351257991211276,0.532810822672752,0.3454446347610077,0.0,0.522636038559621,0.5048928744906946,0.44102433028949484,0.5310633904542197,0.44252917548739923,0.6197589242664718,0.0,0.6596466142054846,0.6435839444432307,0.44585946741931753,0.5147173829807852,0.4571551329244622,0.7883834919231453,0.4108558258948368,0.49707863224601717,0.0,0.5414814974260265
0.7254795576803803,0.7598042889999492,0.7725826698197321,0.20274249251811416,0.3809920975885443,0.7381397075662816,0.7479540456221252,0.7106071791929212,0.7249795068341466,0.4113510923739735,0.7376631062793233,0.6286452048933805,0.6788365429735096,0.7635165805837244,0.4804147602340452,0.7338439291529756,0.5935696148194513,0.7676037265334882,0.7467696907819615,0.30618553881156185,0.5446423792758212,0.6284686429862382,0.6345540165693118,0.6340414800702078,0.8067266475505441,0.7065360548840932,0.660808553652377,0.5989786933609428,0.45482436924856307,0.6084293279188828,0.6794791406588407,0.16992250468109338,0.24736535245372468,0.5087841372683103,0.21363288616968007,0.33272229051529373,0.34103128637201874,0.3350492716938471,0.0,0.5538565341946735,0.5147328103532746,0.4923934871380365,0.43122298032146467,0.45123137099548327,0.33736752169748446,0.740688208016506,0.4795240767930047,0.4862269022123349,0.5633087206017079,0.7276545823386373,0.5978865016006711,0.491780479408922,0.7068335633376817,0.5637340427539325,0.3844454440735853,0.6855829829809583,0.23920429164392415,0.6295122580138361,0.5714158588734967,0.2635663086186819,0.5940258802058388,0.7254329565889284,0.8368693444565597,0.5024630417304258,0.3762284712468563,0.24479668470226248,0.3412836198402807,0.6044172367410323,0.13005104347984253,0.767659239375258,0.5206658046800795,0.5775615214069639,0.5577505905885477,0.4863977821734694,0.6450872358706089,0.5443456618324644
0.8772674161818059,0.8683157227724612,0.5026809025290916,0.3929866399034758,0.5330332867553965,0.6039093163598641,0.37071215121330997,0.6063470899102454,0.5346648125345005,0.589250772046304,0.5228208087393231,0.5474308876711519,0.5350584365678587,0.0,0.5884118776125886,0.6788626913709709,0.797042700224975,0.6780117945201827,0.4757700212572193,0.37655344135844737,0.6566087083493927,0.679982366487095,0.40364517282452217,0.6470051312529707,0.7338523990164698,0.7235874140534104,0.6030797088751053,0.42840379113434995,0.3883266077632641,0.4890670584447841,0.5459298764444926,0.13453289454129286,0.41421144265086407,0.4606394126675748,0.1360128499153865,0.3606803519044843,0.20084621950661535,0.6266219055990845,0.5538565341946735,0.0,0.35307850845415617,0.6655537819021977,0.1974202450416559,0.2806185410947615,0.17856259676993566,0.9045512774769039,0.6410561050983725,0.5585728098731342,0.28302353177550044,0.727686258682437,0.5242581088733597,0.6832580768247459,0.281699183626993,0.5762155654406865,0.7218391690901812,0.5831510977935263,0.6584563616792274,0.7104507225618798,0.6501403787263731,0.5023028659135167,0.6666757765741476,0.7700399713851264,0.7298152603390177,0.5750447596159034,0.4871047871522901,0.5448396629076768,0.44680361114775463,0.4301414779983868,0.35696468988487573,0.6448478110308493,0.5982922892110765,0.38202259347673584,0.7033274173800224,0.6003323378723482,0.48834078578030515,0.4639718174885383
0.7704236151916182,0.7282938902586237,0.5588044794409368,0.4913687769756755,0.5297393207777714,0.6228862575924003,0.6048119101013367,0.4459647006482431,0.591600806513758,0.7872548117665309,0.6866990252408844,0.6825690945615361,0.5138081788851111,0.7008895084837081,0.5383392441019561,0.7597949963175484,0.750277608628079,0.6591422436337178,0.5335938785248938,0.43423057309757074,0.4861876517246779,0.6467035844890683,0.5935962205052261,0.4684585566856987,0.7148889021246944,0.8127701717474719,0.6049377643566376,0.49214187649342256,0.44975519503439654,0.6126794310650252,0.6847843045608756,0.3151200225349187,0.3408174345496821,0.5168311041007034,0.2810985775012564,0.5987950893091252,0.30280758826319,0.3851603708199578,0.5147328103532746,0.35307850845415617,0.0,0.43157570219612923,0.5407279127499955,0.41899251315403996,0.24862763972534377,0.6371115363422578,0.3143461263581001,0.4491259299453205,0.43101525710352234,0.6331485219034193,0.5589848110783904,0.6564527859819571,0.5280906462705603,0.49270406927417487,0.6017831340572201,0.49752812804072183,0.46673054995302304,0.6980251360836855,0.7058421926412215,0.33469908665748904,0.48660674914619273,0.6319549002941952,0.732994067881984,0.48221388963293477,0.38062670095505957,0.35158207852787615,0.4109818357324066,0.5656491878995396,0.22072006615356962,0.6911134999904114,0.3857630115619971,0.5025690541062434,0.5980904012883804,0.3491777142625866,0.5032466267630175,0.2873240196634229
0.5299264194400427,0.810565617658063,0.7242880671429864,0.3340132609822265,0.6042557255201283,0.833712395519147,0.7296560928244438,0.5714918974048194,0.6246701987667983,0.5829178597737683,0.4594376311396623,0.37490483682237336,0.5895651390083857,0.7210202645747007,0.45746727891707545,0.7539275183516091,0.7604707364509857,0.7387293302151193,0.624532833245087,0.35613693105696753,0.46150408912993574,0.6542415214367481,0.7115819895115469,0.669962847809139,0.7572350433366235,0.5955707185623678,0.6368622823531095,0.44913210310759333,0.4320866849284655,0.496815108113124,0.732818589059502,0.23897506311038136,0.18922218056206333,0.38557887242808486,0.22040034310876708,0.5223031263305709,0.6557889671366656,0.5680482095193357,0.4923934871380365,0.6655537819021977,0.43157570219612923,0.0,0.5801556110148638,0.3584815280603334,0.591107246180615,0.6358339252671934,0.4366833348550033,0.405695412079004,0.4014025263364839,0.6004182818971806,0.542341720638026,0.627334002040558,0.6638608411029344,0.5000193963592338,0.6403361727930088,0.5210761272850057,0.515050344448039,0.7656077596961683,0.7947570485123946,0.3285536243653966,0.554278458200859,0.49548949559751504,0.79384976354298,0.5142586100033706,0.309959350565204,0.3850926563841117,0.3076747628036983,0.6124092797912488,0.27210467745999123,0.7206283844723345,0.399521657160562,0.5696012995600697,0.6680542032423017,0.33296015742651497,0.6357773114850405,0.4950870630648002
0.512995662135759,0.5917848259618083,0.6260151674209522,0.6018849510749611,0.4889709444335929,0.6802800998863842,0.5302586390613226,0.6723016518534373,0.5802651304288884,0.5605600642248065,0.5776892461782986,0.40600606130253064,0.6405162691967891,0.7213733155883971,0.3151618124188523,0.510389284295525,0.0,0.0,0.6123288318948538,0.5456538983237031,0.6179115795621909,0.33580638522005846,0.722084797849115,0.6288360631288908,0.20088863708608204,0.3548125757972234,0.6417950222576608,0.564149141948621,0.21130727673209143,0.5001819253603492,0.36235324100836536,0.3028936756168776,0.4845016017714713,0.33031662396517364,0.2335271239490079,0.5409113348530347,0.31517585954594146,0.396478419046795,0.43122298032146467,0.1974202450416559,0.5407279127499955,0.5801556110148638,0.0,0.3631213325664547,0.4306214735574114,0.6851216070670039,0.4739614707710921,0.5352472485752502,0.7080881684647611,0.4703881376008382,0.5539008457334278,0.5476158737061876,0.8082988764356686,0.5471129058035018,0.6747047635429771,0.6168758314068986,0.5462373817505427,0.6364565340895051,0.7636088547620047,0.677368224429279,0.4501162741134505,0.5902398316336811,0.5757510990429777,0.5618853165284234,0.5211582275708107,0.4680802448035343,0.49925167120324293,0.5118299140208062,0.2859206524589779,0.6844888773771344,0.5927091690388924,0.49481925473177446,0.536813979092945,0.5823189347127183,0.3912748169617901,0.6954902482486457
0.0,0.0,0.5482436919358646,0.3148430595980425,0.6357066066052198,0.8375066034463745,0.6340287812382921,0.5690256846339063,0.46306120798191563,0.40933141135705736,0.6152041577763053,0.4338250352489809,0.38181994798097724,0.510905912708434,0.47900285058101466,0.0,0.0,0.0,0.3880664736736925,0.31442039553042095,0.0,0.2848976623599485,0.7555726297430723,0.37322353747373793,0.0,0.5480424429451958,0.6792863949561297,0.47330483055021955,0.5798537735411409,0.2806508744283054,0.3801372668919428,0.30509962618292685,0.3760943935538872,0.19790307241826366,0.4230524585825025,0.30043512647377485,0.5628903942664568,0.26118375081895645,0.45123137099548327,0.2806185410947615,0.41899251315403996,0.3584815280603334,0.3631213325664547,0.0,0.36300915766204267,0.0,0.5132085277361871,0.39520138473920974,0.5014014393756099,0.32011683347368236,0.5562568570498571,0.4913078494732515,0.680861371752112,0.5004206343873244,0.5590706352427373,0.5224528270285134,0.3798451780390234,0.7339544951382001,0.5966700527396465,0.34074522995551515,0.0,0.43768165260254255,0.6374504013504512,0.5319897541626045,0.4498117437781963,0.5157140369598167,0.3941297287527546,0.6786351947906183,0.49670222622876825,0.6671328581915426,0.6536379079296195,0.5754587262943868,0.5827040069418133,0.5818052069764221,0.6587030339403749,0.6443963704698165
0.437224700943358,0.0,0.0,0.0,0.3832712071200644,0.28224227955393405,0.4253382656908434,0.0,0.49745225053274467,0.5114270761960624,0.2867559470088244,0.4347808235508619,0.5556310064584504,0.0,0.0,0.0,0.5035976140660097,0.6981013525469173,0.0,0.3523755394814142,0.0,0.4172237481651723,0.4821861833392993,0.40940558437613883,0.49108714147177784,0.510637757355327,0.29190068236013367,0.6992226181840713,0.5210691534150343,0.0,0.5194143708116808,0.28038987619246053,0.5059534711658334,0.4617614995547481,0.3655268526751517,0.6384893975929533,0.3872030760634659,0.4600679935844276,0.33736752169748446,0.17856259676993566,0.24862763972534377,0.591107246180615,0.4306214735574114,0.36300915766204267,0.0,0.17761871732199752,0.3739811878177584,0.5446278199473557,0.5118715875500783,0.5373927868691951,0.497170666807148,0.6886637466561445,0.47100541168414156,0.44284496684084995,0.4339167248285855,0.5430466518835312,0.1732811265529647,0.6065553005859574,0.6115674037522354,0.174965978937007,0.4121753273248742,0.6405062119430683,0.43398326084948613,0.5594033111063987,0.713633640885559,0.5383622343638449,0.4931525403215102,0.45893188743522867,0.36530617974405266,0.5777550315269039,0.48859821448082347,0.6400261553308128,0.7037980248727074,0.6305750434656657,0.5245081153005038,0.4534803992813571
0.39763642838276725,0.7229427321493405,0.0,0.0,0.0,0.6145097439111394,0.0,0.6573443634058729,0.0,0.6496814183653918,0.0,0.5495930936164032,0.6659816528229929,0.0,0.6924763069551567,0.5886662260113262,0.7438077128980206,0.6949985631906,0.0,0.5974391533183457,0.30949561419368765,0.6764265939761983,0.5723049330269864,0.44061976727524005,0.6648521198953536,0.5513320263476701,0.5306247216013403,0.6614762282316003,0.4988063998328507,0.0,0.41001239728138406,0.43036444681451935,0.5952994366956319,0.4159168380165485,0.4084377945079677,0.0,0.0,0.435706245939643,0.740688208016506,0.9045512774769039,0.6371115363422578,0.6358339252671934,0.6851216070670039,0.0,0.17761871732199752,0.0,0.7868646173268734,0.5278484635254178,0.0,0.6162930003450521,0.6759985534975911,0.6098422073034637,0.4875886234852981,0.6518892325966564,0.5912426560497288,0.31717129686948725,0.5287540334717044,0.5892716811001278,0.41713446137769666,0.8656892903414298,0.7589160611710244,0.565898428524583,0.9390037844345401,0.0,0.7040582510075507,0.48775940068697987,0.6714162542004519,0.5841190419848172,0.4059849200411574,0.8510610972273829,0.6674397537809414,0.6915899346173993,0.59931474568228,0.6680082460329152,0.3978853739573339,0.7439664919756445
0.7845579136973884,0.8937013728827905,0.4335489419065208,0.0,0.3425786917636107,0.7572865396321791,0.604840074717742,0.4709178390487195,0.6296292119554814,0.5339774087685921,0.0,0.6172308051636217,0.7895124650059957,0.0,0.8459941345038879,0.8442173459006829,0.590108001060761,0.8231084927224778,0.0,0.64360089419873,0.7768009191096832,0.8556276925998079,0.7812387347588303,0.720267602246586,0.8828107527169182,0.8199687011315474,0.6608949055703133,0.7031377233851382,0.6607073609362827,0.0,0.7755637456580404,0.7053158608840567,0.6593780980157643,0.7220157694962827,0.5959977185867521,0.3974147328475989,0.0,0.0,0.4795240767930047,0.6410561050983725,0.3143461263581001,0.4366833348550033,0.4739614707710921,0.5132085277361871,0.3739811878177584,0.7868646173268734,0.0,0.4962534125969996,0.0,0.5213249868319803,0.6411442765894929,0.6434340545612913,0.6164184178156618,0.5102257628279794,0.8879172031715993,0.5440025641237619,0.7151696989904959,0.6366774289018604,0.5322476891571927,0.5692919335799443,0.6348754823829557,0.8510031521311368,0.6588732777419786,0.477273646372928,0.7584398162010482,0.7492429767574497,0.6300297720427694,0.6137039827187164,0.4141570060764446,0.6523819470751999,0.6373889761928617,0.5891199454421512,0.5443261986216413,0.7081276721658276,0.5807880803551854,0.4528796890260576
0.0,0.0,0.4714767820258458,0.4682185656346669,0.41289471288556234,0.6942540675098869,0.47316286012696684,0.6866967317177824,0.6691310955473242,0.39153533816387515,0.7342301982396995,0.45990384563263265,0.6645574595393327,0.45142345624840446,0.5824002096491316,0.0,0.0,0.0,0.752361233540174,0.7298064314098068,0.6694748636907674,0.6345404525267899,0.7704775395148167,0.0,0.0,0.8434577476755203,0.6692913625959956,0.6256898706504163,0.6556351345234487,0.21746625336051117,0.6596818308072542,0.5749168440745965,0.611864171551569,0.7312178900407578,0.36460932969510684,0.6394290512107392,0.658528709409511,0.5662502595771792,0.4862269022123349,0.5585728098731342,0.4491259299453205,0.405695412079004,0.5352472485752502,0.39520138473920974,0.5446278199473557,0.5278484635254178,0.4962534125969996,0.0,0.5376126798721265,0.5146727964458556,0.4809132228707833,0.4955225515835708,0.5983329619431277,0.3816600138517521,0.46497454761072904,0.40688518527640744,0.5148714303208861,0.5375323093419102,0.5505486950764595,0.39126345913245647,0.4733879481075198,0.5669360234131112,0.5063687868648518,0.3988263678107161,0.48671153488083196,0.41264964789748143,0.4016280049688536,0.6405848568779803,0.1415228127950517,0.6430527289127616,0.4642085350206409,0.3157891221119092,0.49108101225015577,0.5742585606007449,0.27478536784630747,0.4652628056543104
0.0,0.0,0.5109070331232071,0.0,0.0,0.8999848263044001,0.0,0.0,0.5032697300275867,0.5041836300399539,0.5024782739216038,0.3154105270731218,0.0,0.0,0.0,0.0,0.0,0.0,0.0,0.0,0.0,0.5054639097809193,0.4507670538334737,0.0,0.0,0.0,0.5174670105418571,0.0,0.507802460145014,0.0,0.0,0.6784218408196528,0.0,0.519343956621425,0.4001905651156995,0.36228866187610465,0.4892054989582752,0.0,0.5633087206017079,0.28302353177550044,0.43101525710352234,0.4014025263364839,0.7080881684647611,0.5014014393756099,0.5118715875500783,0.0,0.0,0.5376126798721265,0.0,0.7074753277444044,0.5302087090427468,0.5705485406531985,0.8947256819191233,0.6313552716234705,0.7830521546198979,0.5908861813146453,0.6274722829644119,0.7851356612221576,0.7004095943903639,0.559690248072724,0.0,0.0,0.5093398535948661,0.43181452959819944,0.45978692516795955,0.44065719446105783,0.4860014528201197,0.6613234601710861,0.0824315744918207,0.0,0.6559277523693172,0.6378468483688914,0.793204563682796,0.6478642349138553,0.5869847854063845,0.6859495441734179
0.0,0.0,0.6579588686871439,0.0,0.3446663271181336,0.5368099627517852,0.5869125011124864,0.6554298909321266,0.7647971645253233,0.49957953678077044,0.6476365517286127,0.2893445455334951,0.7154116108608043,0.6527659520782749,0.0,0.0,0.0,0.0,0.5196070163417997,0.0,0.0,0.42245457295465344,0.6913946041118054,0.5171633183246344,0.0,0.0,0.7155191174666566,0.6361252549572126,0.47430376622549925,0.0,0.4595410425925858,0.6315958526666756,0.5068091357381734,0.6173850951559604,0.7303602904455981,0.5824802601720558,0.0,0.5912334035177611,0.7276545823386373,0.727686258682437,0.6331485219034193,0.6004182818971806,0.4703881376008382,0.32011683347368236,0.5373927868691951,0.6162930003450521,0.5213249868319803,0.5146727964458556,0.7074753277444044,0.0,0.5708490501406243,0.4907099630885826,0.6354993451101448,0.6027809070283162,0.6417710661190675,0.4510223037232864,0.5018088956435083,0.4990830106720352,0.5198610220721795,0.5483063452125162,0.480214793831717,0.5939522164913585,0.6631035887530153,0.508033109847073,0.5286077727175196,0.6958278489791828,0.4397383118605488,0.5504568366462433,0.6522623474610753,0.4960700904893859,0.4869853880787023,0.5636965358193811,0.4664270612251603,0.6762512145630362,0.2809597528561158,0.7004275352666999
0.7336110616013758,0.8533008320127299,0.6599714232754441,0.6995725061730348,0.6462880455144621,0.7746757841130254,0.6941720376424197,0.7905468062525803,0.7489985804544653,0.5042757839732753,0.6800333002420202,0.3972401218497225,0.7677899303203969,0.47223456443114514,0.5427593610615717,0.7876874112274602,0.0,0.6646152535417039,0.5755952134586011,0.3658140948601667,0.7010098692730389,0.8390956722739338,0.6461667984013789,0.5441633024338983,0.7721118733696111,0.7888158400879283,0.7530349842165587,0.6992816585447823,0.5713034625314988,0.6545327496048525,0.6211328963659504,0.6336119439426506,0.5934530033226227,0.5982867160634742,0.6560451891626329,0.4771079128423852,0.6157291796985398,0.621331082785843,0.5978865016006711,0.5242581088733597,0.5589848110783904,0.542341720638026,0.5539008457334278,0.5562568570498571,0.497170666807148,0.6759985534975911,0.6411442765894929,0.4809132228707833,0.5302087090427468,0.5708490501406243,0.0,0.5774924987874067,0.6802755091452165,0.40103187385908506,0.44769738720706637,0.45756563487779833,0.6462608904157954,0.6381975114161837,0.4225791348678632,0.6016353656705452,0.6725564767661092,0.5597535541191331,0.6835057704331579,0.5252787820789196,0.7167148811881419,0.74690845863657,0.7636308784017736,0.6589216049977092,0.45810424750459144,0.6641557893314043,0.6004854638354761,0.6208791699287728,0.5769356849777687,0.7038893841827698,0.6286922138771417,0.6036983180107446
0.0,0.8721108461690249,0.6519269705914373,0.0,0.458084432092946,0.7672520033589232,0.6897662527613114,0.7180969092307108,0.7667873188836264,0.430136610538119,0.6667656613503686,0.5502046731021332,0.7009602231945092,0.5478496363695572,0.7037862728864563,0.8786394719862124,0.0,0.7292160345027836,0.6535912841175326,0.41028821891447276,0.5153491074518888,0.7801024891856932,0.6345766513043066,0.42969012793921885,0.7563753874378135,0.7183169977827873,0.7025291073872633,0.6841618955729161,0.6026721184992426,0.6584896587667359,0.7410318165388659,0.5065380515133373,0.3689978303048008,0.6820307141339554,0.38817636388791155,0.5017495703379649,0.7093402016968262,0.5646411042735572,0.491780479408922,0.6832580768247459,0.6564527859819571,0.627334002040558,0.5476158737061876,0.4913078494732515,0.6886637466561445,0.6098422073034637,0.6434340545612913,0.4955225515835708,0.5705485406531985,0.4907099630885826,0.5774924987874067,0.0,0.6327173930763198,0.6006096863331988,0.5545461315635091,0.5154240035248817,0.5105879947277517,0.6502539236690031,0.42839839531143226,0.5678372111170422,0.5863189671576433,0.4930753930755264,0.621627041431357,0.5631131248305685,0.5764972163986113,0.57017525213676,0.7639156164053619,0.625027364172677,0.6689737147906087,0.6734805743985627,0.5939765669417562,0.5809665884910086,0.5933357259053245,0.6668583325689048,0.5147518537923581,0.7566306395363775
0.6202383571631385,0.6271030808045022,0.6318983992770206,0.50157656442577,0.5292409268144729,0.8190935394184529,0.6291729819229953,0.846968787485966,0.634082197599079,0.7246512077965701,0.6573737381715733,0.3877197843486186,0.671802401724373,0.6738696378972246,0.5030147939113448,1.0071132187197052,0.0,0.6310640895387927,0.5604067889233549,0.5748316984677542,0.8007152680140631,0.6564680647654373,0.565166338583798,0.0,0.636416663924771,0.6070247115022941,0.663239668512932,0.712548112322799,0.7364074051526938,0.5729032665590604,0.598380634667129,0.7035995352823896,0.4970572848524547,0.7418440552864735,0.6863392434520665,0.6868965714221043,0.501830000196517,0.0,0.7068335633376817,0.281699183626993,0.5280906462705603,0.6638608411029344,0.8082988764356686,0.680861371752112,0.47100541168414156,0.4875886234852981,0.6164184178156618,0.5983329619431277,0.8947256819191233,0.6354993451101448,0.6802755091452165,0.6327173930763198,0.0,0.5646290541307758,0.4243746685237156,0.6388567589307299,0.46503334908459215,0.6430679287640811,0.5343617847226242,0.7735408869304772,0.6070518934063265,0.5814825906477578,0.5513154625473127,0.6395749110846903,0.6611284852054081,0.5264587534740754,0.6393303102351606,0.5304161493288345,0.5413542391907411,0.6983117224922418,0.6119049872891885,0.6368607931927971,0.5017344836461002,0.6716790361785154,0.49723011648449483,0.5053517522639407
0.0,0.8156017110720317,0.510560853236173,0.353769527658168,0.30356707742062017,0.7319799586075287,0.6653166501710094,0.666645799615814,0.6193031454366337,0.4602762004703354,0.701823736077742,0.48865535214660427,0.7034724825972436,0.4825940195425015,0.633992055037076,0.0,0.0,0.0,0.6345544211358751,0.5687879721884119,0.7146146199557497,0.8356484324094132,0.6799890270771017,0.3330740586818949,0.46576264634956743,0.6114203745398937,0.6607163269579581,0.6115667233549155,0.546976390123324,0.7344456172682103,0.6665123052233661,0.4922070002087944,0.3700198873255635,0.7212598451449111,0.28461472981740504,0.5108970974786677,0.3720080922810246,0.4005365452250904,0.5637340427539325,0.5762155654406865,0.49270406927417487,0.5000193963592338,0.5471129058035018,0.5004206343873244,0.44284496684084995,0.6518892325966564,0.5102257628279794,0.3816600138517521,0.6313552716234705,0.6027809070283162,0.40103187385908506,0.6006096863331988,0.5646290541307758,0.0,0.45475806698098353,0.4829797060827663,0.38735503294274987,0.6931443384478173,0.5296322281566446,0.5022442576759857,0.552105266766073,0.3661451169141837,0.5718430564842216,0.5604803800382492,0.5860097581799446,0.40948034869031347,0.5962467794433298,0.5664038207339309,0.49964271787348313,0.5651737539238751,0.5465030287649872,0.3089540560755253,0.5677173987495059,0.7050153917921829,0.45345072053054747,0.5123048788730085
0.5573249188046594,0.7065415632552517,0.4558119694091381,0.0,0.0,0.5653036691968166,0.6405411277093799,0.6980759592183231,0.47541779548589014,0.6589542855169239,0.4795992235450614,0.7140951770220455,0.573873192038533,0.0,0.0,0.4362690798541218,0.7504598752613296,0.7982563705597925,0.6432016945244273,0.8395989776597075,0.6854810395547586,0.4604392593303722,0.6518442421801033,0.5950171291285206,0.6922326307491862,0.6521310381580064,0.7627971267640816,0.6877517453212816,0.689059771520194,0.477541402857598,0.5253131809904324,0.39419430567802094,0.6201593090245876,0.6285680104093745,0.9257132167437853,0.39800515308824314,0.5185897644979154,0.4588031192217216,0.3844454440735853,0.7218391690901812,0.6017831340572201,0.6403361727930088,0.6747047635429771,0.5590706352427373,0.4339167248285855,0.5912426560497288,0.8879172031715993,0.46497454761072904,0.7830521546198979,0.6417710661190675,0.44769738720706637,0.5545461315635091,0.4243746685237156,0.45475806698098353,0.0,0.4899726397622423,0.5727530978199261,0.5955517729527737,0.6908805695173011,0.6726737340837083,0.7450697394561389,0.5346463629123923,0.6938755171093982,0.35972778563473584,0.8904884858320308,0.5259546393886504,0.8170929605162907,0.5598847936262101,0.5646286726968354,0.6349722911176092,0.5741163629246783,0.6184553225875102,0.5750236126376688,0.7233763017701469,0.5253160508695912,0.5046528498494409
0.0,0.0,0.8512358458090068,0.47782343466537414,0.380431389756775,0.6655105460859657,0.5220677056519075,0.645046098570735,0.6613390419739601,0.44020577064906363,0.5757947873828573,0.41840642947209583,0.49781681005416295,0.5402928132814541,0.0,0.0,0.0,0.0,0.6886563643454919,0.0,0.0,0.0,0.7672420233029187,0.5337320219494369,0.5074580980978011,0.0,0.693913548628224,0.5557362945061393,0.42892747765133993,0.0,0.6985877249410042,0.6592147787602273,0.4062572820373686,0.5149519207776284,0.5562170403749873,0.5759983252048021,0.7137413352368744,0.4351257991211276,0.6855829829809583,0.5831510977935263,0.49752812804072183,0.5210761272850057,0.6168758314068986,0.5224528270285134,0.5430466518835312,0.31717129686948725,0.5440025641237619,0.40688518527640744,0.5908861813146453,0.4510223037232864,0.45756563487779833,0.5154240035248817,0.6388567589307299,0.4829797060827663,0.4899726397622423,0.0,0.5281163736293488,0.5800118506604272,0.7241376555602452,0.0,0.3844433002465778,0.3615043397642685,0.5761139433633415,0.4929044170317289,0.5047318071608369,0.5338858450596325,0.0,0.6756860180395415,0.562774194331994,0.5381132060825502,0.5178244617275535,0.3593298766198485,0.6014156605906643,0.5928297885259293,0.6720863893689821,0.4997865896539622
0.5554317388321023,0.4790925017072869,0.7203665331912872,0.6209248584948291,0.40379474541926913,0.46986663245421084,0.5999420774980898,1.0151990096487267,0.4652908389671105,0.6292587715911206,0.45292205552934767,0.7022418736038163,0.6552521977391453,0.3964366315399337,0.613800069191158,0.6122533577752219,0.6449165611085745,0.7112792771040668,0.5498956719537632,0.5131203439126909,0.8159435977906333,0.5925746239470011,0.5096283687140862,0.5605646015872838,0.6483660362124144,0.648724126347745,0.3488039604187115,0.7027341654406236,0.5941925558755432,0.0,0.5498467283749419,0.27405139678858653,0.6189409976845767,0.6833387324883636,0.25186721168056,0.43192797941785344,0.535530025385749,0.532810822672752,0.23920429164392415,0.6584563616792274,0.46673054995302304,0.515050344448039,0.5462373817505427,0.3798451780390234,0.1732811265529647,0.5287540334717044,0.7151696989904959,0.5148714303208861,0.6274722829644119,0.5018088956435083,0.6462608904157954,0.5105879947277517,0.46503334908459215,0.38735503294274987,0.5727530978199261,0.5281163736293488,0.0,0.5796277979309338,0.19548658745167313,0.24857595867805937,0.674227005417201,0.6109533195523049,0.6193038076897851,0.584155756044965,0.6730694868995438,0.4723031109779222,0.6303474539136271,0.5108446664882141,0.6139242029388186,0.7248004233935417,0.44499350652233305,0.5464842659139875,0.7499823377751066,0.7690309653884994,0.7597294867191411,0.6612366678829071
0.8226020092905265,0.8508718128850624,0.7008453587192789,0.5035961170741486,0.6085443906322111,0.7879775970030196,0.6432830034680719,0.6751502033127749,0.6676500477656385,0.7148422761655818,0.8113342584291571,0.6049306623258248,0.7545825013193821,0.8604701711116615,0.4887034239024932,0.7890325947109452,0.5114765781315689,0.721734928507728,0.5523591419674518,0.5160099862240765,0.6295777159239789,0.6815821654880532,0.6297800960392873,0.516478459715222,0.5828598959174135,0.839194025883775,0.7274076617711287,0.7159779816231766,0.5902678974009002,0.5207817665010764,0.8257633952448407,0.6011969355068595,0.6695106389035926,0.4019598412563089,0.3935927111203651,0.6097600004193047,0.3374812535988113,0.3454446347610077,0.6295122580138361,0.7104507225618798,0.6980251360836855,0.7656077596961683,0.6364565340895051,0.7339544951382001,0.6065553005859574,0.5892716811001278,0.6366774289018604,0.5375323093419102,0.7851356612221576,0.4990830106720352,0.6381975114161837,0.6502539236690031,0.6430679287640811,0.6931443384478173,0.5955517729527737,0.5800118506604272,0.5796277979309338,0.0,0.4532311130500066,0.5038486745168445,0.5869148834022634,0.6154485386874267,0.5839485981913107,0.581595542330499,0.6845950503778339,0.525997569397716,0.7365678127458917,0.6930993775109899,0.6147734420423486,0.6124933654359161,0.5405648687955008,0.6317191405801513,0.6715646937033276,0.5809923938404883,0.54258540959596,0.8122122100756092
0.0,0.0,0.5663742584045095,0.0,0.4596750879142866,0.7737363163634292,0.6147568840485245,0.7228640320245225,0.6258653710236685,0.0,0.6256915530123325,0.584979618175113,0.6320068675399366,0.46330798080279284,0.5083726444256036,0.0,0.0,0.0,0.41038963280776836,0.0,0.0,0.0,0.5630006672901426,0.0,0.0,0.0,0.7201632678680783,0.12475445447788625,0.6124132334917516,0.0,0.0,0.601614475455937,0.0,0.36516963030205185,0.6290755719107436,0.5806846534346202,0.0,0.0,0.5714158588734967,0.6501403787263731,0.7058421926412215,0.7947570485123946,0.7636088547620047,0.5966700527396465,0.6115674037522354,0.41713446137769666,0.5322476891571927,0.5505486950764595,0.7004095943903639,0.5198610220721795,0.4225791348678632,0.42839839531143226,0.5343617847226242,0.5296322281566446,0.6908805695173011,0.7241376555602452,0.19548658745167313,0.4532311130500066,0.0,0.0,0.5175734287620593,0.5533669758248477,0.44424995157674757,0.6350548650487187,0.5064027916383911,0.4596046034108065,0.3850119025012485,0.4002726681989984,0.6046341622945207,0.6443485187803174,0.5438570998090041,0.47441424982970587,0.6550155221094867,0.2985862810958716,0.4493788506811214,0.6088373261345573
0.7765018274949034,0.7195245535354955,0.39960987820305455,0.0,0.4407751265152945,0.6874824108581282,0.40392445968736135,0.6894194622244412,0.6788174737292336,0.6601936231527836,0.0,0.5717642968938419,0.5024020559423925,0.0,0.8343535224584796,0.7080499061794638,0.6115506947844752,0.6844657115801934,0.0,0.5699757260168603,0.7063839684635611,0.7655355206364245,0.6403979066224268,0.3814323859131176,0.6100922413267782,0.6993012760446393,0.6285573785621869,0.4982830126402343,0.4276040612080916,0.5923178247641026,0.6319124333672771,0.5803688021356371,0.6382187168397803,0.5935360202218039,0.6136223519850001,0.6125532209913129,0.4874266212389847,0.522636038559621,0.2635663086186819,0.5023028659135167,0.33469908665748904,0.3285536243653966,0.677368224429279,0.34074522995551515,0.174965978937007,0.8656892903414298,0.5692919335799443,0.39126345913245647,0.559690248072724,0.5483063452125162,0.6016353656705452,0.5678372111170422,0.7735408869304772,0.5022442576759857,0.6726737340837083,0.0,0.24857595867805937,0.5038486745168445,0.0,0.0,0.5868763426735663,0.36425636845383647,0.46989481402863065,0.0,0.7266102844797768,0.5802645328571792,0.63067552413729,0.7204394642899071,0.7843696726736165,0.6870780749394608,0.5330962705170209,0.6477236805587697,0.4267408525108354,0.5220361731649851,0.5213257519803207,0.3672060188718289
0.8226299861283208,0.8545190204269204,0.0,0.0,0.5007790159388427,0.7648157697056416,0.585112851444084,0.5930445792162516,0.6702069396828203,0.6635956369708037,0.0,0.5305083636545722,0.5938008476857788,0.0,0.6596414806910471,0.7818378330841392,0.5759391488685623,0.7592745523616942,0.0,0.4306658153653018,0.6839999166371163,0.7250975060999048,0.6399331232319843,0.7453792774310282,0.8092627887907964,0.7843713091575377,0.6272051225007932,0.49549316444006275,0.6530272820012251,0.0,0.7494538328128597,0.6187003841998134,0.6287078062084822,0.6638475421839002,0.7080305260741,0.5370531602720078,0.0,0.5048928744906946,0.5940258802058388,0.6666757765741476,0.48660674914619273,0.554278458200859,0.4501162741134505,0.0,0.4121753273248742,0.7589160611710244,0.6348754823829557,0.4733879481075198,0.0,0.480214793831717,0.6725564767661092,0.5863189671576433,0.6070518934063265,0.552105266766073,0.7450697394561389,0.3844433002465778,0.674227005417201,0.5869148834022634,0.5175734287620593,0.5868763426735663,0.0,0.7192421231616135,0.6569041885103383,0.9872593942408857,0.4007386568331416,0.6752871031217009,0.5699313894550564,0.6434675886717015,0.9365575781068984,0.6206256212129186,0.5874033356988654,0.6643690040818192,0.5326751141832899,0.5231479671936492,0.6511296409303783,0.5935163610539828
0.6176080848777538,0.5888997133238332,0.0,0.0,0.0,0.0,0.0,0.0,0.0,0.6783252529521839,0.0,0.7050221247231273,0.48456104678742545,0.0,0.5846114552935556,0.5757475892027942,0.7227922606333573,0.7522742824940705,0.0,0.5114742086424876,0.0,0.6280155684239422,0.5088082628085203,0.5741563107651718,0.6812533929153614,0.6196592523801142,0.0,0.3548082390427383,0.5059951123535814,0.0,0.6792196514591338,0.8305898043204049,0.7129395058000774,0.7596998805265758,0.5680443081024554,0.0,0.0,0.44102433028949484,0.7254329565889284,0.7700399713851264,0.6319549002941952,0.49548949559751504,0.5902398316336811,0.43768165260254255,0.6405062119430683,0.565898428524583,0.8510031521311368,0.5669360234131112,0.0,0.5939522164913585,0.5597535541191331,0.4930753930755264,0.5814825906477578,0.3661451169141837,0.5346463629123923,0.3615043397642685,0.6109533195523049,0.6154485386874267,0.5533669758248477,0.36425636845383647,0.7192421231616135,0.0,0.5777890610304379,0.5267463253763662,0.4612680913761883,0.4859263275545813,0.7004448756000599,0.4291561397661541,0.7213427090104945,0.6172654426521759,0.7592352866143579,0.6719279652122448,0.6019696710202348,0.717175926074828,0.5646160779979337,0.5595392578383114
0.8278166717476871,0.8520040630684096,0.0,0.0,0.0,0.6385222483667645,0.5205189864132813,0.6134128803497451,0.0,0.6743319249234768,0.0,0.8185943238388544,0.675440237940032,0.0,0.8072924992896382,0.8428198149998042,0.6844119922936742,0.7811446541721605,0.0,0.4835543113612404,0.5900452067841191,0.747212609111749,0.7528586502952546,0.718464174489782,0.8158430995698541,0.7825145554712611,0.5675024310073995,0.7250064274190525,0.6044786361629954,0.9767872092624261,0.824425968035708,0.7820577923645557,0.7370246094720463,0.7737214480807594,0.7522814406551579,1.0009196011440644,0.0,0.5310633904542197,0.8368693444565597,0.7298152603390177,0.732994067881984,0.79384976354298,0.5757510990429777,0.6374504013504512,0.43398326084948613,0.9390037844345401,0.6588732777419786,0.5063687868648518,0.5093398535948661,0.6631035887530153,0.6835057704331579,0.621627041431357,0.5513154625473127,0.5718430564842216,0.6938755171093982,0.5761139433633415,0.6193038076897851,0.5839485981913107,0.44424995157674757,0.46989481402863065,0.6569041885103383,0.5777890610304379,0.0,0.47855000406172993,0.5944613616453295,0.6664659980363161,0.6535791513850927,0.6826892839376999,0.7911825766330469,0.6016267902592002,0.703689753905036,0.6292260471848959,0.5999480946410787,0.6951738508927149,0.5408219563579328,0.747219007606553
0.0,0.0,0.8404110872116856,0.0,0.45571256638686763,0.6804108972232038,0.661238228124226,0.7815213899636176,0.670356734621404,0.5090306632093273,0.524362036232782,0.3766220978995855,0.6727030726584791,0.47617162537427427,0.0,0.0,0.0,0.0,0.6822076864333382,0.0,0.0,0.0,0.7963052245692104,0.5082922230726349,0.0,0.0,0.7571270802960754,0.6715806189211334,0.46021745495136124,0.9886282749516164,0.6605821761105362,0.4927931624396048,0.9379613450340135,0.6872313627870249,0.3531580493136065,0.542168663753545,0.45851752869495005,0.44252917548739923,0.5024630417304258,0.5750447596159034,0.48221388963293477,0.5142586100033706,0.5618853165284234,0.5319897541626045,0.5594033111063987,0.0,0.477273646372928,0.3988263678107161,0.43181452959819944,0.508033109847073,0.5252787820789196,0.5631131248305685,0.6395749110846903,0.5604803800382492,0.35972778563473584,0.4929044170317289,0.584155756044965,0.581595542330499,0.6350548650487187,0.0,0.9872593942408857,0.5267463253763662,0.47855000406172993,0.0,0.0,0.9351681834204134,0.4366435475933919,0.6978882645501459,0.7292968768827067,0.48695625725680625,0.6057195424143968,0.19325517406461112,0.553773145770234,0.5863717669276356,0.47846254318477455,0.4880030590646673
0.5776346559215333,0.7457477243391357,0.7661101954483832,0.0,0.5913335276869816,0.6515267156586606,0.6920432600468192,0.6284596849388464,0.8100856090999615,0.5088082628085203,0.5552825192628821,0.8633956772086618,0.6111248396829144,0.0,0.7831059185264533,0.6381021174085257,0.0,0.5248111208837616,0.5015226058643625,0.418164097774558,0.5957958452506873,0.6663126064892646,0.5155789518284972,0.4513708361480995,0.7278879637036999,0.5689128784745278,0.5388378373175192,0.5764098810645834,0.45753913395448453,0.565943719223638,0.469192991921897,0.3810177040493639,0.44497317277774784,0.47768502877721275,0.49230035779505166,0.23456190255685178,0.5886723408267123,0.6197589242664718,0.3762284712468563,0.4871047871522901,0.38062670095505957,0.309959350565204,0.5211582275708107,0.4498117437781963,0.713633640885559,0.7040582510075507,0.7584398162010482,0.48671153488083196,0.45978692516795955,0.5286077727175196,0.7167148811881419,0.5764972163986113,0.6611284852054081,0.5860097581799446,0.8904884858320308,0.5047318071608369,0.6730694868995438,0.6845950503778339,0.5064027916383911,0.7266102844797768,0.4007386568331416,0.4612680913761883,0.5944613616453295,0.0,0.0,0.6112446332393928,0.6944707147509738,0.722819494344021,0.8185325761928661,0.5974948792621666,0.6526452568005018,0.6618047756476546,0.7577624402002672,0.4804148428816702,0.7743592661902335,0.6434130970090876
0.35305556726371656,0.895449235732888,0.5345542966771107,0.0,0.5116618806895011,0.5590376043719495,0.6895474645188022,0.6810892501126637,0.6814215321461655,0.5893134782355123,0.0,0.822983939666098,0.7010364890332114,0.0,0.7678522496287534,0.7970889378307512,0.0,0.8198180092188339,0.0,0.5341440654884018,0.9011996163718534,0.7810614443270043,0.500476608751687,0.2965381003811234,0.7037843931629438,0.7710599179161652,0.6862334544423228,0.6331897388049278,0.5673067340044415,0.5987085559652634,0.6315486897539401,0.6342845290678859,0.8543378525447349,0.6518959750441893,0.48024258319666513,0.5198207932981495,0.0,0.0,0.24479668470226248,0.5448396629076768,0.35158207852787615,0.3850926563841117,0.4680802448035343,0.5157140369598167,0.5383622343638449,0.48775940068697987,0.7492429767574497,0.41264964789748143,0.44065719446105783,0.6958278489791828,0.74690845863657,0.57017525213676,0.5264587534740754,0.40948034869031347,0.5259546393886504,0.5338858450596325,0.4723031109779222,0.525997569397716,0.4596046034108065,0.5802645328571792,0.6752871031217009,0.4859263275545813,0.6664659980363161,0.9351681834204134,0.6112446332393928,0.0,0.6667455344789117,0.6404886430472544,0.5472838726652793,0.6915432882331224,0.6056885779870743,0.5910831598421974,0.44664324318739157,0.3895676265492799,0.4353579316379138,0.40916345146482547
0.8332015368203243,0.8696398697723601,0.293559298434002,0.5081801245280773,0.7785980380577706,0.825623321539955,0.8872075504373629,0.5238013933388573,0.9828575751452694,0.3883385216422943,0.5843828763546388,0.5577072510200068,0.812749911399187,0.0,0.8472390365381772,0.7650561974688499,0.561832149339398,0.7309189740233393,0.5074812759116205,0.6397550507121949,0.7729792330981452,0.7919516374140998,0.7447555913481723,0.28796236505717443,0.7977867193850707,0.8072827983480503,0.7484833075289681,0.5968962992639206,0.6020338456895695,0.7291357464786083,0.735255870498149,0.6117821179497471,0.571025630368077,0.6441426321223087,0.7080004620878684,0.6930917965783305,0.6587374734319119,0.6596466142054846,0.3412836198402807,0.44680361114775463,0.4109818357324066,0.3076747628036983,0.49925167120324293,0.3941297287527546,0.4931525403215102,0.6714162542004519,0.6300297720427694,0.4016280049688536,0.4860014528201197,0.4397383118605488,0.7636308784017736,0.7639156164053619,0.6393303102351606,0.5962467794433298,0.8170929605162907,0.0,0.6303474539136271,0.7365678127458917,0.3850119025012485,0.63067552413729,0.5699313894550564,0.7004448756000599,0.6535791513850927,0.4366435475933919,0.6944707147509738,0.6667455344789117,0.0,0.818014428274392,0.8051655605254013,0.6586627090890952,0.5749220222335493,0.6399287542696899,0.7229204788732394,0.6265381485045286,0.5368326794480835,0.4051186401687743
0.46531011126021543,0.6813957833495488,0.6985468074503254,0.680470683063065,0.6086205677199787,0.7800241140899674,0.7162962482904227,0.8021694233749103,0.7092027475400752,0.6260672549606127,0.7117274247035044,0.4970202514656667,0.7538725890617932,0.6500975847164522,0.7321450806927312,0.6614602099130852,0.0,0.8200590290266667,0.6642530165386482,0.4609695430873235,0.7081706432837568,0.687389254631183,0.5151275250649554,0.7321035241448627,0.6218220514649782,0.548387183882946,0.7192746776057022,0.7008549896032976,0.6053204209063299,0.7525615585738592,0.6538322486217281,0.7074531385305884,0.5224176216636871,0.6709916323256977,0.677406459936228,0.7044733894696393,0.576913469998002,0.6435839444432307,0.6044172367410323,0.4301414779983868,0.5656491878995396,0.6124092797912488,0.5118299140208062,0.6786351947906183,0.45893188743522867,0.5841190419848172,0.6137039827187164,0.6405848568779803,0.6613234601710861,0.5504568366462433,0.6589216049977092,0.625027364172677,0.5304161493288345,0.5664038207339309,0.5598847936262101,0.6756860180395415,0.5108446664882141,0.6930993775109899,0.4002726681989984,0.7204394642899071,0.6434675886717015,0.4291561397661541,0.6826892839376999,0.6978882645501459,0.722819494344021,0.6404886430472544,0.818014428274392,0.0,0.54768768920588,0.6062414148972023,0.5686048310477223,0.6879116445120991,0.6349318193033384,0.6560018429285338,0.6665939518426774,0.6308996295791965
0.5027803568265432,0.4942587008543859,0.0,0.0,0.0,0.5460563475783852,0.5068091357381734,0.0,0.4536605449395486,0.4401870094393332,0.0,0.45365725696445774,0.6053679375737462,0.0,0.5060960287150515,0.5290372995075144,0.6330095407531976,0.6328568183901291,0.0,0.0,0.6167285370996903,0.6101962921414653,0.47681958738218566,0.2937741199873915,0.5383809164532019,0.4772135047793411,0.0,0.5146683270160404,0.4808872382031092,0.0,0.5770004104160664,0.3028337371049926,0.5745597066640104,0.42445653522482,0.3831580706087472,0.3752446382914213,0.42465493009734434,0.44585946741931753,0.13005104347984253,0.35696468988487573,0.22072006615356962,0.27210467745999123,0.2859206524589779,0.49670222622876825,0.36530617974405266,0.4059849200411574,0.4141570060764446,0.1415228127950517,0.0824315744918207,0.6522623474610753,0.45810424750459144,0.6689737147906087,0.5413542391907411,0.49964271787348313,0.5646286726968354,0.562774194331994,0.6139242029388186,0.6147734420423486,0.6046341622945207,0.7843696726736165,0.9365575781068984,0.7213427090104945,0.7911825766330469,0.7292968768827067,0.8185325761928661,0.5472838726652793,0.8051655605254013,0.54768768920588,0.0,0.7475457429108204,0.4253851713277772,0.8191547563312388,0.5914864918773673,0.7454603168543222,0.4029386494391133,0.6528067958704241
0.7676918931730266,0.8175239288635214,0.5895813615206429,0.0,0.502227156217943,0.6597675028022285,0.6962591520798904,0.5576807678812115,0.5181151337658668,0.688016524022832,0.0,0.731699573039688,0.6975752754223203,0.0,0.6833387353108901,0.8513551087028162,0.776686378372913,0.7951749671433969,0.0,0.6172099705052507,0.5153779088007836,0.6986577462052275,0.7214068199447162,0.6868439691442533,0.8238805325408101,0.7800578261460059,0.7159679984682457,0.7859480021951025,0.7338002187652941,0.4430367256060653,0.75500355045634,0.7873472450850744,0.7907749761600582,0.7752594551410946,0.7380398015733818,0.41278925522687937,0.0,0.5147173829807852,0.767659239375258,0.6448478110308493,0.6911134999904114,0.7206283844723345,0.6844888773771344,0.6671328581915426,0.5777550315269039,0.8510610972273829,0.6523819470751999,0.6430527289127616,0.0,0.4960700904893859,0.6641557893314043,0.6734805743985627,0.6983117224922418,0.5651737539238751,0.6349722911176092,0.5381132060825502,0.7248004233935417,0.6124933654359161,0.6443485187803174,0.6870780749394608,0.6206256212129186,0.6172654426521759,0.6016267902592002,0.48695625725680625,0.5974948792621666,0.6915432882331224,0.6586627090890952,0.6062414148972023,0.7475457429108204,0.0,0.5710215686877689,0.6378625732976266,0.6393586723207934,0.6683370407314811,0.47311843609051424,0.7558201950252923
0.6652205973057924,0.8181599721920289,0.6469317408940285,0.0,0.6437353995883783,0.6989121964897964,0.8262157869891866,0.4509465010397742,0.46767209704726626,0.6122041577101835,0.9664474915426979,0.6179405175003093,0.7451984152826914,0.0,0.6324248174498552,0.817058138640743,0.708163715936518,0.7782795668441366,0.0,0.414494475547155,0.672174276167383,0.6841151835924493,0.56365361022967,0.5564596268729514,0.7653453687557267,0.666541562691691,0.5695300406070417,0.5911633591566479,0.60855472190316,0.5045946136670941,0.6710845604331287,0.6125252719571954,0.6290200752897902,0.6541154257010936,0.5407464143833802,0.41432484378877,0.5163250422570227,0.4571551329244622,0.5206658046800795,0.5982922892110765,0.3857630115619971,0.399521657160562,0.5927091690388924,0.6536379079296195,0.48859821448082347,0.6674397537809414,0.6373889761928617,0.4642085350206409,0.6559277523693172,0.4869853880787023,0.6004854638354761,0.5939765669417562,0.6119049872891885,0.5465030287649872,0.5741163629246783,0.5178244617275535,0.44499350652233305,0.5405648687955008,0.5438570998090041,0.5330962705170209,0.5874033356988654,0.7592352866143579,0.703689753905036,0.6057195424143968,0.6526452568005018,0.6056885779870743,0.5749220222335493,0.5686048310477223,0.4253851713277772,0.5710215686877689,0.0,0.5463887615945381,0.49761107544640737,0.611352900073438,0.5711244311859661,0.5151283528150857
0.5636472309444074,0.7230930099972521,0.6549073887484657,0.5677502026626315,0.49410231115045655,0.8080201511618155,0.7237565835158597,0.7975802553723645,0.6810196646530735,0.6362883233283563,0.6828413497480431,0.4817833542116304,0.7822953296899972,0.4870630172537784,0.5814299511669545,0.6513319209381522,0.0,0.4307783327885254,0.639331996500251,0.4050616085490917,0.5882484023374817,0.7087729633756826,0.6821911538884836,0.4526120154001299,0.5970696929084728,0.6668662822551322,0.7810672581515683,0.7312506964864723,0.6040563976973713,0.7387066560808986,0.7184426836491752,0.7006294878267406,0.38498710902077665,0.6814699918895689,0.6943064548664333,0.4549524574142309,0.7254277585356345,0.7883834919231453,0.5775615214069639,0.38202259347673584,0.5025690541062434,0.5696012995600697,0.49481925473177446,0.5754587262943868,0.6400261553308128,0.6915899346173993,0.5891199454421512,0.3157891221119092,0.6378468483688914,0.5636965358193811,0.6208791699287728,0.5809665884910086,0.6368607931927971,0.3089540560755253,0.6184553225875102,0.3593298766198485,0.5464842659139875,0.6317191405801513,0.47441424982970587,0.6477236805587697,0.6643690040818192,0.6719279652122448,0.6292260471848959,0.19325517406461112,0.6618047756476546,0.5910831598421974,0.6399287542696899,0.6879116445120991,0.8191547563312388,0.6378625732976266,0.5463887615945381,0.0,0.5896107184011956,0.6853005686759696,0.6834302506315281,0.593031800989267
0.4629358633870264,0.825621440211982,0.6151760156667563,0.46604648541398536,0.36811899680413246,0.6600818579404288,0.6434513339926532,0.6276155891503438,0.6074286207655711,0.5076597828023472,0.5814250812353039,0.680759921277664,0.6831195633222321,0.801428516573136,0.4001332526080742,0.4977954678187235,0.5040627213120139,0.6084933209607519,0.5716178497109826,0.3733867876972195,0.5287636340251255,0.6635560598517494,0.5521712866448163,0.681740212401618,0.7070435199693635,0.6968461048080081,0.6595714845649748,0.6595696769306038,0.5218006401951018,0.6141465373260483,0.5830101369301658,0.5008126944204443,0.6529822192366395,0.4172850500016907,0.5463056330944748,0.6567337115039948,0.44329478232639186,0.4108558258948368,0.5577505905885477,0.7033274173800224,0.5980904012883804,0.6680542032423017,0.536813979092945,0.5827040069418133,0.7037980248727074,0.59931474568228,0.5443261986216413,0.49108101225015577,0.793204563682796,0.4664270612251603,0.5769356849777687,0.5933357259053245,0.5017344836461002,0.5677173987495059,0.5750236126376688,0.6014156605906643,0.7499823377751066,0.6715646937033276,0.6550155221094867,0.4267408525108354,0.5326751141832899,0.6019696710202348,0.5999480946410787,0.553773145770234,0.7577624402002672,0.44664324318739157,0.7229204788732394,0.6349318193033384,0.5914864918773673,0.6393586723207934,0.49761107544640737,0.5896107184011956,0.0,0.5622273832068032,0.542405071210517,0.7360878103105748
0.6949552943528383,0.8224897561321182,0.6537550112353946,0.6590466826412944,0.49850147194391115,0.7132996079945996,0.5821719156613261,0.6721112714694122,0.6922577980663506,0.4222150019987886,0.030583761316429647,0.8718627945518923,0.6175520756327174,0.0,0.31739140347785433,0.7388148581430724,0.4989595771959968,0.629611566127256,0.41465696742676755,0.2879472284799438,0.5440186543013142,0.6065237629666351,0.5771484845528482,0.888090067734344,0.6451175935594367,0.7478321304027002,0.625854615262297,0.5502804449049492,0.4216146198352798,0.4760007503083997,0.5836279587945234,0.44119088121304356,0.3541054349316117,0.4847439311446191,0.38031717520491415,0.45785113218587953,0.641607971507851,0.49707863224601717,0.4863977821734694,0.6003323378723482,0.3491777142625866,0.33296015742651497,0.5823189347127183,0.5818052069764221,0.6305750434656657,0.6680082460329152,0.7081276721658276,0.5742585606007449,0.6478642349138553,0.6762512145630362,0.7038893841827698,0.6668583325689048,0.6716790361785154,0.7050153917921829,0.7233763017701469,0.5928297885259293,0.7690309653884994,0.5809923938404883,0.2985862810958716,0.5220361731649851,0.5231479671936492,0.717175926074828,0.6951738508927149,0.5863717669276356,0.4804148428816702,0.3895676265492799,0.6265381485045286,0.6560018429285338,0.7454603168543222,0.6683370407314811,0.611352900073438,0.6853005686759696,0.5622273832068032,0.0,0.4952505371095363,0.5380856385208757
0.0,0.0,0.5861980072595911,0.0,0.0,0.5867953166609126,0.7039746385143346,0.5243441451396141,0.6108120170356699,0.0,0.0,0.0,0.48609788134625664,0.0,0.148693024748213,0.0,0.0,0.0,0.4872533065496463,0.5752445344090551,0.4154313183225924,0.6564570411199318,0.6003446596529884,0.0,0.0,0.5019565615960201,0.5668986260526974,0.49858775893718493,0.4299928226277209,0.6073707424684255,0.36719482868576525,0.4781391475203113,0.0,0.5599752539494257,0.456181553168271,0.27067745178670266,0.0,0.0,0.6450872358706089,0.48834078578030515,0.5032466267630175,0.6357773114850405,0.3912748169617901,0.6587030339403749,0.5245081153005038,0.3978853739573339,0.5807880803551854,0.27478536784630747,0.5869847854063845,0.2809597528561158,0.6286922138771417,0.5147518537923581,0.49723011648449483,0.45345072053054747,0.5253160508695912,0.6720863893689821,0.7597294867191411,0.54258540959596,0.4493788506811214,0.5213257519803207,0.6511296409303783,0.5646160779979337,0.5408219563579328,0.47846254318477455,0.7743592661902335,0.4353579316379138,0.5368326794480835,0.6665939518426774,0.4029386494391133,0.47311843609051424,0.5711244311859661,0.6834302506315281,0.542405071210517,0.4952505371095363,0.0,0.6760285046654486
0.5959687608913186,0.9035673459760812,0.44302320875706613,0.0,0.6111409318173979,0.6373376783372681,0.5662450407364029,0.5198702217374966,0.720952155332259,0.7018474828387521,0.767945036050397,0.7484866123044724,0.6252181978810368,0.0,0.45264452659845567,0.7106589081874874,0.8466873441121364,0.788443340825681,0.5465341739640007,0.35788617132139655,0.11176396341251787,0.7741190335042529,0.6081514160881324,0.582264255916208,0.7705977514465815,0.729078141359748,0.6308495026793681,0.5960840247079746,0.41869914585301904,0.5649541949502719,0.6201205864940048,0.6302433917285601,0.520723389643101,0.6230622750505779,0.7316146928716711,0.48673133872248364,0.5236650746579027,0.5414814974260265,0.5443456618324644,0.4639718174885383,0.2873240196634229,0.4950870630648002,0.6954902482486457,0.6443963704698165,0.4534803992813571,0.7439664919756445,0.4528796890260576,0.4652628056543104,0.6859495441734179,0.7004275352666999,0.6036983180107446,0.7566306395363775,0.5053517522639407,0.5123048788730085,0.5046528498494409,0.4997865896539622,0.6612366678829071,0.8122122100756092,0.6088373261345573,0.3672060188718289,0.5935163610539828,0.5595392578383114,0.747219007606553,0.4880030590646673,0.6434130970090876,0.40916345146482547,0.4051186401687743,0.6308996295791965,0.6528067958704241,0.7558201950252923,0.5151283528150857,0.593031800989267,0.7360878103105748,0.5380856385208757,0.6760285046654486,0.0
