0.0,0.5940128339729198,0.11651755611005926,0.0,0.514643551367171,0.4407715165700211,0.43442647058555506,0.684195407487252,0.47985500803173736,0.6037712070687691,0.3592568518733156,0.6511435544812243,0.5806869257204522,0.437894063849655,0.3663899977295474,0.6997987944896865,0.279081628891233,0.42346328522945076,0.0,0.5007328501446893,0.5289233557276218,0.5035799032044453,0.519578394362291,0.745313731923548,0.37771712308098715,0.5893352343517698,0.46458199579182047,0.42179564364841127,0.4749820628571719,0.4274724276755836,0.564150722259786,0.5656787235152375,0.42618190174265513,0.4917495714203761,0.37929577695484373,0.5485239131039719,0.5178207161940288,0.427509115166079,0.46399384753964634,0.4231863197226202,0.3394672815645873,0.5420493144745502,0.4998378398841596,0.0,0.4006056213691289,0.4389475306302793,0.588886059551008,0.0,0.0,0.0,0.5233782458228031,0.0,0.5412903368276821,0.0,0.26263556399944915,0.0,0.41799800619177624,0.6914567618607368,0.0,0.5703686984178946,0.5096488534105498,0.3082566823757608,0.5118962397206406,0.0,0.48108065377192183,0.4495021107163953,0.5412789075852866,0.533617743120828,0.6363509920442518,0.5785208772130577,0.4837174140110038,0.5207656660844872,0.4678914816988004,0.5873752291491026,0.0,0.48728528021191714
0.5940128339729198,0.0,0.5654529351778447,0.42888208926933324,0.4599412305667061,0.4528524738864641,0.5255881697404522,0.7293871101100365,0.413838845670596,0.4636013275842495,0.38471652887192037,0.4885571553759175,0.5538450791628393,0.3433767209605429,0.46380903311450006,0.5443877895971415,0.5124271507943409,0.5577035284439579,0.5590781997081258,0.5919971078982461,0.5064627969629443,0.6483568161962303,0.5498118712137703,0.504164439391359,0.3303272388271529,0.4767861895585798,0.4415698943532988,0.6089708626875783,0.5013799655406206,0.4989907225369614,0.6129067457638376,0.46717511641288784,0.34104132739152604,0.5475259793188882,0.5090569541626665,0.5350044254723414,0.0,0.0,0.46747103960756786,0.6093394704882998,0.43620385480386703,0.584261866410334,0.511743324198289,0.0,0.0,0.5175543277530704,0.5884904588410722,0.0,0.0,0.0,0.5739665096423193,0.5887989461619036,0.5631648941264881,0.6671869808606549,0.5477098677756145,0.0,0.37874863776692375,0.6252024992628649,0.0,0.5795115144382921,0.5751304073167273,0.43464997486518203,0.614333226133218,0.0,0.5286938456761819,0.5718860073374106,0.6125259522850391,0.5245077951331867,0.3753862589704587,0.633830291567443,0.5458672165367281,0.49887983732511004,0.5997179780629344,0.618337624837053,0.0,0.6139809399524249
0.11651755611005926,0.5654529351778447,0.0,0.36610127940919623,0.5172005221967582,0.4558888246898076,0.5601792444873426,0.5546458597863396,0.4764872811665175,0.6252801589260458,0.4863024272425675,0.6569334495041358,0.6214363352597934,0.3130872906475038,0.24577007271765722,0.46494584816867013,0.54077801311464,0.5575369571208982,0.552997753260484,0.3877353240460388,0.43965041875923383,0.5667067576079787,0.48544379420152695,0.4282316090224749,0.5770187877673552,0.47638202546839686,0.43570038716146986,0.6842501728512055,0.5851456634730968,0.7106276418570497,0.6712791251021556,0.5948609220965463,0.3952484241929043,0.6592426297760937,0.5605792504721129,0.4876396522184654,0.5746073150946087,0.5488536043656979,0.6860043581145713,0.5089892739498894,0.46455084768483434,0.22994302279706547,0.6803581349263329,0.6464149109940199,0.0,0.0,0.42589111150249304,0.49948817807878826,0.5023769912197544,0.4903439768521197,0.5732383629651692,0.5882152714651268,0.6257345764164413,0.716492153918,0.4483043151043888,0.5198127494868441,0.5779918164229172,0.5519832244517843,0.5582865958463634,0.3852976464833678,0.0,0.0,0.0,0.4784653770958836,0.5237327886669114,0.5220291272159224,0.27443430858497997,0.6086032356121625,0.0,0.5855952378069255,0.402570568205301,0.629872827127526,0.5675748397918975,0.596934848535578,0.5544093456001715,0.45543585130149133
0.0,0.42888208926933324,0.36610127940919623,0.0,0.2975897252251849,0.4807834427469049,0.4667708108983539,0.5283728840042017,0.6196618850363517,0.24893596701536463,0.28728304945987815,0.4337563548736253,0.5330980769393882,0.4416340775702122,0.5714213909660589,0.30343586411429435,0.5005984343156361,0.49919129786801886,0.3987299935499752,0.48176465210610336,0.480814178807877,0.485069623861089,0.38786496376533997,0.41382196936447146,0.8464181352210827,0.5264807195777966,0.5676703491625277,0.3150016117553508,0.4117646783714288,0.7356977426342961,0.5605119317898737,0.19582492718489888,0.23673079525563778,0.27763550253847014,0.2950481685946058,0.3508136502530831,0.30962303646637634,0.4417331170661136,0.41587077244310766,0.4082664322764103,0.4905081332025835,0.3698065901016175,0.40727997353451206,0.3544904595583316,0.0,0.0,0.0,0.4593540356006822,0.0,0.0,0.6023402145212359,0.0,0.49866133087324654,0.3581982166489837,0.0,0.28105355534259857,0.6452167141871848,0.4912953991619927,0.0,0.0,0.0,0.0,0.0,0.0,0.0,0.0,0.5008414653292759,0.5374898823220521,0.0,0.0,0.0,0.47095306948375465,0.4826689411302091,0.6569442131568884,0.0,0.0
0.514643551367171,0.4599412305667061,0.5172005221967582,0.2975897252251849,0.0,0.4134647824287116,0.3663631743688778,0.5151611962564665,0.4074820764459851,0.7015844973248235,0.38190503488160127,0.6452954409647707,0.7100035612791591,0.24465168555248337,0.4192913802232944,0.6046250394386111,0.5556525055257507,0.3117679138703644,0.4978088687492232,0.5205381794585968,0.5286366237045548,0.5160446003042901,0.44656699296586483,0.6267999863758847,0.4510673846013896,0.4904950430736548,0.425976442385836,0.7216557437376631,0.5718401305885967,0.44431856511504253,0.6057230644497174,0.3046255597041751,0.47632795062468714,0.6385619826248244,0.35818090366137456,0.39219576236354575,0.6202026567001028,0.5552809205940057,0.6685177086077971,0.8083392237307259,0.6490900261857334,0.5915045524457008,0.6425682221139,0.6756842788078872,0.394921443556149,0.0,0.2745677274334859,0.6735759203468568,0.0,0.5855546286794888,0.5785696886057957,0.6032019028889678,0.45189910963432467,0.6384967932069441,0.0,0.4833548085782871,0.29390041544494716,0.6159678327641228,0.361253578971521,0.38454779476054957,0.49035945304296685,0.0,0.0,0.6466651839731452,0.4382982899929172,0.5149352054522977,0.535315095616787,0.6085874637372994,0.0,0.5087914776457484,0.6575228161683832,0.55340005760085,0.5619806488026948,0.4030081426020206,0.0,0.523362875015514
0.4407715165700211,0.4528524738864641,0.4558888246898076,0.4807834427469049,0.4134647824287116,0.0,0.467197374970073,0.40845662017748346,0.3838248605633954,0.6341462363549661,0.5030800195000499,0.7361478005818063,0.3957672200636555,0.31542552594114315,0.6002260513266037,0.6141093343692587,0.46044841012769183,0.5679753035337234,0.7326345078572298,0.45267184735701643,0.50818892032745,0.4376107833338582,0.41034532377786026,0.4165764801561421,0.419477462679916,0.6011836518655208,0.4933675815479968,0.5776609480863936,0.48157099239967266,0.633340425824492,0.5382466980387748,0.42583522581907546,0.6229156397830862,0.5443193347721057,0.4186100070461194,0.6343879856669397,0.5688852287922267,0.5202444691843163,0.5017078320231996,0.337897337164164,0.3707117516375842,0.30059476127512297,0.6351070336156548,0.6081701754183527,0.21614830519368788,0.5373960361742094,0.531879344575967,0.5450505342719545,0.6669975153164487,0.4408960877697293,0.5263266066104766,0.5259698268680829,0.5023891650870003,0.6010334550747635,0.5988770410664902,0.4669748318174745,0.43568919527526195,0.5058776071071122,0.6253179908645088,0.44850286159626596,0.6341795587551624,0.0,0.5823727104150707,0.48085103826327746,0.4551575732027455,0.32839735661556796,0.5321961086876495,0.5043749725114667,0.535053300058657,0.6136483864645365,0.5093933039702541,0.5026155334457512,0.4787736908967178,0.5441701019543962,0.4660391420093974,0.4737051645243956
0.43442647058555506,0.5255881697404522,0.5601792444873426,0.4667708108983539,0.3663631743688778,0.467197374970073,0.0,0.44879123198793797,0.5702032183065524,0.6328974365574591,0.4892171161657336,0.6019170243594961,0.6136796374294573,0.3845531110753132,0.6534958177665214,0.6183765355964614,0.469952911111276,0.5492431856466443,0.5298760762956406,0.5529337378527751,0.46946598223558417,0.5318516415547041,0.4860413921833342,0.7027502509842508,0.48243976031980373,0.6066435131477148,0.41478301764354997,0.7489996942419823,0.5448137789368436,0.5049832664238463,0.6290667287531041,0.41840817613792747,0.5878596609468967,0.4625564635596912,0.23384503938135462,0.568963345130888,0.6671924383080345,0.6795492004595195,0.6729182875214517,0.30290243933907524,0.6366866707832574,0.6597201817523863,0.6101795527891122,0.7808438717934799,0.3629689282697155,0.0,0.5744139987963592,0.4748158163312074,0.0,0.5797235166825017,0.5430667897346184,0.5695699531031432,0.4698215043655812,0.6551355747307014,0.6119841380132539,0.43011043210022126,0.9899793486112689,0.45645289038833375,0.4321008376013433,0.3365353328348383,0.5022648872958171,0.0,0.5333635398921341,0.6037780422605175,0.6411532662418296,0.4682247819045561,0.6418111462824256,0.5119236017206366,0.4965415622434883,0.6315668169316938,0.5649236093330593,0.4977599934589721,0.5199053951510165,0.4973966530364344,0.6596528162474075,0.5219598703976632
0.684195407487252,0.7293871101100365,0.5546458597863396,0.5283728840042017,0.5151611962564665,0.40845662017748346,0.44879123198793797,0.0,0.6146191408133995,0.6625813304367514,0.5190402057944518,0.7284779093207984,0.48890926588826417,0.6601680825956753,0.47622996563727515,0.7346687510396976,0.42397433016948755,0.6643133983445555,0.46766290176593,0.4599273214951982,0.658714197548562,0.5012781805662161,0.41928620894918667,0.5264660732651253,0.7045384210059266,0.637453916883423,0.41068497285012784,0.495684215834455,0.4737347480553386,0.5080791873804842,0.5335813060704414,0.5300152941571581,0.5082598919060801,0.4628804044818537,0.2875255131263068,0.694551477907454,0.5920072852985357,0.36481628944041145,0.4707696964276772,0.5352102813200992,0.33503554886484316,0.5043569969644517,0.61551156154721,0.5466113687635794,0.0,0.5036181917823143,0.3261222280924833,0.6531543999460546,0.0,0.6278396489039191,0.5667976857660788,0.4891638182878223,0.6120234537720408,0.6111588741846589,0.68177091801237,0.5288971105560303,0.994684640276834,0.4252388182425809,0.6305976064983883,0.6053054729856966,0.3157236292751723,0.0,0.6039198374398057,0.5869923730262747,0.6578904686454918,0.592890653629961,0.4302311522761983,0.5906079203512477,0.0,0.3400038602931257,0.3505377081041374,0.5880177636787667,0.46321909438548603,0.4839343123483556,0.40707407536988816,0.3676660640351308
0.47985500803173736,0.413838845670596,0.4764872811665175,0.6196618850363517,0.4074820764459851,0.3838248605633954,0.5702032183065524,0.6146191408133995,0.0,0.6613022333545141,0.47326272573926037,0.6331855861179134,0.6869109643851949,0.42546440712800904,0.8072145033774265,0.7059342826252064,0.5114498101719713,0.7028537172686115,0.38857066369081433,0.5599650847716938,0.38509072527705923,0.5244736439101433,0.5095543174498404,0.648599098827564,0.43519482040601354,0.6946463860643244,0.42598120185509125,0.6570966230991715,0.4590228128711166,0.7041368514596553,0.654287859996382,0.6258363831993847,0.6069126797276528,0.6735485011971709,0.598157779462737,0.5770817763891581,0.6242664560532021,0.7114619555282676,0.4553163716912868,0.5421632065792826,0.26712362010674146,0.1730773174853041,0.66479486485995,0.4705626042771258,0.28436667829637385,0.0,0.4437249849991368,0.6372195355066943,0.49989019681847957,0.7501009001877226,0.676624084968602,0.6952300336371132,0.6809532827502405,0.6027907292446031,0.4277429380303767,0.6352557617811772,0.35703902175786095,0.49733394317519564,0.6240265422828145,0.499815637543614,0.5405155564384486,0.0,0.0,0.5492693822916104,0.7014341036962435,0.6620430505357863,0.6135153302354582,0.6425547600691494,0.4484873217782815,0.5013896239479818,0.16360241973080153,0.6153215792896883,0.5034320460057828,0.6301711486385712,0.3812285347014077,0.6273318632728548
0.6037712070687691,0.4636013275842495,0.6252801589260458,0.24893596701536463,0.7015844973248235,0.6341462363549661,0.6328974365574591,0.6625813304367514,0.6613022333545141,0.0,0.6238163970974755,0.452925692173215,0.6561246227354846,0.6331952145854693,0.6322389079432758,0.2479467087808673,0.6188914758433796,0.36820404655596867,0.5847153907377898,0.4341784179046856,0.6694823137245407,0.5081240763086865,0.6162703383981186,0.3984929924997329,0.6175777043707978,0.589942309453549,0.5035135928231884,0.7547049432011986,0.3998880009264456,0.3752487025884507,0.6526522435123979,0.4743924014115342,0.528304730194221,0.6225861698931309,0.6755499853510909,0.6815468013677799,0.6433575447801607,0.48335161143255606,0.4413885678745783,0.2656552794711743,0.5063034464942306,0.5452429712526208,0.5479572641327783,0.3279874185722534,0.3773600352841364,0.47376210835954313,0.5300363863421595,0.3884017806153807,0.5019749185385028,-0.02126370035211561,0.10969569419142639,0.3617216457360824,0.7118241030342153,0.2922235938863026,0.34403077215613487,0.3424035463600986,0.3347353342507109,0.5710546732511949,0.0,0.6502674041176021,0.43943837682004827,0.38321854136798317,0.43588122221418907,0.8266848014419163,0.5012955008185788,0.622658868015944,0.5396106452139053,0.6027185923834195,0.22447106563628896,0.3715821393930062,0.3789246894064198,0.5564375450567198,0.5146922197442219,0.44998411625778584,0.0,0.5083858251375477
0.3592568518733156,0.38471652887192037,0.4863024272425675,0.28728304945987815,0.38190503488160127,0.5030800195000499,0.4892171161657336,0.5190402057944518,0.47326272573926037,0.6238163970974755,0.0,0.5302956699971538,0.5304466865792898,0.44168464494598514,0.0,0.5225888834150201,0.5421204685176841,0.524807592286118,0.3169944833387406,0.4906198370019619,0.38255389947966245,0.44685971441123956,0.38129603346723356,0.5889179586278241,0.505984275422812,0.5598263505667389,0.5213255999020754,0.5203292165213289,0.36741568495899535,0.5041886752741281,0.5386724326334529,0.39567995584125815,0.4952078666126279,0.571270578488442,0.4318133752050428,0.5542680057053821,0.5687523188978406,0.5648550837691119,0.6171376903246065,0.4251599637892135,0.6458199641667701,0.4701579949804972,0.598808123924342,0.5764016024277046,0.23868662380020764,0.0,0.0,0.5056550939577488,0.5019658941170931,0.37814241635417767,0.5303402215026396,0.2847487030886573,0.5377178449173399,0.7173358972923372,0.344162989590031,0.3776401492302237,0.360225866636114,0.3105087819274421,0.5159498913363311,0.0,0.0,0.0,0.0,0.2666024512795159,0.3331802925340596,0.0,0.5680040007174355,0.3769812215175018,0.0,0.0,0.9766927081729515,0.4633230938930106,0.31474759344007086,0.22119227285153498,0.0,0.5115853494958263
0.6511435544812243,0.4885571553759175,0.6569334495041358,0.4337563548736253,0.6452954409647707,0.7361478005818063,0.6019170243594961,0.7284779093207984,0.6331855861179134,0.452925692173215,0.5302956699971538,0.0,0.7120414649762395,0.4704363613532791,0.5699830513920755,0.5949898165656079,0.6722909762061409,0.6279567662397092,0.685528911662706,0.5917111630692461,0.6549046073667816,0.3787338062289054,0.6544825075944497,0.42229418697573623,0.5887101613051362,0.5162922522697637,0.5427138079644148,0.8105656831609535,0.6315744178188085,0.23516781259303932,0.6732088124551665,0.3114580523687411,0.5439816382233217,0.6717362513558667,0.6047483092509118,0.36369794745008416,0.6009418101633268,0.3685946644505594,0.8680053679061113,0.3532882888277734,0.5507525122718858,0.5496332472595482,0.3666921057090061,0.35638487838295174,0.4058733702272226,0.3221571876688208,0.5050781315698273,0.27900624418644304,0.2384648057716911,0.3225312000791904,0.3177263384276569,0.4803331308516168,0.3889185159741026,0.7397251179399007,0.37261609438996934,0.2950027975823269,0.46920572860381926,0.5592381344487249,0.5864775193688785,0.564217824642478,0.4184320081203365,0.33271009900973936,0.4921306895086508,0.32885374836716913,0.7670795394798658,0.8277005274961348,0.4393864591851017,0.4135256229929645,0.19979833624930216,0.3856996793174771,0.3879408987760934,0.3060717534771126,0.6484259566681952,0.5579792820302972,0.0,0.5791860026637883
0.5806869257204522,0.5538450791628393,0.6214363352597934,0.5330980769393882,0.7100035612791591,0.3957672200636555,0.6136796374294573,0.48890926588826417,0.6869109643851949,0.6561246227354846,0.5304466865792898,0.7120414649762395,0.0,0.47351225804340163,0.5745361339954429,0.6070534892855384,0.5282194892430961,0.5889893078536559,0.5883711405355383,0.5897203098523066,0.4791826958043361,0.5297077027271891,0.5157292711436986,0.5875917346865267,0.5537168423688821,0.6111458668250255,0.48646775459170233,0.5025094016539973,0.48835205224041145,0.3099947495242639,0.49571255752398047,0.4351727258654642,0.474966687385362,0.4969037892950057,0.3996645909367684,0.49289882535714236,0.5710638405336963,0.630384329175423,0.5667020285674588,0.5440956341462975,0.4681977746794414,0.767956298956689,0.6586246568419953,0.41365155900498324,0.4830898450034912,0.6316814155780202,0.6751190106719244,0.6243713281922356,0.0,0.6412841582296666,0.548788942520823,0.545824420500424,0.49552953240646247,0.6635168234860767,0.5077938599769645,0.5150750856707239,0.6050318853390576,0.5542915283239155,0.4590543708135631,0.46891912617733983,0.5128794873521716,0.43617721336517956,0.5436200258573344,0.5761293359466801,0.5187641595309032,0.5217770078883938,0.6348586481217414,0.554566204663275,0.5160740159310034,0.5444157461263582,0.5419324489553571,0.5598066170087834,0.5804729184536861,0.5559643592763018,0.48590504798069695,0.5442332581195719
0.437894063849655,0.3433767209605429,0.3130872906475038,0.4416340775702122,0.24465168555248337,0.31542552594114315,0.3845531110753132,0.6601680825956753,0.42546440712800904,0.6331952145854693,0.44168464494598514,0.4704363613532791,0.47351225804340163,0.0,0.3653957524964232,0.5510699035757484,0.5115250093822995,0.5044939299595633,0.3641237867264576,0.3532319497740274,0.41070540899040575,0.22097435025064582,0.34703110511967966,0.5247384126302362,0.46023454806882347,0.347159641869594,0.34351072566291446,0.27689038682544487,0.2704012947966871,0.5602272320573826,0.5125399061064035,0.13816926314178624,0.44452289875081485,0.5691397323398915,0.4002386982480738,0.08139037191026183,0.3106228271058319,0.46512008284924444,0.6955216847130408,0.0,0.6630496959475439,0.7147835636578035,0.7496077268909496,0.5023700164292839,0.0,0.0,0.0,0.5537881083892128,0.0,0.5275323745594749,0.4795402193365959,0.5066896232416259,0.6048669055403946,0.3904088869967151,0.0,0.5353389300729537,0.3957521810910433,0.7225226327416777,0.3845021760461587,0.0,0.0,0.0,0.0,0.21212670586824484,0.0,0.0,0.0,0.6227907694504844,0.0,0.0,0.0,0.4995516961076048,0.5724660194407297,0.0,0.0,0.0
0.3663899977295474,0.46380903311450006,0.24577007271765722,0.5714213909660589,0.4192913802232944,0.6002260513266037,0.6534958177665214,0.47622996563727515,0.8072145033774265,0.6322389079432758,0.0,0.5699830513920755,0.5745361339954429,0.3653957524964232,0.0,0.5481233787856775,0.3652785772301215,0.41059916043558564,0.0,0.7534008844473629,0.5735624155722214,0.6229364072659249,0.6390627182268579,0.5332668396534257,0.3921729906310314,0.538816460310659,0.6505734091877603,0.4800184579529057,0.49468483089130094,0.3288697787079575,0.48745290458240265,0.310430639083361,0.46454364189198794,0.41837690091507435,0.41743503529521586,0.5743439854986687,0.4755846707790178,0.4063398901543471,0.37415310715030137,0.5124171163779946,0.5041531621093368,0.4780126170287517,0.6457713518341488,0.40806780553676536,0.0,0.5629420755031219,0.6689812177025516,0.40371905997355095,0.0,0.0,0.4277859867612445,0.6562693067820549,0.5568025335943314,0.602281825384271,0.0,0.0,0.47271332720335296,0.4989336443956921,0.5028939546347897,0.632632229150603,0.59071019242548,0.5757872350112665,0.6750167029727001,0.0,0.5730916892994216,0.5379308330529832,0.7479530850000494,0.7030063830236803,0.497050660162543,0.5892085677178929,0.5335609173621431,0.49085274640495835,0.5351689528235539,0.5043690195469006,0.3809332710930205,0.42505097775055145
0.6997987944896865,0.5443877895971415,0.46494584816867013,0.30343586411429435,0.6046250394386111,0.6141093343692587,0.6183765355964614,0.7346687510396976,0.7059342826252064,0.2479467087808673,0.5225888834150201,0.5949898165656079,0.6070534892855384,0.5510699035757484,0.5481233787856775,0.0,0.38300925390572993,0.5318151510067186,0.48971375948888873,0.3978116825808411,0.5758517859079633,0.6269893075607118,0.6758693482247851,0.5282607555552299,0.49030767406444287,0.5998027517585361,0.6000366449580419,0.5737576330518507,0.5426296377466608,0.4614438875014601,0.6645384340289748,0.4221317400632342,0.28823598632458713,0.40459533669425807,0.4188165528740895,0.6280026467983837,0.4342222484410363,0.49101941310067493,0.597113816694088,0.48092448881525285,0.5182069148336745,0.6344143180628073,0.4985339204822791,0.0,0.0,0.3351545897256703,0.7103340784815901,0.0,0.0,0.0,0.6429001174356813,0.7093526878544766,0.7334110205180983,0.0,0.5413469465240024,0.0,0.39145839676232674,0.6732694823278479,0.0,0.5267418393914919,0.6101051241197584,0.4204530803783043,0.5467189942138173,0.0,0.4886361946355754,0.49316523780444865,0.6003968627482547,0.6988987392984993,0.15470301253330887,0.6512023210218072,0.6174859300447149,0.6528677652166665,0.4583091710995604,0.5886096555834951,0.0,0.4877975700862683
0.279081628891233,0.5124271507943409,0.54077801311464,0.5005984343156361,0.5556525055257507,0.46044841012769183,0.469952911111276,0.42397433016948755,0.5114498101719713,0.6188914758433796,0.5421204685176841,0.6722909762061409,0.5282194892430961,0.5115250093822995,0.3652785772301215,0.38300925390572993,0.0,0.6615777957469587,0.6649352442805601,0.23085499098484588,0.4330029801096596,0.4813521662298891,0.30055555359126906,0.5318424625052595,0.5913911899778228,0.4453483861146847,0.4857442321453974,0.7388080238154532,0.3173562101574591,0.4538825600329711,0.6703182598307946,0.5855073862368999,0.5728504687541566,0.6581744302004076,0.6722781777366912,0.5926644033918398,0.3849444326239142,0.48240384138686293,0.5707670255879418,0.43636825846180505,0.4146005635051654,0.6134322846063794,0.0,0.0,0.44863908698264676,0.668551054984797,0.49809948947036087,0.0,0.0,0.0,0.0,0.0,0.0,0.0,0.36257280320634544,0.0,0.34114595029716444,0.4198403712776363,0.0,0.6114076610039378,0.31447881708493125,0.3605603692053064,0.3233442578609921,0.0,0.0,0.0,0.658949532103703,0.0,0.3872976612383291,0.431152009603741,0.41566590235332335,0.0,0.31275909840636074,0.5031134516695657,0.0,0.5443878814819592
0.42346328522945076,0.5577035284439579,0.5575369571208982,0.49919129786801886,0.3117679138703644,0.5679753035337234,0.5492431856466443,0.6643133983445555,0.7028537172686115,0.36820404655596867,0.524807592286118,0.6279567662397092,0.5889893078536559,0.5044939299595633,0.41059916043558564,0.5318151510067186,0.6615777957469587,0.0,0.49812250605415503,0.41814017789870017,0.6281158450453098,0.5010247153703935,0.6258221502545126,0.4596248789846388,0.46166511570849544,0.42862401430199526,0.6071109391708813,0.4931136167645093,0.4915156158907477,0.4245606928260793,0.5314848279931633,0.46925201092442875,0.46677368712271616,0.6031962161095411,0.4616052778793464,0.48663701958308164,0.42607283368984034,0.31849319877533666,0.565182549966656,0.4430806417939378,0.41658684464908535,0.5200689586701757,0.0,0.0,0.4127149485787168,0.3488041427300353,0.6286014993682649,0.0,0.0,0.0,0.5256476486016554,0.5308119699281604,0.6269842161975312,0.0,0.4047254831583413,0.0,0.3580718755179316,0.4946144832846824,0.0,0.5013570971246998,0.4715069295468405,0.4684506389594663,0.4244210744201424,0.0,0.3377654366873971,0.595968137133148,0.47265016449003017,0.7723878995031204,0.23233654046413416,0.4561435072831257,0.4439685704571695,0.5523867262131189,0.6180186477058418,0.4691757981049915,0.0,0.5454934857797712
0.0,0.5590781997081258,0.552997753260484,0.3987299935499752,0.4978088687492232,0.7326345078572298,0.5298760762956406,0.46766290176593,0.38857066369081433,0.5847153907377898,0.3169944833387406,0.685528911662706,0.5883711405355383,0.3641237867264576,0.0,0.48971375948888873,0.6649352442805601,0.49812250605415503,0.0,0.5324212533344638,0.5704742335462134,0.5535367263089009,0.23273724521280678,0.5330711192607025,0.47514329620345747,0.5335375262559445,0.663897262471653,0.6296844294621092,0.5010791108497744,0.6090492525926587,0.6088610548305319,0.5476294899128734,0.5704965363087824,0.6303095604501892,0.49880024607577006,0.44521263452017196,0.48063494162400827,0.4863439134438547,0.654269245235932,0.4804128091619785,0.3313667697126329,0.3098014421937735,0.6570904009202332,0.5704131375893677,0.0,0.0,0.0,0.4473237507728931,0.0,0.44329326813179865,0.5318842908851074,0.5788610267749031,0.49166991020683304,0.653370990878668,0.6518596312691605,0.6624855105899128,0.5187116370233228,0.6035333279237323,0.41516724375678843,0.0,0.0,0.0,0.0,0.6372192970739544,0.5013348169933262,0.0,0.513578137765299,0.5809592624157831,0.0,0.0,0.0,0.5653693052746026,0.6509020037345684,0.36193497879219944,0.5001500520324085,0.7244170089493104
0.5007328501446893,0.5919971078982461,0.3877353240460388,0.48176465210610336,0.5205381794585968,0.45267184735701643,0.5529337378527751,0.4599273214951982,0.5599650847716938,0.4341784179046856,0.4906198370019619,0.5917111630692461,0.5897203098523066,0.3532319497740274,0.7534008844473629,0.3978116825808411,0.23085499098484588,0.41814017789870017,0.5324212533344638,0.0,0.5469394911135345,0.614327102265971,0.5799176975803907,0.6222487477178703,0.4358716773076474,0.5736237887185391,0.5927601575132383,0.6903419302987581,0.5027145695876172,0.7106745214708536,0.49870975833915787,0.3488766462218664,0.30852627382374376,0.45485281169220515,0.4874248499501237,0.6838600873125211,0.6516689482655944,0.8872244094720947,0.5007546175458586,0.5436227034893352,0.5534843079334794,0.385104901862127,0.6633148886281108,0.037635858446728454,0.36399496045063395,0.6734117190090108,0.6769925130874759,0.5229496584490645,0.0,0.0,0.416833015386596,0.4884907799157204,0.648389371717888,0.5594854857292089,0.8301344879601115,0.0,0.45876624678197697,0.5121310291410173,0.0,0.5995569906096068,0.4302236886975706,0.49901933268137766,0.6315150822452541,0.0,0.47009402424485464,0.4816048540233015,0.6308754057926937,0.5206858169062807,0.0,0.30215496792962204,0.5694749640804665,0.4919367672563312,0.44437583020513605,0.5034074605221167,0.45710625864643917,0.4349136690437292
0.5289233557276218,0.5064627969629443,0.43965041875923383,0.480814178807877,0.5286366237045548,0.50818892032745,0.46946598223558417,0.658714197548562,0.38509072527705923,0.6694823137245407,0.38255389947966245,0.6549046073667816,0.4791826958043361,0.41070540899040575,0.5735624155722214,0.5758517859079633,0.4330029801096596,0.6281158450453098,0.5704742335462134,0.5469394911135345,0.0,0.4332028142886438,0.4471667008417263,0.5216366861315875,0.5630640321353418,0.6794866508424483,0.46623464512854784,0.4529791977749994,0.37849423253724784,0.4166160805395194,0.5131260967226743,0.2897347843698773,0.44040331684595757,0.4406807784392641,0.4501158308693662,0.6437863711178311,0.4081262704155678,0.42520147627672955,0.3803704977028761,0.3756894025605212,0.4516078033666566,0.4093038736666369,0.45702972137956327,0.0,0.0,0.6905466853269496,0.532104365183914,0.5147955757225441,0.0,0.0,0.4487821732184166,0.4620064621086061,0.6570415978966557,0.6861550462935176,0.6336641677572816,0.0,0.8308555802826054,0.39932045962166884,0.0,0.4796123365878764,0.6026095441115563,0.0,0.4962067558020843,0.0,0.4307858653294047,0.5146470465896499,0.5590747798116741,0.4504259125860894,0.5814079715617178,0.42072233713198565,0.5567280524983149,0.4502132049400926,0.5022920854663225,0.4961305501199883,0.33960091369447665,0.3086862972879811
0.5035799032044453,0.6483568161962303,0.5667067576079787,0.485069623861089,0.5160446003042901,0.4376107833338582,0.5318516415547041,0.5012781805662161,0.5244736439101433,0.5081240763086865,0.44685971441123956,0.3787338062289054,0.5297077027271891,0.22097435025064582,0.6229364072659249,0.6269893075607118,0.4813521662298891,0.5010247153703935,0.5535367263089009,0.614327102265971,0.4332028142886438,0.0,0.7052398788025984,0.5771093394696603,0.5785413611412448,0.6125563340941808,0.47909146011797044,0.6795340057211473,0.43929714794662633,0.5842803060644242,0.5193009420176845,0.40053215442999107,0.4518785605267006,0.5106803503876001,0.4862231654198158,0.529782790469849,0.707131270497248,0.5697074663753613,0.5718823562930886,0.5904813298517126,0.537660333752341,0.6089940680441508,0.7121828472786134,0.30930313435148066,0.4264806978546602,0.4992917092997409,0.6743293250061398,0.5862008032840541,0.5019667992222357,0.4212285073074283,0.5824600880088378,0.6115357651445923,0.5538691133684444,0.6916305515791537,0.4187375412285887,0.0,0.5148323302918429,0.6025877904909571,0.0,0.6793653105924352,0.5615545641120245,0.48451867120829145,0.526764726327272,0.0,0.4929582534254971,0.5202218936414111,0.6609741596546113,0.5573724707932124,0.5560784725958497,0.4690783912755012,0.5807025654617707,0.45545403021387854,0.5799495530863794,0.5245567585393125,0.44506108225434987,0.5892975685088289
0.519578394362291,0.5498118712137703,0.48544379420152695,0.38786496376533997,0.44656699296586483,0.41034532377786026,0.4860413921833342,0.41928620894918667,0.5095543174498404,0.6162703383981186,0.38129603346723356,0.6544825075944497,0.5157292711436986,0.34703110511967966,0.6390627182268579,0.6758693482247851,0.30055555359126906,0.6258221502545126,0.23273724521280678,0.5799176975803907,0.4471667008417263,0.7052398788025984,0.0,0.4980348617556765,0.6402926922268442,0.5254640998576041,0.3091736965748193,0.4704028964047703,0.49963192238961635,0.47309928528364725,0.46565954773086504,0.4182117698921858,0.4104031804577891,0.4721053784524907,0.4686675712334378,0.5194390792326296,0.5625462032448995,0.3245945203035596,0.5103853035632602,0.5640145722099447,0.5179665649275115,0.48121946092628154,0.6461125485967142,0.6238456091157624,0.47045405214546326,0.4211573361770379,0.6738669731410797,0.6969657797620604,0.332270175868159,0.6422425228454716,0.5387240760742588,0.5505875888892904,0.4772717832932748,0.662713407732126,0.5217887602730797,0.650860618570126,0.2765663955041127,0.4599199591934818,0.6175097510295394,0.5449034857640358,0.6932161503038605,0.5012955008185784,0.6068787780742154,0.6691181714457306,0.5060147911672381,0.6054791049811865,0.5235006442098395,0.6884243230262163,0.375321385551407,0.6314821118535425,0.5550288689530256,0.48164674732081986,0.45866736098763866,0.5483764538673106,0.5373429514437742,0.52189489877519
0.745313731923548,0.504164439391359,0.4282316090224749,0.41382196936447146,0.6267999863758847,0.4165764801561421,0.7027502509842508,0.5264660732651253,0.648599098827564,0.3984929924997329,0.5889179586278241,0.42229418697573623,0.5875917346865267,0.5247384126302362,0.5332668396534257,0.5282607555552299,0.5318424625052595,0.4596248789846388,0.5330711192607025,0.6222487477178703,0.5216366861315875,0.5771093394696603,0.4980348617556765,0.0,0.5182556754929407,0.3803967443853349,0.3601279056140593,0.7187256290184708,0.6508615798058998,0.7406899917228571,0.6747292455295782,0.3619490678778746,0.48012494505034925,0.43506122182642554,0.5568985732552793,0.3582072808344216,0.5145020945726155,0.5212168880272682,0.7648099710832044,0.5874523890295513,0.5404767943185689,0.7040910431542442,0.6375079307000439,0.3814839133656726,0.5478675780529227,0.4063562380736329,0.5200764215860695,0.0,0.0,0.5024938312794864,0.5325483981961553,0.41120228598751013,0.0,0.3342833945700135,0.4184905369013474,0.5244444981986173,0.37579476139180346,0.4867683689556633,0.0,0.38334474335191643,0.47526810729190766,0.2712738445310955,0.4263820471248617,0.5001112907665701,0.43775780842025747,0.5340800736712278,0.3399149070462595,0.6972570239778968,0.3432685840379211,0.40506389765435424,0.40543088700474794,0.4144427249005645,0.6886547252155889,0.6631891618280568,0.0,0.5447045786855538
0.37771712308098715,0.3303272388271529,0.5770187877673552,0.8464181352210827,0.4510673846013896,0.419477462679916,0.48243976031980373,0.7045384210059266,0.43519482040601354,0.6175777043707978,0.505984275422812,0.5887101613051362,0.5537168423688821,0.46023454806882347,0.3921729906310314,0.49030767406444287,0.5913911899778228,0.46166511570849544,0.47514329620345747,0.4358716773076474,0.5630640321353418,0.5785413611412448,0.6402926922268442,0.5182556754929407,0.0,0.32701604110153965,0.4479723580695846,0.5078864743673724,0.41535907010377365,0.4026842186319512,0.5805648589858982,0.3139858854858234,0.47185661430487025,0.4891226784626578,0.4703208838446277,0.38936366854240856,0.6306804947402979,0.36064189668092406,0.5724416904225501,0.5057363947190882,0.46725935162544174,0.5669374138601783,0.328559820276052,0.0,0.4734479542149856,0.3828962967977358,0.67319621736019,0.0,0.0,0.0,0.5564322661814727,0.376648206248205,0.5153970983946701,0.4500264562855939,0.3761812975441521,0.4986771637774369,0.4108774490015189,0.4257167246882755,0.0,0.5001065028745737,0.5348193487843846,0.3929447795547132,0.4860434286312745,0.0,0.5963163777550142,0.5074087993737264,0.5548619956662079,0.3779246337206885,0.24043386199508027,0.5221290775586369,0.4396980847753884,0.46270384595079284,0.5882773136311658,0.42500108418587074,0.0,0.5000335934267615
0.5893352343517698,0.4767861895585798,0.47638202546839686,0.5264807195777966,0.4904950430736548,0.6011836518655208,0.6066435131477148,0.637453916883423,0.6946463860643244,0.589942309453549,0.5598263505667389,0.5162922522697637,0.6111458668250255,0.347159641869594,0.538816460310659,0.5998027517585361,0.4453483861146847,0.42862401430199526,0.5335375262559445,0.5736237887185391,0.6794866508424483,0.6125563340941808,0.5254640998576041,0.3803967443853349,0.32701604110153965,0.0,0.5752083544999261,0.6081863779399165,0.6175848452571913,0.24016202826013938,0.5135836547951055,0.5203145572487842,0.46262905115726805,0.4934190886625973,0.47923164281819397,0.4376323459779568,0.41054602720465216,0.4725003833687003,0.5482661108244847,0.42347850250188024,0.5106883724610352,0.43557178936952673,0.2961402264661501,0.5379717442908839,0.40885554364075566,0.40100119556530245,0.6787467051744848,0.7179636858154685,0.0,0.0,0.5926358408245832,0.4877722137077753,0.5928348257026961,0.5524501271917219,0.32729870329167715,0.0,0.4096997444409127,0.6963601065377316,0.0,0.5306525729415292,0.5795240381672824,0.33418208990063425,0.41050507590845275,0.0,0.4667087653477281,0.6196427774168384,0.6797575772348631,0.4963489996975621,0.29874364368239653,0.45940669832226055,0.4571110244746938,0.5135358260303242,0.5895719487323244,0.6163163510550024,0.5022300188234813,0.5068479549078603
0.46458199579182047,0.4415698943532988,0.43570038716146986,0.5676703491625277,0.425976442385836,0.4933675815479968,0.41478301764354997,0.41068497285012784,0.42598120185509125,0.5035135928231884,0.5213255999020754,0.5427138079644148,0.48646775459170233,0.34351072566291446,0.6505734091877603,0.6000366449580419,0.4857442321453974,0.6071109391708813,0.663897262471653,0.5927601575132383,0.46623464512854784,0.47909146011797044,0.3091736965748193,0.3601279056140593,0.4479723580695846,0.5752083544999261,0.0,0.5061486285845113,0.4550078695272494,0.4564466907447395,0.41367273837672075,0.35580273657906636,0.351846315045785,0.4615048556734365,0.42145152987389356,0.46145586183385995,0.5589568291593443,0.43472639175273464,0.4873158097007665,0.5171688469832482,0.5105149775193144,0.17857248361181416,0.6129823469576401,0.6215521692845665,0.33444280635010176,0.4500278338078604,0.4812656502078987,0.5706851283744813,0.4066207224086977,0.4809365021762546,0.5139319026103711,0.4860982381549133,0.46542831795409484,0.5872623911973031,0.5062161279377362,0.5635523963553053,0.24405099094196744,0.4834205281646293,0.6462151338336983,0.4462830242027148,0.6829166885435649,0.0,0.4667262396889686,0.6188153196053802,0.45533760596237427,0.5119771123402072,0.4332290891534453,0.46528696995114005,0.0,0.6104233935930605,0.4346169847866151,0.478652417676916,0.4871496387811143,0.49867151941267496,0.4053518766717037,0.45484679833575703
0.42179564364841127,0.6089708626875783,0.6842501728512055,0.3150016117553508,0.7216557437376631,0.5776609480863936,0.7489996942419823,0.495684215834455,0.6570966230991715,0.7547049432011986,0.5203292165213289,0.8105656831609535,0.5025094016539973,0.27689038682544487,0.4800184579529057,0.5737576330518507,0.7388080238154532,0.4931136167645093,0.6296844294621092,0.6903419302987581,0.4529791977749994,0.6795340057211473,0.4704028964047703,0.7187256290184708,0.5078864743673724,0.6081863779399165,0.5061486285845113,0.0,0.5157108173851991,0.4686709525209965,0.5721486401317372,0.5495127980926953,0.6892466423905106,0.4309977768611463,0.4991193338143388,0.3701302416580954,0.5517905687328593,0.8054898849328715,0.6958113363146825,0.41336851492818544,0.773134614248004,0.43808383023635283,0.6225127362875114,0.777800116150998,0.6184077273627633,0.597141543635353,0.5666836617085658,0.6021884763196841,0.0,0.6300869073603204,0.5908306194845175,0.5345512127132895,0.5018820263928684,0.6507241840572988,0.7052160729626474,0.4632308759353832,0.426124382684955,0.5308251181737674,0.43215257683674724,0.5365277815061528,0.387899289100856,0.3589165079478714,0.39706532925499105,0.6394950618691067,0.5600286742053102,0.590791082339911,0.5305468380170291,0.5579858548313802,0.5611186816569558,0.5098245794325018,0.3912849279207712,0.5549814718714561,0.5817665242526543,0.5719957313676338,0.6107387392570058,0.5641904194851554
0.4749820628571719,0.5013799655406206,0.5851456634730968,0.4117646783714288,0.5718401305885967,0.48157099239967266,0.5448137789368436,0.4737347480553386,0.4590228128711166,0.3998880009264456,0.36741568495899535,0.6315744178188085,0.48835205224041145,0.2704012947966871,0.49468483089130094,0.5426296377466608,0.3173562101574591,0.4915156158907477,0.5010791108497744,0.5027145695876172,0.37849423253724784,0.43929714794662633,0.49963192238961635,0.6508615798058998,0.41535907010377365,0.6175848452571913,0.4550078695272494,0.5157108173851991,0.0,0.4883515607397688,0.47457569975556463,0.36064699245285303,0.3800748669864925,0.4570131812486006,0.4150968296372143,0.5415146097239365,0.565417369737749,0.5212453959413652,0.44154234090402655,0.44242384241237664,0.5041795461824045,0.459748483947139,0.4985787534327592,0.5406279217431447,0.4793182895752738,0.504233491999775,0.463252987287548,0.5236499681708144,0.49530690993032356,0.45555733576242796,0.5186288358302191,0.5092017139685113,0.531571829897194,0.5190755534363285,0.6656635143645748,0.35086974323062137,0.4755853783004177,0.4519638191503135,0.6050312441468514,0.4476914094032862,0.578921898477932,0.5042931715300611,0.4681243060822784,0.5745702981410334,0.47275803075509015,0.5017311989494635,0.4888551127206857,0.5070953066547813,0.4943962828563508,0.5533073959532928,0.528987468633388,0.48370680947650396,0.4993954092616615,0.4693015596877951,0.4066534539757577,0.45482342234547224
0.4274724276755836,0.4989907225369614,0.7106276418570497,0.7356977426342961,0.44431856511504253,0.633340425824492,0.5049832664238463,0.5080791873804842,0.7041368514596553,0.3752487025884507,0.5041886752741281,0.23516781259303932,0.3099947495242639,0.5602272320573826,0.3288697787079575,0.4614438875014601,0.4538825600329711,0.4245606928260793,0.6090492525926587,0.7106745214708536,0.4166160805395194,0.5842803060644242,0.47309928528364725,0.7406899917228571,0.4026842186319512,0.24016202826013938,0.4564466907447395,0.4686709525209965,0.4883515607397688,0.0,0.7282875373191882,0.6103903585075142,0.629768557410094,0.6206518041003696,0.4069082806921821,0.5595099425479112,0.3265039041420402,0.4501929994351537,0.563820987230903,0.48697099915858766,0.8242396482915956,0.4629189876141715,0.6321010051468188,0.2892962391320606,0.0,0.0,0.0,0.11796911213907561,0.0,0.0,0.576827280751756,0.5172235199991585,0.5909139238667138,0.7120514010292763,0.5154095609471866,0.0,0.0,0.39007173946396506,0.0,0.4451142548754672,0.0,0.0,0.995701161728234,0.9835071338429839,0.7245698108943106,0.5062761681783804,0.6104354764033061,0.5687421567377491,0.0,0.44938086799282384,0.5011849704021638,0.5899799635183222,0.5691364522667545,0.5470743408398778,0.4548339901178435,0.3846181163627793
0.564150722259786,0.6129067457638376,0.6712791251021556,0.5605119317898737,0.6057230644497174,0.5382466980387748,0.6290667287531041,0.5335813060704414,0.654287859996382,0.6526522435123979,0.5386724326334529,0.6732088124551665,0.49571255752398047,0.5125399061064035,0.48745290458240265,0.6645384340289748,0.6703182598307946,0.5314848279931633,0.6088610548305319,0.49870975833915787,0.5131260967226743,0.5193009420176845,0.46565954773086504,0.6747292455295782,0.5805648589858982,0.5135836547951055,0.41367273837672075,0.5721486401317372,0.47457569975556463,0.7282875373191882,0.0,0.3481234825379799,0.5587989507499929,0.5038951661124853,0.5475720404893812,0.7270296355960737,0.6869962153861326,0.4424190970305767,0.6208173987255943,0.644092846971956,0.568885668950254,0.6371015037533262,0.49411009175840725,0.4032285602024659,0.5359404606457719,0.43617628570414313,0.6007592693599451,0.6184316863676517,0.0,0.40986202659518556,0.5137957045950964,0.6244612578645905,0.2314998308065621,0.6596851619130112,0.4577526797749635,0.6333605940212531,0.48909884877566145,0.5372402868479531,0.0,0.5591879541433019,0.5834021520858618,0.47477857253745936,0.5200893669138605,0.607262865253738,0.42972271460054895,0.4387216539007314,0.591788725114277,0.5007413567460848,0.5003588884723766,0.543810212404534,0.48505755988110894,0.5091379716452417,0.4950078790211902,0.5287973777262339,0.2699434106006118,0.3431826178291688
0.5656787235152375,0.46717511641288784,0.5948609220965463,0.19582492718489888,0.3046255597041751,0.42583522581907546,0.41840817613792747,0.5300152941571581,0.6258363831993847,0.4743924014115342,0.39567995584125815,0.3114580523687411,0.4351727258654642,0.13816926314178624,0.310430639083361,0.4221317400632342,0.5855073862368999,0.46925201092442875,0.5476294899128734,0.3488766462218664,0.2897347843698773,0.40053215442999107,0.4182117698921858,0.3619490678778746,0.3139858854858234,0.5203145572487842,0.35580273657906636,0.5495127980926953,0.36064699245285303,0.6103903585075142,0.3481234825379799,0.0,0.39064072853026316,0.41935070288299436,0.295989159616945,0.5179867935167255,0.4589972000912767,0.4423344452470989,0.3230149268322488,0.3043668603344347,0.2566233395354684,0.11998836487187525,0.32231418017443547,0.2318840973719139,0.49603209703082146,0.3573853490443213,0.5132587589797253,0.5266369144947184,0.4372035871822599,0.6431665928287088,0.5480876562307303,0.4305170663240153,0.5432493191784987,0.5676454293796636,0.5305514259700539,0.542568910573335,0.13211585372217868,0.4155401777949589,0.620041595863347,0.475872693554212,0.48235983039083613,0.5776244484420104,0.5037462645511835,0.48785705530793355,0.4220014258752383,0.34973396258922507,0.49800829874514535,0.5172931817985948,0.725648024314135,0.5448990393734228,0.47256119870024343,0.5148818484725535,0.5730902713681766,0.4674962739240227,0.4601835261317832,0.5687982535584876
0.42618190174265513,0.34104132739152604,0.3952484241929043,0.23673079525563778,0.47632795062468714,0.6229156397830862,0.5878596609468967,0.5082598919060801,0.6069126797276528,0.528304730194221,0.4952078666126279,0.5439816382233217,0.474966687385362,0.44452289875081485,0.46454364189198794,0.28823598632458713,0.5728504687541566,0.46677368712271616,0.5704965363087824,0.30852627382374376,0.44040331684595757,0.4518785605267006,0.4104031804577891,0.48012494505034925,0.47185661430487025,0.46262905115726805,0.351846315045785,0.6892466423905106,0.3800748669864925,0.629768557410094,0.5587989507499929,0.39064072853026316,0.0,0.5655905954021123,0.5201342181300082,0.5880758613939003,0.5553909798060519,0.15958583334485701,0.5836187435457542,0.3179095637384547,0.4831437752259724,0.5141897161162657,0.40853249020466953,0.2610858954944549,0.36043927215708477,0.3848797955848071,0.5630973341805094,0.6237950770972929,0.0,0.49654156224348867,0.7205540696434141,0.5437858898852265,0.341075861899321,0.5800228651403957,0.30214817570911723,0.40437486740322265,0.35668024923875863,0.49563013771271447,0.0,0.4868216479808648,0.46210737000356283,0.5586853183236866,0.4097537090143232,0.9530284841792348,0.44505296903575803,0.28677405408098244,0.6696725330925098,0.5613897085644721,0.45532713057468405,0.5699477382797553,0.4714309990955943,0.3417219978199211,0.9400776313305796,0.41007904917196236,0.0,0.47787173196971083
0.4917495714203761,0.5475259793188882,0.6592426297760937,0.27763550253847014,0.6385619826248244,0.5443193347721057,0.4625564635596912,0.4628804044818537,0.6735485011971709,0.6225861698931309,0.571270578488442,0.6717362513558667,0.4969037892950057,0.5691397323398915,0.41837690091507435,0.40459533669425807,0.6581744302004076,0.6031962161095411,0.6303095604501892,0.45485281169220515,0.4406807784392641,0.5106803503876001,0.4721053784524907,0.43506122182642554,0.4891226784626578,0.4934190886625973,0.4615048556734365,0.4309977768611463,0.4570131812486006,0.6206518041003696,0.5038951661124853,0.41935070288299436,0.5655905954021123,0.0,0.38303830847566367,0.6611410075290273,0.714326043452437,0.3291055794606806,0.5316848392700195,0.41035466866710935,0.49295007406755825,0.3914250091345544,0.44165888982342794,0.17228144251702326,0.42110273566570117,0.44230645420297565,0.5846866918507242,0.6199527582439631,0.476460238224665,0.6871371667006416,0.4954892970300719,0.345891876920403,0.6574321501319517,0.5201059819866329,0.5276391553619162,0.3724304058279627,0.44603659058290746,0.2574134119220788,0.370286433665237,0.5244543634525151,0.5324607443970011,0.4229073025279325,0.4869338541511279,0.5605445152645478,0.4255932297617905,0.37036386043912767,0.5478019760442792,0.534624206097776,0.4031751503768697,0.5135533571110144,0.4360713329403949,0.5257274714761477,0.4257299112230428,0.5044165862289661,0.45054507548020856,0.379492763513332
0.37929577695484373,0.5090569541626665,0.5605792504721129,0.2950481685946058,0.35818090366137456,0.4186100070461194,0.23384503938135462,0.2875255131263068,0.598157779462737,0.6755499853510909,0.4318133752050428,0.6047483092509118,0.3996645909367684,0.4002386982480738,0.41743503529521586,0.4188165528740895,0.6722781777366912,0.4616052778793464,0.49880024607577006,0.4874248499501237,0.4501158308693662,0.4862231654198158,0.4686675712334378,0.5568985732552793,0.4703208838446277,0.47923164281819397,0.42145152987389356,0.4991193338143388,0.4150968296372143,0.4069082806921821,0.5475720404893812,0.295989159616945,0.5201342181300082,0.38303830847566367,0.0,0.4815229373336043,0.5983761944034351,0.743405498823566,0.2603116742746579,0.2591226403396114,0.34262194058106316,0.2326869348614615,0.263742801816272,0.5678981321823531,0.43027594909978795,0.3064521498598759,0.47768510167984546,0.3428182584637568,0.2923427116039067,0.5755197733813319,0.4077819357495021,0.4688509830657858,0.49927113135619494,0.24988768891675467,0.47867907882106886,0.47940909938160736,0.3213989905621049,0.28798952117748583,0.6350036985621743,0.5512119296389238,0.4347660685778996,0.2757068132800859,0.4021087267974816,0.3196146773115611,0.49124485980635146,0.4834057426602034,0.5658590589225256,0.45785246549089564,0.40472534172057534,0.47843835851162775,0.4340889749202578,0.31441676414314346,0.35326721332006766,0.49614877094000753,0.3200109085017549,0.6978368271842784
0.5485239131039719,0.5350044254723414,0.4876396522184654,0.3508136502530831,0.39219576236354575,0.6343879856669397,0.568963345130888,0.694551477907454,0.5770817763891581,0.6815468013677799,0.5542680057053821,0.36369794745008416,0.49289882535714236,0.08139037191026183,0.5743439854986687,0.6280026467983837,0.5926644033918398,0.48663701958308164,0.44521263452017196,0.6838600873125211,0.6437863711178311,0.529782790469849,0.5194390792326296,0.3582072808344216,0.38936366854240856,0.4376323459779568,0.46145586183385995,0.3701302416580954,0.5415146097239365,0.5595099425479112,0.7270296355960737,0.5179867935167255,0.5880758613939003,0.6611410075290273,0.4815229373336043,0.0,0.4464682000861521,0.6012482756423385,0.07919668817710956,0.3242963283547866,0.3974174147105646,0.25265545182324806,0.5665600184914131,0.2765991026864878,0.5741511556691157,0.0,0.4210402008336282,0.6910807190837599,0.37453374130868866,0.683684671396839,0.5420370644830895,0.7493517527609058,0.6315024082667592,0.7560775846722907,0.9279665594334683,0.6866165860309739,0.26318704631729106,0.5369357010806938,0.5597029596944145,0.6728893629684811,0.5184580743338363,0.0,0.9954456829883259,0.500536359374078,0.524625446170519,0.5127673237526372,0.6726679617979014,0.7161861911253274,0.4100486286384912,0.4020743195816379,0.318411729688728,0.5259110418093971,0.7335381321070752,0.6308676973247246,0.34986938358634373,0.6934152089281115
0.5178207161940288,0.0,0.5746073150946087,0.30962303646637634,0.6202026567001028,0.5688852287922267,0.6671924383080345,0.5920072852985357,0.6242664560532021,0.6433575447801607,0.5687523188978406,0.6009418101633268,0.5710638405336963,0.3106228271058319,0.4755846707790178,0.4342222484410363,0.3849444326239142,0.42607283368984034,0.48063494162400827,0.6516689482655944,0.4081262704155678,0.707131270497248,0.5625462032448995,0.5145020945726155,0.6306804947402979,0.41054602720465216,0.5589568291593443,0.5517905687328593,0.565417369737749,0.3265039041420402,0.6869962153861326,0.4589972000912767,0.5553909798060519,0.714326043452437,0.5983761944034351,0.4464682000861521,0.0,0.6619194977038709,0.27298062372216636,0.3567298644533228,0.3392557046621175,0.3674479027007537,0.3003251125831353,0.6719858127795706,0.31864204024243675,0.0,0.0,0.36420036868531586,0.4718527880954282,0.0,0.6432965615471763,0.6710411613493676,0.5004959768770617,0.2713755851227436,0.3853262616056791,0.5503063034192629,0.505124216664863,0.4135819600210502,0.0,0.4774819987360762,0.0,0.0,0.0,0.42786497749744623,0.07986973960745564,0.0,0.6640707554362149,0.47340778117798876,0.40829110375897176,0.0,0.5140980880301869,0.40959737626275267,0.5902385344612024,0.6209225619583529,0.0,0.34103429659459683
0.427509115166079,0.0,0.5488536043656979,0.4417331170661136,0.5552809205940057,0.5202444691843163,0.6795492004595195,0.36481628944041145,0.7114619555282676,0.48335161143255606,0.5648550837691119,0.3685946644505594,0.630384329175423,0.46512008284924444,0.4063398901543471,0.49101941310067493,0.48240384138686293,0.31849319877533666,0.4863439134438547,0.8872244094720947,0.42520147627672955,0.5697074663753613,0.3245945203035596,0.5212168880272682,0.36064189668092406,0.4725003833687003,0.43472639175273464,0.8054898849328715,0.5212453959413652,0.4501929994351537,0.4424190970305767,0.4423344452470989,0.15958583334485701,0.3291055794606806,0.743405498823566,0.6012482756423385,0.6619194977038709,0.0,0.518674819155571,0.48509701851618553,0.39552244988082,0.44957568756234867,0.3460213915723454,0.1964729315802533,0.43992123868895894,0.43298191809571857,0.0,0.5723792998572199,0.0,0.5598938796214556,0.5430617646322441,0.41659109429763486,0.0,0.4420768759582679,0.44048800995520737,0.35607536535965717,0.43047605602377104,0.48152461913672384,0.0,0.5120723903917952,0.5035173466005339,0.5032945569565012,0.4036267788240707,0.4079013116484821,0.612062795386674,0.0,0.6556769681326933,0.4938561862263363,0.40238543800521637,0.40649339000409906,0.4237761479810848,0.701819609886427,0.5638357459860683,0.5067671479488343,0.0,0.29869562454722676
0.46399384753964634,0.46747103960756786,0.6860043581145713,0.41587077244310766,0.6685177086077971,0.5017078320231996,0.6729182875214517,0.4707696964276772,0.4553163716912868,0.4413885678745783,0.6171376903246065,0.8680053679061113,0.5667020285674588,0.6955216847130408,0.37415310715030137,0.597113816694088,0.5707670255879418,0.565182549966656,0.654269245235932,0.5007546175458586,0.3803704977028761,0.5718823562930886,0.5103853035632602,0.7648099710832044,0.5724416904225501,0.5482661108244847,0.4873158097007665,0.6958113363146825,0.44154234090402655,0.563820987230903,0.6208173987255943,0.3230149268322488,0.5836187435457542,0.5316848392700195,0.2603116742746579,0.07919668817710956,0.27298062372216636,0.518674819155571,0.0,0.6294352119761071,0.4386890167594159,0.35863930006910144,0.37447908745808806,0.4908482255372249,0.3852000826252626,0.6245746429295934,0.5039636769151933,0.4158025229303792,0.285547484204111,0.6419956573580919,0.4129315682098061,0.22037131063630794,0.573616762868752,0.4625230024875472,0.37123257990926356,0.5167778729648531,0.2824870678953828,0.40123260260940896,0.35487394049452475,0.3227440685258972,0.5317999150354971,0.6291407721081267,0.6875718056923797,0.3719429002585556,0.4492807176579039,0.309269701912957,0.4399335563414409,0.3926093903428517,0.15873634195122904,0.5878195903568594,0.5390479074988063,0.44157811384237977,0.3766439501637179,0.5960227422229607,0.35406685956740114,0.4677854155787507
0.4231863197226202,0.6093394704882998,0.5089892739498894,0.4082664322764103,0.8083392237307259,0.337897337164164,0.30290243933907524,0.5352102813200992,0.5421632065792826,0.2656552794711743,0.4251599637892135,0.3532882888277734,0.5440956341462975,0.0,0.5124171163779946,0.48092448881525285,0.43636825846180505,0.4430806417939378,0.4804128091619785,0.5436227034893352,0.3756894025605212,0.5904813298517126,0.5640145722099447,0.5874523890295513,0.5057363947190882,0.42347850250188024,0.5171688469832482,0.41336851492818544,0.44242384241237664,0.48697099915858766,0.644092846971956,0.3043668603344347,0.3179095637384547,0.41035466866710935,0.2591226403396114,0.3242963283547866,0.3567298644533228,0.48509701851618553,0.6294352119761071,0.0,0.3386206021913781,0.807441724301108,0.5115576000416807,0.5383549741297099,0.27001585703454095,0.7357692848283738,0.4078319042939056,0.52018171909182,0.3545182656054294,0.5340117513035012,0.46230020246985737,0.5779608980092197,0.47126594846529163,0.5927995761098989,0.5196631480130741,0.4822425124356165,0.468051438764926,0.5218929192558959,0.5171030891166787,0.5068795140843679,0.451559921884748,0.668140220022007,0.6191488438481678,0.5294264384303717,0.4776962974459578,0.4063238263893201,0.4218191504593675,0.40200896377327044,0.5122254782768392,0.46072055196426126,0.4478708817490441,0.2835922340455045,0.7080989491629992,0.43921140140489956,0.4331223270410674,0.4224257385144554
0.3394672815645873,0.43620385480386703,0.46455084768483434,0.4905081332025835,0.6490900261857334,0.3707117516375842,0.6366866707832574,0.33503554886484316,0.26712362010674146,0.5063034464942306,0.6458199641667701,0.5507525122718858,0.4681977746794414,0.6630496959475439,0.5041531621093368,0.5182069148336745,0.4146005635051654,0.41658684464908535,0.3313667697126329,0.5534843079334794,0.4516078033666566,0.537660333752341,0.5179665649275115,0.5404767943185689,0.46725935162544174,0.5106883724610352,0.5105149775193144,0.773134614248004,0.5041795461824045,0.8242396482915956,0.568885668950254,0.2566233395354684,0.4831437752259724,0.49295007406755825,0.34262194058106316,0.3974174147105646,0.3392557046621175,0.39552244988082,0.4386890167594159,0.3386206021913781,0.0,0.51749435223008,0.5590379580002695,0.5720453163956639,0.27311005741706995,0.5435342865995345,0.4857717028719215,0.5867042014178618,0.2273875090286317,0.48134726965316815,0.5787964317964881,0.35902356035751365,0.49469586582905606,0.561028541705038,0.5627554594678851,0.49918330153758206,0.484799246576474,0.5445471772532708,0.6252384584340988,0.45955245009406276,0.43933057060438063,0.6351852698985238,0.6378358470563622,0.5282354918137919,0.5557972201859851,0.4751340630802838,0.49298592451899753,0.5122219917603195,0.557864451479569,0.5033740706029296,0.4127059102655353,0.5038842871385754,0.6169328129704578,0.5951981612303289,0.574919135023429,0.2357121341700632
0.5420493144745502,0.584261866410334,0.22994302279706547,0.3698065901016175,0.5915045524457008,0.30059476127512297,0.6597201817523863,0.5043569969644517,0.1730773174853041,0.5452429712526208,0.4701579949804972,0.5496332472595482,0.767956298956689,0.7147835636578035,0.4780126170287517,0.6344143180628073,0.6134322846063794,0.5200689586701757,0.3098014421937735,0.385104901862127,0.4093038736666369,0.6089940680441508,0.48121946092628154,0.7040910431542442,0.5669374138601783,0.43557178936952673,0.17857248361181416,0.43808383023635283,0.459748483947139,0.4629189876141715,0.6371015037533262,0.11998836487187525,0.5141897161162657,0.3914250091345544,0.2326869348614615,0.25265545182324806,0.3674479027007537,0.44957568756234867,0.35863930006910144,0.807441724301108,0.51749435223008,0.0,0.8157607471020589,0.7624186850974506,0.5466638634421822,0.6639546232625189,0.6799103760701478,0.5086204970426493,0.2815199527044349,0.2969771163207002,0.49995304654719963,0.36131250900600975,0.5169438971983364,0.5251986139836246,0.43995305317749267,0.4204395554237149,0.44918000482022863,0.5010667412980686,0.5642781148792723,0.4599867898728209,0.5866684932513206,0.4945521774723253,0.7611152741141636,0.4606916627416801,0.46741019923353544,0.5521301143611855,0.47498452137074837,0.4518310096743965,0.4888071218833284,0.6890768850706055,0.5598514432588747,0.4924633461421451,0.42159466615689134,0.63562336246328,0.5362148734743258,0.4995039736165368
0.4998378398841596,0.511743324198289,0.6803581349263329,0.40727997353451206,0.6425682221139,0.6351070336156548,0.6101795527891122,0.61551156154721,0.66479486485995,0.5479572641327783,0.598808123924342,0.3666921057090061,0.6586246568419953,0.7496077268909496,0.6457713518341488,0.4985339204822791,0.0,0.0,0.6570904009202332,0.6633148886281108,0.45702972137956327,0.7121828472786134,0.6461125485967142,0.6375079307000439,0.328559820276052,0.2961402264661501,0.6129823469576401,0.6225127362875114,0.4985787534327592,0.6321010051468188,0.49411009175840725,0.32231418017443547,0.40853249020466953,0.44165888982342794,0.263742801816272,0.5665600184914131,0.3003251125831353,0.3460213915723454,0.37447908745808806,0.5115576000416807,0.5590379580002695,0.8157607471020589,0.0,0.4901160238627837,0.39918602345525767,0.6834504047589307,0.3798820474387485,0.3800208052325751,0.41415339384337757,0.36446162731814247,0.5650165208211345,0.40459348100625114,0.6038067904510706,0.5550198793564012,0.5444253069766707,0.5351704563006743,0.384822309351999,0.37366388000230244,0.34076192630430424,0.6658890573664533,0.37487162595574286,0.5723819933559651,0.645600553929072,0.3803570581312896,0.6013543839623765,0.7051931852257189,0.6050447045059837,0.45831014538313497,0.3666366675536045,0.5997511885235948,0.6238604484179197,0.6044345116652161,0.36177102655795734,0.7617239285800785,0.47891307709098363,0.5796530707138162
0.0,0.0,0.6464149109940199,0.3544904595583316,0.6756842788078872,0.6081701754183527,0.7808438717934799,0.5466113687635794,0.4705626042771258,0.3279874185722534,0.5764016024277046,0.35638487838295174,0.41365155900498324,0.5023700164292839,0.40806780553676536,0.0,0.0,0.0,0.5704131375893677,0.037635858446728454,0.0,0.30930313435148066,0.6238456091157624,0.3814839133656726,0.0,0.5379717442908839,0.6215521692845665,0.777800116150998,0.5406279217431447,0.2892962391320606,0.4032285602024659,0.2318840973719139,0.2610858954944549,0.17228144251702326,0.5678981321823531,0.2765991026864878,0.6719858127795706,0.1964729315802533,0.4908482255372249,0.5383549741297099,0.5720453163956639,0.7624186850974506,0.4901160238627837,0.0,0.45283030256991114,0.0,0.5166994266031867,0.5505870069747211,0.38981319114181767,0.5519101288186802,0.6200641087783458,0.5691358265657138,0.675583014902312,0.596246935108384,0.7868960425552194,0.6726021950117733,0.5847861940813095,0.5962207268122774,0.22540129688138708,0.4880074121808835,0.0,0.22956378806275993,0.6374876172403122,0.5516625887389647,0.43465895000228716,0.44830374501395115,0.45613808284734836,0.6168161491777512,0.4337165716819225,0.6028014532503295,0.6520412651185062,0.5530348981191634,0.5077908209342167,0.743130667356214,0.9547199478593742,0.6682958932047355
0.4006056213691289,0.0,0.0,0.0,0.394921443556149,0.21614830519368788,0.3629689282697155,0.0,0.28436667829637385,0.3773600352841364,0.23868662380020764,0.4058733702272226,0.4830898450034912,0.0,0.0,0.0,0.44863908698264676,0.4127149485787168,0.0,0.36399496045063395,0.0,0.4264806978546602,0.47045405214546326,0.5478675780529227,0.4734479542149856,0.40885554364075566,0.33444280635010176,0.6184077273627633,0.4793182895752738,0.0,0.5359404606457719,0.49603209703082146,0.36043927215708477,0.42110273566570117,0.43027594909978795,0.5741511556691157,0.31864204024243675,0.43992123868895894,0.3852000826252626,0.27001585703454095,0.27311005741706995,0.5466638634421822,0.39918602345525767,0.45283030256991114,0.0,0.2906489037793687,0.38061172302626645,0.6207093091855354,0.32417596776864877,0.6025227681933445,0.49290902202507203,0.5295928430701019,0.4626477162209377,0.4367272180703098,0.4773430382634809,0.5416415679871927,0.17291735293101426,0.47046981569005764,0.5521965562998388,0.12757424389178199,0.3932060646789791,0.6628794714179597,0.3389804034380211,0.5296958269255715,0.48932881617329205,0.5489842576065813,0.26585953723240857,0.2222939667994958,0.5865465316161111,0.49596756460427843,0.4432925466800358,0.3717086803858712,0.7366531041975786,0.40241096301372314,0.9282435411071737,0.41175657860632997
0.4389475306302793,0.5175543277530704,0.0,0.0,0.0,0.5373960361742094,0.0,0.5036181917823143,0.0,0.47376210835954313,0.0,0.3221571876688208,0.6316814155780202,0.0,0.5629420755031219,0.3351545897256703,0.668551054984797,0.3488041427300353,0.0,0.6734117190090108,0.6905466853269496,0.4992917092997409,0.4211573361770379,0.4063562380736329,0.3828962967977358,0.40100119556530245,0.4500278338078604,0.597141543635353,0.504233491999775,0.0,0.43617628570414313,0.3573853490443213,0.3848797955848071,0.44230645420297565,0.3064521498598759,0.0,0.0,0.43298191809571857,0.6245746429295934,0.7357692848283738,0.5435342865995345,0.6639546232625189,0.6834504047589307,0.0,0.2906489037793687,0.0,0.6855977353117013,0.44509566438770226,0.0,0.5898695085387465,0.5817461907469694,0.5178516004771956,0.6483584090711065,0.5873740210747023,0.6582212293593419,0.2350350766735772,0.546141401665259,0.446680404826325,0.4336194775522957,0.4908827103880539,0.5456654414298516,0.3485388353733587,0.5143787095661249,0.0,0.5368007965645026,0.5137231983820484,0.5813635906602053,0.4616056005037023,0.3248195191197649,0.5710979599939583,0.5295659251989657,0.4690961556468522,0.4479556218272339,0.5864412103353788,0.4435708978053673,0.6272558433230565
0.588886059551008,0.5884904588410722,0.42589111150249304,0.0,0.2745677274334859,0.531879344575967,0.5744139987963592,0.3261222280924833,0.4437249849991368,0.5300363863421595,0.0,0.5050781315698273,0.6751190106719244,0.0,0.6689812177025516,0.7103340784815901,0.49809948947036087,0.6286014993682649,0.0,0.6769925130874759,0.532104365183914,0.6743293250061398,0.6738669731410797,0.5200764215860695,0.67319621736019,0.6787467051744848,0.4812656502078987,0.5666836617085658,0.463252987287548,0.0,0.6007592693599451,0.5132587589797253,0.5630973341805094,0.5846866918507242,0.47768510167984546,0.4210402008336282,0.0,0.0,0.5039636769151933,0.4078319042939056,0.4857717028719215,0.6799103760701478,0.3798820474387485,0.5166994266031867,0.38061172302626645,0.6855977353117013,0.0,0.35968182810033344,0.0,0.4731352412600569,0.42233963995278695,0.37368653966062754,0.6159187447169301,0.4451615847932828,0.5134759988853093,0.3440838506264692,0.48749492672028816,0.4495200031652522,0.5402131579051223,0.6588256745348462,0.6448838992365783,0.649898058072287,0.649614552782041,0.3425162109979419,0.7409189530260029,0.6908756015862882,0.7073125701282914,0.41655334476586586,0.3424067093484683,0.6635954527017447,0.7714703380475202,0.4279832640793735,0.45900112253365505,0.6237237397277131,0.5387612342898287,0.6614062371826157
0.0,0.0,0.49948817807878826,0.4593540356006822,0.6735759203468568,0.5450505342719545,0.4748158163312074,0.6531543999460546,0.6372195355066943,0.3884017806153807,0.5056550939577488,0.27900624418644304,0.6243713281922356,0.5537881083892128,0.40371905997355095,0.0,0.0,0.0,0.4473237507728931,0.5229496584490645,0.5147955757225441,0.5862008032840541,0.6969657797620604,0.0,0.0,0.7179636858154685,0.5706851283744813,0.6021884763196841,0.5236499681708144,0.11796911213907561,0.6184316863676517,0.5266369144947184,0.6237950770972929,0.6199527582439631,0.3428182584637568,0.6910807190837599,0.36420036868531586,0.5723792998572199,0.4158025229303792,0.52018171909182,0.5867042014178618,0.5086204970426493,0.3800208052325751,0.5505870069747211,0.6207093091855354,0.44509566438770226,0.35968182810033344,0.0,0.3417193274644439,0.41402526943408513,0.47781862681758236,0.4329416502053015,0.327002450963808,0.4211647736389096,0.5172546552966605,0.2516330414048954,0.5371541759348782,0.489955677175598,0.3016753245065905,0.30987668027040005,0.5300705829135459,0.502603620876297,0.5600588377771302,0.45032733372724776,0.43753506529166264,0.3710495757805989,0.10781176156983707,0.26129690385676685,0.43440844188009575,0.6413631754570074,0.47940486855311104,0.4128175627704272,0.5301844794107553,0.3549902458425912,0.29859895389643965,0.564956327872482
0.0,0.0,0.5023769912197544,0.0,0.0,0.6669975153164487,0.0,0.0,0.49989019681847957,0.5019749185385028,0.5019658941170931,0.2384648057716911,0.0,0.0,0.0,0.0,0.0,0.0,0.0,0.0,0.0,0.5019667992222357,0.332270175868159,0.0,0.0,0.0,0.4066207224086977,0.0,0.49530690993032356,0.0,0.0,0.4372035871822599,0.0,0.476460238224665,0.2923427116039067,0.37453374130868866,0.4718527880954282,0.0,0.285547484204111,0.3545182656054294,0.2273875090286317,0.2815199527044349,0.41415339384337757,0.38981319114181767,0.32417596776864877,0.0,0.0,0.3417193274644439,0.0,0.46761219565545314,0.34517746217352385,0.4994123193623968,0.5528872786135592,0.5787633438430759,0.5369944207134489,0.5511481883957514,0.4428744263053933,0.5554631673811355,0.3606459471554327,0.5516750326155377,0.0,0.0,0.5012369382128565,0.30761994789490343,0.41135184569204275,0.42925398056407793,0.44268825461442235,0.23618032190554117,0.49028785282208576,0.0,0.6339757208916055,0.4191288617232586,0.6147424723318952,0.5107142683158895,0.5742732966819198,0.6259344569628591
0.0,0.0,0.4903439768521197,0.0,0.5855546286794888,0.4408960877697293,0.5797235166825017,0.6278396489039191,0.7501009001877226,-0.02126370035211561,0.37814241635417767,0.3225312000791904,0.6412841582296666,0.5275323745594749,0.0,0.0,0.0,0.0,0.44329326813179865,0.0,0.0,0.4212285073074283,0.6422425228454716,0.5024938312794864,0.0,0.0,0.4809365021762546,0.6300869073603204,0.45555733576242796,0.0,0.40986202659518556,0.6431665928287088,0.49654156224348867,0.6871371667006416,0.5755197733813319,0.683684671396839,0.0,0.5598938796214556,0.6419956573580919,0.5340117513035012,0.48134726965316815,0.2969771163207002,0.36446162731814247,0.5519101288186802,0.6025227681933445,0.5898695085387465,0.4731352412600569,0.41402526943408513,0.46761219565545314,0.0,0.45713034924955465,0.45405447613297517,0.5887521494143916,0.4785469592041656,0.5931852210237042,0.25902235176899274,0.5176633004246399,0.4913387585058923,0.3930588635135472,0.44248091562350156,0.4166257327138796,0.5583522072447471,0.7013486776289402,0.29079321278164855,0.380596251777071,0.526282163530882,0.4826406130445134,0.5036238935407805,0.6841489849300648,0.49461329265299375,0.5804808252021877,0.4933897314077821,0.7107704470509235,0.44250249420747234,0.2829103654392924,0.6757508961323165
0.5233782458228031,0.5739665096423193,0.5732383629651692,0.6023402145212359,0.5785696886057957,0.5263266066104766,0.5430667897346184,0.5667976857660788,0.676624084968602,0.10969569419142639,0.5303402215026396,0.3177263384276569,0.548788942520823,0.4795402193365959,0.4277859867612445,0.6429001174356813,0.0,0.5256476486016554,0.5318842908851074,0.416833015386596,0.4487821732184166,0.5824600880088378,0.5387240760742588,0.5325483981961553,0.5564322661814727,0.5926358408245832,0.5139319026103711,0.5908306194845175,0.5186288358302191,0.576827280751756,0.5137957045950964,0.5480876562307303,0.7205540696434141,0.4954892970300719,0.4077819357495021,0.5420370644830895,0.6432965615471763,0.5430617646322441,0.4129315682098061,0.46230020246985737,0.5787964317964881,0.49995304654719963,0.5650165208211345,0.6200641087783458,0.49290902202507203,0.5817461907469694,0.42233963995278695,0.47781862681758236,0.34517746217352385,0.45713034924955465,0.0,0.38551498043250376,0.4859754810379807,0.492537286816782,0.5075519383479351,0.43553817523476335,0.6744271969432418,0.41346615562152084,0.2712090942877584,0.46427081789004976,0.5754650634282813,0.6670421814901695,0.6363056100209492,0.48802230325143425,0.5529862774677547,0.5160068296192339,0.514545795002412,0.3294994130675624,0.6499161853240298,0.5031558429305452,0.5365563384399077,0.2789863306418101,0.5456606899921828,0.4276107786879631,0.6368403164778116,0.6482432463808359
0.0,0.5887989461619036,0.5882152714651268,0.0,0.6032019028889678,0.5259698268680829,0.5695699531031432,0.4891638182878223,0.6952300336371132,0.3617216457360824,0.2847487030886573,0.4803331308516168,0.545824420500424,0.5066896232416259,0.6562693067820549,0.7093526878544766,0.0,0.5308119699281604,0.5788610267749031,0.4884907799157204,0.4620064621086061,0.6115357651445923,0.5505875888892904,0.41120228598751013,0.376648206248205,0.4877722137077753,0.4860982381549133,0.5345512127132895,0.5092017139685113,0.5172235199991585,0.6244612578645905,0.4305170663240153,0.5437858898852265,0.345891876920403,0.4688509830657858,0.7493517527609058,0.6710411613493676,0.41659109429763486,0.22037131063630794,0.5779608980092197,0.35902356035751365,0.36131250900600975,0.40459348100625114,0.5691358265657138,0.5295928430701019,0.5178516004771956,0.37368653966062754,0.4329416502053015,0.4994123193623968,0.45405447613297517,0.38551498043250376,0.0,0.4494064075203038,0.4749246592848588,0.3581220738179637,0.5049606841336499,0.3700428739134754,0.5419387806718375,0.29003302889859295,0.5203778213634358,0.4605853265981799,0.40484237110316545,0.47510802737020524,0.5400618954413858,0.4856755971144849,0.43617946558798665,0.5205143873134779,0.4170421501890028,0.5955205370174941,0.4802292084615669,0.5160924677165899,0.4187027880924329,0.5614758079787797,0.562385492101519,0.45017121526770715,0.5396736006457195
0.5412903368276821,0.5631648941264881,0.6257345764164413,0.49866133087324654,0.45189910963432467,0.5023891650870003,0.4698215043655812,0.6120234537720408,0.6809532827502405,0.7118241030342153,0.5377178449173399,0.3889185159741026,0.49552953240646247,0.6048669055403946,0.5568025335943314,0.7334110205180983,0.0,0.6269842161975312,0.49166991020683304,0.648389371717888,0.6570415978966557,0.5538691133684444,0.4772717832932748,0.0,0.5153970983946701,0.5928348257026961,0.46542831795409484,0.5018820263928684,0.531571829897194,0.5909139238667138,0.2314998308065621,0.5432493191784987,0.341075861899321,0.6574321501319517,0.49927113135619494,0.6315024082667592,0.5004959768770617,0.0,0.573616762868752,0.47126594846529163,0.49469586582905606,0.5169438971983364,0.6038067904510706,0.675583014902312,0.4626477162209377,0.6483584090711065,0.6159187447169301,0.327002450963808,0.5528872786135592,0.5887521494143916,0.4859754810379807,0.4494064075203038,0.0,0.42117963995738744,0.2819443640852253,0.4000206788530866,0.5456966857988096,0.45146551108931604,0.40922794806269275,0.41900176926045374,0.5712152506348943,0.4928224089253737,0.5183068756138609,0.28465266743800327,0.41181491509662577,0.5121530663680001,0.5480757238029469,0.3291498688997111,0.5654388266459807,0.6527252304639948,0.5616700227238623,0.3987013043788933,0.4101664859343447,0.4732079675301241,0.39349018194212027,0.4504632927011478
0.0,0.6671869808606549,0.716492153918,0.3581982166489837,0.6384967932069441,0.6010334550747635,0.6551355747307014,0.6111588741846589,0.6027907292446031,0.2922235938863026,0.7173358972923372,0.7397251179399007,0.6635168234860767,0.3904088869967151,0.602281825384271,0.0,0.0,0.0,0.653370990878668,0.5594854857292089,0.6861550462935176,0.6916305515791537,0.662713407732126,0.3342833945700135,0.4500264562855939,0.5524501271917219,0.5872623911973031,0.6507241840572988,0.5190755534363285,0.7120514010292763,0.6596851619130112,0.5676454293796636,0.5800228651403957,0.5201059819866329,0.24988768891675467,0.7560775846722907,0.2713755851227436,0.4420768759582679,0.4625230024875472,0.5927995761098989,0.561028541705038,0.5251986139836246,0.5550198793564012,0.596246935108384,0.4367272180703098,0.5873740210747023,0.4451615847932828,0.4211647736389096,0.5787633438430759,0.4785469592041656,0.492537286816782,0.4749246592848588,0.42117963995738744,0.0,0.45408307060306696,0.4421131971124949,0.4225883338128907,0.5697708262857026,0.4178462103094918,0.4661040194710099,0.6537550553140666,0.47345867834359917,0.5731481411378302,0.3713845554577922,0.6552360829103079,0.37214829462670107,0.5767362091935511,0.5469861913400929,0.601550798604333,0.6837374921983095,0.6813242183178096,0.4475091259741238,0.570267684636641,0.637379809044633,0.5544533048915278,0.5781029651132374
0.26263556399944915,0.5477098677756145,0.4483043151043888,0.0,0.0,0.5988770410664902,0.6119841380132539,0.68177091801237,0.4277429380303767,0.34403077215613487,0.344162989590031,0.37261609438996934,0.5077938599769645,0.0,0.0,0.5413469465240024,0.36257280320634544,0.4047254831583413,0.6518596312691605,0.8301344879601115,0.6336641677572816,0.4187375412285887,0.5217887602730797,0.4184905369013474,0.3761812975441521,0.32729870329167715,0.5062161279377362,0.7052160729626474,0.6656635143645748,0.5154095609471866,0.4577526797749635,0.5305514259700539,0.30214817570911723,0.5276391553619162,0.47867907882106886,0.9279665594334683,0.3853262616056791,0.44048800995520737,0.37123257990926356,0.5196631480130741,0.5627554594678851,0.43995305317749267,0.5444253069766707,0.7868960425552194,0.4773430382634809,0.6582212293593419,0.5134759988853093,0.5172546552966605,0.5369944207134489,0.5931852210237042,0.5075519383479351,0.3581220738179637,0.2819443640852253,0.45408307060306696,0.0,0.5084881442770337,0.5618336811119704,0.4416897512136556,0.6630122950417205,0.5684353157314371,0.530584195159568,0.5452795842023724,0.4977483580973548,0.43133496368491336,0.5679338818776106,0.45248884281499224,0.558979589498079,0.39511125429219074,0.6012412291362279,0.5094312076027586,0.5505250939972351,0.5712300283073544,0.4757438318101606,0.7959405172490701,0.4227421884194971,0.5266336503493367
0.0,0.0,0.5198127494868441,0.28105355534259857,0.4833548085782871,0.4669748318174745,0.43011043210022126,0.5288971105560303,0.6352557617811772,0.3424035463600986,0.3776401492302237,0.2950027975823269,0.5150750856707239,0.5353389300729537,0.0,0.0,0.0,0.0,0.6624855105899128,0.0,0.0,0.0,0.650860618570126,0.5244444981986173,0.4986771637774369,0.0,0.5635523963553053,0.4632308759353832,0.35086974323062137,0.0,0.6333605940212531,0.542568910573335,0.40437486740322265,0.3724304058279627,0.47940909938160736,0.6866165860309739,0.5503063034192629,0.35607536535965717,0.5167778729648531,0.4822425124356165,0.49918330153758206,0.4204395554237149,0.5351704563006743,0.6726021950117733,0.5416415679871927,0.2350350766735772,0.3440838506264692,0.2516330414048954,0.5511481883957514,0.25902235176899274,0.43553817523476335,0.5049606841336499,0.4000206788530866,0.4421131971124949,0.5084881442770337,0.0,0.5744623548555777,0.5554821940887055,0.6413037759879237,0.0,0.38987925134894974,0.47090559083270445,0.5773291519616552,0.14629346921400593,0.5034494902074717,0.4827427944976809,0.0,0.42840954511938567,0.6479309407228959,0.6011526542015914,0.6000643075941411,0.3431165522627323,0.6068269293741099,0.3583757496029868,0.6206463005295801,0.5481938685631045
0.41799800619177624,0.37874863776692375,0.5779918164229172,0.6452167141871848,0.29390041544494716,0.43568919527526195,0.9899793486112689,0.994684640276834,0.35703902175786095,0.3347353342507109,0.360225866636114,0.46920572860381926,0.6050318853390576,0.3957521810910433,0.47271332720335296,0.39145839676232674,0.34114595029716444,0.3580718755179316,0.5187116370233228,0.45876624678197697,0.8308555802826054,0.5148323302918429,0.2765663955041127,0.37579476139180346,0.4108774490015189,0.4096997444409127,0.24405099094196744,0.426124382684955,0.4755853783004177,0.0,0.48909884877566145,0.13211585372217868,0.35668024923875863,0.44603659058290746,0.3213989905621049,0.26318704631729106,0.505124216664863,0.43047605602377104,0.2824870678953828,0.468051438764926,0.484799246576474,0.44918000482022863,0.384822309351999,0.5847861940813095,0.17291735293101426,0.546141401665259,0.48749492672028816,0.5371541759348782,0.4428744263053933,0.5176633004246399,0.6744271969432418,0.3700428739134754,0.5456966857988096,0.4225883338128907,0.5618336811119704,0.5744623548555777,0.0,0.48017803305998424,0.19184854729942144,0.3222625418933033,0.48686687463895173,0.4401909819600648,0.430062645860499,0.6016522399285793,0.6455039030949641,0.5752135657512167,0.44693505230002495,0.39738956803405845,0.576807155619699,0.6075801698562066,0.491826229796314,0.5886733111384264,0.7180830901173834,0.9599747974412818,0.5819006299013028,0.4526169205563066
0.6914567618607368,0.6252024992628649,0.5519832244517843,0.4912953991619927,0.6159678327641228,0.5058776071071122,0.45645289038833375,0.4252388182425809,0.49733394317519564,0.5710546732511949,0.3105087819274421,0.5592381344487249,0.5542915283239155,0.7225226327416777,0.4989336443956921,0.6732694823278479,0.4198403712776363,0.4946144832846824,0.6035333279237323,0.5121310291410173,0.39932045962166884,0.6025877904909571,0.4599199591934818,0.4867683689556633,0.4257167246882755,0.6963601065377316,0.4834205281646293,0.5308251181737674,0.4519638191503135,0.39007173946396506,0.5372402868479531,0.4155401777949589,0.49563013771271447,0.2574134119220788,0.28798952117748583,0.5369357010806938,0.4135819600210502,0.48152461913672384,0.40123260260940896,0.5218929192558959,0.5445471772532708,0.5010667412980686,0.37366388000230244,0.5962207268122774,0.47046981569005764,0.446680404826325,0.4495200031652522,0.489955677175598,0.5554631673811355,0.4913387585058923,0.41346615562152084,0.5419387806718375,0.45146551108931604,0.5697708262857026,0.4416897512136556,0.5554821940887055,0.48017803305998424,0.0,0.2798509485385773,0.44800331651421993,0.5205106800623173,0.6384458120210094,0.5919120710913446,0.5814665177693663,0.6049350087792884,0.4374278257751013,0.5703517789140098,0.45934885711923557,0.5781027463085667,0.5526666316964604,0.55845394270358,0.46278950035803496,0.5815568934423465,0.4843670271212374,0.6299002676251935,0.6688645175756748
0.0,0.0,0.5582865958463634,0.0,0.361253578971521,0.6253179908645088,0.4321008376013433,0.6305976064983883,0.6240265422828145,0.0,0.5159498913363311,0.5864775193688785,0.4590543708135631,0.3845021760461587,0.5028939546347897,0.0,0.0,0.0,0.41516724375678843,0.0,0.0,0.0,0.6175097510295394,0.0,0.0,0.0,0.6462151338336983,0.43215257683674724,0.6050312441468514,0.0,0.0,0.620041595863347,0.0,0.370286433665237,0.6350036985621743,0.5597029596944145,0.0,0.0,0.35487394049452475,0.5171030891166787,0.6252384584340988,0.5642781148792723,0.34076192630430424,0.22540129688138708,0.5521965562998388,0.4336194775522957,0.5402131579051223,0.3016753245065905,0.3606459471554327,0.3930588635135472,0.2712090942877584,0.29003302889859295,0.40922794806269275,0.4178462103094918,0.6630122950417205,0.6413037759879237,0.19184854729942144,0.2798509485385773,0.0,0.0,0.5069453298454577,0.48239923038196125,0.442634177738977,0.33706355430670365,0.5000796868919067,0.3692680206970751,0.3740748561240001,0.3075508857580075,0.5722256061765565,0.6581254036584806,0.18033702118146377,0.35654224206741747,0.46437399808575486,0.3717391473410033,0.4795396983440694,0.6371996313632559
0.5703686984178946,0.5795115144382921,0.3852976464833678,0.0,0.38454779476054957,0.44850286159626596,0.3365353328348383,0.6053054729856966,0.499815637543614,0.6502674041176021,0.0,0.564217824642478,0.46891912617733983,0.0,0.632632229150603,0.5267418393914919,0.6114076610039378,0.5013570971246998,0.0,0.5995569906096068,0.4796123365878764,0.6793653105924352,0.5449034857640358,0.38334474335191643,0.5001065028745737,0.5306525729415292,0.4462830242027148,0.5365277815061528,0.4476914094032862,0.4451142548754672,0.5591879541433019,0.475872693554212,0.4868216479808648,0.5244543634525151,0.5512119296389238,0.6728893629684811,0.4774819987360762,0.5120723903917952,0.3227440685258972,0.5068795140843679,0.45955245009406276,0.4599867898728209,0.6658890573664533,0.4880074121808835,0.12757424389178199,0.4908827103880539,0.6588256745348462,0.30987668027040005,0.5516750326155377,0.44248091562350156,0.46427081789004976,0.5203778213634358,0.41900176926045374,0.4661040194710099,0.5684353157314371,0.0,0.3222625418933033,0.44800331651421993,0.0,0.0,0.6552623601827962,0.316822647818677,0.5603487862296221,0.0,0.5598775160990632,0.5671652248865159,0.5665457818830242,0.6691123520462631,0.5138882723891336,0.7227368441852622,0.4020118972863709,0.6134319421841251,0.37562818057254144,0.49017116382919323,0.48891713447512036,0.3882237538314298
0.5096488534105498,0.5751304073167273,0.0,0.0,0.49035945304296685,0.6341795587551624,0.5022648872958171,0.3157236292751723,0.5405155564384486,0.43943837682004827,0.0,0.4184320081203365,0.5128794873521716,0.0,0.59071019242548,0.6101051241197584,0.31447881708493125,0.4715069295468405,0.0,0.4302236886975706,0.6026095441115563,0.5615545641120245,0.6932161503038605,0.47526810729190766,0.5348193487843846,0.5795240381672824,0.6829166885435649,0.387899289100856,0.578921898477932,0.0,0.5834021520858618,0.48235983039083613,0.46210737000356283,0.5324607443970011,0.4347660685778996,0.5184580743338363,0.0,0.5035173466005339,0.5317999150354971,0.451559921884748,0.43933057060438063,0.5866684932513206,0.37487162595574286,0.0,0.3932060646789791,0.5456654414298516,0.6448838992365783,0.5300705829135459,0.0,0.4166257327138796,0.5754650634282813,0.4605853265981799,0.5712152506348943,0.6537550553140666,0.530584195159568,0.38987925134894974,0.48686687463895173,0.5205106800623173,0.5069453298454577,0.6552623601827962,0.0,0.5045236662833092,0.5149908050279949,0.9998286931118623,0.5105489492421076,0.6198696428682438,0.6016865471980227,0.4814105474544015,0.2677409456424942,0.5169332777549906,0.5948483425436406,0.5069627911161952,0.5790454439759418,0.6335737086584723,0.6144890314845218,0.6219564990557687
0.3082566823757608,0.43464997486518203,0.0,0.0,0.0,0.0,0.0,0.0,0.0,0.38321854136798317,0.0,0.33271009900973936,0.43617721336517956,0.0,0.5757872350112665,0.4204530803783043,0.3605603692053064,0.4684506389594663,0.0,0.49901933268137766,0.0,0.48451867120829145,0.5012955008185784,0.2712738445310955,0.3929447795547132,0.33418208990063425,0.0,0.3589165079478714,0.5042931715300611,0.0,0.47477857253745936,0.5776244484420104,0.5586853183236866,0.4229073025279325,0.2757068132800859,0.0,0.0,0.5032945569565012,0.6291407721081267,0.668140220022007,0.6351852698985238,0.4945521774723253,0.5723819933559651,0.22956378806275993,0.6628794714179597,0.3485388353733587,0.649898058072287,0.502603620876297,0.0,0.5583522072447471,0.6670421814901695,0.40484237110316545,0.4928224089253737,0.47345867834359917,0.5452795842023724,0.47090559083270445,0.4401909819600648,0.6384458120210094,0.48239923038196125,0.316822647818677,0.5045236662833092,0.0,0.4811636159019297,0.47599594328820577,0.5970478445191686,0.33381301151265125,0.5190153746986209,0.39026028720202666,0.5055573267293451,0.4993560733844349,0.5948108319931641,0.6080989722809869,0.6369812415363298,0.6969402193819059,0.4208683415346568,0.6512589363328778
0.5118962397206406,0.614333226133218,0.0,0.0,0.0,0.5823727104150707,0.5333635398921341,0.6039198374398057,0.0,0.43588122221418907,0.0,0.4921306895086508,0.5436200258573344,0.0,0.6750167029727001,0.5467189942138173,0.3233442578609921,0.4244210744201424,0.0,0.6315150822452541,0.4962067558020843,0.526764726327272,0.6068787780742154,0.4263820471248617,0.4860434286312745,0.41050507590845275,0.4667262396889686,0.39706532925499105,0.4681243060822784,0.995701161728234,0.5200893669138605,0.5037462645511835,0.4097537090143232,0.4869338541511279,0.4021087267974816,0.9954456829883259,0.0,0.4036267788240707,0.6875718056923797,0.6191488438481678,0.6378358470563622,0.7611152741141636,0.645600553929072,0.6374876172403122,0.3389804034380211,0.5143787095661249,0.649614552782041,0.5600588377771302,0.5012369382128565,0.7013486776289402,0.6363056100209492,0.47510802737020524,0.5183068756138609,0.5731481411378302,0.4977483580973548,0.5773291519616552,0.430062645860499,0.5919120710913446,0.442634177738977,0.5603487862296221,0.5149908050279949,0.4811636159019297,0.0,0.5135735918549558,0.5391215197006622,0.6294596846108442,0.5171312081779369,0.604762423517493,0.4922757897929709,0.4590823805102344,0.45642143545373803,0.5911439998412394,0.6614969971508113,0.6685550146703872,0.3860531606284357,0.7118881147436643
0.0,0.0,0.4784653770958836,0.0,0.6466651839731452,0.48085103826327746,0.6037780422605175,0.5869923730262747,0.5492693822916104,0.8266848014419163,0.2666024512795159,0.32885374836716913,0.5761293359466801,0.21212670586824484,0.0,0.0,0.0,0.0,0.6372192970739544,0.0,0.0,0.0,0.6691181714457306,0.5001112907665701,0.0,0.0,0.6188153196053802,0.6394950618691067,0.5745702981410334,0.9835071338429839,0.607262865253738,0.48785705530793355,0.9530284841792348,0.5605445152645478,0.3196146773115611,0.500536359374078,0.42786497749744623,0.4079013116484821,0.3719429002585556,0.5294264384303717,0.5282354918137919,0.4606916627416801,0.3803570581312896,0.5516625887389647,0.5296958269255715,0.0,0.3425162109979419,0.45032733372724776,0.30761994789490343,0.29079321278164855,0.48802230325143425,0.5400618954413858,0.28465266743800327,0.3713845554577922,0.43133496368491336,0.14629346921400593,0.6016522399285793,0.5814665177693663,0.33706355430670365,0.0,0.9998286931118623,0.47599594328820577,0.5135735918549558,0.0,0.0,0.7933870047931239,0.4348243411977813,0.5138651891340189,0.6755121830245105,0.4625831149178271,0.5505856866390548,0.4250367623904105,0.5793917460517545,0.5559508534230037,0.3859007869013049,0.5800373652968035
0.48108065377192183,0.5286938456761819,0.5237327886669114,0.0,0.4382982899929172,0.4551575732027455,0.6411532662418296,0.6578904686454918,0.7014341036962435,0.5012955008185788,0.3331802925340596,0.7670795394798658,0.5187641595309032,0.0,0.5730916892994216,0.4886361946355754,0.0,0.3377654366873971,0.5013348169933262,0.47009402424485464,0.4307858653294047,0.4929582534254971,0.5060147911672381,0.43775780842025747,0.5963163777550142,0.4667087653477281,0.45533760596237427,0.5600286742053102,0.47275803075509015,0.7245698108943106,0.42972271460054895,0.4220014258752383,0.44505296903575803,0.4255932297617905,0.49124485980635146,0.524625446170519,0.07986973960745564,0.612062795386674,0.4492807176579039,0.4776962974459578,0.5557972201859851,0.46741019923353544,0.6013543839623765,0.43465895000228716,0.48932881617329205,0.5368007965645026,0.7409189530260029,0.43753506529166264,0.41135184569204275,0.380596251777071,0.5529862774677547,0.4856755971144849,0.41181491509662577,0.6552360829103079,0.5679338818776106,0.5034494902074717,0.6455039030949641,0.6049350087792884,0.5000796868919067,0.5598775160990632,0.5105489492421076,0.5970478445191686,0.5391215197006622,0.0,0.0,0.42577796987718275,0.5277515205613277,0.5106292652419673,0.5598392620019809,0.5652003374017778,0.5628408616195395,0.5879481211571376,0.7380468889419842,0.46335172164986266,0.49941332530174165,0.6283809786067001
0.4495021107163953,0.5718860073374106,0.5220291272159224,0.0,0.5149352054522977,0.32839735661556796,0.4682247819045561,0.592890653629961,0.6620430505357863,0.622658868015944,0.0,0.8277005274961348,0.5217770078883938,0.0,0.5379308330529832,0.49316523780444865,0.0,0.595968137133148,0.0,0.4816048540233015,0.5146470465896499,0.5202218936414111,0.6054791049811865,0.5340800736712278,0.5074087993737264,0.6196427774168384,0.5119771123402072,0.590791082339911,0.5017311989494635,0.5062761681783804,0.4387216539007314,0.34973396258922507,0.28677405408098244,0.37036386043912767,0.4834057426602034,0.5127673237526372,0.0,0.0,0.309269701912957,0.4063238263893201,0.4751340630802838,0.5521301143611855,0.7051931852257189,0.44830374501395115,0.5489842576065813,0.5137231983820484,0.6908756015862882,0.3710495757805989,0.42925398056407793,0.526282163530882,0.5160068296192339,0.43617946558798665,0.5121530663680001,0.37214829462670107,0.45248884281499224,0.4827427944976809,0.5752135657512167,0.4374278257751013,0.3692680206970751,0.5671652248865159,0.6198696428682438,0.33381301151265125,0.6294596846108442,0.7933870047931239,0.42577796987718275,0.0,0.6050173874088184,0.4474755571657911,0.38903033791902264,0.6552698581953531,0.6006344808706627,0.3751029380349909,0.42036850421005967,0.41215568228774424,0.42247527379705985,0.4458860172227961
0.5412789075852866,0.6125259522850391,0.27443430858497997,0.5008414653292759,0.535315095616787,0.5321961086876495,0.6418111462824256,0.4302311522761983,0.6135153302354582,0.5396106452139053,0.5680040007174355,0.4393864591851017,0.6348586481217414,0.0,0.7479530850000494,0.6003968627482547,0.658949532103703,0.47265016449003017,0.513578137765299,0.6308754057926937,0.5590747798116741,0.6609741596546113,0.5235006442098395,0.3399149070462595,0.5548619956662079,0.6797575772348631,0.4332290891534453,0.5305468380170291,0.4888551127206857,0.6104354764033061,0.591788725114277,0.49800829874514535,0.6696725330925098,0.5478019760442792,0.5658590589225256,0.6726679617979014,0.6640707554362149,0.6556769681326933,0.4399335563414409,0.4218191504593675,0.49298592451899753,0.47498452137074837,0.6050447045059837,0.45613808284734836,0.26585953723240857,0.5813635906602053,0.7073125701282914,0.10781176156983707,0.44268825461442235,0.4826406130445134,0.514545795002412,0.5205143873134779,0.5480757238029469,0.5767362091935511,0.558979589498079,0.0,0.44693505230002495,0.5703517789140098,0.3740748561240001,0.5665457818830242,0.6016865471980227,0.5190153746986209,0.5171312081779369,0.4348243411977813,0.5277515205613277,0.6050173874088184,0.0,0.6337279899577941,0.38984864075258174,0.6817819480617229,0.6866754980581455,0.4957816129141516,0.7095610372391837,0.5113167741040052,0.17757725743799102,0.47841832082255226
0.533617743120828,0.5245077951331867,0.6086032356121625,0.5374898823220521,0.6085874637372994,0.5043749725114667,0.5119236017206366,0.5906079203512477,0.6425547600691494,0.6027185923834195,0.3769812215175018,0.4135256229929645,0.554566204663275,0.6227907694504844,0.7030063830236803,0.6988987392984993,0.0,0.7723878995031204,0.5809592624157831,0.5206858169062807,0.4504259125860894,0.5573724707932124,0.6884243230262163,0.6972570239778968,0.3779246337206885,0.4963489996975621,0.46528696995114005,0.5579858548313802,0.5070953066547813,0.5687421567377491,0.5007413567460848,0.5172931817985948,0.5613897085644721,0.534624206097776,0.45785246549089564,0.7161861911253274,0.47340778117798876,0.4938561862263363,0.3926093903428517,0.40200896377327044,0.5122219917603195,0.4518310096743965,0.45831014538313497,0.6168161491777512,0.2222939667994958,0.4616056005037023,0.41655334476586586,0.26129690385676685,0.23618032190554117,0.5036238935407805,0.3294994130675624,0.4170421501890028,0.3291498688997111,0.5469861913400929,0.39511125429219074,0.42840954511938567,0.39738956803405845,0.45934885711923557,0.3075508857580075,0.6691123520462631,0.4814105474544015,0.39026028720202666,0.604762423517493,0.5138651891340189,0.5106292652419673,0.4474755571657911,0.6337279899577941,0.0,0.38969336904345137,0.5288436660737145,0.5054390441256538,0.24311783222298716,0.47446885380235515,0.37177549930651294,0.5040218834574868,0.509394448793467
0.6363509920442518,0.3753862589704587,0.0,0.0,0.0,0.535053300058657,0.4965415622434883,0.0,0.4484873217782815,0.22447106563628896,0.0,0.19979833624930216,0.5160740159310034,0.0,0.497050660162543,0.15470301253330887,0.3872976612383291,0.23233654046413416,0.0,0.0,0.5814079715617178,0.5560784725958497,0.375321385551407,0.3432685840379211,0.24043386199508027,0.29874364368239653,0.0,0.5611186816569558,0.4943962828563508,0.0,0.5003588884723766,0.725648024314135,0.45532713057468405,0.4031751503768697,0.40472534172057534,0.4100486286384912,0.40829110375897176,0.40238543800521637,0.15873634195122904,0.5122254782768392,0.557864451479569,0.4888071218833284,0.3666366675536045,0.4337165716819225,0.5865465316161111,0.3248195191197649,0.3424067093484683,0.43440844188009575,0.49028785282208576,0.6841489849300648,0.6499161853240298,0.5955205370174941,0.5654388266459807,0.601550798604333,0.6012412291362279,0.6479309407228959,0.576807155619699,0.5781027463085667,0.5722256061765565,0.5138882723891336,0.2677409456424942,0.5055573267293451,0.4922757897929709,0.6755121830245105,0.5598392620019809,0.38903033791902264,0.38984864075258174,0.38969336904345137,0.0,0.49712926111794975,0.48857500220203415,0.5189594464229424,0.6146380653540127,0.4867661273130485,0.4395870130654027,0.6095380095539635
0.5785208772130577,0.633830291567443,0.5855952378069255,0.0,0.5087914776457484,0.6136483864645365,0.6315668169316938,0.3400038602931257,0.5013896239479818,0.3715821393930062,0.0,0.3856996793174771,0.5444157461263582,0.0,0.5892085677178929,0.6512023210218072,0.431152009603741,0.4561435072831257,0.0,0.30215496792962204,0.42072233713198565,0.4690783912755012,0.6314821118535425,0.40506389765435424,0.5221290775586369,0.45940669832226055,0.6104233935930605,0.5098245794325018,0.5533073959532928,0.44938086799282384,0.543810212404534,0.5448990393734228,0.5699477382797553,0.5135533571110144,0.47843835851162775,0.4020743195816379,0.0,0.40649339000409906,0.5878195903568594,0.46072055196426126,0.5033740706029296,0.6890768850706055,0.5997511885235948,0.6028014532503295,0.49596756460427843,0.5710979599939583,0.6635954527017447,0.6413631754570074,0.0,0.49461329265299375,0.5031558429305452,0.4802292084615669,0.6527252304639948,0.6837374921983095,0.5094312076027586,0.6011526542015914,0.6075801698562066,0.5526666316964604,0.6581254036584806,0.7227368441852622,0.5169332777549906,0.4993560733844349,0.4590823805102344,0.4625831149178271,0.5652003374017778,0.6552698581953531,0.6817819480617229,0.5288436660737145,0.49712926111794975,0.0,0.5886361445157262,0.4640809927440247,0.5988995454040263,0.6668346852498929,0.4227443841723629,0.6440022816902443
0.4837174140110038,0.5458672165367281,0.402570568205301,0.0,0.6575228161683832,0.5093933039702541,0.5649236093330593,0.3505377081041374,0.16360241973080153,0.3789246894064198,0.9766927081729515,0.3879408987760934,0.5419324489553571,0.0,0.5335609173621431,0.6174859300447149,0.41566590235332335,0.4439685704571695,0.0,0.5694749640804665,0.5567280524983149,0.5807025654617707,0.5550288689530256,0.40543088700474794,0.4396980847753884,0.4571110244746938,0.4346169847866151,0.3912849279207712,0.528987468633388,0.5011849704021638,0.48505755988110894,0.47256119870024343,0.4714309990955943,0.4360713329403949,0.4340889749202578,0.318411729688728,0.5140980880301869,0.4237761479810848,0.5390479074988063,0.4478708817490441,0.4127059102655353,0.5598514432588747,0.6238604484179197,0.6520412651185062,0.4432925466800358,0.5295659251989657,0.7714703380475202,0.47940486855311104,0.6339757208916055,0.5804808252021877,0.5365563384399077,0.5160924677165899,0.5616700227238623,0.6813242183178096,0.5505250939972351,0.6000643075941411,0.491826229796314,0.55845394270358,0.18033702118146377,0.4020118972863709,0.5948483425436406,0.5948108319931641,0.45642143545373803,0.5505856866390548,0.5628408616195395,0.6006344808706627,0.6866754980581455,0.5054390441256538,0.48857500220203415,0.5886361445157262,0.0,0.5598056257393911,0.554447038741229,0.6570393573919128,0.5331838169336391,0.5555655438861583
0.5207656660844872,0.49887983732511004,0.629872827127526,0.47095306948375465,0.55340005760085,0.5026155334457512,0.4977599934589721,0.5880177636787667,0.6153215792896883,0.5564375450567198,0.4633230938930106,0.3060717534771126,0.5598066170087834,0.4995516961076048,0.49085274640495835,0.6528677652166665,0.0,0.5523867262131189,0.5653693052746026,0.4919367672563312,0.4502132049400926,0.45545403021387854,0.48164674732081986,0.4144427249005645,0.46270384595079284,0.5135358260303242,0.478652417676916,0.5549814718714561,0.48370680947650396,0.5899799635183222,0.5091379716452417,0.5148818484725535,0.3417219978199211,0.5257274714761477,0.31441676414314346,0.5259110418093971,0.40959737626275267,0.701819609886427,0.44157811384237977,0.2835922340455045,0.5038842871385754,0.4924633461421451,0.6044345116652161,0.5530348981191634,0.3717086803858712,0.4690961556468522,0.4279832640793735,0.4128175627704272,0.4191288617232586,0.4933897314077821,0.2789863306418101,0.4187027880924329,0.3987013043788933,0.4475091259741238,0.5712300283073544,0.3431165522627323,0.5886733111384264,0.46278950035803496,0.35654224206741747,0.6134319421841251,0.5069627911161952,0.6080989722809869,0.5911439998412394,0.4250367623904105,0.5879481211571376,0.3751029380349909,0.4957816129141516,0.24311783222298716,0.5189594464229424,0.4640809927440247,0.5598056257393911,0.0,0.4395957747679704,0.41403717755693736,0.4536540193905839,0.44294187001790525
0.4678914816988004,0.5997179780629344,0.5675748397918975,0.4826689411302091,0.5619806488026948,0.4787736908967178,0.5199053951510165,0.46321909438548603,0.5034320460057828,0.5146922197442219,0.31474759344007086,0.6484259566681952,0.5804729184536861,0.5724660194407297,0.5351689528235539,0.4583091710995604,0.31275909840636074,0.6180186477058418,0.6509020037345684,0.44437583020513605,0.5022920854663225,0.5799495530863794,0.45866736098763866,0.6886547252155889,0.5882773136311658,0.5895719487323244,0.4871496387811143,0.5817665242526543,0.4993954092616615,0.5691364522667545,0.4950078790211902,0.5730902713681766,0.9400776313305796,0.4257299112230428,0.35326721332006766,0.7335381321070752,0.5902385344612024,0.5638357459860683,0.3766439501637179,0.7080989491629992,0.6169328129704578,0.42159466615689134,0.36177102655795734,0.5077908209342167,0.7366531041975786,0.4479556218272339,0.45900112253365505,0.5301844794107553,0.6147424723318952,0.7107704470509235,0.5456606899921828,0.5614758079787797,0.4101664859343447,0.570267684636641,0.4757438318101606,0.6068269293741099,0.7180830901173834,0.5815568934423465,0.46437399808575486,0.37562818057254144,0.5790454439759418,0.6369812415363298,0.6614969971508113,0.5793917460517545,0.7380468889419842,0.42036850421005967,0.7095610372391837,0.47446885380235515,0.6146380653540127,0.5988995454040263,0.554447038741229,0.4395957747679704,0.0,0.5187247084468203,0.3989040522217908,0.6802028933442567
0.5873752291491026,0.618337624837053,0.596934848535578,0.6569442131568884,0.4030081426020206,0.5441701019543962,0.4973966530364344,0.4839343123483556,0.6301711486385712,0.44998411625778584,0.22119227285153498,0.5579792820302972,0.5559643592763018,0.0,0.5043690195469006,0.5886096555834951,0.5031134516695657,0.4691757981049915,0.36193497879219944,0.5034074605221167,0.4961305501199883,0.5245567585393125,0.5483764538673106,0.6631891618280568,0.42500108418587074,0.6163163510550024,0.49867151941267496,0.5719957313676338,0.4693015596877951,0.5470743408398778,0.5287973777262339,0.4674962739240227,0.41007904917196236,0.5044165862289661,0.49614877094000753,0.6308676973247246,0.6209225619583529,0.5067671479488343,0.5960227422229607,0.43921140140489956,0.5951981612303289,0.63562336246328,0.7617239285800785,0.743130667356214,0.40241096301372314,0.5864412103353788,0.6237237397277131,0.3549902458425912,0.5107142683158895,0.44250249420747234,0.4276107786879631,0.562385492101519,0.4732079675301241,0.637379809044633,0.7959405172490701,0.3583757496029868,0.9599747974412818,0.4843670271212374,0.3717391473410033,0.49017116382919323,0.6335737086584723,0.6969402193819059,0.6685550146703872,0.5559508534230037,0.46335172164986266,0.41215568228774424,0.5113167741040052,0.37177549930651294,0.4867661273130485,0.6668346852498929,0.6570393573919128,0.41403717755693736,0.5187247084468203,0.0,0.3281918961554715,0.5884113646489748
0.0,0.0,0.5544093456001715,0.0,0.0,0.4660391420093974,0.6596528162474075,0.40707407536988816,0.3812285347014077,0.0,0.0,0.0,0.48590504798069695,0.0,0.3809332710930205,0.0,0.0,0.0,0.5001500520324085,0.45710625864643917,0.33960091369447665,0.44506108225434987,0.5373429514437742,0.0,0.0,0.5022300188234813,0.4053518766717037,0.6107387392570058,0.4066534539757577,0.4548339901178435,0.2699434106006118,0.4601835261317832,0.0,0.45054507548020856,0.3200109085017549,0.34986938358634373,0.0,0.0,0.35406685956740114,0.4331223270410674,0.574919135023429,0.5362148734743258,0.47891307709098363,0.9547199478593742,0.9282435411071737,0.4435708978053673,0.5387612342898287,0.29859895389643965,0.5742732966819198,0.2829103654392924,0.6368403164778116,0.45017121526770715,0.39349018194212027,0.5544533048915278,0.4227421884194971,0.6206463005295801,0.5819006299013028,0.6299002676251935,0.4795396983440694,0.48891713447512036,0.6144890314845218,0.4208683415346568,0.3860531606284357,0.3859007869013049,0.49941332530174165,0.42247527379705985,0.17757725743799102,0.5040218834574868,0.4395870130654027,0.4227443841723629,0.5331838169336391,0.4536540193905839,0.3989040522217908,0.3281918961554715,0.0,0.5614623113950501
0.48728528021191714,0.6139809399524249,0.45543585130149133,0.0,0.523362875015514,0.4737051645243956,0.5219598703976632,0.3676660640351308,0.6273318632728548,0.5083858251375477,0.5115853494958263,0.5791860026637883,0.5442332581195719,0.0,0.42505097775055145,0.4877975700862683,0.5443878814819592,0.5454934857797712,0.7244170089493104,0.4349136690437292,0.3086862972879811,0.5892975685088289,0.52189489877519,0.5447045786855538,0.5000335934267615,0.5068479549078603,0.45484679833575703,0.5641904194851554,0.45482342234547224,0.3846181163627793,0.3431826178291688,0.5687982535584876,0.47787173196971083,0.379492763513332,0.6978368271842784,0.6934152089281115,0.34103429659459683,0.29869562454722676,0.4677854155787507,0.4224257385144554,0.2357121341700632,0.4995039736165368,0.5796530707138162,0.6682958932047355,0.41175657860632997,0.6272558433230565,0.6614062371826157,0.564956327872482,0.6259344569628591,0.6757508961323165,0.6482432463808359,0.5396736006457195,0.4504632927011478,0.5781029651132374,0.5266336503493367,0.5481938685631045,0.4526169205563066,0.6688645175756748,0.6371996313632559,0.3882237538314298,0.6219564990557687,0.6512589363328778,0.7118881147436643,0.5800373652968035,0.6283809786067001,0.4458860172227961,0.47841832082255226,0.509394448793467,0.6095380095539635,0.6440022816902443,0.5555655438861583,0.44294187001790525,0.6802028933442567,0.5884113646489748,0.5614623113950501,0.0
