0.0,0.2974647215896896,0.18005755298935444,0.0972485451059384,0.19719857306751976,0.14813695780086605,0.1689875154524689,0.1679139844726718,0.20786058713621056,0.18543506905858073,0.27171264272572726,0.10789726081316635,0.2851558952752297,0.30210418850386433,0.26985317503184847,0.1807343741981028,0.270374132012681,0.17970164472153927,0.2593058373031867,0.15316189690668597,0.16984215157422708,0.1515170874559075,0.20435867042919617,0.08745956616419184,0.2322602937912341,0.07424681645044011,0.15620923801390652,0.22960964452531357,0.13050040229369717,0.2822070045243742,0.2670323508402701,0.30035692749947457,0.12480536796388975,0.158660239853802,0.21130104076890052,0.11227193528428911,0.08082046020100914,0.19418430783702492,0.06221395121236712,0.22515100279592376,0.2691985011894935,0.20526533082938161,0.24075215829469737,0.1033305537170663,0.21634539492493146,0.029109264466211548,0.29785368386980887,0.15688202225214154,0.09760256415606437,0.2442534206033527,0.24987141935792906,0.2831456493297442,0.2113755692089588,0.2437387078720552,0.11990976631853303,0.04569843775068872,0.1634115491414244,0.19845274088010298,0.20350715665056848,0.11563454154997206,0.24104090310435092,0.12650781436391526,0.17709464589724,0.23957243063146313,0.22674850649210238,0.04971407670078991,0.22219501547647824,0.19281801152158803,0.27359087462480236,0.18946574015559828,0.06215389759371011,0.10438233791647862,0.1862829471141218,0.14116629051778767,0.22046073858614157,0.2968607320777671
0.2974647215896896,0.0,0.39993615728139137,0.5916289921530874,0.7294142608170867,0.051140281496584714,0.5850650255711093,0.06575957135165784,0.15022552229858563,0.7057552308402095,0.26197006990949295,0.2378947619462012,0.3234431844261308,0.39550912922688275,0.4868485065464751,0.28374123358712267,0.9848272061980614,0.5553651308642411,0.12930042178892595,0.22732289234006958,0.22952273351581678,0.2863256867268337,0.40567779185199404,0.31969744446975007,0.18848746058014243,0.4685018775196675,0.2530794567254506,0.1252765460486795,0.2412742060864747,0.29010405681223617,0.09895057698820234,0.44963565771778674,0.6452754754957597,0.2582444134935373,0.759572412063899,0.6281642110080305,0.5359433383030197,0.40888339575493315,0.551820228903014,0.5653816373287169,0.512163494666955,0.5448628641960063,0.5719922429299196,0.4040858107312895,0.5688372001279132,0.3619105274218712,0.40339112726746046,0.22911483192084028,0.5129051977115507,0.4363987272632748,0.47993164991664905,0.4624079779287328,0.4357089522509468,0.19773827865898233,0.6038925865564374,0.6866848802939997,0.4414302243663961,0.3088395459151314,0.2906370467348836,0.2575292029957526,0.5104914856255459,0.38120209595057347,0.2629073027032113,0.15565615652641426,0.13921896170489864,0.31916990097174724,0.284134939531444,0.29786304568096633,0.22652594809799836,0.16515504103911996,0.44379834429695597,0.1981354363842155,0.37921120371094236,0.40830125042197424,0.313296333341955,0.36699716588279546
0.18005755298935444,0.39993615728139137,0.0,0.46720561661253607,0.5447339121250363,0.25271575167527927,0.5437617068264672,0.2545408266233863,0.2585736203815413,0.6240627050951583,0.22743728368976224,0.1380685112995821,0.3216651207538294,0.3613501451960658,0.2463273521335763,0.5169935150217171,0.9999999999999999,0.47245707248127394,0.3373829526471028,0.4199553826124907,0.47960696909933337,0.16602601285994273,0.6236087856609787,0.14458651194088068,0.1742762306017881,0.46414801607899986,0.11764627798127514,0.3028274217845378,0.1657336461507898,0.20584610261595584,0.3223855064688353,0.4054408905590718,0.5307860321626289,0.44141723533562727,0.5975367139895161,0.5555240753621693,0.6535785727487091,0.22798685698496426,0.49960425501907885,0.817186098466329,0.7379372005213031,0.7295505374945396,0.594401308043902,0.39214728606404414,0.9872524191627943,0.3789620293461057,0.18684870104320028,0.3684162574131862,0.5259551363176541,0.39668106174336243,0.12135572460590585,0.5266174463612902,0.7293274784948534,0.42569802006572033,0.5732410299151934,0.45809251416330066,0.30870924988004056,0.37548740421969834,0.3586392840267853,0.18339146286911223,0.31664615860464584,0.6728969625640985,0.3867928596127716,0.14242223128779033,0.16986117373595036,0.2966923195374604,0.19808440471070365,0.6420417937267597,0.18353094001074388,0.2632100519315508,0.629843179209492,0.26581403387863567,0.1341494772754819,0.26688156073031877,0.2693384669320856,0.07844985613760377
0.0972485451059384,0.5916289921530874,0.46720561661253607,0.0,0.729236686760979,0.4364046059358292,0.648390907922959,0.1927280994121764,0.36807685342149604,0.7012533904684969,0.39478208614308663,0.47278345345152684,0.42849844607136606,0.4720783331499205,0.10380323438962114,0.4120515728871511,0.9142038709592665,0.6226057520393817,0.3452367770583517,0.2998727495425825,0.35036039270693636,0.09169925825939527,0.6345857990865258,0.43814643787523583,0.30282772111192247,0.622953425208216,0.27494494843798306,0.32823309735386363,0.2920917480729027,0.3278987409804596,0.3697639620538768,0.5478993707928171,0.6493178470645926,0.39856569559204347,0.7329961958984809,0.7033245970052515,0.5284025501136635,0.22652724812415018,0.5087557668071274,0.8112075368337461,0.5467146722810491,0.491107298064767,0.5979021611196927,0.44813788840289664,0.6006383634409471,0.28359752229196866,0.23266690620577601,0.439807687153672,0.4824872846814238,0.4057846798305305,0.1497548197165168,0.528090875591969,0.5187806903477508,0.44936151298615995,0.6926896405196616,0.6156373091856524,0.5318899355097431,0.4372506746274515,0.3790665232898057,0.20206763607429704,0.4970050144643312,0.5382406274027483,0.3183056392428007,0.48302687411005446,0.11175664301812435,0.32207749673088215,0.2248506759711888,0.5797602106671518,0.2541665978480676,0.40795845503199446,0.5909627469182566,0.2616552253277877,0.25263584530963884,0.3230105998811643,0.1633523124424216,0.17046693456099077
0.19719857306751976,0.7294142608170867,0.5447339121250363,0.729236686760979,0.0,0.3472219917603099,0.6378074566373282,0.12648275041932217,0.3364674689521552,0.7714964316051361,0.3738332729316958,0.4084068288430779,0.43885059800877296,0.5238371426944899,0.09789007336087627,0.5888840726397521,0.952074423283476,0.6275626975513648,0.5094017080336382,0.2509003751539563,0.4832645565348708,0.12712861882720178,0.615854912537913,0.44179661871989473,0.4207758428924405,0.5159367800408838,0.2276043230724836,0.36183081955855934,0.31716557293473047,0.3357723458212893,0.41984669248164924,0.6002247280734713,0.7315696088314549,0.42734032593185195,0.8436169878315297,0.6962303657443814,0.6633254200759371,0.2493272641074069,0.6090590590198927,0.7984904737950046,0.7440001439688342,0.7072246469522112,0.706922185685348,0.4951509564175265,0.716484278168654,0.17993589192461956,0.23865033810017816,0.5660123609624272,0.5375992022141524,0.4648479543964815,0.1265612422669138,0.5468261582870131,0.7010231687916111,0.39303656690468686,0.6731553701854145,0.6240965990328886,0.49823193427690293,0.4511748468064743,0.31864155534919314,0.14529842860472186,0.545619610572449,0.5918354910028484,0.4399529829905407,0.4865360059543861,0.16737340429641,0.33696899519892326,0.35431858738718197,0.719891081634369,0.3357889115329905,0.3558991657112722,0.6184668838439081,0.29210713296519,0.2632182385395534,0.4435400455440606,0.22173199724018056,0.14413303260473517
0.14813695780086605,0.051140281496584714,0.25271575167527927,0.4364046059358292,0.3472219917603099,0.0,0.31637541843154504,0.31459556325313354,0.05885967264276691,0.4203260384893517,0.30136797099637525,0.2495903974594324,0.03646668961290352,0.2695427529438875,0.20176762723302533,0.12795105929557396,0.7067961198490883,0.34417259476410483,0.35970382587626937,0.2157663427174984,0.17881235692788694,0.1817517316597821,0.118288437907335,0.11372358811692022,0.1944322297288084,0.14928785834407451,0.21849823381992856,0.20006593888279411,0.23790180088364637,0.02452533206819966,0.14579120661736314,0.3039003142907568,0.3819351021934447,0.11743215019867717,0.4671836328234247,0.3939113403091504,0.3248964198837187,0.270716941362762,0.2700168800681559,0.48236304368240707,0.339983990825425,0.3694586587263748,0.40809821889979087,0.18711832334455666,0.37456119405032373,0.3150458216668294,0.3121358726863893,0.3022421156210543,0.2982952380542452,0.1637428547880107,0.1948147299947219,0.20551914882254352,0.27052148708032764,0.10798676392157733,0.2837782728183815,0.2281805327451858,0.12127930740296985,0.18786072350475203,0.08208506345849838,0.2650332435551805,0.2590556199408065,0.08540820129795383,0.1945998057337913,0.28652334269247326,0.1989520059148016,0.30150633686871897,0.3138722513672889,0.0829800968143773,0.2259074987960053,0.36949120803331575,0.14473555809759767,0.2677579201933816,0.256838626372553,0.2216236104582413,0.21504116464273662,0.25493829360785525
0.1689875154524689,0.5850650255711093,0.5437617068264672,0.648390907922959,0.6378074566373282,0.31637541843154504,0.0,0.12056001710715353,0.25362855851749727,0.7240402131021644,0.35214870888717326,0.45518096576450656,0.28753425735274557,0.5183013366643685,0.09313368155825505,0.5340821599375705,0.8950608987975588,0.7033190808631973,0.3701345931949469,0.2683944345499532,0.4673359122265813,0.06222827379112375,0.6159394207952303,0.4859221708815052,0.3433811298912069,0.5665564149576008,0.1250688216092544,0.27647770568922303,0.25482828532199203,0.21552703664755743,0.4601579559313966,0.5038823542451398,0.5960961901173647,0.36499762782649614,0.7133621376753111,0.6302051053345137,0.6591657491476314,0.24423986500597353,0.56633532491732,0.8351258483456654,0.6642154738683901,0.4983565548241733,0.5858764398991575,0.41427861842214964,0.789062422036689,0.09620384105140603,0.15999608297943335,0.570865006736521,0.3925652911979159,0.4288563785983225,0.06937740927206956,0.42485859348713384,0.585374148171917,0.36262228539426844,0.6705497517019003,0.7228700053860069,0.5362434966713753,0.33424434905620015,0.27106881705045544,0.08306873990414435,0.6645370871647798,0.5817115051096219,0.3621284230094831,0.4493580105696562,0.1916839845217843,0.31013210842934935,0.44960469220240495,0.6115025599351966,0.3669312685478985,0.31629363395368465,0.5401592100520907,0.2035234251474224,0.16661715292958967,0.5215037594021877,0.22699624828143494,0.15300450530214665
0.1679139844726718,0.06575957135165784,0.2545408266233863,0.1927280994121764,0.12648275041932217,0.31459556325313354,0.12056001710715353,0.0,0.14593261315985953,0.2371945488937945,0.26883874336902663,0.11156704645757781,0.19809922691865345,0.11806675240239696,0.2475280125029001,0.20138604966793533,0.29189603734881264,0.057591225549416994,0.13289112415654272,0.12563756850678967,0.23120570686865158,0.21975759379216084,0.38140958795027985,0.22371083784240925,0.24368552201382895,0.3116544031403036,0.27880344449743144,0.2252028891684242,0.35470283143382064,0.32438437538796655,0.2831042673705348,0.1782395959869238,0.25265651371358333,0.3300215691165689,0.21657082940854958,0.11800329822581368,0.18817930732735738,0.21089864948866052,0.19372373326973563,0.09750447259155687,0.0,0.18663956996601466,0.10271233568267285,0.17368937685861896,0.026800913399437173,0.2756301335582542,0.14645774672478404,0.4832694855266165,0.2166394654880906,0.05448326021230996,0.27650708147105635,0.08037556457432483,0.09541518568435857,0.2597042074225336,0.16096469755800769,0.07555377753975201,0.18187178689334887,0.2704377411119352,0.1963344104067623,0.4201084264828672,0.10953041276114796,0.22181973779304517,0.2381288366962754,0.3173322453489164,0.1705766779765275,0.1882430632830507,0.27234827429083003,0.27414728128807003,0.2439312574645956,0.2612319165729095,0.23001126261451205,0.2606584789975667,0.1974570775691429,0.12865806432780397,0.3758727557963563,0.19442738422928865
0.20786058713621056,0.15022552229858563,0.2585736203815413,0.36807685342149604,0.3364674689521552,0.05885967264276691,0.25362855851749727,0.14593261315985953,0.0,0.5091475773844273,0.08799100082286722,0.21975986937992473,0.08967872416014175,0.22382381950330138,0.24086423287317443,0.16215162629091487,0.7273432969380766,0.5007126105921508,0.2742833346825629,0.2085478889781892,0.2046600443468204,0.2635460208258132,0.2572042103531727,0.15776506947299135,0.11944658106614314,0.2148478282484932,0.20898344323489967,0.2521967636662061,0.23466509770505045,0.2633945641132732,0.44784763680146955,0.3495846223135782,0.4215317926807953,0.05043504959047155,0.4601141128177706,0.35806761387965,0.3624533594706573,0.3633990677720011,0.2970024977716553,0.48601994874283583,0.31223982309861875,0.314515416847311,0.37097081194314185,0.20498050171115018,0.43029750963574764,0.414435328037874,0.33887059988826224,0.11633787344670772,0.2675032371897036,0.08917875776490425,0.4803252372306986,0.22327101692958884,0.3592285401127812,0.18135223845650597,0.3806277595066908,0.331815123021604,0.14961011826426307,0.11829346330535859,0.103853037011871,0.19507678264040287,0.5396000085814473,0.20864508044028107,0.12048017845590817,0.3042799162314434,0.14732189287462638,0.32752697080638843,0.31954582380088326,0.24522943856090937,0.2865732069781987,0.48698329112181105,0.2530407493520569,0.15864243969536523,0.4651012572134033,0.4302002169084349,0.1059878097918068,0.32079968991159435
0.18543506905858073,0.7057552308402095,0.6240627050951583,0.7012533904684969,0.7714964316051361,0.4203260384893517,0.7240402131021644,0.2371945488937945,0.5091475773844273,0.0,0.4160272543040322,0.37999679062464764,0.5405371852175072,0.5917174175226662,0.1323839898029399,0.6106752280483576,1.0,0.7722049324532932,0.46808689486943617,0.32810803356120516,0.5731938932930691,0.18966016953067236,0.7209967525066097,0.42806126902043035,0.4916513350196606,0.647379779839653,0.3098908143004185,0.3870256153281431,0.34016064325621276,0.4291370052069788,0.5151474989658731,0.7074379271086148,0.7755824161288783,0.42943609407048455,0.8840655751789706,0.7135790845138406,0.6370707077261218,0.2670737242152636,0.709264883476238,0.7904233670038552,0.6874363936902061,0.6726432822918798,0.7704101781917758,0.4512642268875549,0.7445388166529333,0.07958071500433837,0.218218653387581,0.7914411775815534,0.7244163078139796,0.60562712024267,0.18939865221940963,0.6731948931898375,0.6636481425547328,0.5561081868037219,0.6859123176104489,0.7707234950431776,0.5991140841631211,0.5505288015106431,0.5876399867576911,0.20710813476759155,0.3126889593942538,0.5983817369873566,0.5640008418887595,0.5856964467072504,0.13006571758533736,0.3662957495865454,0.34714940327794014,0.7357891234256254,0.297268202504896,0.3630759289809753,0.6690749748592112,0.25381092636874,0.30029810257498957,0.23978730191703165,0.2218754786737475,0.28062941266747443
0.27171264272572726,0.26197006990949295,0.22743728368976224,0.39478208614308663,0.3738332729316958,0.30136797099637525,0.35214870888717326,0.26883874336902663,0.08799100082286722,0.4160272543040322,0.0,0.14670802720963108,0.15777862760799327,0.20168048666514637,0.14984103720538117,0.19102619305407056,0.8095584591366527,0.5063363659887391,0.2621580904142954,0.07212260937742006,0.11905582276557555,0.26242296581177094,0.2636512140435947,0.24923450728729907,0.14099399028352283,0.34428368056084846,0.16528472355509963,0.3024583959517889,0.2710612579282012,0.2637427484462229,0.4514183383971703,0.35242281861615443,0.41539721328447116,0.1878410046549547,0.5237272898486012,0.3612855940792388,0.38553981224415096,0.3412672120421551,0.31555318213415623,0.5860181384196687,0.32072713842423345,0.3524087679057354,0.27564669374678924,0.18746039652991844,0.5623162947193661,0.32254032009356165,0.32039181162441344,0.24351684763920725,0.309502216307417,0.22799225506189144,0.37571396811153945,0.22197551198111884,0.41662002945805443,0.1381487677477755,0.32316184248193897,0.3058495258658055,0.31211599945000107,0.14762133964696508,0.08183776914244989,0.29064639886323135,0.4350144815983756,0.23205602859337127,0.0804623052916559,0.35543394365140785,0.19315798716072907,0.19078683997760632,0.3328201776198778,0.20648894710467183,0.2814687347456103,0.4627466150914375,0.31154894307422126,0.20377421479140556,0.42917405219204824,0.3062687642294683,0.186665929309201,0.3836119658798612
0.10789726081316635,0.2378947619462012,0.1380685112995821,0.47278345345152684,0.4084068288430779,0.2495903974594324,0.45518096576450656,0.11156704645757781,0.21975986937992473,0.37999679062464764,0.14670802720963108,0.0,0.27201757782220193,0.3453811528838727,0.3765323004934606,0.1908837826252146,0.5957437098297895,0.4624945724226095,0.377825081916701,0.20262905573111542,0.21641737847079084,0.4246460836648943,0.17493955790463175,0.3500105018754304,0.19896912546078488,0.3127582510034966,0.28066313694103817,0.22662750053635586,0.26491619394191657,0.41889222843578333,0.14651983371789326,0.39377978584818896,0.4258089189207747,0.2726329766843458,0.43986768988785613,0.46229490900421005,0.34648676341301243,0.3335240617946218,0.32516911682100913,0.5047517035380829,0.3610936671857577,0.4393603517472145,0.3811576522581885,0.3596751535724912,0.3961364003229147,0.23059493968193637,0.1840742783143511,0.1436018179203013,0.39028654789906236,0.2531990477067746,0.4138910003053942,0.23986960350893982,0.24524104876703376,0.06615349855807436,0.34784819845685333,0.3788352762582956,0.30520960294555755,0.19943033754788103,0.2170480023535926,0.23443560086636486,0.2172511521628409,0.21788172940483713,0.270455149697753,0.12861767878036362,0.13218838848419445,0.23798572460394446,0.1793297331379541,0.13320553772794372,0.15355997008108754,0.3309198252358801,0.26064872904527314,0.2578860894233195,0.27208383882610176,0.25124544019101597,0.14135835448347156,0.27368607767151315
0.2851558952752297,0.3234431844261308,0.3216651207538294,0.42849844607136606,0.43885059800877296,0.03646668961290352,0.28753425735274557,0.19809922691865345,0.08967872416014175,0.5405371852175072,0.15777862760799327,0.27201757782220193,0.0,0.3178231838309333,0.3943035342975623,0.27992463837830095,0.7756028152536251,0.4717011562597929,0.09981717822475183,0.20005130748597108,0.12763954961384083,0.30596479080510885,0.29039220769715773,0.3132302055980496,0.13638500386528857,0.25804909152125033,0.28898021179629574,0.00055175177126837,0.2413328498508751,0.3400888466438676,0.13008770378393852,0.31188387763207354,0.4262027606413419,0.10190473424159714,0.4844521657059702,0.47130446686537075,0.3457649181072446,0.05834510189638516,0.26181600738844707,0.5490181990294734,0.3764041469135486,0.3444736942539646,0.3903768621420308,0.2153645473762449,0.46552407992321476,0.3030662435499834,0.3815593941667257,0.21208525001236808,0.3050140799840415,0.10584684423948701,0.5030257879708546,0.15926594914383035,0.33027249460456526,0.13612858817314402,0.39409605855353164,0.3955443852358721,0.3252926851867166,0.1874188713420151,0.17290270841640978,0.24577539845929638,0.42182317104049893,0.29972474692233686,0.14453443503692026,0.14476423371462904,0.2021597435122597,0.1721222115446356,0.35057550257970416,0.22570310030902935,0.10557278984132425,0.004754178093972682,0.26371726388295247,0.1806592445404012,0.5179814243465257,0.4813771319911336,0.11220743466552852,0.42149100011741
0.30210418850386433,0.39550912922688275,0.3613501451960658,0.4720783331499205,0.5238371426944899,0.2695427529438875,0.5183013366643685,0.11806675240239696,0.22382381950330138,0.5917174175226662,0.20168048666514637,0.3453811528838727,0.3178231838309333,0.0,0.15777110403633032,0.30833184889125803,0.6448441605842035,0.5589708102053068,0.11863213607361033,0.08195044043156668,0.2586909345834061,0.18852142285101506,0.3017778843848568,0.3437906236534199,0.26809373626979777,0.38220228846041093,0.24741504782461363,0.2530840336640348,0.13751447540693962,0.13496254730683094,0.154957753401216,0.39350258255540205,0.560129674249559,0.21853226171742896,0.6390247273789535,0.39501841966627677,0.3825303862791035,0.1482518778184963,0.47978571915721463,0.5095393178936726,0.42381888957089886,0.46558551408943305,0.40132560094149483,0.34783031166147144,0.6415300046656432,0.5484247375822506,0.22144228088366033,0.31117293094259574,0.4153705387624095,0.3925495829432963,0.32642092540572326,0.3774145622470886,0.3177201512166668,0.20952929038680687,0.5108027169350055,0.48758972203722567,0.4003086957750199,0.2712817616743584,0.17221211953549556,0.29028605805138563,0.2757799726033817,0.38998181323735737,0.2898569545284335,0.1768262469426531,0.1422996501980762,0.15835236791216378,0.10004250603873248,0.3463787753477209,0.1657787643152407,0.1998374613812536,0.38657504976047324,0.12782529743035875,0.3163298522395327,0.28023229136593114,0.17393372567725954,0.22806343001703627
0.26985317503184847,0.4868485065464751,0.2463273521335763,0.10380323438962114,0.09789007336087627,0.20176762723302533,0.09313368155825505,0.2475280125029001,0.24086423287317443,0.1323839898029399,0.14984103720538117,0.3765323004934606,0.3943035342975623,0.15777110403633032,0.0,0.2747353780655035,0.5797163590942054,0.4181930679081433,0.35726711959539426,0.3282710532530896,0.20587393513757607,0.366234036758127,0.28456530334607344,0.39618324320725185,0.32472367519597445,0.06495150823851169,0.5020839965278314,0.35175695145656455,0.49847474534100544,0.29019822592425026,0.10665600951603457,0.3262650562693112,0.2622525447867848,0.10725702755673205,0.16422923629737995,0.21572098648868815,0.08070172993740507,0.3221073954458704,0.25923548353467735,0.3016700783928852,0.28214471296307275,0.12518911328758842,0.2722816109813911,0.2195768395665887,0.5263079861659044,0.2247293352936981,0.3031783325135157,0.3488299850664251,0.2670156058344946,0.23347650815888205,0.32789066284445095,0.25089393981923397,0.27090385642358694,0.15223133362415311,0.0712929655954935,0.15203469537357656,0.26394093090252074,0.2699805873945885,0.20598716714074075,0.25516543792793434,0.3795939961373704,0.339398099807837,0.3090964966214582,0.3415608332174622,0.5121539513552429,0.27200850290679646,0.5089799647051696,0.17958468714059234,0.1475377453934592,0.3602792524397027,0.11597930991266356,0.22667244903162098,0.27778080982330516,0.5388865879155892,0.28439747700189366,0.1900084339640496
0.1807343741981028,0.28374123358712267,0.5169935150217171,0.4120515728871511,0.5888840726397521,0.12795105929557396,0.5340821599375705,0.20138604966793533,0.16215162629091487,0.6106752280483576,0.19102619305407056,0.1908837826252146,0.27992463837830095,0.30833184889125803,0.2747353780655035,0.0,0.8942184072421118,0.45238047124168485,0.10742805276984485,0.2922279363116862,0.35066208706913815,0.12781744207529375,0.5269690449940998,0.14127379927062236,0.10898793983546601,0.3132995902308904,0.2331363344900283,0.12561165174645175,0.1970241054500192,0.26915214447931707,0.14751129626752582,0.35557631979654103,0.6236688510094948,0.3122575278543767,0.5759838604984461,0.5929665657990077,0.43125372796976114,0.26715349865624977,0.44165296534007853,0.6596586370483606,0.5445015773180067,0.5232008821845461,0.4293745521453919,0.4025713510746418,0.6673101112100551,0.12616022019655096,0.21061427345344128,0.3380477469081794,0.4836468423415855,0.3977101344669832,0.4148099099930144,0.44217233041379495,0.39087476026482443,0.2070300474556208,0.6851654539871735,0.5092368267702523,0.3679906775253816,0.21914394113602997,0.2077459454350523,0.1403639642558842,0.38960276653355613,0.5205763190772237,0.17424138449177734,0.1420301935606154,0.1627766377002317,0.24571104744385336,0.16353062854430286,0.43474807241106433,0.0796274512674497,0.110069691534988,0.3862003509954948,0.19527469945167159,0.26734030576601026,0.27093062219101355,0.22355132850541415,0.2855852234728209
0.270374132012681,0.9848272061980614,0.9999999999999999,0.9142038709592665,0.952074423283476,0.7067961198490883,0.8950608987975588,0.29189603734881264,0.7273432969380766,1.0,0.8095584591366527,0.5957437098297895,0.7756028152536251,0.6448441605842035,0.5797163590942054,0.8942184072421118,0.0,1.0,1.0,0.719037495935744,0.8781294733293351,0.5436729863814221,1.0,0.5525465553458162,0.6036459769474743,0.8684758357792451,0.7445358952682005,0.6466276980208477,0.6187434585893942,0.2606260483867724,0.701658993731071,0.9132902513329552,1.0,0.6272716499046798,1.0,0.9392305289918392,0.9963803757042267,0.34351344041022874,0.9999999999999999,0.9999999999999999,0.9999999999999999,0.8301393792444006,0.9762837218761223,0.7283679610547547,0.9762149388462804,0.32403000840892504,0.598689250874403,1.0,0.7484175756673843,0.8246954906869097,0.4408736938223257,0.8921187647551874,0.9986368464745335,0.798444461941215,1.0,0.9790485773423626,0.7489642127541157,0.7235752476918064,0.7169442062249021,0.473074203322316,0.4088735899930056,0.8144663643007471,0.7704777312475434,0.8565033758780634,0.16294873630838025,0.6594946789539157,0.27320499083836286,0.9999999999999999,0.5824375135971555,0.6592576523110383,0.9571714240729119,0.5270241664521851,0.5499536416359341,0.16697816015756112,0.2354519295431934,0.4531316483253698
0.17970164472153927,0.5553651308642411,0.47245707248127394,0.6226057520393817,0.6275626975513648,0.34417259476410483,0.7033190808631973,0.057591225549416994,0.5007126105921508,0.7722049324532932,0.5063363659887391,0.4624945724226095,0.4717011562597929,0.5589708102053068,0.4181930679081433,0.45238047124168485,1.0,0.0,0.38985725000522575,0.29241262373753074,0.28590526847713804,0.14108004553261813,0.5401524114220514,0.5196356630879083,0.43418280912811075,0.548599299274601,0.22470886312009716,0.3260683457845074,0.31444207999842727,0.2838738688266184,0.39880127686708766,0.754547084899212,0.7101586128115371,0.3313911883313854,0.7190434633847415,0.6278265977469281,0.669383044336153,0.1403904828944343,0.7453301581678903,0.7006637377006076,0.6821575984335821,0.6814619457230879,0.7161289874873793,0.5238773580399895,0.5895870937869483,0.3599133148706598,0.15635826652410456,0.4145955647681051,0.6438569191256682,0.43203375640402053,0.2627989981679269,0.5415300363558041,0.6600835826762097,0.5413954234313292,0.6982055478206796,0.6657560366526085,0.5180594856038175,0.45519467370575956,0.40656229982826175,0.5183035667040254,0.22975644869519327,0.5152511782126438,0.3404844061993737,0.42558111692542666,0.15268296436076384,0.09184514434083582,0.18315585967444578,0.6196805793362316,0.2464710216640656,0.31626531959012394,0.5716631701122775,0.17710031079796995,0.27063500931596635,0.24943404849080725,0.4613647366882749,0.1955593325835627
0.2593058373031867,0.12930042178892595,0.3373829526471028,0.3452367770583517,0.5094017080336382,0.35970382587626937,0.3701345931949469,0.13289112415654272,0.2742833346825629,0.46808689486943617,0.2621580904142954,0.377825081916701,0.09981717822475183,0.11863213607361033,0.35726711959539426,0.10742805276984485,1.0,0.38985725000522575,0.0,0.193262884209922,0.1003361041108173,0.2644473087037444,0.2086034817909434,0.2977675287230292,0.30734148872385164,0.12644580303875272,0.22730707267946845,0.2754423727511868,0.3495741748212142,0.4799550486723676,0.36619430199534614,0.2152130036205363,0.43457808531785935,0.05221073887362322,0.5619503257107811,0.37906529228248176,0.5216945433304048,0.2006831159043141,0.32543103287258945,0.44109407597552086,0.37725943592484085,0.4004894614891367,0.3846052334293152,0.30492153176769615,0.445525811544283,0.277630050993248,0.18538334805051582,0.2733081751752453,0.39017871089042033,0.33340794826764897,0.21645883309251762,0.30083300319419676,0.37291783331330225,0.17986101817387096,0.40262760768115546,0.20893061405808763,0.1575806181807926,0.11156290430061538,0.14290279102120884,0.14574553570517126,0.49841463572700984,0.378138891822452,0.053912639906241115,0.27899093517475904,0.23603795530066096,0.37633993496688023,0.2784997068720445,0.12513764919318035,0.18671833479679956,0.25627431551760743,0.1784666123433365,0.31921857772874884,0.19720870766762388,0.24634329353259835,0.16977053371692857,0.3146062368562792
0.15316189690668597,0.22732289234006958,0.4199553826124907,0.2998727495425825,0.2509003751539563,0.2157663427174984,0.2683944345499532,0.12563756850678967,0.2085478889781892,0.32810803356120516,0.07212260937742006,0.20262905573111542,0.20005130748597108,0.08195044043156668,0.3282710532530896,0.2922279363116862,0.719037495935744,0.29241262373753074,0.193262884209922,0.0,0.12981618122282357,0.33609700721530855,0.5239350621972597,0.15741160762674097,0.23114386791809427,0.2597877117578819,0.4259855761563763,0.20942680635189878,0.29369267662474396,0.4171919190667851,0.15658949661643048,0.15369948500378566,0.32349110730355757,0.14380308870975234,0.45348808717258665,0.29711318887778415,0.45045608134168613,0.1542289220854771,0.37571975115251915,0.44308210801636433,0.2926825118809301,0.2525154635415656,0.2677313677349471,0.16666835755676448,0.38288176471611285,0.24625582411415628,0.15004231918200028,0.25286671803780814,0.23092437722258188,0.073741507522938,0.19780786287449478,0.17677107561349195,0.3424148007745135,0.3647777469689767,0.3017805970015333,0.11755749245928837,0.36891649963464124,0.12659594551717437,0.31912682143254106,0.3109962163346768,0.4339007998647329,0.10125170868595276,0.3234623134486997,0.2632892283405258,0.3142679205644485,0.2823806678950088,0.24908403697687131,0.4133839550473725,0.22349078098860506,0.44593595975256983,0.18929420140680658,0.35063655115317244,0.2806576702959679,0.38657467462810097,0.3079739643592687,0.2697447076228514
0.16984215157422708,0.22952273351581678,0.47960696909933337,0.35036039270693636,0.4832645565348708,0.17881235692788694,0.4673359122265813,0.23120570686865158,0.2046600443468204,0.5731938932930691,0.11905582276557555,0.21641737847079084,0.12763954961384083,0.2586909345834061,0.20587393513757607,0.35066208706913815,0.8781294733293351,0.28590526847713804,0.1003361041108173,0.12981618122282357,0.0,0.2175442300881001,0.26094691438261,0.15830240089236866,0.2612042649347271,0.2656944856694808,0.1889413730650752,0.30520564234275727,0.2186932764903455,0.20657189702662232,0.0974795746333594,0.2801430134080559,0.35700839757498826,0.29722684805900523,0.4881323748888234,0.3657441133009214,0.3716017629686252,0.37405337636822206,0.2930656310542665,0.4295246864913285,0.4792555028499424,0.45054033675292254,0.2797490611378122,0.2179075889741613,0.6461074477243366,0.1271540559679154,0.3212725811627683,0.043251662833576135,0.33186869579301015,0.17763880917816086,0.37623913653727503,0.24744074663809856,0.36774807145249266,0.3072405695650558,0.48496188290066794,0.3263149590338027,0.31165663496082335,0.15998453155060405,0.24234525174994745,0.3531394924754447,0.31860140341958926,0.3747851354351255,0.28834857402535274,0.27155375678519866,0.3302068560255419,0.15363131187118542,0.3318730970365806,0.18688754160678508,0.1227129311720897,0.34552741370747375,0.32532164316842166,0.2101934558113032,0.2813219329343557,0.23085523656592194,0.32833294016283987,0.21523024661565418
0.1515170874559075,0.2863256867268337,0.16602601285994273,0.09169925825939527,0.12712861882720178,0.1817517316597821,0.06222827379112375,0.21975759379216084,0.2635460208258132,0.18966016953067236,0.26242296581177094,0.4246460836648943,0.30596479080510885,0.18852142285101506,0.366234036758127,0.12781744207529375,0.5436729863814221,0.14108004553261813,0.2644473087037444,0.33609700721530855,0.2175442300881001,0.0,0.2703138440269821,0.3528268484943595,0.3393416593237884,0.21501677387173468,0.2836128801981536,0.25065158176347885,0.2282701835772391,0.3094348781269186,0.24100163495336277,0.2292667078748748,0.2448480883231731,0.22198574587126346,0.2588658860089921,0.09310795516056103,0.12142569247269541,0.22452707573036831,0.3384310285031625,0.2951789071142444,0.285281126872152,0.12752912704199662,0.14188935371642308,0.3488803357384284,0.1708903056358383,0.16360369984751807,0.17901218329288932,0.38317012718502824,0.1463308198799505,0.17433374159510956,0.2702590289581292,0.28707062695539987,0.1919926518487647,0.40230086583486074,0.06642624776173255,0.229448339241028,0.23854513205847933,0.331251804513417,0.2585137037255865,0.2336664349150298,0.2184161388865608,0.19901100030910565,0.1699880830693951,0.1959193834353679,0.2452837253029513,0.12749805193929103,0.19618159870255275,0.2854168763603049,0.13332894592984598,0.32291720920326616,0.24236711479218548,0.3480721018007987,0.1789476639525003,0.17522398772167164,0.14693906922686337,0.13181965963653605
0.20435867042919617,0.40567779185199404,0.6236087856609787,0.6345857990865258,0.615854912537913,0.118288437907335,0.6159394207952303,0.38140958795027985,0.2572042103531727,0.7209967525066097,0.2636512140435947,0.17493955790463175,0.29039220769715773,0.3017778843848568,0.28456530334607344,0.5269690449940998,1.0,0.5401524114220514,0.2086034817909434,0.5239350621972597,0.26094691438261,0.2703138440269821,0.0,0.2985633686734949,0.12460309936065635,0.37280168690869103,0.25340667228012537,0.125118548789879,0.27313902765875747,0.3463943675126671,0.11745541662886043,0.5103353849768439,0.6366881249046616,0.38284402572421894,0.7814952125767389,0.5613344704783724,0.5699705562744356,0.4302012187105943,0.5201482697917418,0.621271876893444,0.6562819229500639,0.6685048278570187,0.5064482997977912,0.5206096879496657,0.664451897270504,0.30483321960924586,0.2474823393143225,0.24715199819380382,0.5136130187839144,0.3636548972432349,0.2552464965094897,0.47490006126737916,0.6067817655872615,0.2615925725573407,0.607056656632049,0.4653835462793553,0.3228216352399841,0.3007157622933563,0.171480924313336,0.3232749284374344,0.23039697841768386,0.47673927213280143,0.16978344065332324,0.3765729726922502,0.19590202989083583,0.08684527653229479,0.19910375724805487,0.3911231582647308,0.15400397176079145,0.12399058872434278,0.4168736702364263,0.15260732172091135,0.25132472833478137,0.25382807674795504,0.20561883135203196,0.22994470311016002
0.08745956616419184,0.31969744446975007,0.14458651194088068,0.43814643787523583,0.44179661871989473,0.11372358811692022,0.4859221708815052,0.22371083784240925,0.15776506947299135,0.42806126902043035,0.24923450728729907,0.3500105018754304,0.3132302055980496,0.3437906236534199,0.39618324320725185,0.14127379927062236,0.5525465553458162,0.5196356630879083,0.2977675287230292,0.15741160762674097,0.15830240089236866,0.3528268484943595,0.2985633686734949,0.0,0.28223828611566654,0.40235368207975997,0.3344113547844531,0.25744429128441354,0.31084187982769546,0.3334484778809612,0.18785962657243213,0.517637576531022,0.44859399050235826,0.30596472784470075,0.5667998183216996,0.5071271957302312,0.3674981867916995,0.11691656789755435,0.33670758980278465,0.6104035867869861,0.3396693544469388,0.43571414660052626,0.4198104403876125,0.3018720436199427,0.266189527946093,0.2670621328740475,0.32279807373552133,0.4454234854941993,0.4855725247526943,0.2968286114362988,0.2325610655320935,0.33667086526938367,0.34788795315410687,0.23152679749289234,0.3546386727131137,0.3950884091416482,0.4040145085895426,0.2724441012448008,0.14173061947429452,0.21467021022019028,0.3025025245351191,0.2049232769653905,0.29041084910878784,0.19114329781083345,0.27039176086988287,0.18240891166629694,0.3379175025838089,0.10649462912344355,0.1892013905698636,0.22429632044563982,0.2930286100487289,0.2717396632435695,0.23952402436250533,0.3371789882049823,0.10875558324587635,0.15165349163121028
0.2322602937912341,0.18848746058014243,0.1742762306017881,0.30282772111192247,0.4207758428924405,0.1944322297288084,0.3433811298912069,0.24368552201382895,0.11944658106614314,0.4916513350196606,0.14099399028352283,0.19896912546078488,0.13638500386528857,0.26809373626979777,0.32472367519597445,0.10898793983546601,0.6036459769474743,0.43418280912811075,0.30734148872385164,0.23114386791809427,0.2612042649347271,0.3393416593237884,0.12460309936065635,0.28223828611566654,0.0,0.22691772963365195,0.21330839996874515,0.369032548772873,0.304566398341554,0.45264771581553365,0.3846049330690032,0.3004382968173998,0.4526573535667137,0.12734205245263983,0.5246364535781417,0.4304683579454029,0.3003225913489052,0.4207388872511891,0.4284782829399757,0.4115862244143927,0.36769704048288177,0.444846113503684,0.3794068503528694,0.23888718072114018,0.44334152292505835,0.23915010253804972,0.3585586629799679,0.2975096177624318,0.41810840205167205,0.21983106355474902,0.6229643716376516,0.3155482546652438,0.2853600585935114,0.07330083194559056,0.35875112628720257,0.3051865306408596,0.2735521460189433,0.12654617857006809,0.12139340949657268,0.4839260752244016,0.5234190674061985,0.19321214661619837,0.4272075672121395,0.407857244636762,0.15561033181901962,0.2790108891672777,0.2722644568214012,0.3994358181299477,0.2755715450184479,0.5774110202569629,0.23096737308461,0.2102227221605943,0.4543041516475605,0.469933814435847,0.1913046158079805,0.4425506339776788
0.07424681645044011,0.4685018775196675,0.46414801607899986,0.622953425208216,0.5159367800408838,0.14928785834407451,0.5665564149576008,0.3116544031403036,0.2148478282484932,0.647379779839653,0.34428368056084846,0.3127582510034966,0.25804909152125033,0.38220228846041093,0.06495150823851169,0.3132995902308904,0.8684758357792451,0.548599299274601,0.12644580303875272,0.2597877117578819,0.2656944856694808,0.21501677387173468,0.37280168690869103,0.40235368207975997,0.22691772963365195,0.0,0.14780438265596413,0.11893776001696263,0.06942476888478244,0.4399708587565556,0.2532330701364979,0.4635761848017332,0.5021790714011617,0.3347527705983656,0.6195483507357274,0.6349095321262834,0.4899778577390604,0.10710868743553903,0.31026570929380254,0.7354411280078657,0.6257731885225483,0.5544716377653501,0.5090141107179927,0.35590239061119133,0.537942331415954,0.3225146520295478,0.4435093797517053,0.2928936903493924,0.4226755398107137,0.27509116476089746,0.47418290488683373,0.4307599772615981,0.48602918256244587,0.31394875417326806,0.45642143349654474,0.5147120670283882,0.3749450516639122,0.27361175775552077,0.14757692243871134,0.22428651096816263,0.3728702890219215,0.37711340831909235,0.11521968019037052,0.23400988619416818,0.18851501824080147,0.17680515698336857,0.3493685223658669,0.33824469851201355,0.22381178198703794,0.06833514445021029,0.43661727487231855,0.27210633482306235,0.4224846877113381,0.3508874475849716,0.1887653354265946,0.4253112363337772
0.15620923801390652,0.2530794567254506,0.11764627798127514,0.27494494843798306,0.2276043230724836,0.21849823381992856,0.1250688216092544,0.27880344449743144,0.20898344323489967,0.3098908143004185,0.16528472355509963,0.28066313694103817,0.28898021179629574,0.24741504782461363,0.5020839965278314,0.2331363344900283,0.7445358952682005,0.22470886312009716,0.22730707267946845,0.4259855761563763,0.1889413730650752,0.2836128801981536,0.25340667228012537,0.3344113547844531,0.21330839996874515,0.14780438265596413,0.0,0.15692703305749897,0.1606477800409454,0.33573558245580853,0.17941644197407797,0.07716539944716998,0.3605499484229569,0.1951192196656651,0.3714863633497818,0.19371125780494158,0.1550111013731853,0.27129388446180336,0.07834527998076626,0.2817986216804017,0.17200057702224428,0.2599576491858522,0.21696803938056508,0.16479753301551164,0.42122355931978517,0.2790995077906521,0.2689097702587016,0.3221616233212497,0.21132542796359935,0.1364855749115336,0.25331662421593726,0.11987699035801402,0.22360553406347355,0.2062167614263065,0.08677513046441995,0.14873868076186433,0.1020387356274846,0.13836177172612368,0.22707216487193094,0.1431163780746797,0.18773128309531428,0.12023232402443916,0.22069197893639372,0.24938878914324536,0.26842787378125843,0.14394284616251068,0.13112508179102053,0.22375909282051087,0.11399513661314122,0.16022422728815083,0.16831620511363837,0.3708598939920175,0.1456182075070298,0.1814511399517985,0.2946547265061539,0.22492111708635107
0.22960964452531357,0.1252765460486795,0.3028274217845378,0.32823309735386363,0.36183081955855934,0.20006593888279411,0.27647770568922303,0.2252028891684242,0.2521967636662061,0.3870256153281431,0.3024583959517889,0.22662750053635586,0.00055175177126837,0.2530840336640348,0.35175695145656455,0.12561165174645175,0.6466276980208477,0.3260683457845074,0.2754423727511868,0.20942680635189878,0.30520564234275727,0.25065158176347885,0.125118548789879,0.25744429128441354,0.369032548772873,0.11893776001696263,0.15692703305749897,0.0,0.3157780384204456,0.29395874627351487,0.2808956703378289,0.1621843741886905,0.22687881216275227,0.018444828246904927,0.41854173496538666,0.32985872412645534,0.28260482921175295,0.4076203933537909,0.1927427627621483,0.4320361180029021,0.33627403647366094,0.25889964410324473,0.38275761479282855,0.11578173480006786,0.46040212559138455,0.2808443308415569,0.2720727574035398,0.2999649049788212,0.2456079427624181,0.18594760424882628,0.41350844880971627,0.1860717329473369,0.2762718605322807,0.41629308111410823,0.3903379461889996,0.2579797611710212,0.15016122365141585,0.07885827533097423,0.13609551683027288,0.3216262573118502,0.3526452204199597,0.19852735218801454,0.4092617228089515,0.3908711084384964,0.18160899605296582,0.2998291673730579,0.20913605547727115,0.04829128233487998,0.19699076159465922,0.40877016362410873,0.18605035983472246,0.13552697198924143,0.34459606190319286,0.3125481180970045,0.19521146028922795,0.27693091292424177
0.13050040229369717,0.2412742060864747,0.1657336461507898,0.2920917480729027,0.31716557293473047,0.23790180088364637,0.25482828532199203,0.35470283143382064,0.23466509770505045,0.34016064325621276,0.2710612579282012,0.26491619394191657,0.2413328498508751,0.13751447540693962,0.49847474534100544,0.1970241054500192,0.6187434585893942,0.31444207999842727,0.3495741748212142,0.29369267662474396,0.2186932764903455,0.2282701835772391,0.27313902765875747,0.31084187982769546,0.304566398341554,0.06942476888478244,0.1606477800409454,0.3157780384204456,0.0,0.30692854638901523,0.2030444002136858,0.2017032254289188,0.3331248679393271,0.15016383343970285,0.4238739099814026,0.38254277548584115,0.2946270899107701,0.2027583662037234,0.19620051358748036,0.4535178788322369,0.29600430887504614,0.36145246493211575,0.37062480383750723,0.17354519784253028,0.40595524174440745,0.29585868894120104,0.30058544007149474,0.41701883282054036,0.2907049002745524,0.1226683217064869,0.24697065913976202,0.21194239059703196,0.28760610483900423,0.20614451319519353,0.3305246115174371,0.17019152498447673,0.14851038211147619,0.19505465048280213,0.2431508566161524,0.2687109879231576,0.2564781354664438,0.11703183675320973,0.18669133516725772,0.20581946215788224,0.2382055885202555,0.30616388186634796,0.33474271541805173,0.14687064712177522,0.20728260160719547,0.2826789024590873,0.14243661963438622,0.18639913338699413,0.2801486711188334,0.1885159799656462,0.15760097072636908,0.2504302951794622
0.2822070045243742,0.29010405681223617,0.20584610261595584,0.3278987409804596,0.3357723458212893,0.02452533206819966,0.21552703664755743,0.32438437538796655,0.2633945641132732,0.4291370052069788,0.2637427484462229,0.41889222843578333,0.3400888466438676,0.13496254730683094,0.29019822592425026,0.26915214447931707,0.2606260483867724,0.2838738688266184,0.4799550486723676,0.4171919190667851,0.20657189702662232,0.3094348781269186,0.3463943675126671,0.3334484778809612,0.45264771581553365,0.4399708587565556,0.33573558245580853,0.29395874627351487,0.30692854638901523,0.0,0.23260504738767507,0.4234340304499672,0.35876236725136035,0.14360028430131627,0.19924632005247123,0.25339779666794965,0.31165809896122215,0.1622155440131433,0.38380086486741033,0.060192194988656425,0.31852508032902477,0.4229723665842467,0.2959255196866916,0.2633178021283474,0.20564897605904098,0.34990972056315744,0.2173197885692963,0.39003376558538116,0.17356451462249844,0.23429885871311742,0.4624510749962988,0.26840147305478845,0.1307683811106284,0.3852827346668789,0.4279053321545173,0.21674384240462832,0.4298056142198777,0.28879828596344337,0.3517698102922459,0.25782254091555146,0.6696259217719367,0.28792130808610783,0.35458034025098295,0.5262133529823304,0.2539115531382497,0.1443761783884025,0.12444073481389344,0.2875233574534954,0.1957197359288651,0.5040302828684429,0.38843504391599465,0.1401892264612099,0.24124117063001768,0.5266591203121229,0.2923781708455819,0.2138642532920583
0.2670323508402701,0.09895057698820234,0.3223855064688353,0.3697639620538768,0.41984669248164924,0.14579120661736314,0.4601579559313966,0.2831042673705348,0.44784763680146955,0.5151474989658731,0.4514183383971703,0.14651983371789326,0.13008770378393852,0.154957753401216,0.10665600951603457,0.14751129626752582,0.701658993731071,0.39880127686708766,0.36619430199534614,0.15658949661643048,0.0974795746333594,0.24100163495336277,0.11745541662886043,0.18785962657243213,0.3846049330690032,0.2532330701364979,0.17941644197407797,0.2808956703378289,0.2030444002136858,0.23260504738767507,0.0,0.28785235321020153,0.412224024314856,0.16296263289661164,0.4622105147457407,0.46849028869525716,0.38441355328877924,0.3542298289364601,0.3016374644802263,0.5126528453872179,0.4899306289547627,0.41741061928226536,0.3307111152946618,0.262148359546844,0.5302269068175944,0.3444081928172789,0.20895360519337455,0.23217303891372176,0.32588346931389295,0.20467713070065002,0.41820653159653337,0.29651871299047533,0.34138468636472574,0.5045989445892417,0.4068096998826263,0.23243159217859768,0.24300842429425176,0.16107391715863448,0.4596544035834946,0.2661777059197445,0.2311390193138848,0.21295171633629303,0.3754668154090239,0.38238319954620736,0.18403271529497053,0.2890943702315812,0.38334739303989873,0.10955180129653891,0.2832710533833598,0.4536608177935848,0.36878733297300115,0.43158955284757977,0.38709962009955845,0.3091184522812921,0.1915356111128381,0.27296548233070256
0.30035692749947457,0.44963565771778674,0.4054408905590718,0.5478993707928171,0.6002247280734713,0.3039003142907568,0.5038823542451398,0.1782395959869238,0.3495846223135782,0.7074379271086148,0.35242281861615443,0.39377978584818896,0.31188387763207354,0.39350258255540205,0.3262650562693112,0.35557631979654103,0.9132902513329552,0.754547084899212,0.2152130036205363,0.15369948500378566,0.2801430134080559,0.2292667078748748,0.5103353849768439,0.517637576531022,0.3004382968173998,0.4635761848017332,0.07716539944716998,0.1621843741886905,0.2017032254289188,0.4234340304499672,0.28785235321020153,0.0,0.6848499139432855,0.3349518584210102,0.5801888897536288,0.5279265005366326,0.4482959258434459,0.21385151083063705,0.6551965444040336,0.6385606737187586,0.4973746846875907,0.47156174156032393,0.6078444913101433,0.4740068559205757,0.3950996643697805,0.22857753631291786,0.26065170075903366,0.36138289838695803,0.46318607346855994,0.3964816202320486,0.176040285075691,0.4261930318925382,0.46365075648502413,0.3057634765704279,0.651749063351416,0.5763872705356345,0.49838259814801666,0.2734033873915231,0.42954488115541095,0.3196243267909027,0.33060944605270953,0.5486626244902758,0.26734879791243793,0.32776842393826316,0.20340609896008183,0.15249559353514133,0.18861615436683285,0.40649567002402087,0.31626921902994176,0.307035882412127,0.44491078615605817,0.12827501759769921,0.14882858681724628,0.40375352967412975,0.07719805208946844,0.11522582214446696
0.12480536796388975,0.6452754754957597,0.5307860321626289,0.6493178470645926,0.7315696088314549,0.3819351021934447,0.5960961901173647,0.25265651371358333,0.4215317926807953,0.7755824161288783,0.41539721328447116,0.4258089189207747,0.4262027606413419,0.560129674249559,0.2622525447867848,0.6236688510094948,1.0,0.7101586128115371,0.43457808531785935,0.32349110730355757,0.35700839757498826,0.2448480883231731,0.6366881249046616,0.44859399050235826,0.4526573535667137,0.5021790714011617,0.3605499484229569,0.22687881216275227,0.3331248679393271,0.35876236725136035,0.412224024314856,0.6848499139432855,0.0,0.22822062902170773,0.7580200041898452,0.6914244983298529,0.586133102173254,0.13645702427905407,0.6318841036566635,0.5607693028861189,0.3799361288166489,0.4798511254341411,0.7410202370288975,0.3931396339587524,0.4869131371100059,0.050167363633154126,0.34021002008641893,0.5706124262582111,0.5253945372166041,0.34380819545468966,0.2426000247955169,0.536501436816279,0.5835648365224679,0.45429365580417447,0.6024125081618102,0.652532970871223,0.47940471345043617,0.4135049115297309,0.4175477782611389,0.00617654405477833,0.3763250770464194,0.5003827170130637,0.34647254130605243,0.3989588478003787,0.2491128723858372,0.2773789104582156,0.44027366059296774,0.6218790605274533,0.3836023352998467,0.467959081271764,0.6098020789103984,0.2867885351516322,0.2716000573711107,0.0,0.15096472784330006,0.264429772117732
0.158660239853802,0.2582444134935373,0.44141723533562727,0.39856569559204347,0.42734032593185195,0.11743215019867717,0.36499762782649614,0.3300215691165689,0.05043504959047155,0.42943609407048455,0.1878410046549547,0.2726329766843458,0.10190473424159714,0.21853226171742896,0.10725702755673205,0.3122575278543767,0.6272716499046798,0.3313911883313854,0.05221073887362322,0.14380308870975234,0.29722684805900523,0.22198574587126346,0.38284402572421894,0.30596472784470075,0.12734205245263983,0.3347527705983656,0.1951192196656651,0.018444828246904927,0.15016383343970285,0.14360028430131627,0.16296263289661164,0.3349518584210102,0.22822062902170773,0.0,0.4129414402201293,0.3521723365037805,0.3763329950760241,0.043006355187836826,0.26793487438022057,0.39509597702312954,0.3109392780730295,0.18314415473471132,0.2462188395429405,0.2833920186437976,0.3701855261241703,0.14723350711978564,0.43733700722707336,0.2545362546231292,0.3007401466327427,0.15085678032049907,0.6034430372277755,0.2233471856911653,0.432088799042873,0.11525714480643054,0.34156676024381005,0.3173286682861051,0.3283585930902366,0.1995385351961737,0.030896600509568193,0.26448549728162246,0.5679663389690296,0.31443899068789155,0.10795144236936201,0.15234835588809348,0.18079527328795172,0.13856107613657848,0.3651158242013286,0.33120841813924506,0.26627498111719977,0.1485222375170744,0.414144387331502,0.21620784530479645,0.5738330847433176,0.4415017434797041,0.3041908188941317,0.019713712441247942
0.21130104076890052,0.759572412063899,0.5975367139895161,0.7329961958984809,0.8436169878315297,0.4671836328234247,0.7133621376753111,0.21657082940854958,0.4601141128177706,0.8840655751789706,0.5237272898486012,0.43986768988785613,0.4844521657059702,0.6390247273789535,0.16422923629737995,0.5759838604984461,1.0,0.7190434633847415,0.5619503257107811,0.45348808717258665,0.4881323748888234,0.2588658860089921,0.7814952125767389,0.5667998183216996,0.5246364535781417,0.6195483507357274,0.3714863633497818,0.41854173496538666,0.4238739099814026,0.19924632005247123,0.4622105147457407,0.5801888897536288,0.7580200041898452,0.4129414402201293,0.0,0.7922376012732888,0.659529353626092,0.21606433010641787,0.7889892226671853,0.7107102711291515,0.6508086739645599,0.5352238690142178,0.7308702605387021,0.5383836433669636,0.6279970799547067,0.19281174632299755,0.3208054147844753,0.6070725408945659,0.6230763246290913,0.5686585948166868,0.25956544628258427,0.7106203056299522,0.6120016302179703,0.49691302670905835,0.759863412263144,0.7432712779647067,0.6383100037955768,0.538922425201862,0.49926526041243374,0.11604804826850414,0.5948930249735861,0.7441418280757709,0.3836081876670113,0.5551743507491433,0.1586984648103275,0.3338959532640592,0.3368127556673426,0.8195160790460528,0.4041735009313159,0.5002399598835441,0.7297578367378856,0.4449857588726332,0.2521531340923939,0.38898120110030776,0.17192606413982345,0.22555240847120722
0.11227193528428911,0.6281642110080305,0.5555240753621693,0.7033245970052515,0.6962303657443814,0.3939113403091504,0.6302051053345137,0.11800329822581368,0.35806761387965,0.7135790845138406,0.3612855940792388,0.46229490900421005,0.47130446686537075,0.39501841966627677,0.21572098648868815,0.5929665657990077,0.9392305289918392,0.6278265977469281,0.37906529228248176,0.29711318887778415,0.3657441133009214,0.09310795516056103,0.5613344704783724,0.5071271957302312,0.4304683579454029,0.6349095321262834,0.19371125780494158,0.32985872412645534,0.38254277548584115,0.25339779666794965,0.46849028869525716,0.5279265005366326,0.6914244983298529,0.3521723365037805,0.7922376012732888,0.0,0.7151233340658096,0.19617200891827496,0.6227137191890499,0.7448937857382307,0.6801310733451664,0.6057953295306606,0.6112244089855114,0.44239125204182683,0.5703074928790107,0.36482047617734453,0.24959147988511626,0.5026597929642752,0.38674181366846716,0.4419567168840684,0.08880048103388838,0.49875224977677096,0.5697307051482124,0.3375244936626659,0.7030468679257297,0.6582319724908553,0.5347014398470492,0.3764023419804839,0.27535741204009473,0.1572956389298038,0.4759321447717016,0.5629005537971393,0.42980623666196494,0.4557247214409626,0.1987083120955924,0.3606264575746006,0.2340433502534829,0.6888034937932103,0.28662098146950155,0.4013156794309914,0.5948682775908407,0.24932872144659063,0.19041222619319167,0.33125041861866594,0.14760970932430542,0.1539437314237064
0.08082046020100914,0.5359433383030197,0.6535785727487091,0.5284025501136635,0.6633254200759371,0.3248964198837187,0.6591657491476314,0.18817930732735738,0.3624533594706573,0.6370707077261218,0.38553981224415096,0.34648676341301243,0.3457649181072446,0.3825303862791035,0.08070172993740507,0.43125372796976114,0.9963803757042267,0.669383044336153,0.5216945433304048,0.45045608134168613,0.3716017629686252,0.12142569247269541,0.5699705562744356,0.3674981867916995,0.3003225913489052,0.4899778577390604,0.1550111013731853,0.28260482921175295,0.2946270899107701,0.31165809896122215,0.38441355328877924,0.4482959258434459,0.586133102173254,0.3763329950760241,0.659529353626092,0.7151233340658096,0.0,0.26191522708430875,0.5583188138034708,0.5834407152674097,0.6018630491674557,0.3709169816993082,0.6285055629519742,0.33724273102088115,0.5958451054928703,0.07077567399797607,0.2644036695958236,0.5176465992149231,0.4008442161600031,0.43350768033960185,0.15645485291515898,0.5484519776268674,0.4909020929318336,0.3751739257373322,0.6337568980689752,0.6682322142798598,0.46666462380567547,0.29104128221730513,0.28170683318102135,0.21075667361440223,0.5557708971623351,0.5628346593425699,0.33856036436128917,0.45273400027315575,0.10847518553923977,0.2763573906521435,0.23075777511881582,0.6330532100378128,0.2660588668777676,0.36732855686332855,0.5374134315172571,0.21922055162666845,0.12626148213659433,0.37323356654973056,0.20078589875587305,0.169852505463234
0.19418430783702492,0.40888339575493315,0.22798685698496426,0.22652724812415018,0.2493272641074069,0.270716941362762,0.24423986500597353,0.21089864948866052,0.3633990677720011,0.2670737242152636,0.3412672120421551,0.3335240617946218,0.05834510189638516,0.1482518778184963,0.3221073954458704,0.26715349865624977,0.34351344041022874,0.1403904828944343,0.2006831159043141,0.1542289220854771,0.37405337636822206,0.22452707573036831,0.4302012187105943,0.11691656789755435,0.4207388872511891,0.10710868743553903,0.27129388446180336,0.4076203933537909,0.2027583662037234,0.1622155440131433,0.3542298289364601,0.21385151083063705,0.13645702427905407,0.043006355187836826,0.21606433010641787,0.19617200891827496,0.26191522708430875,0.0,0.18451954130701903,0.25444374560221156,0.10395892377867709,0.13330526711224272,0.2051522099329212,0.05811497736368924,0.12987708317090765,0.3318698043191561,0.2559637650417949,0.1943366040112367,0.17252267601658505,0.1559000541514919,0.43846727547747805,0.11144837317861417,0.09142412983395598,0.5123034598929812,0.21084478360940417,0.16556556639758777,0.1479711444198938,0.36308032320791345,0.044045610412627945,0.3508709498727816,0.36370749316871953,0.09304740910924722,0.4025433730129681,0.4448642660896328,0.23542474591175447,0.3296526172806536,0.35004747157598987,0.31574701079440476,0.3458397941218344,0.4475599655130272,0.11243046040831647,0.21042108106995996,0.3350585663415259,0.3410146122729048,0.29049230504836565,0.33231040240671955
0.06221395121236712,0.551820228903014,0.49960425501907885,0.5087557668071274,0.6090590590198927,0.2700168800681559,0.56633532491732,0.19372373326973563,0.2970024977716553,0.709264883476238,0.31555318213415623,0.32516911682100913,0.26181600738844707,0.47978571915721463,0.25923548353467735,0.44165296534007853,0.9999999999999999,0.7453301581678903,0.32543103287258945,0.37571975115251915,0.2930656310542665,0.3384310285031625,0.5201482697917418,0.33670758980278465,0.4284782829399757,0.31026570929380254,0.07834527998076626,0.1927427627621483,0.19620051358748036,0.38380086486741033,0.3016374644802263,0.6551965444040336,0.6318841036566635,0.26793487438022057,0.7889892226671853,0.6227137191890499,0.5583188138034708,0.18451954130701903,0.0,0.5453766487324292,0.4900716441483443,0.42202534765498856,0.6642513349286187,0.469642701248669,0.513096761543238,0.25656163791577297,0.03481232429788494,0.3677089378226535,0.48774660344329324,0.44112163151604905,0.11766904296980252,0.44248335771982716,0.42426597046801934,0.3320580816929249,0.6285815046069521,0.5362043132466353,0.36315951889207343,0.3207464011632077,0.46226479836691875,0.39245566539745913,0.36404718692022986,0.513148952521417,0.31696667469121587,0.32749611623935027,0.1605049360205065,0.23637221689306032,0.33050765842294766,0.4200513516209387,0.20744045619118276,0.26108318219195276,0.4769924825730045,0.2455554251318969,0.1997998338994787,0.5052394467891245,0.20221994918635075,0.056950581797677875
0.22515100279592376,0.5653816373287169,0.817186098466329,0.8112075368337461,0.7984904737950046,0.48236304368240707,0.8351258483456654,0.09750447259155687,0.48601994874283583,0.7904233670038552,0.5860181384196687,0.5047517035380829,0.5490181990294734,0.5095393178936726,0.3016700783928852,0.6596586370483606,0.9999999999999999,0.7006637377006076,0.44109407597552086,0.44308210801636433,0.4295246864913285,0.2951789071142444,0.621271876893444,0.6104035867869861,0.4115862244143927,0.7354411280078657,0.2817986216804017,0.4320361180029021,0.4535178788322369,0.060192194988656425,0.5126528453872179,0.6385606737187586,0.5607693028861189,0.39509597702312954,0.7107102711291515,0.7448937857382307,0.5834407152674097,0.25444374560221156,0.5453766487324292,0.0,0.5692378924343211,0.5844900994489497,0.6481622381454164,0.5052379851129644,0.7352185328342643,0.17096793611202696,0.3569936321811631,0.6725255186261189,0.4868317204571595,0.5196668841129786,0.2921031623590355,0.6155608007109292,0.5971959453740894,0.5117205360647892,0.7375838560396698,0.6881430221820543,0.6438358486794977,0.5045548355643293,0.31882355695404,0.19547845400513378,0.5682026712924826,0.5397287452802872,0.463137133520835,0.6085363717819722,0.2775198075220647,0.3138567772354221,0.14335640417983936,0.7834047525069318,0.43056143693808885,0.44459101217246616,0.6676365135622367,0.3454803201270239,0.34285814067184306,0.39497754146734537,0.24103902757916776,0.28030789247280813
0.2691985011894935,0.512163494666955,0.7379372005213031,0.5467146722810491,0.7440001439688342,0.339983990825425,0.6642154738683901,0.0,0.31223982309861875,0.6874363936902061,0.32072713842423345,0.3610936671857577,0.3764041469135486,0.42381888957089886,0.28214471296307275,0.5445015773180067,0.9999999999999999,0.6821575984335821,0.37725943592484085,0.2926825118809301,0.4792555028499424,0.285281126872152,0.6562819229500639,0.3396693544469388,0.36769704048288177,0.6257731885225483,0.17200057702224428,0.33627403647366094,0.29600430887504614,0.31852508032902477,0.4899306289547627,0.4973746846875907,0.3799361288166489,0.3109392780730295,0.6508086739645599,0.6801310733451664,0.6018630491674557,0.10395892377867709,0.4900716441483443,0.5692378924343211,0.0,0.504920213334837,0.5386534954658925,0.44871321297544664,0.6663796533743752,0.3111416588080036,0.22410876560760645,0.5182571803678967,0.45639182437076303,0.46392517357489566,0.13736063660357875,0.5155930710261749,0.6216168688385204,0.33003040236496617,0.6192447738281828,0.6329824173953064,0.45489926802736447,0.41742862713173323,0.2711403630906534,0.26409055795551883,0.4584979617399194,0.6426115737857984,0.3121215309395141,0.4824863264497304,0.12379631294474967,0.40149892261874087,0.3399277056476506,0.7964669927024647,0.31052895690744,0.36758075432267684,0.7497389923406431,0.2962861243927623,0.15235449367314138,0.3658804837700326,0.18058449603267324,0.11568611493318631
0.20526533082938161,0.5448628641960063,0.7295505374945396,0.491107298064767,0.7072246469522112,0.3694586587263748,0.4983565548241733,0.18663956996601466,0.314515416847311,0.6726432822918798,0.3524087679057354,0.4393603517472145,0.3444736942539646,0.46558551408943305,0.12518911328758842,0.5232008821845461,0.8301393792444006,0.6814619457230879,0.4004894614891367,0.2525154635415656,0.45054033675292254,0.12752912704199662,0.6685048278570187,0.43571414660052626,0.444846113503684,0.5544716377653501,0.2599576491858522,0.25889964410324473,0.36145246493211575,0.4229723665842467,0.41741061928226536,0.47156174156032393,0.4798511254341411,0.18314415473471132,0.5352238690142178,0.6057953295306606,0.3709169816993082,0.13330526711224272,0.42202534765498856,0.5844900994489497,0.504920213334837,0.0,0.5947532438001599,0.3532430671783874,0.5633170043437535,0.1499888659249773,0.21004916074516405,0.43167338113600223,0.43198972155597837,0.4214595643951857,0.19449052007848722,0.4915631170803747,0.5746206893266917,0.3028197044506124,0.5298480056262531,0.6001020274006635,0.4704548214569964,0.29824490687542754,0.3109457414761789,0.11839658561869801,0.41450073100528917,0.5251793338217393,0.2940538666993653,0.42648913737989064,0.10541437363238798,0.2961385344232734,0.3339292740907237,0.6081922509160501,0.319794244772185,0.35846065054201953,0.5106555631156198,0.27338287841962455,0.14600026873655306,0.3891426397000713,0.19892452541758676,0.1406059207110828
0.24075215829469737,0.5719922429299196,0.594401308043902,0.5979021611196927,0.706922185685348,0.40809821889979087,0.5858764398991575,0.10271233568267285,0.37097081194314185,0.7704101781917758,0.27564669374678924,0.3811576522581885,0.3903768621420308,0.40132560094149483,0.2722816109813911,0.4293745521453919,0.9762837218761223,0.7161289874873793,0.3846052334293152,0.2677313677349471,0.2797490611378122,0.14188935371642308,0.5064482997977912,0.4198104403876125,0.3794068503528694,0.5090141107179927,0.21696803938056508,0.38275761479282855,0.37062480383750723,0.2959255196866916,0.3307111152946618,0.6078444913101433,0.7410202370288975,0.2462188395429405,0.7308702605387021,0.6112244089855114,0.6285055629519742,0.2051522099329212,0.6642513349286187,0.6481622381454164,0.5386534954658925,0.5947532438001599,0.0,0.4303302796663391,0.5016024131881173,0.4352096243189704,0.24681112650217268,0.4420916247504821,0.5859081205084947,0.5102678744347001,0.13725383874966957,0.5415559063604881,0.47549391980905437,0.43918995727564153,0.576204453654552,0.7069362033257713,0.3815775556591212,0.43951876154521696,0.48439075803772,0.288577946537578,0.3282163937549099,0.5477224432529411,0.42864620782837326,0.30756607678626025,0.16333302506932845,0.13716910165429186,0.3279426022174315,0.6242808422932086,0.23844226747213995,0.3131405280187874,0.5681496423485987,0.1840628796499928,0.228565710015451,0.25859344529905814,0.15447190981577127,0.1322326108348302
0.1033305537170663,0.4040858107312895,0.39214728606404414,0.44813788840289664,0.4951509564175265,0.18711832334455666,0.41427861842214964,0.17368937685861896,0.20498050171115018,0.4512642268875549,0.18746039652991844,0.3596751535724912,0.2153645473762449,0.34783031166147144,0.2195768395665887,0.4025713510746418,0.7283679610547547,0.5238773580399895,0.30492153176769615,0.16666835755676448,0.2179075889741613,0.3488803357384284,0.5206096879496657,0.3018720436199427,0.23888718072114018,0.35590239061119133,0.16479753301551164,0.11578173480006786,0.17354519784253028,0.2633178021283474,0.262148359546844,0.4740068559205757,0.3931396339587524,0.2833920186437976,0.5383836433669636,0.44239125204182683,0.33724273102088115,0.05811497736368924,0.469642701248669,0.5052379851129644,0.44871321297544664,0.3532430671783874,0.4303302796663391,0.0,0.48768232839917414,0.3034300011838798,0.062332763215047854,0.3769014509669542,0.29646495886927104,0.23573721237127393,0.0,0.34481560331199124,0.46301502795494254,0.2519986763526214,0.5544830054039254,0.46242862316007294,0.4024681736602056,0.20230922958362801,0.13620136792773732,0.3887025286846162,0.36478516958091695,0.3539707038712775,0.22522338350311655,0.2551882830624302,0.24600076468654486,0.20593722873130105,0.3734072520987106,0.5367687220178847,0.26192256201124864,0.21158722103237207,0.3980765026120996,0.06868633997756628,0.10980718783455717,0.4605458786440809,0.21748843187691605,0.09236118955425403
0.21634539492493146,0.5688372001279132,0.9872524191627943,0.6006383634409471,0.716484278168654,0.37456119405032373,0.789062422036689,0.026800913399437173,0.43029750963574764,0.7445388166529333,0.5623162947193661,0.3961364003229147,0.46552407992321476,0.6415300046656432,0.5263079861659044,0.6673101112100551,0.9762149388462804,0.5895870937869483,0.445525811544283,0.38288176471611285,0.6461074477243366,0.1708903056358383,0.664451897270504,0.266189527946093,0.44334152292505835,0.537942331415954,0.42122355931978517,0.46040212559138455,0.40595524174440745,0.20564897605904098,0.5302269068175944,0.3950996643697805,0.4869131371100059,0.3701855261241703,0.6279970799547067,0.5703074928790107,0.5958451054928703,0.12987708317090765,0.513096761543238,0.7352185328342643,0.6663796533743752,0.5633170043437535,0.5016024131881173,0.48768232839917414,0.0,0.3305566762254395,0.3690870514408137,0.5242806592251208,0.6116473845557859,0.5824035201761574,0.2507685343445085,0.6245315645118256,0.8030660506409354,0.4405711312623742,0.6648019941283491,0.7698077574739903,0.5552102077492093,0.5491988349208958,0.43066638391106166,0.422130744884499,0.49375543060797134,0.7704637872099867,0.41458427879671794,0.5097107168572251,0.2846503318564382,0.6554601827027211,0.4181101957459437,0.87894554399044,0.3544081435636549,0.4425102030814248,0.6989919749356219,0.38433476809964595,0.3320656521351027,0.07874579923777647,0.1898722366590963,0.2683411834996516
0.029109264466211548,0.3619105274218712,0.3789620293461057,0.28359752229196866,0.17993589192461956,0.3150458216668294,0.09620384105140603,0.2756301335582542,0.414435328037874,0.07958071500433837,0.32254032009356165,0.23059493968193637,0.3030662435499834,0.5484247375822506,0.2247293352936981,0.12616022019655096,0.32403000840892504,0.3599133148706598,0.277630050993248,0.24625582411415628,0.1271540559679154,0.16360369984751807,0.30483321960924586,0.2670621328740475,0.23915010253804972,0.3225146520295478,0.2790995077906521,0.2808443308415569,0.29585868894120104,0.34990972056315744,0.3444081928172789,0.22857753631291786,0.050167363633154126,0.14723350711978564,0.19281174632299755,0.36482047617734453,0.07077567399797607,0.3318698043191561,0.25656163791577297,0.17096793611202696,0.3111416588080036,0.1499888659249773,0.4352096243189704,0.3034300011838798,0.3305566762254395,0.0,0.31506957213968756,0.2716375117697357,0.262813301587443,0.21556686676369405,0.2907324607387018,0.20059047466608906,0.2700975027922101,0.3299996290711859,0.055552619986344046,0.3670592206861318,0.30748638785522037,0.28415640404746123,0.42838026687721115,0.15137389996285666,0.27827769039938005,0.34460598693099187,0.3355580534550949,0.3844956253521163,0.325844651801392,0.061025966684873846,0.15574193817488055,0.2781760571851352,0.3280619983129904,0.2509092722951804,0.19316534669299595,0.18951008280268591,0.28015247704301105,0.15372470586312825,0.21178390679826167,0.29274374612195403
0.29785368386980887,0.40339112726746046,0.18684870104320028,0.23266690620577601,0.23865033810017816,0.3121358726863893,0.15999608297943335,0.14645774672478404,0.33887059988826224,0.218218653387581,0.32039181162441344,0.1840742783143511,0.3815593941667257,0.22144228088366033,0.3031783325135157,0.21061427345344128,0.598689250874403,0.15635826652410456,0.18538334805051582,0.15004231918200028,0.3212725811627683,0.17901218329288932,0.2474823393143225,0.32279807373552133,0.3585586629799679,0.4435093797517053,0.2689097702587016,0.2720727574035398,0.30058544007149474,0.2173197885692963,0.20895360519337455,0.26065170075903366,0.34021002008641893,0.43733700722707336,0.3208054147844753,0.24959147988511626,0.2644036695958236,0.2559637650417949,0.03481232429788494,0.3569936321811631,0.22410876560760645,0.21004916074516405,0.24681112650217268,0.062332763215047854,0.3690870514408137,0.31506957213968756,0.0,0.18922312518143417,0.14850226174933503,0.3689658483213316,0.335336499615111,0.19674081252152062,0.23374401275632672,0.3445128903636375,0.1648610436100061,0.4093142539319045,0.14806665652555528,0.36153814488725133,0.2808277788780101,0.23451199036061182,0.3711844528730167,0.10134287528026648,0.4393281896434949,0.35010918368621524,0.1518498723620916,0.32732861865563484,0.28460206677231326,0.21434696334597256,0.24301721740974547,0.4041505324987582,0.30075705221300764,0.18265858025970352,0.3182441555029347,0.20380451674815003,0.3874760682034682,0.28736215014839994
0.15688202225214154,0.22911483192084028,0.3684162574131862,0.439807687153672,0.5660123609624272,0.3022421156210543,0.570865006736521,0.4832694855266165,0.11633787344670772,0.7914411775815534,0.24351684763920725,0.1436018179203013,0.21208525001236808,0.31117293094259574,0.3488299850664251,0.3380477469081794,1.0,0.4145955647681051,0.2733081751752453,0.25286671803780814,0.043251662833576135,0.38317012718502824,0.24715199819380382,0.4454234854941993,0.2975096177624318,0.2928936903493924,0.3221616233212497,0.2999649049788212,0.41701883282054036,0.39003376558538116,0.23217303891372176,0.36138289838695803,0.5706124262582111,0.2545362546231292,0.6070725408945659,0.5026597929642752,0.5176465992149231,0.1943366040112367,0.3677089378226535,0.6725255186261189,0.5182571803678967,0.43167338113600223,0.4420916247504821,0.3769014509669542,0.5242806592251208,0.2716375117697357,0.18922312518143417,0.0,0.4837794812228359,0.289757821874968,0.2632088480604451,0.38534095296750775,0.47366276965767734,0.14247401871051968,0.6129544090330353,0.3437943810852544,0.3212860666187077,0.2816815925980354,0.10493637461371971,0.35517282658546884,0.12057112509003053,0.4170034063647515,0.11775823196522442,0.1055819836321224,0.32575232853418745,0.2802184673922322,0.20614623748316135,0.19640926309324414,0.2460985151762876,0.2789125288249735,0.41087500204061156,0.266986722650032,0.1891625074741157,0.17980487431686581,0.3455574038777997,0.2188294080423662
0.09760256415606437,0.5129051977115507,0.5259551363176541,0.4824872846814238,0.5375992022141524,0.2982952380542452,0.3925652911979159,0.2166394654880906,0.2675032371897036,0.7244163078139796,0.309502216307417,0.39028654789906236,0.3050140799840415,0.4153705387624095,0.2670156058344946,0.4836468423415855,0.7484175756673843,0.6438569191256682,0.39017871089042033,0.23092437722258188,0.33186869579301015,0.1463308198799505,0.5136130187839144,0.4855725247526943,0.41810840205167205,0.4226755398107137,0.21132542796359935,0.2456079427624181,0.2907049002745524,0.17356451462249844,0.32588346931389295,0.46318607346855994,0.5253945372166041,0.3007401466327427,0.6230763246290913,0.38674181366846716,0.4008442161600031,0.17252267601658505,0.48774660344329324,0.4868317204571595,0.45639182437076303,0.43198972155597837,0.5859081205084947,0.29646495886927104,0.6116473845557859,0.262813301587443,0.14850226174933503,0.4837794812228359,0.0,0.4048378261370939,0.1313017438224055,0.3699337627322249,0.47216020930701746,0.30379678261768905,0.5572792170342364,0.6295179070113881,0.4433479276031358,0.29556332067188634,0.33343480568829154,0.32929868410551194,0.5577988992852917,0.5502167348365177,0.2709494638273849,0.3771747358855753,0.15807490638780022,0.198810138103648,0.33314966951929326,0.4318345379261518,0.27524772988362506,0.38717839599566145,0.4527704745406153,0.23535069033685058,0.1521938810987538,0.31002655753354574,0.19812402420040337,0.09408800162703247
0.2442534206033527,0.4363987272632748,0.39668106174336243,0.4057846798305305,0.4648479543964815,0.1637428547880107,0.4288563785983225,0.05448326021230996,0.08917875776490425,0.60562712024267,0.22799225506189144,0.2531990477067746,0.10584684423948701,0.3925495829432963,0.23347650815888205,0.3977101344669832,0.8246954906869097,0.43203375640402053,0.33340794826764897,0.073741507522938,0.17763880917816086,0.17433374159510956,0.3636548972432349,0.2968286114362988,0.21983106355474902,0.27509116476089746,0.1364855749115336,0.18594760424882628,0.1226683217064869,0.23429885871311742,0.20467713070065002,0.3964816202320486,0.34380819545468966,0.15085678032049907,0.5686585948166868,0.4419567168840684,0.43350768033960185,0.1559000541514919,0.44112163151604905,0.5196668841129786,0.46392517357489566,0.4214595643951857,0.5102678744347001,0.23573721237127393,0.5824035201761574,0.21556686676369405,0.3689658483213316,0.289757821874968,0.4048378261370939,0.0,0.46514436361056033,0.26681797884510694,0.3586100848935082,0.1671686781060175,0.5666783575151048,0.473005755629653,0.3437125285267651,0.21675340982175617,0.3064571455637122,0.3063012436814955,0.4347168860166999,0.4404782662225467,0.18994541088173456,0.17194445440612113,0.09458476035813122,0.17233848753657124,0.2870364794034187,0.3716989214746254,0.1519231496911167,0.13285586467330043,0.33793192871771943,0.18070142645774942,0.06690764536278755,0.421671620261652,0.13627229733906118,0.32415911876076126
0.24987141935792906,0.47993164991664905,0.12135572460590585,0.1497548197165168,0.1265612422669138,0.1948147299947219,0.06937740927206956,0.27650708147105635,0.4803252372306986,0.18939865221940963,0.37571396811153945,0.4138910003053942,0.5030257879708546,0.32642092540572326,0.32789066284445095,0.4148099099930144,0.4408736938223257,0.2627989981679269,0.21645883309251762,0.19780786287449478,0.37623913653727503,0.2702590289581292,0.2552464965094897,0.2325610655320935,0.6229643716376516,0.47418290488683373,0.25331662421593726,0.41350844880971627,0.24697065913976202,0.4624510749962988,0.41820653159653337,0.176040285075691,0.2426000247955169,0.6034430372277755,0.25956544628258427,0.08880048103388838,0.15645485291515898,0.43846727547747805,0.11766904296980252,0.2921031623590355,0.13736063660357875,0.19449052007848722,0.13725383874966957,0.0,0.2507685343445085,0.2907324607387018,0.335336499615111,0.2632088480604451,0.1313017438224055,0.46514436361056033,0.0,0.05923155369244837,0.1554204621725468,0.5017526430527651,0.03711352570958956,0.376898910025179,0.37999662170788434,0.6228337746747659,0.4892765267548389,0.2663025994712376,0.5145761868771013,0.33672274952001685,0.41186633963190705,0.3413732911823602,0.32069565128289884,0.3441918317940316,0.4266535675499413,0.2467954387405795,0.33526416516430946,0.574158421092575,0.3578286692701013,0.33648249091035154,0.45161006221760763,0.3743153454614212,0.15920602475740261,0.4861912885596303
0.2831456493297442,0.4624079779287328,0.5266174463612902,0.528090875591969,0.5468261582870131,0.20551914882254352,0.42485859348713384,0.08037556457432483,0.22327101692958884,0.6731948931898375,0.22197551198111884,0.23986960350893982,0.15926594914383035,0.3774145622470886,0.25089393981923397,0.44217233041379495,0.8921187647551874,0.5415300363558041,0.30083300319419676,0.17677107561349195,0.24744074663809856,0.28707062695539987,0.47490006126737916,0.33667086526938367,0.3155482546652438,0.4307599772615981,0.11987699035801402,0.1860717329473369,0.21194239059703196,0.26840147305478845,0.29651871299047533,0.4261930318925382,0.536501436816279,0.2233471856911653,0.7106203056299522,0.49875224977677096,0.5484519776268674,0.11144837317861417,0.44248335771982716,0.6155608007109292,0.5155930710261749,0.4915631170803747,0.5415559063604881,0.34481560331199124,0.6245315645118256,0.20059047466608906,0.19674081252152062,0.38534095296750775,0.3699337627322249,0.26681797884510694,0.05923155369244837,0.0,0.4497104982617109,0.1951078666343793,0.5865499922411617,0.5704737921026296,0.40720296000461803,0.28791831466632695,0.2416082983324629,0.28538010084026766,0.3554107652892725,0.4771481875960544,0.28867766110951465,0.28738215495335623,0.14586698839493797,0.2155424776792389,0.24833147100771405,0.49312735089284027,0.17612139913486777,0.1945502791407891,0.39611588393096037,0.12946019337406492,0.10993410391817238,0.33201905776344576,0.13854334867573959,0.09746394208939185
0.2113755692089588,0.4357089522509468,0.7293274784948534,0.5187806903477508,0.7010231687916111,0.27052148708032764,0.585374148171917,0.09541518568435857,0.3592285401127812,0.6636481425547328,0.41662002945805443,0.24524104876703376,0.33027249460456526,0.3177201512166668,0.27090385642358694,0.39087476026482443,0.9986368464745335,0.6600835826762097,0.37291783331330225,0.3424148007745135,0.36774807145249266,0.1919926518487647,0.6067817655872615,0.34788795315410687,0.2853600585935114,0.48602918256244587,0.22360553406347355,0.2762718605322807,0.28760610483900423,0.1307683811106284,0.34138468636472574,0.46365075648502413,0.5835648365224679,0.432088799042873,0.6120016302179703,0.5697307051482124,0.4909020929318336,0.09142412983395598,0.42426597046801934,0.5971959453740894,0.6216168688385204,0.5746206893266917,0.47549391980905437,0.46301502795494254,0.8030660506409354,0.2700975027922101,0.23374401275632672,0.47366276965767734,0.47216020930701746,0.3586100848935082,0.1554204621725468,0.4497104982617109,0.0,0.38792082517584936,0.6192863720841952,0.5932876308717017,0.37362343274369075,0.40066582381966637,0.23139185320646705,0.273065526678764,0.4476787640629638,0.5943900115560038,0.28261999250617215,0.4293962280330881,0.1457562257643865,0.31869028729540294,0.2333386056965004,0.5911935674836496,0.28409932561945056,0.30319719550667756,0.6261948568042269,0.3086876011158653,0.1598901205570675,0.38775989965501273,0.23213959489127256,0.1449474252543908
0.2437387078720552,0.19773827865898233,0.42569802006572033,0.44936151298615995,0.39303656690468686,0.10798676392157733,0.36262228539426844,0.2597042074225336,0.18135223845650597,0.5561081868037219,0.1381487677477755,0.06615349855807436,0.13612858817314402,0.20952929038680687,0.15223133362415311,0.2070300474556208,0.798444461941215,0.5413954234313292,0.17986101817387096,0.3647777469689767,0.3072405695650558,0.40230086583486074,0.2615925725573407,0.23152679749289234,0.07330083194559056,0.31394875417326806,0.2062167614263065,0.41629308111410823,0.20614451319519353,0.3852827346668789,0.5045989445892417,0.3057634765704279,0.45429365580417447,0.11525714480643054,0.49691302670905835,0.3375244936626659,0.3751739257373322,0.5123034598929812,0.3320580816929249,0.5117205360647892,0.33003040236496617,0.3028197044506124,0.43918995727564153,0.2519986763526214,0.4405711312623742,0.3299996290711859,0.3445128903636375,0.14247401871051968,0.30379678261768905,0.1671686781060175,0.5017526430527651,0.1951078666343793,0.38792082517584936,0.0,0.3948160384735024,0.3376916895533269,0.23133870102971016,0.12473139654614236,0.21233257128765773,0.3246559589787844,0.470715973265417,0.26781664612154993,0.11269026943840603,0.36611963727464103,0.24090142607911344,0.10565509144703913,0.23343635364301563,0.10635736583715319,0.3023157642303714,0.5172742554147384,0.278119457569043,0.19770622177732688,0.5878750298112289,0.32235595513230797,0.1941124000666014,0.39539020430932875
0.11990976631853303,0.6038925865564374,0.5732410299151934,0.6926896405196616,0.6731553701854145,0.2837782728183815,0.6705497517019003,0.16096469755800769,0.3806277595066908,0.6859123176104489,0.32316184248193897,0.34784819845685333,0.39409605855353164,0.5108027169350055,0.0712929655954935,0.6851654539871735,1.0,0.6982055478206796,0.40262760768115546,0.3017805970015333,0.48496188290066794,0.06642624776173255,0.607056656632049,0.3546386727131137,0.35875112628720257,0.45642143349654474,0.08677513046441995,0.3903379461889996,0.3305246115174371,0.4279053321545173,0.4068096998826263,0.651749063351416,0.6024125081618102,0.34156676024381005,0.759863412263144,0.7030468679257297,0.6337568980689752,0.21084478360940417,0.6285815046069521,0.7375838560396698,0.6192447738281828,0.5298480056262531,0.576204453654552,0.5544830054039254,0.6648019941283491,0.055552619986344046,0.1648610436100061,0.6129544090330353,0.5572792170342364,0.5666783575151048,0.03711352570958956,0.5865499922411617,0.6192863720841952,0.3948160384735024,0.0,0.6381972286453332,0.419773205795343,0.48423322763714893,0.42667446276772086,0.2201036008784333,0.3892328556462043,0.5487691232999115,0.40709803988935545,0.41691790189655303,0.13134350092681468,0.38595752002578054,0.5317140751061994,0.6738296015970551,0.26058193831048254,0.2838331374469137,0.5428543216772718,0.20194989160020108,0.20612987538319477,0.34471021461539253,0.26050306574872706,0.1507734926328407
0.04569843775068872,0.6866848802939997,0.45809251416330066,0.6156373091856524,0.6240965990328886,0.2281805327451858,0.7228700053860069,0.07555377753975201,0.331815123021604,0.7707234950431776,0.3058495258658055,0.3788352762582956,0.3955443852358721,0.48758972203722567,0.15203469537357656,0.5092368267702523,0.9790485773423626,0.6657560366526085,0.20893061405808763,0.11755749245928837,0.3263149590338027,0.229448339241028,0.4653835462793553,0.3950884091416482,0.3051865306408596,0.5147120670283882,0.14873868076186433,0.2579797611710212,0.17019152498447673,0.21674384240462832,0.23243159217859768,0.5763872705356345,0.652532970871223,0.3173286682861051,0.7432712779647067,0.6582319724908553,0.6682322142798598,0.16556556639758777,0.5362043132466353,0.6881430221820543,0.6329824173953064,0.6001020274006635,0.7069362033257713,0.46242862316007294,0.7698077574739903,0.3670592206861318,0.4093142539319045,0.3437943810852544,0.6295179070113881,0.473005755629653,0.376898910025179,0.5704737921026296,0.5932876308717017,0.3376916895533269,0.6381972286453332,0.0,0.4649794886078387,0.33242218573600435,0.4184174560643786,0.23802843159105258,0.46523215250819666,0.5252442213224071,0.29795462867914296,0.1937621474214522,0.20577442306436866,0.18088591859776484,0.23880118186407726,0.5474541479761352,0.19151636808714972,0.19147002685807366,0.4444904139935986,0.08401449637570019,0.1308703181012646,0.2818199614381183,0.27798845290637086,0.1215315473541752
0.1634115491414244,0.4414302243663961,0.30870924988004056,0.5318899355097431,0.49823193427690293,0.12127930740296985,0.5362434966713753,0.18187178689334887,0.14961011826426307,0.5991140841631211,0.31211599945000107,0.30520960294555755,0.3252926851867166,0.4003086957750199,0.26394093090252074,0.3679906775253816,0.7489642127541157,0.5180594856038175,0.1575806181807926,0.36891649963464124,0.31165663496082335,0.23854513205847933,0.3228216352399841,0.4040145085895426,0.2735521460189433,0.3749450516639122,0.1020387356274846,0.15016122365141585,0.14851038211147619,0.4298056142198777,0.24300842429425176,0.49838259814801666,0.47940471345043617,0.3283585930902366,0.6383100037955768,0.5347014398470492,0.46666462380567547,0.1479711444198938,0.36315951889207343,0.6438358486794977,0.45489926802736447,0.4704548214569964,0.3815775556591212,0.4024681736602056,0.5552102077492093,0.30748638785522037,0.14806665652555528,0.3212860666187077,0.4433479276031358,0.3437125285267651,0.37999662170788434,0.40720296000461803,0.37362343274369075,0.23133870102971016,0.419773205795343,0.4649794886078387,0.0,0.3251636888225898,0.24351878928815063,0.1813181123693319,0.18827415697055352,0.3367536841133257,0.13458628803752729,0.17419867154406174,0.19698666062500353,0.13306453878947458,0.08759857490034881,0.2726673900887979,0.2125069939325971,0.1083059964471196,0.3775434126003697,0.11749140811753875,0.22391258385912194,0.22051726489791496,0.2479819602371701,0.2345766087146196
0.19845274088010298,0.3088395459151314,0.37548740421969834,0.4372506746274515,0.4511748468064743,0.18786072350475203,0.33424434905620015,0.2704377411119352,0.11829346330535859,0.5505288015106431,0.14762133964696508,0.19943033754788103,0.1874188713420151,0.2712817616743584,0.2699805873945885,0.21914394113602997,0.7235752476918064,0.45519467370575956,0.11156290430061538,0.12659594551717437,0.15998453155060405,0.331251804513417,0.3007157622933563,0.2724441012448008,0.12654617857006809,0.27361175775552077,0.13836177172612368,0.07885827533097423,0.19505465048280213,0.28879828596344337,0.16107391715863448,0.2734033873915231,0.4135049115297309,0.1995385351961737,0.538922425201862,0.3764023419804839,0.29104128221730513,0.36308032320791345,0.3207464011632077,0.5045548355643293,0.41742862713173323,0.29824490687542754,0.43951876154521696,0.20230922958362801,0.5491988349208958,0.28415640404746123,0.36153814488725133,0.2816815925980354,0.29556332067188634,0.21675340982175617,0.6228337746747659,0.28791831466632695,0.40066582381966637,0.12473139654614236,0.48423322763714893,0.33242218573600435,0.3251636888225898,0.0,0.1895753242135425,0.371400134861196,0.3456771528354729,0.3452112481871701,0.11035171696240402,0.14680186428207986,0.13571986338680353,0.16712095191608453,0.24847912850377457,0.3143054292430148,0.11553761737908298,0.159569655372371,0.3360899235408973,0.11958232561656612,0.48297086216620716,0.5261288186382459,0.1575980955546996,0.4348977051895805
0.20350715665056848,0.2906370467348836,0.3586392840267853,0.3790665232898057,0.31864155534919314,0.08208506345849838,0.27106881705045544,0.1963344104067623,0.103853037011871,0.5876399867576911,0.08183776914244989,0.2170480023535926,0.17290270841640978,0.17221211953549556,0.20598716714074075,0.2077459454350523,0.7169442062249021,0.40656229982826175,0.14290279102120884,0.31912682143254106,0.24234525174994745,0.2585137037255865,0.171480924313336,0.14173061947429452,0.12139340949657268,0.14757692243871134,0.22707216487193094,0.13609551683027288,0.2431508566161524,0.3517698102922459,0.4596544035834946,0.42954488115541095,0.4175477782611389,0.030896600509568193,0.49926526041243374,0.27535741204009473,0.28170683318102135,0.044045610412627945,0.46226479836691875,0.31882355695404,0.2711403630906534,0.3109457414761789,0.48439075803772,0.13620136792773732,0.43066638391106166,0.42838026687721115,0.2808277788780101,0.10493637461371971,0.33343480568829154,0.3064571455637122,0.4892765267548389,0.2416082983324629,0.23139185320646705,0.21233257128765773,0.42667446276772086,0.4184174560643786,0.24351878928815063,0.1895753242135425,0.0,0.2044223610988972,0.3166096743842539,0.36347608369823825,0.1534883217168626,0.4697911948175456,0.08513874548327083,0.3077747775830067,0.23996404845814254,0.32180626960648256,0.2696889051543284,0.43219589639173006,0.1824161860556113,0.20169228493344232,0.34699016513911773,0.2510918987978322,0.11396698600400329,0.4092724062717066
0.11563454154997206,0.2575292029957526,0.18339146286911223,0.20206763607429704,0.14529842860472186,0.2650332435551805,0.08306873990414435,0.4201084264828672,0.19507678264040287,0.20710813476759155,0.29064639886323135,0.23443560086636486,0.24577539845929638,0.29028605805138563,0.25516543792793434,0.1403639642558842,0.473074203322316,0.5183035667040254,0.14574553570517126,0.3109962163346768,0.3531394924754447,0.2336664349150298,0.3232749284374344,0.21467021022019028,0.4839260752244016,0.22428651096816263,0.1431163780746797,0.3216262573118502,0.2687109879231576,0.25782254091555146,0.2661777059197445,0.3196243267909027,0.00617654405477833,0.26448549728162246,0.11604804826850414,0.1572956389298038,0.21075667361440223,0.3508709498727816,0.39245566539745913,0.19547845400513378,0.26409055795551883,0.11839658561869801,0.288577946537578,0.3887025286846162,0.422130744884499,0.15137389996285666,0.23451199036061182,0.35517282658546884,0.32929868410551194,0.3063012436814955,0.2663025994712376,0.28538010084026766,0.273065526678764,0.3246559589787844,0.2201036008784333,0.23802843159105258,0.1813181123693319,0.371400134861196,0.2044223610988972,0.0,0.3016724749918902,0.06632671386927495,0.3347619114118149,0.18815494667377197,0.2330471725866156,0.3188416310725509,0.4163833485230975,0.23968382908154343,0.15004403429322702,0.21652114006580525,0.06978507094743934,0.20639128218118633,0.4006387699980633,0.31037037510920523,0.29240519184970887,0.20113713349498014
0.24104090310435092,0.5104914856255459,0.31664615860464584,0.4970050144643312,0.545619610572449,0.2590556199408065,0.6645370871647798,0.10953041276114796,0.5396000085814473,0.3126889593942538,0.4350144815983756,0.2172511521628409,0.42182317104049893,0.2757799726033817,0.3795939961373704,0.38960276653355613,0.4088735899930056,0.22975644869519327,0.49841463572700984,0.4339007998647329,0.31860140341958926,0.2184161388865608,0.23039697841768386,0.3025025245351191,0.5234190674061985,0.3728702890219215,0.18773128309531428,0.3526452204199597,0.2564781354664438,0.6696259217719367,0.2311390193138848,0.33060944605270953,0.3763250770464194,0.5679663389690296,0.5948930249735861,0.4759321447717016,0.5557708971623351,0.36370749316871953,0.36404718692022986,0.5682026712924826,0.4584979617399194,0.41450073100528917,0.3282163937549099,0.36478516958091695,0.49375543060797134,0.27827769039938005,0.3711844528730167,0.12057112509003053,0.5577988992852917,0.4347168860166999,0.5145761868771013,0.3554107652892725,0.4476787640629638,0.470715973265417,0.3892328556462043,0.46523215250819666,0.18827415697055352,0.3456771528354729,0.3166096743842539,0.3016724749918902,0.0,0.2997212313090234,0.36015275224397064,0.2557861503705825,0.41315778097016137,0.36431499114520177,0.3310940123721991,0.31609676550569465,0.30400489731201213,0.5832372590608517,0.35547243192665734,0.2665675706824677,0.4968883004891907,0.38484142268638494,0.18236714149928063,0.436797573994382
0.12650781436391526,0.38120209595057347,0.6728969625640985,0.5382406274027483,0.5918354910028484,0.08540820129795383,0.5817115051096219,0.22181973779304517,0.20864508044028107,0.5983817369873566,0.23205602859337127,0.21788172940483713,0.29972474692233686,0.38998181323735737,0.339398099807837,0.5205763190772237,0.8144663643007471,0.5152511782126438,0.378138891822452,0.10125170868595276,0.3747851354351255,0.19901100030910565,0.47673927213280143,0.2049232769653905,0.19321214661619837,0.37711340831909235,0.12023232402443916,0.19852735218801454,0.11703183675320973,0.28792130808610783,0.21295171633629303,0.5486626244902758,0.5003827170130637,0.31443899068789155,0.7441418280757709,0.5629005537971393,0.5628346593425699,0.09304740910924722,0.513148952521417,0.5397287452802872,0.6426115737857984,0.5251793338217393,0.5477224432529411,0.3539707038712775,0.7704637872099867,0.34460598693099187,0.10134287528026648,0.4170034063647515,0.5502167348365177,0.4404782662225467,0.33672274952001685,0.4771481875960544,0.5943900115560038,0.26781664612154993,0.5487691232999115,0.5252442213224071,0.3367536841133257,0.3452112481871701,0.36347608369823825,0.06632671386927495,0.2997212313090234,0.0,0.20983732145718703,0.2332372037285459,0.14221121057136835,0.24855262764845942,0.28527896199482555,0.3996301266048758,0.07846253226224771,0.18102892519180597,0.4902287739825372,0.08980918372558849,0.11928502541761471,0.22175071202055768,0.18897394225133823,0.3468014276087901
0.17709464589724,0.2629073027032113,0.3867928596127716,0.3183056392428007,0.4399529829905407,0.1945998057337913,0.3621284230094831,0.2381288366962754,0.12048017845590817,0.5640008418887595,0.0804623052916559,0.270455149697753,0.14453443503692026,0.2898569545284335,0.3090964966214582,0.17424138449177734,0.7704777312475434,0.3404844061993737,0.053912639906241115,0.3234623134486997,0.28834857402535274,0.1699880830693951,0.16978344065332324,0.29041084910878784,0.4272075672121395,0.11521968019037052,0.22069197893639372,0.4092617228089515,0.18669133516725772,0.35458034025098295,0.3754668154090239,0.26734879791243793,0.34647254130605243,0.10795144236936201,0.3836081876670113,0.42980623666196494,0.33856036436128917,0.4025433730129681,0.31696667469121587,0.463137133520835,0.3121215309395141,0.2940538666993653,0.42864620782837326,0.22522338350311655,0.41458427879671794,0.3355580534550949,0.4393281896434949,0.11775823196522442,0.2709494638273849,0.18994541088173456,0.41186633963190705,0.28867766110951465,0.28261999250617215,0.11269026943840603,0.40709803988935545,0.29795462867914296,0.13458628803752729,0.11035171696240402,0.1534883217168626,0.3347619114118149,0.36015275224397064,0.20983732145718703,0.0,0.2732907940106105,0.22581994547808554,0.44427110600161496,0.42483522141295177,0.18019907048844247,0.23770896112412065,0.45628447007228906,0.23203332669436008,0.26147231710534724,0.33428610979434215,0.2951041814199249,0.1463694630581767,0.3119958617712788
0.23957243063146313,0.15565615652641426,0.14242223128779033,0.48302687411005446,0.4865360059543861,0.28652334269247326,0.4493580105696562,0.3173322453489164,0.3042799162314434,0.5856964467072504,0.35543394365140785,0.12861767878036362,0.14476423371462904,0.1768262469426531,0.3415608332174622,0.1420301935606154,0.8565033758780634,0.42558111692542666,0.27899093517475904,0.2632892283405258,0.27155375678519866,0.1959193834353679,0.3765729726922502,0.19114329781083345,0.407857244636762,0.23400988619416818,0.24938878914324536,0.3908711084384964,0.20581946215788224,0.5262133529823304,0.38238319954620736,0.32776842393826316,0.3989588478003787,0.15234835588809348,0.5551743507491433,0.4557247214409626,0.45273400027315575,0.4448642660896328,0.32749611623935027,0.6085363717819722,0.4824863264497304,0.42648913737989064,0.30756607678626025,0.2551882830624302,0.5097107168572251,0.3844956253521163,0.35010918368621524,0.1055819836321224,0.3771747358855753,0.17194445440612113,0.3413732911823602,0.28738215495335623,0.4293962280330881,0.36611963727464103,0.41691790189655303,0.1937621474214522,0.17419867154406174,0.14680186428207986,0.4697911948175456,0.18815494667377197,0.2557861503705825,0.2332372037285459,0.2732907940106105,0.0,0.2714686578344677,0.19628429682521656,0.3714774156292456,0.12788159865308604,0.27440290821021185,0.3623775909394137,0.25835595479134565,0.35878908959926614,0.3278465748156871,0.14987165868955007,0.168956348973828,0.3668300056773815
0.22674850649210238,0.13921896170489864,0.16986117373595036,0.11175664301812435,0.16737340429641,0.1989520059148016,0.1916839845217843,0.1705766779765275,0.14732189287462638,0.13006571758533736,0.19315798716072907,0.13218838848419445,0.2021597435122597,0.1422996501980762,0.5121539513552429,0.1627766377002317,0.16294873630838025,0.15268296436076384,0.23603795530066096,0.3142679205644485,0.3302068560255419,0.2452837253029513,0.19590202989083583,0.27039176086988287,0.15561033181901962,0.18851501824080147,0.26842787378125843,0.18160899605296582,0.2382055885202555,0.2539115531382497,0.18403271529497053,0.20340609896008183,0.2491128723858372,0.18079527328795172,0.1586984648103275,0.1987083120955924,0.10847518553923977,0.23542474591175447,0.1605049360205065,0.2775198075220647,0.12379631294474967,0.10541437363238798,0.16333302506932845,0.24600076468654486,0.2846503318564382,0.325844651801392,0.1518498723620916,0.32575232853418745,0.15807490638780022,0.09458476035813122,0.32069565128289884,0.14586698839493797,0.1457562257643865,0.24090142607911344,0.13134350092681468,0.20577442306436866,0.19698666062500353,0.13571986338680353,0.08513874548327083,0.2330471725866156,0.41315778097016137,0.14221121057136835,0.22581994547808554,0.2714686578344677,0.0,0.18147496528821008,0.1796604328729652,0.21325789215128382,0.05764743964107447,0.2725117208577586,0.22756697130140063,0.2247405099625375,0.1824434222705872,0.1760609849280951,0.41008158082023966,0.16968009336670029
0.04971407670078991,0.31916990097174724,0.2966923195374604,0.32207749673088215,0.33696899519892326,0.30150633686871897,0.31013210842934935,0.1882430632830507,0.32752697080638843,0.3662957495865454,0.19078683997760632,0.23798572460394446,0.1721222115446356,0.15835236791216378,0.27200850290679646,0.24571104744385336,0.6594946789539157,0.09184514434083582,0.37633993496688023,0.2823806678950088,0.15363131187118542,0.12749805193929103,0.08684527653229479,0.18240891166629694,0.2790108891672777,0.17680515698336857,0.14394284616251068,0.2998291673730579,0.30616388186634796,0.1443761783884025,0.2890943702315812,0.15249559353514133,0.2773789104582156,0.13856107613657848,0.3338959532640592,0.3606264575746006,0.2763573906521435,0.3296526172806536,0.23637221689306032,0.3138567772354221,0.40149892261874087,0.2961385344232734,0.13716910165429186,0.20593722873130105,0.6554601827027211,0.061025966684873846,0.32732861865563484,0.2802184673922322,0.198810138103648,0.17233848753657124,0.3441918317940316,0.2155424776792389,0.31869028729540294,0.10565509144703913,0.38595752002578054,0.18088591859776484,0.13306453878947458,0.16712095191608453,0.3077747775830067,0.3188416310725509,0.36431499114520177,0.24855262764845942,0.44427110600161496,0.19628429682521656,0.18147496528821008,0.0,0.302869602822604,0.12159890249239436,0.19183724278348047,0.32179324110304014,0.15066070797151251,0.24088294661525794,0.26310113836238896,0.18300967642028082,0.20613169936073772,0.16954859124598787
0.22219501547647824,0.284134939531444,0.19808440471070365,0.2248506759711888,0.35431858738718197,0.3138722513672889,0.44960469220240495,0.27234827429083003,0.31954582380088326,0.34714940327794014,0.3328201776198778,0.1793297331379541,0.35057550257970416,0.10004250603873248,0.5089799647051696,0.16353062854430286,0.27320499083836286,0.18315585967444578,0.2784997068720445,0.24908403697687131,0.3318730970365806,0.19618159870255275,0.19910375724805487,0.3379175025838089,0.2722644568214012,0.3493685223658669,0.13112508179102053,0.20913605547727115,0.33474271541805173,0.12444073481389344,0.38334739303989873,0.18861615436683285,0.44027366059296774,0.3651158242013286,0.3368127556673426,0.2340433502534829,0.23075777511881582,0.35004747157598987,0.33050765842294766,0.14335640417983936,0.3399277056476506,0.3339292740907237,0.3279426022174315,0.3734072520987106,0.4181101957459437,0.15574193817488055,0.28460206677231326,0.20614623748316135,0.33314966951929326,0.2870364794034187,0.4266535675499413,0.24833147100771405,0.2333386056965004,0.23343635364301563,0.5317140751061994,0.23880118186407726,0.08759857490034881,0.24847912850377457,0.23996404845814254,0.4163833485230975,0.3310940123721991,0.28527896199482555,0.42483522141295177,0.3714774156292456,0.1796604328729652,0.302869602822604,0.0,0.2930800047315625,0.1566170194802169,0.34638227577480973,0.20501141620687235,0.26382962220061595,0.1819686068041776,0.24050469890410206,0.4413591649543767,0.21287769086547106
0.19281801152158803,0.29786304568096633,0.6420417937267597,0.5797602106671518,0.719891081634369,0.0829800968143773,0.6115025599351966,0.27414728128807003,0.24522943856090937,0.7357891234256254,0.20648894710467183,0.13320553772794372,0.22570310030902935,0.3463787753477209,0.17958468714059234,0.43474807241106433,0.9999999999999999,0.6196805793362316,0.12513764919318035,0.4133839550473725,0.18688754160678508,0.2854168763603049,0.3911231582647308,0.10649462912344355,0.3994358181299477,0.33824469851201355,0.22375909282051087,0.04829128233487998,0.14687064712177522,0.2875233574534954,0.10955180129653891,0.40649567002402087,0.6218790605274533,0.33120841813924506,0.8195160790460528,0.6888034937932103,0.6330532100378128,0.31574701079440476,0.4200513516209387,0.7834047525069318,0.7964669927024647,0.6081922509160501,0.6242808422932086,0.5367687220178847,0.87894554399044,0.2781760571851352,0.21434696334597256,0.19640926309324414,0.4318345379261518,0.3716989214746254,0.2467954387405795,0.49312735089284027,0.5911935674836496,0.10635736583715319,0.6738296015970551,0.5474541479761352,0.2726673900887979,0.3143054292430148,0.32180626960648256,0.23968382908154343,0.31609676550569465,0.3996301266048758,0.18019907048844247,0.12788159865308604,0.21325789215128382,0.12159890249239436,0.2930800047315625,0.0,0.18419135713418955,0.22420497003548287,0.4919508052665806,0.32997367433854335,0.227100949326184,0.2758328055784578,0.17167924870115878,0.07331923201305418
0.27359087462480236,0.22652594809799836,0.18353094001074388,0.2541665978480676,0.3357889115329905,0.2259074987960053,0.3669312685478985,0.2439312574645956,0.2865732069781987,0.297268202504896,0.2814687347456103,0.15355997008108754,0.10557278984132425,0.1657787643152407,0.1475377453934592,0.0796274512674497,0.5824375135971555,0.2464710216640656,0.18671833479679956,0.22349078098860506,0.1227129311720897,0.13332894592984598,0.15400397176079145,0.1892013905698636,0.2755715450184479,0.22381178198703794,0.11399513661314122,0.19699076159465922,0.20728260160719547,0.1957197359288651,0.2832710533833598,0.31626921902994176,0.3836023352998467,0.26627498111719977,0.4041735009313159,0.28662098146950155,0.2660588668777676,0.3458397941218344,0.20744045619118276,0.43056143693808885,0.31052895690744,0.319794244772185,0.23844226747213995,0.26192256201124864,0.3544081435636549,0.3280619983129904,0.24301721740974547,0.2460985151762876,0.27524772988362506,0.1519231496911167,0.33526416516430946,0.17612139913486777,0.28409932561945056,0.3023157642303714,0.26058193831048254,0.19151636808714972,0.2125069939325971,0.11553761737908298,0.2696889051543284,0.15004403429322702,0.30400489731201213,0.07846253226224771,0.23770896112412065,0.27440290821021185,0.05764743964107447,0.19183724278348047,0.1566170194802169,0.18419135713418955,0.0,0.3711232978247994,0.20353414954036075,0.17344414148068824,0.3416350147025235,0.23693416341316653,0.21709020937279455,0.2842074788241087
0.18946574015559828,0.16515504103911996,0.2632100519315508,0.40795845503199446,0.3558991657112722,0.36949120803331575,0.31629363395368465,0.2612319165729095,0.48698329112181105,0.3630759289809753,0.4627466150914375,0.3309198252358801,0.004754178093972682,0.1998374613812536,0.3602792524397027,0.110069691534988,0.6592576523110383,0.31626531959012394,0.25627431551760743,0.44593595975256983,0.34552741370747375,0.32291720920326616,0.12399058872434278,0.22429632044563982,0.5774110202569629,0.06833514445021029,0.16022422728815083,0.40877016362410873,0.2826789024590873,0.5040302828684429,0.4536608177935848,0.307035882412127,0.467959081271764,0.1485222375170744,0.5002399598835441,0.4013156794309914,0.36732855686332855,0.4475599655130272,0.26108318219195276,0.44459101217246616,0.36758075432267684,0.35846065054201953,0.3131405280187874,0.21158722103237207,0.4425102030814248,0.2509092722951804,0.4041505324987582,0.2789125288249735,0.38717839599566145,0.13285586467330043,0.574158421092575,0.1945502791407891,0.30319719550667756,0.5172742554147384,0.2838331374469137,0.19147002685807366,0.1083059964471196,0.159569655372371,0.43219589639173006,0.21652114006580525,0.5832372590608517,0.18102892519180597,0.45628447007228906,0.3623775909394137,0.2725117208577586,0.32179324110304014,0.34638227577480973,0.22420497003548287,0.3711232978247994,0.0,0.16836127693624534,0.1485187109279976,0.5940461657074625,0.43466469079185655,0.2482205162815243,0.48677858098134064
0.06215389759371011,0.44379834429695597,0.629843179209492,0.5909627469182566,0.6184668838439081,0.14473555809759767,0.5401592100520907,0.23001126261451205,0.2530407493520569,0.6690749748592112,0.31154894307422126,0.26064872904527314,0.26371726388295247,0.38657504976047324,0.11597930991266356,0.3862003509954948,0.9571714240729119,0.5716631701122775,0.1784666123433365,0.18929420140680658,0.32532164316842166,0.24236711479218548,0.4168736702364263,0.2930286100487289,0.23096737308461,0.43661727487231855,0.16831620511363837,0.18605035983472246,0.14243661963438622,0.38843504391599465,0.36878733297300115,0.44491078615605817,0.6098020789103984,0.414144387331502,0.7297578367378856,0.5948682775908407,0.5374134315172571,0.11243046040831647,0.4769924825730045,0.6676365135622367,0.7497389923406431,0.5106555631156198,0.5681496423485987,0.3980765026120996,0.6989919749356219,0.19316534669299595,0.30075705221300764,0.41087500204061156,0.4527704745406153,0.33793192871771943,0.3578286692701013,0.39611588393096037,0.6261948568042269,0.278119457569043,0.5428543216772718,0.4444904139935986,0.3775434126003697,0.3360899235408973,0.1824161860556113,0.06978507094743934,0.35547243192665734,0.4902287739825372,0.23203332669436008,0.25835595479134565,0.22756697130140063,0.15066070797151251,0.20501141620687235,0.4919508052665806,0.20353414954036075,0.16836127693624534,0.0,0.06240800042863147,0.31647502835879754,0.24015187873013785,0.12058998641096812,0.29376257346291335
0.10438233791647862,0.1981354363842155,0.26581403387863567,0.2616552253277877,0.29210713296519,0.2677579201933816,0.2035234251474224,0.2606584789975667,0.15864243969536523,0.25381092636874,0.20377421479140556,0.2578860894233195,0.1806592445404012,0.12782529743035875,0.22667244903162098,0.19527469945167159,0.5270241664521851,0.17710031079796995,0.31921857772874884,0.35063655115317244,0.2101934558113032,0.3480721018007987,0.15260732172091135,0.2717396632435695,0.2102227221605943,0.27210633482306235,0.3708598939920175,0.13552697198924143,0.18639913338699413,0.1401892264612099,0.43158955284757977,0.12827501759769921,0.2867885351516322,0.21620784530479645,0.4449857588726332,0.24932872144659063,0.21922055162666845,0.21042108106995996,0.2455554251318969,0.3454803201270239,0.2962861243927623,0.27338287841962455,0.1840628796499928,0.06868633997756628,0.38433476809964595,0.18951008280268591,0.18265858025970352,0.266986722650032,0.23535069033685058,0.18070142645774942,0.33648249091035154,0.12946019337406492,0.3086876011158653,0.19770622177732688,0.20194989160020108,0.08401449637570019,0.11749140811753875,0.11958232561656612,0.20169228493344232,0.20639128218118633,0.2665675706824677,0.08980918372558849,0.26147231710534724,0.35878908959926614,0.2247405099625375,0.24088294661525794,0.26382962220061595,0.32997367433854335,0.17344414148068824,0.1485187109279976,0.06240800042863147,0.0,0.12103442298198831,0.1746607769133122,0.08836306161860645,0.21728672773026628
0.1862829471141218,0.37921120371094236,0.1341494772754819,0.25263584530963884,0.2632182385395534,0.256838626372553,0.16661715292958967,0.1974570775691429,0.4651012572134033,0.30029810257498957,0.42917405219204824,0.27208383882610176,0.5179814243465257,0.3163298522395327,0.27778080982330516,0.26734030576601026,0.5499536416359341,0.27063500931596635,0.19720870766762388,0.2806576702959679,0.2813219329343557,0.1789476639525003,0.25132472833478137,0.23952402436250533,0.4543041516475605,0.4224846877113381,0.1456182075070298,0.34459606190319286,0.2801486711188334,0.24124117063001768,0.38709962009955845,0.14882858681724628,0.2716000573711107,0.5738330847433176,0.2521531340923939,0.19041222619319167,0.12626148213659433,0.3350585663415259,0.1997998338994787,0.34285814067184306,0.15235449367314138,0.14600026873655306,0.228565710015451,0.10980718783455717,0.3320656521351027,0.28015247704301105,0.3182441555029347,0.1891625074741157,0.1521938810987538,0.06690764536278755,0.45161006221760763,0.10993410391817238,0.1598901205570675,0.5878750298112289,0.20612987538319477,0.1308703181012646,0.22391258385912194,0.48297086216620716,0.34699016513911773,0.4006387699980633,0.4968883004891907,0.11928502541761471,0.33428610979434215,0.3278465748156871,0.1824434222705872,0.26310113836238896,0.1819686068041776,0.227100949326184,0.3416350147025235,0.5940461657074625,0.31647502835879754,0.12103442298198831,0.0,0.3627678278654905,0.20313156168144236,0.4977640260871601
0.14116629051778767,0.40830125042197424,0.26688156073031877,0.3230105998811643,0.4435400455440606,0.2216236104582413,0.5215037594021877,0.12865806432780397,0.4302002169084349,0.23978730191703165,0.3062687642294683,0.25124544019101597,0.4813771319911336,0.28023229136593114,0.5388865879155892,0.27093062219101355,0.16697816015756112,0.24943404849080725,0.24634329353259835,0.38657467462810097,0.23085523656592194,0.17522398772167164,0.25382807674795504,0.3371789882049823,0.469933814435847,0.3508874475849716,0.1814511399517985,0.3125481180970045,0.1885159799656462,0.5266591203121229,0.3091184522812921,0.40375352967412975,0.0,0.4415017434797041,0.38898120110030776,0.33125041861866594,0.37323356654973056,0.3410146122729048,0.5052394467891245,0.39497754146734537,0.3658804837700326,0.3891426397000713,0.25859344529905814,0.4605458786440809,0.07874579923777647,0.15372470586312825,0.20380451674815003,0.17980487431686581,0.31002655753354574,0.421671620261652,0.3743153454614212,0.33201905776344576,0.38775989965501273,0.32235595513230797,0.34471021461539253,0.2818199614381183,0.22051726489791496,0.5261288186382459,0.2510918987978322,0.31037037510920523,0.38484142268638494,0.22175071202055768,0.2951041814199249,0.14987165868955007,0.1760609849280951,0.18300967642028082,0.24050469890410206,0.2758328055784578,0.23693416341316653,0.43466469079185655,0.24015187873013785,0.1746607769133122,0.3627678278654905,0.0,0.11161195684367112,0.28323289823270625
0.22046073858614157,0.313296333341955,0.2693384669320856,0.1633523124424216,0.22173199724018056,0.21504116464273662,0.22699624828143494,0.3758727557963563,0.1059878097918068,0.2218754786737475,0.186665929309201,0.14135835448347156,0.11220743466552852,0.17393372567725954,0.28439747700189366,0.22355132850541415,0.2354519295431934,0.4613647366882749,0.16977053371692857,0.3079739643592687,0.32833294016283987,0.14693906922686337,0.20561883135203196,0.10875558324587635,0.1913046158079805,0.1887653354265946,0.2946547265061539,0.19521146028922795,0.15760097072636908,0.2923781708455819,0.1915356111128381,0.07719805208946844,0.15096472784330006,0.3041908188941317,0.17192606413982345,0.14760970932430542,0.20078589875587305,0.29049230504836565,0.20221994918635075,0.24103902757916776,0.18058449603267324,0.19892452541758676,0.15447190981577127,0.21748843187691605,0.1898722366590963,0.21178390679826167,0.3874760682034682,0.3455574038777997,0.19812402420040337,0.13627229733906118,0.15920602475740261,0.13854334867573959,0.23213959489127256,0.1941124000666014,0.26050306574872706,0.27798845290637086,0.2479819602371701,0.1575980955546996,0.11396698600400329,0.29240519184970887,0.18236714149928063,0.18897394225133823,0.1463694630581767,0.168956348973828,0.41008158082023966,0.20613169936073772,0.4413591649543767,0.17167924870115878,0.21709020937279455,0.2482205162815243,0.12058998641096812,0.08836306161860645,0.20313156168144236,0.11161195684367112,0.0,0.4636402422570951
0.2968607320777671,0.36699716588279546,0.07844985613760377,0.17046693456099077,0.14413303260473517,0.25493829360785525,0.15300450530214665,0.19442738422928865,0.32079968991159435,0.28062941266747443,0.3836119658798612,0.27368607767151315,0.42149100011741,0.22806343001703627,0.1900084339640496,0.2855852234728209,0.4531316483253698,0.1955593325835627,0.3146062368562792,0.2697447076228514,0.21523024661565418,0.13181965963653605,0.22994470311016002,0.15165349163121028,0.4425506339776788,0.4253112363337772,0.22492111708635107,0.27693091292424177,0.2504302951794622,0.2138642532920583,0.27296548233070256,0.11522582214446696,0.264429772117732,0.019713712441247942,0.22555240847120722,0.1539437314237064,0.169852505463234,0.33231040240671955,0.056950581797677875,0.28030789247280813,0.11568611493318631,0.1406059207110828,0.1322326108348302,0.09236118955425403,0.2683411834996516,0.29274374612195403,0.28736215014839994,0.2188294080423662,0.09408800162703247,0.32415911876076126,0.4861912885596303,0.09746394208939185,0.1449474252543908,0.39539020430932875,0.1507734926328407,0.1215315473541752,0.2345766087146196,0.4348977051895805,0.4092724062717066,0.20113713349498014,0.436797573994382,0.3468014276087901,0.3119958617712788,0.3668300056773815,0.16968009336670029,0.16954859124598787,0.21287769086547106,0.07331923201305418,0.2842074788241087,0.48677858098134064,0.29376257346291335,0.21728672773026628,0.4977640260871601,0.28323289823270625,0.4636402422570951,0.0
