0.0,0.26070066236763917,0.22118047933519877,0.25994634527581023,0.20796789131940346,0.20861359699436943,0.19428235408726913,0.21493412337971257,0.17991025269645716,0.11635443421539682,0.20634043034910518,0.13868418769414056,0.12242565757366757,0.21662518604155134,0.378948566567812,0.22184107946202836,0.15115857032878632,0.10617371123219796,0.2743483502781962,0.2702298721409347,0.0795398823100561,0.1451558326945788,0.23571661475650857,0.1656356934734859,0.17315729461474708,0.20934436724558447,0.18313370708548835,0.21789529175290026,0.15788171943935306,0.28566063541042075,0.2783508444160474,0.027974278829044665,0.11661325544097627,0.1257841574475467,0.07658292244911509,0.24319809328433303,0.17440615127707734,0.19624541082118854,0.041441499938968125,0.20946503470248773,0.17144039121606072,0.10895325145888267,0.2572090649548403,0.042102417588731324,0.10339382040197673,0.05724049730730531,0.1654285034141755,0.31508044948089475,0.19169233537996558,0.11721313461776994,0.18311623644943795,0.0066046676396091,0.08318716557147247,0.13379458487853624,0.1668446617278763,0.21091855724955547,0.13587519115306657,0.020397272784911873,0.22113313123939723,0.2418469796658297,0.12779810579314618,0.2077979828188788,0.12295107597227095,0.26560340727724946,0.22885829683401437,0.18450159640402525,0.20012635095578296,0.18454840894996447,0.27437511999220554,0.1369491834655016,0.007365198551799273,0.18806908367540054,0.18948078252970485,0.18190818398726294,0.20292557117015414,0.19773581647465596
0.26070066236763917,0.0,0.2988139018141236,0.30163497799066374,0.40200187144419114,0.0019919522249906684,0.32352638010353685,0.03644898088484139,0.11652940645726376,0.4467297196607666,0.5010930315031317,0.16494003215096048,0.2827676435922002,0.36282402386702506,0.18985902570370347,0.16322634850436446,0.0593193159741079,0.09365176049898581,0.21701565623785035,0.15942104295797774,0.15027780236121613,0.08770452965489745,0.2323086675464207,0.17043802830909335,0.0,0.0,0.15493040033732047,0.20585304355351566,0.1282792619879471,0.20655327317599126,0.1116093796159513,0.2274108345078233,0.5437742603138447,0.42207499158246853,0.3813972746724562,0.5540896129795513,0.16770838385474016,0.2258785370270617,0.3382716863714149,0.5026250622686028,0.6758071566272513,0.5643568298794069,0.11183826999976003,0.23308801507447902,0.5043486610645018,0.40333089078474815,0.23236517964412887,0.3568608274754841,0.2001518648281006,0.27914410189771866,0.14144749013639363,0.2871852361831026,0.194839632911894,0.004933534797824298,0.5207841170781959,0.4289109991537574,0.192296375409277,0.4749871103772746,0.1956502680383739,0.30525187831755995,0.2530034161922321,0.03889243438202707,0.10658080233543256,0.11304259108618395,0.03015890470523769,0.1782240923833292,0.06599111498208171,0.3819388922955982,0.3570506593142521,0.03908588176401491,0.11702951114536407,0.21849975379752257,0.6181947619688215,0.07303152916013742,0.12612761890515817,0.27651499068764174
0.22118047933519877,0.2988139018141236,0.0,0.17569100816655644,0.0741169317522475,0.3536245711574954,0.17206950159148993,0.19062270501709364,0.36440709566210333,0.08937385298299923,0.11419535109610125,0.2662549238914847,0.13365648483895604,0.17581575724961235,0.29470838087824563,0.31762171143639806,0.15846209382745874,0.24216707409152008,0.23936403904360126,0.278516389201986,0.26881407922213374,0.2596794329264044,0.2621125734046114,0.20524826156055484,0.28523016443573407,0.24039693146820978,0.15925356705954968,0.3714410704027711,0.23047005273566068,0.32543804023360734,0.17531439458999337,0.13736321999896237,0.32572324224826216,0.20256234150067667,0.19644130437029284,0.25842111554457686,0.3398608092678089,0.12375278240295948,0.1683977363927075,0.2839945252388662,0.31841460241866154,0.42013195394044633,0.32290232712258354,0.10624126855547834,0.11029296070525785,0.522486687627223,0.15797785099509584,0.15140539067808564,0.10278070913798872,0.09714201318016698,0.05194564886181701,0.16384431136927113,0.326397689057376,0.3728435535353585,0.28732995730197447,0.3090421213605272,0.26918791488399624,0.23849375944691836,0.5080419975098639,0.30477249178887705,0.37422471552781733,0.2481246274404042,0.2695606844702729,0.3894733831020014,0.37244214265044534,0.2697648841957063,0.21913426140181785,0.1603133944674871,0.1529929005157349,0.27653265513523073,0.20257180112142875,0.283337506682726,0.26406193711191367,0.24847174485426365,0.2645429446552046,0.045973465653765165
0.25994634527581023,0.30163497799066374,0.17569100816655644,0.0,0.4769572731505085,0.33369676012676297,0.461462397056619,0.26849067090638673,0.31449556519051447,0.5184055430848815,0.5228868904863986,0.28697191486858625,0.4094857383194995,0.46792639495873384,0.3606173648635988,0.2693639379690163,0.23779910972166804,0.25224371101900506,0.21647736780330437,0.4636438442333734,0.2638253406715503,0.30754747157597034,0.2647889123490235,0.2859034243996701,0.21327092313085996,0.2537170380342705,0.3863418651596469,0.42843260200150945,0.49854561745693116,0.4267168392045225,0.3608977562984695,0.3810060521328949,0.6811538231423364,0.5111859772150654,0.44283012509289005,0.6151478272273105,0.2147974219294204,0.42129735352826503,0.408424882374144,0.6051677766894411,0.6395351143668624,0.48293930658983647,0.3008860766237351,0.3224928777989643,0.49688241709316683,0.41169720329438625,0.19770897504209248,0.2832317162783419,0.2751458128329576,0.27415362791042336,0.40382146427803717,0.3556911015704032,0.187534848752197,0.36108594036140773,0.6243443641078269,0.4384547058510495,0.23199224296176119,0.5654886608525377,0.2496420651845978,0.3405795169982065,0.06806533400061231,0.2486830627773147,0.2980685605871373,0.37438331464785074,0.2806919225197417,0.18910477160452419,0.19612304605269593,0.0,0.4918253032828261,0.3494393485589372,0.3250965026447915,0.08555934743310328,0.6329291288688631,0.24085857934763757,0.3078762579122699,0.4264661178463778
0.20796789131940346,0.40200187144419114,0.0741169317522475,0.4769572731505085,0.0,0.2825496583309288,0.3990705696411555,0.29090116717412606,0.31305586130465085,0.5239230070865071,0.5652729051927797,0.27927461829326355,0.3387851211988566,0.5916349920508766,0.22542356210992395,0.33776830803991736,0.25487417428424564,0.2669003834807848,0.21264329932722464,0.39418142369174664,0.38031272928008897,0.37913437815507567,0.18239966900858096,0.23305327864177683,0.29048081470321013,0.1994560759815664,0.257978167399004,0.3768804590197941,0.4142876092853431,0.2928112758440984,0.4373240393561228,0.37346222151868935,0.7237081600714672,0.5828784438899063,0.45459501191016727,0.6720967638127133,0.31202734227261136,0.36449657658623436,0.43094706872199434,0.6681759938326819,0.8342620904616097,0.6531131557222782,0.30927360091882145,0.3451784582956169,0.606913393367847,0.47055579167981226,0.12864056767599716,0.23404302443649128,0.3325208847835526,0.3175454659056437,0.29682772452747447,0.37758898752388076,0.2960226118894211,0.22460417085081136,0.5728072508089455,0.44714481700662123,0.2858054646874849,0.6113024139331387,0.04985790357958848,0.1715921786770056,0.48937798907196023,0.27565155685852377,0.28067430711302327,0.4294078233392221,0.3080866347680699,0.16709620435585898,0.2318957188899554,0.412579087877617,0.5757786303448849,0.2521857550800946,0.30754226995351264,0.07345096359608763,0.6906522289291972,0.21164938330271538,0.45171384686536836,0.4376475249918108
0.20861359699436943,0.0019919522249906684,0.3536245711574954,0.33369676012676297,0.2825496583309288,0.0,0.39075873290913676,0.014897342770390265,0.12145297261375862,0.401640099860025,0.4589751915831644,0.20998361031463206,0.2978037769395478,0.4320045819519046,0.2530077547717462,0.131262794073071,0.4402315848114352,0.041306950202309956,0.4752641890351894,0.22760406953399454,0.1306771284720355,0.12953350749146603,0.3290531012795516,0.17296729517710713,0.05984406623692773,0.12926808271112927,0.49523856194436006,0.27697860041090316,0.1738063863793906,0.09055194787365506,0.19653690397908005,0.22378874868812726,0.6520638935457335,0.6447973766218397,0.5759011628658434,0.5054283160199646,0.13167914749706056,0.3489793802620135,0.37791494545478094,0.6783561705982055,0.8729690435720986,0.7687547330131097,0.1796971207279514,0.2823662449100494,0.40711163025533964,0.4276749671906445,0.19968215159114383,0.15734699213644876,0.25180007139529126,0.2076977722935165,0.16133513577021014,0.25805224246046987,0.22173566699688912,0.17144679891335188,0.49470150510154814,0.33339402271953494,0.2292584045212698,0.4982038114469168,0.2570618842295352,0.29662621682999124,0.18146289252338774,0.17536673946543627,0.12081960283545731,0.13558334671386715,0.13585864731245795,0.34151813097607653,0.043299038379785715,0.21068497293951735,0.5309668527291366,0.11814655063300163,0.16547573342040658,0.22878066672759367,0.748039166943356,0.08886120564832335,0.15705842760565075,0.3443861851195732
0.19428235408726913,0.32352638010353685,0.17206950159148993,0.461462397056619,0.3990705696411555,0.39075873290913676,0.0,0.21650185292339735,0.3001596146306339,0.528844545472369,0.598365699749479,0.25225753246744775,0.2736721354620316,0.6233398789877154,0.27437983257375986,0.4116175384146465,0.24288898753553434,0.3806579402551251,0.21287345239610772,0.5786192545374341,0.39438540921867,0.4660788874975783,0.2966721807562811,0.24078733431359461,0.30764796102034575,0.2922360378490594,0.30320902272054373,0.4358630258211311,0.46527344665976955,0.3215974246695668,0.5375627679540574,0.3325323591706027,0.6971250163229139,0.6188369158059501,0.42472704569750586,0.6255506265592121,0.3576678931048073,0.47969647989911657,0.4281067196613732,0.8031080609927143,0.8662655991635975,0.6038993163532567,0.2636127810303529,0.38234173238097,0.6997292302901198,0.41956551056099145,0.22512010804995577,0.3803389821720875,0.20868471622044704,0.28798775887484596,0.43015995730092993,0.3191246864513704,0.1941646300720351,0.3343060421694801,0.6223882472798785,0.5916567679328555,0.1894428824485516,0.5306320290865842,0.07955251498384025,0.24727227352612596,0.10585210749497745,0.30489879581417645,0.36543801533155784,0.44036291555268287,0.41004834959903635,0.14911626725471547,0.3811808736492808,0.023224001195906046,0.6270276361096037,0.298451699689929,0.34480660161233995,0.136616015633304,0.7842244297393648,0.35942729526686856,0.3922145949463526,0.5151709906484498
0.21493412337971257,0.03644898088484139,0.19062270501709364,0.26849067090638673,0.29090116717412606,0.014897342770390265,0.21650185292339735,0.0,0.22460528241535627,0.3039721810191775,0.3461567113202201,0.3028594535600495,0.11005532417227576,0.278317985827275,0.24156166601708054,0.04658669404014226,0.06587749130263795,0.04091552711760673,0.22370496970292725,0.005172727929077589,0.2529183004438659,0.16897649670219583,0.18197269989416737,0.33240800129761366,0.1431573644304628,0.16195954995723266,0.1869243953295233,0.23050331203014407,0.031417865004096414,0.09970817160603827,0.18458058623240883,0.2220596221593769,0.43172486077605504,0.4136313717012961,0.40383771394660023,0.4097602453052509,0.25963456020665865,0.2666531515169752,0.2379864433790832,0.3306179141284666,0.4653422732008283,0.4009019591708497,0.06920358612524011,0.2266069293664439,0.2761847392935957,0.14546517641734552,0.2760396372374889,0.24544584651032741,0.22819190689665342,0.1821506206679611,0.20213669230812137,0.31505167825602004,0.16661763383986675,0.23336779274645747,0.3595711198943409,0.2518643947803449,0.27107530907066657,0.32642820725690547,0.0,0.2491116675829648,0.12722350417578057,0.038175920177124074,0.12539628954850307,0.0738448276632699,0.3566635491053339,0.1026060865623333,0.205054701434855,0.22575455452378895,0.5125070226712828,0.07801892981989894,0.27115546797088375,0.21170158582914322,0.3532821006447853,0.21081271017974004,0.3668422787967621,0.18699973534069833
0.17991025269645716,0.11652940645726376,0.36440709566210333,0.31449556519051447,0.31305586130465085,0.12145297261375862,0.3001596146306339,0.22460528241535627,0.0,0.47157678505465245,0.4897722984223783,0.23028972571985964,0.3091858870122636,0.43051019053009715,0.29581354559850287,0.15519131453192672,0.049081157618511104,0.16186941010431538,0.3783124481888261,0.2944964885541694,0.14397748096622787,0.25989428843261375,0.328364155699318,0.08526970640998759,0.22359950804124176,0.14758767697677927,0.07935180155491593,0.27414217636270916,0.2131314859722699,0.016941185456735203,0.27062739066688496,0.30515735122944876,0.5402327308655571,0.5185216886721282,0.44693306642992187,0.5288683544539342,0.20752215933531953,0.3063414384713279,0.34297263998273314,0.5744787234707764,0.7425073788114878,0.5849268486925512,0.17429802121467838,0.2595850585169559,0.4650244252368732,0.4608477434639924,0.09050538117799793,0.09308808990011504,0.18888040666570485,0.1787162113014079,0.2783716236739716,0.2646039520788878,0.34676331738423116,0.17967770013304943,0.5664117188355111,0.4031569228593911,0.22310785899795152,0.5498113920891684,0.0,0.1914730923931609,0.5662209239410425,0.145702018928993,0.23259896453768858,0.149649274748781,0.24383063342626488,0.23680843232011142,0.14983427986254363,0.29870059556718026,0.544293338927193,0.14451314058297235,0.22728914851629367,0.2583518446250297,0.7135181204888362,0.19371704953561786,0.14390187710985552,0.3652411522063706
0.11635443421539682,0.4467297196607666,0.08937385298299923,0.5184055430848815,0.5239230070865071,0.401640099860025,0.528844545472369,0.3039721810191775,0.47157678505465245,0.0,0.6041863600716488,0.3355486542435507,0.5598345706396242,0.658659546351642,0.24728623923782345,0.39365168630323544,0.21146825011529632,0.3592454529316836,0.1904536568989254,0.44939027898805656,0.5469171987395507,0.3933310348531734,0.2794763607331565,0.2732064173271436,0.3717931633217826,0.37022931759175504,0.40729281931538913,0.4839990408170039,0.4840708720184086,0.485221562599702,0.5621035305790126,0.5302200320693983,0.7603259962299244,0.7517662859760802,0.5509225813327804,0.7638421813038421,0.35054574573654906,0.4342838601085292,0.5191840644114304,0.7320529119790777,0.8712214786366136,0.6755666399584196,0.3700820403331501,0.3435665863173688,0.5850557657891394,0.29875381483820374,0.19274107274813884,0.26614430210263945,0.38354641524155575,0.44129385771972235,0.5163607703642416,0.4934228291408021,0.22437350238606474,0.4169991069370277,0.6167506592907146,0.580890587841574,0.36566466407433,0.7522122714457771,0.23201137417130588,0.3128760297539945,0.06614361455339214,0.3361442270435734,0.46226747426947196,0.5572741277808626,0.49045545524985606,0.20121851403097207,0.4393181032897087,0.28089733211804885,0.639904046429774,0.34717670165410086,0.4438941442559688,0.06119108707659507,0.7727591893455233,0.368920926443312,0.3470779859430792,0.6230099440681279
0.20634043034910518,0.5010930315031317,0.11419535109610125,0.5228868904863986,0.5652729051927797,0.4589751915831644,0.598365699749479,0.3461567113202201,0.4897722984223783,0.6041863600716488,0.0,0.3063369923350703,0.6259972853744664,0.6846935033991399,0.16041282297304657,0.478326484624496,0.3746565179518981,0.4803165993914366,0.1959777482278155,0.5077463413142627,0.45063881707093895,0.5494149423181076,0.19026637735953436,0.24288211993551245,0.46257890498896703,0.40546192089346805,0.31137445142788406,0.6162055719522701,0.5361480501594605,0.4083471271176123,0.6133548171729317,0.6002788359169691,0.8843759309847476,0.7074853526217674,0.6636807700801873,0.7773831809272508,0.461342715673632,0.4039903720530959,0.7698493362713117,0.9550630903556947,0.9253871054710153,0.8739087830574038,0.34509186873025277,0.5079744302460047,0.8496874887023174,0.3754821634336158,0.22417080894323987,0.3365647810069382,0.4719100060940373,0.5398761202236931,0.44315145892154756,0.5330461867347851,0.25129453810174185,0.39046356648555147,0.6397924556772738,0.5748388249592199,0.3469678291031782,0.87605475539609,0.24538732236402636,0.2800069468183444,0.40033253559171394,0.37561876062860877,0.35497813494772423,0.44785273272066667,0.4322411045337605,0.21031253473750858,0.4136313955832237,0.23571517317867471,0.6656849303670835,0.3475550265008879,0.4333900482449391,0.07709173159096358,0.9009712478154244,0.3771926967120887,0.6959914891742913,0.6017727936737859
0.13868418769414056,0.16494003215096048,0.2662549238914847,0.28697191486858625,0.27927461829326355,0.20998361031463206,0.25225753246744775,0.3028594535600495,0.23028972571985964,0.3355486542435507,0.3063369923350703,0.0,0.19821846612029725,0.3642697700130191,0.27265077371378743,0.09173835980755049,0.32779845172998023,0.2190984089007774,0.3233931390066569,0.33544687338547097,0.22053626522652606,0.33724518711703344,0.09843653986205395,0.2693116425537661,0.17964443416795903,0.21992112786178467,0.21324609960996785,0.12475338338186834,0.16828670227839337,0.33250106886557845,0.1487831437673426,0.15209749086912516,0.41179187381164806,0.43494796690457527,0.20364891841768312,0.5054390220631847,0.2657931905037429,0.3569281621699399,0.2329269061312728,0.30570223675729863,0.5037226262994782,0.38075842951169453,0.18524225375896425,0.23117017287766886,0.3186167520015853,0.09215950711432519,0.3204285420370084,0.27232018599128566,0.12577882133915821,0.18711871125195048,0.14503897509662445,0.20263226499382908,0.14297834582566296,0.1858751292884493,0.39982066822851714,0.2018423253505886,0.18539853343574864,0.31710252001368733,0.32429301077918327,0.2027824941442616,0.24727385235046284,0.1939801448826391,0.1270258535287765,0.23519732796101156,0.31977867596724335,0.09851271505104087,0.28651062071355327,0.2437557528333933,0.346172106492782,0.2648812085787066,0.16606522323187084,0.30628302915424843,0.3354885436790853,0.22594233482988593,0.23193156140795063,0.18311944559390778
0.12242565757366757,0.2827676435922002,0.13365648483895604,0.4094857383194995,0.3387851211988566,0.2978037769395478,0.2736721354620316,0.11005532417227576,0.3091858870122636,0.5598345706396242,0.6259972853744664,0.19821846612029725,0.0,0.5389026956910276,0.31755194674166437,0.35367273648733516,0.2705997763447879,0.31871435265640674,0.18283066711406912,0.4685749176132322,0.3269106473282922,0.4149882378751644,0.1269971417245181,0.17256996361391483,0.2917109354601267,0.16936870737448492,0.2915138434309939,0.39418815388276246,0.4005469590071997,0.19978846862994043,0.4707277726231811,0.33619443212029554,0.774603379888219,0.6377640091111452,0.46880735126706724,0.644280070889735,0.19467885186732192,0.47588097649584665,0.38146365630491946,0.7794130756263654,0.9118857642134924,0.6982106894529907,0.24281617285219734,0.3990685632361492,0.5679836496038799,0.2935934465920904,0.1706528669867653,0.39301751424454867,0.242255706930035,0.1650236076504919,0.3880607083499838,0.25838183802243975,0.13137630149187024,0.2753015090667567,0.6030240290864765,0.49719351170455606,0.17148345175628166,0.6419313340041934,0.10336461407206846,0.35927037237058396,0.30508295403326224,0.19615110860301962,0.32130873881760663,0.40217443056337704,0.41781827173842684,0.05545261892448031,0.3303353962721957,0.13734698718444135,0.5124896681743322,0.2285465152506515,0.28811891208091406,0.057120832546003475,0.8749125909534083,0.35553007177618334,0.2892394766668389,0.5624192291408846
0.21662518604155134,0.36282402386702506,0.17581575724961235,0.46792639495873384,0.5916349920508766,0.4320045819519046,0.6233398789877154,0.278317985827275,0.43051019053009715,0.658659546351642,0.6846935033991399,0.3642697700130191,0.5389026956910276,0.0,0.2418447216783807,0.39670501651624673,0.23152133588198523,0.3634760593083803,0.2471189971464087,0.737981450541985,0.43646141530469273,0.49360706915532476,0.27224208780143705,0.40669939156689183,0.38008124954510186,0.32581025399208946,0.32537862330601136,0.5554994695649187,0.6307910165712928,0.3779210518602751,0.4755741951542451,0.4420723314261854,0.9415164855685656,0.8517023832734525,0.7060492909517725,0.6744354286511409,0.3579119331475871,0.5768552638513953,0.5833645008020559,0.8480544812048733,0.9273547635734878,0.7198457289179757,0.3724061117032498,0.5358353281834974,0.7789965353325538,0.46935965399422563,0.23194266019685736,0.3906330418521517,0.4442682366702928,0.42535309469953,0.5568854055486606,0.5138391708844032,0.19244010256139002,0.44058576416664746,0.7257036663643255,0.5704269844576215,0.2896410774204281,0.712495277519526,0.19507843805811803,0.2122307054963019,0.0,0.3743920888767503,0.42892676115590445,0.4644084231427386,0.32715152530028196,0.20960960406619678,0.27064473756853585,0.30516061679855677,0.6877588782506363,0.35873006433871996,0.3807290216082985,0.05789105229378812,0.8297399899060166,0.34510034921236304,0.45976225935670567,0.608287226786509
0.378948566567812,0.18985902570370347,0.29470838087824563,0.3606173648635988,0.22542356210992395,0.2530077547717462,0.27437983257375986,0.24156166601708054,0.29581354559850287,0.24728623923782345,0.16041282297304657,0.27265077371378743,0.31755194674166437,0.2418447216783807,0.0,0.28474327574983305,0.3351816465566046,0.33305843211692676,0.2830510066715306,0.11470942658143823,0.2004201664730667,0.15755172617069996,0.2550402048562846,0.44452588287586037,0.1709799418440051,0.21012894945106356,0.088074564152005,0.26777656074886264,0.10100240684729345,0.11169722253690237,0.3378377246285571,0.2994222636889528,0.21891627338848305,0.09976287810127729,0.02863569718629391,0.26074461243581,0.18758176144933894,0.32044391144563356,0.3008695784763424,0.10779737843005358,0.2280960031114689,0.06046223410943681,0.2554389442007349,0.3084639768350463,0.24335443233482593,0.3638244978768922,0.29701679465581027,0.5635605984722767,0.23379690556120453,0.216694472080817,0.33265398671876345,0.3474702944054657,0.4604473190737038,0.2596680437024285,0.3149981763927644,0.33798354984773105,0.29902022123509425,0.34824466134474324,0.29962127269172273,0.2876645318000687,0.18146756917569268,0.2227900129697408,0.3033236601411756,0.39364927795681975,0.41429535460522166,0.38650247279929695,0.11062403384799031,0.15169690518319345,0.08209219047563186,0.21888600628998137,0.26694392348936713,0.11192488228974146,0.2718014078846224,0.1898971000519349,0.28658046894620764,0.4522272059524723
0.22184107946202836,0.16322634850436446,0.31762171143639806,0.2693639379690163,0.33776830803991736,0.131262794073071,0.4116175384146465,0.04658669404014226,0.15519131453192672,0.39365168630323544,0.478326484624496,0.09173835980755049,0.35367273648733516,0.39670501651624673,0.28474327574983305,0.0,0.1114109125211051,0.19796071069657695,0.34440675865798104,0.19643226088956645,0.2462200959055497,0.18861387076538028,0.22195773148743614,0.09413765958139034,0.15147070608909624,0.13138724501051077,0.17437054730547533,0.29245494712506587,0.2172232100603474,0.12368769793312338,0.23873643475137693,0.33044179357701714,0.7991715560153372,0.5146303236707017,0.4636099082814743,0.6230869108096981,0.1450134002498428,0.18071081576238765,0.3866937340296616,0.668944895036692,0.5981122449968715,0.5441699100828002,0.12741090179353856,0.31426047539385304,0.5755051429740207,0.31728607522442587,0.023392674874848786,0.13800582911762835,0.2734014445486691,0.31437207160975594,0.20282518532743946,0.34723705520949594,0.23014691964749334,0.17732721147347708,0.55530612505168,0.398597759576136,0.34705234557253734,0.46512272895152473,0.06648220280603546,0.1734820684358794,0.2632877794599888,0.18214585454178583,0.13457458208347195,0.1243661683951785,0.15537781531484024,0.33653900144514093,0.1621916181817664,0.2168254808000937,0.32401959768821353,0.13499611003091866,0.14652874271762154,0.2548587407408135,0.46692487474234307,0.1583785090672713,0.20586427438192065,0.3564474315446406
0.15115857032878632,0.0593193159741079,0.15846209382745874,0.23779910972166804,0.25487417428424564,0.4402315848114352,0.24288898753553434,0.06587749130263795,0.049081157618511104,0.21146825011529632,0.3746565179518981,0.32779845172998023,0.2705997763447879,0.23152133588198523,0.3351816465566046,0.1114109125211051,0.0,0.03945073614820851,0.3115455400649067,0.2940070334762971,0.11866207608215609,0.3883409141389587,0.25657543772316055,0.16789427709184748,0.2659519292893809,0.26397817049398753,0.3072818800309335,0.18216728150475647,0.09632087858283392,0.16668645947344193,0.19362132289591594,0.22146447146677037,0.49002325350526915,0.3370496588110535,0.319103226844815,0.36919553116391846,0.27340488304591254,0.14662265693228319,0.23280671865592692,0.40054400654447064,0.48234402237433216,0.35651795755274185,0.03416248928498134,0.16187999481981433,0.34819306187165494,0.2912417218652217,0.25826737019856255,0.25468228539375,0.19393780285676562,0.14746322354336888,0.05271243415996953,0.20533381523935862,0.37957466234213827,0.4584106193001741,0.3149992273704903,0.20986594210772702,0.22947466622756785,0.33360761067642686,0.37994447633768025,0.3518122928102652,0.2266662726064699,0.14935700576557837,0.07272773099410043,0.36109109830827546,0.2058040104019988,0.2348318567556162,0.21835949495866144,0.18119446981558887,0.3161020265410557,0.011825083041723984,0.038242691361164254,0.23160492645804387,0.31957897043240674,0.3081525425737674,0.10953613078544613,0.185211438968316
0.10617371123219796,0.09365176049898581,0.24216707409152008,0.25224371101900506,0.2669003834807848,0.041306950202309956,0.3806579402551251,0.04091552711760673,0.16186941010431538,0.3592454529316836,0.4803165993914366,0.2190984089007774,0.31871435265640674,0.3634760593083803,0.33305843211692676,0.19796071069657695,0.03945073614820851,0.0,0.3510274159287451,0.21446140046853832,0.09364304048468455,0.18734493822760923,0.19444984972287502,0.1745821583770331,0.13215803928791844,0.025854801676256062,0.3617488216999937,0.2555368778159043,0.1676887558251013,0.2574783062739023,0.2194657304164278,0.27764646740928595,0.5690032422874887,0.31943501822268583,0.34168909043829443,0.4504811001487922,0.1694990334073315,0.10694248656880373,0.31665675462585324,0.5560787530459784,0.6227031329439895,0.5159792429079031,0.0987767533416194,0.21898277018358756,0.3994745489768431,0.3472176129530442,0.2623103964891496,0.04732507638650577,0.24486642729261676,0.20313723038914727,0.16258766456752602,0.2724732287479758,0.28985527662723926,0.12928705494068599,0.4088186408998319,0.30262186714927186,0.1819880890166912,0.4579566601861849,0.21724468299769228,0.3065396253297008,0.15493284588098022,0.07362322188161718,0.11102713716416922,0.13002262819332758,0.1361346630523397,0.15681561848161954,0.12609380038864867,0.124711348013828,0.24194637644946992,0.053532505957211735,0.10941885938283002,0.1485261683623442,0.6156445251083764,0.028212017920371077,0.18174324382779483,0.3098289705285247
0.2743483502781962,0.21701565623785035,0.23936403904360126,0.21647736780330437,0.21264329932722464,0.4752641890351894,0.21287345239610772,0.22370496970292725,0.3783124481888261,0.1904536568989254,0.1959777482278155,0.3233931390066569,0.18283066711406912,0.2471189971464087,0.2830510066715306,0.34440675865798104,0.3115455400649067,0.3510274159287451,0.0,0.3745688434883545,0.3057249654568564,0.3621180083924006,0.3564125758880176,0.33279060060308097,0.27037829293385734,0.18799658186016865,0.23617902660789283,0.04538719256981029,0.20975709351130822,0.38846668432715836,0.38085455452983835,0.10079692825936849,0.4985346418961524,0.31181238751296214,0.38054753969909005,0.4080306282035778,0.1850264949699876,0.12375071719260868,0.14030423931331448,0.4462416750981404,0.5319587378230581,0.46491800089188096,0.028643655182208565,0.2476736040885019,0.2675140969056727,0.40932244006899654,0.09255575059669824,0.27064383098176314,0.13814001884819105,0.16476182486174096,0.41312065290832445,0.1547531156834331,0.20401931235072057,0.3318386060630458,0.33568091609538175,0.09273391281993686,0.29338357636224527,0.3408578147300257,0.31849235580320484,0.18372781720282802,0.3275067392190126,0.22655770598959077,0.2886793902011461,0.31733449629616506,0.3950721273937466,0.2505898728323736,0.22163442463970562,0.2190545721486466,0.14789299244534063,0.23891065950803325,0.22620389799741253,0.29679882290270093,0.40601384382841244,0.28067298501595833,0.2741341163760688,0.1425185175248997
0.2702298721409347,0.15942104295797774,0.278516389201986,0.4636438442333734,0.39418142369174664,0.22760406953399454,0.5786192545374341,0.005172727929077589,0.2944964885541694,0.44939027898805656,0.5077463413142627,0.33544687338547097,0.4685749176132322,0.737981450541985,0.11470942658143823,0.19643226088956645,0.2940070334762971,0.21446140046853832,0.3745688434883545,0.0,0.23612475173043526,0.27214913837504073,0.21647823575308262,0.09216913088072018,0.2488421672984605,0.12663710113001686,0.06540758444397339,0.4199566410961297,0.29236339293140085,0.31954771069895876,0.2258585429822981,0.39049209993321865,0.8332269029380455,0.6880748827640619,0.7454442544957934,0.7945920518276147,0.3900853808689637,0.31829165513109015,0.5285132234397776,0.8007332594096526,0.8179553034861028,0.7179771532016378,0.2547276402157074,0.48750682482013297,0.5761100466885251,0.3044595296204913,0.06489436734955384,0.08507458036220744,0.36036030552389636,0.37697691576923825,0.41942196077769417,0.42548619712442326,0.1834375019048616,0.27479415928636824,0.7284560042726199,0.4401222457984401,0.2241963869652873,0.7409672037011662,0.24821198357865887,0.26641933489074654,0.3509299099030942,0.07986356105575657,0.2722915874691816,0.23329901694927133,0.26493244513859526,0.28973811963383567,0.2502900565066156,0.11355679771637087,0.49422685560364155,0.20879125641572097,0.28391312519234996,0.2153938648910595,0.8484461243101181,0.34014835772795626,0.0718383428043243,0.4674883362490194
0.0795398823100561,0.15027780236121613,0.26881407922213374,0.2638253406715503,0.38031272928008897,0.1306771284720355,0.39438540921867,0.2529183004438659,0.14397748096622787,0.5469171987395507,0.45063881707093895,0.22053626522652606,0.3269106473282922,0.43646141530469273,0.2004201664730667,0.2462200959055497,0.11866207608215609,0.09364304048468455,0.3057249654568564,0.23612475173043526,0.0,0.16815629045502695,0.10167800621791995,0.1989106119819174,0.07465818909257217,0.1856428310450166,0.19073386414645918,0.33347068276995556,0.27099067172241065,0.013915899702695675,0.2797806717387826,0.3606543310834811,0.5929819087366116,0.5717739501798984,0.46898936855172096,0.45981575212319986,0.2881141980100127,0.42655995066548524,0.33569453323056303,0.5393378152123327,0.7069607841991267,0.56584168476089,0.11620495837743677,0.28321839632290946,0.515141288396336,0.3347743671973393,0.24395627096989342,0.0015315878271502845,0.30629738039687904,0.16980297927011576,0.23302879798418275,0.31437069994149086,0.18234468780961752,0.17269930270139813,0.5946381089947269,0.3194304200622855,0.23464740725713834,0.5234436575080517,0.25593897950739936,0.2873035356421327,0.21183357038146744,0.1391105105804589,0.19134418550933402,0.2882193487091913,0.14395013094202622,0.11227000473967547,0.09259102184824593,0.11349301624212005,0.5007121143675823,0.20341985731155476,0.29794818617018,0.3097616493565113,0.6498354525332766,0.10318386604697473,0.12912617556443765,0.4078032335799652
0.1451558326945788,0.08770452965489745,0.2596794329264044,0.30754747157597034,0.37913437815507567,0.12953350749146603,0.4660788874975783,0.16897649670219583,0.25989428843261375,0.3933310348531734,0.5494149423181076,0.33724518711703344,0.4149882378751644,0.49360706915532476,0.15755172617069996,0.18861387076538028,0.3883409141389587,0.18734493822760923,0.3621180083924006,0.27214913837504073,0.16815629045502695,0.0,0.22517431527037493,0.17314620467610956,0.12561616279004692,0.146072657226809,0.14101575423230045,0.306901328726279,0.2226646256152243,0.4457012713272805,0.174798729836369,0.32111173392868464,0.7733192386259276,0.5605794805401417,0.526765531739143,0.6124660931450742,0.18547874679414655,0.30836569066235553,0.5179190690020692,0.7242861519204782,0.8102622571301259,0.6308843079611727,0.13630997872298564,0.371620705466006,0.47099761678396507,0.23208126038860022,0.22602598763218268,0.0045802182872780595,0.2681601105296086,0.29683043604702974,0.24826942680883798,0.37621997713691196,0.2259840850845148,0.19841320804204998,0.5590418064690365,0.4035959418995735,0.21202360604183834,0.7207640222261339,0.14656125688016208,0.17098761585434288,0.2496789489233048,0.11774138593783826,0.1419263087792475,0.08869610717780971,0.22767498953450238,0.20822157605135944,0.1922395192557046,0.18199258972606827,0.34277052882111897,0.0779672558468211,0.18982386518814157,0.26878554133513677,0.6934258030085523,0.176912030832834,0.09580433635423813,0.42016568131399495
0.23571661475650857,0.2323086675464207,0.2621125734046114,0.2647889123490235,0.18239966900858096,0.3290531012795516,0.2966721807562811,0.18197269989416737,0.328364155699318,0.2794763607331565,0.19026637735953436,0.09843653986205395,0.1269971417245181,0.27224208780143705,0.2550402048562846,0.22195773148743614,0.25657543772316055,0.19444984972287502,0.3564125758880176,0.21647823575308262,0.10167800621791995,0.22517431527037493,0.0,0.2829469355786214,0.22717084232861312,0.2100605645771955,0.13294941504360772,0.07791746328959284,0.08209622177684708,0.32629553114026266,0.42046203023303014,0.19359996843303262,0.4872639153106732,0.5037517932505846,0.4103795756542957,0.4708290058721704,0.20050862460446434,0.4146028641332908,0.2521944844016827,0.41477689692332437,0.6755030002167932,0.5842728888055119,0.03530686109787441,0.3137900281193145,0.30739002100365953,0.36928728533548955,0.19348029816466342,0.27921102158314476,0.13860455024757526,0.11713376754142402,0.10146079161655756,0.20623293698395703,0.39381331071237874,0.3020304611818935,0.5041041267525254,0.11947787210333287,0.2017217255180076,0.3856899117229192,0.28331695883623603,0.1491740994500713,0.22245402461562203,0.17599960719146995,0.07781934426562016,0.430918282679021,0.11332023009009921,0.22602432124013494,0.09148141547930441,0.13296286264131843,0.4746175494846412,0.2064136817938368,0.13052878988690245,0.2596835955789308,0.43456321238088835,0.23884182520618155,0.29751917495601465,0.06138982930967139
0.1656356934734859,0.17043802830909335,0.20524826156055484,0.2859034243996701,0.23305327864177683,0.17296729517710713,0.24078733431359461,0.33240800129761366,0.08526970640998759,0.2732064173271436,0.24288211993551245,0.2693116425537661,0.17256996361391483,0.40669939156689183,0.44452588287586037,0.09413765958139034,0.16789427709184748,0.1745821583770331,0.33279060060308097,0.09216913088072018,0.1989106119819174,0.17314620467610956,0.2829469355786214,0.0,0.17155427408569507,0.08735459523709763,0.2037102218322172,0.1569455354651965,0.10618457571345363,0.2290263612437017,0.19898037719434863,0.27119118796636554,0.5259366056780687,0.5523510753592726,0.45718455703488153,0.4692808157722789,0.27355521974701963,0.5865554555543527,0.2809857788075116,0.45802686427981015,0.5619454797991744,0.47949974194256123,0.18906018513083453,0.2923219489190864,0.28365368713818223,0.15187958308256266,0.2747408556443855,0.1039490973672974,0.22590179648168632,0.14097331115444173,0.22355797318874424,0.3079877015442304,0.17979034728071125,0.11631197157157158,0.4298394780179448,0.10160008584825121,0.19756638907500368,0.37785319839940507,0.3415715729192587,0.27236382153139566,0.21091779505350555,0.15983967787708755,0.2150294579671936,0.011908958416431248,0.2666616180448311,0.08450032184671954,0.2376310084868549,0.15283517040275796,0.4590394366002444,0.1407087667430419,0.24664525738999032,0.16120912467052637,0.42600299083199006,0.09336707727463969,0.32985159889225735,0.2692490690342264
0.17315729461474708,0.0,0.28523016443573407,0.21327092313085996,0.29048081470321013,0.05984406623692773,0.30764796102034575,0.1431573644304628,0.22359950804124176,0.3717931633217826,0.46257890498896703,0.17964443416795903,0.2917109354601267,0.38008124954510186,0.1709799418440051,0.15147070608909624,0.2659519292893809,0.13215803928791844,0.27037829293385734,0.2488421672984605,0.07465818909257217,0.12561616279004692,0.22717084232861312,0.17155427408569507,0.0,0.022554351519682707,0.21113419291402286,0.22455743124132105,0.16475339510395837,0.0,0.1570116088324886,0.19640482355906835,0.5769043668308784,0.38364350098413347,0.38524724466699767,0.5239093780097862,0.1520209459387863,0.2237892105987923,0.40047776570243737,0.5176905372964413,0.7268861530044832,0.615622310050351,0.09883537160386864,0.2195100614401772,0.5116966299109016,0.3068250176733357,0.282842598938695,0.0,0.2734103160644774,0.22741678228528045,0.17719319920222001,0.30426157773347196,0.2414690503374381,0.047949015907728765,0.4172961053045176,0.2725294844201036,0.1831053857676888,0.48751330165229195,0.3610413094380845,0.399651395829059,0.2561258053412544,0.007175062947233203,0.10334638529027994,0.047247539331054744,0.1307883001724314,0.18992170441680195,0.07654992964467791,0.27853472495752457,0.28081993324233256,0.08093824398659229,0.11063436289820462,0.18213172794598395,0.5385386592636077,0.0,0.10157962014436478,0.2636348373329795
0.20934436724558447,0.0,0.24039693146820978,0.2537170380342705,0.1994560759815664,0.12926808271112927,0.2922360378490594,0.16195954995723266,0.14758767697677927,0.37022931759175504,0.40546192089346805,0.21992112786178467,0.16936870737448492,0.32581025399208946,0.21012894945106356,0.13138724501051077,0.26397817049398753,0.025854801676256062,0.18799658186016865,0.12663710113001686,0.1856428310450166,0.146072657226809,0.2100605645771955,0.08735459523709763,0.022554351519682707,0.0,0.15992244024451502,0.22441356436731355,0.07938673224359838,0.5187754198970975,0.2032108912154893,0.30318573439949903,0.4875141560166495,0.4173785091604631,0.3204671225828968,0.4586426353579232,0.1469185618396548,0.29253589697021826,0.2525659177043327,0.46945236593233997,0.6829235777258278,0.5607299077793373,0.10748870582556311,0.24594554319922832,0.38988886312401283,0.318223456772814,0.2912504173997985,0.1412968416817873,0.15694490872396433,0.12224817791175757,0.2352102809355036,0.2976539026930705,0.02509541360601836,0.09512228508714145,0.34336490852345863,0.23917336190353847,0.052634178554831816,0.42824622278583246,0.3292670877575227,0.21301999181278375,0.1787447449972741,0.19349236807260747,0.09435782911581297,0.07955112204461166,0.06518362842128879,0.15859667247191694,0.004732619478415282,0.1443460512856212,0.4637376099203995,0.027923596232573435,0.18842502211124515,0.2988268157106029,0.543919739338589,0.03377177054850164,0.16306279801002832,0.3202160831971458
0.18313370708548835,0.15493040033732047,0.15925356705954968,0.3863418651596469,0.257978167399004,0.49523856194436006,0.30320902272054373,0.1869243953295233,0.07935180155491593,0.40729281931538913,0.31137445142788406,0.21324609960996785,0.2915138434309939,0.32537862330601136,0.088074564152005,0.17437054730547533,0.3072818800309335,0.3617488216999937,0.23617902660789283,0.06540758444397339,0.19073386414645918,0.14101575423230045,0.13294941504360772,0.2037102218322172,0.21113419291402286,0.15992244024451502,0.0,0.16900674758620451,0.05336666666176073,0.32654775417193255,0.28335983625360184,0.15678371887631948,0.7227618544302499,0.5243291467975283,0.4905379926712457,0.5354661056652235,0.15452467036356662,0.25338430742040075,0.3114222246020744,0.5833639962763176,0.8173852032318063,0.6520977515130388,0.09417055321918873,0.3554883025729067,0.44595907580122257,0.40509548875068496,0.2667566452567031,0.2111730264116913,0.2351409254643011,0.17548525973836243,0.15488670605758806,0.2642898308389666,0.21800800242664628,0.13674962493848122,0.36848578544495997,0.14648430575746846,0.15166280782223018,0.5094472137240896,0.15456141818805158,0.16511603087042012,0.13713691612207674,0.16685673921174551,0.058717454921976525,0.2131885581051046,0.08723182070863597,0.13653641441449296,0.29815456990564754,0.1534239890570028,0.36163513805385494,0.10862984402767255,0.081383834107726,0.17658339456376956,0.7352927962066393,0.08677724213425084,0.36942334270086724,0.28105609271103477
0.21789529175290026,0.20585304355351566,0.3714410704027711,0.42843260200150945,0.3768804590197941,0.27697860041090316,0.4358630258211311,0.23050331203014407,0.27414217636270916,0.4839990408170039,0.6162055719522701,0.12475338338186834,0.39418815388276246,0.5554994695649187,0.26777656074886264,0.29245494712506587,0.18216728150475647,0.2555368778159043,0.04538719256981029,0.4199566410961297,0.33347068276995556,0.306901328726279,0.07791746328959284,0.1569455354651965,0.22455743124132105,0.22441356436731355,0.16900674758620451,0.0,0.4216311953939086,0.17815837408412533,0.3609926786197175,0.4207719477651582,0.8464555822945357,0.634914334116076,0.5554748779793198,0.6685092221582316,0.24715841272436534,0.5017574161728792,0.43432849789316313,0.7685135532223332,0.9730789585479811,0.7609214176379554,0.2813877110049001,0.41131075234078507,0.6230444230524226,0.38687471462437945,0.11911861137713545,0.2514699027466943,0.2793928873983641,0.34441079704848143,0.42554369756726257,0.38628565843372537,0.10454796434405512,0.23779731351147973,0.6735786947225735,0.4777378913576857,0.10550446225134084,0.6805403467334573,0.14746801509536425,0.30364358483925946,0.29047325429500287,0.12427895364705607,0.29854582801771823,0.3407054949192015,0.3144841073494162,0.04551554723139481,0.24910755798922363,0.2567309236483249,0.518623246594247,0.19376007365804215,0.31340727987307004,0.28664927534168416,0.7887084540116639,0.25003131816727975,0.1938099495634042,0.49657919116000565
0.15788171943935306,0.1282792619879471,0.23047005273566068,0.49854561745693116,0.4142876092853431,0.1738063863793906,0.46527344665976955,0.031417865004096414,0.2131314859722699,0.4840708720184086,0.5361480501594605,0.16828670227839337,0.4005469590071997,0.6307910165712928,0.10100240684729345,0.2172232100603474,0.09632087858283392,0.1676887558251013,0.20975709351130822,0.29236339293140085,0.27099067172241065,0.2226646256152243,0.08209622177684708,0.10618457571345363,0.16475339510395837,0.07938673224359838,0.05336666666176073,0.4216311953939086,0.0,0.1666252581344796,0.22046715258466923,0.42571276819389753,0.8043316339588997,0.8407216293243066,0.6305691927781039,0.7972056689888212,0.27694784129834377,0.3314267600441551,0.6097722340874904,0.8623583665140169,1.0,0.9042721051049175,0.3089740504268436,0.4568304281214728,0.5676486047103648,0.3450708737654061,0.1020604919840159,0.08259785034695646,0.33094614560295454,0.2947187065920694,0.2547572632692618,0.4156420069190298,0.03288889609779052,0.24319472910675785,0.6901903030248104,0.39203394833819133,0.13417515469930894,0.7064176655435901,0.02522177813007912,0.26027703639734273,0.10005449876590998,0.08043570698922906,0.20942834509837852,0.20045673731240923,0.2638709454536991,0.15467760375772796,0.1824686658626507,0.09359349555249395,0.642522530884174,0.16877918248600993,0.25174608939259896,0.14538565833613634,0.8764869787076351,0.1805628818300431,0.11758973503451131,0.5298302779128018
0.28566063541042075,0.20655327317599126,0.32543804023360734,0.4267168392045225,0.2928112758440984,0.09055194787365506,0.3215974246695668,0.09970817160603827,0.016941185456735203,0.485221562599702,0.4083471271176123,0.33250106886557845,0.19978846862994043,0.3779210518602751,0.11169722253690237,0.12368769793312338,0.16668645947344193,0.2574783062739023,0.38846668432715836,0.31954771069895876,0.013915899702695675,0.4457012713272805,0.32629553114026266,0.2290263612437017,0.0,0.5187754198970975,0.32654775417193255,0.17815837408412533,0.1666252581344796,0.0,0.055717673967832025,0.31835800825633526,0.524313039032923,0.36622011554457984,0.3813130165422272,0.6922912923130996,0.22240735418912497,0.2434176773788836,0.33685834176555696,0.46599126219437736,0.6757489753853412,0.5488539765029071,0.03561726755209951,0.24059152952197402,0.6306680277613665,0.41196866240277363,0.08456365696382873,0.41093735654726343,0.13909459793770163,0.26402220876399063,0.13907830461430587,0.27813027128688755,0.19260105754953669,0.21791162371498982,0.6567368397288628,0.2793353846896509,0.20875220341929498,0.4753858383431998,0.16782843740381556,0.18282352609568223,0.5674944273094118,0.1458852707138821,0.07668823847858995,0.46587756433878336,0.273312671182049,0.3697124366733122,0.1419108218548194,0.6559706282569355,0.5278967101895452,0.281030896393422,0.039246504045917764,0.32083924823255977,0.8529205093324531,0.3909201320535689,0.2714609109989545,0.15115024874731808
0.2783508444160474,0.1116093796159513,0.17531439458999337,0.3608977562984695,0.4373240393561228,0.19653690397908005,0.5375627679540574,0.18458058623240883,0.27062739066688496,0.5621035305790126,0.6133548171729317,0.1487831437673426,0.4707277726231811,0.4755741951542451,0.3378377246285571,0.23873643475137693,0.19362132289591594,0.2194657304164278,0.38085455452983835,0.2258585429822981,0.2797806717387826,0.174798729836369,0.42046203023303014,0.19898037719434863,0.1570116088324886,0.2032108912154893,0.28335983625360184,0.3609926786197175,0.22046715258466923,0.055717673967832025,0.0,0.4174532261201816,0.7445415592669771,0.5560833108087011,0.5322180964507801,0.6585459209071991,0.2665182487270705,0.3373563608468398,0.5203255589949746,0.5870224017134781,0.8259991429689565,0.7765002585260711,0.20228422892241818,0.35591918680584955,0.6576712572357387,0.41109339272611106,0.22799386979438757,0.10119473680895656,0.36703136165684563,0.4137842601305511,0.25452163231066033,0.5013227549986716,0.3731061956067841,0.21385974148681153,0.6321387274469191,0.36753779210547055,0.10530810958682903,0.6281578191299704,0.052201993571426616,0.29762652872699435,0.2805668084199436,0.06913819009563163,0.2138939141560541,0.15556622794805353,0.10022212378849191,0.1943085623332898,0.09541724092103757,0.20933394875262978,0.5071595442897104,0.1975977805485936,0.37923280638088064,0.3134927436563166,0.8398305315398292,0.0702151625550106,0.08849930606756429,0.4019104284360545
0.027974278829044665,0.2274108345078233,0.13736321999896237,0.3810060521328949,0.37346222151868935,0.22378874868812726,0.3325323591706027,0.2220596221593769,0.30515735122944876,0.5302200320693983,0.6002788359169691,0.15209749086912516,0.33619443212029554,0.4420723314261854,0.2994222636889528,0.33044179357701714,0.22146447146677037,0.27764646740928595,0.10079692825936849,0.39049209993321865,0.3606543310834811,0.32111173392868464,0.19359996843303262,0.27119118796636554,0.19640482355906835,0.30318573439949903,0.15678371887631948,0.4207719477651582,0.42571276819389753,0.31835800825633526,0.4174532261201816,0.0,0.6960251545078279,0.5254203242847135,0.4102631880427539,0.5379200795244827,0.18683333035060565,0.4186292337104083,0.45132491900304605,0.6036179505948172,0.7356173089243491,0.600482112222001,0.19059512378938662,0.3198981935156185,0.38962744646130704,0.31594930412585726,0.14228664984713218,0.3429908270844777,0.27458040627208513,0.27302340563337635,0.32452736720525055,0.3084497219538943,0.20372923440723925,0.18529625031293148,0.6151738240970895,0.4355590024876547,0.24017296382262737,0.45032333730011703,0.07100977413471209,0.3361103597159223,0.3223639277445677,0.2570635334057897,0.25934611738720936,0.3172117959505869,0.29740302577266237,0.14205411749693772,0.2173879480233839,0.002831459386467486,0.5880656274502121,0.2811041927476218,0.3248213913345663,0.2527411676289082,0.6217047697295623,0.28422163235907766,0.2282656585247201,0.41187031566218796
0.11661325544097627,0.5437742603138447,0.32572324224826216,0.6811538231423364,0.7237081600714672,0.6520638935457335,0.6971250163229139,0.43172486077605504,0.5402327308655571,0.7603259962299244,0.8843759309847476,0.41179187381164806,0.774603379888219,0.9415164855685656,0.21891627338848305,0.7991715560153372,0.49002325350526915,0.5690032422874887,0.4985346418961524,0.8332269029380455,0.5929819087366116,0.7733192386259276,0.4872639153106732,0.5259366056780687,0.5769043668308784,0.4875141560166495,0.7227618544302499,0.8464555822945357,0.8043316339588997,0.524313039032923,0.7445415592669771,0.6960251545078279,0.0,0.7882070124024858,0.8643009006072149,0.9627639309835051,0.49947690609038875,0.5738205790634135,0.7319111793717339,0.9523389779748931,1.0,0.9999999999999999,0.5885416287399211,0.6782123113616343,0.6262023473324985,0.027495982754343062,0.4794766783766807,0.7703030530736057,0.577638198485682,0.4710295450087877,0.7417401820909612,0.69104421315208,0.44725394468640967,0.6864237743093825,0.8623629044230404,0.7623408721953502,0.3682694585115911,0.9755464264184808,0.38763941143251307,0.27943855201301715,0.25171810106678627,0.43526523947204043,0.5790829984413729,0.7057619819591376,0.7776280489980244,0.4489778121644391,0.7359974167197026,0.34690755249977473,0.9481740417073448,0.6817179271204471,0.6320169043630544,0.40446849121621464,0.9999999999999999,0.6934223767975624,0.4903158072774125,0.9036869128432409
0.1257841574475467,0.42207499158246853,0.20256234150067667,0.5111859772150654,0.5828784438899063,0.6447973766218397,0.6188369158059501,0.4136313717012961,0.5185216886721282,0.7517662859760802,0.7074853526217674,0.43494796690457527,0.6377640091111452,0.8517023832734525,0.09976287810127729,0.5146303236707017,0.3370496588110535,0.31943501822268583,0.31181238751296214,0.6880748827640619,0.5717739501798984,0.5605794805401417,0.5037517932505846,0.5523510753592726,0.38364350098413347,0.4173785091604631,0.5243291467975283,0.634914334116076,0.8407216293243066,0.36622011554457984,0.5560833108087011,0.5254203242847135,0.7882070124024858,0.0,0.6977725738701872,0.715953779343319,0.49351111234002304,0.516905727196198,0.5791234814452888,0.7989713056256933,0.9245933905516652,0.7563969210933226,0.46612858720122685,0.5973729424894986,0.4884456052735362,0.18371387089653046,0.34265376980752804,0.530345574707463,0.49529838905374635,0.43443329682653986,0.6732977049615617,0.6071081030049137,0.30161420353307844,0.5575819560644538,0.7539714048359002,0.528029276556335,0.3396871532435325,0.7868861265604452,0.24394341880984866,0.1719507141372246,0.11113496446523563,0.3062499891011763,0.5025782394053998,0.4965373820361045,0.4590606931340129,0.32803278523690593,0.4302539435824299,0.23120887021654588,0.8666228137820373,0.542083662834353,0.5598455380395305,0.22492471536467454,1.0,0.5976827215476243,0.6193889657558056,0.648391910853283
0.07658292244911509,0.3813972746724562,0.19644130437029284,0.44283012509289005,0.45459501191016727,0.5759011628658434,0.42472704569750586,0.40383771394660023,0.44693306642992187,0.5509225813327804,0.6636807700801873,0.20364891841768312,0.46880735126706724,0.7060492909517725,0.02863569718629391,0.4636099082814743,0.319103226844815,0.34168909043829443,0.38054753969909005,0.7454442544957934,0.46898936855172096,0.526765531739143,0.4103795756542957,0.45718455703488153,0.38524724466699767,0.3204671225828968,0.4905379926712457,0.5554748779793198,0.6305691927781039,0.3813130165422272,0.5322180964507801,0.4102631880427539,0.8643009006072149,0.6977725738701872,0.0,0.6943267847175456,0.3077304771644348,0.42234882459901635,0.6194170901900005,0.7346160039533594,0.9174908769615698,0.7063185291646514,0.3829524570248927,0.46126438107236767,0.4551094162727416,0.15953172375350638,0.3188839572054195,0.5749850562440355,0.42234881960263126,0.2605708051941099,0.5905866800032427,0.5264881269109841,0.2656348432295093,0.4919787938929353,0.6336207215615874,0.4840089827811617,0.22017896684823757,0.7774420342953716,0.22228147955972888,0.07342119762825017,0.09600567074826229,0.3220247013245485,0.35863300258980113,0.4625896756478841,0.4878580858511906,0.20697263027530344,0.3640367522654324,0.1826751538789609,0.6831612208294007,0.45212639465290644,0.48984160858666487,0.23488462966189358,0.7902925518876605,0.6227890317055189,0.4381984218000427,0.605938222456026
0.24319809328433303,0.5540896129795513,0.25842111554457686,0.6151478272273105,0.6720967638127133,0.5054283160199646,0.6255506265592121,0.4097602453052509,0.5288683544539342,0.7638421813038421,0.7773831809272508,0.5054390220631847,0.644280070889735,0.6744354286511409,0.26074461243581,0.6230869108096981,0.36919553116391846,0.4504811001487922,0.4080306282035778,0.7945920518276147,0.45981575212319986,0.6124660931450742,0.4708290058721704,0.4692808157722789,0.5239093780097862,0.4586426353579232,0.5354661056652235,0.6685092221582316,0.7972056689888212,0.6922912923130996,0.6585459209071991,0.5379200795244827,0.9627639309835051,0.715953779343319,0.6943267847175456,0.0,0.5572750573363826,0.6083784528362968,0.6687977910147391,0.880683143982219,1.0000000000000002,0.7814494870745892,0.41397168455959754,0.49715901512353944,0.6720153735377785,0.38516252149854613,0.3147623463010488,0.5431035856574924,0.31026030427445456,0.4400403857612223,0.6642943791877417,0.5375180713669061,0.3243304385256633,0.4627053836520787,0.8872574404689674,0.7107749648070922,0.400220570137803,0.8088702079334703,0.2363566210435863,0.09510863505923417,0.19346983467491344,0.46245462347767535,0.5370968729226052,0.6389371176015194,0.5581863208996882,0.3384710356850061,0.48534724924873074,0.1769399316854729,0.7015666733067039,0.5269822142439661,0.4984448937943233,0.24009209667205578,1.0,0.5353782504377004,0.48521290946960005,0.6544237924338294
0.17440615127707734,0.16770838385474016,0.3398608092678089,0.2147974219294204,0.31202734227261136,0.13167914749706056,0.3576678931048073,0.25963456020665865,0.20752215933531953,0.35054574573654906,0.461342715673632,0.2657931905037429,0.19467885186732192,0.3579119331475871,0.18758176144933894,0.1450134002498428,0.27340488304591254,0.1694990334073315,0.1850264949699876,0.3900853808689637,0.2881141980100127,0.18547874679414655,0.20050862460446434,0.27355521974701963,0.1520209459387863,0.1469185618396548,0.15452467036356662,0.24715841272436534,0.27694784129834377,0.22240735418912497,0.2665182487270705,0.18683333035060565,0.49947690609038875,0.49351111234002304,0.3077304771644348,0.5572750573363826,0.0,0.4290587189605353,0.2564265586076446,0.4345464837564896,0.623127055705997,0.27691883271268714,0.16513945707458635,0.13190930214551017,0.45901766541476036,0.3307606440505022,0.09581771005002489,0.19885491130579852,0.08175307703301356,0.14740818171607964,0.2628133198585893,0.20659099562066224,0.1388312133917571,0.1669841022068853,0.4857005630928254,0.4063997821723863,0.18977293186074617,0.35038831621206545,0.0,0.31633157320908567,0.4432531132861276,0.1744180399649433,0.19181812628493133,0.2972489021220799,0.18959623970868777,0.04309769593834667,0.10558853160681067,0.25837072156426544,0.5715037521434906,0.19151266122743624,0.21908909793385142,0.14145525493740932,0.3944313696803096,0.18959585349599203,0.1711924230911132,0.33343294319989797
0.19624541082118854,0.2258785370270617,0.12375278240295948,0.42129735352826503,0.36449657658623436,0.3489793802620135,0.47969647989911657,0.2666531515169752,0.3063414384713279,0.4342838601085292,0.4039903720530959,0.3569281621699399,0.47588097649584665,0.5768552638513953,0.32044391144563356,0.18071081576238765,0.14662265693228319,0.10694248656880373,0.12375071719260868,0.31829165513109015,0.42655995066548524,0.30836569066235553,0.4146028641332908,0.5865554555543527,0.2237892105987923,0.29253589697021826,0.25338430742040075,0.5017574161728792,0.3314267600441551,0.2434176773788836,0.3373563608468398,0.4186292337104083,0.5738205790634135,0.516905727196198,0.42234882459901635,0.6083784528362968,0.4290587189605353,0.0,0.5002514663656386,0.5131441762134265,0.6935687781588605,0.5151014096613097,0.3851542197591647,0.4090044586203494,0.41133934270401873,0.11125339229061383,0.1767270343180026,0.2054901316437989,0.3242683694924653,0.33692251007645513,0.48488262485043904,0.4002609275776554,0.17615391715520348,0.3724720252153967,0.48803584741683553,0.35717644421344874,0.2464848685504878,0.5286452270626294,0.29018122457615925,0.3352534642771194,0.08865172485225895,0.0946664126257058,0.3359122916189678,0.27594736073142684,0.2695578340785943,0.17546313164943736,0.20357129049207145,0.08955633609180547,0.6722882411604353,0.38897186397983174,0.4072448333614816,0.3403825823969415,0.6257719206384825,0.4244552415765552,0.2591070232419773,0.4672245036133087
0.041441499938968125,0.3382716863714149,0.1683977363927075,0.408424882374144,0.43094706872199434,0.37791494545478094,0.4281067196613732,0.2379864433790832,0.34297263998273314,0.5191840644114304,0.7698493362713117,0.2329269061312728,0.38146365630491946,0.5833645008020559,0.3008695784763424,0.3866937340296616,0.23280671865592692,0.31665675462585324,0.14030423931331448,0.5285132234397776,0.33569453323056303,0.5179190690020692,0.2521944844016827,0.2809857788075116,0.40047776570243737,0.2525659177043327,0.3114222246020744,0.43432849789316313,0.6097722340874904,0.33685834176555696,0.5203255589949746,0.45132491900304605,0.7319111793717339,0.5791234814452888,0.6194170901900005,0.6687977910147391,0.2564265586076446,0.5002514663656386,0.0,0.6891347847592351,0.867137777925278,0.6409381039552337,0.2295533394767335,0.410219590530107,0.6478612969014116,0.35236113619513976,0.13371702190368948,0.27742343012424997,0.3091940735216084,0.3076829922512208,0.4557938456012255,0.37073843870839646,0.2738006479056195,0.32531070169994,0.6423897545652129,0.4919380267901211,0.25372207259778934,0.6551821771569762,0.1086412257019354,0.33287327734609595,0.01168304803126348,0.2903222269898305,0.38638403226982193,0.40240889233227,0.39577840127664904,0.19085618137603566,0.3643906804824029,0.04850584312047969,0.6974850838163325,0.3392486273765646,0.4337853237325523,0.07582992823019814,0.8362568652131743,0.4680883259038473,0.3675191444301371,0.5539106303753589
0.20946503470248773,0.5026250622686028,0.2839945252388662,0.6051677766894411,0.6681759938326819,0.6783561705982055,0.8031080609927143,0.3306179141284666,0.5744787234707764,0.7320529119790777,0.9550630903556947,0.30570223675729863,0.7794130756263654,0.8480544812048733,0.10779737843005358,0.668944895036692,0.40054400654447064,0.5560787530459784,0.4462416750981404,0.8007332594096526,0.5393378152123327,0.7242861519204782,0.41477689692332437,0.45802686427981015,0.5176905372964413,0.46945236593233997,0.5833639962763176,0.7685135532223332,0.8623583665140169,0.46599126219437736,0.5870224017134781,0.6036179505948172,0.9523389779748931,0.7989713056256933,0.7346160039533594,0.880683143982219,0.4345464837564896,0.5131441762134265,0.6891347847592351,0.0,1.0,0.9739164353682515,0.4478446623996746,0.6413803542620247,0.707511504142051,0.4691512699918958,0.4475902895366054,0.6299712535887515,0.5048772760084942,0.5203256383322132,0.6602818533581599,0.6519915099210216,0.3174814739816196,0.5999187135333663,0.7868217345149323,0.6927951243661471,0.36907900063947996,0.9306734087164206,0.2449693080724405,0.1889186973142082,0.23477135024808107,0.38253922281898817,0.5699709673994996,0.6546943036795353,0.697774294211787,0.34801957896923674,0.5706068095190462,0.258196420672951,0.7963200328454478,0.5220705793747662,0.5067308812027483,0.2791150135551995,1.0,0.5986392697062651,0.4890486754362354,0.7071763377252461
0.17144039121606072,0.6758071566272513,0.31841460241866154,0.6395351143668624,0.8342620904616097,0.8729690435720986,0.8662655991635975,0.4653422732008283,0.7425073788114878,0.8712214786366136,0.9253871054710153,0.5037226262994782,0.9118857642134924,0.9273547635734878,0.2280960031114689,0.5981122449968715,0.48234402237433216,0.6227031329439895,0.5319587378230581,0.8179553034861028,0.7069607841991267,0.8102622571301259,0.6755030002167932,0.5619454797991744,0.7268861530044832,0.6829235777258278,0.8173852032318063,0.9730789585479811,1.0,0.6757489753853412,0.8259991429689565,0.7356173089243491,1.0,0.9245933905516652,0.9174908769615698,1.0000000000000002,0.623127055705997,0.6935687781588605,0.867137777925278,1.0,0.0,0.9572011717712978,0.6610194951139101,0.8466046566154434,0.7148876471960025,0.17847177099358222,0.5816639868842935,0.6813002126222956,0.6580285264907156,0.6433572969187353,0.8631759149890258,0.8181417547612029,0.43115260404472966,0.7480275874296499,0.8558848240752468,0.8464469003410104,0.45631556450584554,1.0,0.48383435343487013,0.24143288873652333,0.2841756561340972,0.5925843809848003,0.7237176833983339,0.8367160685553546,0.6450702865413139,0.4911436089764002,0.6377030594538321,0.4037726766693248,0.8715883156337767,0.8320748009657681,0.7907301232986493,0.45288569459477607,1.0,0.8425393367738822,0.7105572444092112,0.9502660800706728
0.10895325145888267,0.5643568298794069,0.42013195394044633,0.48293930658983647,0.6531131557222782,0.7687547330131097,0.6038993163532567,0.4009019591708497,0.5849268486925512,0.6755666399584196,0.8739087830574038,0.38075842951169453,0.6982106894529907,0.7198457289179757,0.06046223410943681,0.5441699100828002,0.35651795755274185,0.5159792429079031,0.46491800089188096,0.7179771532016378,0.56584168476089,0.6308843079611727,0.5842728888055119,0.47949974194256123,0.615622310050351,0.5607299077793373,0.6520977515130388,0.7609214176379554,0.9042721051049175,0.5488539765029071,0.7765002585260711,0.600482112222001,0.9999999999999999,0.7563969210933226,0.7063185291646514,0.7814494870745892,0.27691883271268714,0.5151014096613097,0.6409381039552337,0.9739164353682515,0.9572011717712978,0.0,0.4871562905406667,0.639639863191167,0.6381769146972639,0.10924721978512666,0.5407759797317266,0.5892549339081431,0.5081786297045725,0.5174305467201985,0.7046081465874049,0.6963266539662213,0.42013170554917484,0.5727005291052715,0.6530815850633334,0.7516932883842861,0.3547781744600594,0.7879864867943427,0.2758013563084571,0.1738416723404472,0.25504589253335386,0.4845026034701854,0.4946187044180581,0.6419356759143158,0.7240697687824593,0.35679827896607075,0.6220587414350327,0.34788234550011066,0.7476703340719693,0.6255922903470013,0.5325409331676417,0.3820083905687944,0.9275752277792989,0.7230277056738416,0.554773245629327,0.8088465832697544
0.2572090649548403,0.11183826999976003,0.32290232712258354,0.3008860766237351,0.30927360091882145,0.1796971207279514,0.2636127810303529,0.06920358612524011,0.17429802121467838,0.3700820403331501,0.34509186873025277,0.18524225375896425,0.24281617285219734,0.3724061117032498,0.2554389442007349,0.12741090179353856,0.03416248928498134,0.0987767533416194,0.028643655182208565,0.2547276402157074,0.11620495837743677,0.13630997872298564,0.03530686109787441,0.18906018513083453,0.09883537160386864,0.10748870582556311,0.09417055321918873,0.2813877110049001,0.3089740504268436,0.03561726755209951,0.20228422892241818,0.19059512378938662,0.5885416287399211,0.46612858720122685,0.3829524570248927,0.41397168455959754,0.16513945707458635,0.3851542197591647,0.2295533394767335,0.4478446623996746,0.6610194951139101,0.4871562905406667,0.0,0.29893794628419573,0.40939902658759025,0.386824244430042,0.10343756195687287,0.11886445215168177,0.26570321286789966,0.20086846353528653,0.26092614610995074,0.17139862720512167,0.06892569272173665,0.14554686138773248,0.368984160030825,0.3459874555943643,0.053139554397963466,0.40595542246114424,0.12460697013074104,0.14998613578533565,0.33413561595805613,0.06890896650319459,0.21939960373164247,0.20938359188148156,0.138380600188459,0.35729838361544847,0.09797553543345747,0.34003962926546355,0.5630580048288804,0.14332657440776847,0.17653173488015736,0.2689049710352325,0.44276005071397906,0.18937898846613077,0.20650360376328367,0.3051582594104543
0.042102417588731324,0.23308801507447902,0.10624126855547834,0.3224928777989643,0.3451784582956169,0.2823662449100494,0.38234173238097,0.2266069293664439,0.2595850585169559,0.3435665863173688,0.5079744302460047,0.23117017287766886,0.3990685632361492,0.5358353281834974,0.3084639768350463,0.31426047539385304,0.16187999481981433,0.21898277018358756,0.2476736040885019,0.48750682482013297,0.28321839632290946,0.371620705466006,0.3137900281193145,0.2923219489190864,0.2195100614401772,0.24594554319922832,0.3554883025729067,0.41131075234078507,0.4568304281214728,0.24059152952197402,0.35591918680584955,0.3198981935156185,0.6782123113616343,0.5973729424894986,0.46126438107236767,0.49715901512353944,0.13190930214551017,0.4090044586203494,0.410219590530107,0.6413803542620247,0.8466046566154434,0.639639863191167,0.29893794628419573,0.0,0.5589682615366329,0.4314515230437584,0.22685577442245355,0.3790903802743471,0.1880104859166124,0.21501993781899076,0.30210733107779625,0.31527757229644915,0.2134327509063474,0.27523686829673205,0.5948279804912204,0.4091216313835351,0.19627683286322076,0.524670400835157,0.1120151552703783,0.042522981204246815,0.07709401763549456,0.21849648859799348,0.30108194040885267,0.3322310082349937,0.31271637242709127,0.19028617159274924,0.25588701201344743,0.1521608801999633,0.649797730343656,0.30231324383351327,0.26570195930476836,0.09022280204726092,0.631208753791816,0.2779635343295799,0.22502277379250887,0.514712202995054
0.10339382040197673,0.5043486610645018,0.11029296070525785,0.49688241709316683,0.606913393367847,0.40711163025533964,0.6997292302901198,0.2761847392935957,0.4650244252368732,0.5850557657891394,0.8496874887023174,0.3186167520015853,0.5679836496038799,0.7789965353325538,0.24335443233482593,0.5755051429740207,0.34819306187165494,0.3994745489768431,0.2675140969056727,0.5761100466885251,0.515141288396336,0.47099761678396507,0.30739002100365953,0.28365368713818223,0.5116966299109016,0.38988886312401283,0.44595907580122257,0.6230444230524226,0.5676486047103648,0.6306680277613665,0.6576712572357387,0.38962744646130704,0.6262023473324985,0.4884456052735362,0.4551094162727416,0.6720153735377785,0.45901766541476036,0.41133934270401873,0.6478612969014116,0.707511504142051,0.7148876471960025,0.6381769146972639,0.40939902658759025,0.5589682615366329,0.0,0.12269643084455376,0.4305521640583208,0.28890060516657967,0.5148034282688175,0.6400848303130089,0.47287088053670523,0.6687109582487295,0.24213512055226957,0.3705311066913259,0.5883260165864187,0.7845611833645547,0.35223215202781205,0.8659199636018774,0.41373187994664035,0.21676803035415845,0.1416390889939442,0.37306749756408825,0.4735474880467809,0.5654625094519579,0.5966257484407256,0.35316115412785803,0.4765183492172718,0.11270856717389374,0.49924857293151664,0.6061527955998975,0.4885050760813553,0.18125839032430896,0.7306912338237026,0.48817721031717154,0.4283490172749686,0.6060107187755047
0.05724049730730531,0.40333089078474815,0.522486687627223,0.41169720329438625,0.47055579167981226,0.4276749671906445,0.41956551056099145,0.14546517641734552,0.4608477434639924,0.29875381483820374,0.3754821634336158,0.09215950711432519,0.2935934465920904,0.46935965399422563,0.3638244978768922,0.31728607522442587,0.2912417218652217,0.3472176129530442,0.40932244006899654,0.3044595296204913,0.3347743671973393,0.23208126038860022,0.36928728533548955,0.15187958308256266,0.3068250176733357,0.318223456772814,0.40509548875068496,0.38687471462437945,0.3450708737654061,0.41196866240277363,0.41109339272611106,0.31594930412585726,0.027495982754343062,0.18371387089653046,0.15953172375350638,0.38516252149854613,0.3307606440505022,0.11125339229061383,0.35236113619513976,0.4691512699918958,0.17847177099358222,0.10924721978512666,0.386824244430042,0.4314515230437584,0.12269643084455376,0.0,0.28078227964311464,0.4647450622010712,0.32840608877803223,0.31369460235684227,0.310771940599495,0.30853077108585186,0.11751133042691649,0.35896453334770434,0.03432388047391649,0.38923410482056003,0.1124198215415701,0.26436016116574773,0.28913334403779595,0.3419276046094373,0.319290862592243,0.3486992434272473,0.30550736356294694,0.5228255500324264,0.34820008217593396,0.34315169625438435,0.26552569481027216,0.24595850297975821,0.25001853896332266,0.28509793492832247,0.2745475386986779,0.2973460708966702,0.4278733117297583,0.23405768558013626,0.2893671662360297,0.29527170659260843
0.1654285034141755,0.23236517964412887,0.15797785099509584,0.19770897504209248,0.12864056767599716,0.19968215159114383,0.22512010804995577,0.2760396372374889,0.09050538117799793,0.19274107274813884,0.22417080894323987,0.3204285420370084,0.1706528669867653,0.23194266019685736,0.29701679465581027,0.023392674874848786,0.25826737019856255,0.2623103964891496,0.09255575059669824,0.06489436734955384,0.24395627096989342,0.22602598763218268,0.19348029816466342,0.2747408556443855,0.282842598938695,0.2912504173997985,0.2667566452567031,0.11911861137713545,0.1020604919840159,0.08456365696382873,0.22799386979438757,0.14228664984713218,0.4794766783766807,0.34265376980752804,0.3188839572054195,0.3147623463010488,0.09581771005002489,0.1767270343180026,0.13371702190368948,0.4475902895366054,0.5816639868842935,0.5407759797317266,0.10343756195687287,0.22685577442245355,0.4305521640583208,0.28078227964311464,0.0,0.2823398802576273,0.11196039418471913,0.09620019033918698,0.08499622371812238,0.21246759999110457,0.3807815948281504,0.027087298269670067,0.27798814543722367,0.09439668747941171,0.2829274570949548,0.35623676740597404,0.3780896372859883,0.24623902793800878,0.20177443157559857,0.26132254894755624,0.0892445211761996,0.3331378362621883,0.06070248919507094,0.1512656996234386,0.2587101746875219,0.15023319797162402,0.36750165729275036,0.4039926617482548,0.02592077432258174,0.1958201381149474,0.3981130470786025,0.2609385821106859,0.22082710137410316,0.17923333993597604
0.31508044948089475,0.3568608274754841,0.15140539067808564,0.2832317162783419,0.23404302443649128,0.15734699213644876,0.3803389821720875,0.24544584651032741,0.09308808990011504,0.26614430210263945,0.3365647810069382,0.27232018599128566,0.39301751424454867,0.3906330418521517,0.5635605984722767,0.13800582911762835,0.25468228539375,0.04732507638650577,0.27064383098176314,0.08507458036220744,0.0015315878271502845,0.0045802182872780595,0.27921102158314476,0.1039490973672974,0.0,0.1412968416817873,0.2111730264116913,0.2514699027466943,0.08259785034695646,0.41093735654726343,0.10119473680895656,0.3429908270844777,0.7703030530736057,0.530345574707463,0.5749850562440355,0.5431035856574924,0.19885491130579852,0.2054901316437989,0.27742343012424997,0.6299712535887515,0.6813002126222956,0.5892549339081431,0.11886445215168177,0.3790903802743471,0.28890060516657967,0.4647450622010712,0.2823398802576273,0.0,0.35418684767170344,0.3041272854287207,0.0935040983814798,0.30081155373601626,0.163554828235409,0.14049135026666354,0.44475618285225915,0.1666532259568235,0.20938094542312127,0.6243255055034908,0.22793181559393036,0.4274280548282156,0.3305719013613376,0.204075607582655,0.10381231430365981,0.021671951923777324,0.406371645507331,0.20728921911620599,0.3418492769664033,0.34022829170603136,0.5677793139080676,0.04832780290510112,0.2085925609001736,0.28440827816138625,0.6117347970665393,0.018876009313460788,0.3887162272552168,0.3662837023707767
0.19169233537996558,0.2001518648281006,0.10278070913798872,0.2751458128329576,0.3325208847835526,0.25180007139529126,0.20868471622044704,0.22819190689665342,0.18888040666570485,0.38354641524155575,0.4719100060940373,0.12577882133915821,0.242255706930035,0.4442682366702928,0.23379690556120453,0.2734014445486691,0.19393780285676562,0.24486642729261676,0.13814001884819105,0.36036030552389636,0.30629738039687904,0.2681601105296086,0.13860455024757526,0.22590179648168632,0.2734103160644774,0.15694490872396433,0.2351409254643011,0.2793928873983641,0.33094614560295454,0.13909459793770163,0.36703136165684563,0.27458040627208513,0.577638198485682,0.49529838905374635,0.42234881960263126,0.31026030427445456,0.08175307703301356,0.3242683694924653,0.3091940735216084,0.5048772760084942,0.6580285264907156,0.5081786297045725,0.26570321286789966,0.1880104859166124,0.5148034282688175,0.32840608877803223,0.11196039418471913,0.35418684767170344,0.0,0.2542269149757651,0.2225783303458026,0.27224269867668055,0.18205301146304886,0.14801897621915944,0.4537877099233667,0.47268984246515555,0.1643329311515462,0.39723258235498193,0.09759538285534854,0.15224713016724464,0.5146102389913448,0.18988882186901693,0.19521434251572534,0.292071993197082,0.21960122576141125,0.11417852889728067,0.1408998863022959,0.32306999328667035,0.43795333666381075,0.3048318497664318,0.25354457418694076,0.06665061670158151,0.525866395280879,0.16046384709910477,0.24653719346389835,0.374959944838098
0.11721313461776994,0.27914410189771866,0.09714201318016698,0.27415362791042336,0.3175454659056437,0.2076977722935165,0.28798775887484596,0.1821506206679611,0.1787162113014079,0.44129385771972235,0.5398761202236931,0.18711871125195048,0.1650236076504919,0.42535309469953,0.216694472080817,0.31437207160975594,0.14746322354336888,0.20313723038914727,0.16476182486174096,0.37697691576923825,0.16980297927011576,0.29683043604702974,0.11713376754142402,0.14097331115444173,0.22741678228528045,0.12224817791175757,0.17548525973836243,0.34441079704848143,0.2947187065920694,0.26402220876399063,0.4137842601305511,0.27302340563337635,0.4710295450087877,0.43443329682653986,0.2605708051941099,0.4400403857612223,0.14740818171607964,0.33692251007645513,0.3076829922512208,0.5203256383322132,0.6433572969187353,0.5174305467201985,0.20086846353528653,0.21501993781899076,0.6400848303130089,0.31369460235684227,0.09620019033918698,0.3041272854287207,0.2542269149757651,0.0,0.2181524923327518,0.25869205102156756,0.16665504920603255,0.13067078413700495,0.5469188708534113,0.4123461585135884,0.2050813289329551,0.47324415392016245,0.07871735985720718,0.2571700938485455,0.39338744766235434,0.20469393365123723,0.19004676861643283,0.31607979996151864,0.21197315287640783,0.09664579072467927,0.15717858402044815,0.3139804287213509,0.5065061593252006,0.18623219766070415,0.27995589580102354,0.2678105325737056,0.6056879745893351,0.12037979635373029,0.2866623285445061,0.31004484412668976
0.18311623644943795,0.14144749013639363,0.05194564886181701,0.40382146427803717,0.29682772452747447,0.16133513577021014,0.43015995730092993,0.20213669230812137,0.2783716236739716,0.5163607703642416,0.44315145892154756,0.14503897509662445,0.3880607083499838,0.5568854055486606,0.33265398671876345,0.20282518532743946,0.05271243415996953,0.16258766456752602,0.41312065290832445,0.41942196077769417,0.23302879798418275,0.24826942680883798,0.10146079161655756,0.22355797318874424,0.17719319920222001,0.2352102809355036,0.15488670605758806,0.42554369756726257,0.2547572632692618,0.13907830461430587,0.25452163231066033,0.32452736720525055,0.7417401820909612,0.6732977049615617,0.5905866800032427,0.6642943791877417,0.2628133198585893,0.48488262485043904,0.4557938456012255,0.6602818533581599,0.8631759149890258,0.7046081465874049,0.26092614610995074,0.30210733107779625,0.47287088053670523,0.310771940599495,0.08499622371812238,0.0935040983814798,0.2225783303458026,0.2181524923327518,0.0,0.3672942910235696,0.02112932861557422,0.18229315470175433,0.5816923013840473,0.31766766074195757,0.26947533721813144,0.623459513256052,0.07150945597353649,0.1763194057123263,0.48123831799899114,0.038863358016475814,0.31456091363911426,0.17476213783436567,0.2842674145123417,0.4184012624036749,0.19848566069689977,0.2968656708117435,0.5234288574944548,0.20654883311614392,0.28375031570283843,0.29178427286322844,0.7248623007853309,0.2536951733280843,0.04705157373888651,0.490412358391124
0.0066046676396091,0.2871852361831026,0.16384431136927113,0.3556911015704032,0.37758898752388076,0.25805224246046987,0.3191246864513704,0.31505167825602004,0.2646039520788878,0.4934228291408021,0.5330461867347851,0.20263226499382908,0.25838183802243975,0.5138391708844032,0.3474702944054657,0.34723705520949594,0.20533381523935862,0.2724732287479758,0.1547531156834331,0.42548619712442326,0.31437069994149086,0.37621997713691196,0.20623293698395703,0.3079877015442304,0.30426157773347196,0.2976539026930705,0.2642898308389666,0.38628565843372537,0.4156420069190298,0.27813027128688755,0.5013227549986716,0.3084497219538943,0.69104421315208,0.6071081030049137,0.5264881269109841,0.5375180713669061,0.20659099562066224,0.4002609275776554,0.37073843870839646,0.6519915099210216,0.8181417547612029,0.6963266539662213,0.17139862720512167,0.31527757229644915,0.6687109582487295,0.30853077108585186,0.21246759999110457,0.30081155373601626,0.27224269867668055,0.25869205102156756,0.3672942910235696,0.0,0.16470635153552415,0.17957955426944364,0.5791138574044904,0.4874285571013817,0.3159322849947054,0.5478051553384006,0.09520980653655098,0.31552441136977993,0.3115443444877573,0.26222939575670184,0.27094277097460623,0.3533378084833421,0.30490399627870995,0.18876019753840795,0.23764620789208415,0.23274043886093365,0.5626137224295987,0.2777183838767378,0.31056116157198477,0.054497977815394186,0.7600912949490929,0.18382201458696568,0.3407939940503248,0.5223719326722324
0.08318716557147247,0.194839632911894,0.326397689057376,0.187534848752197,0.2960226118894211,0.22173566699688912,0.1941646300720351,0.16661763383986675,0.34676331738423116,0.22437350238606474,0.25129453810174185,0.14297834582566296,0.13137630149187024,0.19244010256139002,0.4604473190737038,0.23014691964749334,0.37957466234213827,0.28985527662723926,0.20401931235072057,0.1834375019048616,0.18234468780961752,0.2259840850845148,0.39381331071237874,0.17979034728071125,0.2414690503374381,0.02509541360601836,0.21800800242664628,0.10454796434405512,0.03288889609779052,0.19260105754953669,0.3731061956067841,0.20372923440723925,0.44725394468640967,0.30161420353307844,0.2656348432295093,0.3243304385256633,0.1388312133917571,0.17615391715520348,0.2738006479056195,0.3174814739816196,0.43115260404472966,0.42013170554917484,0.06892569272173665,0.2134327509063474,0.24213512055226957,0.11751133042691649,0.3807815948281504,0.163554828235409,0.18205301146304886,0.16665504920603255,0.02112932861557422,0.16470635153552415,0.0,0.32400720716899606,0.3124870412303374,0.13840912657977272,0.15678583497039855,0.2875143091503279,0.4648023196576235,0.29094539501936045,0.3642750476842567,0.2927216245067483,0.03789246057757639,0.09238374668066125,0.2170302254550166,0.15691160294818274,0.22812537306680236,0.2151886270870832,0.45840955176791576,0.47903996097177687,0.21298924450519105,0.2727442493360689,0.2622875639341446,0.3231515581859356,0.20529220252096983,0.12674549798325555
0.13379458487853624,0.004933534797824298,0.3728435535353585,0.36108594036140773,0.22460417085081136,0.17144679891335188,0.3343060421694801,0.23336779274645747,0.17967770013304943,0.4169991069370277,0.39046356648555147,0.1858751292884493,0.2753015090667567,0.44058576416664746,0.2596680437024285,0.17732721147347708,0.4584106193001741,0.12928705494068599,0.3318386060630458,0.27479415928636824,0.17269930270139813,0.19841320804204998,0.3020304611818935,0.11631197157157158,0.047949015907728765,0.09512228508714145,0.13674962493848122,0.23779731351147973,0.24319472910675785,0.21791162371498982,0.21385974148681153,0.18529625031293148,0.6864237743093825,0.5575819560644538,0.4919787938929353,0.4627053836520787,0.1669841022068853,0.3724720252153967,0.32531070169994,0.5999187135333663,0.7480275874296499,0.5727005291052715,0.14554686138773248,0.27523686829673205,0.3705311066913259,0.35896453334770434,0.027087298269670067,0.14049135026666354,0.14801897621915944,0.13067078413700495,0.18229315470175433,0.17957955426944364,0.32400720716899606,0.0,0.46730175305419874,0.23971358352982644,0.20667323112218533,0.4086588137891122,0.4320957492483036,0.34785445002088333,0.3998922612394266,0.3701663392489837,0.15262426237525387,0.0913099717889169,0.15489297912838834,0.21762018540044034,0.06201474364516909,0.21838728362480322,0.4398055022100142,0.07737689953061418,0.17832755355438032,0.27284507404956254,0.681456882091422,0.10171722031638658,0.24230844891476627,0.33071217645952505
0.1668446617278763,0.5207841170781959,0.28732995730197447,0.6243443641078269,0.5728072508089455,0.49470150510154814,0.6223882472798785,0.3595711198943409,0.5664117188355111,0.6167506592907146,0.6397924556772738,0.39982066822851714,0.6030240290864765,0.7257036663643255,0.3149981763927644,0.55530612505168,0.3149992273704903,0.4088186408998319,0.33568091609538175,0.7284560042726199,0.5946381089947269,0.5590418064690365,0.5041041267525254,0.4298394780179448,0.4172961053045176,0.34336490852345863,0.36848578544495997,0.6735786947225735,0.6901903030248104,0.6567368397288628,0.6321387274469191,0.6151738240970895,0.8623629044230404,0.7539714048359002,0.6336207215615874,0.8872574404689674,0.4857005630928254,0.48803584741683553,0.6423897545652129,0.7868217345149323,0.8558848240752468,0.6530815850633334,0.368984160030825,0.5948279804912204,0.5883260165864187,0.03432388047391649,0.27798814543722367,0.44475618285225915,0.4537877099233667,0.5469188708534113,0.5816923013840473,0.5791138574044904,0.3124870412303374,0.46730175305419874,0.0,0.5913183804214776,0.33204116036590725,0.9193983326491146,0.30860656353384924,0.15324165975727566,0.1417391662780197,0.37057701757657086,0.4952547144173013,0.5857647647936698,0.7339192413617438,0.3379762149496845,0.6409512308659022,0.20417609944319184,0.755941696904359,0.42370333351505446,0.4766583193044428,0.1516294334107898,0.860006581180302,0.5254397051439178,0.5206329290376378,0.6684100249918088
0.21091855724955547,0.4289109991537574,0.3090421213605272,0.4384547058510495,0.44714481700662123,0.33339402271953494,0.5916567679328555,0.2518643947803449,0.4031569228593911,0.580890587841574,0.5748388249592199,0.2018423253505886,0.49719351170455606,0.5704269844576215,0.33798354984773105,0.398597759576136,0.20986594210772702,0.30262186714927186,0.09273391281993686,0.4401222457984401,0.3194304200622855,0.4035959418995735,0.11947787210333287,0.10160008584825121,0.2725294844201036,0.23917336190353847,0.14648430575746846,0.4777378913576857,0.39203394833819133,0.2793353846896509,0.36753779210547055,0.4355590024876547,0.7623408721953502,0.528029276556335,0.4840089827811617,0.7107749648070922,0.4063997821723863,0.35717644421344874,0.4919380267901211,0.6927951243661471,0.8464469003410104,0.7516932883842861,0.3459874555943643,0.4091216313835351,0.7845611833645547,0.38923410482056003,0.09439668747941171,0.1666532259568235,0.47268984246515555,0.4123461585135884,0.31766766074195757,0.4874285571013817,0.13840912657977272,0.23971358352982644,0.5913183804214776,0.0,0.2028628491475165,0.5731926564333345,0.19973682989803676,0.3153288105166955,0.3698503636775279,0.24109914541942368,0.281832457220148,0.2531122401599038,0.20582388707041874,0.09433434902481852,0.24601843999208584,0.25997914938332906,0.5636796374289857,0.24913397207276392,0.27829228562561986,0.2858287628549383,0.7932922196425006,0.14756614102609522,0.35764493145992005,0.5287402787909777
0.13587519115306657,0.192296375409277,0.26918791488399624,0.23199224296176119,0.2858054646874849,0.2292584045212698,0.1894428824485516,0.27107530907066657,0.22310785899795152,0.36566466407433,0.3469678291031782,0.18539853343574864,0.17148345175628166,0.2896410774204281,0.29902022123509425,0.34705234557253734,0.22947466622756785,0.1819880890166912,0.29338357636224527,0.2241963869652873,0.23464740725713834,0.21202360604183834,0.2017217255180076,0.19756638907500368,0.1831053857676888,0.052634178554831816,0.15166280782223018,0.10550446225134084,0.13417515469930894,0.20875220341929498,0.10530810958682903,0.24017296382262737,0.3682694585115911,0.3396871532435325,0.22017896684823757,0.400220570137803,0.18977293186074617,0.2464848685504878,0.25372207259778934,0.36907900063947996,0.45631556450584554,0.3547781744600594,0.053139554397963466,0.19627683286322076,0.35223215202781205,0.1124198215415701,0.2829274570949548,0.20938094542312127,0.1643329311515462,0.2050813289329551,0.26947533721813144,0.3159322849947054,0.15678583497039855,0.20667323112218533,0.33204116036590725,0.2028628491475165,0.0,0.3493029365389023,0.22480693788486653,0.23220803296454057,0.10835364468266635,0.2136573248768566,0.030393723780342503,0.0,0.1813951321662236,0.08686879100382228,0.25514137322172753,0.21122008523272223,0.3481429282753287,0.26447341415840864,0.2011755569822397,0.1788560918899445,0.32405731735676907,0.17317365929760956,0.21481992723941634,0.19208922487573482
0.020397272784911873,0.4749871103772746,0.23849375944691836,0.5654886608525377,0.6113024139331387,0.4982038114469168,0.5306320290865842,0.32642820725690547,0.5498113920891684,0.7522122714457771,0.87605475539609,0.31710252001368733,0.6419313340041934,0.712495277519526,0.34824466134474324,0.46512272895152473,0.33360761067642686,0.4579566601861849,0.3408578147300257,0.7409672037011662,0.5234436575080517,0.7207640222261339,0.3856899117229192,0.37785319839940507,0.48751330165229195,0.42824622278583246,0.5094472137240896,0.6805403467334573,0.7064176655435901,0.4753858383431998,0.6281578191299704,0.45032333730011703,0.9755464264184808,0.7868861265604452,0.7774420342953716,0.8088702079334703,0.35038831621206545,0.5286452270626294,0.6551821771569762,0.9306734087164206,1.0,0.7879864867943427,0.40595542246114424,0.524670400835157,0.8659199636018774,0.26436016116574773,0.35623676740597404,0.6243255055034908,0.39723258235498193,0.47324415392016245,0.623459513256052,0.5478051553384006,0.2875143091503279,0.4086588137891122,0.9193983326491146,0.5731926564333345,0.3493029365389023,0.0,0.2762582439615625,0.37229407209122983,0.08187203517649924,0.3947272575941443,0.4743234600005446,0.5447855396612766,0.5904559610998777,0.25441612819826376,0.48295023510759116,0.13353132365848666,0.9011376580845236,0.5450271677325911,0.5457839026248499,0.20873830298465085,0.9775942590361948,0.5799885615563597,0.5454783043813031,0.7995058718161555
0.22113313123939723,0.1956502680383739,0.5080419975098639,0.2496420651845978,0.04985790357958848,0.2570618842295352,0.07955251498384025,0.0,0.0,0.23201137417130588,0.24538732236402636,0.32429301077918327,0.10336461407206846,0.19507843805811803,0.29962127269172273,0.06648220280603546,0.37994447633768025,0.21724468299769228,0.31849235580320484,0.24821198357865887,0.25593897950739936,0.14656125688016208,0.28331695883623603,0.3415715729192587,0.3610413094380845,0.3292670877575227,0.15456141818805158,0.14746801509536425,0.02522177813007912,0.16782843740381556,0.052201993571426616,0.07100977413471209,0.38763941143251307,0.24394341880984866,0.22228147955972888,0.2363566210435863,0.0,0.29018122457615925,0.1086412257019354,0.2449693080724405,0.48383435343487013,0.2758013563084571,0.12460697013074104,0.1120151552703783,0.41373187994664035,0.28913334403779595,0.3780896372859883,0.22793181559393036,0.09759538285534854,0.07871735985720718,0.07150945597353649,0.09520980653655098,0.4648023196576235,0.4320957492483036,0.30860656353384924,0.19973682989803676,0.22480693788486653,0.2762582439615625,0.0,0.2575802076425312,0.4156125703274619,0.36174137730506095,0.08512440440119406,0.4555158088214433,0.11967627956394143,0.2651109192701912,0.30169710740865346,0.3094621966124293,0.2659609699084586,0.3700681641102054,0.09136302709502023,0.23722263317253017,0.36733543094169147,0.43549463967176105,0.2149081445229838,0.0553706154694683
0.2418469796658297,0.30525187831755995,0.30477249178887705,0.3405795169982065,0.1715921786770056,0.29662621682999124,0.24727227352612596,0.2491116675829648,0.1914730923931609,0.3128760297539945,0.2800069468183444,0.2027824941442616,0.35927037237058396,0.2122307054963019,0.2876645318000687,0.1734820684358794,0.3518122928102652,0.3065396253297008,0.18372781720282802,0.26641933489074654,0.2873035356421327,0.17098761585434288,0.1491740994500713,0.27236382153139566,0.399651395829059,0.21301999181278375,0.16511603087042012,0.30364358483925946,0.26027703639734273,0.18282352609568223,0.29762652872699435,0.3361103597159223,0.27943855201301715,0.1719507141372246,0.07342119762825017,0.09510863505923417,0.31633157320908567,0.3352534642771194,0.33287327734609595,0.1889186973142082,0.24143288873652333,0.1738416723404472,0.14998613578533565,0.042522981204246815,0.21676803035415845,0.3419276046094373,0.24623902793800878,0.4274280548282156,0.15224713016724464,0.2571700938485455,0.1763194057123263,0.31552441136977993,0.29094539501936045,0.34785445002088333,0.15324165975727566,0.3153288105166955,0.23220803296454057,0.37229407209122983,0.2575802076425312,0.0,0.479455586034654,0.2502327486474164,0.44975999593750143,0.400854086031184,0.2748311730002771,0.33247731589262963,0.1743549191085408,0.21538048964519044,0.09900954388724036,0.22193370390010686,0.2519283484176276,0.2835347063102854,0.36782022983933405,0.2747578902292712,0.3016211678819932,0.42394660208200147
0.12779810579314618,0.2530034161922321,0.37422471552781733,0.06806533400061231,0.48937798907196023,0.18146289252338774,0.10585210749497745,0.12722350417578057,0.5662209239410425,0.06614361455339214,0.40033253559171394,0.24727385235046284,0.30508295403326224,0.0,0.18146756917569268,0.2632877794599888,0.2266662726064699,0.15493284588098022,0.3275067392190126,0.3509299099030942,0.21183357038146744,0.2496789489233048,0.22245402461562203,0.21091779505350555,0.2561258053412544,0.1787447449972741,0.13713691612207674,0.29047325429500287,0.10005449876590998,0.5674944273094118,0.2805668084199436,0.3223639277445677,0.25171810106678627,0.11113496446523563,0.09600567074826229,0.19346983467491344,0.4432531132861276,0.08865172485225895,0.01168304803126348,0.23477135024808107,0.2841756561340972,0.25504589253335386,0.33413561595805613,0.07709401763549456,0.1416390889939442,0.319290862592243,0.20177443157559857,0.3305719013613376,0.5146102389913448,0.39338744766235434,0.48123831799899114,0.3115443444877573,0.3642750476842567,0.3998922612394266,0.1417391662780197,0.3698503636775279,0.10835364468266635,0.08187203517649924,0.4156125703274619,0.479455586034654,0.0,0.17339630189386462,0.28872399278597927,0.3181904369344202,0.40383820572261236,0.2479603082495288,0.2516021336588701,0.22146232106243982,0.039936175635097215,0.3895561377179223,0.15966634291900303,0.2581746957685078,0.1752310362962504,0.23429546751520183,0.22072694653438107,0.3178962325991848
0.2077979828188788,0.03889243438202707,0.2481246274404042,0.2486830627773147,0.27565155685852377,0.17536673946543627,0.30489879581417645,0.038175920177124074,0.145702018928993,0.3361442270435734,0.37561876062860877,0.1939801448826391,0.19615110860301962,0.3743920888767503,0.2227900129697408,0.18214585454178583,0.14935700576557837,0.07362322188161718,0.22655770598959077,0.07986356105575657,0.1391105105804589,0.11774138593783826,0.17599960719146995,0.15983967787708755,0.007175062947233203,0.19349236807260747,0.16685673921174551,0.12427895364705607,0.08043570698922906,0.1458852707138821,0.06913819009563163,0.2570635334057897,0.43526523947204043,0.3062499891011763,0.3220247013245485,0.46245462347767535,0.1744180399649433,0.0946664126257058,0.2903222269898305,0.38253922281898817,0.5925843809848003,0.4845026034701854,0.06890896650319459,0.21849648859799348,0.37306749756408825,0.3486992434272473,0.26132254894755624,0.204075607582655,0.18988882186901693,0.20469393365123723,0.038863358016475814,0.26222939575670184,0.2927216245067483,0.3701663392489837,0.37057701757657086,0.24109914541942368,0.2136573248768566,0.3947272575941443,0.36174137730506095,0.2502327486474164,0.17339630189386462,0.0,0.011940036244188757,0.041261731374746674,0.2755491573422218,0.19233224876749264,0.187289327157511,0.2046765664667028,0.3066995779290279,0.02552224084263119,0.07323663156236523,0.16242073326926,0.42466569846705143,0.23905607771435583,0.23547787972169013,0.17581792089717188
0.12295107597227095,0.10658080233543256,0.2695606844702729,0.2980685605871373,0.28067430711302327,0.12081960283545731,0.36543801533155784,0.12539628954850307,0.23259896453768858,0.46226747426947196,0.35497813494772423,0.1270258535287765,0.32130873881760663,0.42892676115590445,0.3033236601411756,0.13457458208347195,0.07272773099410043,0.11102713716416922,0.2886793902011461,0.2722915874691816,0.19134418550933402,0.1419263087792475,0.07781934426562016,0.2150294579671936,0.10334638529027994,0.09435782911581297,0.058717454921976525,0.29854582801771823,0.20942834509837852,0.07668823847858995,0.2138939141560541,0.25934611738720936,0.5790829984413729,0.5025782394053998,0.35863300258980113,0.5370968729226052,0.19181812628493133,0.3359122916189678,0.38638403226982193,0.5699709673994996,0.7237176833983339,0.4946187044180581,0.21939960373164247,0.30108194040885267,0.4735474880467809,0.30550736356294694,0.0892445211761996,0.10381231430365981,0.19521434251572534,0.19004676861643283,0.31456091363911426,0.27094277097460623,0.03789246057757639,0.15262426237525387,0.4952547144173013,0.281832457220148,0.030393723780342503,0.4743234600005446,0.08512440440119406,0.44975999593750143,0.28872399278597927,0.011940036244188757,0.0,0.1568300475019513,0.24004238006297046,0.30283984497630034,0.1844938932808081,0.2270295671318893,0.6000482134030619,0.10772848279026168,0.24635184678634034,0.23630924954779498,0.5693883904959346,0.27013171082741283,0.012464597887682852,0.3266152441129199
0.26560340727724946,0.11304259108618395,0.3894733831020014,0.37438331464785074,0.4294078233392221,0.13558334671386715,0.44036291555268287,0.0738448276632699,0.149649274748781,0.5572741277808626,0.44785273272066667,0.23519732796101156,0.40217443056337704,0.4644084231427386,0.39364927795681975,0.1243661683951785,0.36109109830827546,0.13002262819332758,0.31733449629616506,0.23329901694927133,0.2882193487091913,0.08869610717780971,0.430918282679021,0.011908958416431248,0.047247539331054744,0.07955112204461166,0.2131885581051046,0.3407054949192015,0.20045673731240923,0.46587756433878336,0.15556622794805353,0.3172117959505869,0.7057619819591376,0.4965373820361045,0.4625896756478841,0.6389371176015194,0.2972489021220799,0.27594736073142684,0.40240889233227,0.6546943036795353,0.8367160685553546,0.6419356759143158,0.20938359188148156,0.3322310082349937,0.5654625094519579,0.5228255500324264,0.3331378362621883,0.021671951923777324,0.292071993197082,0.31607979996151864,0.17476213783436567,0.3533378084833421,0.09238374668066125,0.0913099717889169,0.5857647647936698,0.2531122401599038,0.0,0.5447855396612766,0.4555158088214433,0.400854086031184,0.3181904369344202,0.041261731374746674,0.1568300475019513,0.0,0.14656603867337983,0.03656795999991347,0.09577216749463828,0.1990451785182302,0.6033443363594369,0.07256384246290501,0.22785829401206392,0.23472402071281742,0.6226456689056161,0.022008774331210713,0.1624743994552136,0.45328638710668756
0.22885829683401437,0.03015890470523769,0.37244214265044534,0.2806919225197417,0.3080866347680699,0.13585864731245795,0.41004834959903635,0.3566635491053339,0.24383063342626488,0.49045545524985606,0.4322411045337605,0.31977867596724335,0.41781827173842684,0.32715152530028196,0.41429535460522166,0.15537781531484024,0.2058040104019988,0.1361346630523397,0.3950721273937466,0.26493244513859526,0.14395013094202622,0.22767498953450238,0.11332023009009921,0.2666616180448311,0.1307883001724314,0.06518362842128879,0.08723182070863597,0.3144841073494162,0.2638709454536991,0.273312671182049,0.10022212378849191,0.29740302577266237,0.7776280489980244,0.4590606931340129,0.4878580858511906,0.5581863208996882,0.18959623970868777,0.2695578340785943,0.39577840127664904,0.697774294211787,0.6450702865413139,0.7240697687824593,0.138380600188459,0.31271637242709127,0.5966257484407256,0.34820008217593396,0.06070248919507094,0.406371645507331,0.21960122576141125,0.21197315287640783,0.2842674145123417,0.30490399627870995,0.2170302254550166,0.15489297912838834,0.7339192413617438,0.20582388707041874,0.1813951321662236,0.5904559610998777,0.11967627956394143,0.2748311730002771,0.40383820572261236,0.2755491573422218,0.24004238006297046,0.14656603867337983,0.0,0.23082075843141966,0.11647477909091511,0.1569088059865292,0.4695370490450701,0.12796354947148403,0.16804020308281745,0.19710761537268598,0.5857867939338587,0.18633780142226455,0.4021306310123653,0.4093757256661148
0.18450159640402525,0.1782240923833292,0.2697648841957063,0.18910477160452419,0.16709620435585898,0.34151813097607653,0.14911626725471547,0.1026060865623333,0.23680843232011142,0.20121851403097207,0.21031253473750858,0.09851271505104087,0.05545261892448031,0.20960960406619678,0.38650247279929695,0.33653900144514093,0.2348318567556162,0.15681561848161954,0.2505898728323736,0.28973811963383567,0.11227000473967547,0.20822157605135944,0.22602432124013494,0.08450032184671954,0.18992170441680195,0.15859667247191694,0.13653641441449296,0.04551554723139481,0.15467760375772796,0.3697124366733122,0.1943085623332898,0.14205411749693772,0.4489778121644391,0.32803278523690593,0.20697263027530344,0.3384710356850061,0.04309769593834667,0.17546313164943736,0.19085618137603566,0.34801957896923674,0.4911436089764002,0.35679827896607075,0.35729838361544847,0.19028617159274924,0.35316115412785803,0.34315169625438435,0.1512656996234386,0.20728921911620599,0.11417852889728067,0.09664579072467927,0.4184012624036749,0.18876019753840795,0.15691160294818274,0.21762018540044034,0.3379762149496845,0.09433434902481852,0.08686879100382228,0.25441612819826376,0.2651109192701912,0.33247731589262963,0.2479603082495288,0.19233224876749264,0.30283984497630034,0.03656795999991347,0.23082075843141966,0.0,0.19922749487022975,0.23501219175373933,0.4073591088519071,0.20459365355718998,0.09542367629117945,0.17577717640327511,0.2787297898352597,0.13044253828100028,0.3300162901088088,0.1321172677109563
0.20012635095578296,0.06599111498208171,0.21913426140181785,0.19612304605269593,0.2318957188899554,0.043299038379785715,0.3811808736492808,0.205054701434855,0.14983427986254363,0.4393181032897087,0.4136313955832237,0.28651062071355327,0.3303353962721957,0.27064473756853585,0.11062403384799031,0.1621916181817664,0.21835949495866144,0.12609380038864867,0.22163442463970562,0.2502900565066156,0.09259102184824593,0.1922395192557046,0.09148141547930441,0.2376310084868549,0.07654992964467791,0.004732619478415282,0.29815456990564754,0.24910755798922363,0.1824686658626507,0.1419108218548194,0.09541724092103757,0.2173879480233839,0.7359974167197026,0.4302539435824299,0.3640367522654324,0.48534724924873074,0.10558853160681067,0.20357129049207145,0.3643906804824029,0.5706068095190462,0.6377030594538321,0.6220587414350327,0.09797553543345747,0.25588701201344743,0.4765183492172718,0.26552569481027216,0.2587101746875219,0.3418492769664033,0.1408998863022959,0.15717858402044815,0.19848566069689977,0.23764620789208415,0.22812537306680236,0.06201474364516909,0.6409512308659022,0.24601843999208584,0.25514137322172753,0.48295023510759116,0.30169710740865346,0.1743549191085408,0.2516021336588701,0.187289327157511,0.1844938932808081,0.09577216749463828,0.11647477909091511,0.19922749487022975,0.0,0.20042349698823142,0.37918849089234274,0.06593844172825875,0.14637198714847238,0.2283508227788274,0.47107811094860363,0.12967050134860747,0.47757143752952835,0.28748684767208643
0.18454840894996447,0.3819388922955982,0.1603133944674871,0.0,0.412579087877617,0.21068497293951735,0.023224001195906046,0.22575455452378895,0.29870059556718026,0.28089733211804885,0.23571517317867471,0.2437557528333933,0.13734698718444135,0.30516061679855677,0.15169690518319345,0.2168254808000937,0.18119446981558887,0.124711348013828,0.2190545721486466,0.11355679771637087,0.11349301624212005,0.18199258972606827,0.13296286264131843,0.15283517040275796,0.27853472495752457,0.1443460512856212,0.1534239890570028,0.2567309236483249,0.09359349555249395,0.6559706282569355,0.20933394875262978,0.002831459386467486,0.34690755249977473,0.23120887021654588,0.1826751538789609,0.1769399316854729,0.25837072156426544,0.08955633609180547,0.04850584312047969,0.258196420672951,0.4037726766693248,0.34788234550011066,0.34003962926546355,0.1521608801999633,0.11270856717389374,0.24595850297975821,0.15023319797162402,0.34022829170603136,0.32306999328667035,0.3139804287213509,0.2968656708117435,0.23274043886093365,0.2151886270870832,0.21838728362480322,0.20417609944319184,0.25997914938332906,0.21122008523272223,0.13353132365848666,0.3094621966124293,0.21538048964519044,0.22146232106243982,0.2046765664667028,0.2270295671318893,0.1990451785182302,0.1569088059865292,0.23501219175373933,0.20042349698823142,0.0,0.3107962078997635,0.21240190204224424,0.17627641215743253,0.17569647045197997,0.12945747672488891,0.19680221430837933,0.4654765693994573,0.11186160314697155
0.27437511999220554,0.3570506593142521,0.1529929005157349,0.4918253032828261,0.5757786303448849,0.5309668527291366,0.6270276361096037,0.5125070226712828,0.544293338927193,0.639904046429774,0.6656849303670835,0.346172106492782,0.5124896681743322,0.6877588782506363,0.08209219047563186,0.32401959768821353,0.3161020265410557,0.24194637644946992,0.14789299244534063,0.49422685560364155,0.5007121143675823,0.34277052882111897,0.4746175494846412,0.4590394366002444,0.28081993324233256,0.4637376099203995,0.36163513805385494,0.518623246594247,0.642522530884174,0.5278967101895452,0.5071595442897104,0.5880656274502121,0.9481740417073448,0.8666228137820373,0.6831612208294007,0.7015666733067039,0.5715037521434906,0.6722882411604353,0.6974850838163325,0.7963200328454478,0.8715883156337767,0.7476703340719693,0.5630580048288804,0.649797730343656,0.49924857293151664,0.25001853896332266,0.36750165729275036,0.5677793139080676,0.43795333666381075,0.5065061593252006,0.5234288574944548,0.5626137224295987,0.45840955176791576,0.4398055022100142,0.755941696904359,0.5636796374289857,0.3481429282753287,0.9011376580845236,0.2659609699084586,0.09900954388724036,0.039936175635097215,0.3066995779290279,0.6000482134030619,0.6033443363594369,0.4695370490450701,0.4073591088519071,0.37918849089234274,0.3107962078997635,0.0,0.5084141622684543,0.5206918215290313,0.11285096060117222,0.9524979736613706,0.4560255392676287,0.4165353077191552,0.6053065533057942
0.1369491834655016,0.03908588176401491,0.27653265513523073,0.3494393485589372,0.2521857550800946,0.11814655063300163,0.298451699689929,0.07801892981989894,0.14451314058297235,0.34717670165410086,0.3475550265008879,0.2648812085787066,0.2285465152506515,0.35873006433871996,0.21888600628998137,0.13499611003091866,0.011825083041723984,0.053532505957211735,0.23891065950803325,0.20879125641572097,0.20341985731155476,0.0779672558468211,0.2064136817938368,0.1407087667430419,0.08093824398659229,0.027923596232573435,0.10862984402767255,0.19376007365804215,0.16877918248600993,0.281030896393422,0.1975977805485936,0.2811041927476218,0.6817179271204471,0.542083662834353,0.45212639465290644,0.5269822142439661,0.19151266122743624,0.38897186397983174,0.3392486273765646,0.5220705793747662,0.8320748009657681,0.6255922903470013,0.14332657440776847,0.30231324383351327,0.6061527955998975,0.28509793492832247,0.4039926617482548,0.04832780290510112,0.3048318497664318,0.18623219766070415,0.20654883311614392,0.2777183838767378,0.47903996097177687,0.07737689953061418,0.42370333351505446,0.24913397207276392,0.26447341415840864,0.5450271677325911,0.3700681641102054,0.22193370390010686,0.3895561377179223,0.02552224084263119,0.10772848279026168,0.07256384246290501,0.12796354947148403,0.20459365355718998,0.06593844172825875,0.21240190204224424,0.5084141622684543,0.0,0.14794718942416873,0.18892468015097094,0.5328796496704871,0.030895304631007252,0.24337407307123493,0.311078266820843
0.007365198551799273,0.11702951114536407,0.20257180112142875,0.3250965026447915,0.30754226995351264,0.16547573342040658,0.34480660161233995,0.27115546797088375,0.22728914851629367,0.4438941442559688,0.4333900482449391,0.16606522323187084,0.28811891208091406,0.3807290216082985,0.26694392348936713,0.14652874271762154,0.038242691361164254,0.10941885938283002,0.22620389799741253,0.28391312519234996,0.29794818617018,0.18982386518814157,0.13052878988690245,0.24664525738999032,0.11063436289820462,0.18842502211124515,0.081383834107726,0.31340727987307004,0.25174608939259896,0.039246504045917764,0.37923280638088064,0.3248213913345663,0.6320169043630544,0.5598455380395305,0.48984160858666487,0.4984448937943233,0.21908909793385142,0.4072448333614816,0.4337853237325523,0.5067308812027483,0.7907301232986493,0.5325409331676417,0.17653173488015736,0.26570195930476836,0.4885050760813553,0.2745475386986779,0.02592077432258174,0.2085925609001736,0.25354457418694076,0.27995589580102354,0.28375031570283843,0.31056116157198477,0.21298924450519105,0.17832755355438032,0.4766583193044428,0.27829228562561986,0.2011755569822397,0.5457839026248499,0.09136302709502023,0.2519283484176276,0.15966634291900303,0.07323663156236523,0.24635184678634034,0.22785829401206392,0.16804020308281745,0.09542367629117945,0.14637198714847238,0.17627641215743253,0.5206918215290313,0.14794718942416873,0.0,0.18501408195358604,0.6384817132926973,0.12870261550005682,0.20373169941570674,0.38010815141970195
0.18806908367540054,0.21849975379752257,0.283337506682726,0.08555934743310328,0.07345096359608763,0.22878066672759367,0.136616015633304,0.21170158582914322,0.2583518446250297,0.06119108707659507,0.07709173159096358,0.30628302915424843,0.057120832546003475,0.05789105229378812,0.11192488228974146,0.2548587407408135,0.23160492645804387,0.1485261683623442,0.29679882290270093,0.2153938648910595,0.3097616493565113,0.26878554133513677,0.2596835955789308,0.16120912467052637,0.18213172794598395,0.2988268157106029,0.17658339456376956,0.28664927534168416,0.14538565833613634,0.32083924823255977,0.3134927436563166,0.2527411676289082,0.40446849121621464,0.22492471536467454,0.23488462966189358,0.24009209667205578,0.14145525493740932,0.3403825823969415,0.07582992823019814,0.2791150135551995,0.45288569459477607,0.3820083905687944,0.2689049710352325,0.09022280204726092,0.18125839032430896,0.2973460708966702,0.1958201381149474,0.28440827816138625,0.06665061670158151,0.2678105325737056,0.29178427286322844,0.054497977815394186,0.2727442493360689,0.27284507404956254,0.1516294334107898,0.2858287628549383,0.1788560918899445,0.20873830298465085,0.23722263317253017,0.2835347063102854,0.2581746957685078,0.16242073326926,0.23630924954779498,0.23472402071281742,0.19710761537268598,0.17577717640327511,0.2283508227788274,0.17569647045197997,0.11285096060117222,0.18892468015097094,0.18501408195358604,0.0,0.24407788761548802,0.23163852559647746,0.18720463543096122,0.29764203585614785
0.18948078252970485,0.6181947619688215,0.26406193711191367,0.6329291288688631,0.6906522289291972,0.748039166943356,0.7842244297393648,0.3532821006447853,0.7135181204888362,0.7727591893455233,0.9009712478154244,0.3354885436790853,0.8749125909534083,0.8297399899060166,0.2718014078846224,0.46692487474234307,0.31957897043240674,0.6156445251083764,0.40601384382841244,0.8484461243101181,0.6498354525332766,0.6934258030085523,0.43456321238088835,0.42600299083199006,0.5385386592636077,0.543919739338589,0.7352927962066393,0.7887084540116639,0.8764869787076351,0.8529205093324531,0.8398305315398292,0.6217047697295623,0.9999999999999999,1.0,0.7902925518876605,1.0,0.3944313696803096,0.6257719206384825,0.8362568652131743,1.0,1.0,0.9275752277792989,0.44276005071397906,0.631208753791816,0.7306912338237026,0.4278733117297583,0.3981130470786025,0.6117347970665393,0.525866395280879,0.6056879745893351,0.7248623007853309,0.7600912949490929,0.2622875639341446,0.681456882091422,0.860006581180302,0.7932922196425006,0.32405731735676907,0.9775942590361948,0.36733543094169147,0.36782022983933405,0.1752310362962504,0.42466569846705143,0.5693883904959346,0.6226456689056161,0.5857867939338587,0.2787297898352597,0.47107811094860363,0.12945747672488891,0.9524979736613706,0.5328796496704871,0.6384817132926973,0.24407788761548802,0.0,0.6588030223439381,0.4657785235173102,1.0000000000000002
0.18190818398726294,0.07303152916013742,0.24847174485426365,0.24085857934763757,0.21164938330271538,0.08886120564832335,0.35942729526686856,0.21081271017974004,0.19371704953561786,0.368920926443312,0.3771926967120887,0.22594233482988593,0.35553007177618334,0.34510034921236304,0.1898971000519349,0.1583785090672713,0.3081525425737674,0.028212017920371077,0.28067298501595833,0.34014835772795626,0.10318386604697473,0.176912030832834,0.23884182520618155,0.09336707727463969,0.0,0.03377177054850164,0.08677724213425084,0.25003131816727975,0.1805628818300431,0.3909201320535689,0.0702151625550106,0.28422163235907766,0.6934223767975624,0.5976827215476243,0.6227890317055189,0.5353782504377004,0.18959585349599203,0.4244552415765552,0.4680883259038473,0.5986392697062651,0.8425393367738822,0.7230277056738416,0.18937898846613077,0.2779635343295799,0.48817721031717154,0.23405768558013626,0.2609385821106859,0.018876009313460788,0.16046384709910477,0.12037979635373029,0.2536951733280843,0.18382201458696568,0.3231515581859356,0.10171722031638658,0.5254397051439178,0.14756614102609522,0.17317365929760956,0.5799885615563597,0.43549463967176105,0.2747578902292712,0.23429546751520183,0.23905607771435583,0.27013171082741283,0.022008774331210713,0.18633780142226455,0.13044253828100028,0.12967050134860747,0.19680221430837933,0.4560255392676287,0.030895304631007252,0.12870261550005682,0.23163852559647746,0.6588030223439381,0.0,0.28965162543661727,0.3270991875454506
0.20292557117015414,0.12612761890515817,0.2645429446552046,0.3078762579122699,0.45171384686536836,0.15705842760565075,0.3922145949463526,0.3668422787967621,0.14390187710985552,0.3470779859430792,0.6959914891742913,0.23193156140795063,0.2892394766668389,0.45976225935670567,0.28658046894620764,0.20586427438192065,0.10953613078544613,0.18174324382779483,0.2741341163760688,0.0718383428043243,0.12912617556443765,0.09580433635423813,0.29751917495601465,0.32985159889225735,0.10157962014436478,0.16306279801002832,0.36942334270086724,0.1938099495634042,0.11758973503451131,0.2714609109989545,0.08849930606756429,0.2282656585247201,0.4903158072774125,0.6193889657558056,0.4381984218000427,0.48521290946960005,0.1711924230911132,0.2591070232419773,0.3675191444301371,0.4890486754362354,0.7105572444092112,0.554773245629327,0.20650360376328367,0.22502277379250887,0.4283490172749686,0.2893671662360297,0.22082710137410316,0.3887162272552168,0.24653719346389835,0.2866623285445061,0.04705157373888651,0.3407939940503248,0.20529220252096983,0.24230844891476627,0.5206329290376378,0.35764493145992005,0.21481992723941634,0.5454783043813031,0.2149081445229838,0.3016211678819932,0.22072694653438107,0.23547787972169013,0.012464597887682852,0.1624743994552136,0.4021306310123653,0.3300162901088088,0.47757143752952835,0.4654765693994573,0.4165353077191552,0.24337407307123493,0.20373169941570674,0.18720463543096122,0.4657785235173102,0.28965162543661727,0.0,0.21779363639624644
0.19773581647465596,0.27651499068764174,0.045973465653765165,0.4264661178463778,0.4376475249918108,0.3443861851195732,0.5151709906484498,0.18699973534069833,0.3652411522063706,0.6230099440681279,0.6017727936737859,0.18311944559390778,0.5624192291408846,0.608287226786509,0.4522272059524723,0.3564474315446406,0.185211438968316,0.3098289705285247,0.1425185175248997,0.4674883362490194,0.4078032335799652,0.42016568131399495,0.06138982930967139,0.2692490690342264,0.2636348373329795,0.3202160831971458,0.28105609271103477,0.49657919116000565,0.5298302779128018,0.15115024874731808,0.4019104284360545,0.41187031566218796,0.9036869128432409,0.648391910853283,0.605938222456026,0.6544237924338294,0.33343294319989797,0.4672245036133087,0.5539106303753589,0.7071763377252461,0.9502660800706728,0.8088465832697544,0.3051582594104543,0.514712202995054,0.6060107187755047,0.29527170659260843,0.17923333993597604,0.3662837023707767,0.374959944838098,0.31004484412668976,0.490412358391124,0.5223719326722324,0.12674549798325555,0.33071217645952505,0.6684100249918088,0.5287402787909777,0.19208922487573482,0.7995058718161555,0.0553706154694683,0.42394660208200147,0.3178962325991848,0.17581792089717188,0.3266152441129199,0.45328638710668756,0.4093757256661148,0.1321172677109563,0.28748684767208643,0.11186160314697155,0.6053065533057942,0.311078266820843,0.38010815141970195,0.29764203585614785,1.0000000000000002,0.3270991875454506,0.21779363639624644,0.0
