0.0,0.28889352991819295,0.6216326165187589,0.2152098112879321,0.5015812349976683,0.38122217736010267,0.6011208164918098,0.5284689199667602,0.6393152782180328,0.6868804027534017,0.5648012070565257,0.4236505844567275,0.35043639332306314,0.6358477719268805,0.6959410145992894,0.694834029982719,0.5019602508110345,0.4919772787054554,0.6646049682947681,0.5825203637577425,0.6000715518936895,0.6623756852857174,0.6990771377901236,0.7317827828953737,0.35573455724096065,0.5467616146897839,0.7329909239104193,0.2996804181147631,0.6255227557057299,0.6075579836311317,0.7395113077417119,0.8722408005622287,0.6063391223948884,0.5912514023068876,0.5951348595188587,0.41619668694765355,0.6000653592099209,0.7432155727029083,0.83717451889489,0.6343649489142769,0.6821490085760096,0.6234161984163651,0.7017790010136746,0.8172380511518167,0.7993743594486562,0.7789554949414325,0.580341602977682,0.7845558679399292,0.29261362921091727,0.6694432651374742,0.4546015494914335,0.6801510439680292,0.5501976505898786,0.7404513530990622,0.8404456660093396,0.8190633565720778,0.6077459496749538,0.6455881214662018,0.3525828380776371,0.7233521663953685,0.6042512949524605,0.7205639969725571,0.5746374825632556,0.7740688153195279,0.45601968029587747,0.7308046484441532,0.5842536159028164,0.7025557572830752,0.6037148353683176,0.719531204276344,0.6718297329592342,0.5455511349643938,0.49900611974982967,0.5841901402197197,0.8167683983883136,0.7149318883219133
0.28889352991819295,0.0,0.36391337990387085,0.4084927540713527,0.30478550887926575,0.9175917150808838,0.40267024614718605,0.5395448179330369,0.2838145675211264,0.7072174817355443,0.2682121658857862,0.886343375375683,0.25820966146973917,0.22687271505534104,0.5418671056270282,0.5985146814383966,0.7991440113188013,0.8854561098399323,0.1880441511898896,0.6704797844914622,0.6545047599020521,0.5499591852094312,0.2743212840476917,0.5962934775157058,0.8615535698699748,0.9148643695541216,0.4368954127105543,0.20523778468143578,0.7226454718005769,0.21888482175873997,0.6200961285379264,0.4414014841720605,0.7621633047571139,0.6190567178985746,0.26811768052205587,0.32799917862758765,0.48969809735542236,0.23614820735047967,0.4007655591066187,0.7963128279312617,0.5859702714287995,0.5610048374812389,0.3075967940194083,0.6217570558707931,0.3464519110145216,0.5404930026622936,0.8836065010706033,0.2750874171802763,0.5317169706716925,0.44871812021856616,0.8825047128002724,0.5173976273718834,0.6057692558189063,0.4127644849017851,0.45838841459235546,0.3660745808578775,0.5834054545596441,0.584975722083856,0.3706288011942413,0.564615175475723,0.7302656910625427,0.5531077379579489,0.6855662450890467,0.44399660341347996,0.6944700415346458,0.5562901967912859,0.6289430292487415,0.24601759026975056,0.6880731839422728,0.7545490421884054,0.8038549132395824,0.47145769435441054,0.7180972847086757,0.773543660111094,0.4674112442387407,0.6829167579435487
0.6216326165187589,0.36391337990387085,0.0,0.3858126122737637,0.6749880883103084,0.32750002445033377,0.7395521472217097,0.44215048772051696,0.6973685164926764,0.48574885996108086,0.7762785859375517,0.261490728343997,0.5460146186945479,0.8199856281665234,0.793846921037505,0.3590490340113033,0.4290876975667377,0.2504840366690834,0.6427898618039152,0.5822118820224984,0.4496830707126967,0.7025381686485282,0.9543385071502298,0.541743844358413,0.14441867402385572,0.4444727549821713,0.7524843768527281,0.5319513700248097,0.5326830140697822,0.7339754851475381,0.5072925493480539,0.759986849386568,0.3790792901866776,0.3408104936011539,0.740967753423167,0.5522051031245593,0.3415887946230831,0.5885279235305129,0.7771520983319,0.3564971410796255,0.5557438826864294,0.4816305060777308,0.7157533855506649,0.3972827148449685,0.7566234378427996,0.4864476047360406,0.38116854816593926,0.8682643826022494,0.37503808477743955,0.778027659269879,0.3603198005972057,0.7178459379194928,0.5431730346705833,0.7671384015965421,0.7943880846024586,0.8874557435016626,0.6059999916612961,0.631271433046088,0.40773679366736626,0.7544548646292655,0.43451565222699295,0.7773245435079402,0.5975103195171555,0.6714994860017541,0.5600297523735895,0.5980094546604174,0.5905430233371461,0.8683358807831254,0.3922753884135864,0.5392938827754267,0.554626457769412,0.5560566705059293,0.5174842246040297,0.3618457857514411,0.7904589705640291,0.5710823369687134
0.2152098112879321,0.4084927540713527,0.3858126122737637,0.0,0.5167318186225052,0.5132957695600943,0.5071817767541774,0.39441271598104966,0.3808218641885303,0.13488849486674748,0.4897560830363264,0.35748686601267987,0.7093401645488887,0.29211369760907485,0.4230946021323162,0.17759879026767683,0.28600910907418653,0.44831923245941196,0.3129016434197004,0.42482395185015065,0.48455923688227437,0.30035170389187604,0.3180451019259539,0.22963356387269895,0.5180118849561735,0.29596635186951037,0.3448071042020999,0.492532062976536,0.45826660413570186,0.33209087418892536,0.10170984968679114,0.21558209475714007,0.24747989225632194,0.33665436310447583,0.5480104249685125,0.5868803998229439,0.29707849517537943,0.39729207037326775,0.3024427199329507,0.3354564688691615,0.36359507872875585,0.39613142852323757,0.2668278608947576,0.1296428759089181,0.46315762249571474,0.3143437019071192,0.44440715028386246,0.33827804712355225,0.8929840203871181,0.45238008044092753,0.5244985008116804,0.49209784121957234,0.2541694501038769,0.30803083862639746,0.1822426282484219,0.3229072007141994,0.40938941261924733,0.2916720956030304,0.4509116691796191,0.37653932305789267,0.5009691330905776,0.28573316374341384,0.3247929128158457,0.2512851453928411,0.6186179996903084,0.3323498680084441,0.4771097360119393,0.3499161029227661,0.36270847049569044,0.3835315879667679,0.33307600188078645,0.5839207902363558,0.4674308694314181,0.6164776284999062,0.33564139129126863,0.4173091345485479
0.5015812349976683,0.30478550887926575,0.6749880883103084,0.5167318186225052,0.0,0.3790134185209117,0.48331985860903365,0.186409868788253,0.6676795919054592,0.25357880689889406,0.4980280839706116,0.2272063020747942,0.8713522937788865,0.8770269624103679,0.6593086965720804,0.40108005437747274,0.3043627657116104,0.33146168413311233,0.4946158744862257,0.4533645984194077,0.2137821567269677,0.5015582848297723,0.6284990104530916,0.3182718700793741,0.23042793030007974,0.2985662855230589,0.6729052982112833,0.9263287421364841,0.457970672831445,0.49856597513507994,0.2736404327051925,0.5243672267394883,0.3137735100418598,0.20144859471681953,0.5525524365225826,0.7071660831638762,0.23738772961040971,0.37888298384668967,0.5796285148960137,0.3040428645189712,0.36061879332209107,0.5243542068680622,0.624449196768639,0.38190934106979235,0.5774792032685041,0.3614063332732431,0.46787634095707065,0.5009818116288856,0.572939622409398,0.8509564359612126,0.3809389606667917,0.794179598430148,0.2657243113626194,0.6680312243264387,0.608483271692413,0.456620844040949,0.5160922746210849,0.49430483600399266,0.5602783358250172,0.5866608450428596,0.5996908354570178,0.6511807121758052,0.5405736249039685,0.42218572246676334,0.5014405430542082,0.42090140115234503,0.6204081698191559,0.5384120150595634,0.4528918214069508,0.5306357731433009,0.4825667359361552,0.6599411368008957,0.4755278398934093,0.4932421362733991,0.6304596421618306,0.53588039649058
0.38122217736010267,0.9175917150808838,0.32750002445033377,0.5132957695600943,0.3790134185209117,0.0,0.4036189525355014,0.5267251686539245,0.35610345636945423,0.5835718674878642,0.3190386799410627,0.877871882360678,0.24221032941785237,0.2681056707944604,0.4681328727393249,0.4595287696232273,0.7243557067323672,0.8401189056827092,0.35564036742238053,0.6025489036853287,0.539620325593005,0.561636175916181,0.3576037801304578,0.4963515042952998,0.9015004764418051,0.8255280475981392,0.193463682896647,0.30813041027480936,0.6260482776628152,0.3570327816320242,0.5600556665615523,0.4328379836645419,0.5726553652956958,0.42859116242761214,0.2557007046625854,0.3351644401777363,0.5283951279678891,0.07313041195742187,0.274455704710973,0.6511291365190134,0.37754536597644833,0.333677886472083,0.3116777581771208,0.5899537745756198,0.16958499585994197,0.4077572589075901,0.8260070955789175,0.24701260150308713,0.7194491595367221,0.47886898816859874,0.8623091254822464,0.5874015350846267,0.5543347593531674,0.4470367595067738,0.4800173898457723,0.35160479515607723,0.6187837764155136,0.4220609136298727,0.492296309670079,0.5446989869470434,0.7391854749510378,0.5381312368549124,0.7187761225599321,0.34005090727433,0.6817325186418821,0.4813793967099409,0.5847323613891479,0.3448820890996496,0.5840214805303459,0.6616147106100826,0.677881036350933,0.5831282971290792,0.6047576071896568,0.656212623094491,0.22001781320034114,0.44144268858118924
0.6011208164918098,0.40267024614718605,0.7395521472217097,0.5071817767541774,0.48331985860903365,0.4036189525355014,0.0,0.5166543518899029,0.5854598721664668,0.602423806898566,0.6104347019455286,0.4030972316993342,0.4266848714595156,0.5891254240958949,0.5590496079419772,0.5493344633924155,0.513016819876869,0.32951410665881975,0.6683102974271884,0.47362444657747876,0.41763457090814915,0.5757507103693794,0.6976974074850888,0.506241929063398,0.3705507354800357,0.3713870657981529,0.6315386830961363,0.4044238921445905,0.43821112350869984,0.49853155316167913,0.35244071734790783,0.7854548416060116,0.5448540910675835,0.5184640205778962,0.5966771658577156,0.5213531042328814,0.3212112763821696,0.7498493143126286,0.8451714653959629,0.5656162951484255,0.7057821421991397,0.5745195481985708,0.680794932848331,0.5443108301093444,0.910779979149555,0.49322972066077475,0.520028350182586,0.6931377889592666,0.5442676741750408,0.6551061524755059,0.34150690864794764,0.7976008048515755,0.48637471469294563,0.6719898715655721,0.7216157753060951,0.6545136963354414,0.7341307295769005,0.710570731923187,0.3439231864989004,0.6218525965186569,0.5552366489045057,0.5881687931528707,0.5207076155432214,0.6365287863719841,0.4927402292182942,0.5380148943368742,0.6184622923403778,0.662796839537025,0.43863836398115175,0.6475423069735388,0.4894765689441076,0.49565301105402765,0.6310637971189531,0.35333014549607283,0.6953360016659967,0.5450175849001061
0.5284689199667602,0.5395448179330369,0.44215048772051696,0.39441271598104966,0.186409868788253,0.5267251686539245,0.5166543518899029,0.0,0.27883067570191306,0.4258947444633022,0.3160607323136625,0.6000373824949238,0.14928784126729705,0.2084340908213645,0.4319999593837133,0.4247439658133223,0.5034634659208155,0.43299791592094616,0.5118090151552228,0.4906360562958106,0.6782014075926452,0.4702240997480913,0.37459940225555144,0.38461873003439184,0.5746046323981435,0.4329723944073375,0.35989493707172787,0.226181743204023,0.5796101817829495,0.6509437628681093,0.5602975604067425,0.7336504916196801,0.3767024828844532,0.3658934664909991,0.7030056471675458,0.4280966210458956,0.5337158543640584,0.3578788516329195,0.5562328746515484,0.4239012203811008,0.3917651706882279,0.5484384977226908,0.6598837257264998,0.5725796600899574,0.5649852369466949,0.5090722754481678,0.5619766109865713,0.4109807812840199,0.4904424525746245,0.4484982500151077,0.40615361770558567,0.38034007498565714,0.5421390219890997,0.3514446317534618,0.5465542890384436,0.41984375553964304,0.6395254040564705,0.24055719832231542,0.5452948445722403,0.5444075553660429,0.4623828778658624,0.4511776391876695,0.48150170058400926,0.4593378441206843,0.37339955126236,0.6121803346050457,0.3477442330383448,0.5672077265849622,0.337327682625037,0.6095691823127897,0.540812415537606,0.32706428515618813,0.39649022502256,0.36063516014677577,0.5561107713538237,0.44251213212555307
0.6393152782180328,0.2838145675211264,0.6973685164926764,0.3808218641885303,0.6676795919054592,0.35610345636945423,0.5854598721664668,0.27883067570191306,0.0,0.4234114205985011,0.7145757327281843,0.37954888462900405,0.7374430870112192,0.8285764981503615,0.7994095950273505,0.4219585355733058,0.43381136596943715,0.34242677482025186,0.637191872590325,0.5791187967929853,0.4385655277210897,0.711623906903968,0.8260115871721688,0.5722897342629794,0.28314560811934614,0.45684490692126367,0.8456714170918237,0.6588393940267301,0.43821320065955555,0.5622752357981735,0.3693728098016099,0.6113430254517599,0.424066238293867,0.26314524937738415,0.4455452686360218,0.42098512390577325,0.24470461029602275,0.5148307356371251,0.6862430330674328,0.4142570457395957,0.49262360142655537,0.40619103665411344,0.5705990103684214,0.5445842501638565,0.7468714807202791,0.49796219962955685,0.4890263539823413,0.776773139778661,0.46756607036899006,0.8998959358724773,0.461310249569797,0.8656148657532527,0.45770154164134774,0.8736292282487007,0.9077152091084539,0.7524171958433856,0.7183215539492324,0.8700462485831447,0.2539826115584514,0.741830561845831,0.6734326540429013,0.9149594933897697,0.788713412623439,0.6988997306040813,0.5875344244595588,0.6357183872485468,0.7769211456931002,0.7605999231073953,0.474765592644775,0.6862482618690482,0.7261317520171959,0.6759870159194766,0.6796706906435129,0.499184554351579,0.6726258764047957,0.7039581670939173
0.6868804027534017,0.7072174817355443,0.48574885996108086,0.13488849486674748,0.25357880689889406,0.5835718674878642,0.602423806898566,0.4258947444633022,0.4234114205985011,0.0,0.3055844810650947,0.6932611006675092,0.1492507241872459,0.48256977691232733,0.5361447676106603,0.8529388464116212,0.8386472496691364,0.7885563671056923,0.5804258592158431,0.5902503623408932,0.5478020886972125,0.7260928878642366,0.4654092567813913,0.8225453021894493,0.6518145669884599,0.7343070664889801,0.5867570615043755,0.12328068081767535,0.5422200504551142,0.22109760226015374,0.6310078457669499,0.7207181164061698,0.8578430983152143,0.7497689433278545,0.2967712030294303,0.1584266191252417,0.3707378338088164,0.6656046851257632,0.7540051427923133,0.9119307881204219,0.9235775546869387,0.7471817983472748,0.5212023714624876,0.8210108109223431,0.7193662526685458,0.6681759583547702,0.7558012104463955,0.4886346227760681,0.40307620986006626,0.46004341571531476,0.5575724162701402,0.6051697709120837,0.6115701564885295,0.5428919378113195,0.6858168172551725,0.6384297011616449,0.43948138438484136,0.7735365619132518,0.3273499271184323,0.6752963066271277,0.8181634154453087,0.5926328249854873,0.7151834107750032,0.7672837536148401,0.595450936225405,0.6388063984868412,0.7056726258147016,0.4784777772153163,0.7675732450831583,0.8415262204089459,0.7062352044230721,0.469689492129582,0.7499723206253922,0.6105638363778396,0.667598987827724,0.7120407487286158
0.5648012070565257,0.2682121658857862,0.7762785859375517,0.4897560830363264,0.4980280839706116,0.3190386799410627,0.6104347019455286,0.3160607323136625,0.7145757327281843,0.3055844810650947,0.0,0.2748968947255916,0.6025066138610194,0.6865334089921455,0.6120495689928499,0.29167244885376853,0.3115337752280496,0.23067025692688753,0.7348623506758827,0.39269431526551113,0.3319921640701501,0.5039668043615347,0.7043058506695872,0.32282005282140147,0.12065563843161337,0.18946868176401482,0.6265512630176386,0.35655824775804096,0.4538829223789737,0.6981042096934362,0.2693983235856599,0.6062985642449216,0.2746721895255533,0.09739123215623963,0.6494167121969774,0.610441666716006,0.3112872879467292,0.31326834663561764,0.5675757920177842,0.31134548998880557,0.3841282509226226,0.24175885727991583,0.5283971493528853,0.23512990448747403,0.5714846359472441,0.4210160185543838,0.32593314197103157,0.6878221075085666,0.5427147905855162,0.5699273362001641,0.20066770684848712,0.6240113597046436,0.275964597470307,0.6742594164245068,0.6749624379542296,0.392632815891003,0.4802243202027178,0.46711239410862,0.13131144412967932,0.5907202541510586,0.48668978814594616,0.7274134859640835,0.6141760321760209,0.6094585157337112,0.36750271788229205,0.46764954004149983,0.50196652443151,0.5855165448984425,0.23596459061545516,0.45704810353453945,0.4307805812459118,0.46830102995809597,0.32924675739747494,0.2672312179071244,0.5358394468061556,0.44954701977457195
0.4236505844567275,0.886343375375683,0.261490728343997,0.35748686601267987,0.2272063020747942,0.877871882360678,0.4030972316993342,0.6000373824949238,0.37954888462900405,0.6932611006675092,0.2748968947255916,0.0,0.14513867733064423,0.28451998053629257,0.47693550328388606,0.7207551855385195,0.9218685743914794,0.8587348188046349,0.4391157237440208,0.6487797825063656,0.8423728116007684,0.6289250310316583,0.24944461334026313,0.6915579507134874,0.8569170367230532,0.8786317509965857,0.40880710258932784,0.1312437946428825,0.6712990803488196,0.2856870980541069,0.6616348400811299,0.6477644226249296,0.784631109129478,0.8187665039947519,0.2603439212616252,0.09618309409693238,0.4386003626615196,0.5795446177182952,0.6411413755471544,0.8404947413367583,0.7342190977906224,0.5846196149565762,0.42975611467237407,0.71639845061295,0.44798567160108504,0.5730536320514177,0.8380865786406191,0.3557229089422379,0.4377492667581661,0.3369609562668856,0.7949756220317284,0.38778071638658995,0.8010317174072192,0.2821383801198376,0.465165736131699,0.3654799503461705,0.5273837351062844,0.5468561304632541,0.42303953283459295,0.6571175719798144,0.7097960133283684,0.4815534165772707,0.6508861853243838,0.5488205451514087,0.6919982195954455,0.7173170392008101,0.6213339591695218,0.3943284346974865,0.7651463898144104,0.7060910780383785,0.70916720128219,0.5242254432531205,0.8001402943904075,0.7164984622876756,0.5811324382459827,0.6834417407040136
0.35043639332306314,0.25820966146973917,0.5460146186945479,0.7093401645488887,0.8713522937788865,0.24221032941785237,0.4266848714595156,0.14928784126729705,0.7374430870112192,0.1492507241872459,0.6025066138610194,0.14513867733064423,0.0,0.7722588873408687,0.5701921609379136,0.08142666717168939,0.15954139948660684,0.18823802880314122,0.42780569066057633,0.3556705999508928,0.21922745535239846,0.513808940128,0.4950182333874977,0.3452392109649637,0.20819203449922857,0.14344816107263414,0.7192623887781742,0.841381249129884,0.46318022036724127,0.2649774619214909,0.14375057288287235,0.34950152351837926,0.27149914100516565,0.1713696186944798,0.5395711395044147,0.6217862290713838,0.09678210599496045,0.4921626109322421,0.4710316378184174,0.2517331665703354,0.39630008042211107,0.46185495969993345,0.48783658298375365,0.3264010337000941,0.5732879570355762,0.39369707648484975,0.4309360189048165,0.6232965349898292,0.6191107995394141,0.8412028449551683,0.3951863376749617,0.7589071556121402,0.2041738420702558,0.6735110664918598,0.5695696317538387,0.5917026241837994,0.5113656317289508,0.5373574007173637,0.2581193462835152,0.47507786259442086,0.5144598240729387,0.7604579460740132,0.6326045019335437,0.4628147932096462,0.5811785705504321,0.28576922351512934,0.6806228244019847,0.38896091259958304,0.4318364386732566,0.5256413288912125,0.5748834729873674,0.6230259965973716,0.6645891870199045,0.5038681678539073,0.6350714922059669,0.5681570855135241
0.6358477719268805,0.22687271505534104,0.8199856281665234,0.29211369760907485,0.8770269624103679,0.2681056707944604,0.5891254240958949,0.2084340908213645,0.8285764981503615,0.48256977691232733,0.6865334089921455,0.28451998053629257,0.7722588873408687,0.0,0.7453726479227701,0.547356801898516,0.4219907613462378,0.39999990347830994,0.7476103960695252,0.5913283735846887,0.20453102740869,0.6653198247780574,0.7292228368099103,0.6576679713063533,0.22223860812220736,0.3883192179089263,0.90396761058922,0.9195964422135641,0.5831818335790284,0.6558648197948236,0.5251999481211235,0.6009767588876067,0.4345017178651807,0.2754930229022188,0.43041695894066256,0.38872671257567387,0.37207167047250045,0.6069466903088085,0.6014687218780188,0.4047628291151594,0.5830187957334477,0.47940585394210167,0.6508271811040307,0.8003516358501913,0.6212387437044806,0.5819422962846372,0.35376955870630333,0.8641216936956133,0.3445170514200652,0.9586526689855923,0.3607150662399947,0.9090458409757258,0.436970877381537,0.9001998954261039,0.8428353922169616,0.8857302915053882,0.5413577370339226,0.687302471813473,0.45569608082018054,0.7264797814048891,0.6608556992612216,0.8288111638532567,0.871186434055964,0.8135043807339084,0.6281440726409099,0.4995849143143918,0.7777127899104312,0.6143298417168614,0.5514203324175332,0.6883995814502188,0.6409208836141735,0.7504905960943747,0.5898075161328717,0.5601160211856716,0.7496182544148771,0.7353069817083671
0.6959410145992894,0.5418671056270282,0.793846921037505,0.4230946021323162,0.6593086965720804,0.4681328727393249,0.5590496079419772,0.4319999593837133,0.7994095950273505,0.5361447676106603,0.6120495689928499,0.47693550328388606,0.5701921609379136,0.7453726479227701,0.0,0.4917753666131909,0.5203223700080736,0.5117278718564056,0.6961520592516385,0.852029746974804,0.42311687368526596,0.9145961470772622,0.8448922596223156,0.7768012642578664,0.42381347134271047,0.7033382425131975,0.8608575449859684,0.7131568769997528,0.6651241634284922,0.49175361920765803,0.7027981219708181,0.5605669478982059,0.6237545215765106,0.5356662892497408,0.5575553254945169,0.3937331738795753,0.3939489656174352,0.6850791404025853,0.5217496269048554,0.5026942090444405,0.4662627456001736,0.6198624961645416,0.6802574592497409,0.6607135028526309,0.685407589945173,0.6345201722469596,0.6805781176474595,0.8311123616856684,0.40981673228087057,0.8256118200834428,0.6109989621187152,0.7706309071150474,0.6216675392926387,0.8489692000018463,0.7811394182640556,0.9026510148729394,0.7669189128617595,0.8510901314824708,0.4487496299485093,0.8741662564602317,0.6115503289522843,0.8771190506596738,0.6741545003509266,0.7199245553550033,0.8152571344981061,0.6541737900692184,0.8490377805189271,0.794483973897367,0.6827092552306852,0.7123461817173631,0.8435910041391435,0.7800772628675012,0.7389378918953964,0.6965434680927274,0.8575257120859194,0.7672223596123033
0.694834029982719,0.5985146814383966,0.3590490340113033,0.17759879026767683,0.40108005437747274,0.4595287696232273,0.5493344633924155,0.4247439658133223,0.4219585355733058,0.8529388464116212,0.29167244885376853,0.7207551855385195,0.08142666717168939,0.547356801898516,0.4917753666131909,0.0,0.8085826227491285,0.7061322114730403,0.428039718303369,0.5794969198997899,0.5404011193216901,0.6415612376777033,0.4164424960608764,0.8302095446356987,0.6651361007138864,0.7437033784840854,0.5559379424077292,0.3144020091809098,0.5199760236159862,0.3446353312793658,0.743729460068728,0.6976129248674698,0.8402910113141822,0.7267645978408918,0.3643735731814206,0.220560167847697,0.5587490186190608,0.7157862422960366,0.8581332392737838,0.8208782546306913,0.9030979243239436,0.7800068294150877,0.6050282026736333,0.936873350189604,0.8148499659572987,0.6317834041729501,0.7865234306865796,0.4243514469166204,0.32720736291322194,0.49540937505608196,0.5508341009260371,0.6960377734049773,0.6003063372717954,0.4881828331565083,0.8053065271975323,0.5497031659625866,0.7505659732818467,0.760980844699675,0.4643099038766785,0.6553889055561598,0.7130853390976826,0.683321213653688,0.7082014150508708,0.5176119743652235,0.622540731215195,0.6148525756136182,0.7306350555933993,0.38281230191413657,0.7568106352756335,0.8239359445059703,0.7484403128511092,0.4976624669401738,0.7756433425727113,0.6453918698722605,0.7703839143154145,0.8094426878127317
0.5019602508110345,0.7991440113188013,0.4290876975667377,0.28600910907418653,0.3043627657116104,0.7243557067323672,0.513016819876869,0.5034634659208155,0.43381136596943715,0.8386472496691364,0.3115337752280496,0.9218685743914794,0.15954139948660684,0.4219907613462378,0.5203223700080736,0.8085826227491285,0.0,0.814382293802267,0.469206000546337,0.6318828598498125,0.5771098027048266,0.6570697801600914,0.44355500366492645,0.7263346815924888,0.7350702522384298,0.8282559209384027,0.48951389396985634,0.18075197796512915,0.6054610940337464,0.286968649478858,0.6187242899861353,0.5563115545393206,0.8683759492994785,0.6587880710221337,0.23282122769283561,0.15042864645620496,0.41459614408949064,0.5563346691057218,0.6336357480530974,0.8623247464841106,0.8068458646642578,0.6103082903614948,0.35861347177272784,0.8934263493801158,0.6574385962369544,0.5816432363523965,0.8522087747511253,0.4271843230054799,0.48957109484782607,0.4217329061296255,0.6565611651809775,0.5998942357308638,0.6551393042324166,0.4246245454005616,0.7034565827204572,0.44200975571775647,0.751744666868261,0.7707613361189799,0.32987803315145797,0.6659182380803786,0.8623363336946529,0.5531021783732664,0.7225800052764677,0.5737557289626178,0.6686083546243058,0.6240635768926391,0.7409304864803128,0.4626599414745149,0.7761589396291699,0.8299303259091654,0.7699221641176652,0.5066932989441421,0.7664198778140331,0.6340961766490543,0.473326200185882,0.7419570821990414
0.4919772787054554,0.8854561098399323,0.2504840366690834,0.44831923245941196,0.33146168413311233,0.8401189056827092,0.32951410665881975,0.43299791592094616,0.34242677482025186,0.7885563671056923,0.23067025692688753,0.8587348188046349,0.18823802880314122,0.39999990347830994,0.5117278718564056,0.7061322114730403,0.814382293802267,0.0,0.2309921945318581,0.6514864126790199,0.6673161802327838,0.5866480875965133,0.3105665434320153,0.6936541146553641,0.8585551277891375,0.9093104357269411,0.5184629560380388,0.3465783268480525,0.7630292032040799,0.21291276641035667,0.7032120551131265,0.374628317144018,0.7800653919881801,0.6774688643467409,0.18091787525829472,0.12939298564411778,0.46413212174959106,0.36731918921105466,0.369986577299087,0.8334448730506283,0.5898424557530186,0.5575046303283425,0.24865395284380076,0.7946048829297532,0.4173984941743396,0.49289916943961587,0.9184510622020485,0.23824319830918383,0.5447313956365396,0.41670680704963015,0.7314327702027461,0.5059245707047537,0.60262877089378,0.3466066534444438,0.5305688411760499,0.35969018898013816,0.5959361984426518,0.5998641215531312,0.5366774441237787,0.6421425595914972,0.8677192416930782,0.3926935992811725,0.725255392133489,0.3960353538737784,0.7806344611665944,0.6299022352886686,0.7375160784419776,0.3390449440483032,0.7521778932263659,0.7693961138311608,0.7389346847578526,0.6597639641739054,0.6837504865430768,0.8376551939155378,0.32587632762339025,0.685854011313062
0.6646049682947681,0.1880441511898896,0.6427898618039152,0.3129016434197004,0.4946158744862257,0.35564036742238053,0.6683102974271884,0.5118090151552228,0.637191872590325,0.5804258592158431,0.7348623506758827,0.4391157237440208,0.42780569066057633,0.7476103960695252,0.6961520592516385,0.428039718303369,0.469206000546337,0.2309921945318581,0.0,0.6310228475984945,0.4662915446262025,0.6650164353609307,0.8069983746015341,0.6005362294992658,0.14612696901282912,0.41749949459722346,0.611636356392283,0.3620028980171165,0.4711123582959666,0.683876000744615,0.5405727655966249,0.7957252013168996,0.4707057099044572,0.22524725209192528,0.6158705858239453,0.4327606805803657,0.33820407405936864,0.5145518612981959,0.6877593663586032,0.4931939999228134,0.5206784356505927,0.5767281631414801,0.7401698361669687,0.5764052705584448,0.6693608739912109,0.5905713080305068,0.41787542988669035,0.8761878610485102,0.3510790511548227,0.7028465490729641,0.25673526681855874,0.6439815052142992,0.5818344783150418,0.6968311869858219,0.8098318428197075,0.8637190494896871,0.6076666239616906,0.5747374281586967,0.44005787817172315,0.723793961114883,0.5531266892259028,0.8029913686434289,0.7366875749666486,0.7820741160156994,0.4464321800809677,0.6068925249618955,0.6207303094527793,0.7002536606351812,0.5320658716309843,0.627091016045871,0.5968704247797922,0.44276364917479116,0.45735314209090205,0.35658026765040907,0.7239695741481876,0.6705531312645494
0.5825203637577425,0.6704797844914622,0.5822118820224984,0.42482395185015065,0.4533645984194077,0.6025489036853287,0.47362444657747876,0.4906360562958106,0.5791187967929853,0.5902503623408932,0.39269431526551113,0.6487797825063656,0.3556705999508928,0.5913283735846887,0.852029746974804,0.5794969198997899,0.6318828598498125,0.6514864126790199,0.6310228475984945,0.0,0.5515704516457052,0.8942000340153412,0.7359273285641186,0.6933838602349116,0.6000518918731113,0.7945169851495893,0.6727389038393483,0.6271750638913614,0.7698118009855606,0.4267140496156456,0.6981100090373895,0.48390778905252607,0.5908564900958614,0.4623769289223159,0.3781865125573436,0.3261967868629743,0.4412767044609189,0.5089520771082168,0.47804011924503825,0.5449599083982128,0.4648691165635236,0.6022994916904649,0.5142941351204905,0.7431148888766659,0.5277057330878946,0.506070340162297,0.7642122928713801,0.6416174617514394,0.4351466276098157,0.7042058027983451,0.6747243790946681,0.6649106998229268,0.7503954229538967,0.6790631171874578,0.6836982569869634,0.6278616316877433,0.7847495430313265,0.760798421561331,0.5100772503521628,0.8864716381610529,0.7458142496868241,0.7815364753148479,0.7347422254023062,0.629851281664576,0.8906978317514467,0.7968280997827739,0.8727300560552794,0.7401637038297395,0.689991612041024,0.6632622811071358,0.7749418264624113,0.7267164226307745,0.7588734209726112,0.7527920620803698,0.7657469087531518,0.772936677403121
0.6000715518936895,0.6545047599020521,0.4496830707126967,0.48455923688227437,0.2137821567269677,0.539620325593005,0.41763457090814915,0.6782014075926452,0.4385655277210897,0.5478020886972125,0.3319921640701501,0.8423728116007684,0.21922745535239846,0.20453102740869,0.42311687368526596,0.5404011193216901,0.5771098027048266,0.6673161802327838,0.4662915446262025,0.5515704516457052,0.0,0.569325516292742,0.4495708077913606,0.7271288404945625,0.7364089436511329,0.6563860338224926,0.40069152107304157,0.16950194834676435,0.5465040674988104,0.33415203494226764,0.7388732092599974,0.5412871149654439,0.702208248098866,0.7082657653740158,0.622181134284531,0.36304879092182535,0.6743448719362796,0.5594479537957225,0.4187485685119071,0.6889403782653013,0.5114267996699878,0.5798819804160559,0.43542643884102517,0.5827607853170561,0.4765005472520351,0.6604325671086634,0.7301649716797805,0.47075382283072614,0.44424466899740855,0.40114769700116093,0.6662445237277363,0.3978036090135222,0.6248266218728401,0.5137224313331279,0.5319634415188301,0.5410152366735026,0.7503930966965819,0.45705777594474417,0.49834643845240834,0.5329288557782145,0.5390543087466282,0.5222634902625874,0.5570548059437458,0.47504703885891963,0.6140246591459345,0.5139354490206482,0.5436732794718351,0.49780175399451015,0.6620248932542494,0.5222657999573564,0.6488822003770787,0.5342274172603623,0.5746372248665628,0.6519389249627836,0.6787686261132032,0.7213732586539862
0.6623756852857174,0.5499591852094312,0.7025381686485282,0.30035170389187604,0.5015582848297723,0.561636175916181,0.5757507103693794,0.4702240997480913,0.711623906903968,0.7260928878642366,0.5039668043615347,0.6289250310316583,0.513808940128,0.6653198247780574,0.9145961470772622,0.6415612376777033,0.6570697801600914,0.5866480875965133,0.6650164353609307,0.8942000340153412,0.569325516292742,0.0,0.7424854691304164,0.8095350361575517,0.42870174367644276,0.7936554915313372,0.8043735046633957,0.628711274112665,0.7672883808387885,0.4213828267868206,0.7121977622831716,0.57752990598488,0.5937970380709923,0.558227727077372,0.3682924703994139,0.2102563626269761,0.39088962842488895,0.617338921573719,0.6472102290765429,0.6634594365075144,0.5734468156977848,0.6176451405543112,0.5385705856463697,0.8003982380085684,0.6765291000569328,0.6632956659758404,0.7881701241087653,0.737604542113764,0.3987025775521159,0.7766186184045345,0.6124126351661879,0.7950855996562589,0.7345304181100639,0.767336471790616,0.8356870782815911,0.7508819274379073,0.7932545045121331,0.885742412995407,0.4269632565856728,0.9309230035023406,0.7454293193216353,0.8577749518888388,0.7631474620000754,0.7396425377713339,0.8494352946278491,0.7981422281104756,0.9359349580494055,0.7336811219284036,0.7990527489486685,0.8197938621285075,0.9181432144770878,0.7016439911971158,0.7904823846694936,0.7116888927839874,0.7762201870422787,0.8290348165922925
0.6990771377901236,0.2743212840476917,0.9543385071502298,0.3180451019259539,0.6284990104530916,0.3576037801304578,0.6976974074850888,0.37459940225555144,0.8260115871721688,0.4654092567813913,0.7043058506695872,0.24944461334026313,0.4950182333874977,0.7292228368099103,0.8448922596223156,0.4164424960608764,0.44355500366492645,0.3105665434320153,0.8069983746015341,0.7359273285641186,0.4495708077913606,0.7424854691304164,0.0,0.48886798607190607,0.2468685869785347,0.3807322879356952,0.8129781576243466,0.6055280790279328,0.600516491819555,0.7831058643000745,0.5701004025114561,0.796210350062961,0.33379391271866754,0.2773832329678387,0.6530143873037766,0.4333818126253888,0.344032956385279,0.5773166010169508,0.6302824515656178,0.3799179952483164,0.3867905226821056,0.44793906233748715,0.6429548835376662,0.5645068294739437,0.6817921846902119,0.48166631043080865,0.26205588122243273,0.921441455690517,0.40280533669267854,0.8361156475353617,0.21214595333030623,0.8204255213994615,0.4224558794450855,0.8885161579363312,0.9107969543441825,0.9010583342157978,0.6720523980076605,0.6834532377105755,0.43523669488600525,0.7743340473947172,0.5712933056372095,0.8705374690694323,0.6616666308508325,0.7813944687243426,0.5521705256254292,0.5563193403042208,0.665344067996797,0.8878799706742652,0.390867988815771,0.6217070440692342,0.6445802481128262,0.6339737594466375,0.4844888226268258,0.3745153043672769,0.6865262540053315,0.5751668465756796
0.7317827828953737,0.5962934775157058,0.541743844358413,0.22963356387269895,0.3182718700793741,0.4963515042952998,0.506241929063398,0.38461873003439184,0.5722897342629794,0.8225453021894493,0.32282005282140147,0.6915579507134874,0.3452392109649637,0.6576679713063533,0.7768012642578664,0.8302095446356987,0.7263346815924888,0.6936541146553641,0.6005362294992658,0.6933838602349116,0.7271288404945625,0.8095350361575517,0.48886798607190607,0.0,0.5055091239705585,0.7446461663338967,0.7498017130426915,0.4898897785610201,0.5972689267735402,0.28819648201284265,0.7164314426271214,0.666693728378956,0.8604876336815767,0.8551845490197927,0.3252570871619167,0.19189060725290236,0.4023702283781806,0.7037312180424306,0.7476553153727283,0.8361093659884303,0.8577080303335163,0.6564420593801659,0.493751174692571,0.8351794520308992,0.6790699233466522,0.8115990331259119,0.764582188871988,0.580570962392516,0.2558339177144622,0.5332652908983322,0.7261661073119505,0.7413417685121121,0.6772938548705758,0.6319388910185619,0.8297921385601859,0.7314179268409965,0.7038835212431662,0.8869502080537628,0.24093137690059355,0.8495099233172607,0.7915745717853148,0.784953628884605,0.8116260130716256,0.7065048053261724,0.7882243436063985,0.837246787309383,0.8984462994444826,0.5152511775563898,0.8198301998524301,0.802056509078608,0.8385225018570496,0.6972805786753905,0.8825094845199162,0.8354308218999199,0.7765441003982603,0.8918149071192902
0.35573455724096065,0.8615535698699748,0.14441867402385572,0.5180118849561735,0.23042793030007974,0.9015004764418051,0.3705507354800357,0.5746046323981435,0.28314560811934614,0.6518145669884599,0.12065563843161337,0.8569170367230532,0.20819203449922857,0.22223860812220736,0.42381347134271047,0.6651361007138864,0.7350702522384298,0.8585551277891375,0.14612696901282912,0.6000518918731113,0.7364089436511329,0.42870174367644276,0.2468685869785347,0.5055091239705585,0.0,0.7977347887741927,0.37060406240017557,0.1980984227625232,0.7215450212833915,0.2732295792002412,0.7138397457571215,0.4465073720867555,0.7347807504199197,0.6768190008223951,0.34385127461959003,0.1966253363805066,0.5864357997066695,0.2383844905469235,0.37352442251950113,0.8117431810120832,0.4686931079826756,0.6062908963896029,0.19183476528355176,0.6001358003397048,0.1962708753195882,0.49792478802943063,0.8901542384894621,0.14322564540351074,0.6361382854362075,0.2875907494888125,0.7490896175691567,0.36213343505316786,0.6037886878665525,0.1976940373837156,0.4148900213614022,0.11205504030472113,0.5653023756836768,0.30357475557476166,0.5741756037156828,0.5055038745935662,0.7299171464266992,0.39312194304791354,0.5588145991437723,0.2894759414484893,0.5015761245124194,0.5903109712064614,0.32126172639413453,0.13700450136607517,0.6120740998553937,0.663435553674984,0.6733390199305638,0.49978042145821944,0.3776278733787959,0.740725411647902,0.2960439923250492,0.47937969412916104
0.5467616146897839,0.9148643695541216,0.4444727549821713,0.29596635186951037,0.2985662855230589,0.8255280475981392,0.3713870657981529,0.4329723944073375,0.45684490692126367,0.7343070664889801,0.18946868176401482,0.8786317509965857,0.14344816107263414,0.3883192179089263,0.7033382425131975,0.7437033784840854,0.8282559209384027,0.9093104357269411,0.41749949459722346,0.7945169851495893,0.6563860338224926,0.7936554915313372,0.3807322879356952,0.7446461663338967,0.7977347887741927,0.0,0.5872524608557913,0.2531486052521968,0.7274659321659325,0.3161841455598424,0.7281045034868391,0.5428920517113474,0.8518528617523586,0.6774044028178651,0.2559679123691382,0.12831407056444022,0.4412235426338212,0.3769317491230739,0.5214730838241085,0.8535426258717675,0.6724841228373214,0.5787863910141183,0.350931581398672,0.7384177018723963,0.34223372989002915,0.6567245216518469,0.8899446028936107,0.26901308694225756,0.46276044288697205,0.4512404170950751,0.8197178380433998,0.6004167417491235,0.6725305559148149,0.5390826259011242,0.6586112830889668,0.4419335769482775,0.6611795517366564,0.6963283662121034,0.36920760481264225,0.7727921878812201,0.8170421872677622,0.6344361009677252,0.8250503964037077,0.5350125366475609,0.74686025795078,0.7248692425160385,0.7784752382083981,0.33591466661363734,0.7991328851573777,0.8628625381261918,0.8952113502514877,0.6567874952487677,0.7521104526669016,0.839749517491441,0.5083788705014181,0.7803231821843618
0.7329909239104193,0.4368954127105543,0.7524843768527281,0.3448071042020999,0.6729052982112833,0.193463682896647,0.6315386830961363,0.35989493707172787,0.8456714170918237,0.5867570615043755,0.6265512630176386,0.40880710258932784,0.7192623887781742,0.90396761058922,0.8608575449859684,0.5559379424077292,0.48951389396985634,0.5184629560380388,0.611636356392283,0.6727389038393483,0.40069152107304157,0.8043735046633957,0.8129781576243466,0.7498017130426915,0.37060406240017557,0.5872524608557913,0.0,0.7306174436308099,0.6246764393412216,0.4701579576313455,0.6074071203972338,0.6191439764116318,0.571593208296676,0.45695258573009484,0.4639072620543823,0.43216138051382347,0.28993460166725776,0.5564956887114376,0.6429948455744703,0.5621607285355555,0.615534992714699,0.4883256930641493,0.48869403889541385,0.7369493647500637,0.653270546077982,0.6076882789051828,0.6360787146535064,0.717622105607407,0.46249367725265494,0.8975886146721046,0.4838005630182337,0.9268962167491517,0.611287628367337,0.8712388941153296,0.903037640538388,0.8741526536844915,0.6808328975970914,0.8399768100575746,0.42989163253858376,0.8078531419075465,0.7589804722188233,0.9098244487110018,0.7421446112285537,0.7429707164237715,0.6880325431846213,0.702349097662415,0.8238217754433059,0.7929108564835949,0.6513675932825254,0.6893025135998035,0.7595411479817837,0.861655640673462,0.6582974420916956,0.6836929396205244,0.6682678533103297,0.6739219263149627
0.2996804181147631,0.20523778468143578,0.5319513700248097,0.492532062976536,0.9263287421364841,0.30813041027480936,0.4044238921445905,0.226181743204023,0.6588393940267301,0.12328068081767535,0.35655824775804096,0.1312437946428825,0.841381249129884,0.9195964422135641,0.7131568769997528,0.3144020091809098,0.18075197796512915,0.3465783268480525,0.3620028980171165,0.6271750638913614,0.16950194834676435,0.628711274112665,0.6055280790279328,0.4898897785610201,0.1980984227625232,0.2531486052521968,0.7306174436308099,0.0,0.5347069179044315,0.34179057725851064,0.1183535301689268,0.41672347999349557,0.42675612391218876,0.29339425673490466,0.5172325592235163,0.5978547128921099,0.19366602355894508,0.4312008730758757,0.5287383722108068,0.39622024306695347,0.5216591576443323,0.5924068830074617,0.5338817549085371,0.50032512519754,0.5460545396036941,0.38662424583780775,0.535864701710274,0.4777455581437929,0.4168984409253841,0.8593172601468939,0.5221616883639167,0.7583325517676158,0.36590385502484235,0.7145217866013012,0.4771120161248251,0.5643447606429931,0.5209505754738555,0.6614358323105859,0.6645578051913273,0.6278542115495107,0.5913018490658354,0.66365730790423,0.6554059470760948,0.3978509104410871,0.778672099883349,0.4287451527973199,0.7666884409508344,0.534379660595817,0.5789877218442473,0.5300718537073523,0.5890032898765304,0.7512282296629259,0.7280428200952325,0.6541260651193357,0.7290506535764684,0.6643031542956188
0.6255227557057299,0.7226454718005769,0.5326830140697822,0.45826660413570186,0.457970672831445,0.6260482776628152,0.43821112350869984,0.5796101817829495,0.43821320065955555,0.5422200504551142,0.4538829223789737,0.6712990803488196,0.46318022036724127,0.5831818335790284,0.6651241634284922,0.5199760236159862,0.6054610940337464,0.7630292032040799,0.4711123582959666,0.7698118009855606,0.5465040674988104,0.7672883808387885,0.600516491819555,0.5972689267735402,0.7215450212833915,0.7274659321659325,0.6246764393412216,0.5347069179044315,0.0,0.4065204974582501,0.6825041142577561,0.4807056316036147,0.5792974756585919,0.3357214468437933,0.3667057624832166,0.2933055490274634,0.4989929110579106,0.19846134026577317,0.3776521178868627,0.6540446194277516,0.3516206327693576,0.4152147462324972,0.318560809468478,0.6665353541094468,0.24812995860850665,0.4976702910891743,0.790583183594955,0.35841498197168786,0.6037557711089105,0.683045592103762,0.6933650906442446,0.725744765392572,0.6767146635189794,0.5645378323201095,0.6358586911941307,0.5518199209695471,0.5731975713002224,0.6468295342599847,0.5908492714479059,0.7562627356502744,0.8276650967865556,0.6115859744958309,0.7897183256977963,0.5852176458007583,0.7380915673717109,0.7233212242388218,0.7364755471497598,0.662734638721324,0.6156155825225935,0.786049527693894,0.7306460536462269,0.7901748994603102,0.5361030654750143,0.7851278008182482,0.4501848528183754,0.4740404427241843
0.6075579836311317,0.21888482175873997,0.7339754851475381,0.33209087418892536,0.49856597513507994,0.3570327816320242,0.49853155316167913,0.6509437628681093,0.5622752357981735,0.22109760226015374,0.6981042096934362,0.2856870980541069,0.2649774619214909,0.6558648197948236,0.49175361920765803,0.3446353312793658,0.286968649478858,0.21291276641035667,0.683876000744615,0.4267140496156456,0.33415203494226764,0.4213828267868206,0.7831058643000745,0.28819648201284265,0.2732295792002412,0.3161841455598424,0.4701579576313455,0.34179057725851064,0.4065204974582501,0.0,0.2782995670342214,0.7333558155288744,0.19083969372832083,0.12145217722634138,0.7313473155922133,0.7795481974089813,0.5988954847580569,0.36140652348364866,0.611287502121054,0.3114770426379436,0.34695454910454615,0.42052187628375004,0.759638475967755,0.3456501745716643,0.6174022898641907,0.3804542063589504,0.22303608278818188,0.7541506281444454,0.4158602062395786,0.6250159906668852,0.27832359248138416,0.584204548979576,0.5030139198134845,0.5672615474354484,0.5681622812356064,0.6328084232025103,0.5096179415056686,0.35303108033891323,0.6074961225333205,0.45409003817988425,0.4100523427920172,0.5726017358892168,0.41154556021928346,0.6786104129170588,0.36973169850884846,0.4216923285221827,0.44584861942723497,0.776132740956936,0.26320529409418114,0.4438480692822817,0.33977712462393106,0.3900100391300584,0.13700198726209512,0.17713143041963353,0.6536626426272975,0.3872445090136043
0.7395113077417119,0.6200961285379264,0.5072925493480539,0.10170984968679114,0.2736404327051925,0.5600556665615523,0.35244071734790783,0.5602975604067425,0.3693728098016099,0.6310078457669499,0.2693983235856599,0.6616348400811299,0.14375057288287235,0.5251999481211235,0.7027981219708181,0.743729460068728,0.6187242899861353,0.7032120551131265,0.5405727655966249,0.6981100090373895,0.7388732092599974,0.7121977622831716,0.5701004025114561,0.7164314426271214,0.7138397457571215,0.7281045034868391,0.6074071203972338,0.1183535301689268,0.6825041142577561,0.2782995670342214,0.0,0.774792776502207,0.7792657089784731,0.5031105145459889,0.48871758421730405,0.18981976879615414,0.6727273228204134,0.6212761789837987,0.7756770583141732,0.7878065830350076,0.6108711624046888,0.7590627407149404,0.607102251743904,0.8486799232472182,0.6626861240184203,0.7022911713456256,0.756358141206011,0.5522578856738208,0.35406908022912276,0.49281279598142624,0.5825942096085286,0.5020564221679584,0.6441588389216458,0.5029837586656719,0.6223793794727314,0.5070258233984266,0.6273309219561443,0.623964326362754,0.5577721353708694,0.745803237619401,0.7280485010258174,0.6057275362715013,0.6491931982947745,0.5922364138054744,0.6668095475312942,0.7899882960821192,0.7433819935414752,0.6150706097021226,0.7622565032401093,0.7423868306481116,0.7607816662401774,0.5734922560697099,0.6609596666031687,0.723356944671081,0.7417318090262939,0.8343917374291743
0.8722408005622287,0.4414014841720605,0.759986849386568,0.21558209475714007,0.5243672267394883,0.4328379836645419,0.7854548416060116,0.7336504916196801,0.6113430254517599,0.7207181164061698,0.6062985642449216,0.6477644226249296,0.34950152351837926,0.6009767588876067,0.5605669478982059,0.6976129248674698,0.5563115545393206,0.374628317144018,0.7957252013168996,0.48390778905252607,0.5412871149654439,0.57752990598488,0.796210350062961,0.666693728378956,0.4465073720867555,0.5428920517113474,0.6191439764116318,0.41672347999349557,0.4807056316036147,0.7333558155288744,0.774792776502207,0.0,0.6392783413088023,0.7880758641578789,0.6543352164106531,0.4434285341160404,0.4883390210096372,0.9245424289001152,0.8702425331200341,0.5587422277648517,0.8299413646923468,0.787439289452336,0.7243300449339164,0.7233064716628247,0.934051393096218,0.6142692122456237,0.4750206539842048,0.7997387951120181,0.35656145622225605,0.5832790402322673,0.3025369130414611,0.605858219890095,0.8091229094475186,0.5913345682830641,0.7790287252035151,0.7475188208963754,0.802624800464258,0.6004234032241405,0.49321104208965005,0.6398161734327078,0.4153329786357943,0.5471612423692698,0.3463986406586883,0.7663058099782846,0.31489806477940496,0.639272942060856,0.4531561403566362,0.8342532478383424,0.5672546347037214,0.6363053905330883,0.5247150771050609,0.3935695748481345,0.43585882564237927,0.3225998695686667,0.6855102581858943,0.4408145701231008
0.6063391223948884,0.7621633047571139,0.3790792901866776,0.24747989225632194,0.3137735100418598,0.5726553652956958,0.5448540910675835,0.3767024828844532,0.424066238293867,0.8578430983152143,0.2746721895255533,0.784631109129478,0.27149914100516565,0.4345017178651807,0.6237545215765106,0.8402910113141822,0.8683759492994785,0.7800653919881801,0.4707057099044572,0.5908564900958614,0.702208248098866,0.5937970380709923,0.33379391271866754,0.8604876336815767,0.7347807504199197,0.8518528617523586,0.571593208296676,0.42675612391218876,0.5792974756585919,0.19083969372832083,0.7792657089784731,0.6392783413088023,0.0,0.8563453605419329,0.3502589669503736,0.15326679546387123,0.5138007720254351,0.6774845269899655,0.6810919678733098,0.8564459666238389,0.8183113913346254,0.7117027343759946,0.4786603570875909,0.9444468700442223,0.6069985483926379,0.7076614670128293,0.7544577751704475,0.4913883806841061,0.5029894564626098,0.4031546316498895,0.7039083820987181,0.5766439755763259,0.5798109242275105,0.4775729723339438,0.6881420525927785,0.5735650273044814,0.5910356686930823,0.6784999064207149,0.40731320233048135,0.6450873099385541,0.8168288708150202,0.7107562106781853,0.7190424186401378,0.6126588381139346,0.6502376244565858,0.6799279928685364,0.7490466468652813,0.40203828548107134,0.8600720146798113,0.8187582777831144,0.834940503049185,0.536346009200936,0.744591651881872,0.7474739712998191,0.6266404262238169,0.7395668427374229
0.5912514023068876,0.6190567178985746,0.3408104936011539,0.33665436310447583,0.20144859471681953,0.42859116242761214,0.5184640205778962,0.3658934664909991,0.26314524937738415,0.7497689433278545,0.09739123215623963,0.8187665039947519,0.1713696186944798,0.2754930229022188,0.5356662892497408,0.7267645978408918,0.6587880710221337,0.6774688643467409,0.22524725209192528,0.4623769289223159,0.7082657653740158,0.558227727077372,0.2773832329678387,0.8551845490197927,0.6768190008223951,0.6774044028178651,0.45695258573009484,0.29339425673490466,0.3357214468437933,0.12145217722634138,0.5031105145459889,0.7880758641578789,0.8563453605419329,0.0,0.4625046343185806,0.17180948834431747,0.634968111781908,0.9060769347609064,0.8877886892756459,0.8091570530588107,0.8692317597188464,0.8274323938483892,0.6417545900424183,0.8648065181341635,0.8029012547041219,0.7410472416010493,0.7017007277010062,0.3690373650799671,0.3337432262576178,0.3190495294704199,0.5838262930003951,0.3833309102258585,0.5751294383967532,0.39703036505586864,0.5041943468149611,0.3580674758325897,0.8620073581247487,0.6862552446539902,0.3306087561495889,0.6069337899870895,0.5481619235004531,0.46205621898184895,0.4885661690398166,0.39432664368977965,0.5916785262443409,0.6915629077925647,0.6257696573291827,0.4253479065517879,0.8572060542091402,0.6555289390023371,0.6493080783156893,0.48946490891706645,0.8103099915218107,0.6713867478378639,0.8203216801733788,0.8378401072290728
0.5951348595188587,0.26811768052205587,0.740967753423167,0.5480104249685125,0.5525524365225826,0.2557007046625854,0.5966771658577156,0.7030056471675458,0.4455452686360218,0.2967712030294303,0.6494167121969774,0.2603439212616252,0.5395711395044147,0.43041695894066256,0.5575553254945169,0.3643735731814206,0.23282122769283561,0.18091787525829472,0.6158705858239453,0.3781865125573436,0.622181134284531,0.3682924703994139,0.6530143873037766,0.3252570871619167,0.34385127461959003,0.2559679123691382,0.4639072620543823,0.5172325592235163,0.3667057624832166,0.7313473155922133,0.48871758421730405,0.6543352164106531,0.3502589669503736,0.4625046343185806,0.0,0.8820325656349698,0.7421556881714008,0.5729230037905467,0.6294757031519054,0.3891913739972465,0.39802928007772853,0.5473743894956162,0.8330461925906754,0.30264214898098135,0.592085757124929,0.4600418335993336,0.26878174772020713,0.6521988596463857,0.4186964118525218,0.5101992507083178,0.3024236290045151,0.47651339037514284,0.5086500933788339,0.5488865568342588,0.4501138736701221,0.5687078121149437,0.4928139823107909,0.3992309721917856,0.5371112430119925,0.41160105553830223,0.20370536066815587,0.4191469449729604,0.1904620464492892,0.5012031572233296,0.246939641498162,0.5555242095030734,0.2986171021706796,0.6939002119925894,0.2585372466620428,0.31452784685767343,0.2556504811814337,0.3634930871047173,0.2218709282452069,0.23538121468890572,0.5583765378623143,0.31983673180487965
0.41619668694765355,0.32799917862758765,0.5522051031245593,0.5868803998229439,0.7071660831638762,0.3351644401777363,0.5213531042328814,0.4280966210458956,0.42098512390577325,0.1584266191252417,0.610441666716006,0.09618309409693238,0.6217862290713838,0.38872671257567387,0.3937331738795753,0.220560167847697,0.15042864645620496,0.12939298564411778,0.4327606805803657,0.3261967868629743,0.36304879092182535,0.2102563626269761,0.4333818126253888,0.19189060725290236,0.1966253363805066,0.12831407056444022,0.43216138051382347,0.5978547128921099,0.2933055490274634,0.7795481974089813,0.18981976879615414,0.4434285341160404,0.15326679546387123,0.17180948834431747,0.8820325656349698,0.0,0.43627449137654006,0.29059799256208024,0.37971058433561644,0.17822669229150978,0.3349168451341574,0.42104299398184725,0.581267163727122,0.14589347416641874,0.36987255356713566,0.330616900328947,0.32063684341900944,0.5445994726983773,0.45071492365391624,0.39849634353989544,0.2797798299551535,0.35004851011945803,0.23322150450112356,0.4890626423585929,0.27881530707698404,0.35678681573369947,0.318897908247539,0.21073651352421108,0.5775587606094181,0.3475867632661831,0.21159829638391536,0.32855622420327846,0.11491533502014978,0.36193936415021866,0.231239226673359,0.2366407972351523,0.24765390813267757,0.41805636468515084,0.15981240620668175,0.17918106195984324,0.19295631064417867,0.4100703409618596,0.15503378374602045,0.22061393106165403,0.6228983061773318,0.34908149507857805
0.6000653592099209,0.48969809735542236,0.3415887946230831,0.29707849517537943,0.23738772961040971,0.5283951279678891,0.3212112763821696,0.5337158543640584,0.24470461029602275,0.3707378338088164,0.3112872879467292,0.4386003626615196,0.09678210599496045,0.37207167047250045,0.3939489656174352,0.5587490186190608,0.41459614408949064,0.46413212174959106,0.33820407405936864,0.4412767044609189,0.6743448719362796,0.39088962842488895,0.344032956385279,0.4023702283781806,0.5864357997066695,0.4412235426338212,0.28993460166725776,0.19366602355894508,0.4989929110579106,0.5988954847580569,0.6727273228204134,0.4883390210096372,0.5138007720254351,0.634968111781908,0.7421556881714008,0.43627449137654006,0.0,0.5222806649187104,0.5304749688399215,0.4891390086240013,0.6554936111482519,0.6678881440708839,0.5280828664449955,0.5357026142436002,0.5371561031420737,0.5550184532925118,0.5279166767359028,0.3568645564063724,0.318170022413821,0.2588486003876213,0.44919201377839857,0.24641283192679958,0.4775820682931674,0.31395023686898366,0.29872973946023007,0.39786490156578647,0.27355327443768007,0.1579793752424059,0.6656271555194971,0.43031256066011025,0.477876695761862,0.331452143258198,0.29402296911776854,0.42013443569624054,0.3674044256633696,0.4878842691654787,0.24279004462358675,0.30533925352041935,0.5236165007969359,0.42726176104744357,0.36412228214450093,0.29623977972753457,0.4815553186799218,0.4927206982475062,0.6641320044351172,0.6311171981528395
0.7432155727029083,0.23614820735047967,0.5885279235305129,0.39729207037326775,0.37888298384668967,0.07313041195742187,0.7498493143126286,0.3578788516329195,0.5148307356371251,0.6656046851257632,0.31326834663561764,0.5795446177182952,0.4921626109322421,0.6069466903088085,0.6850791404025853,0.7157862422960366,0.5563346691057218,0.36731918921105466,0.5145518612981959,0.5089520771082168,0.5594479537957225,0.617338921573719,0.5773166010169508,0.7037312180424306,0.2383844905469235,0.3769317491230739,0.5564956887114376,0.4312008730758757,0.19846134026577317,0.36140652348364866,0.6212761789837987,0.9245424289001152,0.6774845269899655,0.9060769347609064,0.5729230037905467,0.29059799256208024,0.5222806649187104,0.0,0.9073552932852995,0.6619169654265809,0.9418424977549844,0.8358735742357382,0.658737160107329,0.7922453638430004,0.9303289479342298,0.5861860810270074,0.39089662060483177,0.6147469872168984,0.3371762075491483,0.5710074892863902,0.30775553866257077,0.7302329781797802,0.4892915813074804,0.6401337430710468,0.8009602828098592,0.6632325857840199,0.9046803494646838,0.8224945182985925,0.29690845967285806,0.6848531240676128,0.47692537601316076,0.6012240563708768,0.4788039223275167,0.6011045307355037,0.4050732273073637,0.7113155224216852,0.5689677969293588,0.7233667315119273,0.5999336331127388,0.5787294383098567,0.45214740013986465,0.4632261483679945,0.7717498908865315,0.42744258587763856,0.8601637149109962,0.7480904400833406
0.83717451889489,0.4007655591066187,0.7771520983319,0.3024427199329507,0.5796285148960137,0.274455704710973,0.8451714653959629,0.5562328746515484,0.6862430330674328,0.7540051427923133,0.5675757920177842,0.6411413755471544,0.4710316378184174,0.6014687218780188,0.5217496269048554,0.8581332392737838,0.6336357480530974,0.369986577299087,0.6877593663586032,0.47804011924503825,0.4187485685119071,0.6472102290765429,0.6302824515656178,0.7476553153727283,0.37352442251950113,0.5214730838241085,0.6429948455744703,0.5287383722108068,0.3776521178868627,0.611287502121054,0.7756770583141732,0.8702425331200341,0.6810919678733098,0.8877886892756459,0.6294757031519054,0.37971058433561644,0.5304749688399215,0.9073552932852995,0.0,0.6092710117088752,0.938643168472867,0.8583008294416203,0.6618706052508622,0.7531429056327096,0.8986003918827952,0.7154333190018894,0.4846864968300538,0.7976634226213762,0.3200352103693618,0.5979048971332024,0.3141848669004766,0.6327620822424038,0.7355298877376721,0.7082997367975439,0.8279369096243052,0.8512724157226155,0.8048664263316982,0.7526874850268729,0.4252422896375594,0.6105444723193321,0.4064161972351913,0.653950952452518,0.49472968838258935,0.7099126048678943,0.36373965512350936,0.5541902096092315,0.49428640260942586,0.7000232294158992,0.6452393612431798,0.6186092800765771,0.5616237429859451,0.41689709797161306,0.5655068727941852,0.3611318678175952,0.747614208733686,0.5781985470088885
0.6343649489142769,0.7963128279312617,0.3564971410796255,0.3354564688691615,0.3040428645189712,0.6511291365190134,0.5656162951484255,0.4239012203811008,0.4142570457395957,0.9119307881204219,0.31134548998880557,0.8404947413367583,0.2517331665703354,0.4047628291151594,0.5026942090444405,0.8208782546306913,0.8623247464841106,0.8334448730506283,0.4931939999228134,0.5449599083982128,0.6889403782653013,0.6634594365075144,0.3799179952483164,0.8361093659884303,0.8117431810120832,0.8535426258717675,0.5621607285355555,0.39622024306695347,0.6540446194277516,0.3114770426379436,0.7878065830350076,0.5587422277648517,0.8564459666238389,0.8091570530588107,0.3891913739972465,0.17822669229150978,0.4891390086240013,0.6619169654265809,0.6092710117088752,0.0,0.78817152609906,0.66201019483349,0.4187178019216877,0.8443627595625277,0.4846072180601191,0.6997012158245421,0.8276310342725665,0.44218789785494395,0.4918270060002566,0.40560855681426394,0.6671788458375604,0.5318392643967922,0.6293116667075952,0.4481577102145233,0.7217448207235111,0.5885604319333315,0.5606767952900235,0.6595146280874511,0.41172026022138103,0.6114401751027414,0.7958463843956614,0.6149233591914427,0.7430473247319767,0.5724476122245221,0.587228710164809,0.7160996207868225,0.6463265674050096,0.4034211029864718,0.8452256283666925,0.8452495785880237,0.7848733409289371,0.5766291334643987,0.6137302693397342,0.7121815421515815,0.4652113427419616,0.6872125582141995
0.6821490085760096,0.5859702714287995,0.5557438826864294,0.36359507872875585,0.36061879332209107,0.37754536597644833,0.7057821421991397,0.3917651706882279,0.49262360142655537,0.9235775546869387,0.3841282509226226,0.7342190977906224,0.39630008042211107,0.5830187957334477,0.4662627456001736,0.9030979243239436,0.8068458646642578,0.5898424557530186,0.5206784356505927,0.4648691165635236,0.5114267996699878,0.5734468156977848,0.3867905226821056,0.8577080303335163,0.4686931079826756,0.6724841228373214,0.615534992714699,0.5216591576443323,0.3516206327693576,0.34695454910454615,0.6108711624046888,0.8299413646923468,0.8183113913346254,0.8692317597188464,0.39802928007772853,0.3349168451341574,0.6554936111482519,0.9418424977549844,0.938643168472867,0.78817152609906,0.0,0.6953258015614718,0.5631488900272019,0.9077936242071314,0.9257416323314196,0.6955827657057121,0.6644838514330722,0.7058206651559209,0.28217115796804226,0.43154862877708183,0.3750782745060505,0.5313483311045841,0.6666153985455775,0.5477482426295747,0.8167601765082697,0.5549120460382615,0.7974068218662668,0.808014812797428,0.25473962144828033,0.5493648859201388,0.4356790571869141,0.5972881366848554,0.6358331491800748,0.7097155611048979,0.447048655848973,0.6340288579463662,0.5958241003154087,0.4746709139576095,0.7172354810272727,0.7722850473755941,0.6769041065897531,0.4131972363723982,0.7778303796435306,0.49996637499258295,0.7690660361766598,0.7512627008067803
0.6234161984163651,0.5610048374812389,0.4816305060777308,0.39613142852323757,0.5243542068680622,0.333677886472083,0.5745195481985708,0.5484384977226908,0.40619103665411344,0.7471817983472748,0.24175885727991583,0.5846196149565762,0.46185495969993345,0.47940585394210167,0.6198624961645416,0.7800068294150877,0.6103082903614948,0.5575046303283425,0.5767281631414801,0.6022994916904649,0.5798819804160559,0.6176451405543112,0.44793906233748715,0.6564420593801659,0.6062908963896029,0.5787863910141183,0.4883256930641493,0.5924068830074617,0.4152147462324972,0.42052187628375004,0.7590627407149404,0.787439289452336,0.7117027343759946,0.8274323938483892,0.5473743894956162,0.42104299398184725,0.6678881440708839,0.8358735742357382,0.8583008294416203,0.66201019483349,0.6953258015614718,0.0,0.6528539761945468,0.7514914348963655,0.7449158823388411,0.6557631358713002,0.579777813849082,0.5103055375130725,0.40807006209113506,0.45997609646267773,0.3773076430170743,0.5587384523856767,0.6412141966798177,0.4394574641757414,0.6557172580731396,0.5634360020974557,0.6579425352253572,0.6659980328275419,0.5209771145506247,0.6772297319626487,0.5047902339139465,0.5831453770931783,0.4843794409779411,0.6171637889747016,0.4852377399198974,0.6268678658397602,0.5721996626451424,0.5153434697108339,0.5434701176069905,0.6630994385315967,0.5528681440936872,0.3739311639593721,0.6839436819022121,0.5492382973841371,0.671574215264815,0.7126272563680379
0.7017790010136746,0.3075967940194083,0.7157533855506649,0.2668278608947576,0.624449196768639,0.3116777581771208,0.680794932848331,0.6598837257264998,0.5705990103684214,0.5212023714624876,0.5283971493528853,0.42975611467237407,0.48783658298375365,0.6508271811040307,0.6802574592497409,0.6050282026736333,0.35861347177272784,0.24865395284380076,0.7401698361669687,0.5142941351204905,0.43542643884102517,0.5385705856463697,0.6429548835376662,0.493751174692571,0.19183476528355176,0.350931581398672,0.48869403889541385,0.5338817549085371,0.318560809468478,0.759638475967755,0.607102251743904,0.7243300449339164,0.4786603570875909,0.6417545900424183,0.8330461925906754,0.581267163727122,0.5280828664449955,0.658737160107329,0.6618706052508622,0.4187178019216877,0.5631488900272019,0.6528539761945468,0.0,0.3571734865700573,0.8625228289667807,0.5083283498038631,0.4197401753128361,0.7226669506142125,0.3097873176545532,0.7548816850844053,0.20856277982679372,0.7086758750609273,0.6221571483118343,0.7076432963808139,0.767540937066055,0.6518521068583293,0.6826853291672156,0.5469510194305481,0.4903764567647726,0.6708386168445125,0.35963267397303134,0.596175883591561,0.4723936201369511,0.6561263525110856,0.4041327059722015,0.5228578750225537,0.48070232294527115,0.6480514147248053,0.41762521904889904,0.5963866519404954,0.5313778248637672,0.3668663461847223,0.3948946739491903,0.2015473954488117,0.7007328440319169,0.5554685322080333
0.8172380511518167,0.6217570558707931,0.3972827148449685,0.1296428759089181,0.38190934106979235,0.5899537745756198,0.5443108301093444,0.5725796600899574,0.5445842501638565,0.8210108109223431,0.23512990448747403,0.71639845061295,0.3264010337000941,0.8003516358501913,0.6607135028526309,0.936873350189604,0.8934263493801158,0.7946048829297532,0.5764052705584448,0.7431148888766659,0.5827607853170561,0.8003982380085684,0.5645068294739437,0.8351794520308992,0.6001358003397048,0.7384177018723963,0.7369493647500637,0.50032512519754,0.6665353541094468,0.3456501745716643,0.8486799232472182,0.7233064716628247,0.9444468700442223,0.8648065181341635,0.30264214898098135,0.14589347416641874,0.5357026142436002,0.7922453638430004,0.7531429056327096,0.8443627595625277,0.9077936242071314,0.7514914348963655,0.3571734865700573,0.0,0.8320395946426171,0.725812753759389,0.7740411561387568,0.6209195906040956,0.27208269965304893,0.7214145496569038,0.6050631354314762,0.8275586383858242,0.8099086647066259,0.6124208405825957,0.8897079340594696,0.6461686132090854,0.7322404456051645,0.8088454473010672,0.5081531988368173,0.721118192256749,0.9477067585448746,0.7249240612325971,0.8056216026537,0.783311823041315,0.6138476014974836,0.778463399521029,0.804719681977399,0.617557703764827,0.858225241763568,0.9443502077828099,0.8088552917131124,0.5681882932038939,0.8326170933991824,0.6568151038963723,0.7059959342090518,0.8608071053647078
0.7993743594486562,0.3464519110145216,0.7566234378427996,0.46315762249571474,0.5774792032685041,0.16958499585994197,0.910779979149555,0.5649852369466949,0.7468714807202791,0.7193662526685458,0.5714846359472441,0.44798567160108504,0.5732879570355762,0.6212387437044806,0.685407589945173,0.8148499659572987,0.6574385962369544,0.4173984941743396,0.6693608739912109,0.5277057330878946,0.4765005472520351,0.6765291000569328,0.6817921846902119,0.6790699233466522,0.1962708753195882,0.34223372989002915,0.653270546077982,0.5460545396036941,0.24812995860850665,0.6174022898641907,0.6626861240184203,0.934051393096218,0.6069985483926379,0.8029012547041219,0.592085757124929,0.36987255356713566,0.5371561031420737,0.9303289479342298,0.8986003918827952,0.4846072180601191,0.9257416323314196,0.7449158823388411,0.8625228289667807,0.8320395946426171,0.0,0.5997339588727398,0.47664764545596827,0.7195124363520061,0.44723862910574835,0.6846176146971479,0.21896285710365043,0.8158459346647569,0.6803085289185871,0.7494546226871792,0.8125008990999796,0.8547662794610978,0.8154944800059468,0.828667708792195,0.28900858393188333,0.738870611912491,0.3181873960949577,0.6508012359398749,0.48539057564514,0.7770089241321638,0.3854243662604126,0.7742455831655599,0.5609350720807307,0.7421046982912813,0.4845600502602448,0.646769424050765,0.5384539414591138,0.4893311109744478,0.6468957229469134,0.3611073994252318,0.81475026211226,0.6266391645454272
0.7789554949414325,0.5404930026622936,0.4864476047360406,0.3143437019071192,0.3614063332732431,0.4077572589075901,0.49322972066077475,0.5090722754481678,0.49796219962955685,0.6681759583547702,0.4210160185543838,0.5730536320514177,0.39369707648484975,0.5819422962846372,0.6345201722469596,0.6317834041729501,0.5816432363523965,0.49289916943961587,0.5905713080305068,0.506070340162297,0.6604325671086634,0.6632956659758404,0.48166631043080865,0.8115990331259119,0.49792478802943063,0.6567245216518469,0.6076882789051828,0.38662424583780775,0.4976702910891743,0.3804542063589504,0.7022911713456256,0.6142692122456237,0.7076614670128293,0.7410472416010493,0.4600418335993336,0.330616900328947,0.5550184532925118,0.5861860810270074,0.7154333190018894,0.6997012158245421,0.6955827657057121,0.6557631358713002,0.5083283498038631,0.725812753759389,0.5997339588727398,0.0,0.6585678564404088,0.600123594758762,0.34492245662393595,0.4632430690520185,0.5506917239359533,0.5277631250656817,0.5955478387553641,0.5568258307429959,0.7173839429831825,0.7145890931926977,0.591058409482891,0.6514543957690908,0.27535356514659987,0.6929851522839519,0.6371113310535585,0.7050211118920425,0.6346703577048136,0.6697448023945802,0.5456138495903305,0.7536392025002193,0.6611241230281443,0.5829444853767901,0.7790731122482328,0.6687026961529874,0.7336871957743765,0.5911492052613925,0.6066723961535619,0.7225115339048696,0.7636699086868058,0.8353240690032115
0.580341602977682,0.8836065010706033,0.38116854816593926,0.44440715028386246,0.46787634095707065,0.8260070955789175,0.520028350182586,0.5619766109865713,0.4890263539823413,0.7558012104463955,0.32593314197103157,0.8380865786406191,0.4309360189048165,0.35376955870630333,0.6805781176474595,0.7865234306865796,0.8522087747511253,0.9184510622020485,0.41787542988669035,0.7642122928713801,0.7301649716797805,0.7881701241087653,0.26205588122243273,0.764582188871988,0.8901542384894621,0.8899446028936107,0.6360787146535064,0.535864701710274,0.790583183594955,0.22303608278818188,0.756358141206011,0.4750206539842048,0.7544577751704475,0.7017007277010062,0.26878174772020713,0.32063684341900944,0.5279166767359028,0.39089662060483177,0.4846864968300538,0.8276310342725665,0.6644838514330722,0.579777813849082,0.4197401753128361,0.7740411561387568,0.47664764545596827,0.6585678564404088,0.0,0.39702966046982946,0.4487117968354457,0.5627141048351522,0.7440205138518324,0.5804307335924185,0.7194251663871545,0.5315200824728268,0.5506646365800606,0.5226071507774483,0.5774779232665614,0.715933896968616,0.47488000480639775,0.7914139096615093,0.7786223298573569,0.6039240658214974,0.700105814566438,0.44807803001860036,0.7646436159210689,0.7306665933896233,0.7870984307826885,0.5076026671642087,0.8182678450140439,0.7654977953655997,0.7791994270097229,0.711771360880171,0.762485014067628,0.8575928004178418,0.5113380131838414,0.7942069894611311
0.7845558679399292,0.2750874171802763,0.8682643826022494,0.33827804712355225,0.5009818116288856,0.24701260150308713,0.6931377889592666,0.4109807812840199,0.776773139778661,0.4886346227760681,0.6878221075085666,0.3557229089422379,0.6232965349898292,0.8641216936956133,0.8311123616856684,0.4243514469166204,0.4271843230054799,0.23824319830918383,0.8761878610485102,0.6416174617514394,0.47075382283072614,0.737604542113764,0.921441455690517,0.580570962392516,0.14322564540351074,0.26901308694225756,0.717622105607407,0.4777455581437929,0.35841498197168786,0.7541506281444454,0.5522578856738208,0.7997387951120181,0.4913883806841061,0.3690373650799671,0.6521988596463857,0.5445994726983773,0.3568645564063724,0.6147469872168984,0.7976634226213762,0.44218789785494395,0.7058206651559209,0.5103055375130725,0.7226669506142125,0.6209195906040956,0.7195124363520061,0.600123594758762,0.39702966046982946,0.0,0.30673019148029895,0.7740378917355448,0.28547648549517485,0.8001378805096591,0.45332797923661267,0.9056477242675718,0.937365645965004,0.9776764633479497,0.7271122799439188,0.7043539704565714,0.3817603068324501,0.7434878473969168,0.5034171584532507,0.8745075945762601,0.6942070278604369,0.8354833274607087,0.5431732568680603,0.6253604415063585,0.7090400371412441,0.8203010405594632,0.47658080220786436,0.5421200174521553,0.5816868159501022,0.5486897728517763,0.5444216103527661,0.35457728126812094,0.7499261768179586,0.645190569972844
0.29261362921091727,0.5317169706716925,0.37503808477743955,0.8929840203871181,0.572939622409398,0.7194491595367221,0.5442676741750408,0.4904424525746245,0.46756607036899006,0.40307620986006626,0.5427147905855162,0.4377492667581661,0.6191107995394141,0.3445170514200652,0.40981673228087057,0.32720736291322194,0.48957109484782607,0.5447313956365396,0.3510790511548227,0.4351466276098157,0.44424466899740855,0.3987025775521159,0.40280533669267854,0.2558339177144622,0.6361382854362075,0.46276044288697205,0.46249367725265494,0.4168984409253841,0.6037557711089105,0.4158602062395786,0.35406908022912276,0.35656145622225605,0.5029894564626098,0.3337432262576178,0.4186964118525218,0.45071492365391624,0.318170022413821,0.3371762075491483,0.3200352103693618,0.4918270060002566,0.28217115796804226,0.40807006209113506,0.3097873176545532,0.27208269965304893,0.44723862910574835,0.34492245662393595,0.4487117968354457,0.30673019148029895,0.0,0.41470344336281467,0.5230493343417482,0.5011727783750298,0.398318821608884,0.4286384786820936,0.2386646375235979,0.2726673932905983,0.2968318493825963,0.4066168030603279,0.48715164038168174,0.4389927396619913,0.592409431499034,0.3129000730731388,0.4581243872661516,0.342975164405372,0.48998843712940515,0.4401122799088164,0.44294134696543236,0.42364600473413244,0.2863375548398821,0.4782451705187846,0.42183704515909837,0.4960235416205056,0.2992543959414594,0.4932058428428578,0.10617121706093074,0.3224985936307084
0.6694432651374742,0.44871812021856616,0.778027659269879,0.45238008044092753,0.8509564359612126,0.47886898816859874,0.6551061524755059,0.4484982500151077,0.8998959358724773,0.46004341571531476,0.5699273362001641,0.3369609562668856,0.8412028449551683,0.9586526689855923,0.8256118200834428,0.49540937505608196,0.4217329061296255,0.41670680704963015,0.7028465490729641,0.7042058027983451,0.40114769700116093,0.7766186184045345,0.8361156475353617,0.5332652908983322,0.2875907494888125,0.4512404170950751,0.8975886146721046,0.8593172601468939,0.683045592103762,0.6250159906668852,0.49281279598142624,0.5832790402322673,0.4031546316498895,0.3190495294704199,0.5101992507083178,0.39849634353989544,0.2588486003876213,0.5710074892863902,0.5979048971332024,0.40560855681426394,0.43154862877708183,0.45997609646267773,0.7548816850844053,0.7214145496569038,0.6846176146971479,0.4632430690520185,0.5627141048351522,0.7740378917355448,0.41470344336281467,0.0,0.452416056106849,0.9599676247440159,0.5514529101959843,0.8734780770124253,0.8818933779476166,0.7907835366635351,0.6311302510607,0.7693753872449083,0.5236727563675383,0.7905373203508193,0.7733615396954469,0.8145181416742597,0.8415445787011004,0.7151858526998253,0.6223798459954001,0.665577672893187,0.8314069378003333,0.7920908430798064,0.5081905714290604,0.6921837910963684,0.6654480684214522,0.7497622468538209,0.6169427451026193,0.5163793171453689,0.6275583588575847,0.6669596560372677
0.4546015494914335,0.8825047128002724,0.3603198005972057,0.5244985008116804,0.3809389606667917,0.8623091254822464,0.34150690864794764,0.40615361770558567,0.461310249569797,0.5575724162701402,0.20066770684848712,0.7949756220317284,0.3951863376749617,0.3607150662399947,0.6109989621187152,0.5508341009260371,0.6565611651809775,0.7314327702027461,0.25673526681855874,0.6747243790946681,0.6662445237277363,0.6124126351661879,0.21214595333030623,0.7261661073119505,0.7490896175691567,0.8197178380433998,0.4838005630182337,0.5221616883639167,0.6933650906442446,0.27832359248138416,0.5825942096085286,0.3025369130414611,0.7039083820987181,0.5838262930003951,0.3024236290045151,0.2797798299551535,0.44919201377839857,0.30775553866257077,0.3141848669004766,0.6671788458375604,0.3750782745060505,0.3773076430170743,0.20856277982679372,0.6050631354314762,0.21896285710365043,0.5506917239359533,0.7440205138518324,0.28547648549517485,0.5230493343417482,0.452416056106849,0.0,0.35723980194522076,0.6116713902139702,0.3834535099065386,0.5381172543084121,0.19562460669567844,0.6666111871239981,0.40035179162192314,0.37028223961956347,0.5778564569814331,0.6045883325977099,0.6629654648119773,0.6792017644867493,0.2858795227227355,0.7324221504925978,0.5043580572459206,0.6233106046894398,0.2702836485153615,0.6873008959839153,0.613409418930844,0.8007112628040383,0.5844611860566762,0.7087492457040562,0.7332029961126951,0.33430100495066994,0.643650168462629
0.6801510439680292,0.5173976273718834,0.7178459379194928,0.49209784121957234,0.794179598430148,0.5874015350846267,0.7976008048515755,0.38034007498565714,0.8656148657532527,0.6051697709120837,0.6240113597046436,0.38778071638658995,0.7589071556121402,0.9090458409757258,0.7706309071150474,0.6960377734049773,0.5998942357308638,0.5059245707047537,0.6439815052142992,0.6649106998229268,0.3978036090135222,0.7950855996562589,0.8204255213994615,0.7413417685121121,0.36213343505316786,0.6004167417491235,0.9268962167491517,0.7583325517676158,0.725744765392572,0.584204548979576,0.5020564221679584,0.605858219890095,0.5766439755763259,0.3833309102258585,0.47651339037514284,0.35004851011945803,0.24641283192679958,0.7302329781797802,0.6327620822424038,0.5318392643967922,0.5313483311045841,0.5587384523856767,0.7086758750609273,0.8275586383858242,0.8158459346647569,0.5277631250656817,0.5804307335924185,0.8001378805096591,0.5011727783750298,0.9599676247440159,0.35723980194522076,0.0,0.611830533105493,0.8497139952923197,0.8674587963073687,0.8190657051681416,0.6600806232949528,0.8427854473638022,0.49474521273144234,0.7727039648137146,0.80769944331302,0.7864307923752689,0.849511538750531,0.7214487593934141,0.5877276449104443,0.6772263931382841,0.8158385114539102,0.8164575278974331,0.5830339438788572,0.7997964655809072,0.6932230041482453,0.6798910362724229,0.6662030791275284,0.3794474994758855,0.708545898734132,0.671658194813679
0.5501976505898786,0.6057692558189063,0.5431730346705833,0.2541694501038769,0.2657243113626194,0.5543347593531674,0.48637471469294563,0.5421390219890997,0.45770154164134774,0.6115701564885295,0.275964597470307,0.8010317174072192,0.2041738420702558,0.436970877381537,0.6216675392926387,0.6003063372717954,0.6551393042324166,0.60262877089378,0.5818344783150418,0.7503954229538967,0.6248266218728401,0.7345304181100639,0.4224558794450855,0.6772938548705758,0.6037886878665525,0.6725305559148149,0.611287628367337,0.36590385502484235,0.6767146635189794,0.5030139198134845,0.6441588389216458,0.8091229094475186,0.5798109242275105,0.5751294383967532,0.5086500933788339,0.23322150450112356,0.4775820682931674,0.4892915813074804,0.7355298877376721,0.6293116667075952,0.6666153985455775,0.6412141966798177,0.6221571483118343,0.8099086647066259,0.6803085289185871,0.5955478387553641,0.7194251663871545,0.45332797923661267,0.398318821608884,0.5514529101959843,0.6116713902139702,0.611830533105493,0.0,0.4810838860512249,0.7719517832274456,0.4428477213413353,0.9210086060551577,0.6548730394680433,0.4926104453685598,0.752540708341332,0.6530046495695051,0.6216405514033545,0.6630811164530565,0.5508183966050758,0.6774068763260994,0.7574871005879532,0.6939280153457951,0.47066757778748836,0.6738752493018458,0.7756497979008167,0.7728477892102292,0.508296506693114,0.6837478182334611,0.564538663637228,0.7595290699024351,0.8001069756156276
0.7404513530990622,0.4127644849017851,0.7671384015965421,0.30803083862639746,0.6680312243264387,0.4470367595067738,0.6719898715655721,0.3514446317534618,0.8736292282487007,0.5428919378113195,0.6742594164245068,0.2821383801198376,0.6735110664918598,0.9001998954261039,0.8489692000018463,0.4881828331565083,0.4246245454005616,0.3466066534444438,0.6968311869858219,0.6790631171874578,0.5137224313331279,0.767336471790616,0.8885161579363312,0.6319388910185619,0.1976940373837156,0.5390826259011242,0.8712388941153296,0.7145217866013012,0.5645378323201095,0.5672615474354484,0.5029837586656719,0.5913345682830641,0.4775729723339438,0.39703036505586864,0.5488865568342588,0.4890626423585929,0.31395023686898366,0.6401337430710468,0.7082997367975439,0.4481577102145233,0.5477482426295747,0.4394574641757414,0.7076432963808139,0.6124208405825957,0.7494546226871792,0.5568258307429959,0.5315200824728268,0.9056477242675718,0.4286384786820936,0.8734780770124253,0.3834535099065386,0.8497139952923197,0.4810838860512249,0.0,0.9193612420245223,0.9177778046411076,0.6469714071560986,0.8244440388193316,0.2900934438168138,0.7759206305508489,0.5691203633036136,0.9249617796715707,0.7555218436084528,0.6738979621926493,0.5869888669832709,0.6213512484858544,0.8102500164700813,0.6913565131336311,0.5202145794966089,0.6929011543602099,0.7312062860537358,0.6681448170748017,0.6479305552396133,0.5202058434125737,0.8556930603179218,0.7322812067069019
0.8404456660093396,0.45838841459235546,0.7943880846024586,0.1822426282484219,0.608483271692413,0.4800173898457723,0.7216157753060951,0.5465542890384436,0.9077152091084539,0.6858168172551725,0.6749624379542296,0.465165736131699,0.5695696317538387,0.8428353922169616,0.7811394182640556,0.8053065271975323,0.7034565827204572,0.5305688411760499,0.8098318428197075,0.6836982569869634,0.5319634415188301,0.8356870782815911,0.9107969543441825,0.8297921385601859,0.4148900213614022,0.6586112830889668,0.903037640538388,0.4771120161248251,0.6358586911941307,0.5681622812356064,0.6223793794727314,0.7790287252035151,0.6881420525927785,0.5041943468149611,0.4501138736701221,0.27881530707698404,0.29872973946023007,0.8009602828098592,0.8279369096243052,0.7217448207235111,0.8167601765082697,0.6557172580731396,0.767540937066055,0.8897079340594696,0.8125008990999796,0.7173839429831825,0.5506646365800606,0.937365645965004,0.2386646375235979,0.8818933779476166,0.5381172543084121,0.8674587963073687,0.7719517832274456,0.9193612420245223,0.0,0.950502382280888,0.6454124584553852,0.9653953586397332,0.3947710327993388,0.7989537041471725,0.7815522350367392,0.8579841586637682,0.8623635674275637,0.956267521706772,0.6221188816588347,0.7602191461242651,0.837160845575368,0.8251259473443506,0.7263236361316812,0.8681937430810976,0.7914025950558777,0.6051283655574344,0.7333205214613961,0.5814014521597344,0.8273243998721582,0.7728502257082235
0.8190633565720778,0.3660745808578775,0.8874557435016626,0.3229072007141994,0.456620844040949,0.35160479515607723,0.6545136963354414,0.41984375553964304,0.7524171958433856,0.6384297011616449,0.392632815891003,0.3654799503461705,0.5917026241837994,0.8857302915053882,0.9026510148729394,0.5497031659625866,0.44200975571775647,0.35969018898013816,0.8637190494896871,0.6278616316877433,0.5410152366735026,0.7508819274379073,0.9010583342157978,0.7314179268409965,0.11205504030472113,0.4419335769482775,0.8741526536844915,0.5643447606429931,0.5518199209695471,0.6328084232025103,0.5070258233984266,0.7475188208963754,0.5735650273044814,0.3580674758325897,0.5687078121149437,0.35678681573369947,0.39786490156578647,0.6632325857840199,0.8512724157226155,0.5885604319333315,0.5549120460382615,0.5634360020974557,0.6518521068583293,0.6461686132090854,0.8547662794610978,0.7145890931926977,0.5226071507774483,0.9776764633479497,0.2726673932905983,0.7907835366635351,0.19562460669567844,0.8190657051681416,0.4428477213413353,0.9177778046411076,0.950502382280888,0.0,0.7169731688512795,0.7885992412409909,0.22514496605246012,0.8622912340205925,0.5677142237056605,0.8240883198861337,0.751681217199738,0.8731120162013503,0.5524817060448809,0.6505487647019609,0.8067197973012248,0.8024528988645192,0.6044582150956394,0.731580386143678,0.767076917669164,0.6180499217296889,0.6201958021671973,0.5400312658283001,0.792141503558261,0.7656585230885774
0.6077459496749538,0.5834054545596441,0.6059999916612961,0.40938941261924733,0.5160922746210849,0.6187837764155136,0.7341307295769005,0.6395254040564705,0.7183215539492324,0.43948138438484136,0.4802243202027178,0.5273837351062844,0.5113656317289508,0.5413577370339226,0.7669189128617595,0.7505659732818467,0.751744666868261,0.5959361984426518,0.6076666239616906,0.7847495430313265,0.7503930966965819,0.7932545045121331,0.6720523980076605,0.7038835212431662,0.5653023756836768,0.6611795517366564,0.6808328975970914,0.5209505754738555,0.5731975713002224,0.5096179415056686,0.6273309219561443,0.802624800464258,0.5910356686930823,0.8620073581247487,0.4928139823107909,0.318897908247539,0.27355327443768007,0.9046803494646838,0.8048664263316982,0.5606767952900235,0.7974068218662668,0.6579425352253572,0.6826853291672156,0.7322404456051645,0.8154944800059468,0.591058409482891,0.5774779232665614,0.7271122799439188,0.2968318493825963,0.6311302510607,0.6666111871239981,0.6600806232949528,0.9210086060551577,0.6469714071560986,0.6454124584553852,0.7169731688512795,0.0,0.8341464763295724,0.4266955451768938,0.8746027999760739,0.5338557501066227,0.6370223503708368,0.5964168176254856,0.6400094254789712,0.7182688255382808,0.8555820538694074,0.7334110243377425,0.7748129798705193,0.7020017579370853,0.6413785724553939,0.6638715220188491,0.6384995559833074,0.892728298337413,0.6218426691222315,0.8409257160935422,0.73013790863269
0.6455881214662018,0.584975722083856,0.631271433046088,0.2916720956030304,0.49430483600399266,0.4220609136298727,0.710570731923187,0.24055719832231542,0.8700462485831447,0.7735365619132518,0.46711239410862,0.5468561304632541,0.5373574007173637,0.687302471813473,0.8510901314824708,0.760980844699675,0.7707613361189799,0.5998641215531312,0.5747374281586967,0.760798421561331,0.45705777594474417,0.885742412995407,0.6834532377105755,0.8869502080537628,0.30357475557476166,0.6963283662121034,0.8399768100575746,0.6614358323105859,0.6468295342599847,0.35303108033891323,0.623964326362754,0.6004234032241405,0.6784999064207149,0.6862552446539902,0.3992309721917856,0.21073651352421108,0.1579793752424059,0.8224945182985925,0.7526874850268729,0.6595146280874511,0.808014812797428,0.6659980328275419,0.5469510194305481,0.8088454473010672,0.828667708792195,0.6514543957690908,0.715933896968616,0.7043539704565714,0.4066168030603279,0.7693753872449083,0.40035179162192314,0.8427854473638022,0.6548730394680433,0.8244440388193316,0.9653953586397332,0.7885992412409909,0.8341464763295724,0.0,0.12218002014195939,0.8133384350043082,0.7123649621342556,0.8829508713971245,0.8397998452350413,0.6339133102609739,0.7132008576864571,0.7359757787484807,0.8887922833466136,0.6565617992175894,0.6858796670235963,0.843888930767004,0.858287754851305,0.6298169620023465,0.8270101263269156,0.5650946541801275,0.7287800071012477,0.844806141114091
0.3525828380776371,0.3706288011942413,0.40773679366736626,0.4509116691796191,0.5602783358250172,0.492296309670079,0.3439231864989004,0.5452948445722403,0.2539826115584514,0.3273499271184323,0.13131144412967932,0.42303953283459295,0.2581193462835152,0.45569608082018054,0.4487496299485093,0.4643099038766785,0.32987803315145797,0.5366774441237787,0.44005787817172315,0.5100772503521628,0.49834643845240834,0.4269632565856728,0.43523669488600525,0.24093137690059355,0.5741756037156828,0.36920760481264225,0.42989163253858376,0.6645578051913273,0.5908492714479059,0.6074961225333205,0.5577721353708694,0.49321104208965005,0.40731320233048135,0.3306087561495889,0.5371112430119925,0.5775587606094181,0.6656271555194971,0.29690845967285806,0.4252422896375594,0.41172026022138103,0.25473962144828033,0.5209771145506247,0.4903764567647726,0.5081531988368173,0.28900858393188333,0.27535356514659987,0.47488000480639775,0.3817603068324501,0.48715164038168174,0.5236727563675383,0.37028223961956347,0.49474521273144234,0.4926104453685598,0.2900934438168138,0.3947710327993388,0.22514496605246012,0.4266955451768938,0.12218002014195939,0.0,0.5195513235580596,0.48550191353327965,0.19823447057174642,0.39689075732390633,0.34464878017986833,0.4069789977065446,0.5239468158583094,0.39119619952340845,0.492631143918808,0.2837733204112439,0.46241585232420257,0.3143843308313182,0.4619923335084334,0.29498645047859684,0.3753657599414784,0.3371965373649808,0.39061557608470476
0.7233521663953685,0.564615175475723,0.7544548646292655,0.37653932305789267,0.5866608450428596,0.5446989869470434,0.6218525965186569,0.5444075553660429,0.741830561845831,0.6752963066271277,0.5907202541510586,0.6571175719798144,0.47507786259442086,0.7264797814048891,0.8741662564602317,0.6553889055561598,0.6659182380803786,0.6421425595914972,0.723793961114883,0.8864716381610529,0.5329288557782145,0.9309230035023406,0.7743340473947172,0.8495099233172607,0.5055038745935662,0.7727921878812201,0.8078531419075465,0.6278542115495107,0.7562627356502744,0.45409003817988425,0.745803237619401,0.6398161734327078,0.6450873099385541,0.6069337899870895,0.41160105553830223,0.3475867632661831,0.43031256066011025,0.6848531240676128,0.6105444723193321,0.6114401751027414,0.5493648859201388,0.6772297319626487,0.6708386168445125,0.721118192256749,0.738870611912491,0.6929851522839519,0.7914139096615093,0.7434878473969168,0.4389927396619913,0.7905373203508193,0.5778564569814331,0.7727039648137146,0.752540708341332,0.7759206305508489,0.7989537041471725,0.8622912340205925,0.8746027999760739,0.8133384350043082,0.5195513235580596,0.0,0.7207042840229321,0.8006083874508884,0.699250397445794,0.7415082821634403,0.6924097008402494,0.7811166602196808,0.8890777129041455,0.7127021863980767,0.7660474767407996,0.8191283365108128,0.8630189504105421,0.6476643462595479,0.772746119729022,0.5737071178255275,0.8185610404163502,0.8836188902103326
0.6042512949524605,0.7302656910625427,0.43451565222699295,0.5009691330905776,0.5996908354570178,0.7391854749510378,0.5552366489045057,0.4623828778658624,0.6734326540429013,0.8181634154453087,0.48668978814594616,0.7097960133283684,0.5144598240729387,0.6608556992612216,0.6115503289522843,0.7130853390976826,0.8623363336946529,0.8677192416930782,0.5531266892259028,0.7458142496868241,0.5390543087466282,0.7454293193216353,0.5712933056372095,0.7915745717853148,0.7299171464266992,0.8170421872677622,0.7589804722188233,0.5913018490658354,0.8276650967865556,0.4100523427920172,0.7280485010258174,0.4153329786357943,0.8168288708150202,0.5481619235004531,0.20370536066815587,0.21159829638391536,0.477876695761862,0.47692537601316076,0.4064161972351913,0.7958463843956614,0.4356790571869141,0.5047902339139465,0.35963267397303134,0.9477067585448746,0.3181873960949577,0.6371113310535585,0.7786223298573569,0.5034171584532507,0.592409431499034,0.7733615396954469,0.6045883325977099,0.80769944331302,0.6530046495695051,0.5691203633036136,0.7815522350367392,0.5677142237056605,0.5338557501066227,0.7123649621342556,0.48550191353327965,0.7207042840229321,0.0,0.6668221742425554,0.7748266190839301,0.6974693565765447,0.7476236913330535,0.752507011647272,0.7733338690425232,0.44785426847845444,0.7702028512958905,0.7662237409605646,0.7305220987749255,0.7081284782602253,0.6595143424394481,0.7947382960739066,0.4187288727296772,0.5425516641639245
0.7205639969725571,0.5531077379579489,0.7773245435079402,0.28573316374341384,0.6511807121758052,0.5381312368549124,0.5881687931528707,0.4511776391876695,0.9149594933897697,0.5926328249854873,0.7274134859640835,0.4815534165772707,0.7604579460740132,0.8288111638532567,0.8771190506596738,0.683321213653688,0.5531021783732664,0.3926935992811725,0.8029913686434289,0.7815364753148479,0.5222634902625874,0.8577749518888388,0.8705374690694323,0.784953628884605,0.39312194304791354,0.6344361009677252,0.9098244487110018,0.66365730790423,0.6115859744958309,0.5726017358892168,0.6057275362715013,0.5471612423692698,0.7107562106781853,0.46205621898184895,0.4191469449729604,0.32855622420327846,0.331452143258198,0.6012240563708768,0.653950952452518,0.6149233591914427,0.5972881366848554,0.5831453770931783,0.596175883591561,0.7249240612325971,0.6508012359398749,0.7050211118920425,0.6039240658214974,0.8745075945762601,0.3129000730731388,0.8145181416742597,0.6629654648119773,0.7864307923752689,0.6216405514033545,0.9249617796715707,0.8579841586637682,0.8240883198861337,0.6370223503708368,0.8829508713971245,0.19823447057174642,0.8006083874508884,0.6668221742425554,0.0,0.8301279491316921,0.8573699982752825,0.7602085643172602,0.6545191672549248,0.887449316760962,0.6886861353458884,0.679317689140476,0.8235715667050578,0.865485360524102,0.6986984324827461,0.7019419373658047,0.6719918712738441,0.7749133821605837,0.762581608406167
0.5746374825632556,0.6855662450890467,0.5975103195171555,0.3247929128158457,0.5405736249039685,0.7187761225599321,0.5207076155432214,0.48150170058400926,0.788713412623439,0.7151834107750032,0.6141760321760209,0.6508861853243838,0.6326045019335437,0.871186434055964,0.6741545003509266,0.7082014150508708,0.7225800052764677,0.725255392133489,0.7366875749666486,0.7347422254023062,0.5570548059437458,0.7631474620000754,0.6616666308508325,0.8116260130716256,0.5588145991437723,0.8250503964037077,0.7421446112285537,0.6554059470760948,0.7897183256977963,0.41154556021928346,0.6491931982947745,0.3463986406586883,0.7190424186401378,0.4885661690398166,0.1904620464492892,0.11491533502014978,0.29402296911776854,0.4788039223275167,0.49472968838258935,0.7430473247319767,0.6358331491800748,0.4843794409779411,0.4723936201369511,0.8056216026537,0.48539057564514,0.6346703577048136,0.700105814566438,0.6942070278604369,0.4581243872661516,0.8415445787011004,0.6792017644867493,0.849511538750531,0.6630811164530565,0.7555218436084528,0.8623635674275637,0.751681217199738,0.5964168176254856,0.8397998452350413,0.39689075732390633,0.699250397445794,0.7748266190839301,0.8301279491316921,0.0,0.8159311408473148,0.7829121119115579,0.6532126485650565,0.8698306473019985,0.51875022772918,0.6849653879672557,0.7660625657061808,0.8517908723079233,0.6601605806293092,0.6971286518451888,0.7100063881133354,0.6089306794744282,0.6887293862383534
0.7740688153195279,0.44399660341347996,0.6714994860017541,0.2512851453928411,0.42218572246676334,0.34005090727433,0.6365287863719841,0.4593378441206843,0.6988997306040813,0.7672837536148401,0.6094585157337112,0.5488205451514087,0.4628147932096462,0.8135043807339084,0.7199245553550033,0.5176119743652235,0.5737557289626178,0.3960353538737784,0.7820741160156994,0.629851281664576,0.47504703885891963,0.7396425377713339,0.7813944687243426,0.7065048053261724,0.2894759414484893,0.5350125366475609,0.7429707164237715,0.3978509104410871,0.5852176458007583,0.6786104129170588,0.5922364138054744,0.7663058099782846,0.6126588381139346,0.39432664368977965,0.5012031572233296,0.36193936415021866,0.42013443569624054,0.6011045307355037,0.7099126048678943,0.5724476122245221,0.7097155611048979,0.6171637889747016,0.6561263525110856,0.783311823041315,0.7770089241321638,0.6697448023945802,0.44807803001860036,0.8354833274607087,0.342975164405372,0.7151858526998253,0.2858795227227355,0.7214487593934141,0.5508183966050758,0.6738979621926493,0.956267521706772,0.8731120162013503,0.6400094254789712,0.6339133102609739,0.34464878017986833,0.7415082821634403,0.6974693565765447,0.8573699982752825,0.8159311408473148,0.0,0.5214843148717306,0.6046629334719918,0.6872064666000595,0.651477356771468,0.6466477131099702,0.7472039529440944,0.664879296553164,0.5006564879076421,0.5074327402269305,0.4532141534323959,0.7487748209170015,0.75933163996689
0.45601968029587747,0.6944700415346458,0.5600297523735895,0.6186179996903084,0.5014405430542082,0.6817325186418821,0.4927402292182942,0.37339955126236,0.5875344244595588,0.595450936225405,0.36750271788229205,0.6919982195954455,0.5811785705504321,0.6281440726409099,0.8152571344981061,0.622540731215195,0.6686083546243058,0.7806344611665944,0.4464321800809677,0.8906978317514467,0.6140246591459345,0.8494352946278491,0.5521705256254292,0.7882243436063985,0.5015761245124194,0.74686025795078,0.6880325431846213,0.778672099883349,0.7380915673717109,0.36973169850884846,0.6668095475312942,0.31489806477940496,0.6502376244565858,0.5916785262443409,0.246939641498162,0.231239226673359,0.3674044256633696,0.4050732273073637,0.36373965512350936,0.587228710164809,0.447048655848973,0.4852377399198974,0.4041327059722015,0.6138476014974836,0.3854243662604126,0.5456138495903305,0.7646436159210689,0.5431732568680603,0.48998843712940515,0.6223798459954001,0.7324221504925978,0.5877276449104443,0.6774068763260994,0.5869888669832709,0.6221188816588347,0.5524817060448809,0.7182688255382808,0.7132008576864571,0.4069789977065446,0.6924097008402494,0.7476236913330535,0.7602085643172602,0.7829121119115579,0.5214843148717306,0.0,0.694110461311221,0.864301924333875,0.4601475242936002,0.7800100041381761,0.63284387161184,0.8064446346371279,0.5223671751411219,0.8697358148131542,0.8321161077547302,0.6445620458017852,0.7696463241738557
0.7308046484441532,0.5562901967912859,0.5980094546604174,0.3323498680084441,0.42090140115234503,0.4813793967099409,0.5380148943368742,0.6121803346050457,0.6357183872485468,0.6388063984868412,0.46764954004149983,0.7173170392008101,0.28576922351512934,0.4995849143143918,0.6541737900692184,0.6148525756136182,0.6240635768926391,0.6299022352886686,0.6068925249618955,0.7968280997827739,0.5139354490206482,0.7981422281104756,0.5563193403042208,0.837246787309383,0.5903109712064614,0.7248692425160385,0.702349097662415,0.4287451527973199,0.7233212242388218,0.4216923285221827,0.7899882960821192,0.639272942060856,0.6799279928685364,0.6915629077925647,0.5555242095030734,0.2366407972351523,0.4878842691654787,0.7113155224216852,0.5541902096092315,0.7160996207868225,0.6340288579463662,0.6268678658397602,0.5228578750225537,0.778463399521029,0.7742455831655599,0.7536392025002193,0.7306665933896233,0.6253604415063585,0.4401122799088164,0.665577672893187,0.5043580572459206,0.6772263931382841,0.7574871005879532,0.6213512484858544,0.7602191461242651,0.6505487647019609,0.8555820538694074,0.7359757787484807,0.5239468158583094,0.7811166602196808,0.752507011647272,0.6545191672549248,0.6532126485650565,0.6046629334719918,0.694110461311221,0.0,0.754097846489927,0.6671875075302898,0.7612579226784107,0.7215136107940089,0.7449829932998222,0.6177921272076572,0.6813975579939733,0.5940550274610534,0.6619094173881626,0.8163899313487119
0.5842536159028164,0.6289430292487415,0.5905430233371461,0.4771097360119393,0.6204081698191559,0.5847323613891479,0.6184622923403778,0.3477442330383448,0.7769211456931002,0.7056726258147016,0.50196652443151,0.6213339591695218,0.6806228244019847,0.7777127899104312,0.8490377805189271,0.7306350555933993,0.7409304864803128,0.7375160784419776,0.6207303094527793,0.8727300560552794,0.5436732794718351,0.9359349580494055,0.665344067996797,0.8984462994444826,0.32126172639413453,0.7784752382083981,0.8238217754433059,0.7666884409508344,0.7364755471497598,0.44584861942723497,0.7433819935414752,0.4531561403566362,0.7490466468652813,0.6257696573291827,0.2986171021706796,0.24765390813267757,0.24279004462358675,0.5689677969293588,0.49428640260942586,0.6463265674050096,0.5958241003154087,0.5721996626451424,0.48070232294527115,0.804719681977399,0.5609350720807307,0.6611241230281443,0.7870984307826885,0.7090400371412441,0.44294134696543236,0.8314069378003333,0.6233106046894398,0.8158385114539102,0.6939280153457951,0.8102500164700813,0.837160845575368,0.8067197973012248,0.7334110243377425,0.8887922833466136,0.39119619952340845,0.8890777129041455,0.7733338690425232,0.887449316760962,0.8698306473019985,0.6872064666000595,0.864301924333875,0.754097846489927,0.0,0.5701640649666144,0.8537917309281957,0.7906200313614957,0.924487472326174,0.6923203429003233,0.8579681373080011,0.7645639933009984,0.695596526402989,0.8416810271230183
0.7025557572830752,0.24601759026975056,0.8683358807831254,0.3499161029227661,0.5384120150595634,0.3448820890996496,0.662796839537025,0.5672077265849622,0.7605999231073953,0.4784777772153163,0.5855165448984425,0.3943284346974865,0.38896091259958304,0.6143298417168614,0.794483973897367,0.38281230191413657,0.4626599414745149,0.3390449440483032,0.7002536606351812,0.7401637038297395,0.49780175399451015,0.7336811219284036,0.8878799706742652,0.5152511775563898,0.13700450136607517,0.33591466661363734,0.7929108564835949,0.534379660595817,0.662734638721324,0.776132740956936,0.6150706097021226,0.8342532478383424,0.40203828548107134,0.4253479065517879,0.6939002119925894,0.41805636468515084,0.30533925352041935,0.7233667315119273,0.7000232294158992,0.4034211029864718,0.4746709139576095,0.5153434697108339,0.6480514147248053,0.617557703764827,0.7421046982912813,0.5829444853767901,0.5076026671642087,0.8203010405594632,0.42364600473413244,0.7920908430798064,0.2702836485153615,0.8164575278974331,0.47066757778748836,0.6913565131336311,0.8251259473443506,0.8024528988645192,0.7748129798705193,0.6565617992175894,0.492631143918808,0.7127021863980767,0.44785426847845444,0.6886861353458884,0.51875022772918,0.651477356771468,0.4601475242936002,0.6671875075302898,0.5701640649666144,0.0,0.3932192833171694,0.6235585302283643,0.6236122997268219,0.4552511803844975,0.5277415809608006,0.2937391389979629,0.7273821566276379,0.6011934079517304
0.6037148353683176,0.6880731839422728,0.3922753884135864,0.36270847049569044,0.4528918214069508,0.5840214805303459,0.43863836398115175,0.337327682625037,0.474765592644775,0.7675732450831583,0.23596459061545516,0.7651463898144104,0.4318364386732566,0.5514203324175332,0.6827092552306852,0.7568106352756335,0.7761589396291699,0.7521778932263659,0.5320658716309843,0.689991612041024,0.6620248932542494,0.7990527489486685,0.390867988815771,0.8198301998524301,0.6120740998553937,0.7991328851573777,0.6513675932825254,0.5789877218442473,0.6156155825225935,0.26320529409418114,0.7622565032401093,0.5672546347037214,0.8600720146798113,0.8572060542091402,0.2585372466620428,0.15981240620668175,0.5236165007969359,0.5999336331127388,0.6452393612431798,0.8452256283666925,0.7172354810272727,0.5434701176069905,0.41762521904889904,0.858225241763568,0.4845600502602448,0.7790731122482328,0.8182678450140439,0.47658080220786436,0.2863375548398821,0.5081905714290604,0.6873008959839153,0.5830339438788572,0.6738752493018458,0.5202145794966089,0.7263236361316812,0.6044582150956394,0.7020017579370853,0.6858796670235963,0.2837733204112439,0.7660474767407996,0.7702028512958905,0.679317689140476,0.6849653879672557,0.6466477131099702,0.7800100041381761,0.7612579226784107,0.8537917309281957,0.3932192833171694,0.0,0.7087489386812712,0.8284142255158687,0.6385493776426221,0.7692465485889375,0.8962600659108981,0.710836784638952,0.8481040079117329
0.719531204276344,0.7545490421884054,0.5392938827754267,0.3835315879667679,0.5306357731433009,0.6616147106100826,0.6475423069735388,0.6095691823127897,0.6862482618690482,0.8415262204089459,0.45704810353453945,0.7060910780383785,0.5256413288912125,0.6883995814502188,0.7123461817173631,0.8239359445059703,0.8299303259091654,0.7693961138311608,0.627091016045871,0.6632622811071358,0.5222657999573564,0.8197938621285075,0.6217070440692342,0.802056509078608,0.663435553674984,0.8628625381261918,0.6893025135998035,0.5300718537073523,0.786049527693894,0.4438480692822817,0.7423868306481116,0.6363053905330883,0.8187582777831144,0.6555289390023371,0.31452784685767343,0.17918106195984324,0.42726176104744357,0.5787294383098567,0.6186092800765771,0.8452495785880237,0.7722850473755941,0.6630994385315967,0.5963866519404954,0.9443502077828099,0.646769424050765,0.6687026961529874,0.7654977953655997,0.5421200174521553,0.4782451705187846,0.6921837910963684,0.613409418930844,0.7997964655809072,0.7756497979008167,0.6929011543602099,0.8681937430810976,0.731580386143678,0.6413785724553939,0.843888930767004,0.46241585232420257,0.8191283365108128,0.7662237409605646,0.8235715667050578,0.7660625657061808,0.7472039529440944,0.63284387161184,0.7215136107940089,0.7906200313614957,0.6235585302283643,0.7087489386812712,0.0,0.8235169771044818,0.6482036462041443,0.6413318478509248,0.6732299902332539,0.6026083239875585,0.6920498778235098
0.6718297329592342,0.8038549132395824,0.554626457769412,0.33307600188078645,0.4825667359361552,0.677881036350933,0.4894765689441076,0.540812415537606,0.7261317520171959,0.7062352044230721,0.4307805812459118,0.70916720128219,0.5748834729873674,0.6409208836141735,0.8435910041391435,0.7484403128511092,0.7699221641176652,0.7389346847578526,0.5968704247797922,0.7749418264624113,0.6488822003770787,0.9181432144770878,0.6445802481128262,0.8385225018570496,0.6733390199305638,0.8952113502514877,0.7595411479817837,0.5890032898765304,0.7306460536462269,0.33977712462393106,0.7607816662401774,0.5247150771050609,0.834940503049185,0.6493080783156893,0.2556504811814337,0.19295631064417867,0.36412228214450093,0.45214740013986465,0.5616237429859451,0.7848733409289371,0.6769041065897531,0.5528681440936872,0.5313778248637672,0.8088552917131124,0.5384539414591138,0.7336871957743765,0.7791994270097229,0.5816868159501022,0.42183704515909837,0.6654480684214522,0.8007112628040383,0.6932230041482453,0.7728477892102292,0.7312062860537358,0.7914025950558777,0.767076917669164,0.6638715220188491,0.858287754851305,0.3143843308313182,0.8630189504105421,0.7305220987749255,0.865485360524102,0.8517908723079233,0.664879296553164,0.8064446346371279,0.7449829932998222,0.924487472326174,0.6236122997268219,0.8284142255158687,0.8235169771044818,0.0,0.7420175073846963,0.7786770760719078,0.8346712325217424,0.6886638797515203,0.8138693796869281
0.5455511349643938,0.47145769435441054,0.5560566705059293,0.5839207902363558,0.6599411368008957,0.5831282971290792,0.49565301105402765,0.32706428515618813,0.6759870159194766,0.469689492129582,0.46830102995809597,0.5242254432531205,0.6230259965973716,0.7504905960943747,0.7800772628675012,0.4976624669401738,0.5066932989441421,0.6597639641739054,0.44276364917479116,0.7267164226307745,0.5342274172603623,0.7016439911971158,0.6339737594466375,0.6972805786753905,0.49978042145821944,0.6567874952487677,0.861655640673462,0.7512282296629259,0.7901748994603102,0.3900100391300584,0.5734922560697099,0.3935695748481345,0.536346009200936,0.48946490891706645,0.3634930871047173,0.4100703409618596,0.29623977972753457,0.4632261483679945,0.41689709797161306,0.5766291334643987,0.4131972363723982,0.3739311639593721,0.3668663461847223,0.5681882932038939,0.4893311109744478,0.5911492052613925,0.711771360880171,0.5486897728517763,0.4960235416205056,0.7497622468538209,0.5844611860566762,0.6798910362724229,0.508296506693114,0.6681448170748017,0.6051283655574344,0.6180499217296889,0.6384995559833074,0.6298169620023465,0.4619923335084334,0.6476643462595479,0.7081284782602253,0.6986984324827461,0.6601605806293092,0.5006564879076421,0.5223671751411219,0.6177921272076572,0.6923203429003233,0.4552511803844975,0.6385493776426221,0.6482036462041443,0.7420175073846963,0.0,0.6750110318619097,0.7827023385470495,0.5467409800430638,0.5860134497315403
0.49900611974982967,0.7180972847086757,0.5174842246040297,0.4674308694314181,0.4755278398934093,0.6047576071896568,0.6310637971189531,0.39649022502256,0.6796706906435129,0.7499723206253922,0.32924675739747494,0.8001402943904075,0.6645891870199045,0.5898075161328717,0.7389378918953964,0.7756433425727113,0.7664198778140331,0.6837504865430768,0.45735314209090205,0.7588734209726112,0.5746372248665628,0.7904823846694936,0.4844888226268258,0.8825094845199162,0.3776278733787959,0.7521104526669016,0.6582974420916956,0.7280428200952325,0.5361030654750143,0.13700198726209512,0.6609596666031687,0.43585882564237927,0.744591651881872,0.8103099915218107,0.2218709282452069,0.15503378374602045,0.4815553186799218,0.7717498908865315,0.5655068727941852,0.6137302693397342,0.7778303796435306,0.6839436819022121,0.3948946739491903,0.8326170933991824,0.6468957229469134,0.6066723961535619,0.762485014067628,0.5444216103527661,0.2992543959414594,0.6169427451026193,0.7087492457040562,0.6662030791275284,0.6837478182334611,0.6479305552396133,0.7333205214613961,0.6201958021671973,0.892728298337413,0.8270101263269156,0.29498645047859684,0.772746119729022,0.6595143424394481,0.7019419373658047,0.6971286518451888,0.5074327402269305,0.8697358148131542,0.6813975579939733,0.8579681373080011,0.5277415809608006,0.7692465485889375,0.6413318478509248,0.7786770760719078,0.6750110318619097,0.0,0.7390091499382239,0.7193834171091759,0.8429601650615877
0.5841901402197197,0.773543660111094,0.3618457857514411,0.6164776284999062,0.4932421362733991,0.656212623094491,0.35333014549607283,0.36063516014677577,0.499184554351579,0.6105638363778396,0.2672312179071244,0.7164984622876756,0.5038681678539073,0.5601160211856716,0.6965434680927274,0.6453918698722605,0.6340961766490543,0.8376551939155378,0.35658026765040907,0.7527920620803698,0.6519389249627836,0.7116888927839874,0.3745153043672769,0.8354308218999199,0.740725411647902,0.839749517491441,0.6836929396205244,0.6541260651193357,0.7851278008182482,0.17713143041963353,0.723356944671081,0.3225998695686667,0.7474739712998191,0.6713867478378639,0.23538121468890572,0.22061393106165403,0.4927206982475062,0.42744258587763856,0.3611318678175952,0.7121815421515815,0.49996637499258295,0.5492382973841371,0.2015473954488117,0.6568151038963723,0.3611073994252318,0.7225115339048696,0.8575928004178418,0.35457728126812094,0.4932058428428578,0.5163793171453689,0.7332029961126951,0.3794474994758855,0.564538663637228,0.5202058434125737,0.5814014521597344,0.5400312658283001,0.6218426691222315,0.5650946541801275,0.3753657599414784,0.5737071178255275,0.7947382960739066,0.6719918712738441,0.7100063881133354,0.4532141534323959,0.8321161077547302,0.5940550274610534,0.7645639933009984,0.2937391389979629,0.8962600659108981,0.6732299902332539,0.8346712325217424,0.7827023385470495,0.7390091499382239,0.0,0.5067787069489678,0.7402966664869274
0.8167683983883136,0.4674112442387407,0.7904589705640291,0.33564139129126863,0.6304596421618306,0.22001781320034114,0.6953360016659967,0.5561107713538237,0.6726258764047957,0.667598987827724,0.5358394468061556,0.5811324382459827,0.6350714922059669,0.7496182544148771,0.8575257120859194,0.7703839143154145,0.473326200185882,0.32587632762339025,0.7239695741481876,0.7657469087531518,0.6787686261132032,0.7762201870422787,0.6865262540053315,0.7765441003982603,0.2960439923250492,0.5083788705014181,0.6682678533103297,0.7290506535764684,0.4501848528183754,0.6536626426272975,0.7417318090262939,0.6855102581858943,0.6266404262238169,0.8203216801733788,0.5583765378623143,0.6228983061773318,0.6641320044351172,0.8601637149109962,0.747614208733686,0.4652113427419616,0.7690660361766598,0.671574215264815,0.7007328440319169,0.7059959342090518,0.81475026211226,0.7636699086868058,0.5113380131838414,0.7499261768179586,0.10617121706093074,0.6275583588575847,0.33430100495066994,0.708545898734132,0.7595290699024351,0.8556930603179218,0.8273243998721582,0.792141503558261,0.8409257160935422,0.7287800071012477,0.3371965373649808,0.8185610404163502,0.4187288727296772,0.7749133821605837,0.6089306794744282,0.7487748209170015,0.6445620458017852,0.6619094173881626,0.695596526402989,0.7273821566276379,0.710836784638952,0.6026083239875585,0.6886638797515203,0.5467409800430638,0.7193834171091759,0.5067787069489678,0.0,0.7576279858617978
0.7149318883219133,0.6829167579435487,0.5710823369687134,0.4173091345485479,0.53588039649058,0.44144268858118924,0.5450175849001061,0.44251213212555307,0.7039581670939173,0.7120407487286158,0.44954701977457195,0.6834417407040136,0.5681570855135241,0.7353069817083671,0.7672223596123033,0.8094426878127317,0.7419570821990414,0.685854011313062,0.6705531312645494,0.772936677403121,0.7213732586539862,0.8290348165922925,0.5751668465756796,0.8918149071192902,0.47937969412916104,0.7803231821843618,0.6739219263149627,0.6643031542956188,0.4740404427241843,0.3872445090136043,0.8343917374291743,0.4408145701231008,0.7395668427374229,0.8378401072290728,0.31983673180487965,0.34908149507857805,0.6311171981528395,0.7480904400833406,0.5781985470088885,0.6872125582141995,0.7512627008067803,0.7126272563680379,0.5554685322080333,0.8608071053647078,0.6266391645454272,0.8353240690032115,0.7942069894611311,0.645190569972844,0.3224985936307084,0.6669596560372677,0.643650168462629,0.671658194813679,0.8001069756156276,0.7322812067069019,0.7728502257082235,0.7656585230885774,0.73013790863269,0.844806141114091,0.39061557608470476,0.8836188902103326,0.5425516641639245,0.762581608406167,0.6887293862383534,0.75933163996689,0.7696463241738557,0.8163899313487119,0.8416810271230183,0.6011934079517304,0.8481040079117329,0.6920498778235098,0.8138693796869281,0.5860134497315403,0.8429601650615877,0.7402966664869274,0.7576279858617978,0.0
