0.0,0.5685068227400101,0.4545144839004959,0.45461072515088563,0.6354094388244229,0.37724403442602694,0.5349173417710791,0.1927951383876586,0.4834228931160144,0.6390398923329915,0.5606559356482393,0.3370746186991542,0.44667963625921614,0.6383112477200689,0.12723536949204733,0.6106221455175254,0.4918751375330759,0.553822530212659,0.6099450935601327,0.4053934988825072,0.26586958371850156,0.7017972052581192,0.25712070969345946,0.5492893405977486,0.7173881464746681,0.6414496314097335,0.22643188927124017,0.4103738932910038,0.30890540204627087,0.3890818869910373,0.39577416109454966,0.7771060141024423,0.6194845375798734,0.4128466820840888,0.44466203674766064,0.32309785065633057,0.5295331312268529,0.356899419151085,0.7390805495440943,0.6450213206097474,0.5397594410358124,0.4753823978270201,0.4452026891898514,0.49311451504626685,0.5561606378597282,0.7399129917445967,0.1613227676367187,0.6139320393500992,0.6427866397489669,0.4568655886288633,0.6043451446481373,0.3981359619194104,0.21013862339851733,0.423640740890582,0.5777126246361456,0.5017411582172185,0.31468145185603036,0.4328154310414104,0.6323332985105452,0.4091228626806778,0.5630692418792429,0.5779760747440389,0.6049214281116573,0.6335403533014008,0.7031863492621355,0.4474397978461499,0.6658980872075446,0.35110478874985396,0.45322411317879435,0.2892945529203248,0.5230133065844651,0.49591531062253597,0.6032085767999434,0.9099452489428848,0.8489274853849679,0.7860333264285915
0.5685068227400101,0.0,0.6652914775177715,0.2766775130428346,0.5713363538089393,0.7430672473432594,0.6526159093045165,0.5544921935042119,0.43158116067667956,0.5538684095976849,0.519285001351813,0.5272185068790176,0.7627975780537162,0.6648518912111159,0.23753584763292307,0.780323438457075,0.5637126580343675,0.8073698884351953,0.7425901353405083,0.12475651734546847,0.143489595133854,0.3700490910433183,0.42719052451307765,0.6281484305983835,0.9481379298815881,0.8441782739678444,0.5146061561875698,0.19776879960952512,0.3343559661586159,0.14493241627283213,0.21726826762603024,0.809285998854532,0.8478213798481402,0.3938381996243179,0.4444162936609683,0.4415964534397097,0.4477219696736527,0.4440168898572814,0.7933579375711377,0.7404675819514098,0.5195432755299504,0.4338270705630394,0.38465396540747887,0.36919046803337235,0.763668037073169,0.3663997229843543,0.6538759203375101,0.6945940254519394,0.32752904075162254,0.4553783164642472,0.8911783514336193,0.7079790084623927,0.3812899792484215,0.39955038583845215,0.5150071213789389,0.6063974560701767,0.6530559274139346,0.7630538672417275,0.41815381926331924,0.09953857795464507,0.47388856135796686,0.6917805782732371,0.47433616536940176,0.8541056235119023,0.5431222423879078,0.06772341744507263,0.41446173577401746,0.24382362921496345,0.488968895525403,0.45471464894634495,0.6292971644607688,0.46765278608298216,0.3618227199983875,0.6018178746431999,0.8100805884721519,0.5097077532533383
0.4545144839004959,0.6652914775177715,0.0,0.3602140116749121,0.8271588943113722,0.7240607220040967,0.826943307477338,0.6529848976143073,0.7450042871500614,0.7071593393736223,0.8309006240080218,0.8235728064878445,0.7055950188588174,0.8506786234725148,0.6238566028912789,0.3359128740623487,0.6486483266434677,0.5796938547319628,0.6811423530405952,0.5186542267268525,0.4657151840394089,0.6800736097012525,0.6202073384436638,0.6347961058354763,0.6778756294604084,0.7726809195452775,0.5628626577147633,0.47964869764590246,0.6257793530363006,0.3495810788847691,0.4714634055480187,0.5122915917778942,0.6709109173181705,0.680781804423135,0.2957285906942075,0.3340502302257325,0.4425709121781258,0.5326924380885623,0.4135102846564312,0.6678071035153951,0.5768630192061508,0.44890975034742847,0.33384504718784735,0.29950538775737495,0.4600049104581959,0.4625522439216741,0.7415153692557505,0.8547175380325852,0.31418780488993503,0.6984529911047955,0.6158234392495091,0.5024520438865191,0.5783900401124553,0.6462207015730101,0.7889569657724065,0.9094099072268607,0.6682253357212659,0.5746031915221089,0.4595650594648078,0.5999340848547963,0.6062896216783507,0.7521657097423213,0.6288147097551932,0.8027761145781714,0.6030050304746953,0.2770939072323234,0.638425826227055,0.6758256989804394,0.5787615494027256,0.8059572644216615,0.7877506470253178,0.7342117345995218,0.5314127701890053,0.41621108558123326,0.5419220017719851,0.6092867074715588
0.45461072515088563,0.2766775130428346,0.3602140116749121,0.0,0.17542371126147766,0.3190510153039723,0.42308764380467573,0.47198033954420393,0.24353347043434181,0.23004037251972193,0.36891485425265835,0.42809873670462406,0.33624885555650874,0.34754660331081716,0.4319088047284132,0.37873503954420973,0.34347102862594275,0.46091183026809823,0.6094298849286796,0.5661719992874135,0.5457494365133694,0.4865303056787434,0.49364706425863714,0.1727070191881864,0.41375790196375606,0.24033486790726322,0.3977855169198136,0.6322341573867527,0.5175416638545679,0.6559944580474889,0.6179788603449544,0.4744650983398853,0.2644057220535293,0.8265972609522676,0.9605688617000023,0.8334394220213667,0.7760104490227974,0.528152158696126,0.3259310221497082,0.35868970261419564,0.7712616643258998,0.8426198090799988,0.6991066778820957,0.6400734100469453,0.3833942685964873,0.5685904416649362,0.5315764776011358,0.2639195695201516,0.8669443390035642,0.7196781482850607,0.29223023601519166,0.7924997826063421,0.5444128832636306,0.3005853034787754,0.3702736656221315,0.30716564840170557,0.2724226636458522,0.35803196092114753,0.6387971873294076,0.39213023789282786,0.5863424350782873,0.29961664432225465,0.4300889697162103,0.529557837588321,0.4099169512325423,0.5390344750703168,0.5741636968050123,0.38729901575433995,0.2822986077399248,0.5387334013198051,0.33140355073921324,0.3765809109144889,0.6233684979008813,0.4101747433122872,0.2694970058531425,0.31476514925389404
0.6354094388244229,0.5713363538089393,0.8271588943113722,0.17542371126147766,0.0,0.6912851569849093,0.637025951214388,0.3663297195054437,0.8562157879129226,0.5612037517233386,0.8431500251853289,0.7227522375654407,0.5435085168726403,0.5583311510764394,0.6298213852566616,0.5058978728077539,0.5433501542818766,0.718886859156946,0.6649229428876621,0.5791453185705688,0.4891164917963574,0.631805421096965,0.45796089098455184,0.46290053331792935,0.7805870785201022,0.6737251890403945,0.54297314382588,0.4485961118940076,0.5945823190975927,0.47851021128509924,0.33592271447173866,0.5428589758138873,0.6235581689949828,0.49796757882204284,0.23267623244655578,0.3305840873824818,0.5303700570125256,0.44817432371556587,0.45223970252633156,0.6165877603743577,0.6599861825086241,0.5460569267637991,0.2661883164897376,0.43455732152227,0.3720715883593639,0.6370508777238055,0.48385657921095027,0.724311976982687,0.49246745089716765,0.6288765072968172,0.6244498948247331,0.38662688711051285,0.27301287894070186,0.7394481887237505,0.713801683847772,0.6895934535217765,0.6475603828499299,0.46738049076147825,0.4971184822476149,0.6911896903901056,0.7015040941167936,0.6265597342229088,0.6979511804487085,0.6177406623545133,0.780163108123797,0.4269313411421274,0.7436044428610883,0.4918788275897075,0.5141761148990402,0.6402593561892171,0.6942545367402535,0.6764012651761118,0.7394853349154002,0.7691324643560488,0.7713558497690158,0.7848667145578163
0.37724403442602694,0.7430672473432594,0.7240607220040967,0.3190510153039723,0.6912851569849093,0.0,0.7306450140372734,0.8400564845201299,0.5894257744380994,0.6337113694046055,0.6431605662493597,0.9760003556276942,0.8444656196124573,0.8181023477532922,0.651279116579413,0.2920740249944096,0.6051231484141543,0.555859291226829,0.5411494970780653,0.4790950104409041,0.3615732030932056,0.4235666914344118,0.6693899058057948,0.7264523536794886,0.6697430292425661,0.8716584112919094,0.5682122426343161,0.47683856011137893,0.41997859052616754,0.4730977243913094,0.4824314986607394,0.516311552200438,0.592199534986424,0.7041252989340728,0.43713509281279317,0.5294003443984826,0.5313521396359837,0.45416592196807476,0.3487033132246485,0.5529300758821535,0.5502542427006701,0.22638939762169513,0.37118025428543394,0.5418087187532932,0.5179731069075181,0.16116815224008021,0.7620183437640493,0.6328050964941981,0.32258799965192875,0.5819857051385218,0.7336901114942996,0.66349047892731,0.6777447546250387,0.5972682736936076,0.737615786144613,0.7464646909679811,0.8974708675330062,0.7238113587114979,0.5527150086638097,0.5209852509761062,0.26645930615567337,0.6607166856891463,0.38095882617896054,0.6573046419854894,0.558482986859276,0.1609121470716223,0.42240721137993953,0.5532907101134922,0.6570299623002098,0.5445553549675147,0.6744001559173423,0.6980740403786903,0.4738712112866806,0.35099150525000006,0.46771184767821267,0.4623872847979372
0.5349173417710791,0.6526159093045165,0.826943307477338,0.42308764380467573,0.637025951214388,0.7306450140372734,0.0,0.4952212801372265,0.4803885463785683,0.600766126080856,0.5917495611574514,0.6333899199819674,0.6081933396270237,0.5265361318058738,0.5113059383797669,0.7053334542280513,0.5209597644869808,0.8890319945479678,0.8326753486235907,0.44119677063924073,0.5173797665176627,0.5895851550986143,0.5397481292853917,0.3920400316109334,0.8947791122617257,0.6176460545919505,0.6301844512410898,0.41105326235297224,0.7392091138930715,0.5090225892753604,0.3579332987564566,0.6311259694151427,0.5600035888945688,0.5919032088191134,0.4291616623533707,0.4484932347507483,0.591203108574287,0.4586411668637796,0.50356862552983,0.6592097399927401,0.6833113076896066,0.5922714162821004,0.3743378913293566,0.4689983935156736,0.4672898876311598,0.5536728571745521,0.7815645100030983,0.7241081192355077,0.4334302993442565,0.6432187850750646,0.6508060509389999,0.7112570870291768,0.34400487972528054,0.5081993710939504,0.6560525688506834,0.6141772140254842,0.5299632490170023,0.5735960989902795,0.4551488812230472,0.5468761846546386,0.7598441801633932,0.6590192257147084,0.7392928995325542,0.8242988468713914,0.5490086996012836,0.3271076842363724,0.601594015459027,0.48402026909932877,0.37082063068781373,0.723336952502012,0.5286646917226967,0.6947179677388695,0.5850043423066082,0.626380467583315,0.6780700348754468,0.5764296931802705
0.1927951383876586,0.5544921935042119,0.6529848976143073,0.47198033954420393,0.3663297195054437,0.8400564845201299,0.4952212801372265,0.0,0.4611961218974367,0.5561436318841109,0.4910967922296723,0.8886948558093798,0.6305326465941367,0.7454799060843221,0.6365589687370512,0.23908125381297063,0.6006401920512943,0.43443781914689106,0.6139878286637882,0.3759064851384386,0.4110218487024404,0.2662869801911153,0.8392851346345979,0.6651745777549507,0.46225777596272255,0.7335533604593957,0.6306363938440495,0.5696104234511977,0.5389377294009846,0.4458225282572857,0.4953834798441734,0.5332824182526399,0.4121059183347523,0.6806953628354557,0.5916528130999531,0.6483302465072259,0.43984645744409767,0.41517054316207985,0.4260838186174408,0.5212193599799149,0.5476714873312457,0.4548908935879656,0.5947161110275342,0.5521454268306797,0.52098567044615,0.17667961849551933,0.8160630772860669,0.44204069958680436,0.47765329961694725,0.535920937849302,0.6436798917193676,0.5631505109275102,0.790115523030639,0.5076032804355988,0.5933727156655827,0.531914394236818,0.7829699026332412,0.6722788723849445,0.5152375448044428,0.4935106357124154,0.3435035910229888,0.5886195162254211,0.28703443720962324,0.6294763146788103,0.3506580491603827,0.27531291328780494,0.3144798615550272,0.6097571798296383,0.6580714830694404,0.6376902842118695,0.674532550458308,0.6030564267886294,0.4522893073972863,0.16644634032826333,0.4943952775250008,0.43407953267135835
0.4834228931160144,0.43158116067667956,0.7450042871500614,0.24353347043434181,0.8562157879129226,0.5894257744380994,0.4803885463785683,0.4611961218974367,0.0,0.6281322719961676,0.8378926186297483,0.8462360318007386,0.46232029928799256,0.6067704682811118,0.8098132552192496,0.3196141540313,0.6219965672711474,0.5283341351216484,0.4713407071550047,0.7885798215466627,0.5575110300501855,0.5324355381767781,0.4778687411874534,0.5052018002000891,0.5489170969963906,0.6524654884776044,0.6207448899966784,0.6292198022695911,0.6095576816995615,0.5279768328928477,0.5127203286799411,0.3078693510294468,0.5683224628435789,0.6800926189309318,0.2422505863406929,0.4280684582521317,0.634697103284452,0.5185281844477643,0.202249864176616,0.5593659355699756,0.6044327970163461,0.38766396847476986,0.3006885549662027,0.5137753715170098,0.41116560599985613,0.5398996477227276,0.42641333731767694,0.6550719027913275,0.42475314957141636,0.7365065635203992,0.4053527600777981,0.374650585156009,0.29590203266799553,0.844203876665798,0.8006639582951149,0.7280232733672912,0.7025557029160163,0.5251898002848878,0.48655003183779255,0.8322604616211249,0.6092574041036576,0.6253225785136475,0.6601272183683176,0.564375940980568,0.8120635540693294,0.46505370356878956,0.8019009035628539,0.5227281459547155,0.45229687405751284,0.6499893321509118,0.6885641357828028,0.6928752792982493,0.819569575436867,0.6235394354709173,0.5231642386253159,0.8139935223144061
0.6390398923329915,0.5538684095976849,0.7071593393736223,0.23004037251972193,0.5612037517233386,0.6337113694046055,0.600766126080856,0.5561436318841109,0.6281322719961676,0.0,0.5729017872005117,0.3435538693441122,0.6337316823526005,0.6754312009674756,0.6703593272397677,0.5121006211177669,0.5746266108598714,0.6125830818171805,0.6462406316020076,0.41340316364517193,0.6346261648662745,0.4249422468553886,0.6147818240349524,0.722387652552356,0.6267849061481225,0.6745016027030494,0.5391225896653451,0.31048599470761923,0.594882830187107,0.4201466171819755,0.6209629193201298,0.5306541810480047,0.7343833888687468,0.45939174626538354,0.38193786126418894,0.3688180078123169,0.21377309120215165,0.5583051353690317,0.6107917399621503,0.8277549252391574,0.496342169445548,0.36065586419479156,0.35611868413396325,0.41485062548692797,0.7025072990600434,0.5818271429189953,0.5265490387742834,0.6982413901528571,0.3062602493021884,0.5909800300137762,0.7971056313400989,0.4408526582249135,0.5036747948040379,0.6198734951624852,0.759219821847314,0.7015218018840614,0.4583152508106666,0.7697006345847086,0.4068040968786365,0.6805191954795943,0.73222273508971,0.7986473051926609,0.6486532308926245,0.6952560418285473,0.6337333467082669,0.5540765124649466,0.5755546153215804,0.7110085515221133,0.727190082831773,0.6943746745902393,0.7308524178561633,0.6752351640044822,0.46530397702594023,0.7381012868397334,0.6809118249366686,0.8125745188228674
0.5606559356482393,0.519285001351813,0.8309006240080218,0.36891485425265835,0.8431500251853289,0.6431605662493597,0.5917495611574514,0.4910967922296723,0.8378926186297483,0.5729017872005117,0.0,0.81368163516375,0.5170485142821392,0.7692466918055703,0.7344086673585641,0.33484503558559003,0.501196987409869,0.5174658096950591,0.7078472123119702,0.7170255071117343,0.5401287539018969,0.6404205727008945,0.5064556249647152,0.4875796406794758,0.49229025984302943,0.5611193679941013,0.5056436599056813,0.6243926591580197,0.6407757812665115,0.5666897915926877,0.38352631373227897,0.4143536087924605,0.500137059907547,0.5012495570654403,0.3132913443021286,0.4361287888829331,0.6159576377596928,0.4002577598492675,0.29815161140356533,0.5490528282450193,0.6590084883096993,0.5760234514684692,0.3938728554149741,0.4619312936853893,0.2279491771637071,0.6189190312880221,0.5930056780744497,0.7523010811574427,0.5303682225776886,0.5799628400201569,0.413936149445736,0.4697993407973484,0.4590117123701152,0.6794605216429688,0.7202545252008722,0.6954434668810154,0.6315251494425902,0.45232920059075976,0.5469884611867646,0.7691570414973873,0.6350995276212943,0.6101262463861837,0.747307790945663,0.7060686559473671,0.613481793869952,0.46731686164166353,0.726445762231323,0.5875706977704712,0.39028621428824417,0.6520779393063507,0.7352765171225408,0.6173764743154685,0.80497540432898,0.5254613440386465,0.5500646843300653,0.7364133906544105
0.3370746186991542,0.5272185068790176,0.8235728064878445,0.42809873670462406,0.7227522375654407,0.9760003556276942,0.6333899199819674,0.8886948558093798,0.8462360318007386,0.3435538693441122,0.81368163516375,0.0,0.9215653452901484,0.8082135317421274,0.616966930931628,0.2443759615643761,0.6796539688595113,0.4523226403399696,0.7646977754019547,0.5315556874541857,0.49111171233834966,0.42089294670632527,0.7451589792102936,0.5996970626510287,0.5768350162258672,0.8061814034602555,0.6537712462281264,0.6891736550048203,0.5955471882216357,0.6526624474369893,0.29667168973407243,0.5919893553935572,0.5468636428897892,0.7595534819574206,0.4410872463340334,0.6457855138439443,0.36440509330309884,0.6311218389725058,0.38375285266161124,0.5643014718573767,0.5752795788968137,0.4326305069798737,0.603201532275687,0.413548060011313,0.4171946116841929,0.20940437165347406,0.6066492633892542,0.7712107490974425,0.4721302674347788,0.6496211129856166,0.7559761199217001,0.5599771440946258,0.8051519206919484,0.7743839190517243,0.5057463120712742,0.8105261984461275,0.7004336816565401,0.7216379549488848,0.6011825014351526,0.5712570035337503,0.24985860536225613,0.5778011206960508,0.33146102061294874,0.7962649186842005,0.6142684185702486,0.3188386124372003,0.4759908476170878,0.5904379931792076,0.571549779103605,0.37978820547063163,0.5875662701288961,0.6856703284354716,0.6133725053507905,0.4376103607012996,0.66049126554028,0.46765073854779493
0.44667963625921614,0.7627975780537162,0.7055950188588174,0.33624885555650874,0.5435085168726403,0.8444656196124573,0.6081933396270237,0.6305326465941367,0.46232029928799256,0.6337316823526005,0.5170485142821392,0.9215653452901484,0.0,0.6550291629929538,0.34720351549607575,0.5227148029929153,0.7971779695768556,0.733235861139058,0.6660646283919182,0.1402201946158099,0.06523255340933659,0.37079595394776854,0.387939315435504,0.7005086996607034,0.8264485043967423,0.9164312129621246,0.5641681190436362,0.2582328948972771,0.5052332244300866,0.17389766129519696,0.2820494901065057,0.6436352208040126,0.5834640516004529,0.5235911407840028,0.45548413196488224,0.42722933983690914,0.40569864871574135,0.6144911834047655,0.5086901698168946,0.6168901325164805,0.4847000639736532,0.44991884816402467,0.30863002502754977,0.41824496969320857,0.6062145910488437,0.26505618800865666,0.6852813329435472,0.6793993764340488,0.32088709832736906,0.390291638141532,0.7285944520200686,0.4960542537739909,0.47228950322871943,0.44710347031228626,0.6898240259080156,0.7096849350790521,0.8709068691494376,0.8124679951034495,0.37525863628400496,0.34660984585365334,0.3884578902573804,0.8099202536985767,0.45989176374555496,0.7419398259858417,0.5065441891760187,0.0,0.45867341167129966,0.21934830489479767,0.6534132699119793,0.5738487600386538,0.7162956078847746,0.4852458408681185,0.5496484659765626,0.46687749006481677,0.7228322818263827,0.6055342040649335
0.6383112477200689,0.6648518912111159,0.8506786234725148,0.34754660331081716,0.5583311510764394,0.8181023477532922,0.5265361318058738,0.7454799060843221,0.6067704682811118,0.6754312009674756,0.7692466918055703,0.8082135317421274,0.6550291629929538,0.0,0.4430013312658573,0.549805834137125,0.6726673023612516,0.7904157083634661,0.8635665438892326,0.36947446644851695,0.40833231568239914,0.4579428754518584,0.7074755011296207,0.82214464726014,0.7386566035367655,0.772344763987325,0.5884274281621725,0.6823270248660263,0.44827673168520804,0.5664765040340564,0.436507248997509,0.7496924864998474,0.6113275950387476,0.38946997643228015,0.2829513959868202,0.47308633013306267,0.5866781877607145,0.5027616474230373,0.5960179186554644,0.5460579514669613,0.5096162683653211,0.35029450338146906,0.5134800853728225,0.47172445483997355,0.45294077063224475,0.5336821468352344,0.5684350073631217,0.7824348557429691,0.4270449021927873,0.4990557003315523,0.8778838007078746,0.4319880265230395,0.6876188730468161,0.5880682173578009,0.6992408902334354,0.81739451168618,0.7784027990317808,0.6702908356013513,0.4269157273727321,0.5504941401499702,0.4534777238187405,0.8135809063347854,0.5679154851786516,0.8740592811437026,0.5485263066836393,0.38959044239003915,0.48310464439414347,0.6417571747298844,0.659630684160509,0.5706481620154992,0.7722797059238851,0.6404768694081625,0.5267184780017392,0.5603739735055705,0.7495843187177427,0.6418528083321358
0.12723536949204733,0.23753584763292307,0.6238566028912789,0.4319088047284132,0.6298213852566616,0.651279116579413,0.5113059383797669,0.6365589687370512,0.8098132552192496,0.6703593272397677,0.7344086673585641,0.616966930931628,0.34720351549607575,0.4430013312658573,0.0,0.0,0.4871174840774612,0.17409370677763875,0.46409955437849154,0.7486507934231443,0.6935073484856645,0.5002391090447785,0.7060978858967831,0.4439905261381978,0.3091624202525032,0.45145998671400145,0.6913420264751753,0.5556544548034938,0.6953788154572117,0.49561053290746343,0.620572187331363,0.2871570170468327,0.5007309416304422,0.7463143634887047,0.5021391426087175,0.530559582626935,0.4608855832345494,0.5737791581039063,0.1301285817852138,0.6171535764058,0.6194053742542039,0.5387838524202981,0.43404056698109006,0.546479164304247,0.42022400402049487,0.358202530459636,0.6521554995841953,0.6063538491588876,0.38666659045111484,0.6773426447994034,0.3870932911423743,0.4646221940368138,0.6567799566107898,0.8199493456669252,0.6779991373533137,0.6846235076163949,0.5033224023850219,0.4225842399342945,0.453917114285215,0.9028119764819598,0.5295277975437801,0.49249179468369075,0.3906294397559456,0.4656340251454312,0.5789470080739247,0.6361914414814938,0.5782038261320334,0.8412441788063899,0.4468317410358865,0.7795002876269267,0.6017174834291981,0.8082189712845236,0.550558848260482,0.32114282175827535,0.3284255351221501,0.45735888573982963
0.6106221455175254,0.780323438457075,0.3359128740623487,0.37873503954420973,0.5058978728077539,0.2920740249944096,0.7053334542280513,0.23908125381297063,0.3196141540313,0.5121006211177669,0.33484503558559003,0.2443759615643761,0.5227148029929153,0.549805834137125,0.0,0.0,0.5479131636224817,0.7770166845087181,0.550491010817478,0.0,0.029929758047368443,0.4965587264682574,0.18351854932802092,0.45772215951621315,0.8831148089182999,0.5290153100472883,0.33660919870581285,0.20131900776737283,0.38139659153586536,0.29772606079903097,0.3044190255454843,0.7503594477512026,0.6327333854868413,0.20291197376439057,0.4892392122909965,0.2863887065735991,0.31699459604169444,0.49143473570449014,0.8730112195827996,0.6594299008755296,0.5312886110393698,0.451212236203804,0.24025632241377215,0.361227194042205,0.7306320143808676,0.3516877081658111,0.5129052321068236,0.5055736560726688,0.2613618789974805,0.38610262774727844,0.6269346285906013,0.6406561264907583,0.18126363812433896,0.22201143415074015,0.536757594289133,0.41813185505388906,0.403492252510055,0.6246485419598795,0.4830415097139485,0.19945675503570792,0.6352920732392837,0.6938888154838189,0.6410891471433684,0.5320064745948212,0.44807042232780614,0.11622450518963176,0.40432951031765396,0.15855639241841418,0.39569336581271203,0.463021096527312,0.38419985614230395,0.47545118595813424,0.2346194547157152,0.6410419420888855,0.7374316503501533,0.5369888547827968
0.4918751375330759,0.5637126580343675,0.6486483266434677,0.34347102862594275,0.5433501542818766,0.6051231484141543,0.5209597644869808,0.6006401920512943,0.6219965672711474,0.5746266108598714,0.501196987409869,0.6796539688595113,0.7971779695768556,0.6726673023612516,0.4871174840774612,0.5479131636224817,0.0,0.5948896234993076,0.6752645009292588,0.44132703813402574,0.3835643186489193,0.43817181077028156,0.4152717984858103,0.5340365117208185,0.45286397114376253,0.5976164054719524,0.2818227442274094,0.49695818837960776,0.37469433915139694,0.5292743900463937,0.515768742278324,0.5860256826839785,0.7315173527543244,0.5246968080699256,0.4323404160970228,0.5240837427122516,0.459412082506256,0.4887094009891833,0.5128293816651782,0.7305452664230051,0.5398646461219493,0.3869037475035024,0.40085153733885454,0.3906209297637517,0.6763854932899034,0.43528359448547277,0.4734478837447442,0.5991795960088796,0.38798507098523227,0.5356374874276109,0.7124943036841014,0.3945686586236934,0.4818789285191487,0.5761434008317201,0.684165566342568,0.6360840572917305,0.7262568626778212,0.8055082175726178,0.3752389292460377,0.4285936721504098,0.513874267410943,0.8664408568078741,0.46121293737969216,0.6707667691973657,0.6033765139048369,0.2652546144108124,0.5531380184068639,0.36034664256522775,0.6140066064961202,0.47146088995943863,0.6780836032815664,0.3861747384634388,0.4016519786975864,0.5963718151727052,0.6260140132857824,0.7211591266822168
0.553822530212659,0.8073698884351953,0.5796938547319628,0.46091183026809823,0.718886859156946,0.555859291226829,0.8890319945479678,0.43443781914689106,0.5283341351216484,0.6125830818171805,0.5174658096950591,0.4523226403399696,0.733235861139058,0.7904157083634661,0.17409370677763875,0.7770166845087181,0.5948896234993076,0.0,0.7308167233672735,0.16678457920395723,0.2618728469883006,0.475836808686846,0.27386407715792327,0.401548179364433,0.7990489956377781,0.6065775286062141,0.44501120878540634,0.35231456099139175,0.43943518199340964,0.35131824372277204,0.4550157788215897,0.8017925234171884,0.7818589510548579,0.5058163532337929,0.5122026180675161,0.33824256143443326,0.49564838229310554,0.6428510750476619,0.7071296807742116,0.7096452539391693,0.5326845446594226,0.45860109824409534,0.2718071511173915,0.4198494455529346,0.6816876723717884,0.3699660330487842,0.482942415958854,0.653008000032772,0.31425261212954286,0.5411685662121606,0.6310332319483711,0.5343120769176255,0.21720889982576314,0.420834885891379,0.679264101058693,0.6326083279912954,0.4848985091928101,0.7009787460043946,0.615305373277378,0.13884732002440334,0.6174129348550375,0.7621837537751137,0.7072363681797667,0.7452413557470913,0.5084683882438542,0.07649007714379642,0.48700021900524104,0.2574056592213828,0.3439537240230379,0.40982688122293226,0.34841991838935116,0.5078635622215238,0.33606366510112057,0.6063082145577557,0.68891417249814,0.610229894372982
0.6099450935601327,0.7425901353405083,0.6811423530405952,0.6094298849286796,0.6649229428876621,0.5411494970780653,0.8326753486235907,0.6139878286637882,0.4713407071550047,0.6462406316020076,0.7078472123119702,0.7646977754019547,0.6660646283919182,0.8635665438892326,0.46409955437849154,0.550491010817478,0.6752645009292588,0.7308167233672735,0.0,0.5479050357376395,0.4900315929647865,0.7289035491854345,0.5345468145875624,0.5309495181986837,0.8909891570524808,0.7830932943215589,0.6287641246647858,0.6165741731681115,0.5806306645954636,0.47477141894311703,0.6080577612442062,0.6060726980062061,0.6115341680134528,0.5958877796785629,0.505878949429003,0.5345486366568943,0.5751950887912061,0.4831118410091369,0.36430393288046614,0.621605235996571,0.6506941270403315,0.8603388582960616,0.48160333493989654,0.38666634620873097,0.37826595425195675,0.6056603501004443,0.7811961755598238,0.5190766701911077,0.4720375687663558,0.6285969813256219,0.3895298307979197,0.5784496439459015,0.4143462415544492,0.3757677668437587,0.7627389758070924,0.6789019769128124,0.5163512624271781,0.4914662775768024,0.5890076502144391,0.45543030853571687,0.6724978422011558,0.7391083079654758,0.7465902061006517,0.8891767645032818,0.5428200691697369,0.36410471340243855,0.6777755323554208,0.4533173542282004,0.5188897719922214,0.7917746907642581,0.6663425727183219,0.6251756993049655,0.615557316056226,0.51239855757131,0.5657334260458756,0.6552800179162341
0.4053934988825072,0.12475651734546847,0.5186542267268525,0.5661719992874135,0.5791453185705688,0.4790950104409041,0.44119677063924073,0.3759064851384386,0.7885798215466627,0.41340316364517193,0.7170255071117343,0.5315556874541857,0.1402201946158099,0.36947446644851695,0.7486507934231443,0.0,0.44132703813402574,0.16678457920395723,0.5479050357376395,0.0,0.693315448413432,0.631805483887591,0.62238058077407,0.30297425594509186,0.28210295835499094,0.39335620555109113,0.6087340761808381,0.6619101530920766,0.6177240113516278,0.5978151151667828,0.5138748303630571,0.2784207050381926,0.4062017866537506,0.6625253208054219,0.524061797333029,0.5824775834562366,0.6076939122437799,0.5138316725063372,0.16894801868645565,0.46595539151767296,0.7277353784604137,0.7493966150847149,0.35699682874059063,0.5720888772785281,0.3497814581096915,0.4877552995031476,0.4762677130431133,0.5471554757637018,0.4844121889396621,0.6000241221067444,0.30492424096250287,0.46907959648234415,0.40921165180122243,0.7643985050961392,0.598514509158192,0.5724919498037955,0.38773771953009434,0.23076889864213054,0.4685793705727538,0.7657624417077655,0.6859079356894475,0.3567252948175476,0.6154680522140726,0.6017803001443458,0.7658988557922356,0.7373826790249906,0.8922781606905336,0.7125792759857426,0.30958424879679747,0.6284303182711362,0.4353527548668774,0.7793374087082847,0.6993932639810465,0.5638086155193001,0.38081482777245756,0.5661750776872129
0.26586958371850156,0.143489595133854,0.4657151840394089,0.5457494365133694,0.4891164917963574,0.3615732030932056,0.5173797665176627,0.4110218487024404,0.5575110300501855,0.6346261648662745,0.5401287539018969,0.49111171233834966,0.06523255340933659,0.40833231568239914,0.6935073484856645,0.029929758047368443,0.3835643186489193,0.2618728469883006,0.4900315929647865,0.693315448413432,0.0,0.43459741616035846,0.7230550768859376,0.28740614470954196,0.3184996306641294,0.19595377688313817,0.7124692981207402,0.5384021107382099,0.7432398642652744,0.5197213140408434,0.7218066123236144,0.2842010323943227,0.3010487986145082,0.7044021017085789,0.5720539834110037,0.5544707057788436,0.501134521703729,0.4443293984014294,0.10843168506888641,0.3842415631873855,0.6448240351569562,0.5861589811748977,0.320254433949584,0.4775977157456953,0.3346169062362073,0.5518131225787675,0.6550556153432158,0.44761580499708153,0.4646311632384733,0.4916643686708168,0.24494444657645045,0.5192176093326005,0.4764335202584541,0.5455563945166881,0.648992401713389,0.5335200025150019,0.29170166800506914,0.29489620468140715,0.4650005040916761,0.8188393010568102,0.7268111474640433,0.47099173314134823,0.6260470587577077,0.5887342877821533,0.4617329881912068,0.8436539958693424,0.7209122487359104,0.9249507175113854,0.24332467798846807,0.8392731750170748,0.5602056037851817,0.7735979878992375,0.5351081361248038,0.4203361727378737,0.27805988048397035,0.5687451260539804
0.7017972052581192,0.3700490910433183,0.6800736097012525,0.4865303056787434,0.631805421096965,0.4235666914344118,0.5895851550986143,0.2662869801911153,0.5324355381767781,0.4249422468553886,0.6404205727008945,0.42089294670632527,0.37079595394776854,0.4579428754518584,0.5002391090447785,0.4965587264682574,0.43817181077028156,0.475836808686846,0.7289035491854345,0.631805483887591,0.43459741616035846,0.0,0.42776969329563763,0.3160761641374607,0.5366647943263845,0.49277961378914603,0.4646454622265821,0.43879532893264656,0.47168574234308414,0.4275491982542329,0.30994952678760934,0.5951939867014286,0.4889336130334401,0.5320102370492611,0.4321660780013603,0.41885788262754875,0.5615929153825148,0.5585901622731235,0.490344086296687,0.5774882640547256,0.7496559962279005,0.6540226303381625,0.38167993883048923,0.3882792692338026,0.5659873144461507,0.6174129942694027,0.5060603482360437,0.6782289812848505,0.4232834598489824,0.5030408563046667,0.4523823165992961,0.48948513623769324,0.2662690910810549,0.5340680550203799,0.5523795491103503,0.531586774254145,0.3323782452298852,0.4098855295767293,0.4630716760255585,0.557546316864693,0.6420657137267142,0.5534090729640895,0.6309251159248876,0.7804388545882215,0.771800808956948,0.44085116977121974,0.8882710367108824,0.538235100799572,0.3457914949211007,0.5726179286936894,0.5154003085636956,0.6885960573887281,0.5683070347907198,0.7325943890679966,0.6604245807600423,0.6051906687083963
0.25712070969345946,0.42719052451307765,0.6202073384436638,0.49364706425863714,0.45796089098455184,0.6693899058057948,0.5397481292853917,0.8392851346345979,0.4778687411874534,0.6147818240349524,0.5064556249647152,0.7451589792102936,0.387939315435504,0.7074755011296207,0.7060978858967831,0.18351854932802092,0.4152717984858103,0.27386407715792327,0.5345468145875624,0.62238058077407,0.7230550768859376,0.42776969329563763,0.0,0.5626925498579931,0.4380578893766089,0.5680914926316121,0.7024516343871984,0.557595413944288,0.6546565652834769,0.5647664303673795,0.5770604373050078,0.524517656436979,0.3529623500247615,0.689924382125198,0.5947943981477667,0.5965115869455705,0.5155910870201438,0.4904857499575245,0.3105534428814638,0.4806899424222085,0.4569455352238447,0.4030364846447355,0.4277223531115644,0.4384936758208083,0.35314234611682904,0.23328070036804613,0.8157559322392385,0.44490832562086063,0.4159788383447004,0.5622576297093255,0.4151834830820614,0.6539327815361637,0.9029325428788513,0.5039269412184327,0.6066231129046729,0.6377875147792506,0.6672819499428151,0.45186155223882346,0.47267470393216154,0.5679244747684727,0.4567561927955469,0.465163817443315,0.43040396767084155,0.5355251485577439,0.3037012048079093,0.4411510255156558,0.3333010508048568,0.8106629410540169,0.5576687669993741,0.7082516836687242,0.6486195938969271,0.7012586484727592,0.37533447855362656,0.13785528199975444,0.31584814424298435,0.43828388586546996
0.5492893405977486,0.6281484305983835,0.6347961058354763,0.1727070191881864,0.46290053331792935,0.7264523536794886,0.3920400316109334,0.6651745777549507,0.5052018002000891,0.722387652552356,0.4875796406794758,0.5996970626510287,0.7005086996607034,0.82214464726014,0.4439905261381978,0.45772215951621315,0.5340365117208185,0.401548179364433,0.5309495181986837,0.30297425594509186,0.28740614470954196,0.3160761641374607,0.5626925498579931,0.0,0.48086702116690544,0.7642669456112969,0.3550324874867536,0.32544304708784455,0.2745045854011697,0.3736063976472068,0.4097732183308867,0.7980299975781155,0.788961213622722,0.4894868047546661,0.4354410549279586,0.1400024782056602,0.20450015517277398,0.5637386968422238,0.7863133410556544,0.7561799558396397,0.3554259133119051,0.1978386293833262,0.45592222009373196,0.3336876497743568,0.8389640874824151,0.3949221423101415,0.32624722383856936,0.5300231229535391,0.2729528225310714,0.3706359277814739,0.961055252203508,0.37466815875191406,0.6157718812717046,0.5238712814794557,0.6139263681980627,0.5590450600027276,0.8119704599890802,0.8768712399432154,0.5161151350076669,0.4463137997684799,0.36939009499019004,0.6201209845682134,0.4520600518363816,0.5701511135587016,0.5972537350529983,0.1969203617736851,0.3965335211561904,0.5204552645502999,0.7510993811360827,0.2514502882255417,0.7261170150733196,0.44655721532733167,0.34311879057245454,0.6745052497305101,0.84473576103032,0.70896064259258
0.7173881464746681,0.9481379298815881,0.6778756294604084,0.41375790196375606,0.7805870785201022,0.6697430292425661,0.8947791122617257,0.46225777596272255,0.5489170969963906,0.6267849061481225,0.49229025984302943,0.5768350162258672,0.8264485043967423,0.7386566035367655,0.3091624202525032,0.8831148089182999,0.45286397114376253,0.7990489956377781,0.8909891570524808,0.28210295835499094,0.3184996306641294,0.5366647943263845,0.4380578893766089,0.48086702116690544,0.0,0.7178944788512795,0.5030662503205992,0.23040798044026206,0.4423605719031076,0.33187874282743063,0.39001373304239756,0.8869742000611852,0.8014431544517565,0.5103498305247898,0.4439392129203696,0.2210499738672978,0.4164364432237803,0.5123585573206381,0.7140590391192849,0.6959900744159357,0.5652448644589266,0.4470853921606189,0.2919440569632827,0.3828858282366522,0.732024210540947,0.4849568096567517,0.6241624065267326,0.7213746607912291,0.43466075096268936,0.5401207874696703,0.7472498087382513,0.7108881156033661,0.34910177269226034,0.4149025299670594,0.6888456214050093,0.6000019749432253,0.6079907503681365,0.6672046155351326,0.6758349359775812,0.374611029755569,0.5207769791319723,0.6974431601890132,0.5795856841636601,0.8841533417019903,0.5280267727472691,0.22640238398805412,0.3445826557188386,0.30805556807113865,0.3525277713374465,0.49084903596556967,0.606971421559884,0.6513102748275633,0.2528709434713092,0.7243822579175866,0.8246233570092277,0.5571765032484669
0.6414496314097335,0.8441782739678444,0.7726809195452775,0.24033486790726322,0.6737251890403945,0.8716584112919094,0.6176460545919505,0.7335533604593957,0.6524654884776044,0.6745016027030494,0.5611193679941013,0.8061814034602555,0.9164312129621246,0.772344763987325,0.45145998671400145,0.5290153100472883,0.5976164054719524,0.6065775286062141,0.7830932943215589,0.39335620555109113,0.19595377688313817,0.49277961378914603,0.5680914926316121,0.7642669456112969,0.7178944788512795,0.0,0.47051180858887676,0.36073841214519453,0.27504613618376494,0.42021748192808794,0.2886112116018106,0.7790390215958202,0.8362544085246214,0.5007616510812014,0.442857366356172,0.31390417794018655,0.3653623916252888,0.5459179490368716,0.6787240908470915,0.6548705786883021,0.4247195539401575,0.2515556295249609,0.41598197225254346,0.3588300931316646,0.6943394014346636,0.2914983701660558,0.5353122813292378,0.7469653978138556,0.3639329528712689,0.47610527849172896,0.9635911797642991,0.6114823766930841,0.611340964767236,0.6120248694987882,0.7063520017029246,0.663702217217048,0.8551126361651511,0.8537109602713392,0.5745916628404573,0.3426340332221941,0.23201695878580383,0.7172088936908839,0.45056244493689346,0.8187446834945162,0.5928940499279151,0.13939655015349114,0.3847683803542333,0.4359348423152577,0.5683096467831404,0.32264225293016396,0.7588620128587342,0.5959027481116822,0.36440472778239935,0.6588964484410331,0.7486398566511094,0.5642226216781787
0.22643188927124017,0.5146061561875698,0.5628626577147633,0.3977855169198136,0.54297314382588,0.5682122426343161,0.6301844512410898,0.6306363938440495,0.6207448899966784,0.5391225896653451,0.5056436599056813,0.6537712462281264,0.5641681190436362,0.5884274281621725,0.6913420264751753,0.33660919870581285,0.2818227442274094,0.44501120878540634,0.6287641246647858,0.6087340761808381,0.7124692981207402,0.4646454622265821,0.7024516343871984,0.3550324874867536,0.5030662503205992,0.47051180858887676,0.0,0.43309489246670047,0.8280695676583085,0.47025564911981294,0.45302532096574,0.4511431191501709,0.4353080873255795,0.6011299859515989,0.531134819772716,0.5588280509194508,0.5302744666025394,0.3972839851863236,0.283772964873471,0.4865960666354247,0.6564907407963537,0.475890454142928,0.18076763488309056,0.4381116832677483,0.3265404361772632,0.2565338437476453,0.8648922706325488,0.44337410169424335,0.17365062763443925,0.4858486984632586,0.33778342886982227,0.6888862495905697,0.6050830027219167,0.4969413857507283,0.705567494034328,0.540577911639864,0.47138345809434096,0.2866548456415395,0.44702140770629384,0.6111985526585196,0.6514805619416244,0.45500398944840714,0.5442052749466402,0.674937927821481,0.4214347785778752,0.5626875832641611,0.506741574007803,0.773382283381779,0.25495251390885604,0.7708336563310995,0.37505900991683244,0.8936643597156608,0.4047057635161549,0.3279515652818413,0.2752508253257843,0.40879104199984995
0.4103738932910038,0.19776879960952512,0.47964869764590246,0.6322341573867527,0.4485961118940076,0.47683856011137893,0.41105326235297224,0.5696104234511977,0.6292198022695911,0.31048599470761923,0.6243926591580197,0.6891736550048203,0.2582328948972771,0.6823270248660263,0.5556544548034938,0.20131900776737283,0.49695818837960776,0.35231456099139175,0.6165741731681115,0.6619101530920766,0.5384021107382099,0.43879532893264656,0.557595413944288,0.32544304708784455,0.23040798044026206,0.36073841214519453,0.43309489246670047,0.0,0.6026054551498463,0.8067778010166785,0.5517750713836618,0.36276167558750505,0.33293543881795884,0.8462740459179722,0.7250374082095495,0.7980463506965874,0.6918846068380315,0.3981101984623659,0.27269162224386795,0.5133095762651424,0.7645256586655935,0.8965655626827994,0.6952812972160708,0.6691935027562729,0.29649110227240527,0.5292452091737274,0.45162821989371715,0.35608372393537835,0.8709141234515827,0.6360307655311684,0.34908389922733524,0.5763654686469661,0.6235128895179177,0.6029400623648575,0.42642911259896954,0.5480249416136437,0.4085420405541229,0.47391323722898815,0.7901738348152065,0.5204556522255721,0.4432272736932953,0.47471462478511606,0.44746349373636407,0.5526363534243162,0.6222853134919692,0.5419219606664489,0.6213319199845644,0.4180155942528358,0.44763012719677525,0.4264497506039145,0.4684846980666579,0.4772881160502226,0.8081087400654164,0.5252993315473073,0.444085580568695,0.49423748750118407
0.30890540204627087,0.3343559661586159,0.6257793530363006,0.5175416638545679,0.5945823190975927,0.41997859052616754,0.7392091138930715,0.5389377294009846,0.6095576816995615,0.594882830187107,0.6407757812665115,0.5955471882216357,0.5052332244300866,0.44827673168520804,0.6953788154572117,0.38139659153586536,0.37469433915139694,0.43943518199340964,0.5806306645954636,0.6177240113516278,0.7432398642652744,0.47168574234308414,0.6546565652834769,0.2745045854011697,0.4423605719031076,0.27504613618376494,0.8280695676583085,0.6026054551498463,0.0,0.5460663687955231,0.7299985932428033,0.34419494701263953,0.3835913801690626,0.6832263170655488,0.666932387480431,0.48954180076782816,0.5358375426047535,0.3747731383417098,0.16938664070392961,0.45916479280031464,0.721337862453956,0.6066894834195888,0.15488323596829587,0.44501585088403417,0.23846736997491463,0.42318785991492247,0.7780005395848859,0.4002086132725201,0.3728464701674895,0.5900567249972448,0.29736321850850533,0.7066662196511659,0.5448244981779404,0.6022410160086171,0.6915139892798533,0.5494973275574386,0.3559837064125933,0.4295022865247591,0.4603664517870941,0.7510642350167127,0.754365995723022,0.5040144256274749,0.7460290442669273,0.6435390004533396,0.4973039198333553,0.7102933344738596,0.6661184127646279,0.7596711500828418,0.28469730162042023,0.9327159349965042,0.4295146369650877,0.868314387834334,0.4978821785492626,0.43467184521655633,0.34625757171532556,0.444588152288773
0.3890818869910373,0.14493241627283213,0.3495810788847691,0.6559944580474889,0.47851021128509924,0.4730977243913094,0.5090225892753604,0.4458225282572857,0.5279768328928477,0.4201466171819755,0.5666897915926877,0.6526624474369893,0.17389766129519696,0.5664765040340564,0.49561053290746343,0.29772606079903097,0.5292743900463937,0.35131824372277204,0.47477141894311703,0.5978151151667828,0.5197213140408434,0.4275491982542329,0.5647664303673795,0.3736063976472068,0.33187874282743063,0.42021748192808794,0.47025564911981294,0.8067778010166785,0.5460663687955231,0.0,0.5369732906116405,0.40592192250062775,0.22635437790483473,0.7264349036000113,0.6462123521859368,0.7043158038898225,0.689805942166946,0.3612973522292314,0.39690236859940464,0.47570483829520827,0.8306244226442064,0.7708325159309087,0.6626128705473942,0.5626755019205666,0.32401148927021417,0.5236320309519045,0.5000971653777051,0.394610644791931,0.8015618530515337,0.5645157675799931,0.3613294117371347,0.6189246962438936,0.531939806020219,0.47602437004679143,0.4377609144434716,0.46181816042441287,0.4665327155162145,0.4020543948105447,0.739224576334055,0.5689487631845286,0.6301019307982043,0.5085027282132878,0.6137002406868545,0.5215551906771196,0.600177447537693,0.560514043663026,0.6768500573620762,0.5961299521808893,0.5627678181637253,0.5477893746700921,0.4447637214517396,0.5606011787662785,0.7482584734589048,0.44707356958453187,0.5094543357389718,0.562660887549573
0.39577416109454966,0.21726826762603024,0.4714634055480187,0.6179788603449544,0.33592271447173866,0.4824314986607394,0.3579332987564566,0.4953834798441734,0.5127203286799411,0.6209629193201298,0.38352631373227897,0.29667168973407243,0.2820494901065057,0.436507248997509,0.620572187331363,0.3044190255454843,0.515768742278324,0.4550157788215897,0.6080577612442062,0.5138748303630571,0.7218066123236144,0.30994952678760934,0.5770604373050078,0.4097732183308867,0.39001373304239756,0.2886112116018106,0.45302532096574,0.5517750713836618,0.7299985932428033,0.5369732906116405,0.0,0.4519208557193509,0.39068038444176456,0.5272913015144267,0.6834288793394997,0.5155891180074478,0.4597341054236755,0.4744876339904676,0.4766537327613073,0.6018131238194927,0.6785458376877948,0.6838127123231775,0.4358149763317985,0.5537431207164751,0.5752073155800992,0.6249492089978685,0.6129876191873155,0.3735523810504511,0.605796009309968,0.5561452490462905,0.44774893655636094,0.4824469141519827,0.5501802970410323,0.4621948912060228,0.5983016135171877,0.29846393300842466,0.32103292237836595,0.547346391012769,0.4830382638158155,0.633066246171695,0.7959361231984147,0.6763153337239848,0.7194897872957884,0.5067081580140851,0.43888684131602845,0.7359461812825153,0.6433131138189686,0.6764445780809204,0.5145109858162507,0.7087847282735167,0.5367353695737973,0.5822622271880167,0.5757485776464919,0.5914605079439955,0.3831512548555034,0.7140371454976677
0.7771060141024423,0.809285998854532,0.5122915917778942,0.4744650983398853,0.5428589758138873,0.516311552200438,0.6311259694151427,0.5332824182526399,0.3078693510294468,0.5306541810480047,0.4143536087924605,0.5919893553935572,0.6436352208040126,0.7496924864998474,0.2871570170468327,0.7503594477512026,0.5860256826839785,0.8017925234171884,0.6060726980062061,0.2784207050381926,0.2842010323943227,0.5951939867014286,0.524517656436979,0.7980299975781155,0.8869742000611852,0.7790390215958202,0.4511431191501709,0.36276167558750505,0.34419494701263953,0.40592192250062775,0.4519208557193509,0.0,0.8053001791224624,0.4933922618285847,0.4420134351185015,0.4052753543023483,0.29553502643454915,0.6918662748521516,0.801235641405957,0.7779342556037148,0.5743751631556253,0.48989948630340874,0.5069804423027762,0.3704129269469318,0.6244683899943693,0.5554844099575768,0.5924748606348726,0.5535209839557513,0.5625998356664581,0.5607770864867473,0.8286257862940856,0.5070535752784178,0.5726089276488455,0.3122848297231287,0.446443768494068,0.4941970579472127,0.7337221750123619,0.6225383615924831,0.5087718502761921,0.35104667627484154,0.60352593153129,0.6580224464248051,0.5309622210284226,0.644383632351742,0.458963801630022,0.31934428918293334,0.42179809694713033,0.5168385539376239,0.7358360712512643,0.43729225002068034,0.6523673681035932,0.5398177113756428,0.3319257146912043,0.6096530076783546,0.8207187833785008,0.5096270361218406
0.6194845375798734,0.8478213798481402,0.6709109173181705,0.2644057220535293,0.6235581689949828,0.592199534986424,0.5600035888945688,0.4121059183347523,0.5683224628435789,0.7343833888687468,0.500137059907547,0.5468636428897892,0.5834640516004529,0.6113275950387476,0.5007309416304422,0.6327333854868413,0.7315173527543244,0.7818589510548579,0.6115341680134528,0.4062017866537506,0.3010487986145082,0.4889336130334401,0.3529623500247615,0.788961213622722,0.8014431544517565,0.8362544085246214,0.4353080873255795,0.33293543881795884,0.3835913801690626,0.22635437790483473,0.39068038444176456,0.8053001791224624,0.0,0.4556342778097489,0.2766577249034598,0.2031810771577075,0.20410531825199463,0.6594670746946832,0.8534107347669491,0.8716118882006628,0.5167588296340466,0.2061114592649538,0.3385075118566142,0.45423424527467704,0.7391393527470346,0.4484510038879446,0.3893437287875811,0.7751456858337088,0.3323055937324317,0.5572774310671712,0.8783287557550088,0.4305483005334707,0.43232231063308546,0.5189785346351896,0.6885225843999935,0.6350376469314495,0.672859403240822,0.7664348530596693,0.49612058868435993,0.5274304067107091,0.6729654884875651,0.8146746714141084,0.7040556993369321,0.673781695023015,0.7019596765733713,0.19008138564778604,0.6268888528355654,0.5039612791310073,0.7525480249440728,0.5429112089122676,0.7293036485253626,0.5808207708056463,0.42783583991390045,0.7660762835943796,0.8858071887257296,0.7824134546673235
0.4128466820840888,0.3938381996243179,0.680781804423135,0.8265972609522676,0.49796757882204284,0.7041252989340728,0.5919032088191134,0.6806953628354557,0.6800926189309318,0.45939174626538354,0.5012495570654403,0.7595534819574206,0.5235911407840028,0.38946997643228015,0.7463143634887047,0.20291197376439057,0.5246968080699256,0.5058163532337929,0.5958877796785629,0.6625253208054219,0.7044021017085789,0.5320102370492611,0.689924382125198,0.4894868047546661,0.5103498305247898,0.5007616510812014,0.6011299859515989,0.8462740459179722,0.6832263170655488,0.7264349036000113,0.5272913015144267,0.4933922618285847,0.4556342778097489,0.0,0.6636131351508661,0.6443686515224747,0.59772300056557,0.46739863215291894,0.3368222612548182,0.5733751776990975,0.8091830717863651,0.627224237254005,0.615686993181852,0.6188345938303769,0.4445018911285552,0.5698812807005041,0.6711134863460492,0.4613327239638007,0.6732288046814391,0.7409771455618364,0.5463110886829229,0.7375291643431564,0.7242040254253614,0.7079156302309119,0.49073126617029916,0.4057427697352116,0.6060764566644544,0.4126621770600521,0.5280705515382661,0.7166508149879561,0.5793804992729199,0.4984054996422933,0.49298641292784123,0.6292379596327146,0.5130961703721352,0.6401173151666905,0.6169543366044655,0.6211022839329171,0.5517720962155407,0.6693171173875881,0.49561576253151013,0.5634446442968001,0.5821071475770061,0.4426674395784727,0.4460580121210629,0.4376247172516024
0.44466203674766064,0.4444162936609683,0.2957285906942075,0.9605688617000023,0.23267623244655578,0.43713509281279317,0.4291616623533707,0.5916528130999531,0.2422505863406929,0.38193786126418894,0.3132913443021286,0.4410872463340334,0.45548413196488224,0.2829513959868202,0.5021391426087175,0.4892392122909965,0.4323404160970228,0.5122026180675161,0.505878949429003,0.524061797333029,0.5720539834110037,0.4321660780013603,0.5947943981477667,0.4354410549279586,0.4439392129203696,0.442857366356172,0.531134819772716,0.7250374082095495,0.666932387480431,0.6462123521859368,0.6834288793394997,0.4420134351185015,0.2766577249034598,0.6636131351508661,0.0,0.7839784305876755,0.7547493308328233,0.36525096227116394,0.4110357101957622,0.5314345579323573,0.5550503853214409,0.605354309032928,0.7879979378979565,0.6494331986376009,0.3514655301144246,0.5881301722398911,0.5833224374436148,0.2177457252508222,0.8217040918411326,0.6692826953421542,0.43689792497923824,0.7829262143943374,0.7009320144891895,0.3317892367864611,0.3962688841195741,0.3135717424498883,0.34455158225234406,0.44734875882704495,0.610958842683948,0.3400793338454517,0.582514920652902,0.4220530793768216,0.441607428807705,0.53844891847065,0.2800613633638102,0.5698095790549146,0.4206836095346699,0.4921148103676317,0.492593442952869,0.5787867871725482,0.3749765419072873,0.43112305706083154,0.3504850647228799,0.3175665807870068,0.35240133905189314,0.23467299093807525
0.32309785065633057,0.4415964534397097,0.3340502302257325,0.8334394220213667,0.3305840873824818,0.5294003443984826,0.4484932347507483,0.6483302465072259,0.4280684582521317,0.3688180078123169,0.4361287888829331,0.6457855138439443,0.42722933983690914,0.47308633013306267,0.530559582626935,0.2863887065735991,0.5240837427122516,0.33824256143443326,0.5345486366568943,0.5824775834562366,0.5544707057788436,0.41885788262754875,0.5965115869455705,0.1400024782056602,0.2210499738672978,0.31390417794018655,0.5588280509194508,0.7980463506965874,0.48954180076782816,0.7043158038898225,0.5155891180074478,0.4052753543023483,0.2031810771577075,0.6443686515224747,0.7839784305876755,0.0,0.7854873761347645,0.3934600845849242,0.1282431905777304,0.35518089855860063,0.543330216342905,0.7507433150437295,0.7224582288464134,0.5662450434008857,0.22896278665574116,0.35769532041366786,0.6119155327596595,0.40451129100322575,0.7641937579058226,0.552358589526247,0.3254255535357376,0.6981411375933041,0.7032325458521163,0.41775114724880547,0.4403206420645319,0.4464853480384054,0.5136112941140382,0.35728866058902364,0.7592311776861544,0.44314887973050754,0.40199673912496126,0.35723373016814597,0.14472950784503696,0.4630595621687712,0.23872433517655955,0.5398424392366089,0.43194376072130264,0.521181510001031,0.27303005007410086,0.31005189479206974,0.38017770869472517,0.39129595394145117,0.6277639008370678,0.10570120340074332,0.36757639888511995,0.40366135053591995
0.5295331312268529,0.4477219696736527,0.4425709121781258,0.7760104490227974,0.5303700570125256,0.5313521396359837,0.591203108574287,0.43984645744409767,0.634697103284452,0.21377309120215165,0.6159576377596928,0.36440509330309884,0.40569864871574135,0.5866781877607145,0.4608855832345494,0.31699459604169444,0.459412082506256,0.49564838229310554,0.5751950887912061,0.6076939122437799,0.501134521703729,0.5615929153825148,0.5155910870201438,0.20450015517277398,0.4164364432237803,0.3653623916252888,0.5302744666025394,0.6918846068380315,0.5358375426047535,0.689805942166946,0.4597341054236755,0.29553502643454915,0.20410531825199463,0.59772300056557,0.7547493308328233,0.7854873761347645,0.0,0.4558443256208508,0.16742241488565968,0.29659648369188285,0.6888362525454172,0.7906848892248264,0.6165809338226819,0.4628152928834708,0.19374144871326712,0.5091739887649608,0.6106067742877013,0.4184512479471479,0.7501358528796112,0.636756070977244,0.379786586003588,0.5753088063362837,0.5517072666637457,0.6373408758817484,0.27803217765940946,0.589801415509868,0.26636166166062175,0.3451178668350956,0.787896613766871,0.3697078937936896,0.4798991603594188,0.33890942446744765,0.4027556830929885,0.602414630306579,0.4421253250801157,0.4834660671691598,0.4304225764369106,0.3710149019112851,0.24520870666811415,0.36612822804781164,0.3347866702353132,0.4637956335143393,0.6103276274259869,0.38398642264036414,0.4584135710387947,0.39038046639582735
0.356899419151085,0.4440168898572814,0.5326924380885623,0.528152158696126,0.44817432371556587,0.45416592196807476,0.4586411668637796,0.41517054316207985,0.5185281844477643,0.5583051353690317,0.4002577598492675,0.6311218389725058,0.6144911834047655,0.5027616474230373,0.5737791581039063,0.49143473570449014,0.4887094009891833,0.6428510750476619,0.4831118410091369,0.5138316725063372,0.4443293984014294,0.5585901622731235,0.4904857499575245,0.5637386968422238,0.5123585573206381,0.5459179490368716,0.3972839851863236,0.3981101984623659,0.3747731383417098,0.3612973522292314,0.4744876339904676,0.6918662748521516,0.6594670746946832,0.46739863215291894,0.36525096227116394,0.3934600845849242,0.4558443256208508,0.0,0.6040557980048757,0.8270396506561088,0.5774909953767036,0.35313557212098085,0.502078634458579,0.4385815745878614,0.6967441634572094,0.29903519797588185,0.31548718993483127,0.5001906259318512,0.44396367341649773,0.5935150510022041,0.6580377912437897,0.46463691064455864,0.39818143064915723,0.5676178340463602,0.6645359059634394,0.43336592967297455,0.7351536848235374,0.6578895037521677,0.4098219047748471,0.5517888421780855,0.5756847108186423,0.6108459347937061,0.5801848603558887,0.4639680539594178,0.5736491398259708,0.38034333951760724,0.5922451052176723,0.5799783139593702,0.6512497262401142,0.3960351043866695,0.40844131261636435,0.5106098213802148,0.5189886375215573,0.5843018988901038,0.6644414472766313,0.6588178434178555
0.7390805495440943,0.7933579375711377,0.4135102846564312,0.3259310221497082,0.45223970252633156,0.3487033132246485,0.50356862552983,0.4260838186174408,0.202249864176616,0.6107917399621503,0.29815161140356533,0.38375285266161124,0.5086901698168946,0.5960179186554644,0.1301285817852138,0.8730112195827996,0.5128293816651782,0.7071296807742116,0.36430393288046614,0.16894801868645565,0.10843168506888641,0.490344086296687,0.3105534428814638,0.7863133410556544,0.7140590391192849,0.6787240908470915,0.283772964873471,0.27269162224386795,0.16938664070392961,0.39690236859940464,0.4766537327613073,0.801235641405957,0.8534107347669491,0.3368222612548182,0.4110357101957622,0.1282431905777304,0.16742241488565968,0.6040557980048757,0.0,0.7689842942733685,0.43910628335105273,0.32244457774112195,0.45359336707199427,0.29728643163634527,0.8399830857301143,0.5277672850480989,0.3218992376632529,0.48003803120528726,0.40162106822057453,0.39546754014493546,0.7660509052038585,0.28262401815484955,0.43590261661448865,0.2374965624162645,0.5523127940297686,0.3982505918200575,0.6560464896282094,0.6801551088928974,0.5088745888845401,0.27279735193756527,0.4475923888042006,0.5795467999471715,0.545836749065429,0.4177545253554053,0.4413058675560131,0.17254024013052854,0.2648798858281928,0.3868298180279402,0.8494199231866303,0.2619431666787692,0.5458816878167081,0.4334002202529686,0.20997305107473632,0.6515730359649224,0.7586643934494426,0.5822044395958214
0.6450213206097474,0.7404675819514098,0.6678071035153951,0.35868970261419564,0.6165877603743577,0.5529300758821535,0.6592097399927401,0.5212193599799149,0.5593659355699756,0.8277549252391574,0.5490528282450193,0.5643014718573767,0.6168901325164805,0.5460579514669613,0.6171535764058,0.6594299008755296,0.7305452664230051,0.7096452539391693,0.621605235996571,0.46595539151767296,0.3842415631873855,0.5774882640547256,0.4806899424222085,0.7561799558396397,0.6959900744159357,0.6548705786883021,0.4865960666354247,0.5133095762651424,0.45916479280031464,0.47570483829520827,0.6018131238194927,0.7779342556037148,0.8716118882006628,0.5733751776990975,0.5314345579323573,0.35518089855860063,0.29659648369188285,0.8270396506561088,0.7689842942733685,0.0,0.5564200148349282,0.3123534618653387,0.4180772129587466,0.5385977109013994,0.7756331827040409,0.5372450280126205,0.34602030203528544,0.7412867743209051,0.412842041589542,0.6520572016935741,0.7202468749137481,0.4091350884333053,0.5411603190546892,0.564284833055486,0.774068083104442,0.6740622590355456,0.634756033429307,0.7342019052491009,0.5881577231159925,0.6632728357392726,0.613977752673879,0.7161438185888517,0.7107086961090701,0.6253956135139581,0.6801463615789678,0.46834446267503105,0.5753404154885969,0.6282608436354697,0.7675461369881343,0.5656958174097954,0.6217917522652316,0.6940508354919263,0.4524644641047296,0.6995612203445688,0.7329326712233227,0.7339762266721022
0.5397594410358124,0.5195432755299504,0.5768630192061508,0.7712616643258998,0.6599861825086241,0.5502542427006701,0.6833113076896066,0.5476714873312457,0.6044327970163461,0.496342169445548,0.6590084883096993,0.5752795788968137,0.4847000639736532,0.5096162683653211,0.6194053742542039,0.5312886110393698,0.5398646461219493,0.5326845446594226,0.6506941270403315,0.7277353784604137,0.6448240351569562,0.7496559962279005,0.4569455352238447,0.3554259133119051,0.5652448644589266,0.4247195539401575,0.6564907407963537,0.7645256586655935,0.721337862453956,0.8306244226442064,0.6785458376877948,0.5743751631556253,0.5167588296340466,0.8091830717863651,0.5550503853214409,0.543330216342905,0.6888362525454172,0.5774909953767036,0.43910628335105273,0.5564200148349282,0.0,0.42140024636301854,0.5045579073392654,0.6520095482572333,0.43768732800200333,0.5551602444365663,0.631947478346026,0.5787325945672471,0.6010165692259334,0.6535368984309922,0.3810199954776453,0.5450558722333146,0.653318319372174,0.550819420481226,0.4826947500705553,0.46725909987362996,0.48960895677484045,0.36313471419346494,0.614676006453392,0.6666629782995843,0.407209800416934,0.38538255724938225,0.4790415277618234,0.6592603276086269,0.489987381312909,0.6594518175956052,0.5652375015822281,0.5528353319721663,0.3534815034468809,0.5700164290513764,0.42325659622767037,0.5394148165312925,0.5287107355014411,0.4852065676991757,0.49951123346701287,0.32161192326640886
0.4753823978270201,0.4338270705630394,0.44890975034742847,0.8426198090799988,0.5460569267637991,0.22638939762169513,0.5922714162821004,0.4548908935879656,0.38766396847476986,0.36065586419479156,0.5760234514684692,0.4326305069798737,0.44991884816402467,0.35029450338146906,0.5387838524202981,0.451212236203804,0.3869037475035024,0.45860109824409534,0.8603388582960616,0.7493966150847149,0.5861589811748977,0.6540226303381625,0.4030364846447355,0.1978386293833262,0.4470853921606189,0.2515556295249609,0.475890454142928,0.8965655626827994,0.6066894834195888,0.7708325159309087,0.6838127123231775,0.48989948630340874,0.2061114592649538,0.627224237254005,0.605354309032928,0.7507433150437295,0.7906848892248264,0.35313557212098085,0.32244457774112195,0.3123534618653387,0.42140024636301854,0.0,0.7598007035819299,0.6152785106725769,0.07641746708182755,0.6751115749106296,0.5303005163945944,0.368166190586825,0.8475102020773573,0.6148916396610262,0.12698301852704946,0.802885685648371,0.5951658783450355,0.3579921920430147,0.42370231673401054,0.47411031342013477,0.2465922999282222,0.2721574140223808,0.5826160936628908,0.49633120862349744,0.5077847830463516,0.3445419781944211,0.4733806721561764,0.8545859034813286,0.3566316325183555,0.6765816528754804,0.5592799048872361,0.4350629925026739,0.05523210676928712,0.5082391839492353,0.27234446382076427,0.4369384822023064,0.6069731917370363,0.4678383301981515,0.29503090507713586,0.21045760732518792
0.4452026891898514,0.38465396540747887,0.33384504718784735,0.6991066778820957,0.2661883164897376,0.37118025428543394,0.3743378913293566,0.5947161110275342,0.3006885549662027,0.35611868413396325,0.3938728554149741,0.603201532275687,0.30863002502754977,0.5134800853728225,0.43404056698109006,0.24025632241377215,0.40085153733885454,0.2718071511173915,0.48160333493989654,0.35699682874059063,0.320254433949584,0.38167993883048923,0.4277223531115644,0.45592222009373196,0.2919440569632827,0.41598197225254346,0.18076763488309056,0.6952812972160708,0.15488323596829587,0.6626128705473942,0.4358149763317985,0.5069804423027762,0.3385075118566142,0.615686993181852,0.7879979378979565,0.7224582288464134,0.6165809338226819,0.502078634458579,0.45359336707199427,0.4180772129587466,0.5045579073392654,0.7598007035819299,0.0,0.50166253124128,0.4368746645911103,0.45471510165700463,0.36408525818358045,0.3923233965670879,0.8178632151554547,0.5376212710016443,0.4109978623371802,0.6120155684890547,0.701718873855075,0.35205165773427566,0.35036193202890925,0.3668646746063828,0.6269666336494666,0.40341672323527267,0.5835054873287961,0.4267840959194589,0.24701063205687337,0.2678564623202762,0.2645119290451847,0.43056079043135453,0.4015294859251833,0.392626716976091,0.4290038054968932,0.3775971187813512,0.6042730632637632,0.15200100879961934,0.5075392585521037,0.3116752023763348,0.4227099191351726,0.29895160140025345,0.44896712551373147,0.32179484078491416
0.49311451504626685,0.36919046803337235,0.29950538775737495,0.6400734100469453,0.43455732152227,0.5418087187532932,0.4689983935156736,0.5521454268306797,0.5137753715170098,0.41485062548692797,0.4619312936853893,0.413548060011313,0.41824496969320857,0.47172445483997355,0.546479164304247,0.361227194042205,0.3906209297637517,0.4198494455529346,0.38666634620873097,0.5720888772785281,0.4775977157456953,0.3882792692338026,0.4384936758208083,0.3336876497743568,0.3828858282366522,0.3588300931316646,0.4381116832677483,0.6691935027562729,0.44501585088403417,0.5626755019205666,0.5537431207164751,0.3704129269469318,0.45423424527467704,0.6188345938303769,0.6494331986376009,0.5662450434008857,0.4628152928834708,0.4385815745878614,0.29728643163634527,0.5385977109013994,0.6520095482572333,0.6152785106725769,0.50166253124128,0.0,0.42926539713526635,0.4868529235283046,0.41536633729996725,0.4095160307447275,0.7061561138920511,0.7104974961241722,0.4857741433389885,0.6788607542935168,0.6568933437297061,0.5587770274812687,0.4437080683690598,0.43400359047487136,0.4355915349183973,0.46448363631415734,0.6291864488897544,0.5194313599254251,0.4527249089272224,0.36566178153113904,0.3420472076855715,0.35444034064996854,0.5021611828346437,0.5696354793030619,0.4960464549150154,0.42573002391249903,0.4582031669932556,0.3683593070514288,0.39819081114629007,0.4523070228994387,0.6325010069279856,0.5408596678862477,0.2946698493987525,0.39000333966342415
0.5561606378597282,0.763668037073169,0.4600049104581959,0.3833942685964873,0.3720715883593639,0.5179731069075181,0.4672898876311598,0.52098567044615,0.41116560599985613,0.7025072990600434,0.2279491771637071,0.4171946116841929,0.6062145910488437,0.45294077063224475,0.42022400402049487,0.7306320143808676,0.6763854932899034,0.6816876723717884,0.37826595425195675,0.3497814581096915,0.3346169062362073,0.5659873144461507,0.35314234611682904,0.8389640874824151,0.732024210540947,0.6943394014346636,0.3265404361772632,0.29649110227240527,0.23846736997491463,0.32401148927021417,0.5752073155800992,0.6244683899943693,0.7391393527470346,0.4445018911285552,0.3514655301144246,0.22896278665574116,0.19374144871326712,0.6967441634572094,0.8399830857301143,0.7756331827040409,0.43768732800200333,0.07641746708182755,0.4368746645911103,0.42926539713526635,0.0,0.2979852850420244,0.3953619934116518,0.43753117579239575,0.3789979868374363,0.3184228520416876,0.8076318629087504,0.3328966076530104,0.37255936999854733,0.4025497781463374,0.6335494077084302,0.320469478244257,0.6881143388959547,0.8294662148999785,0.3252277779215445,0.5374383715322748,0.4642819417129175,0.6990448073177529,0.5663291611802419,0.3992508833363325,0.6966201814969133,0.35563156796634926,0.5568946812167602,0.42318499382157637,0.8887119173562872,0.4449400919782779,0.6610041547466671,0.5275459893950954,0.3809488431967748,0.7673316319581174,0.7340148896514788,0.743875439827854
0.7399129917445967,0.3663997229843543,0.4625522439216741,0.5685904416649362,0.6370508777238055,0.16116815224008021,0.5536728571745521,0.17667961849551933,0.5398996477227276,0.5818271429189953,0.6189190312880221,0.20940437165347406,0.26505618800865666,0.5336821468352344,0.358202530459636,0.3516877081658111,0.43528359448547277,0.3699660330487842,0.6056603501004443,0.4877552995031476,0.5518131225787675,0.6174129942694027,0.23328070036804613,0.3949221423101415,0.4849568096567517,0.2914983701660558,0.2565338437476453,0.5292452091737274,0.42318785991492247,0.5236320309519045,0.6249492089978685,0.5554844099575768,0.4484510038879446,0.5698812807005041,0.5881301722398911,0.35769532041366786,0.5091739887649608,0.29903519797588185,0.5277672850480989,0.5372450280126205,0.5551602444365663,0.6751115749106296,0.45471510165700463,0.4868529235283046,0.2979852850420244,0.0,0.21451577098862754,0.5101264841503654,0.7380348755131859,0.5440786108151592,0.3286633062215071,0.40170842483228564,0.35387772878273266,0.4172896530563294,0.49295180614225026,0.49650023344133515,0.15895359596201855,0.30559513237676755,0.7278644206327618,0.5388408009303782,0.6761306399430087,0.44729573086167995,0.6313547486595704,0.5899791909226559,0.5142445973478854,0.6514523630727963,0.6205222909895807,0.4878005232018743,0.3020428731271228,0.48338435791684503,0.4575015743564941,0.46715116424116976,0.5429951768173329,0.787892608417064,0.5859860418117968,0.7029691957268451
0.1613227676367187,0.6538759203375101,0.7415153692557505,0.5315764776011358,0.48385657921095027,0.7620183437640493,0.7815645100030983,0.8160630772860669,0.42641333731767694,0.5265490387742834,0.5930056780744497,0.6066492633892542,0.6852813329435472,0.5684350073631217,0.6521554995841953,0.5129052321068236,0.4734478837447442,0.482942415958854,0.7811961755598238,0.4762677130431133,0.6550556153432158,0.5060603482360437,0.8157559322392385,0.32624722383856936,0.6241624065267326,0.5353122813292378,0.8648922706325488,0.45162821989371715,0.7780005395848859,0.5000971653777051,0.6129876191873155,0.5924748606348726,0.3893437287875811,0.6711134863460492,0.5833224374436148,0.6119155327596595,0.6106067742877013,0.31548718993483127,0.3218992376632529,0.34602030203528544,0.631947478346026,0.5303005163945944,0.36408525818358045,0.41536633729996725,0.3953619934116518,0.21451577098862754,0.0,0.516335103762644,0.24761110581695658,0.4639810152889074,0.5414500490470906,0.6788971924337043,0.8189642845573368,0.4136311883262754,0.4416398699426316,0.6233561282502741,0.4016149623594607,0.5366106243314797,0.4172849389462415,0.6278872759685008,0.44330626986924004,0.3721702274976667,0.26799860025064204,0.821958595824091,0.2369175225104501,0.540281276926398,0.27136306248793923,0.8182231763212097,0.36612974494738976,0.6784278739709152,0.3536019854678211,0.7745957076174621,0.26036839582458854,0.2659672533142896,0.2990928349074019,0.2338729848928261
0.6139320393500992,0.6945940254519394,0.8547175380325852,0.2639195695201516,0.724311976982687,0.6328050964941981,0.7241081192355077,0.44204069958680436,0.6550719027913275,0.6982413901528571,0.7523010811574427,0.7712107490974425,0.6793993764340488,0.7824348557429691,0.6063538491588876,0.5055736560726688,0.5991795960088796,0.653008000032772,0.5190766701911077,0.5471554757637018,0.44761580499708153,0.6782289812848505,0.44490832562086063,0.5300231229535391,0.7213746607912291,0.7469653978138556,0.44337410169424335,0.35608372393537835,0.4002086132725201,0.394610644791931,0.3735523810504511,0.5535209839557513,0.7751456858337088,0.4613327239638007,0.2177457252508222,0.40451129100322575,0.4184512479471479,0.5001906259318512,0.48003803120528726,0.7412867743209051,0.5787325945672471,0.368166190586825,0.3923233965670879,0.4095160307447275,0.43753117579239575,0.5101264841503654,0.516335103762644,0.0,0.3517975232963255,0.5979002866236216,0.5549544874549546,0.4904280046275934,0.28427274052941176,0.6164794080214728,0.8016037834048443,0.9166414377498999,0.7235199956750205,0.5515727791742598,0.5111087824214173,0.6220189615223395,0.5157568754693821,0.6807195781746225,0.6518288325567622,0.5503032851192466,0.6841054567745943,0.2851562205895546,0.656429713394201,0.3976381101366019,0.5290511982680022,0.6395922545455232,0.7330913845813158,0.5238399983511269,0.6052590727924028,0.5846070244942649,0.5280065907017125,0.6769171345854589
0.6427866397489669,0.32752904075162254,0.31418780488993503,0.8669443390035642,0.49246745089716765,0.32258799965192875,0.4334302993442565,0.47765329961694725,0.42475314957141636,0.3062602493021884,0.5303682225776886,0.4721302674347788,0.32088709832736906,0.4270449021927873,0.38666659045111484,0.2613618789974805,0.38798507098523227,0.31425261212954286,0.4720375687663558,0.4844121889396621,0.4646311632384733,0.4232834598489824,0.4159788383447004,0.2729528225310714,0.43466075096268936,0.3639329528712689,0.17365062763443925,0.8709141234515827,0.3728464701674895,0.8015618530515337,0.605796009309968,0.5625998356664581,0.3323055937324317,0.6732288046814391,0.8217040918411326,0.7641937579058226,0.7501358528796112,0.44396367341649773,0.40162106822057453,0.412842041589542,0.6010165692259334,0.8475102020773573,0.8178632151554547,0.7061561138920511,0.3789979868374363,0.7380348755131859,0.24761110581695658,0.3517975232963255,0.0,0.7196598765991902,0.32557916778453905,0.6665866582321354,0.5419398506131311,0.49423916819260927,0.3039487330820739,0.3963782670588837,0.3587086405985001,0.34809912681937183,0.741290224409207,0.4742340087342578,0.4625758049272223,0.2694074609374818,0.42967494815918394,0.5218478987110836,0.5323793030397471,0.5805686162449446,0.5743693838985408,0.36423736031523746,0.3167827609760842,0.3406055792253177,0.4347817033887621,0.37238636894586497,0.6446042486283909,0.5713540501548118,0.39924117409305254,0.4288415112978119
0.4568655886288633,0.4553783164642472,0.6984529911047955,0.7196781482850607,0.6288765072968172,0.5819857051385218,0.6432187850750646,0.535920937849302,0.7365065635203992,0.5909800300137762,0.5799628400201569,0.6496211129856166,0.390291638141532,0.4990557003315523,0.6773426447994034,0.38610262774727844,0.5356374874276109,0.5411685662121606,0.6285969813256219,0.6000241221067444,0.4916643686708168,0.5030408563046667,0.5622576297093255,0.3706359277814739,0.5401207874696703,0.47610527849172896,0.4858486984632586,0.6360307655311684,0.5900567249972448,0.5645157675799931,0.5561452490462905,0.5607770864867473,0.5572774310671712,0.7409771455618364,0.6692826953421542,0.552358589526247,0.636756070977244,0.5935150510022041,0.39546754014493546,0.6520572016935741,0.6535368984309922,0.6148916396610262,0.5376212710016443,0.7104974961241722,0.3184228520416876,0.5440786108151592,0.4639810152889074,0.5979002866236216,0.7196598765991902,0.0,0.5189246945182454,0.6100415077554747,0.5438238830891011,0.726204075039404,0.6279363862878989,0.5932425055119258,0.5504339964820865,0.4341507677361535,0.4829224770264194,0.6798126769125179,0.5862894672848908,0.47266759612024123,0.5235641930583106,0.5570358837623793,0.5501121582546157,0.48975502112228275,0.6366711920032555,0.5477229994868634,0.40311471689865813,0.4948967083768149,0.4018378026336032,0.6388447881641868,0.6399755487798745,0.5189927711394765,0.4427089930300595,0.5651302542111466
0.6043451446481373,0.8911783514336193,0.6158234392495091,0.29223023601519166,0.6244498948247331,0.7336901114942996,0.6508060509389999,0.6436798917193676,0.4053527600777981,0.7971056313400989,0.413936149445736,0.7559761199217001,0.7285944520200686,0.8778838007078746,0.3870932911423743,0.6269346285906013,0.7124943036841014,0.6310332319483711,0.3895298307979197,0.30492424096250287,0.24494444657645045,0.4523823165992961,0.4151834830820614,0.961055252203508,0.7472498087382513,0.9635911797642991,0.33778342886982227,0.34908389922733524,0.29736321850850533,0.3613294117371347,0.44774893655636094,0.8286257862940856,0.8783287557550088,0.5463110886829229,0.43689792497923824,0.3254255535357376,0.379786586003588,0.6580377912437897,0.7660509052038585,0.7202468749137481,0.3810199954776453,0.12698301852704946,0.4109978623371802,0.4857741433389885,0.8076318629087504,0.3286633062215071,0.5414500490470906,0.5549544874549546,0.32557916778453905,0.5189246945182454,0.0,0.5233940922776209,0.6572309384775867,0.28779367316084753,0.7105651518133829,0.5867645201515803,0.9358421611306894,0.7774189737434427,0.5703408712966835,0.43260653009357464,0.23738530527951554,0.7023740309546755,0.39526085112728204,0.5754138919343453,0.5856503494504733,0.19183247227205485,0.330804048927038,0.41719711556412775,0.8110086988814067,0.36115836208562585,0.853406050406132,0.5284685235121718,0.25275476234338123,0.4021479106750849,0.6936400225347024,0.610617975983959
0.3981359619194104,0.7079790084623927,0.5024520438865191,0.7924997826063421,0.38662688711051285,0.66349047892731,0.7112570870291768,0.5631505109275102,0.374650585156009,0.4408526582249135,0.4697993407973484,0.5599771440946258,0.4960542537739909,0.4319880265230395,0.4646221940368138,0.6406561264907583,0.3945686586236934,0.5343120769176255,0.5784496439459015,0.46907959648234415,0.5192176093326005,0.48948513623769324,0.6539327815361637,0.37466815875191406,0.7108881156033661,0.6114823766930841,0.6888862495905697,0.5763654686469661,0.7066662196511659,0.6189246962438936,0.4824469141519827,0.5070535752784178,0.4305483005334707,0.7375291643431564,0.7829262143943374,0.6981411375933041,0.5753088063362837,0.46463691064455864,0.28262401815484955,0.4091350884333053,0.5450558722333146,0.802885685648371,0.6120155684890547,0.6788607542935168,0.3328966076530104,0.40170842483228564,0.6788971924337043,0.4904280046275934,0.6665866582321354,0.6100415077554747,0.5233940922776209,0.0,0.6149038672964655,0.372895095566406,0.46350792820933245,0.476296636619398,0.3985094172433525,0.3095530448756936,0.531567429818719,0.404051056510658,0.5630633440741076,0.3730924437727712,0.3879640092551619,0.6075970437512312,0.44309857095361,0.4641278146324131,0.49286529475097546,0.5782889254387948,0.32799475512099896,0.45624874175169966,0.2676678926600072,0.7193753959798017,0.3840697305779631,0.2959176170465024,0.4596955128404286,0.28132722624183215
0.21013862339851733,0.3812899792484215,0.5783900401124553,0.5444128832636306,0.27301287894070186,0.6777447546250387,0.34400487972528054,0.790115523030639,0.29590203266799553,0.5036747948040379,0.4590117123701152,0.8051519206919484,0.47228950322871943,0.6876188730468161,0.6567799566107898,0.18126363812433896,0.4818789285191487,0.21720889982576314,0.4143462415544492,0.40921165180122243,0.4764335202584541,0.2662690910810549,0.9029325428788513,0.6157718812717046,0.34910177269226034,0.611340964767236,0.6050830027219167,0.6235128895179177,0.5448244981779404,0.531939806020219,0.5501802970410323,0.5726089276488455,0.43232231063308546,0.7242040254253614,0.7009320144891895,0.7032325458521163,0.5517072666637457,0.39818143064915723,0.43590261661448865,0.5411603190546892,0.653318319372174,0.5951658783450355,0.701718873855075,0.6568933437297061,0.37255936999854733,0.35387772878273266,0.8189642845573368,0.28427274052941176,0.5419398506131311,0.5438238830891011,0.6572309384775867,0.6149038672964655,0.0,0.38483350700349933,0.49830700119747395,0.42979854647072924,0.7907402128372362,0.490528180814212,0.6025953539718597,0.5885120300438422,0.4221135034556664,0.41661641062098037,0.29244195193666545,0.4500972640421471,0.4080447225620042,0.3888363507849629,0.42292930707199555,0.6067792595085342,0.6944810793029045,0.6549298383651135,0.7190378897775566,0.5905706979544146,0.41041081852195527,0.28101949020003925,0.43581926553776523,0.48520821654649116
0.423640740890582,0.39955038583845215,0.6462207015730101,0.3005853034787754,0.7394481887237505,0.5972682736936076,0.5081993710939504,0.5076032804355988,0.844203876665798,0.6198734951624852,0.6794605216429688,0.7743839190517243,0.44710347031228626,0.5880682173578009,0.8199493456669252,0.22201143415074015,0.5761434008317201,0.420834885891379,0.3757677668437587,0.7643985050961392,0.5455563945166881,0.5340680550203799,0.5039269412184327,0.5238712814794557,0.4149025299670594,0.6120248694987882,0.4969413857507283,0.6029400623648575,0.6022410160086171,0.47602437004679143,0.4621948912060228,0.3122848297231287,0.5189785346351896,0.7079156302309119,0.3317892367864611,0.41775114724880547,0.6373408758817484,0.5676178340463602,0.2374965624162645,0.564284833055486,0.550819420481226,0.3579921920430147,0.35205165773427566,0.5587770274812687,0.4025497781463374,0.4172896530563294,0.4136311883262754,0.6164794080214728,0.49423916819260927,0.726204075039404,0.28779367316084753,0.372895095566406,0.38483350700349933,0.0,0.6952529435113908,0.7077618805805185,0.6330457454830465,0.44556903020756417,0.46866015337501904,0.8127175733803196,0.4319836135020719,0.5396114637600308,0.565823543671604,0.38091410008727783,0.7368193530043928,0.434122673829598,0.6992833455781898,0.45289027286984335,0.44631716923031256,0.5347363178484377,0.6387071901883541,0.6605245643679083,0.7017328759914248,0.5696647444340566,0.5138985937572214,0.6173951776733287
0.5777126246361456,0.5150071213789389,0.7889569657724065,0.3702736656221315,0.713801683847772,0.737615786144613,0.6560525688506834,0.5933727156655827,0.8006639582951149,0.759219821847314,0.7202545252008722,0.5057463120712742,0.6898240259080156,0.6992408902334354,0.6779991373533137,0.536757594289133,0.684165566342568,0.679264101058693,0.7627389758070924,0.598514509158192,0.648992401713389,0.5523795491103503,0.6066231129046729,0.6139263681980627,0.6888456214050093,0.7063520017029246,0.705567494034328,0.42642911259896954,0.6915139892798533,0.4377609144434716,0.5983016135171877,0.446443768494068,0.6885225843999935,0.49073126617029916,0.3962688841195741,0.4403206420645319,0.27803217765940946,0.6645359059634394,0.5523127940297686,0.774068083104442,0.4826947500705553,0.42370231673401054,0.35036193202890925,0.4437080683690598,0.6335494077084302,0.49295180614225026,0.4416398699426316,0.8016037834048443,0.3039487330820739,0.6279363862878989,0.7105651518133829,0.46350792820933245,0.49830700119747395,0.6952529435113908,0.0,0.7668052966946911,0.481653855392596,0.7591646476155426,0.4140415017742483,0.6586227666687686,0.7683620736870097,0.7534947656502108,0.7461115099744652,0.7700957015004917,0.6530634404924005,0.5823214943953755,0.6992340752528733,0.6840057836724196,0.6648872035257278,0.7248019193464026,0.6378624291490685,0.7734454206767555,0.5692589651135991,0.6944847153894447,0.6739900571760613,0.8324304185799662
0.5017411582172185,0.6063974560701767,0.9094099072268607,0.30716564840170557,0.6895934535217765,0.7464646909679811,0.6141772140254842,0.531914394236818,0.7280232733672912,0.7015218018840614,0.6954434668810154,0.8105261984461275,0.7096849350790521,0.81739451168618,0.6846235076163949,0.41813185505388906,0.6360840572917305,0.6326083279912954,0.6789019769128124,0.5724919498037955,0.5335200025150019,0.531586774254145,0.6377875147792506,0.5590450600027276,0.6000019749432253,0.663702217217048,0.540577911639864,0.5480249416136437,0.5494973275574386,0.46181816042441287,0.29846393300842466,0.4941970579472127,0.6350376469314495,0.4057427697352116,0.3135717424498883,0.4464853480384054,0.589801415509868,0.43336592967297455,0.3982505918200575,0.6740622590355456,0.46725909987362996,0.47411031342013477,0.3668646746063828,0.43400359047487136,0.320469478244257,0.49650023344133515,0.6233561282502741,0.9166414377498999,0.3963782670588837,0.5932425055119258,0.5867645201515803,0.476296636619398,0.42979854647072924,0.7077618805805185,0.7668052966946911,0.0,0.717135448133808,0.5536098276868289,0.40097988394187833,0.7223710515394666,0.4931237857840244,0.6440218272463943,0.612038148821837,0.6312367796964546,0.5879566504395898,0.2810897770170366,0.5882529306544284,0.5406446062038254,0.47489070882500245,0.6700637340381596,0.7963285734403869,0.6575971377970897,0.6738299570459385,0.5767680920358199,0.5237006212158364,0.6900173140703619
0.31468145185603036,0.6530559274139346,0.6682253357212659,0.2724226636458522,0.6475603828499299,0.8974708675330062,0.5299632490170023,0.7829699026332412,0.7025557029160163,0.4583152508106666,0.6315251494425902,0.7004336816565401,0.8709068691494376,0.7784027990317808,0.5033224023850219,0.403492252510055,0.7262568626778212,0.4848985091928101,0.5163512624271781,0.38773771953009434,0.29170166800506914,0.3323782452298852,0.6672819499428151,0.8119704599890802,0.6079907503681365,0.8551126361651511,0.47138345809434096,0.4085420405541229,0.3559837064125933,0.4665327155162145,0.32103292237836595,0.7337221750123619,0.672859403240822,0.6060764566644544,0.34455158225234406,0.5136112941140382,0.26636166166062175,0.7351536848235374,0.6560464896282094,0.634756033429307,0.48960895677484045,0.2465922999282222,0.6269666336494666,0.4355915349183973,0.6881143388959547,0.15895359596201855,0.4016149623594607,0.7235199956750205,0.3587086405985001,0.5504339964820865,0.9358421611306894,0.3985094172433525,0.7907402128372362,0.6330457454830465,0.481653855392596,0.717135448133808,0.0,0.8135225839068922,0.6168055592066994,0.4509660910804715,0.23316652622686385,0.5919545151623778,0.24916175840861904,0.5583094064218058,0.5796636879287144,0.21215508687229612,0.28662267768087923,0.5918501415804193,0.7741043112831606,0.27301781488016136,0.7049888167662626,0.5561814950515097,0.405472863497779,0.5125878710790345,0.7541045244939394,0.5453145866121959
0.4328154310414104,0.7630538672417275,0.5746031915221089,0.35803196092114753,0.46738049076147825,0.7238113587114979,0.5735960989902795,0.6722788723849445,0.5251898002848878,0.7697006345847086,0.45232920059075976,0.7216379549488848,0.8124679951034495,0.6702908356013513,0.4225842399342945,0.6246485419598795,0.8055082175726178,0.7009787460043946,0.4914662775768024,0.23076889864213054,0.29489620468140715,0.4098855295767293,0.45186155223882346,0.8768712399432154,0.6672046155351326,0.8537109602713392,0.2866548456415395,0.47391323722898815,0.4295022865247591,0.4020543948105447,0.547346391012769,0.6225383615924831,0.7664348530596693,0.4126621770600521,0.44734875882704495,0.35728866058902364,0.3451178668350956,0.6578895037521677,0.6801551088928974,0.7342019052491009,0.36313471419346494,0.2721574140223808,0.40341672323527267,0.46448363631415734,0.8294662148999785,0.30559513237676755,0.5366106243314797,0.5515727791742598,0.34809912681937183,0.4341507677361535,0.7774189737434427,0.3095530448756936,0.490528180814212,0.44556903020756417,0.7591646476155426,0.5536098276868289,0.8135225839068922,0.0,0.36957148533062084,0.44506843488502246,0.3383701055605613,0.7312329575621709,0.40851901234743027,0.49813415276733003,0.5334799011805913,0.215866798282053,0.45080241550490663,0.37614791996191566,0.7921148747227065,0.30208506314016265,0.760771803128216,0.40369640278992697,0.3579162368852295,0.5571047319453529,0.7076164695606794,0.7060376219115426
0.6323332985105452,0.41815381926331924,0.4595650594648078,0.6387971873294076,0.4971184822476149,0.5527150086638097,0.4551488812230472,0.5152375448044428,0.48655003183779255,0.4068040968786365,0.5469884611867646,0.6011825014351526,0.37525863628400496,0.4269157273727321,0.453917114285215,0.4830415097139485,0.3752389292460377,0.615305373277378,0.5890076502144391,0.4685793705727538,0.4650005040916761,0.4630716760255585,0.47267470393216154,0.5161151350076669,0.6758349359775812,0.5745916628404573,0.44702140770629384,0.7901738348152065,0.4603664517870941,0.739224576334055,0.4830382638158155,0.5087718502761921,0.49612058868435993,0.5280705515382661,0.610958842683948,0.7592311776861544,0.787896613766871,0.4098219047748471,0.5088745888845401,0.5881577231159925,0.614676006453392,0.5826160936628908,0.5835054873287961,0.6291864488897544,0.3252277779215445,0.7278644206327618,0.4172849389462415,0.5111087824214173,0.741290224409207,0.4829224770264194,0.5703408712966835,0.531567429818719,0.6025953539718597,0.46866015337501904,0.4140415017742483,0.40097988394187833,0.6168055592066994,0.36957148533062084,0.0,0.5108043423670651,0.5153351208556222,0.31330656717633043,0.5707849666408135,0.46327044278168467,0.5770225441075657,0.5099241708112074,0.5242587373030763,0.473363620742767,0.5619096321979312,0.4308822722729505,0.6472930477319845,0.5124720840410419,0.6320129091819777,0.6156906387036898,0.5569762426179163,0.45011110413162025
0.4091228626806778,0.09953857795464507,0.5999340848547963,0.39213023789282786,0.6911896903901056,0.5209852509761062,0.5468761846546386,0.4935106357124154,0.8322604616211249,0.6805191954795943,0.7691570414973873,0.5712570035337503,0.34660984585365334,0.5504941401499702,0.9028119764819598,0.19945675503570792,0.4285936721504098,0.13884732002440334,0.45543030853571687,0.7657624417077655,0.8188393010568102,0.557546316864693,0.5679244747684727,0.4463137997684799,0.374611029755569,0.3426340332221941,0.6111985526585196,0.5204556522255721,0.7510642350167127,0.5689487631845286,0.633066246171695,0.35104667627484154,0.5274304067107091,0.7166508149879561,0.3400793338454517,0.44314887973050754,0.3697078937936896,0.5517888421780855,0.27279735193756527,0.6632728357392726,0.6666629782995843,0.49633120862349744,0.4267840959194589,0.5194313599254251,0.5374383715322748,0.5388408009303782,0.6278872759685008,0.6220189615223395,0.4742340087342578,0.6798126769125179,0.43260653009357464,0.404051056510658,0.5885120300438422,0.8127175733803196,0.6586227666687686,0.7223710515394666,0.4509660910804715,0.44506843488502246,0.5108043423670651,0.0,0.6789643688947311,0.5104146355611917,0.5625612612522441,0.5506292145647246,0.36887097477173514,0.7078894757157391,0.724878345143649,0.7336561267406321,0.45541652055278825,0.833441286127546,0.6557337070674033,0.69861838030984,0.5861081508804851,0.41892910954669665,0.3874823645954186,0.6104031871163941
0.5630692418792429,0.47388856135796686,0.6062896216783507,0.5863424350782873,0.7015040941167936,0.26645930615567337,0.7598441801633932,0.3435035910229888,0.6092574041036576,0.73222273508971,0.6350995276212943,0.24985860536225613,0.3884578902573804,0.4534777238187405,0.5295277975437801,0.6352920732392837,0.513874267410943,0.6174129348550375,0.6724978422011558,0.6859079356894475,0.7268111474640433,0.6420657137267142,0.4567561927955469,0.36939009499019004,0.5207769791319723,0.23201695878580383,0.6514805619416244,0.4432272736932953,0.754365995723022,0.6301019307982043,0.7959361231984147,0.60352593153129,0.6729654884875651,0.5793804992729199,0.582514920652902,0.40199673912496126,0.4798991603594188,0.5756847108186423,0.4475923888042006,0.613977752673879,0.407209800416934,0.5077847830463516,0.24701063205687337,0.4527249089272224,0.4642819417129175,0.6761306399430087,0.44330626986924004,0.5157568754693821,0.4625758049272223,0.5862894672848908,0.23738530527951554,0.5630633440741076,0.4221135034556664,0.4319836135020719,0.7683620736870097,0.4931237857840244,0.23316652622686385,0.3383701055605613,0.5153351208556222,0.6789643688947311,0.0,0.5650457929105627,0.7574972974980306,0.6769166214298996,0.520290759420974,0.7963258632881168,0.5260552518188035,0.5810968361642727,0.40978299831655596,0.7335949057955445,0.25556697792079625,0.7112409897362147,0.4113836257639792,0.5741666439211203,0.3349365204264176,0.38975892407970314
0.5779760747440389,0.6917805782732371,0.7521657097423213,0.29961664432225465,0.6265597342229088,0.6607166856891463,0.6590192257147084,0.5886195162254211,0.6253225785136475,0.7986473051926609,0.6101262463861837,0.5778011206960508,0.8099202536985767,0.8135809063347854,0.49249179468369075,0.6938888154838189,0.8664408568078741,0.7621837537751137,0.7391083079654758,0.3567252948175476,0.47099173314134823,0.5534090729640895,0.465163817443315,0.6201209845682134,0.6974431601890132,0.7172088936908839,0.45500398944840714,0.47471462478511606,0.5040144256274749,0.5085027282132878,0.6763153337239848,0.6580224464248051,0.8146746714141084,0.4984054996422933,0.4220530793768216,0.35723373016814597,0.33890942446744765,0.6108459347937061,0.5795467999471715,0.7161438185888517,0.38538255724938225,0.3445419781944211,0.2678564623202762,0.36566178153113904,0.6990448073177529,0.44729573086167995,0.3721702274976667,0.6807195781746225,0.2694074609374818,0.47266759612024123,0.7023740309546755,0.3730924437727712,0.41661641062098037,0.5396114637600308,0.7534947656502108,0.6440218272463943,0.5919545151623778,0.7312329575621709,0.31330656717633043,0.5104146355611917,0.5650457929105627,0.0,0.45335231204923077,0.7565709531227205,0.5560450073028997,0.3917531688291357,0.48242689633743246,0.48555505367309076,0.5574837908877965,0.5151625020089188,0.6485359383840172,0.5639998014774527,0.24888599863182412,0.5927603306384767,0.7014158088749533,0.7345131104781844
0.6049214281116573,0.47433616536940176,0.6288147097551932,0.4300889697162103,0.6979511804487085,0.38095882617896054,0.7392928995325542,0.28703443720962324,0.6601272183683176,0.6486532308926245,0.747307790945663,0.33146102061294874,0.45989176374555496,0.5679154851786516,0.3906294397559456,0.6410891471433684,0.46121293737969216,0.7072363681797667,0.7465902061006517,0.6154680522140726,0.6260470587577077,0.6309251159248876,0.43040396767084155,0.4520600518363816,0.5795856841636601,0.45056244493689346,0.5442052749466402,0.44746349373636407,0.7460290442669273,0.6137002406868545,0.7194897872957884,0.5309622210284226,0.7040556993369321,0.49298641292784123,0.441607428807705,0.14472950784503696,0.4027556830929885,0.5801848603558887,0.545836749065429,0.7107086961090701,0.4790415277618234,0.4733806721561764,0.2645119290451847,0.3420472076855715,0.5663291611802419,0.6313547486595704,0.26799860025064204,0.6518288325567622,0.42967494815918394,0.5235641930583106,0.39526085112728204,0.3879640092551619,0.29244195193666545,0.565823543671604,0.7461115099744652,0.612038148821837,0.24916175840861904,0.40851901234743027,0.5707849666408135,0.5625612612522441,0.7574972974980306,0.45335231204923077,0.0,0.7131742572079636,0.6848207043486941,0.6229669329959351,0.6121964612222862,0.5227309547680005,0.34858099455056835,0.3071930065757036,0.3555644756594153,0.7294262411301031,0.5532140806224846,0.7613423923655558,0.5833236795029395,0.7654572024414932
0.6335403533014008,0.8541056235119023,0.8027761145781714,0.529557837588321,0.6177406623545133,0.6573046419854894,0.8242988468713914,0.6294763146788103,0.564375940980568,0.6952560418285473,0.7060686559473671,0.7962649186842005,0.7419398259858417,0.8740592811437026,0.4656340251454312,0.5320064745948212,0.6707667691973657,0.7452413557470913,0.8891767645032818,0.6017803001443458,0.5887342877821533,0.7804388545882215,0.5355251485577439,0.5701511135587016,0.8841533417019903,0.8187446834945162,0.674937927821481,0.5526363534243162,0.6435390004533396,0.5215551906771196,0.5067081580140851,0.644383632351742,0.673781695023015,0.6292379596327146,0.53844891847065,0.4630595621687712,0.602414630306579,0.4639680539594178,0.4177545253554053,0.6253956135139581,0.6592603276086269,0.8545859034813286,0.43056079043135453,0.35444034064996854,0.3992508833363325,0.5899791909226559,0.821958595824091,0.5503032851192466,0.5218478987110836,0.5570358837623793,0.5754138919343453,0.6075970437512312,0.4500972640421471,0.38091410008727783,0.7700957015004917,0.6312367796964546,0.5583094064218058,0.49813415276733003,0.46327044278168467,0.5506292145647246,0.6769166214298996,0.7565709531227205,0.7131742572079636,0.0,0.5468871663252308,0.3938416593937162,0.6636778433189312,0.4295623579853572,0.514108467379823,0.8163665413147482,0.7140187550491353,0.7140271822713135,0.5605703353529702,0.5578474713970966,0.600670392166496,0.6204525898690081
0.7031863492621355,0.5431222423879078,0.6030050304746953,0.4099169512325423,0.780163108123797,0.558482986859276,0.5490086996012836,0.3506580491603827,0.8120635540693294,0.6337333467082669,0.613481793869952,0.6142684185702486,0.5065441891760187,0.5485263066836393,0.5789470080739247,0.44807042232780614,0.6033765139048369,0.5084683882438542,0.5428200691697369,0.7658988557922356,0.4617329881912068,0.771800808956948,0.3037012048079093,0.5972537350529983,0.5280267727472691,0.5928940499279151,0.4214347785778752,0.6222853134919692,0.4973039198333553,0.600177447537693,0.43888684131602845,0.458963801630022,0.7019596765733713,0.5130961703721352,0.2800613633638102,0.23872433517655955,0.4421253250801157,0.5736491398259708,0.4413058675560131,0.6801463615789678,0.489987381312909,0.3566316325183555,0.4015294859251833,0.5021611828346437,0.6966201814969133,0.5142445973478854,0.2369175225104501,0.6841054567745943,0.5323793030397471,0.5501121582546157,0.5856503494504733,0.44309857095361,0.4080447225620042,0.7368193530043928,0.6530634404924005,0.5879566504395898,0.5796636879287144,0.5334799011805913,0.5770225441075657,0.36887097477173514,0.520290759420974,0.5560450073028997,0.6848207043486941,0.5468871663252308,0.0,0.41415170943649354,0.8151315031431414,0.3300961355355926,0.6144190545036009,0.4043321535926563,0.6290534023364968,0.45525954480562214,0.7074842110232076,0.7971817722663996,0.6651254905135117,0.6542036862701557
0.4474397978461499,0.06772341744507263,0.2770939072323234,0.5390344750703168,0.4269313411421274,0.1609121470716223,0.3271076842363724,0.27531291328780494,0.46505370356878956,0.5540765124649466,0.46731686164166353,0.3188386124372003,0.0,0.38959044239003915,0.6361914414814938,0.11622450518963176,0.2652546144108124,0.07649007714379642,0.36410471340243855,0.7373826790249906,0.8436539958693424,0.44085116977121974,0.4411510255156558,0.1969203617736851,0.22640238398805412,0.13939655015349114,0.5626875832641611,0.5419219606664489,0.7102933344738596,0.560514043663026,0.7359461812825153,0.31934428918293334,0.19008138564778604,0.6401173151666905,0.5698095790549146,0.5398424392366089,0.4834660671691598,0.38034333951760724,0.17254024013052854,0.46834446267503105,0.6594518175956052,0.6765816528754804,0.392626716976091,0.5696354793030619,0.35563156796634926,0.6514523630727963,0.540281276926398,0.2851562205895546,0.5805686162449446,0.48975502112228275,0.19183247227205485,0.4641278146324131,0.3888363507849629,0.434122673829598,0.5823214943953755,0.2810897770170366,0.21215508687229612,0.215866798282053,0.5099241708112074,0.7078894757157391,0.7963258632881168,0.3917531688291357,0.6229669329959351,0.3938416593937162,0.41415170943649354,0.0,0.6670225044557171,0.7426646050773105,0.2594727215645867,0.7605411638327165,0.507467045877615,0.6302552310088276,0.5314805638308583,0.5025180756747653,0.2273298624039843,0.5880491809821368
0.6658980872075446,0.41446173577401746,0.638425826227055,0.5741636968050123,0.7436044428610883,0.42240721137993953,0.601594015459027,0.3144798615550272,0.8019009035628539,0.5755546153215804,0.726445762231323,0.4759908476170878,0.45867341167129966,0.48310464439414347,0.5782038261320334,0.40432951031765396,0.5531380184068639,0.48700021900524104,0.6777755323554208,0.8922781606905336,0.7209122487359104,0.8882710367108824,0.3333010508048568,0.3965335211561904,0.3445826557188386,0.3847683803542333,0.506741574007803,0.6213319199845644,0.6661184127646279,0.6768500573620762,0.6433131138189686,0.42179809694713033,0.6268888528355654,0.6169543366044655,0.4206836095346699,0.43194376072130264,0.4304225764369106,0.5922451052176723,0.2648798858281928,0.5753404154885969,0.5652375015822281,0.5592799048872361,0.4290038054968932,0.4960464549150154,0.5568946812167602,0.6205222909895807,0.27136306248793923,0.656429713394201,0.5743693838985408,0.6366711920032555,0.330804048927038,0.49286529475097546,0.42292930707199555,0.6992833455781898,0.6992340752528733,0.5882529306544284,0.28662267768087923,0.45080241550490663,0.5242587373030763,0.724878345143649,0.5260552518188035,0.48242689633743246,0.6121964612222862,0.6636778433189312,0.8151315031431414,0.6670225044557171,0.0,0.5074725527769005,0.4417260148220448,0.46413046180232265,0.45564856639876616,0.7107359858261493,0.6237668896180496,0.688950183182467,0.45587027291043103,0.5519212735434018
0.35110478874985396,0.24382362921496345,0.6758256989804394,0.38729901575433995,0.4918788275897075,0.5532907101134922,0.48402026909932877,0.6097571798296383,0.5227281459547155,0.7110085515221133,0.5875706977704712,0.5904379931792076,0.21934830489479767,0.6417571747298844,0.8412441788063899,0.15855639241841418,0.36034664256522775,0.2574056592213828,0.4533173542282004,0.7125792759857426,0.9249507175113854,0.538235100799572,0.8106629410540169,0.5204552645502999,0.30805556807113865,0.4359348423152577,0.773382283381779,0.4180155942528358,0.7596711500828418,0.5961299521808893,0.6764445780809204,0.5168385539376239,0.5039612791310073,0.6211022839329171,0.4921148103676317,0.521181510001031,0.3710149019112851,0.5799783139593702,0.3868298180279402,0.6282608436354697,0.5528353319721663,0.4350629925026739,0.3775971187813512,0.42573002391249903,0.42318499382157637,0.4878005232018743,0.8182231763212097,0.3976381101366019,0.36423736031523746,0.5477229994868634,0.41719711556412775,0.5782889254387948,0.6067792595085342,0.45289027286984335,0.6840057836724196,0.5406446062038254,0.5918501415804193,0.37614791996191566,0.473363620742767,0.7336561267406321,0.5810968361642727,0.48555505367309076,0.5227309547680005,0.4295623579853572,0.3300961355355926,0.7426646050773105,0.5074725527769005,0.0,0.5260144887953697,0.8229748103026331,0.7125457668811244,0.684616578001827,0.4029877221087972,0.28938392557126463,0.31578686507685805,0.5958283370760461
0.45322411317879435,0.488968895525403,0.5787615494027256,0.2822986077399248,0.5141761148990402,0.6570299623002098,0.37082063068781373,0.6580714830694404,0.45229687405751284,0.727190082831773,0.39028621428824417,0.571549779103605,0.6534132699119793,0.659630684160509,0.4468317410358865,0.39569336581271203,0.6140066064961202,0.3439537240230379,0.5188897719922214,0.30958424879679747,0.24332467798846807,0.3457914949211007,0.5576687669993741,0.7510993811360827,0.3525277713374465,0.5683096467831404,0.25495251390885604,0.44763012719677525,0.28469730162042023,0.5627678181637253,0.5145109858162507,0.7358360712512643,0.7525480249440728,0.5517720962155407,0.492593442952869,0.27303005007410086,0.24520870666811415,0.6512497262401142,0.8494199231866303,0.7675461369881343,0.3534815034468809,0.05523210676928712,0.6042730632637632,0.4582031669932556,0.8887119173562872,0.3020428731271228,0.36612974494738976,0.5290511982680022,0.3167827609760842,0.40311471689865813,0.8110086988814067,0.32799475512099896,0.6944810793029045,0.44631716923031256,0.6648872035257278,0.47489070882500245,0.7741043112831606,0.7921148747227065,0.5619096321979312,0.45541652055278825,0.40978299831655596,0.5574837908877965,0.34858099455056835,0.514108467379823,0.6144190545036009,0.2594727215645867,0.4417260148220448,0.5260144887953697,0.0,0.18502169004333022,0.6177610677771399,0.4109944301296617,0.40643574480798705,0.6808175363181262,0.8161199281053427,0.7240017465030679
0.2892945529203248,0.45471464894634495,0.8059572644216615,0.5387334013198051,0.6402593561892171,0.5445553549675147,0.723336952502012,0.6376902842118695,0.6499893321509118,0.6943746745902393,0.6520779393063507,0.37978820547063163,0.5738487600386538,0.5706481620154992,0.7795002876269267,0.463021096527312,0.47146088995943863,0.40982688122293226,0.7917746907642581,0.6284303182711362,0.8392731750170748,0.5726179286936894,0.7082516836687242,0.2514502882255417,0.49084903596556967,0.32264225293016396,0.7708336563310995,0.4264497506039145,0.9327159349965042,0.5477893746700921,0.7087847282735167,0.43729225002068034,0.5429112089122676,0.6693171173875881,0.5787867871725482,0.31005189479206974,0.36612822804781164,0.3960351043866695,0.2619431666787692,0.5656958174097954,0.5700164290513764,0.5082391839492353,0.15200100879961934,0.3683593070514288,0.4449400919782779,0.48338435791684503,0.6784278739709152,0.6395922545455232,0.3406055792253177,0.4948967083768149,0.36115836208562585,0.45624874175169966,0.6549298383651135,0.5347363178484377,0.7248019193464026,0.6700637340381596,0.27301781488016136,0.30208506314016265,0.4308822722729505,0.833441286127546,0.7335949057955445,0.5151625020089188,0.3071930065757036,0.8163665413147482,0.4043321535926563,0.7605411638327165,0.46413046180232265,0.8229748103026331,0.18502169004333022,0.0,0.20848002610071892,0.809396231385455,0.14204365723128182,0.31078420890212854,0.2568141818380622,0.45083578902402177
0.5230133065844651,0.6292971644607688,0.7877506470253178,0.33140355073921324,0.6942545367402535,0.6744001559173423,0.5286646917226967,0.674532550458308,0.6885641357828028,0.7308524178561633,0.7352765171225408,0.5875662701288961,0.7162956078847746,0.7722797059238851,0.6017174834291981,0.38419985614230395,0.6780836032815664,0.34841991838935116,0.6663425727183219,0.4353527548668774,0.5602056037851817,0.5154003085636956,0.6486195938969271,0.7261170150733196,0.606971421559884,0.7588620128587342,0.37505900991683244,0.4684846980666579,0.4295146369650877,0.4447637214517396,0.5367353695737973,0.6523673681035932,0.7293036485253626,0.49561576253151013,0.3749765419072873,0.38017770869472517,0.3347866702353132,0.40844131261636435,0.5458816878167081,0.6217917522652316,0.42325659622767037,0.27234446382076427,0.5075392585521037,0.39819081114629007,0.6610041547466671,0.4575015743564941,0.3536019854678211,0.7330913845813158,0.4347817033887621,0.4018378026336032,0.853406050406132,0.2676678926600072,0.7190378897775566,0.6387071901883541,0.6378624291490685,0.7963285734403869,0.7049888167662626,0.760771803128216,0.6472930477319845,0.6557337070674033,0.25556697792079625,0.6485359383840172,0.3555644756594153,0.7140187550491353,0.6290534023364968,0.507467045877615,0.45564856639876616,0.7125457668811244,0.6177610677771399,0.20848002610071892,0.0,0.6213011071459376,0.395360556220159,0.6685454727138421,0.6227683229262398,0.6429308067490228
0.49591531062253597,0.46765278608298216,0.7342117345995218,0.3765809109144889,0.6764012651761118,0.6980740403786903,0.6947179677388695,0.6030564267886294,0.6928752792982493,0.6752351640044822,0.6173764743154685,0.6856703284354716,0.4852458408681185,0.6404768694081625,0.8082189712845236,0.47545118595813424,0.3861747384634388,0.5078635622215238,0.6251756993049655,0.7793374087082847,0.7735979878992375,0.6885960573887281,0.7012586484727592,0.44655721532733167,0.6513102748275633,0.5959027481116822,0.8936643597156608,0.4772881160502226,0.868314387834334,0.5606011787662785,0.5822622271880167,0.5398177113756428,0.5808207708056463,0.5634446442968001,0.43112305706083154,0.39129595394145117,0.4637956335143393,0.5106098213802148,0.4334002202529686,0.6940508354919263,0.5394148165312925,0.4369384822023064,0.3116752023763348,0.4523070228994387,0.5275459893950954,0.46715116424116976,0.7745957076174621,0.5238399983511269,0.37238636894586497,0.6388447881641868,0.5284685235121718,0.7193753959798017,0.5905706979544146,0.6605245643679083,0.7734454206767555,0.6575971377970897,0.5561814950515097,0.40369640278992697,0.5124720840410419,0.69861838030984,0.7112409897362147,0.5639998014774527,0.7294262411301031,0.7140271822713135,0.45525954480562214,0.6302552310088276,0.7107359858261493,0.684616578001827,0.4109944301296617,0.809396231385455,0.6213011071459376,0.0,0.4984542944145393,0.5292423140678637,0.41436786452771207,0.5337036123384905
0.6032085767999434,0.3618227199983875,0.5314127701890053,0.6233684979008813,0.7394853349154002,0.4738712112866806,0.5850043423066082,0.4522893073972863,0.819569575436867,0.46530397702594023,0.80497540432898,0.6133725053507905,0.5496484659765626,0.5267184780017392,0.550558848260482,0.2346194547157152,0.4016519786975864,0.33606366510112057,0.615557316056226,0.6993932639810465,0.5351081361248038,0.5683070347907198,0.37533447855362656,0.34311879057245454,0.2528709434713092,0.36440472778239935,0.4047057635161549,0.8081087400654164,0.4978821785492626,0.7482584734589048,0.5757485776464919,0.3319257146912043,0.42783583991390045,0.5821071475770061,0.3504850647228799,0.6277639008370678,0.6103276274259869,0.5189886375215573,0.20997305107473632,0.4524644641047296,0.5287107355014411,0.6069731917370363,0.4227099191351726,0.6325010069279856,0.3809488431967748,0.5429951768173329,0.26036839582458854,0.6052590727924028,0.6446042486283909,0.6399755487798745,0.25275476234338123,0.3840697305779631,0.41041081852195527,0.7017328759914248,0.5692589651135991,0.6738299570459385,0.405472863497779,0.3579162368852295,0.6320129091819777,0.5861081508804851,0.4113836257639792,0.24888599863182412,0.5532140806224846,0.5605703353529702,0.7074842110232076,0.5314805638308583,0.6237668896180496,0.4029877221087972,0.40643574480798705,0.14204365723128182,0.395360556220159,0.4984542944145393,0.0,0.7297908173460343,0.4500136356203089,0.63248921024077
0.9099452489428848,0.6018178746431999,0.41621108558123326,0.4101747433122872,0.7691324643560488,0.35099150525000006,0.626380467583315,0.16644634032826333,0.6235394354709173,0.7381012868397334,0.5254613440386465,0.4376103607012996,0.46687749006481677,0.5603739735055705,0.32114282175827535,0.6410419420888855,0.5963718151727052,0.6063082145577557,0.51239855757131,0.5638086155193001,0.4203361727378737,0.7325943890679966,0.13785528199975444,0.6745052497305101,0.7243822579175866,0.6588964484410331,0.3279515652818413,0.5252993315473073,0.43467184521655633,0.44707356958453187,0.5914605079439955,0.6096530076783546,0.7660762835943796,0.4426674395784727,0.3175665807870068,0.10570120340074332,0.38398642264036414,0.5843018988901038,0.6515730359649224,0.6995612203445688,0.4852065676991757,0.4678383301981515,0.29895160140025345,0.5408596678862477,0.7673316319581174,0.787892608417064,0.2659672533142896,0.5846070244942649,0.5713540501548118,0.5189927711394765,0.4021479106750849,0.2959176170465024,0.28101949020003925,0.5696647444340566,0.6944847153894447,0.5767680920358199,0.5125878710790345,0.5571047319453529,0.6156906387036898,0.41892910954669665,0.5741666439211203,0.5927603306384767,0.7613423923655558,0.5578474713970966,0.7971817722663996,0.5025180756747653,0.688950183182467,0.28938392557126463,0.6808175363181262,0.31078420890212854,0.6685454727138421,0.5292423140678637,0.7297908173460343,0.0,0.7840730388343905,0.839962606976937
0.8489274853849679,0.8100805884721519,0.5419220017719851,0.2694970058531425,0.7713558497690158,0.46771184767821267,0.6780700348754468,0.4943952775250008,0.5231642386253159,0.6809118249366686,0.5500646843300653,0.66049126554028,0.7228322818263827,0.7495843187177427,0.3284255351221501,0.7374316503501533,0.6260140132857824,0.68891417249814,0.5657334260458756,0.38081482777245756,0.27805988048397035,0.6604245807600423,0.31584814424298435,0.84473576103032,0.8246233570092277,0.7486398566511094,0.2752508253257843,0.444085580568695,0.34625757171532556,0.5094543357389718,0.3831512548555034,0.8207187833785008,0.8858071887257296,0.4460580121210629,0.35240133905189314,0.36757639888511995,0.4584135710387947,0.6644414472766313,0.7586643934494426,0.7329326712233227,0.49951123346701287,0.29503090507713586,0.44896712551373147,0.2946698493987525,0.7340148896514788,0.5859860418117968,0.2990928349074019,0.5280065907017125,0.39924117409305254,0.4427089930300595,0.6936400225347024,0.4596955128404286,0.43581926553776523,0.5138985937572214,0.6739900571760613,0.5237006212158364,0.7541045244939394,0.7076164695606794,0.5569762426179163,0.3874823645954186,0.3349365204264176,0.7014158088749533,0.5833236795029395,0.600670392166496,0.6651254905135117,0.2273298624039843,0.45587027291043103,0.31578686507685805,0.8161199281053427,0.2568141818380622,0.6227683229262398,0.41436786452771207,0.4500136356203089,0.7840730388343905,0.0,0.6752307809969332
0.7860333264285915,0.5097077532533383,0.6092867074715588,0.31476514925389404,0.7848667145578163,0.4623872847979372,0.5764296931802705,0.43407953267135835,0.8139935223144061,0.8125745188228674,0.7364133906544105,0.46765073854779493,0.6055342040649335,0.6418528083321358,0.45735888573982963,0.5369888547827968,0.7211591266822168,0.610229894372982,0.6552800179162341,0.5661750776872129,0.5687451260539804,0.6051906687083963,0.43828388586546996,0.70896064259258,0.5571765032484669,0.5642226216781787,0.40879104199984995,0.49423748750118407,0.444588152288773,0.562660887549573,0.7140371454976677,0.5096270361218406,0.7824134546673235,0.4376247172516024,0.23467299093807525,0.40366135053591995,0.39038046639582735,0.6588178434178555,0.5822044395958214,0.7339762266721022,0.32161192326640886,0.21045760732518792,0.32179484078491416,0.39000333966342415,0.743875439827854,0.7029691957268451,0.2338729848928261,0.6769171345854589,0.4288415112978119,0.5651302542111466,0.610617975983959,0.28132722624183215,0.48520821654649116,0.6173951776733287,0.8324304185799662,0.6900173140703619,0.5453145866121959,0.7060376219115426,0.45011110413162025,0.6104031871163941,0.38975892407970314,0.7345131104781844,0.7654572024414932,0.6204525898690081,0.6542036862701557,0.5880491809821368,0.5519212735434018,0.5958283370760461,0.7240017465030679,0.45083578902402177,0.6429308067490228,0.5337036123384905,0.63248921024077,0.839962606976937,0.6752307809969332,0.0
