0.0,0.5028367106246625,0.5753108315531184,0.5298387770235504,0.2010983458131672,0.7371334207543803,0.7755440333399601,0.7521256928014406,0.7085195559472303,0.4719332873474772,0.735304522637856,0.29800286155949346,0.7923933429969903,0.46198054883578493,0.43877421861258464,0.744619293598223,0.5590977402834959,0.574003279817862,0.4528612597716215,0.5024922224085914,0.6194178401956039,0.7831256684685252,0.6914480847731582,0.0,0.7084681560093513,0.5347786996351647,0.6449039773189814,0.4420634807359553,0.9102080208061145,0.754672161420168,0.7586865965639266,0.5981370312044916,0.7303801840993127,0.6879826937524863,0.2570969788236721,0.3389818765825964,0.462401409094705,0.15419106130988255,0.326352766615561,0.684183664572201,0.5588399194705871,0.002539639120279948,0.5031474614198974,0.37923807176850877,0.01956035318841815,0.7988405095832919,0.5920977045338959,0.5869234340738702,0.17981722629821517,0.20937767189765802,0.7170887983306151,0.7709920461310906,0.6251283414622778,0.7239007046749925,0.7479857951201342,0.748492688180174,0.23444875312162156,0.6386984542164295,0.5390141338174195,0.5392090845171386,0.7784109366171044,0.7781287856579819,0.623726735597383,0.34014956488377196,0.5397125617013462,0.6437905011625495,0.4899216916458236,0.698590431762115,0.0,0.753904196622971,0.5256895207469561,0.6484447562079931,0.30101295661745125,0.8366642160713071,0.4564943844132542,0.47019661699232296
0.5028367106246625,0.0,0.23874179402951412,0.35381729186611177,0.18462465634009875,0.7050263925668273,0.43716073359783014,0.7535275400403512,0.4446708992272703,0.617350085140643,0.43905407859150974,0.33591698472207804,0.5755594529542934,0.44281554696441117,0.452128302057465,0.33951697704877737,0.5815289260564349,0.5293001025616556,0.027245624493663932,0.4246441266648625,0.5945235618486001,0.34332580140663926,0.6982449736827413,0.14506201577384628,0.7215797479216467,0.5483914660297603,0.3292672462108821,0.2390701852625103,0.6270558012010978,0.4842213944554923,0.6065210640168182,0.6334501833616598,0.6110896341942256,0.5269301157842664,0.19916633316648044,0.635058161172391,0.5637049502480933,0.1112436436860174,0.47050267260002493,0.6509473756761116,0.3471466183357334,0.029523432835679323,0.5658715785085887,0.44556492792053576,0.314584321443151,0.5739336935264228,0.733607212573431,0.23466055805511815,0.1592285875927607,0.15083517820922596,0.6161080889307518,0.5056919585021182,0.5548168590138775,0.41440421153377843,0.7582203840791016,0.44363193502330606,0.484657063849418,0.6456006108814754,0.4299767309322753,0.34062732415483976,0.5570136314349066,0.7141387308438871,0.49103852750993154,0.15591293288894398,0.3626599603804779,0.5404129560002477,0.35727140664901347,0.45256637868314853,0.29033368135029863,0.7770610107956045,0.5911476774088571,0.23124597053857834,0.19063648540103517,0.430282912430197,0.23025219925256957,0.2170509457488925
0.5753108315531184,0.23874179402951412,0.0,0.3298271417989423,0.7120074967083222,0.5462518802172054,0.7812502985974097,0.46187623456520566,0.8198945928022496,0.22807345624343825,0.903208789563511,0.7705545507279989,0.43679170103056575,0.7684994224201984,0.6676227049737233,0.4415998891789129,0.38634482093482947,0.148462552107421,0.8042011623578444,0.7331894352370719,0.2675924558018662,0.7787225402645833,0.541419652771133,0.560583699483092,0.1958002900806793,0.5327933793747786,0.9139882020396553,0.6649073139610782,0.5913361863807772,0.6696486738497173,0.5614011858195426,0.0907912275405654,0.4590818836368132,0.6004380609938516,0.2840764720234063,0.2575810648353061,0.19917310210269734,0.3162830691470532,0.06649460612683099,0.4540330686722241,0.7507647983303085,0.4938325654863969,0.12146308648875415,0.065108822179608,0.3823999868513285,0.541283986238534,0.519954941162089,0.7791188852686113,0.461750055601175,0.6702853023397662,0.6060177274915465,0.8324870660402136,0.644066502003088,0.7932476177004385,0.3052613743623953,0.886485879310195,0.41187037783855746,0.5327734726465855,0.8259457925822775,0.6587404476686123,0.7257964459453707,0.4797785179768107,0.40107289722598677,0.8265543829632997,0.865334227749734,0.05442721856292432,0.7996529328368822,0.6336713350198746,0.481929593264165,0.38767375641158597,0.5948069007129029,0.8992637733714061,0.7066274583790473,0.5137924302275287,0.7248219275024919,0.6816796740700701
0.5298387770235504,0.35381729186611177,0.3298271417989423,0.0,0.16059918085126315,0.30407106835858916,0.43215811614761734,0.4971523258604089,0.24226305019748007,0.31652936628889,0.3487174990679409,0.19749428662046492,0.599819679539232,0.13116580264330283,0.14525622932836552,0.5690204011066303,0.43650079102419154,0.6571078953730523,0.2638032771452832,0.26716032944449475,0.5093245585003564,0.4539325879322692,0.3875241895753923,0.12298614466129809,0.5526855454726843,0.22880246387385067,0.13794997517616364,0.3376330569662376,0.4341628639859455,0.42777803144686816,0.5561554283918569,0.7241025073570933,0.44887026464903845,0.7483159255371981,0.4204088814424077,0.5322044509636968,0.78333898654879,0.6180742261907382,0.6714653545886994,0.558466148846022,0.500642797959268,0.3473406149418821,0.9225811599871118,0.7471443557612965,0.5132248908412086,0.5487815243234546,0.4238883477165921,0.27807691078582175,0.5502690724281387,0.3658708311806656,0.44202505504237066,0.5181797333796767,0.3684730446955504,0.3675694836383291,0.5324977824644498,0.4742233393349099,0.3345941798535556,0.5432533924351453,0.5524274280797016,0.17925254741655378,0.5621399130348069,0.5047110558677805,0.5192301185662077,0.31014070949982575,0.36476054033692284,0.5829511400768282,0.41573782991166175,0.27855173646112913,0.1673810463042008,0.6688254469397563,0.4572151766301713,0.20512999614355276,0.5269098155634673,0.622442092477476,0.3596925994246567,0.4592407599568138
0.2010983458131672,0.18462465634009875,0.7120074967083222,0.16059918085126315,0.0,0.5262350130403921,0.0,0.005526328947906289,0.5468736580674387,0.18159279712566467,0.3370611631779203,0.5167364940011013,0.0,0.42417250167873405,0.39231967081963126,0.27706832781760116,0.25160860001720214,0.17825259130713766,0.7612773267331249,0.38499945975881117,0.10989676800189284,0.226111839582281,0.2474176028210103,0.4815820494511398,0.19450514811576944,0.26223004734046795,0.5803414166358398,0.3407754999802302,0.16663437268201584,0.11256162966168104,0.0,0.09529742505460746,0.30090487253672465,0.32186762358848264,0.7647432852622403,0.27966321708059416,0.25454383981030027,0.5390275132256174,0.3371345292181764,0.2814675457974767,0.6358298836500491,0.8898883011468107,0.10796796448741687,0.3574312897683509,0.7316850402174426,0.24736085947073466,0.26154488601366266,0.6954319321603593,0.9310984304284247,0.9293609459408151,0.49085629334020814,0.4853186775121595,0.05712405034138439,0.4506638134185,0.25265643074341376,0.32514096752636584,0.4053742289915296,0.3514881017755652,0.34327087691767655,0.5349077701905095,0.5632386635192345,0.30753591450308404,0.3865699765553185,0.6477391462221733,0.6653276568075177,0.06664128134086907,0.668914401808093,0.32957945626941326,0.5743571050785984,0.14103574685804537,0.29378163358311854,0.6170772550318289,0.8615663192199121,0.4454751677894728,0.6986473388528698,0.769717553574088
0.7371334207543803,0.7050263925668273,0.5462518802172054,0.30407106835858916,0.5262350130403921,0.0,0.7370442121852822,0.6528287737090827,0.5984986774102808,0.3756251757559086,0.618793733612041,0.6645167752706491,0.45540374033633635,0.6166984911761488,0.5801751557225668,0.59590340440551,0.42220257229908925,0.5092097574852146,0.3593772842562781,0.6179069611533999,0.6012347871531563,0.7478632682147646,0.6411699826625763,0.3542932900163053,0.7207700712017421,0.5526552817164562,0.6135788365427102,0.4341202788452131,0.7177892785349175,0.7546543802519534,0.6936648992131522,0.4966743092950019,0.7150181796028856,0.6899704499085673,0.34281281325245155,0.4479695868015245,0.3861431705038377,0.31639020689440545,0.3301664314100385,0.7436712008203437,0.786726947153629,0.2914257176292324,0.4334573547047563,0.5860691849260309,0.4582766928978517,0.7560675017344184,0.6476678195435136,0.6547753440251162,0.39570850048474837,0.51071570055236,0.8023290461399398,0.8236804302074404,0.6304393766053238,0.5683503509064746,0.6912523380949606,0.656244256815677,0.5647024329910524,0.8185514127637793,0.5689920803507447,0.6105948297931929,0.7322671158650325,0.7211495570943515,0.5354481805097775,0.4409582095352782,0.7518591661415066,0.48868713037277645,0.6608526895078554,0.6549827761661486,0.44671702232180244,0.7107913048622335,0.46357248478460394,0.7227337585022598,0.5675978276697153,0.7223593022514213,0.5463815469973192,0.5871575425514183
0.7755440333399601,0.43716073359783014,0.7812502985974097,0.43215811614761734,0.0,0.7370442121852822,0.0,0.751149539840402,0.7508248272109216,0.668067266719827,0.9051162666346474,0.5595168037643937,0.7980039129312232,0.3241913023109467,0.3902353045504879,0.8103252031533347,0.703816767065293,0.7382932619586716,0.4922033888481078,0.48157117682082456,0.7307565492334942,0.735618716495018,0.7194104144844597,0.09942241781260798,0.6194059561122968,0.5874057444851954,0.5845985620652299,0.7229056693245923,0.8588283586749662,0.7702358154763792,0.8152093357570337,0.4890650186320744,0.5977353675974696,0.729286366906307,0.10555571396011619,0.51024424695294,0.6580001271866498,0.2304579918730042,0.29636961623533564,0.7655917541865456,0.6079125160272637,0.08911602890606206,0.5785323170363494,0.38818440907293034,0.2867939904937859,0.8644467292866721,0.7893012354167125,0.6077958742337013,0.08714133913936298,0.39381795001542624,0.7596143230229211,0.9145989759685345,0.6208986085438576,0.8479065233659566,0.8116431257100444,0.9273490986309469,0.4926081968127444,0.8014383566215652,0.6824500094997296,0.5106334600734636,0.9334108957951718,0.8524879032189073,0.7130026945277579,0.4726872055283039,0.7467218018301397,0.5103848405473502,0.7210575023802672,0.6227697703883747,0.18333207853054956,0.8319206622754244,0.6488000751299061,0.6104248650355423,0.48293587245761016,0.7876393301712292,0.5451674540291799,0.5027850368556981
0.7521256928014406,0.7535275400403512,0.46187623456520566,0.4971523258604089,0.005526328947906289,0.6528287737090827,0.751149539840402,0.0,0.5136599436375148,0.6162245537441324,0.5667887100123795,0.7420487070961871,0.7231625080898206,0.32362929464639123,0.3006718334178246,0.7489106936277876,0.65930967471026,0.7662432513298897,0.07989406281186595,0.2086393072818854,0.6735309031045161,0.6232832043875628,0.8371355560777789,0.26951081384572106,0.7901544743779617,0.6321225583269091,0.4226025881875213,0.4719963724253913,0.665373263824648,0.6664311813585877,0.8581069034803739,0.7090156047543279,0.6586117491366356,0.7145588061964309,0.04274459494963777,0.3388158094123159,0.46383371137245155,0.25490158946628216,0.40268924892719843,0.7435049005729656,0.5004757077809127,0.0,0.7278247663351012,0.5546582900529917,0.15116746850138502,0.837474161631871,0.8592397215945341,0.34630757662648126,0.0,0.13895186355177966,0.7294140282590201,0.8016980605345306,0.7371974646416242,0.6331457607053759,0.9424308203149434,0.657920139971941,0.6857188149558879,0.8130595060397158,0.7029247816357506,0.2908540811665481,0.6604564188208505,0.9232190895523387,0.5503269428155387,0.14694941492902805,0.4466684987415685,0.5607236461654396,0.313688649673987,0.5923242043003049,0.37927791193395805,0.9653788206056485,0.7834891131162004,0.48491417471389,0.16490908264084952,0.5464335325913019,0.49841935708575424,0.29829063220135127
0.7085195559472303,0.4446708992272703,0.8198945928022496,0.24226305019748007,0.5468736580674387,0.5984986774102808,0.7508248272109216,0.5136599436375148,0.0,0.4413603793312911,0.8542934467812454,0.7400015670312707,0.5249702348795264,0.6600865662960553,0.6311593511607874,0.6268201574057434,0.5538508973116729,0.43170151332958406,0.6527002032290967,0.6726750183665023,0.4354179014123288,0.6928550601759828,0.6581171820418596,0.25193706105518426,0.5587687232222154,0.6314350377043317,0.8973005916190757,0.613880037538989,0.7645547931117394,0.7232664294087329,0.5979335434524358,0.2667760949537272,0.6253062979388642,0.6189409902247581,0.266395630290933,0.30099918404718906,0.38481233571679807,0.39466392088062036,0.12756840830636335,0.6406139096635891,0.7504370240000144,0.32906616494895824,0.19099816020673052,0.23501515256744984,0.3908548208841002,0.7815139354587848,0.6854788943403198,0.7465086928130193,0.3085534360379977,0.6202279475766753,0.6845660750309891,0.8938988923121974,0.6517066888621179,0.8429941402992543,0.7399568606398291,0.7967477584746147,0.5929555645868161,0.7961414285372612,0.7403759819255828,0.7282796146776542,0.9248474205114675,0.7717956401338204,0.6691655797883352,0.6170953829510077,0.9191039198039542,0.41589533899756564,0.850109785858296,0.7746078746157878,0.3720754846338339,0.7048175399638363,0.7121785567325195,0.8836419785234263,0.6196472759564013,0.7608844310432413,0.5259732709014466,0.7116769457251557
0.4719332873474772,0.617350085140643,0.22807345624343825,0.31652936628889,0.18159279712566467,0.3756251757559086,0.668067266719827,0.6162245537441324,0.4413603793312911,0.0,0.4916967643811969,0.4611430319731523,0.5981807236482846,0.5655135175031137,0.36626471249383946,0.41950940467682224,0.576533780325046,0.5739791877858058,0.14389491906600135,0.24811180429079757,0.6140399110278225,0.3395081790537824,0.532459048878322,0.4097635932362965,0.5517517623617662,0.7092559332749213,0.29635822734553363,0.4603827683677708,0.4636125550197003,0.4974953767900181,0.5589432078829029,0.4296207471294006,0.3926930891268545,0.560776162804274,0.31153547123650316,0.6890374413603471,0.6449877548371511,0.13878620730368865,0.3226259203351952,0.5399437479453881,0.3989231051197054,0.251534364211767,0.4339192173731018,0.27025185087029585,0.2169541675607113,0.4592663718795801,0.6130857348323991,0.23960430149049977,0.0165715629932694,0.24296330679236605,0.4527099349138433,0.48669017024274913,0.4769802118883113,0.45775798119422506,0.6675844373333577,0.5100056632523361,0.5244704774902275,0.4613214849684974,0.7666465168765002,0.2972839122460135,0.4758451973311407,0.652481750975849,0.46440215772311555,0.19088953918000287,0.3448047549453209,0.455687718624241,0.3325675747121992,0.37239771575057384,0.43176066850436967,0.5820052184392092,0.48536319582583975,0.30242211923393547,0.0,0.2958466750908093,0.2611418473597949,0.3048978305309963
0.735304522637856,0.43905407859150974,0.903208789563511,0.3487174990679409,0.3370611631779203,0.618793733612041,0.9051162666346474,0.5667887100123795,0.8542934467812454,0.4916967643811969,0.0,0.7743103000519312,0.5952214864267829,0.650059558160456,0.5816539031998231,0.6921927052754032,0.5306699235005031,0.48379876918198833,0.6869089481315738,0.6185185307611653,0.40482853528237184,0.7467798828057709,0.5872001093515902,0.386760131580123,0.36639648853544315,0.5067909479284691,0.7389354178647938,0.7202503048080744,0.6725871249861464,0.6950708456062848,0.6398407276248622,0.26838990120964223,0.532844011323029,0.5660148661824499,0.3392626035919954,0.25631830977539416,0.4144066312300724,0.3261543930840684,0.19680830048706666,0.5553140208559297,0.7316055562840066,0.3208225978137257,0.28119713118529205,0.23768269058268174,0.27021913106169476,0.7568941898231327,0.6723289641065564,0.6994743950948784,0.22580259980892603,0.42829442148281865,0.6808344117916074,0.8900695928273694,0.7230974213052618,0.8568225567379362,0.6490374887478578,0.8441812975353791,0.6065393382498968,0.7172841051344414,0.859036356140464,0.617783223071423,0.8587128190017215,0.7189731452475633,0.6383659163957831,0.7029123279748155,0.7521541714418133,0.2440943418362019,0.7226500096336582,0.6322275960705466,0.3619376278104825,0.5986053631646265,0.6986534902321466,0.7364777648889641,0.6182670891331643,0.6139946139537819,0.6479608053352544,0.734371906686517
0.29800286155949346,0.33591698472207804,0.7705545507279989,0.19749428662046492,0.5167364940011013,0.6645167752706491,0.5595168037643937,0.7420487070961871,0.7400015670312707,0.4611430319731523,0.7743103000519312,0.0,0.5641629277198418,0.7351956021251028,0.5075530804382671,0.30207722161716233,0.5444585309697112,0.26992715889154245,0.6543414424917665,0.5288495183970523,0.4243576650937065,0.3917380572485095,0.7242652416622765,0.6405276581301125,0.3752522827303423,0.7137862757511396,0.6559512506767713,0.6218742540005522,0.4954088152466331,0.7340950395462615,0.44691006455403226,0.4050579392352335,0.4091649872461345,0.6067887122940728,0.3762312262803004,0.6444281791880911,0.33002020963152506,0.40187576028858185,0.21581665905258102,0.4993595832262281,0.5964124433189147,0.34457097151095106,0.2578847551042452,0.1442703928493446,0.27716250683263277,0.30148819759813505,0.5822975901281711,0.6404346317907699,0.20785967278069664,0.49884376109810563,0.5347530438401846,0.51542737769317,0.713758476661767,0.6667135220211051,0.3863171508059545,0.7126644426376344,0.5926798081955598,0.35660286464659124,0.8196502417101305,0.5647474789166216,0.3944254020419962,0.4455924376801647,0.28020496650799154,0.7256250893232967,0.6184676489226679,0.19703355297078257,0.4864496397240574,0.565390435101057,0.681885865186289,0.2990980352751566,0.4717448738821607,0.6105485149004259,0.27447315460627647,0.27266102166222417,0.6129933377631619,0.4498258015864109
0.7923933429969903,0.5755594529542934,0.43679170103056575,0.599819679539232,0.0,0.45540374033633635,0.7980039129312232,0.7231625080898206,0.5249702348795264,0.5981807236482846,0.5952214864267829,0.5641629277198418,0.0,0.18817790233538123,0.36662954214272236,0.8019454887668236,0.7292220732530672,0.6790165127660083,0.15032415732491375,0.3013099616966775,0.5833632149505481,0.7104070818113014,0.5535358335838937,0.034769246827725205,0.6745688078996437,0.5545432986436053,0.5150278603191775,0.5145188774745005,0.8187951445810298,0.7738045640625834,0.9762491475820271,0.73271805611419,0.6125865185663876,0.7874905162440509,0.16523450363484554,0.5396234632791087,0.7053142756639864,0.32162303516693924,0.35755191684440446,0.834386443423933,0.5865333702620993,0.0,0.6483150390625186,0.5203184754603837,0.12577042449521836,0.817658993514621,0.7759885047368522,0.3225843177243729,0.06817080148677997,0.0,0.5551906333910792,0.7453769567330383,0.6047199245847246,0.5982799539568078,0.9056490163719895,0.7057536203302462,0.4835985411022834,0.7772743980063207,0.6086404322690206,0.4049270242535805,0.8369492109242233,0.9594709734289045,0.6450613158392143,0.3084817354245252,0.5440722058612601,0.5497265423836624,0.6088758271405819,0.3654307888413443,0.22641228302215188,0.8820451304051913,0.6892458710479921,0.3958988080132739,0.3134457075418946,0.7138201804078594,0.43202065034920945,0.47300372268732144
0.46198054883578493,0.44281554696441117,0.7684994224201984,0.13116580264330283,0.42417250167873405,0.6166984911761488,0.3241913023109467,0.32362929464639123,0.6600865662960553,0.5655135175031137,0.650059558160456,0.7351956021251028,0.18817790233538123,0.0,0.758313180996484,0.2490035372628934,0.3174891725643918,0.3209684680805732,0.7101535783447018,0.5637122052069523,0.18567038000231287,0.3893051642886919,0.6212467394149294,0.6558777985403325,0.5720897334515481,0.5182557601998657,0.720612275874089,0.43507191600423606,0.5265136340235582,0.5337400582258254,0.3147649549073622,0.148153133549639,0.19342328966261363,0.06261307369024047,0.1650902014677592,0.4209681594670058,0.291811130776647,0.26853705073101775,0.1363198011744794,0.1897776621621953,0.4156352541168423,0.48892371664358836,0.0,0.09354765235831883,0.33514797675989705,0.47511078010076013,0.4935970234439462,0.6161068232865964,0.2246667726520271,0.4207452870396854,0.617966746797469,0.3861934651947141,0.5006900405733906,0.6374889041988773,0.5485789969535542,0.531850270892176,0.6512980210663808,0.37003877695210724,0.4200276352416714,0.7636624888404228,0.4141564300220127,0.5062654032603808,0.43051230136059454,0.7096266833433681,0.6073925749297898,0.2891797797236638,0.563399153947805,0.5691117477189539,0.5132939337913405,0.5565292293529814,0.5273609130402735,0.8118230550323833,0.2846947578225464,0.5334371084171713,0.3350147078927609,0.2840315108533959
0.43877421861258464,0.452128302057465,0.6676227049737233,0.14525622932836552,0.39231967081963126,0.5801751557225668,0.3902353045504879,0.3006718334178246,0.6311593511607874,0.36626471249383946,0.5816539031998231,0.5075530804382671,0.36662954214272236,0.758313180996484,0.0,0.24153814131049792,0.27675799974852117,0.19832681321370416,0.6526422990486548,0.8447141547400066,0.009918535018071203,0.7037805777133062,0.39915772799009896,0.45035932738800544,0.4900533180027205,0.5017397555464969,0.7749063387051494,0.49698773480445196,0.5005396300334684,0.6309131833981917,0.525597523311999,0.23230310087229367,0.3383384846490133,0.4370977917438653,0.20284976290140339,0.6548395830215049,0.3847282138476749,0.25099057417079873,0.032992470991781056,0.3158273188733665,0.5947730424607002,0.5182705038881923,0.29602890479021193,0.3372824480298613,0.25383248221077886,0.41943731536771056,0.5112885854291319,0.5732785386632544,0.3697621676492891,0.27275150421839234,0.5717938131788911,0.43897877269089547,0.288161455065822,0.547677441558754,0.35596284733233274,0.49578469482492254,0.192114332694314,0.46202511383959366,0.5893899874945029,0.8563860114906052,0.5799853856117506,0.48177530390678025,0.3568660458401608,0.675089153523653,0.794513574965166,0.03504037434689149,0.7737041830471306,0.4345863315829936,0.3983999246567763,0.42883362075924447,0.43103971757286086,0.8531805922103733,0.604980268049956,0.6042599722523733,0.5140537024897582,0.5730713869283629
0.744619293598223,0.33951697704877737,0.4415998891789129,0.5690204011066303,0.27706832781760116,0.59590340440551,0.8103252031533347,0.7489106936277876,0.6268201574057434,0.41950940467682224,0.6921927052754032,0.30207722161716233,0.8019454887668236,0.2490035372628934,0.24153814131049792,0.0,0.7111249766543579,0.664402951671972,0.2874384698218998,0.3586727158119183,0.7439050520730139,0.7069715676315481,0.5513431449326781,0.07335067361516368,0.6429085048781034,0.3661468933390668,0.4806819789226293,0.6469320013582225,0.7969671363085217,0.8132771263837498,0.8195249192041812,0.5734711898404931,0.6924548220321373,0.8667062691318876,0.32847785980486255,0.401259523196948,0.49399403549609,0.2831320625432938,0.4462384956435148,0.69905428927235,0.5934627576696353,0.011791878496257534,0.6866482461583667,0.6021920506030644,0.28421875042610106,0.6848243000963445,0.47808701395070385,0.5358108811396787,0.1571834953407688,0.323480010689283,0.5934283493763544,0.8302936214847418,0.6692064663187484,0.6594286149892582,0.6868168107431785,0.7427656304650923,0.33503897889820794,0.6809390260973277,0.5372924798324046,0.31274402309961036,0.750156131470334,0.7627852867619208,0.6269648341293289,0.21028059025413826,0.49035444709406295,0.5858018677291577,0.3666231498804203,0.44266551191628173,0.02729536802969737,0.6974595038781459,0.537096377932618,0.4691144275772909,0.30085350067504996,0.7378237268098236,0.5838838480253083,0.3957564935932178
0.5590977402834959,0.5815289260564349,0.38634482093482947,0.43650079102419154,0.25160860001720214,0.42220257229908925,0.703816767065293,0.65930967471026,0.5538508973116729,0.576533780325046,0.5306699235005031,0.5444585309697112,0.7292220732530672,0.3174891725643918,0.27675799974852117,0.7111249766543579,0.0,0.5653209512746356,0.20790291085760187,0.45716264230766795,0.6997048881394288,0.5618121727070292,0.48486495290147513,0.060780565551842844,0.4529208170263376,0.5409825531589972,0.38889201479055185,0.581890969433897,0.5905293607096568,0.6267189383090375,0.6425942341753378,0.6075418939495099,0.6228596149261479,0.7071503502399011,0.3598538051293735,0.44315374795618045,0.6744789709340511,0.2301615670483283,0.4019587135667913,0.6691645708308381,0.5574310174117715,0.15514754525714253,0.4684196887464011,0.368430844532399,0.35608435601058064,0.5852244955638857,0.5298112283601223,0.3188743827801357,0.16493488478278404,0.3535275293187582,0.4291742193369238,0.6527759620906516,0.5442714337310415,0.5478221371163989,0.7370225266066035,0.6189815019778542,0.6034943556390409,0.5721468353553525,0.5399326622929485,0.13682330579064295,0.6092328240186166,0.7496220991914246,0.5272096231015092,0.21339690051668161,0.44080750794060786,0.4479543372365868,0.4309521956682431,0.3439822980527494,0.31973177978186246,0.6057704301235467,0.5321812628485504,0.2927428781386611,0.03394566401057894,0.4939947684395313,0.3061110491327424,0.43888176800238293
0.574003279817862,0.5293001025616556,0.148462552107421,0.6571078953730523,0.17825259130713766,0.5092097574852146,0.7382932619586716,0.7662432513298897,0.43170151332958406,0.5739791877858058,0.48379876918198833,0.26992715889154245,0.6790165127660083,0.3209684680805732,0.19832681321370416,0.664402951671972,0.5653209512746356,0.0,0.0006573720776919117,0.24040813816931728,0.7727956508842578,0.4826577409611864,0.4861226339071941,0.0,0.5839456980735064,0.34050020298432454,0.30569593041492993,0.49065712408281953,0.6785693151897012,0.7403002807780872,0.8425424045681429,0.7978208249835296,0.6727032804997908,0.9024436036420899,0.44870743472027397,0.5002795103912507,0.7091822645117182,0.31604077338420716,0.5367134116964339,0.6398883655819665,0.5166211280717594,0.030647551910978833,0.8552659557429507,0.6798928009805111,0.2494462811193948,0.5978378040934587,0.49932577351778906,0.28127830376121454,0.10636760049642824,0.15007049420905638,0.4908244377422915,0.6023969899938026,0.507880147222131,0.46091252045815123,0.7404220668900228,0.5628521961650077,0.3590577152557224,0.5274252429642402,0.6363681435671347,0.004363596376557061,0.7367434082088351,0.6942714152407099,0.7204337195430246,0.009621961347553581,0.26008943284732705,0.602496799885996,0.2809900547955271,0.32049032776219233,0.03129086695507957,0.7071287864720807,0.4174145433866129,0.293221032383745,0.11081130264047809,0.5966349744533495,0.29196087345857774,0.36218735378876005
0.4528612597716215,0.027245624493663932,0.8042011623578444,0.2638032771452832,0.7612773267331249,0.3593772842562781,0.4922033888481078,0.07989406281186595,0.6527002032290967,0.14389491906600135,0.6869089481315738,0.6543414424917665,0.15032415732491375,0.7101535783447018,0.6526422990486548,0.2874384698218998,0.20790291085760187,0.0006573720776919117,0.0,0.7516158748903612,0.026961387949779675,0.5804470992377534,0.15906799634193552,0.6796733846847189,0.2752075816954418,0.4669014887490452,0.8567793327833962,0.5372149945831646,0.2948161476379558,0.420813025681825,0.25970299100431504,0.0,0.3385849828485492,0.4210913232049239,0.6445203818466206,0.1605926653123562,0.017815727952903603,0.4190050794480561,0.13750462531331442,0.311062233780299,0.7878572070940284,0.9548839148511835,0.014031248176072632,0.22194183586513247,0.6173896096287658,0.4184521320486897,0.22644489532346432,0.8411601347592269,0.6901212155322058,0.7130605659599807,0.3430885896099901,0.6025341291530347,0.2541496272986131,0.5869407202913446,0.1432400751346839,0.598208158200643,0.3679694608424761,0.36217897936939825,0.714953106123511,0.6992684538060172,0.6082848694985707,0.27781056431416634,0.4624309598429175,0.8643607843238701,0.8430546481442363,0.010055947810406113,0.8573772855254406,0.3138580123880613,0.6029217476496679,0.30475736213408644,0.4965974440193365,0.8343953655775543,0.9537002210659812,0.5701948919733456,0.7655835264571167,0.9074495479804894
0.5024922224085914,0.4246441266648625,0.7331894352370719,0.26716032944449475,0.38499945975881117,0.6179069611533999,0.48157117682082456,0.2086393072818854,0.6726750183665023,0.24811180429079757,0.6185185307611653,0.5288495183970523,0.3013099616966775,0.5637122052069523,0.8447141547400066,0.3586727158119183,0.45716264230766795,0.24040813816931728,0.7516158748903612,0.0,0.13674191699421995,0.7505353271142096,0.525689896387191,0.4498257487080724,0.4402262407002402,0.6032469799021176,0.8159105027856224,0.660804472207157,0.39924806144711494,0.6709100971927446,0.40830426965975375,0.2507785885746764,0.33543804611605477,0.38830727317908303,0.2458298183074294,0.6106433495256706,0.44984360844841464,0.3217485629832089,0.148637906446798,0.37682950524659153,0.6266495225608045,0.5338351703371934,0.2301048509452837,0.42886522618786677,0.4404482361069944,0.3622486586349129,0.5060962782030808,0.6801294704807139,0.4624871231085209,0.3694906660513555,0.575914833272997,0.5703842601774352,0.2712027911026487,0.6160519437990195,0.3198015430259661,0.5653652908362911,0.2877068886635826,0.460060017025123,0.5754912393852943,0.8611910468567245,0.7101319932491883,0.44420233871980064,0.4144356214360044,0.7852797449782201,0.914612373046425,0.22263947448937974,0.9289648323552289,0.5946691713598746,0.39642415260614716,0.29117144134389616,0.3352716678750672,0.8729874211883352,0.6875473714031857,0.5983294730753783,0.5968114326335583,0.6981359929602137
0.6194178401956039,0.5945235618486001,0.2675924558018662,0.5093245585003564,0.10989676800189284,0.6012347871531563,0.7307565492334942,0.6735309031045161,0.4354179014123288,0.6140399110278225,0.40482853528237184,0.4243576650937065,0.5833632149505481,0.18567038000231287,0.009918535018071203,0.7439050520730139,0.6997048881394288,0.7727956508842578,0.026961387949779675,0.13674191699421995,0.0,0.6294720946489848,0.6872206399238223,0.2362712936166906,0.7894584981259182,0.535776172103034,0.42876796658902366,0.4693908749410489,0.5980715330347895,0.48882866736804065,0.7987378281619347,0.7723133505820038,0.7570842840412038,0.8452603543951666,0.3619577150108868,0.42506486571345625,0.6175420754159258,0.4326131601369736,0.5143247062777349,0.881892135692625,0.6257555700066688,0.03601054122883217,0.6224422142914864,0.6107017876104268,0.324585205953349,0.7134748810185875,0.7394743456774162,0.330481385559275,0.06946433223439365,0.2048601508977816,0.6556471888265939,0.687778465665079,0.5150734043062699,0.5317056607333852,0.8599970456357442,0.6495934391517163,0.4656087437852801,0.6128850988519305,0.43718429789146257,0.2702033134860599,0.7924146750008865,0.9462348726073309,0.7411497585091701,0.11592101935832601,0.495138186989048,0.36687192546023184,0.5670108719402269,0.6504284072311342,0.2698249641989299,0.9675535237468478,0.6607329672115336,0.4922011389803398,0.26063556548929334,0.5747137836426497,0.4931942703265647,0.536319487182251
0.7831256684685252,0.34332580140663926,0.7787225402645833,0.4539325879322692,0.226111839582281,0.7478632682147646,0.735618716495018,0.6232832043875628,0.6928550601759828,0.3395081790537824,0.7467798828057709,0.3917380572485095,0.7104070818113014,0.3893051642886919,0.7037805777133062,0.7069715676315481,0.5618121727070292,0.4826577409611864,0.5804470992377534,0.7505353271142096,0.6294720946489848,0.0,0.64942522681966,0.10436013703406827,0.44493106614847233,0.5041757345824325,0.7200065338727051,0.7038831388445026,0.8218652409617652,0.9070928698722681,0.8300072248201333,0.48632867589764034,0.43100235496644945,0.7224816975101577,0.14393580457641902,0.5423387590399693,0.4890174285168975,0.21696291599398812,0.20663843306048502,0.5617236029528018,0.6390827943359836,0.059701661182755626,0.534966765085732,0.5097589675289371,0.33800736120959907,0.6975504756625119,0.651088230332236,0.6583399360851387,0.2224771385419774,0.2222413025385624,0.6768159629079785,0.7411419853114989,0.5834574116715787,0.7574222110176976,0.5261056488035708,0.7516331771257199,0.17120931107077814,0.6878774221990843,0.5155873175864726,0.7174546069611397,0.8382141806276883,0.737337615044247,0.5557974199647904,0.60309181135546,0.8322189274185553,0.45468156640985335,0.7931813909791823,0.6549172094940052,0.1587641095034248,0.6902655433421485,0.5577529635988191,0.7600213703355423,0.5364448622118952,0.7820072776738809,0.5948305224876107,0.6241439177410099
0.6914480847731582,0.6982449736827413,0.541419652771133,0.3875241895753923,0.2474176028210103,0.6411699826625763,0.7194104144844597,0.8371355560777789,0.6581171820418596,0.532459048878322,0.5872001093515902,0.7242652416622765,0.5535358335838937,0.6212467394149294,0.39915772799009896,0.5513431449326781,0.48486495290147513,0.4861226339071941,0.15906799634193552,0.525689896387191,0.6872206399238223,0.64942522681966,0.0,0.373903072244384,0.7463579645279896,0.607631628936008,0.3547175295194662,0.4412338678242443,0.6242126911864699,0.6914913975133069,0.6934433280304976,0.6024516759735102,0.6804965264098123,0.6498517261059433,0.10604735137775011,0.35710841171886243,0.44216267074045357,0.34196388158966773,0.3263652971469407,0.7319078974926478,0.5352794506740544,0.12477758491042862,0.48156155883017987,0.3661422223308104,0.20381546559554847,0.7195135795022758,0.8142285085859988,0.4985597083080904,0.15756081551023005,0.34586693483161146,0.8485700256305289,0.8488108896774132,0.9217791112007137,0.7237349688746987,0.8324857454197627,0.7163167468034614,0.6643445936900716,0.779901723880638,0.7114051906495297,0.41350284686122196,0.6371605910615312,0.8658547041971448,0.5213377799291302,0.19368404811248904,0.5429881038649153,0.5352904434208456,0.4229528653616253,0.6896229171425052,0.4690744565234628,0.8629921223377892,0.7831780032416432,0.5888481628994996,0.24249206300227513,0.5002616541587687,0.45908242205318744,0.3953995918247966
0.0,0.14506201577384628,0.560583699483092,0.12298614466129809,0.4815820494511398,0.3542932900163053,0.09942241781260798,0.26951081384572106,0.25193706105518426,0.4097635932362965,0.386760131580123,0.6405276581301125,0.034769246827725205,0.6558777985403325,0.45035932738800544,0.07335067361516368,0.060780565551842844,0.0,0.6796733846847189,0.4498257487080724,0.2362712936166906,0.10436013703406827,0.373903072244384,0.0,0.04543600407553076,0.22250176792581183,0.5052348871987494,0.3237280807722265,0.10430486898156396,0.2303737480903873,0.054884555011059565,0.38942086977715573,0.2402471543238516,0.3657910156384974,0.7125141163739483,0.4924581334059561,0.4536898507754196,0.3659405895768457,0.49264248653239323,0.3889302585199391,0.6187774449996452,0.7977050468774964,0.21819175923211867,0.3723981768183441,0.653020151019035,0.0,0.24862413643442446,0.461548562895922,0.5172741120553939,0.41227063813560616,0.31391040902529205,0.16235898070294444,0.36477591786750485,0.13296318700476198,0.20614803700503687,0.27932051932017365,0.4862355887846039,0.025512309095748073,0.4120217037631914,0.5008672773400291,0.30389556042889504,0.015937427047608116,0.3537119690674135,0.693140889415341,0.39328628089160955,0.025730860989744017,0.45236692709286563,0.3422864122861342,0.6403462509134021,0.057790006163782895,0.0,0.39492683795377315,0.457252563738183,0.1308463598430621,0.5027849723131951,0.6600197280506185
0.7084681560093513,0.7215797479216467,0.1958002900806793,0.5526855454726843,0.19450514811576944,0.7207700712017421,0.6194059561122968,0.7901544743779617,0.5587687232222154,0.5517517623617662,0.36639648853544315,0.3752522827303423,0.6745688078996437,0.5720897334515481,0.4900533180027205,0.6429085048781034,0.4529208170263376,0.5839456980735064,0.2752075816954418,0.4402262407002402,0.7894584981259182,0.44493106614847233,0.7463579645279896,0.04543600407553076,0.0,0.3414072916678314,0.3920365121534606,0.16413513939454027,0.7596262339380969,0.6494502450116517,0.6849324038373003,0.7231738783161382,0.687971192764209,0.7040146087293552,0.3059831241086133,0.46473369974671364,0.5187966499535369,0.27876289673181015,0.4305126135351615,0.6450645283723587,0.4236121373307037,0.12130556186441763,0.6374397186313595,0.49133146926123217,0.31806200597516426,0.6896396492892652,0.6444773704073358,0.27038809726756297,0.2528671759891039,0.2529664337509709,0.5969484118499815,0.6113567199048591,0.6067253520444772,0.4899912349656287,0.7893707917280102,0.4382019040032408,0.42616279173156146,0.4656813168868734,0.5560387424858272,0.43272960017277873,0.5862450415065675,0.7477884190047555,0.6222534005903477,0.2531251479648253,0.13850589160930893,0.736290156586732,0.054463841822757944,0.49667375954780646,0.03938294154436897,0.8189557361110358,0.5269372721385087,0.4154214881577274,0.0,0.6207174215835698,0.22979598472474771,0.2451108982738214
0.5347786996351647,0.5483914660297603,0.5327933793747786,0.22880246387385067,0.26223004734046795,0.5526552817164562,0.5874057444851954,0.6321225583269091,0.6314350377043317,0.7092559332749213,0.5067909479284691,0.7137862757511396,0.5545432986436053,0.5182557601998657,0.5017397555464969,0.3661468933390668,0.5409825531589972,0.34050020298432454,0.4669014887490452,0.6032469799021176,0.535776172103034,0.5041757345824325,0.607631628936008,0.22250176792581183,0.3414072916678314,0.0,0.5381634265697764,0.4709338914270534,0.479938262540919,0.6571635043844097,0.5387110191031842,0.4072996046469477,0.5249897969544748,0.5470686021234733,0.40544826321506167,0.39032569835587033,0.5504614166057527,0.24349393312247766,0.16349447636013337,0.4944833161351165,0.4010136020062019,0.18746569000992153,0.2238488277383276,0.15496550728398595,0.09052489321988591,0.3463071154291602,0.6297910363783712,0.3191387950527127,0.21269011269013413,0.24571415700250487,0.33833218485409905,0.6233278589488456,0.5343735759205379,0.5484586474170918,0.7557739405592443,0.4661430990529316,0.628250327461623,0.3026586705365767,0.672903334678999,0.4687756857138377,0.47344071768810375,0.5690538856700953,0.5070862111783031,0.41616990395511505,0.41839130272198105,0.3160323448255215,0.4531038453583974,0.3827594738196317,0.35512787844970267,0.476306197220597,0.5989865853513441,0.47513722020563237,0.0,0.34527506602605995,0.09694660370586866,0.30359605804775736
0.6449039773189814,0.3292672462108821,0.9139882020396553,0.13794997517616364,0.5803414166358398,0.6135788365427102,0.5845985620652299,0.4226025881875213,0.8973005916190757,0.29635822734553363,0.7389354178647938,0.6559512506767713,0.5150278603191775,0.720612275874089,0.7749063387051494,0.4806819789226293,0.38889201479055185,0.30569593041492993,0.8567793327833962,0.8159105027856224,0.42876796658902366,0.7200065338727051,0.3547175295194662,0.5052348871987494,0.3920365121534606,0.5381634265697764,0.0,0.6753296862201015,0.5619783938888959,0.6768642021035197,0.4795329827923913,0.18370001830911123,0.5198075596019549,0.48818289248280516,0.33293888514485154,0.44235387993621866,0.2973191837595921,0.31035687206282697,0.07883432939087226,0.5372925348730249,0.7834045348974662,0.5158711357046515,0.09234424890954632,0.3306254386726816,0.3813050795616661,0.5864447134088588,0.45405594533315724,0.8523279675883829,0.48235091462146795,0.5887287234334888,0.5508797883679659,0.8200766710106759,0.5516409478500202,0.7781979208786501,0.4558927167293616,0.790240315668739,0.4023585443020036,0.5591666850562506,0.682117433443403,0.7878753223602163,0.7734165434403006,0.5736940894933514,0.48497659723384845,0.839287970493457,0.9416702894196372,0.27779102046511644,0.910693518266502,0.5456830197647973,0.40365925107716205,0.3775974456288469,0.44728487799642924,0.9217948487452309,0.7782611333270061,0.6755450422440523,0.6466985560997078,0.7376634425328839
0.4420634807359553,0.2390701852625103,0.6649073139610782,0.3376330569662376,0.3407754999802302,0.4341202788452131,0.7229056693245923,0.4719963724253913,0.613880037538989,0.4603827683677708,0.7202503048080744,0.6218742540005522,0.5145188774745005,0.43507191600423606,0.49698773480445196,0.6469320013582225,0.581890969433897,0.49065712408281953,0.5372149945831646,0.660804472207157,0.4693908749410489,0.7038831388445026,0.4412338678242443,0.3237280807722265,0.16413513939454027,0.4709338914270534,0.6753296862201015,0.0,0.6321981643933162,0.7262595361816315,0.6810907943123209,0.42307343139007114,0.4422719350936487,0.7965669924230062,0.45737774202346065,0.5736774658688174,0.6935104768394601,0.27748315129419054,0.37430092319772523,0.6919175797113503,0.8012385449866901,0.2941872193519084,0.5183999285444956,0.5350666006244758,0.39942841524765027,0.3956589226972541,0.5399652691670478,0.45456312487063333,0.2890481090721504,0.3955445150675272,0.41730503282915626,0.660268322674768,0.4818796608368896,0.6434608004167673,0.4870024628175336,0.7317771262861221,0.34536289100761436,0.482980680563058,0.7835958816576485,0.5290854845676899,0.7019684221798128,0.5673651224533711,0.4684256493516191,0.5731156314471628,0.7881016829231846,0.2464503579031096,0.7527791074300121,0.36140029721460787,0.32938098039444524,0.45167499488616486,0.3926011568252085,0.5643198021165634,0.49924348035677935,0.5403110832593462,0.5854437947672442,0.6969330761590277
0.9102080208061145,0.6270558012010978,0.5913361863807772,0.4341628639859455,0.16663437268201584,0.7177892785349175,0.8588283586749662,0.665373263824648,0.7645547931117394,0.4636125550197003,0.6725871249861464,0.4954088152466331,0.8187951445810298,0.5265136340235582,0.5005396300334684,0.7969671363085217,0.5905293607096568,0.6785693151897012,0.2948161476379558,0.39924806144711494,0.5980715330347895,0.8218652409617652,0.6242126911864699,0.10430486898156396,0.7596262339380969,0.479938262540919,0.5619783938888959,0.6321981643933162,0.0,0.7887183340297166,0.8803581771935508,0.5124392553538896,0.706189072523753,0.6899278397643314,0.24829099662131343,0.5015796791277073,0.44456450079200827,0.19625987605701964,0.20027858864867376,0.7393538260405211,0.619740256663165,0.09000410246909397,0.44158448200959965,0.428923884868589,0.09851523099385087,0.8964537314163252,0.6901681212463676,0.5029492439011461,0.13520103883821544,0.2572446670130365,0.7477936603282896,0.8421778547068639,0.6070784608985718,0.7707494638746087,0.7772188862648447,0.7578476717447473,0.3691166073255407,0.8286352483921404,0.6113307960620754,0.6179401568085616,0.8528037831048643,0.8951825796419983,0.7262670957259283,0.37188046874551844,0.719485248890569,0.6337162056504534,0.6907311342551041,0.6451169729785297,0.12244796369279116,0.9110126730539907,0.6033044835257004,0.7150056559174599,0.3786406081998497,0.897045913104915,0.5344068759690735,0.42501623346480355
0.754672161420168,0.4842213944554923,0.6696486738497173,0.42777803144686816,0.11256162966168104,0.7546543802519534,0.7702358154763792,0.6664311813585877,0.7232664294087329,0.4974953767900181,0.6950708456062848,0.7340950395462615,0.7738045640625834,0.5337400582258254,0.6309131833981917,0.8132771263837498,0.6267189383090375,0.7403002807780872,0.420813025681825,0.6709100971927446,0.48882866736804065,0.9070928698722681,0.6914913975133069,0.2303737480903873,0.6494502450116517,0.6571635043844097,0.6768642021035197,0.7262595361816315,0.7887183340297166,0.0,0.9277136260641098,0.5549209791378523,0.5008823042125193,0.6875446067072144,0.0828487822324001,0.6410401513944403,0.5896256629973224,0.21051754949979093,0.3526937609366031,0.683864926760385,0.7837776054622599,0.07562760495099646,0.5614406231069027,0.44200151302770113,0.22511493811540934,0.6997719648246375,0.7495567417829198,0.5923529242019276,0.16166184242727694,0.21892917156979247,0.7923708760112984,0.7769102023477643,0.5940904074645755,0.7446277187511333,0.7225009087184925,0.7445406480842368,0.5185741920723355,0.7567694175985782,0.6809150492937598,0.641811604476215,0.8865491051867223,0.8581837480284238,0.668870982786714,0.5279176995232453,0.8661563964590707,0.3590667808252094,0.8119043653536187,0.6824098817518828,0.32174684355799765,0.8579955044183455,0.6086868551538147,0.7237397143256474,0.4194418381040675,0.7566767534051977,0.5384612717727048,0.6088344197849015
0.7586865965639266,0.6065210640168182,0.5614011858195426,0.5561554283918569,0.0,0.6936648992131522,0.8152093357570337,0.8581069034803739,0.5979335434524358,0.5589432078829029,0.6398407276248622,0.44691006455403226,0.9762491475820271,0.3147649549073622,0.525597523311999,0.8195249192041812,0.6425942341753378,0.8425424045681429,0.25970299100431504,0.40830426965975375,0.7987378281619347,0.8300072248201333,0.6934433280304976,0.054884555011059565,0.6849324038373003,0.5387110191031842,0.4795329827923913,0.6810907943123209,0.8803581771935508,0.9277136260641098,0.0,0.7546515768197711,0.5599527999985543,0.6526716517784705,0.0,0.5894962375242947,0.7828556678260659,0.22105307535113342,0.43649714383710414,0.7163073459079866,0.5733253887792537,0.0,0.8370007474050744,0.5758504274697595,0.14480621548871334,0.759207110306303,0.804128458005,0.39056959741930264,0.0,0.0,0.7231263248751282,0.730306203512932,0.6955286699182925,0.701556376313385,0.7908781581882279,0.6787645876176243,0.44111477380749536,0.7517642888950019,0.6655033479525166,0.47365154096918893,0.8024058493187146,0.883582654727031,0.6470196733461991,0.22451450571618894,0.5812091303904663,0.6727933887472948,0.5898310466964607,0.6078611426078279,0.10328937300713575,0.8577945936501101,0.674888237858823,0.5407309262847172,0.24191833448913322,0.7776246443234148,0.4118802603302537,0.43625190707002964
0.5981370312044916,0.6334501833616598,0.0907912275405654,0.7241025073570933,0.09529742505460746,0.4966743092950019,0.4890650186320744,0.7090156047543279,0.2667760949537272,0.4296207471294006,0.26838990120964223,0.4050579392352335,0.73271805611419,0.148153133549639,0.23230310087229367,0.5734711898404931,0.6075418939495099,0.7978208249835296,0.0,0.2507785885746764,0.7723133505820038,0.48632867589764034,0.6024516759735102,0.38942086977715573,0.7231738783161382,0.4072996046469477,0.18370001830911123,0.42307343139007114,0.5124392553538896,0.5549209791378523,0.7546515768197711,0.0,0.7014728207389909,0.7750136806586893,0.2014254559549548,0.6458213349076247,0.7259881751371169,0.5088949655447823,0.7731827660498117,0.8530373422903875,0.5360670377652503,0.17163716065048937,0.9027302950623406,0.8501869036561559,0.3166186842828468,0.6213007991434047,0.696515123638561,0.13858831104471192,0.3339139444974712,0.2625255401431474,0.5790823948741322,0.3576705569044851,0.5885409714277986,0.2893245266654475,0.6193078346905182,0.3934397276654168,0.546539607485812,0.5371060804541581,0.31806727342674235,0.24680171369334553,0.6705094478562627,0.7015716399942616,0.6641526490346744,0.00927201636129155,0.27840328474830495,0.7564692733107803,0.2617678766440009,0.5117589097683938,0.5672478370649862,0.7545757434605986,0.5686385823101663,0.16599441305200885,0.2577500784722471,0.49301520399132254,0.3637496669721926,0.3389203358078008
0.7303801840993127,0.6110896341942256,0.4590818836368132,0.44887026464903845,0.30090487253672465,0.7150181796028856,0.5977353675974696,0.6586117491366356,0.6253062979388642,0.3926930891268545,0.532844011323029,0.4091649872461345,0.6125865185663876,0.19342328966261363,0.3383384846490133,0.6924548220321373,0.6228596149261479,0.6727032804997908,0.3385849828485492,0.33543804611605477,0.7570842840412038,0.43100235496644945,0.6804965264098123,0.2402471543238516,0.687971192764209,0.5249897969544748,0.5198075596019549,0.4422719350936487,0.706189072523753,0.5008823042125193,0.5599527999985543,0.7014728207389909,0.0,0.6516631641066399,0.31934638638594076,0.17573124439787607,0.2309942225407703,0.4453253232465712,0.6867158993546795,0.7631614097997738,0.5985130354087532,0.15813842716702453,0.6006733151052145,0.5157331994988915,0.2881631926673074,0.8326411681584052,0.6140105877754981,0.6367049737387495,0.2485688546386987,0.39867721394037187,0.8486567351758334,0.7953575771061829,0.7677675100823349,0.6230516730218385,0.6984398827173802,0.6770283058910056,0.31893566434064025,0.7854693055701126,0.2866206467445137,0.388654859862006,0.8977944411758989,0.8361373042639043,0.8374902523846968,0.29984435331467363,0.552390263949031,0.7172733151254704,0.47116553006611384,0.7550599683039347,0.4693783114450719,0.8358752558529976,0.7353208018681626,0.5878814668931645,0.39588367937887003,0.8138126166538984,0.6399591901070362,0.5190234568607329
0.6879826937524863,0.5269301157842664,0.6004380609938516,0.7483159255371981,0.32186762358848264,0.6899704499085673,0.729286366906307,0.7145588061964309,0.6189409902247581,0.560776162804274,0.5660148661824499,0.6067887122940728,0.7874905162440509,0.06261307369024047,0.4370977917438653,0.8667062691318876,0.7071503502399011,0.9024436036420899,0.4210913232049239,0.38830727317908303,0.8452603543951666,0.7224816975101577,0.6498517261059433,0.3657910156384974,0.7040146087293552,0.5470686021234733,0.48818289248280516,0.7965669924230062,0.6899278397643314,0.6875446067072144,0.6526716517784705,0.7750136806586893,0.6516631641066399,0.0,0.25880575488060015,0.39565378323918465,0.6548825577367058,0.4416120452598458,0.6310230944620869,0.7207781754541159,0.6644259243501973,0.23684768030709474,0.8754354434829663,0.8179123273959202,0.35882713465312577,0.7205248929384492,0.6541941666380413,0.6428511199539656,0.3101641556190045,0.4136148411312867,0.8276859758406326,0.7541319703079065,0.6859727871549267,0.7568133355723333,0.702371218052722,0.6606841168740716,0.5225940951975596,0.762145587336436,0.4764913708274233,0.4668131789667777,0.8153840903606117,0.8303436163246761,0.8017674147109948,0.5096099297425618,0.5547061740745207,0.7211682733055926,0.5681971085081581,0.6258673378183359,0.4080516944706046,0.801867726142128,0.7675900854989484,0.49948181811253156,0.5605753583169759,0.8257737623270235,0.6952640894604445,0.7249273361336228
0.2570969788236721,0.19916633316648044,0.2840764720234063,0.4204088814424077,0.7647432852622403,0.34281281325245155,0.10555571396011619,0.04274459494963777,0.266395630290933,0.31153547123650316,0.3392626035919954,0.3762312262803004,0.16523450363484554,0.1650902014677592,0.20284976290140339,0.32847785980486255,0.3598538051293735,0.44870743472027397,0.6445203818466206,0.2458298183074294,0.3619577150108868,0.14393580457641902,0.10604735137775011,0.7125141163739483,0.3059831241086133,0.40544826321506167,0.33293888514485154,0.45737774202346065,0.24829099662131343,0.0828487822324001,0.0,0.2014254559549548,0.31934638638594076,0.25880575488060015,0.0,0.40970466626706886,0.5241564447311117,0.5970178803015296,0.7063276166480849,0.4715779767421936,0.6106070597711964,0.7316503794755166,0.5347909606816227,0.6393313607426883,0.703132330841318,0.22571741329619968,0.15491619425771358,0.6169055485307692,0.8181217953589489,0.7457594345750286,0.4100174691270457,0.3327326306363322,0.20714836765148692,0.21922264018789112,0.20342127428919196,0.3660875979596977,0.2395322839620784,0.43054025153137404,0.22945219948039725,0.27458361563296424,0.47892533352837013,0.33458533054284095,0.5875794305656638,0.6182888788478912,0.37450211441563797,0.3600260185894389,0.48270918111563993,0.3118800465718652,0.6402727318025017,0.23624128587986118,0.36227306418522237,0.3463110809656399,0.7183175141071397,0.4003180164494217,0.7947252594110741,0.7204677461042306
0.3389818765825964,0.635058161172391,0.2575810648353061,0.5322044509636968,0.27966321708059416,0.4479695868015245,0.51024424695294,0.3388158094123159,0.30099918404718906,0.6890374413603471,0.25631830977539416,0.6444281791880911,0.5396234632791087,0.4209681594670058,0.6548395830215049,0.401259523196948,0.44315374795618045,0.5002795103912507,0.1605926653123562,0.6106433495256706,0.42506486571345625,0.5423387590399693,0.35710841171886243,0.4924581334059561,0.46473369974671364,0.39032569835587033,0.44235387993621866,0.5736774658688174,0.5015796791277073,0.6410401513944403,0.5894962375242947,0.6458213349076247,0.17573124439787607,0.39565378323918465,0.40970466626706886,0.0,0.885396489049282,0.08940423789812994,0.4045813690503826,0.43281392417827075,0.5121146236705468,0.3377991255295424,0.5340800371989833,0.6386532347125536,0.2855248836071645,0.28238180038556454,0.6541788938733512,0.19892499880911643,0.30493508430413685,0.15496412003823845,0.3514465292391948,0.2848756136820931,0.3221392358021039,0.22305717439900835,0.5682925272011963,0.18468103209284673,0.5232416841196286,0.40330453268947664,0.5969220566355453,0.581235753501761,0.49064890909391706,0.4537076099915946,0.298379909342571,0.3551377826944433,0.34326856237201236,0.3753656062451348,0.5169686138110686,0.35003544319785274,0.51380363799315,0.4663010588165548,0.3594981519594981,0.2999395066848345,0.31865181097433304,0.20853878928123049,0.37114935859887865,0.5130867628832829
0.462401409094705,0.5637049502480933,0.19917310210269734,0.78333898654879,0.25454383981030027,0.3861431705038377,0.6580001271866498,0.46383371137245155,0.38481233571679807,0.6449877548371511,0.4144066312300724,0.33002020963152506,0.7053142756639864,0.291811130776647,0.3847282138476749,0.49399403549609,0.6744789709340511,0.7091822645117182,0.017815727952903603,0.44984360844841464,0.6175420754159258,0.4890174285168975,0.44216267074045357,0.4536898507754196,0.5187966499535369,0.5504614166057527,0.2973191837595921,0.6935104768394601,0.44456450079200827,0.5896256629973224,0.7828556678260659,0.7259881751371169,0.2309942225407703,0.6548825577367058,0.5241564447311117,0.885396489049282,0.0,0.49574765523201725,0.6602753248391912,0.5749994339621894,0.5871370404450669,0.17927588099166186,0.8987211529034784,0.6600141312095413,0.3496124997764599,0.34363844449832937,0.7049223063103538,0.15606738653736302,0.41141074410609746,0.2795560209594449,0.3398588153840332,0.354210593145957,0.2941868756189548,0.3970928345886669,0.5446286779628758,0.46347725721310395,0.36442918085090514,0.47078365668452976,0.7410876877024258,0.3177482138101529,0.5867687128337203,0.5705809205414705,0.506305136708975,0.17007425204703988,0.36324973349070516,0.4744039846762393,0.3988128003987482,0.22728759590082162,0.5353371612697844,0.5786273628202614,0.3963029535526875,0.21558322856263984,0.44452403662211665,0.24573008887518993,0.3442951288463625,0.5794377882207922
0.15419106130988255,0.1112436436860174,0.3162830691470532,0.6180742261907382,0.5390275132256174,0.31639020689440545,0.2304579918730042,0.25490158946628216,0.39466392088062036,0.13878620730368865,0.3261543930840684,0.40187576028858185,0.32162303516693924,0.26853705073101775,0.25099057417079873,0.2831320625432938,0.2301615670483283,0.31604077338420716,0.4190050794480561,0.3217485629832089,0.4326131601369736,0.21696291599398812,0.34196388158966773,0.3659405895768457,0.27876289673181015,0.24349393312247766,0.31035687206282697,0.27748315129419054,0.19625987605701964,0.21051754949979093,0.22105307535113342,0.5088949655447823,0.4453253232465712,0.4416120452598458,0.5970178803015296,0.08940423789812994,0.49574765523201725,0.0,0.6443413365852303,0.6054522133548933,0.6369854077825244,0.6402923190636075,0.4054698696431843,0.5252527882402197,0.6628993008567811,0.15066920063571207,0.23895593733432446,0.4800684861377827,0.8692542428878719,0.7095458928737585,0.4336437016079763,0.5450000496601003,0.3927979237092768,0.38201491317558844,0.38667950804270446,0.37725444735693764,0.4227198375226282,0.4281825151770375,0.22460955496388524,0.28638204683572765,0.5154996914393114,0.43012173225887124,0.3924289839581728,0.3320414033192598,0.336787070976726,0.37886967829168755,0.3325539473973869,0.49486419719395996,0.5438510666378422,0.2713662559222599,0.19961758474941543,0.35127085711143186,0.6379373471980234,0.30687895863362713,0.49241492602708004,0.6256834914613951
0.326352766615561,0.47050267260002493,0.06649460612683099,0.6714653545886994,0.3371345292181764,0.3301664314100385,0.29636961623533564,0.40268924892719843,0.12756840830636335,0.3226259203351952,0.19680830048706666,0.21581665905258102,0.35755191684440446,0.1363198011744794,0.032992470991781056,0.4462384956435148,0.4019587135667913,0.5367134116964339,0.13750462531331442,0.148637906446798,0.5143247062777349,0.20663843306048502,0.3263652971469407,0.49264248653239323,0.4305126135351615,0.16349447636013337,0.07883432939087226,0.37430092319772523,0.20027858864867376,0.3526937609366031,0.43649714383710414,0.7731827660498117,0.6867158993546795,0.6310230944620869,0.7063276166480849,0.4045813690503826,0.6602753248391912,0.6443413365852303,0.0,0.7200916357820217,0.5955974012054602,0.5070926884176427,0.7586134717229637,0.8326721123622742,0.6765052375948895,0.3824646948856746,0.33520920835928036,0.22759118178581234,0.636425499040235,0.4564399499804552,0.40089788381735386,0.20092606667610885,0.4448631573144223,0.1511842784355637,0.46548673433906546,0.2866594207918506,0.386227919765108,0.4391900077864684,0.206104865842259,0.15243426547170652,0.36071650962869384,0.4154574689688184,0.5688297345582918,0.190525485202293,0.1410622898997099,0.5528320958516175,0.10377600856045265,0.38717399410291425,0.6432080641708877,0.4341958155312444,0.35625042460421946,0.13076376989982935,0.4202203423257642,0.31371453432385404,0.3464496305212541,0.4523492793274922
0.684183664572201,0.6509473756761116,0.4540330686722241,0.558466148846022,0.2814675457974767,0.7436712008203437,0.7655917541865456,0.7435049005729656,0.6406139096635891,0.5399437479453881,0.5553140208559297,0.4993595832262281,0.834386443423933,0.1897776621621953,0.3158273188733665,0.69905428927235,0.6691645708308381,0.6398883655819665,0.311062233780299,0.37682950524659153,0.881892135692625,0.5617236029528018,0.7319078974926478,0.3889302585199391,0.6450645283723587,0.4944833161351165,0.5372925348730249,0.6919175797113503,0.7393538260405211,0.683864926760385,0.7163073459079866,0.8530373422903875,0.7631614097997738,0.7207781754541159,0.4715779767421936,0.43281392417827075,0.5749994339621894,0.6054522133548933,0.7200916357820217,0.0,0.5759025328970654,0.1875950538215446,0.7315382294760869,0.6690955769911283,0.2965884378495771,0.7603022661982162,0.6458688998586112,0.5436426656433132,0.35062220265879157,0.4239356571837384,0.7058725149668377,0.7302113173032576,0.8106304327293552,0.637339734353824,0.7694295817309224,0.7544739476552081,0.34680103528318607,0.7130475703450398,0.45747892255378775,0.45188072070739016,0.7630376189180645,0.7495049462593446,0.7994711642531704,0.2338938682085509,0.571380463062124,0.8159844901461862,0.43488659046812705,0.7433346827533899,0.5278985203855713,0.8265314197057391,0.6124892861563958,0.5651401793758706,0.3620230496028589,0.6852140306088557,0.4489264387704829,0.5517578411051481
0.5588399194705871,0.3471466183357334,0.7507647983303085,0.500642797959268,0.6358298836500491,0.786726947153629,0.6079125160272637,0.5004757077809127,0.7504370240000144,0.3989231051197054,0.7316055562840066,0.5964124433189147,0.5865333702620993,0.4156352541168423,0.5947730424607002,0.5934627576696353,0.5574310174117715,0.5166211280717594,0.7878572070940284,0.6266495225608045,0.6257555700066688,0.6390827943359836,0.5352794506740544,0.6187774449996452,0.4236121373307037,0.4010136020062019,0.7834045348974662,0.8012385449866901,0.619740256663165,0.7837776054622599,0.5733253887792537,0.5360670377652503,0.5985130354087532,0.6644259243501973,0.6106070597711964,0.5121146236705468,0.5871370404450669,0.6369854077825244,0.5955974012054602,0.5759025328970654,0.0,0.3395634575857072,0.49961572495009243,0.6105403295110035,0.631099658902831,0.4601951137563367,0.4984182812468285,0.9244950880819057,0.5176646843169409,0.6177078724675598,0.6293835797921928,0.5477851037779731,0.6596830429991403,0.7169849715945275,0.37698279030056014,0.7249724843103456,0.3981176008499581,0.5724857510825427,0.339972272287366,0.6780549094808552,0.5008364737474772,0.45443787424799237,0.659831394207196,0.8449702616973339,0.6394676392414612,0.4453318296296056,0.6201845858220066,0.6399987287690055,0.4627530275887271,0.4497891581264821,0.47145313274113965,0.6364158480135765,0.707016832569548,0.6004048692699822,0.6683955525713222,0.7161025320969183
0.002539639120279948,0.029523432835679323,0.4938325654863969,0.3473406149418821,0.8898883011468107,0.2914257176292324,0.08911602890606206,0.0,0.32906616494895824,0.251534364211767,0.3208225978137257,0.34457097151095106,0.0,0.48892371664358836,0.5182705038881923,0.011791878496257534,0.15514754525714253,0.030647551910978833,0.9548839148511835,0.5338351703371934,0.03601054122883217,0.059701661182755626,0.12477758491042862,0.7977050468774964,0.12130556186441763,0.18746569000992153,0.5158711357046515,0.2941872193519084,0.09000410246909397,0.07562760495099646,0.0,0.17163716065048937,0.15813842716702453,0.23684768030709474,0.7316503794755166,0.3377991255295424,0.17927588099166186,0.6402923190636075,0.5070926884176427,0.1875950538215446,0.3395634575857072,0.0,0.042604506644632625,0.4235162070536169,0.7893790406747438,0.15049473553809922,0.0,0.7481189369954118,0.9529463560567153,0.8174379106903198,0.18635511879796351,0.1808593651702494,0.2318565467796037,0.21037531951460367,0.0,0.31977779263971146,0.33948381975342173,0.11635845127236247,0.08530505518966165,0.6025831026998395,0.12224220368681178,0.0,0.25221964147764436,0.962411415639592,0.35379113106724275,0.09706001012242213,0.39750476427619263,0.31436698863137685,0.547028921685046,0.0,0.07324207861845114,0.43852475772275606,0.8644475054950549,0.22521964493915253,0.6149309750736489,0.5672998738781263
0.5031474614198974,0.5658715785085887,0.12146308648875415,0.9225811599871118,0.10796796448741687,0.4334573547047563,0.5785323170363494,0.7278247663351012,0.19099816020673052,0.4339192173731018,0.28119713118529205,0.2578847551042452,0.6483150390625186,0.0,0.29602890479021193,0.6866482461583667,0.4684196887464011,0.8552659557429507,0.014031248176072632,0.2301048509452837,0.6224422142914864,0.534966765085732,0.48156155883017987,0.21819175923211867,0.6374397186313595,0.2238488277383276,0.09234424890954632,0.5183999285444956,0.44158448200959965,0.5614406231069027,0.8370007474050744,0.9027302950623406,0.6006733151052145,0.8754354434829663,0.5347909606816227,0.5340800371989833,0.8987211529034784,0.4054698696431843,0.7586134717229637,0.7315382294760869,0.49961572495009243,0.042604506644632625,0.0,0.8883421053996368,0.3602777435232377,0.5117168834626236,0.6147449866824658,0.20462534652110456,0.4247801280224325,0.2962326063278439,0.5620576085401359,0.577967024281916,0.5704752186723875,0.30960536393458576,0.651683543612018,0.40464116013196677,0.44510858017568633,0.6460260312631539,0.2628262094767307,0.2430375082165478,0.4862442199150707,0.595636148939584,0.5442339690067909,0.10977257901286394,0.2624294622052237,0.6557796437814445,0.26951327021088656,0.4590124996184999,0.31948716128748816,0.7010212677558466,0.4897331436543102,0.17160820361547438,0.25611893876492337,0.4634520084669774,0.32078192800260424,0.4534570856269372
0.37923807176850877,0.44556492792053576,0.065108822179608,0.7471443557612965,0.3574312897683509,0.5860691849260309,0.38818440907293034,0.5546582900529917,0.23501515256744984,0.27025185087029585,0.23768269058268174,0.1442703928493446,0.5203184754603837,0.09354765235831883,0.3372824480298613,0.6021920506030644,0.368430844532399,0.6798928009805111,0.22194183586513247,0.42886522618786677,0.6107017876104268,0.5097589675289371,0.3661422223308104,0.3723981768183441,0.49133146926123217,0.15496550728398595,0.3306254386726816,0.5350666006244758,0.428923884868589,0.44200151302770113,0.5758504274697595,0.8501869036561559,0.5157331994988915,0.8179123273959202,0.6393313607426883,0.6386532347125536,0.6600141312095413,0.5252527882402197,0.8326721123622742,0.6690955769911283,0.6105403295110035,0.4235162070536169,0.8883421053996368,0.0,0.6093540636851482,0.36653617096529867,0.4285281476766595,0.31889631550483166,0.621004761748045,0.477788917113025,0.5393155340290238,0.4239404279330675,0.4822767662454162,0.2758210057949924,0.3659504783939278,0.3581322964778078,0.2543648480994188,0.5035352695235221,0.15190741454399498,0.3823561535360263,0.42990664386656596,0.4031758834552525,0.40500824567583615,0.30953271109871217,0.3276955687359633,0.6192973811813993,0.38516913554048293,0.38218665528246226,0.5002291057881116,0.4859493766677267,0.23338562965905568,0.25591570907843786,0.6313503180964385,0.5044993855663062,0.4468928469688992,0.6161218791063032
0.01956035318841815,0.314584321443151,0.3823999868513285,0.5132248908412086,0.7316850402174426,0.4582766928978517,0.2867939904937859,0.15116746850138502,0.3908548208841002,0.2169541675607113,0.27021913106169476,0.27716250683263277,0.12577042449521836,0.33514797675989705,0.25383248221077886,0.28421875042610106,0.35608435601058064,0.2494462811193948,0.6173896096287658,0.4404482361069944,0.324585205953349,0.33800736120959907,0.20381546559554847,0.653020151019035,0.31806200597516426,0.09052489321988591,0.3813050795616661,0.39942841524765027,0.09851523099385087,0.22511493811540934,0.14480621548871334,0.3166186842828468,0.2881631926673074,0.35882713465312577,0.703132330841318,0.2855248836071645,0.3496124997764599,0.6628993008567811,0.6765052375948895,0.2965884378495771,0.631099658902831,0.7893790406747438,0.3602777435232377,0.6093540636851482,0.0,0.0861118387365202,0.2213102301906267,0.5613439862875423,0.9304578498012473,0.7464226581619345,0.3283861105843159,0.34764216237811446,0.3088453573234399,0.24394253363376947,0.1349467219967964,0.3240131535221075,0.3213682895096988,0.22300018727540133,0.06504952042359971,0.5238437018292511,0.22276213691029834,0.232283936945693,0.3755893763558618,0.5357160596291332,0.5158488531998437,0.3778163204037212,0.4976319029682584,0.3695932891915036,0.6312424773733164,0.27224437040020927,0.2101458628621166,0.4383588223833057,0.7629136671897628,0.3817023921086601,0.6063251379818836,0.6668065105108556
0.7988405095832919,0.5739336935264228,0.541283986238534,0.5487815243234546,0.24736085947073466,0.7560675017344184,0.8644467292866721,0.837474161631871,0.7815139354587848,0.4592663718795801,0.7568941898231327,0.30148819759813505,0.817658993514621,0.47511078010076013,0.41943731536771056,0.6848243000963445,0.5852244955638857,0.5978378040934587,0.4184521320486897,0.3622486586349129,0.7134748810185875,0.6975504756625119,0.7195135795022758,0.0,0.6896396492892652,0.3463071154291602,0.5864447134088588,0.3956589226972541,0.8964537314163252,0.6997719648246375,0.759207110306303,0.6213007991434047,0.8326411681584052,0.7205248929384492,0.22571741329619968,0.28238180038556454,0.34363844449832937,0.15066920063571207,0.3824646948856746,0.7603022661982162,0.4601951137563367,0.15049473553809922,0.5117168834626236,0.36653617096529867,0.0861118387365202,0.0,0.6138870699129491,0.6293574372839935,0.20639005660965304,0.21770119479873767,0.8067845355845442,0.8567007486944336,0.7508144856870759,0.7582981195967249,0.826204970220582,0.7580566223667873,0.3023782299149487,0.7798924502611648,0.5671432772903682,0.4706155902993412,0.7831227952569679,0.8409021107250965,0.7211900355745617,0.36910021577900387,0.4498323831093871,0.7620264578677984,0.4229062197961275,0.8029344230816214,0.0,0.8044968917944267,0.5429345764128093,0.6284002032765283,0.28520484536769625,0.8824978858734862,0.4373654506320149,0.45999749546670937
0.5920977045338959,0.733607212573431,0.519954941162089,0.4238883477165921,0.26154488601366266,0.6476678195435136,0.7893012354167125,0.8592397215945341,0.6854788943403198,0.6130857348323991,0.6723289641065564,0.5822975901281711,0.7759885047368522,0.4935970234439462,0.5112885854291319,0.47808701395070385,0.5298112283601223,0.49932577351778906,0.22644489532346432,0.5060962782030808,0.7394743456774162,0.651088230332236,0.8142285085859988,0.24862413643442446,0.6444773704073358,0.6297910363783712,0.45405594533315724,0.5399652691670478,0.6901681212463676,0.7495567417829198,0.804128458005,0.696515123638561,0.6140105877754981,0.6541941666380413,0.15491619425771358,0.6541788938733512,0.7049223063103538,0.23895593733432446,0.33520920835928036,0.6458688998586112,0.4984182812468285,0.0,0.6147449866824658,0.4285281476766595,0.2213102301906267,0.6138870699129491,0.0,0.35631247714215114,0.1560922934846052,0.32859549921929115,0.6540042521184576,0.6824791686796505,0.7897678755074704,0.7163530722659495,0.8120951378798809,0.7437129919142916,0.4551161785993486,0.7038326037588822,0.701541186643693,0.5919638331560371,0.5785413150466501,0.7141382222572343,0.40696284956446194,0.22084872244571427,0.5414383403408871,0.7394121998791412,0.5120103117822326,0.7261614973758365,0.4263040563500061,0.7451330812339144,0.6362741057456267,0.5982630235083187,0.25805158664151595,0.5367372233409279,0.2801398574763608,0.2162407607977801
0.5869234340738702,0.23466055805511815,0.7791188852686113,0.27807691078582175,0.6954319321603593,0.6547753440251162,0.6077958742337013,0.34630757662648126,0.7465086928130193,0.23960430149049977,0.6994743950948784,0.6404346317907699,0.3225843177243729,0.6161068232865964,0.5732785386632544,0.5358108811396787,0.3188743827801357,0.28127830376121454,0.8411601347592269,0.6801294704807139,0.330481385559275,0.6583399360851387,0.4985597083080904,0.461548562895922,0.27038809726756297,0.3191387950527127,0.8523279675883829,0.45456312487063333,0.5029492439011461,0.5923529242019276,0.39056959741930264,0.13858831104471192,0.6367049737387495,0.6428511199539656,0.6169055485307692,0.19892499880911643,0.15606738653736302,0.4800684861377827,0.22759118178581234,0.5436426656433132,0.9244950880819057,0.7481189369954118,0.20462534652110456,0.31889631550483166,0.5613439862875423,0.6293574372839935,0.35631247714215114,0.0,0.6321117711284036,0.7297481856608132,0.6900953926319265,0.8291069194276826,0.5101973725709383,0.7275891371356917,0.35521726697130773,0.6601417016779858,0.4939817736192654,0.6106777822510705,0.6127404867503833,0.6450400269985986,0.6949833466391139,0.41526945380000574,0.5705955016195302,0.7594778244083664,0.8339571253610969,0.2942509886576038,0.7588637939849108,0.6703583646339583,0.45832169970582926,0.3853690661816108,0.5438716834488986,0.830288189013804,0.8852359444111999,0.7065196329111831,0.7253195976827064,0.8067549249433478
0.17981722629821517,0.1592285875927607,0.461750055601175,0.5502690724281387,0.9310984304284247,0.39570850048474837,0.08714133913936298,0.0,0.3085534360379977,0.0165715629932694,0.22580259980892603,0.20785967278069664,0.06817080148677997,0.2246667726520271,0.3697621676492891,0.1571834953407688,0.16493488478278404,0.10636760049642824,0.6901212155322058,0.4624871231085209,0.06946433223439365,0.2224771385419774,0.15756081551023005,0.5172741120553939,0.2528671759891039,0.21269011269013413,0.48235091462146795,0.2890481090721504,0.13520103883821544,0.16166184242727694,0.0,0.3339139444974712,0.2485688546386987,0.3101641556190045,0.8181217953589489,0.30493508430413685,0.41141074410609746,0.8692542428878719,0.636425499040235,0.35062220265879157,0.5176646843169409,0.9529463560567153,0.4247801280224325,0.621004761748045,0.9304578498012473,0.20639005660965304,0.1560922934846052,0.6321117711284036,0.0,0.9473761327902053,0.3111047089143512,0.35657376780502986,0.0,0.30327302778110976,0.0,0.3247161324499366,0.15351307125980268,0.21867785706972934,0.22178437648993463,0.517349689495108,0.450044869463617,0.13069750798348115,0.41343234639558424,0.7166664441494167,0.5358252738979645,0.16967760531817927,0.6203115342195412,0.2931562398581733,0.4837470701101856,0.21347394975776796,0.2152340603290461,0.5055276627493293,0.8001659001674166,0.42139720861237073,0.4069013895879418,0.7595517102576504
0.20937767189765802,0.15083517820922596,0.6702853023397662,0.3658708311806656,0.9293609459408151,0.51071570055236,0.39381795001542624,0.13895186355177966,0.6202279475766753,0.24296330679236605,0.42829442148281865,0.49884376109810563,0.0,0.4207452870396854,0.27275150421839234,0.323480010689283,0.3535275293187582,0.15007049420905638,0.7130605659599807,0.3694906660513555,0.2048601508977816,0.2222413025385624,0.34586693483161146,0.41227063813560616,0.2529664337509709,0.24571415700250487,0.5887287234334888,0.3955445150675272,0.2572446670130365,0.21892917156979247,0.0,0.2625255401431474,0.39867721394037187,0.4136148411312867,0.7457594345750286,0.15496412003823845,0.2795560209594449,0.7095458928737585,0.4564399499804552,0.4239356571837384,0.6177078724675598,0.8174379106903198,0.2962326063278439,0.477788917113025,0.7464226581619345,0.21770119479873767,0.32859549921929115,0.7297481856608132,0.9473761327902053,0.0,0.5246702669751819,0.6129364224320262,0.3477271138177802,0.5428463793061314,0.3425837907870596,0.5152090938780175,0.34636533674558634,0.4266934172279453,0.3778350787498628,0.48169684698050874,0.6459872418527125,0.3809610654772855,0.5012962526566282,0.5920233100332478,0.6044262103797041,0.2040113146246271,0.6274638911519775,0.4451073564545079,0.4942690837476637,0.16837433381079786,0.27547189547336276,0.6441223462187669,0.8089641709400172,0.48935123103138356,0.5704871395930716,0.7284386918715621
0.7170887983306151,0.6161080889307518,0.6060177274915465,0.44202505504237066,0.49085629334020814,0.8023290461399398,0.7596143230229211,0.7294140282590201,0.6845660750309891,0.4527099349138433,0.6808344117916074,0.5347530438401846,0.5551906333910792,0.617966746797469,0.5717938131788911,0.5934283493763544,0.4291742193369238,0.4908244377422915,0.3430885896099901,0.575914833272997,0.6556471888265939,0.6768159629079785,0.8485700256305289,0.31391040902529205,0.5969484118499815,0.33833218485409905,0.5508797883679659,0.41730503282915626,0.7477936603282896,0.7923708760112984,0.7231263248751282,0.5790823948741322,0.8486567351758334,0.8276859758406326,0.4100174691270457,0.3514465292391948,0.3398588153840332,0.4336437016079763,0.40089788381735386,0.7058725149668377,0.6293835797921928,0.18635511879796351,0.5620576085401359,0.5393155340290238,0.3283861105843159,0.8067845355845442,0.6540042521184576,0.6900953926319265,0.3111047089143512,0.5246702669751819,0.0,0.7995197117807619,0.918001459006099,0.6808178323272434,0.6865439430268115,0.7723713248860675,0.4872168278046756,0.753358236420676,0.6075950740865238,0.6516642374859896,0.6218643445630151,0.6969053965939632,0.5306622562709125,0.42777893314993226,0.596923578402932,0.7127403692707629,0.43445956279147113,0.8667532983626984,0.371945597193406,0.7541188310743581,0.6810138621079469,0.6590834518138788,0.35222013444573985,0.6512743211662888,0.47181895284127173,0.47059623109562904
0.7709920461310906,0.5056919585021182,0.8324870660402136,0.5181797333796767,0.4853186775121595,0.8236804302074404,0.9145989759685345,0.8016980605345306,0.8938988923121974,0.48669017024274913,0.8900695928273694,0.51542737769317,0.7453769567330383,0.3861934651947141,0.43897877269089547,0.8302936214847418,0.6527759620906516,0.6023969899938026,0.6025341291530347,0.5703842601774352,0.687778465665079,0.7411419853114989,0.8488108896774132,0.16235898070294444,0.6113567199048591,0.6233278589488456,0.8200766710106759,0.660268322674768,0.8421778547068639,0.7769102023477643,0.730306203512932,0.3576705569044851,0.7953575771061829,0.7541319703079065,0.3327326306363322,0.2848756136820931,0.354210593145957,0.5450000496601003,0.20092606667610885,0.7302113173032576,0.5477851037779731,0.1808593651702494,0.577967024281916,0.4239404279330675,0.34764216237811446,0.8567007486944336,0.6824791686796505,0.8291069194276826,0.35657376780502986,0.6129364224320262,0.7995197117807619,0.0,0.8481645152990567,0.9839484934942484,0.7077691130280515,0.991345994737193,0.36418740681187695,0.7565539301869969,0.7006746689415742,0.5448159371294901,0.9334336610708546,0.7639397666034307,0.7050600535591446,0.5407681506131012,0.7558486428636546,0.6434264124678009,0.6807690469983683,0.867588107761123,0.2144723230685151,0.6945486190479642,0.6751767537183152,0.8204621867304186,0.4510940644831224,0.7679967893756623,0.6333387587787916,0.529493467329513
0.6251283414622778,0.5548168590138775,0.644066502003088,0.3684730446955504,0.05712405034138439,0.6304393766053238,0.6208986085438576,0.7371974646416242,0.6517066888621179,0.4769802118883113,0.7230974213052618,0.713758476661767,0.6047199245847246,0.5006900405733906,0.288161455065822,0.6692064663187484,0.5442714337310415,0.507880147222131,0.2541496272986131,0.2712027911026487,0.5150734043062699,0.5834574116715787,0.9217791112007137,0.36477591786750485,0.6067253520444772,0.5343735759205379,0.5516409478500202,0.4818796608368896,0.6070784608985718,0.5940904074645755,0.6955286699182925,0.5885409714277986,0.7677675100823349,0.6859727871549267,0.20714836765148692,0.3221392358021039,0.2941868756189548,0.3927979237092768,0.4448631573144223,0.8106304327293552,0.6596830429991403,0.2318565467796037,0.5704752186723875,0.4822767662454162,0.3088453573234399,0.7508144856870759,0.7897678755074704,0.5101973725709383,0.0,0.3477271138177802,0.918001459006099,0.8481645152990567,0.0,0.770007179829588,0.8465353603283728,0.7619838148051422,0.6857167462998649,0.82451198513116,0.6803989405323626,0.41219705514193195,0.7092678576072908,0.8038011013849764,0.5082507101657001,0.299834781975031,0.6744964707663743,0.463941172720295,0.5116245735619808,0.7898684917577904,0.5437415845049095,0.8728564652644837,0.8039949049162614,0.632244185642121,0.33041310132382323,0.6213020422186666,0.6615715987487738,0.5274229436326421
0.7239007046749925,0.41440421153377843,0.7932476177004385,0.3675694836383291,0.4506638134185,0.5683503509064746,0.8479065233659566,0.6331457607053759,0.8429941402992543,0.45775798119422506,0.8568225567379362,0.6667135220211051,0.5982799539568078,0.6374889041988773,0.547677441558754,0.6594286149892582,0.5478221371163989,0.46091252045815123,0.5869407202913446,0.6160519437990195,0.5317056607333852,0.7574222110176976,0.7237349688746987,0.13296318700476198,0.4899912349656287,0.5484586474170918,0.7781979208786501,0.6434608004167673,0.7707494638746087,0.7446277187511333,0.701556376313385,0.2893245266654475,0.6230516730218385,0.7568133355723333,0.21922264018789112,0.22305717439900835,0.3970928345886669,0.38201491317558844,0.1511842784355637,0.637339734353824,0.7169849715945275,0.21037531951460367,0.30960536393458576,0.2758210057949924,0.24394253363376947,0.7582981195967249,0.7163530722659495,0.7275891371356917,0.30327302778110976,0.5428463793061314,0.6808178323272434,0.9839484934942484,0.770007179829588,0.0,0.7224529448072631,0.9400930755610649,0.47224789002343415,0.7779249779406713,0.7998686365116282,0.6502580191964861,0.8724572278100604,0.7651351242313928,0.6941351107060116,0.48279591258648324,0.833065740707486,0.46005866638713644,0.7473759453279413,0.76787594759107,0.2632106929424099,0.686951286003172,0.7521856358128283,0.8432983149077771,0.5520463306059731,0.781465481079906,0.5767038441812519,0.5776980942805904
0.7479857951201342,0.7582203840791016,0.3052613743623953,0.5324977824644498,0.25265643074341376,0.6912523380949606,0.8116431257100444,0.9424308203149434,0.7399568606398291,0.6675844373333577,0.6490374887478578,0.3863171508059545,0.9056490163719895,0.5485789969535542,0.35596284733233274,0.6868168107431785,0.7370225266066035,0.7404220668900228,0.1432400751346839,0.3198015430259661,0.8599970456357442,0.5261056488035708,0.8324857454197627,0.20614803700503687,0.7893707917280102,0.7557739405592443,0.4558927167293616,0.4870024628175336,0.7772188862648447,0.7225009087184925,0.7908781581882279,0.6193078346905182,0.6984398827173802,0.702371218052722,0.20342127428919196,0.5682925272011963,0.5446286779628758,0.38667950804270446,0.46548673433906546,0.7694295817309224,0.37698279030056014,0.0,0.651683543612018,0.3659504783939278,0.1349467219967964,0.826204970220582,0.8120951378798809,0.35521726697130773,0.0,0.3425837907870596,0.6865439430268115,0.7077691130280515,0.8465353603283728,0.7224529448072631,0.0,0.7181058670053213,0.5018633596991402,0.6745256830955906,0.805068948939306,0.31010472238310144,0.6972087010876233,0.8376289831092764,0.6466298601348724,0.12690369011449654,0.37965822205803607,0.8066863250768509,0.35917357102466557,0.6685187113222638,0.3924205590895116,0.8897620402599856,0.7162279590043091,0.4235423575502364,0.0,0.5466839863944564,0.3314440590493746,0.21015134844552136
0.748492688180174,0.44363193502330606,0.886485879310195,0.4742233393349099,0.32514096752636584,0.656244256815677,0.9273490986309469,0.657920139971941,0.7967477584746147,0.5100056632523361,0.8441812975353791,0.7126644426376344,0.7057536203302462,0.531850270892176,0.49578469482492254,0.7427656304650923,0.6189815019778542,0.5628521961650077,0.598208158200643,0.5653652908362911,0.6495934391517163,0.7516331771257199,0.7163167468034614,0.27932051932017365,0.4382019040032408,0.4661430990529316,0.790240315668739,0.7317771262861221,0.7578476717447473,0.7445406480842368,0.6787645876176243,0.3934397276654168,0.6770283058910056,0.6606841168740716,0.3660875979596977,0.18468103209284673,0.46347725721310395,0.37725444735693764,0.2866594207918506,0.7544739476552081,0.7249724843103456,0.31977779263971146,0.40464116013196677,0.3581322964778078,0.3240131535221075,0.7580566223667873,0.7437129919142916,0.6601417016779858,0.3247161324499366,0.5152090938780175,0.7723713248860675,0.991345994737193,0.7619838148051422,0.9400930755610649,0.7181058670053213,0.0,0.5896251547671743,0.7673123871927078,0.6935524373409612,0.639597811452148,0.8447163955758715,0.7278195099956898,0.6528589704504657,0.5349847385686489,0.8057531382508579,0.37769240062335974,0.685616114651021,0.6663862858534563,0.378912888952647,0.7299269091697019,0.7587614025032958,0.7842262391503511,0.5817812247120215,0.7542595052967518,0.6167729289208772,0.6894773398980959
0.23444875312162156,0.484657063849418,0.41187037783855746,0.3345941798535556,0.4053742289915296,0.5647024329910524,0.4926081968127444,0.6857188149558879,0.5929555645868161,0.5244704774902275,0.6065393382498968,0.5926798081955598,0.4835985411022834,0.6512980210663808,0.192114332694314,0.33503897889820794,0.6034943556390409,0.3590577152557224,0.3679694608424761,0.2877068886635826,0.4656087437852801,0.17120931107077814,0.6643445936900716,0.4862355887846039,0.42616279173156146,0.628250327461623,0.4023585443020036,0.34536289100761436,0.3691166073255407,0.5185741920723355,0.44111477380749536,0.546539607485812,0.31893566434064025,0.5225940951975596,0.2395322839620784,0.5232416841196286,0.36442918085090514,0.4227198375226282,0.386227919765108,0.34680103528318607,0.3981176008499581,0.33948381975342173,0.44510858017568633,0.2543648480994188,0.3213682895096988,0.3023782299149487,0.4551161785993486,0.4939817736192654,0.15351307125980268,0.34636533674558634,0.4872168278046756,0.36418740681187695,0.6857167462998649,0.47224789002343415,0.5018633596991402,0.5896251547671743,0.0,0.32670450457857775,0.7542210676411947,0.20666719651501259,0.28928644610193865,0.4365587116146918,0.27204380964967106,0.463446848462149,0.31246697904097975,0.3663683143497626,0.13706681831702455,0.5776853532568375,0.5789371865101256,0.3183298520194252,0.4425491662220733,0.37859951844352874,0.06793916916811761,0.23949477431300198,0.48456151222988136,0.2659926291230192
0.6386984542164295,0.6456006108814754,0.5327734726465855,0.5432533924351453,0.3514881017755652,0.8185514127637793,0.8014383566215652,0.8130595060397158,0.7961414285372612,0.4613214849684974,0.7172841051344414,0.35660286464659124,0.7772743980063207,0.37003877695210724,0.46202511383959366,0.6809390260973277,0.5721468353553525,0.5274252429642402,0.36217897936939825,0.460060017025123,0.6128850988519305,0.6878774221990843,0.779901723880638,0.025512309095748073,0.4656813168868734,0.3026586705365767,0.5591666850562506,0.482980680563058,0.8286352483921404,0.7567694175985782,0.7517642888950019,0.5371060804541581,0.7854693055701126,0.762145587336436,0.43054025153137404,0.40330453268947664,0.47078365668452976,0.4281825151770375,0.4391900077864684,0.7130475703450398,0.5724857510825427,0.11635845127236247,0.6460260312631539,0.5035352695235221,0.22300018727540133,0.7798924502611648,0.7038326037588822,0.6106777822510705,0.21867785706972934,0.4266934172279453,0.753358236420676,0.7565539301869969,0.82451198513116,0.7779249779406713,0.6745256830955906,0.7673123871927078,0.32670450457857775,0.0,0.46497239157359876,0.575494290534755,0.6652579828163453,0.6848970614679241,0.46425533393183743,0.29869489096889645,0.5469405203163016,0.7485292153374803,0.5060422382351485,0.8338872109158063,0.21721925551684917,0.7190450062586795,0.6400019256098125,0.6061337203552823,0.09723432049828284,0.6559467249731592,0.3993164412892854,0.39635294983889213
0.5390141338174195,0.4299767309322753,0.8259457925822775,0.5524274280797016,0.34327087691767655,0.5689920803507447,0.6824500094997296,0.7029247816357506,0.7403759819255828,0.7666465168765002,0.859036356140464,0.8196502417101305,0.6086404322690206,0.4200276352416714,0.5893899874945029,0.5372924798324046,0.5399326622929485,0.6363681435671347,0.714953106123511,0.5754912393852943,0.43718429789146257,0.5155873175864726,0.7114051906495297,0.4120217037631914,0.5560387424858272,0.672903334678999,0.682117433443403,0.7835958816576485,0.6113307960620754,0.6809150492937598,0.6655033479525166,0.31806727342674235,0.2866206467445137,0.4764913708274233,0.22945219948039725,0.5969220566355453,0.7410876877024258,0.22460955496388524,0.206104865842259,0.45747892255378775,0.339972272287366,0.08530505518966165,0.2628262094767307,0.15190741454399498,0.06504952042359971,0.5671432772903682,0.701541186643693,0.6127404867503833,0.22178437648993463,0.3778350787498628,0.6075950740865238,0.7006746689415742,0.6803989405323626,0.7998686365116282,0.805068948939306,0.6935524373409612,0.7542210676411947,0.46497239157359876,0.0,0.5646753254186784,0.5827725711879139,0.57947338545424,0.5281852153909281,0.6981746469056052,0.6587700114939884,0.4086969958260187,0.613525289127841,0.6460749781913311,0.378384808222228,0.7238718854261009,0.7199092052541755,0.6459896563905391,0.28454704227126887,0.47698856732664063,0.3450066962411973,0.31410950673107496
0.5392090845171386,0.34062732415483976,0.6587404476686123,0.17925254741655378,0.5349077701905095,0.6105948297931929,0.5106334600734636,0.2908540811665481,0.7282796146776542,0.2972839122460135,0.617783223071423,0.5647474789166216,0.4049270242535805,0.7636624888404228,0.8563860114906052,0.31274402309961036,0.13682330579064295,0.004363596376557061,0.6992684538060172,0.8611910468567245,0.2702033134860599,0.7174546069611397,0.41350284686122196,0.5008672773400291,0.43272960017277873,0.4687756857138377,0.7878753223602163,0.5290854845676899,0.6179401568085616,0.641811604476215,0.47365154096918893,0.24680171369334553,0.388654859862006,0.4668131789667777,0.27458361563296424,0.581235753501761,0.3177482138101529,0.28638204683572765,0.15243426547170652,0.45188072070739016,0.6780549094808552,0.6025831026998395,0.2430375082165478,0.3823561535360263,0.5238437018292511,0.4706155902993412,0.5919638331560371,0.6450400269985986,0.517349689495108,0.48169684698050874,0.6516642374859896,0.5448159371294901,0.41219705514193195,0.6502580191964861,0.31010472238310144,0.639597811452148,0.20666719651501259,0.575494290534755,0.5646753254186784,0.0,0.6626768041699684,0.48834522290403415,0.452925693352565,0.7023825823372593,0.7235525407034845,0.22759663641797837,0.8653626409590501,0.48219203245553466,0.4788689110077766,0.48688734541368184,0.5413704928161018,0.7867011174469516,0.6713064631635571,0.5549372549727215,0.5627453930881327,0.6720015719720845
0.7784109366171044,0.5570136314349066,0.7257964459453707,0.5621399130348069,0.5632386635192345,0.7322671158650325,0.9334108957951718,0.6604564188208505,0.9248474205114675,0.4758451973311407,0.8587128190017215,0.3944254020419962,0.8369492109242233,0.4141564300220127,0.5799853856117506,0.750156131470334,0.6092328240186166,0.7367434082088351,0.6082848694985707,0.7101319932491883,0.7924146750008865,0.8382141806276883,0.6371605910615312,0.30389556042889504,0.5862450415065675,0.47344071768810375,0.7734165434403006,0.7019684221798128,0.8528037831048643,0.8865491051867223,0.8024058493187146,0.6705094478562627,0.8977944411758989,0.8153840903606117,0.47892533352837013,0.49064890909391706,0.5867687128337203,0.5154996914393114,0.36071650962869384,0.7630376189180645,0.5008364737474772,0.12224220368681178,0.4862442199150707,0.42990664386656596,0.22276213691029834,0.7831227952569679,0.5785413150466501,0.6949833466391139,0.450044869463617,0.6459872418527125,0.6218643445630151,0.9334336610708546,0.7092678576072908,0.8724572278100604,0.6972087010876233,0.8447163955758715,0.28928644610193865,0.6652579828163453,0.5827725711879139,0.6626768041699684,0.0,0.7640123352544735,0.6874011435467297,0.5264937559475982,0.7382127950503431,0.7889900949498863,0.6009477283155613,0.6267326182473282,0.3181988349794129,0.6555071663450466,0.48481308568681875,0.7373532879318259,0.47762380192784953,0.7949490164031686,0.44189282819152315,0.19967583408461523
0.7781287856579819,0.7141387308438871,0.4797785179768107,0.5047110558677805,0.30753591450308404,0.7211495570943515,0.8524879032189073,0.9232190895523387,0.7717956401338204,0.652481750975849,0.7189731452475633,0.4455924376801647,0.9594709734289045,0.5062654032603808,0.48177530390678025,0.7627852867619208,0.7496220991914246,0.6942714152407099,0.27781056431416634,0.44420233871980064,0.9462348726073309,0.737337615044247,0.8658547041971448,0.015937427047608116,0.7477884190047555,0.5690538856700953,0.5736940894933514,0.5673651224533711,0.8951825796419983,0.8581837480284238,0.883582654727031,0.7015716399942616,0.8361373042639043,0.8303436163246761,0.33458533054284095,0.4537076099915946,0.5705809205414705,0.43012173225887124,0.4154574689688184,0.7495049462593446,0.45443787424799237,0.0,0.595636148939584,0.4031758834552525,0.232283936945693,0.8409021107250965,0.7141382222572343,0.41526945380000574,0.13069750798348115,0.3809610654772855,0.6969053965939632,0.7639397666034307,0.8038011013849764,0.7651351242313928,0.8376289831092764,0.7278195099956898,0.4365587116146918,0.6848970614679241,0.57947338545424,0.48834522290403415,0.7640123352544735,0.0,0.638454586471796,0.2692601093772937,0.5407296537924102,0.8891644421228307,0.4468396637128342,0.7446947115260081,0.1796324272006032,0.8877648874261235,0.710218356342408,0.6003816711001284,0.0,0.7306933901909882,0.23660477678485486,0.3407945635912705
0.623726735597383,0.49103852750993154,0.40107289722598677,0.5192301185662077,0.3865699765553185,0.5354481805097775,0.7130026945277579,0.5503269428155387,0.6691655797883352,0.46440215772311555,0.6383659163957831,0.28020496650799154,0.6450613158392143,0.43051230136059454,0.3568660458401608,0.6269648341293289,0.5272096231015092,0.7204337195430246,0.4624309598429175,0.4144356214360044,0.7411497585091701,0.5557974199647904,0.5213377799291302,0.3537119690674135,0.6222534005903477,0.5070862111783031,0.48497659723384845,0.4684256493516191,0.7262670957259283,0.668870982786714,0.6470196733461991,0.6641526490346744,0.8374902523846968,0.8017674147109948,0.5875794305656638,0.298379909342571,0.506305136708975,0.3924289839581728,0.5688297345582918,0.7994711642531704,0.659831394207196,0.25221964147764436,0.5442339690067909,0.40500824567583615,0.3755893763558618,0.7211900355745617,0.40696284956446194,0.5705955016195302,0.41343234639558424,0.5012962526566282,0.5306622562709125,0.7050600535591446,0.5082507101657001,0.6941351107060116,0.6466298601348724,0.6528589704504657,0.27204380964967106,0.46425533393183743,0.5281852153909281,0.452925693352565,0.6874011435467297,0.638454586471796,0.0,0.4156406283834344,0.5322133685511415,0.7550228883243325,0.3676407533597683,0.5105699289242475,0.2681784993671111,0.46072073476307396,0.5033944090440151,0.5920814008246792,0.36304784838175075,0.7397950648454436,0.3742409145408352,0.4613036484852499
0.34014956488377196,0.15591293288894398,0.8265543829632997,0.31014070949982575,0.6477391462221733,0.4409582095352782,0.4726872055283039,0.14694941492902805,0.6170953829510077,0.19088953918000287,0.7029123279748155,0.7256250893232967,0.3084817354245252,0.7096266833433681,0.675089153523653,0.21028059025413826,0.21339690051668161,0.009621961347553581,0.8643607843238701,0.7852797449782201,0.11592101935832601,0.60309181135546,0.19368404811248904,0.693140889415341,0.2531251479648253,0.41616990395511505,0.839287970493457,0.5731156314471628,0.37188046874551844,0.5279176995232453,0.22451450571618894,0.00927201636129155,0.29984435331467363,0.5096099297425618,0.6182888788478912,0.3551377826944433,0.17007425204703988,0.3320414033192598,0.190525485202293,0.2338938682085509,0.8449702616973339,0.962411415639592,0.10977257901286394,0.30953271109871217,0.5357160596291332,0.36910021577900387,0.22084872244571427,0.7594778244083664,0.7166664441494167,0.5920233100332478,0.42777893314993226,0.5407681506131012,0.299834781975031,0.48279591258648324,0.12690369011449654,0.5349847385686489,0.463446848462149,0.29869489096889645,0.6981746469056052,0.7023825823372593,0.5264937559475982,0.2692601093772937,0.4156406283834344,0.0,0.7845264668256896,0.0,0.7610344616284792,0.2619016211263622,0.5751571699603598,0.2846113118699886,0.43590744779941115,0.7887847664343982,0.8505388833428534,0.5066342337906002,0.7983604902865116,0.8332088265287116
0.5397125617013462,0.3626599603804779,0.865334227749734,0.36476054033692284,0.6653276568075177,0.7518591661415066,0.7467218018301397,0.4466684987415685,0.9191039198039542,0.3448047549453209,0.7521541714418133,0.6184676489226679,0.5440722058612601,0.6073925749297898,0.794513574965166,0.49035444709406295,0.44080750794060786,0.26008943284732705,0.8430546481442363,0.914612373046425,0.495138186989048,0.8322189274185553,0.5429881038649153,0.39328628089160955,0.13850589160930893,0.41839130272198105,0.9416702894196372,0.7881016829231846,0.719485248890569,0.8661563964590707,0.5812091303904663,0.27840328474830495,0.552390263949031,0.5547061740745207,0.37450211441563797,0.34326856237201236,0.36324973349070516,0.336787070976726,0.1410622898997099,0.571380463062124,0.6394676392414612,0.35379113106724275,0.2624294622052237,0.3276955687359633,0.5158488531998437,0.4498323831093871,0.5414383403408871,0.8339571253610969,0.5358252738979645,0.6044262103797041,0.596923578402932,0.7558486428636546,0.6744964707663743,0.833065740707486,0.37965822205803607,0.8057531382508579,0.31246697904097975,0.5469405203163016,0.6587700114939884,0.7235525407034845,0.7382127950503431,0.5407296537924102,0.5322133685511415,0.7845264668256896,0.0,0.30452291215903193,0.8885952229691045,0.6265338375899748,0.43767802557220603,0.44650401589840544,0.4888069720465871,0.778517933410892,0.6603382844326189,0.5698148590891352,0.5367377660718735,0.6454420461490471
0.6437905011625495,0.5404129560002477,0.05442721856292432,0.5829511400768282,0.06664128134086907,0.48868713037277645,0.5103848405473502,0.5607236461654396,0.41589533899756564,0.455687718624241,0.2440943418362019,0.19703355297078257,0.5497265423836624,0.2891797797236638,0.03504037434689149,0.5858018677291577,0.4479543372365868,0.602496799885996,0.010055947810406113,0.22263947448937974,0.36687192546023184,0.45468156640985335,0.5352904434208456,0.025730860989744017,0.736290156586732,0.3160323448255215,0.27779102046511644,0.2464503579031096,0.6337162056504534,0.3590667808252094,0.6727933887472948,0.7564692733107803,0.7172733151254704,0.7211682733055926,0.3600260185894389,0.3753656062451348,0.4744039846762393,0.37886967829168755,0.5528320958516175,0.8159844901461862,0.4453318296296056,0.09706001012242213,0.6557796437814445,0.6192973811813993,0.3778163204037212,0.7620264578677984,0.7394121998791412,0.2942509886576038,0.16967760531817927,0.2040113146246271,0.7127403692707629,0.6434264124678009,0.463941172720295,0.46005866638713644,0.8066863250768509,0.37769240062335974,0.3663683143497626,0.7485292153374803,0.4086969958260187,0.22759663641797837,0.7889900949498863,0.8891644421228307,0.7550228883243325,0.0,0.30452291215903193,0.0,0.39463507117459756,0.6123371732831545,0.13951409654973473,0.940857537768673,0.6746469249094588,0.38655613102632796,0.29417510560490123,0.695347655933715,0.2808852316176398,0.39499627277535887
0.4899216916458236,0.35727140664901347,0.7996529328368822,0.41573782991166175,0.668914401808093,0.6608526895078554,0.7210575023802672,0.313688649673987,0.850109785858296,0.3325675747121992,0.7226500096336582,0.4864496397240574,0.6088758271405819,0.563399153947805,0.7737041830471306,0.3666231498804203,0.4309521956682431,0.2809900547955271,0.8573772855254406,0.9289648323552289,0.5670108719402269,0.7931813909791823,0.4229528653616253,0.45236692709286563,0.054463841822757944,0.4531038453583974,0.910693518266502,0.7527791074300121,0.6907311342551041,0.8119043653536187,0.5898310466964607,0.2617678766440009,0.47116553006611384,0.5681971085081581,0.48270918111563993,0.5169686138110686,0.3988128003987482,0.3325539473973869,0.10377600856045265,0.43488659046812705,0.6201845858220066,0.39750476427619263,0.26951327021088656,0.38516913554048293,0.4976319029682584,0.4229062197961275,0.5120103117822326,0.7588637939849108,0.6203115342195412,0.6274638911519775,0.43445956279147113,0.6807690469983683,0.5116245735619808,0.7473759453279413,0.35917357102466557,0.685616114651021,0.13706681831702455,0.5060422382351485,0.613525289127841,0.8653626409590501,0.6009477283155613,0.4468396637128342,0.3676407533597683,0.7610344616284792,0.8885952229691045,0.39463507117459756,0.0,0.5618395455037377,0.4574429372512125,0.2714653829047863,0.3526989501941159,0.8264060019752195,0.6310340985196754,0.4599598732017849,0.42464798644310986,0.5896907047899841
0.698590431762115,0.45256637868314853,0.6336713350198746,0.27855173646112913,0.32957945626941326,0.6549827761661486,0.6227697703883747,0.5923242043003049,0.7746078746157878,0.37239771575057384,0.6322275960705466,0.565390435101057,0.3654307888413443,0.5691117477189539,0.4345863315829936,0.44266551191628173,0.3439822980527494,0.32049032776219233,0.3138580123880613,0.5946691713598746,0.6504284072311342,0.6549172094940052,0.6896229171425052,0.3422864122861342,0.49667375954780646,0.3827594738196317,0.5456830197647973,0.36140029721460787,0.6451169729785297,0.6824098817518828,0.6078611426078279,0.5117589097683938,0.7550599683039347,0.6258673378183359,0.3118800465718652,0.35003544319785274,0.22728759590082162,0.49486419719395996,0.38717399410291425,0.7433346827533899,0.6399987287690055,0.31436698863137685,0.4590124996184999,0.38218665528246226,0.3695932891915036,0.8029344230816214,0.7261614973758365,0.6703583646339583,0.2931562398581733,0.4451073564545079,0.8667532983626984,0.867588107761123,0.7898684917577904,0.76787594759107,0.6685187113222638,0.6663862858534563,0.5776853532568375,0.8338872109158063,0.6460749781913311,0.48219203245553466,0.6267326182473282,0.7446947115260081,0.5105699289242475,0.2619016211263622,0.6265338375899748,0.6123371732831545,0.5618395455037377,0.0,0.43631355439041075,0.737575484258997,0.7090725646254024,0.5703155392833095,0.4887622667263438,0.5611003470835063,0.5370378213044459,0.4974082377181172
0.0,0.29033368135029863,0.481929593264165,0.1673810463042008,0.5743571050785984,0.44671702232180244,0.18333207853054956,0.37927791193395805,0.3720754846338339,0.43176066850436967,0.3619376278104825,0.681885865186289,0.22641228302215188,0.5132939337913405,0.3983999246567763,0.02729536802969737,0.31973177978186246,0.03129086695507957,0.6029217476496679,0.39642415260614716,0.2698249641989299,0.1587641095034248,0.4690744565234628,0.6403462509134021,0.03938294154436897,0.35512787844970267,0.40365925107716205,0.32938098039444524,0.12244796369279116,0.32174684355799765,0.10328937300713575,0.5672478370649862,0.4693783114450719,0.4080516944706046,0.6402727318025017,0.51380363799315,0.5353371612697844,0.5438510666378422,0.6432080641708877,0.5278985203855713,0.4627530275887271,0.547028921685046,0.31948716128748816,0.5002291057881116,0.6312424773733164,0.0,0.4263040563500061,0.45832169970582926,0.4837470701101856,0.4942690837476637,0.371945597193406,0.2144723230685151,0.5437415845049095,0.2632106929424099,0.3924205590895116,0.378912888952647,0.5789371865101256,0.21721925551684917,0.378384808222228,0.4788689110077766,0.3181988349794129,0.1796324272006032,0.2681784993671111,0.5751571699603598,0.43767802557220603,0.13951409654973473,0.4574429372512125,0.43631355439041075,0.0,0.11052699790347936,0.20378984372494635,0.3460663013074739,0.3964044257359357,0.14304472058599838,0.47621048935899946,0.543819093727891
0.753904196622971,0.7770610107956045,0.38767375641158597,0.6688254469397563,0.14103574685804537,0.7107913048622335,0.8319206622754244,0.9653788206056485,0.7048175399638363,0.5820052184392092,0.5986053631646265,0.2990980352751566,0.8820451304051913,0.5565292293529814,0.42883362075924447,0.6974595038781459,0.6057704301235467,0.7071287864720807,0.30475736213408644,0.29117144134389616,0.9675535237468478,0.6902655433421485,0.8629921223377892,0.057790006163782895,0.8189557361110358,0.476306197220597,0.3775974456288469,0.45167499488616486,0.9110126730539907,0.8579955044183455,0.8577945936501101,0.7545757434605986,0.8358752558529976,0.801867726142128,0.23624128587986118,0.4663010588165548,0.5786273628202614,0.2713662559222599,0.4341958155312444,0.8265314197057391,0.4497891581264821,0.0,0.7010212677558466,0.4859493766677267,0.27224437040020927,0.8044968917944267,0.7451330812339144,0.3853690661816108,0.21347394975776796,0.16837433381079786,0.7541188310743581,0.6945486190479642,0.8728564652644837,0.686951286003172,0.8897620402599856,0.7299269091697019,0.3183298520194252,0.7190450062586795,0.7238718854261009,0.48688734541368184,0.6555071663450466,0.8877648874261235,0.46072073476307396,0.2846113118699886,0.44650401589840544,0.940857537768673,0.2714653829047863,0.737575484258997,0.11052699790347936,0.0,0.5314847568473289,0.5296768597959333,0.0,0.6649596303918276,0.2528552188426031,0.1888772426624032
0.5256895207469561,0.5911476774088571,0.5948069007129029,0.4572151766301713,0.29378163358311854,0.46357248478460394,0.6488000751299061,0.7834891131162004,0.7121785567325195,0.48536319582583975,0.6986534902321466,0.4717448738821607,0.6892458710479921,0.5273609130402735,0.43103971757286086,0.537096377932618,0.5321812628485504,0.4174145433866129,0.4965974440193365,0.3352716678750672,0.6607329672115336,0.5577529635988191,0.7831780032416432,0.0,0.5269372721385087,0.5989865853513441,0.44728487799642924,0.3926011568252085,0.6033044835257004,0.6086868551538147,0.674888237858823,0.5686385823101663,0.7353208018681626,0.7675900854989484,0.36227306418522237,0.3594981519594981,0.3963029535526875,0.19961758474941543,0.35625042460421946,0.6124892861563958,0.47145313274113965,0.07324207861845114,0.4897331436543102,0.23338562965905568,0.2101458628621166,0.5429345764128093,0.6362741057456267,0.5438716834488986,0.2152340603290461,0.27547189547336276,0.6810138621079469,0.6751767537183152,0.8039949049162614,0.7521856358128283,0.7162279590043091,0.7587614025032958,0.4425491662220733,0.6400019256098125,0.7199092052541755,0.5413704928161018,0.48481308568681875,0.710218356342408,0.5033944090440151,0.43590744779941115,0.4888069720465871,0.6746469249094588,0.3526989501941159,0.7090725646254024,0.20378984372494635,0.5314847568473289,0.0,0.5818288502331252,0.09463177174533347,0.4943144150925105,0.3017062610157153,0.3065835593800683
0.6484447562079931,0.23124597053857834,0.8992637733714061,0.20512999614355276,0.6170772550318289,0.7227337585022598,0.6104248650355423,0.48491417471389,0.8836419785234263,0.30242211923393547,0.7364777648889641,0.6105485149004259,0.3958988080132739,0.8118230550323833,0.8531805922103733,0.4691144275772909,0.2927428781386611,0.293221032383745,0.8343953655775543,0.8729874211883352,0.4922011389803398,0.7600213703355423,0.5888481628994996,0.39492683795377315,0.4154214881577274,0.47513722020563237,0.9217948487452309,0.5643198021165634,0.7150056559174599,0.7237397143256474,0.5407309262847172,0.16599441305200885,0.5878814668931645,0.49948181811253156,0.3463110809656399,0.2999395066848345,0.21558322856263984,0.35127085711143186,0.13076376989982935,0.5651401793758706,0.6364158480135765,0.43852475772275606,0.17160820361547438,0.25591570907843786,0.4383588223833057,0.6284002032765283,0.5982630235083187,0.830288189013804,0.5055276627493293,0.6441223462187669,0.6590834518138788,0.8204621867304186,0.632244185642121,0.8432983149077771,0.4235423575502364,0.7842262391503511,0.37859951844352874,0.6061337203552823,0.6459896563905391,0.7867011174469516,0.7373532879318259,0.6003816711001284,0.5920814008246792,0.7887847664343982,0.778517933410892,0.38655613102632796,0.8264060019752195,0.5703155392833095,0.3460663013074739,0.5296768597959333,0.5818288502331252,0.0,0.7305139721234288,0.7043757729416591,0.5904547724916789,0.6346175238420921
0.30101295661745125,0.19063648540103517,0.7066274583790473,0.5269098155634673,0.8615663192199121,0.5675978276697153,0.48293587245761016,0.16490908264084952,0.6196472759564013,0.0,0.6182670891331643,0.27447315460627647,0.3134457075418946,0.2846947578225464,0.604980268049956,0.30085350067504996,0.03394566401057894,0.11081130264047809,0.9537002210659812,0.6875473714031857,0.26063556548929334,0.5364448622118952,0.24249206300227513,0.457252563738183,0.0,0.0,0.7782611333270061,0.49924348035677935,0.3786406081998497,0.4194418381040675,0.24191833448913322,0.2577500784722471,0.39588367937887003,0.5605753583169759,0.7183175141071397,0.31865181097433304,0.44452403662211665,0.6379373471980234,0.4202203423257642,0.3620230496028589,0.707016832569548,0.8644475054950549,0.25611893876492337,0.6313503180964385,0.7629136671897628,0.28520484536769625,0.25805158664151595,0.8852359444111999,0.8001659001674166,0.8089641709400172,0.35222013444573985,0.4510940644831224,0.33041310132382323,0.5520463306059731,0.0,0.5817812247120215,0.06793916916811761,0.09723432049828284,0.28454704227126887,0.6713064631635571,0.47762380192784953,0.0,0.36304784838175075,0.8505388833428534,0.6603382844326189,0.29417510560490123,0.6310340985196754,0.4887622667263438,0.3964044257359357,0.0,0.09463177174533347,0.7305139721234288,0.0,0.5704224894055449,0.5655992733773124,0.8423686379629742
0.8366642160713071,0.430282912430197,0.5137924302275287,0.622442092477476,0.4454751677894728,0.7223593022514213,0.7876393301712292,0.5464335325913019,0.7608844310432413,0.2958466750908093,0.6139946139537819,0.27266102166222417,0.7138201804078594,0.5334371084171713,0.6042599722523733,0.7378237268098236,0.4939947684395313,0.5966349744533495,0.5701948919733456,0.5983294730753783,0.5747137836426497,0.7820072776738809,0.5002616541587687,0.1308463598430621,0.6207174215835698,0.34527506602605995,0.6755450422440523,0.5403110832593462,0.897045913104915,0.7566767534051977,0.7776246443234148,0.49301520399132254,0.8138126166538984,0.8257737623270235,0.4003180164494217,0.20853878928123049,0.24573008887518993,0.30687895863362713,0.31371453432385404,0.6852140306088557,0.6004048692699822,0.22521964493915253,0.4634520084669774,0.5044993855663062,0.3817023921086601,0.8824978858734862,0.5367372233409279,0.7065196329111831,0.42139720861237073,0.48935123103138356,0.6512743211662888,0.7679967893756623,0.6213020422186666,0.781465481079906,0.5466839863944564,0.7542595052967518,0.23949477431300198,0.6559467249731592,0.47698856732664063,0.5549372549727215,0.7949490164031686,0.7306933901909882,0.7397950648454436,0.5066342337906002,0.5698148590891352,0.695347655933715,0.4599598732017849,0.5611003470835063,0.14304472058599838,0.6649596303918276,0.4943144150925105,0.7043757729416591,0.5704224894055449,0.0,0.46709052203736723,0.47512712793673106
0.4564943844132542,0.23025219925256957,0.7248219275024919,0.3596925994246567,0.6986473388528698,0.5463815469973192,0.5451674540291799,0.49841935708575424,0.5259732709014466,0.2611418473597949,0.6479608053352544,0.6129933377631619,0.43202065034920945,0.3350147078927609,0.5140537024897582,0.5838838480253083,0.3061110491327424,0.29196087345857774,0.7655835264571167,0.5968114326335583,0.4931942703265647,0.5948305224876107,0.45908242205318744,0.5027849723131951,0.22979598472474771,0.09694660370586866,0.6466985560997078,0.5854437947672442,0.5344068759690735,0.5384612717727048,0.4118802603302537,0.3637496669721926,0.6399591901070362,0.6952640894604445,0.7947252594110741,0.37114935859887865,0.3442951288463625,0.49241492602708004,0.3464496305212541,0.4489264387704829,0.6683955525713222,0.6149309750736489,0.32078192800260424,0.4468928469688992,0.6063251379818836,0.4373654506320149,0.2801398574763608,0.7253195976827064,0.4069013895879418,0.5704871395930716,0.47181895284127173,0.6333387587787916,0.6615715987487738,0.5767038441812519,0.3314440590493746,0.6167729289208772,0.48456151222988136,0.3993164412892854,0.3450066962411973,0.5627453930881327,0.44189282819152315,0.23660477678485486,0.3742409145408352,0.7983604902865116,0.5367377660718735,0.2808852316176398,0.42464798644310986,0.5370378213044459,0.47621048935899946,0.2528552188426031,0.3017062610157153,0.5904547724916789,0.5655992733773124,0.46709052203736723,0.0,0.5897684498299999
0.47019661699232296,0.2170509457488925,0.6816796740700701,0.4592407599568138,0.769717553574088,0.5871575425514183,0.5027850368556981,0.29829063220135127,0.7116769457251557,0.3048978305309963,0.734371906686517,0.4498258015864109,0.47300372268732144,0.2840315108533959,0.5730713869283629,0.3957564935932178,0.43888176800238293,0.36218735378876005,0.9074495479804894,0.6981359929602137,0.536319487182251,0.6241439177410099,0.3953995918247966,0.6600197280506185,0.2451108982738214,0.30359605804775736,0.7376634425328839,0.6969330761590277,0.42501623346480355,0.6088344197849015,0.43625190707002964,0.3389203358078008,0.5190234568607329,0.7249273361336228,0.7204677461042306,0.5130867628832829,0.5794377882207922,0.6256834914613951,0.4523492793274922,0.5517578411051481,0.7161025320969183,0.5672998738781263,0.4534570856269372,0.6161218791063032,0.6668065105108556,0.45999749546670937,0.2162407607977801,0.8067549249433478,0.7595517102576504,0.7284386918715621,0.47059623109562904,0.529493467329513,0.5274229436326421,0.5776980942805904,0.21015134844552136,0.6894773398980959,0.2659926291230192,0.39635294983889213,0.31410950673107496,0.6720015719720845,0.19967583408461523,0.3407945635912705,0.4613036484852499,0.8332088265287116,0.6454420461490471,0.39499627277535887,0.5896907047899841,0.4974082377181172,0.543819093727891,0.1888772426624032,0.3065835593800683,0.6346175238420921,0.8423686379629742,0.47512712793673106,0.5897684498299999,0.0
