0.0,0.16707689232179088,0.20705111620627498,0.32391317822970717,0.46354592065832034,0.37574363136611455,0.40818817941977187,0.27949351908122055,0.2714608101525495,0.18868030792695017,0.30463264757863984,0.457041298559713,0.40731016342551674,0.5962449625082411,0.08234275791051643,0.12148147538135892,0.20498507904277888,0.18010974522858877,0.4604099836083172,0.0459404099859923,0.2745854773829978,0.23516139270450528,0.37043277296690236,0.46030952621716725,0.19568331832324526,0.34482232950640185,0.4183186486725745,0.4103935589053388,0.3268594234932329,0.26717943137455913,0.2703957871073225,0.27175450784105953,0.2945634015057778,0.3062612702399462,0.4298243410408485,0.48095646267231684,0.29916521283031655,0.3854073965563376,0.2810724477801017,0.3624170765150842,0.30772124841584303,0.5506378691586564,0.25272491840726297,0.13586988864082372,0.2377553238990623,0.2538335245443252,0.38351902225938833,0.17706377049720937,0.40021695827453113,0.27862758758260153,0.4273276013091519,0.49045387363429804,0.2035167840801167,0.11927004560531476,0.38544891708154894,0.32037661805472917,0.5170244380618157,0.2535862421665858,0.3109365668183989,0.7406172513705991,0.05987489626228373,0.2515918686042773,0.2123880830033545,0.00801643159481008,0.3214380664031492,0.4537844968503891,0.14019073499674856,0.34658182485107236,0.5798328300690766,0.23849641347194256,0.409064598385151,0.42280066541582323,0.16782322122718657,0.32243350168241913,0.08948301416088582,0.4206390307179816
0.16707689232179088,0.0,0.43688830285086655,0.49659612948995513,0.6093550362096515,0.40875249006745434,0.6107947594331914,0.373023429501375,0.490388791920531,0.30798505756827044,0.5694747590528888,0.5076593559698539,0.5963418486938827,0.4466840920280494,0.26580309366995875,0.17629738151397534,0.3379628553129947,0.21760351995668042,0.5406729718169407,0.17376972207234556,0.21212215817018537,0.40351098612263636,0.576179582881228,0.6191982089351771,0.2170512290104312,0.573477403560514,0.6002873942975613,0.47464191345235934,0.34856854563887474,0.2501951631767417,0.16273532137623078,0.33936744890620285,0.39591850967564063,0.21883056484829003,0.546709219262282,0.5230730051166065,0.43942864961197475,0.4710693007763064,0.4618257325496218,0.4501547312971532,0.22693410157773894,0.5832357326247447,0.41737625878650836,0.292572769441316,0.2390847731479807,0.15764764643786694,0.47303308638155783,0.3226382824035431,0.5435968961646863,0.40082641176549744,0.42555770165733486,0.6304190419115198,0.3941365628725949,0.25533935810024266,0.6960505677141757,0.6508867729892442,0.6714800163402757,0.33218222260396135,0.5084326820620869,0.8033094036549356,0.24654387527396335,0.4233905661079539,0.10851178878182524,0.15096653704249863,0.21107493298837504,0.5257264596642597,0.21526584337669658,0.6600315668256785,0.6884272332708123,0.6494091970086535,0.8953748467396231,0.4495776579860675,0.2489117735624484,0.4565804834543429,0.25412580997917245,0.4737736546992802
0.20705111620627498,0.43688830285086655,0.0,0.3898818728666397,0.4332054811059206,0.49348414569989496,0.5963049062368868,0.3869394837743182,0.45934129877193874,0.3196720039797921,0.41764417343011717,0.5253542469924869,0.5883364189687219,0.7142004093799417,0.30757508084789276,0.11442586665231404,0.3830651479020839,0.27589371687780057,0.5420644887822269,0.2538167861137176,0.24488764699036916,0.4731740048108073,0.5865259534598543,0.5208605779351362,0.3200152904007622,0.46890887913586243,0.6078042661301759,0.5652782242794347,0.41730667921311276,0.02489614599225301,0.25303409533093824,0.49012203268265103,0.40274424618820415,0.3071489344184345,0.45967166998019937,0.669713695803837,0.46198458313719126,0.4012426592635845,0.6153792754931418,0.6314304702167964,0.40262060534306343,0.6880536507535543,0.5385770833513461,0.4236166970043293,0.2025074782032717,0.27279020101100804,0.46318692876119877,0.3548226301868038,0.571891080558589,0.6265954830184997,0.48956032140318306,0.6689332038396965,0.37745619437499645,0.3344482059956593,0.6621480953619308,0.5863350526168687,0.5643127003904184,0.3462034995779206,0.7206438503354238,0.6557991417310914,0.184926109662452,0.4364910849180531,0.1284352324020061,0.30519658251949167,0.3874425144810163,0.5101777629016804,0.216733812786307,0.48373457614173293,0.5605629434402788,0.5211453248217914,0.7022542980013466,0.683922072384493,0.3038516441406114,0.4808652137646039,0.40144312837972884,0.5122860614777545
0.32391317822970717,0.49659612948995513,0.3898818728666397,0.0,0.7649253914462838,0.6036180547587584,0.7289767551753992,0.6168541518020982,0.5536603504197712,0.4597471927122055,0.6524511448804502,0.8374019922309698,0.6489375788267917,0.7762120530347982,0.25257698263957684,0.33745064278209413,0.4717375226806222,0.4141337879169358,0.7074852489403047,0.4488036923815634,0.47164039390699697,0.5991377653385908,0.7099621306277913,0.9105832894133855,0.5041530958759705,0.8876316736415567,0.7797431356520175,0.6410795374250592,0.6817316601122745,0.3824655992774957,0.5188901946443083,0.44895889308767245,0.5236342063695045,0.42870476929135437,0.6543004503581515,0.6835321419039609,0.5627404659707872,0.5871489025778566,0.5074650069638472,0.7193806022965952,0.456727230675122,0.6143907671975855,0.47631198234790456,0.3855492559409472,0.35618400886388524,0.19861318471674091,0.6908980565855317,0.3549884403549052,0.5814824930322148,0.6308292161674163,0.5688959401105457,0.6735248527458497,0.5029430637371995,0.44384623222065045,0.7783514546713196,0.5958886370304084,0.9310680875169532,0.5154705971788688,0.6430261976232706,1.0100426922070778,0.42123353025343857,0.6235779920465718,0.274518371563487,0.3978842909204208,0.4159139610703275,0.7347737494641499,0.3653224438663062,0.6064420346216136,0.7740113955894456,0.7630269986992518,0.8532166819942819,0.7818566274149974,0.500300842147658,0.6304603568340414,0.4360838939805822,0.6182729641910362
0.46354592065832034,0.6093550362096515,0.4332054811059206,0.7649253914462838,0.0,0.774557849764869,0.7823497832373076,0.46772944231037256,0.6756326152831704,0.5723347825267217,0.5560858779918424,0.7563742353231606,0.8254079853424809,0.8147075132314681,0.23193251113730606,0.4951185961851009,0.5347524908801708,0.43161357950813783,0.8679488567642258,0.4272918003856023,0.5099851058718937,0.7522862925890789,0.7912684368525771,0.9242707604089626,0.687748005502162,0.8592377783774714,0.9011973165356045,0.8354326188780317,0.6581557812597552,0.4772244725811411,0.5700388657806468,0.5905309898423651,0.5974034294982187,0.475167026594291,0.738181926658536,0.7935486502812241,0.6563816159140295,0.696281688732479,0.6418731940939532,0.8187047605741572,0.4978860309740195,0.9409208167917752,0.6759915942011869,0.41670938492447074,0.40064333485809683,0.48588619428630364,0.6887520298423515,0.5320649120099755,0.7167055005577909,0.6508775333680153,0.7138673361070883,0.8439384675839023,0.6056989859364406,0.4943603590088587,0.8054412424908728,0.7004172626309119,0.8722143248688039,0.5988335739794824,0.7422270541411047,1.0151329195806462,0.4327312673996493,0.6656481909456984,0.4191144803633957,0.5439283130540591,0.6206545979869907,0.7439267075833551,0.4736488036299319,0.8358231456356606,0.8784447807199854,0.8091999146854083,1.024935512823152,0.8600203351604729,0.5020378183274544,0.6976715249066433,0.6228223130394077,0.7620904584695732
0.37574363136611455,0.40875249006745434,0.49348414569989496,0.6036180547587584,0.774557849764869,0.0,0.838760029107954,0.3763903266819132,0.6047742781087966,0.505317630445067,0.6718882192942358,0.6020638804841928,0.7985048706382616,0.909050834809007,0.09664414270032534,0.33926507432278147,0.5700381972422429,0.364473553389107,0.954642064293654,0.40541901832790844,0.3320709625453093,0.7227545072796902,0.7433319244061347,0.8419854650400865,0.43576512502209436,0.7075034991829519,0.7874098942381027,0.7911943295905951,0.5462450997287501,0.07185407054407994,0.46716142708999564,0.45951945779023373,0.5160578195980172,0.5028950780716264,0.6960705059117541,0.7649178016341067,0.566144417943395,0.5734792463233416,0.5629201585092385,0.7645002511856781,0.5933856572655116,0.8839408864316313,0.6371683429426285,0.3550626214082796,0.39301619155022516,0.4585185603074651,0.6040875783446795,0.4687393494291554,0.7243766070920683,0.6131628613761269,0.5710925297090629,0.7149864255319129,0.4253057816762036,0.3635256694498335,0.8334124288386737,0.8318635265912306,0.7181651971176228,0.4694103892756678,0.7472626539144238,1.1129635478747926,0.30671988102449405,0.4389968007760672,0.15715721309949732,0.34857614925551195,0.5102715345602566,0.7170100084090826,0.4030106072977159,0.894629505421525,1.0030008485536204,0.8283807786997466,1.0003874853864438,0.5501346952764318,0.4849296659532945,0.6879983755458636,0.5576988110425848,0.8020907228858415
0.40818817941977187,0.6107947594331914,0.5963049062368868,0.7289767551753992,0.7823497832373076,0.838760029107954,0.0,0.5575777905457256,0.6753886225628247,0.6100070160451371,0.740239264954629,0.8715343674594415,0.7970132899908832,0.8860345417921095,0.33283699260290417,0.622409181614324,0.5835348118159305,0.5757709655878347,1.0255721214347804,0.6126267567959098,0.6153808944577962,0.987071854681182,0.9782022786282644,1.012549301252617,0.7381800084795264,1.0663681102288312,1.0688831796009992,0.8439492532911133,0.8283644862875937,0.649969338193582,0.7267295863102068,0.5935209586872238,0.5766008882929242,0.4736208139598387,0.643048706234392,0.7443204135841466,0.7572969974653874,0.8076926066148623,0.696298174315468,0.8960608492026413,0.4678717110136803,0.8400423361155966,0.6920474292184788,0.4632769013621227,0.46056579245047496,0.4349296717064658,0.8341700946866205,0.6546872143490836,0.6371803823869162,0.727503065625787,0.8065185143490952,0.7706208745318921,0.6084146168122768,0.5339805509551999,0.8735557434588553,0.9217160708196814,0.925639256117844,0.5898633073776686,0.862943850603439,1.028585973093999,0.6039494290055163,0.7417320758773983,0.40306895369238976,0.5393098476870517,0.789599597052339,0.8984647596439908,0.6143339184978016,0.99039155639803,0.9186851596991807,0.9585559130207162,1.020083874698202,1.0173704398175245,0.6602848014352328,0.9683884902330637,0.7317504974143172,0.805574257169525
0.27949351908122055,0.373023429501375,0.3869394837743182,0.6168541518020982,0.46772944231037256,0.3763903266819132,0.5575777905457256,0.0,0.39989388511840407,0.4030615967444083,0.5462402639709069,0.5491775136803104,0.5672711273689963,0.5611396306731056,0.1467922960588812,0.3357218492238379,0.39947540186392244,0.3884304997674154,0.6939197391474419,0.44493026586860207,0.3785408238765452,0.5236080230766764,0.5984880126173898,0.7077782043497356,0.3695715127931228,0.5803984521535578,0.5973027770197532,0.6297987474229227,0.5100571168840704,0.3929853686320899,0.3842387213717515,0.4075203920536715,0.4561917440929733,0.3927843772303977,0.4628059538318812,0.586498499129302,0.5457768522404628,0.4326417964226733,0.45419779809267324,0.5918152296211245,0.3191048578861251,0.5684898303795899,0.4547426074769017,0.38242031808945065,0.2936765274551397,0.28296062406184197,0.47518718113623365,0.3039419187832509,0.5863282136386665,0.5326211176381614,0.46244254394871565,0.6874687251704183,0.3590411573242071,0.34324887050157,0.617964916263535,0.5246126248655354,0.6921809399148668,0.40875261243755623,0.5405394288113329,0.8432737207076803,0.2460813777004497,0.6135327932288515,0.2721066082381943,0.21863631411301773,0.4137144985625787,0.605481084390119,0.21906107229525998,0.5112283046462864,0.8407032784849771,0.6128777150681812,0.689617094080742,0.68436940500863,0.40515232175236277,0.45432638574337025,0.48149007488621,0.5116962308947172
0.2714608101525495,0.490388791920531,0.45934129877193874,0.5536603504197712,0.6756326152831704,0.6047742781087966,0.6753886225628247,0.39989388511840407,0.0,0.5177373308606794,0.6493378579027675,0.6872762041749545,0.7743918983048215,0.7702757621959686,0.08045085551427084,0.4413232613927076,0.58888756287709,0.5207011129870718,0.7945700052537894,0.534939484577855,0.33484066251304173,0.8900626822923382,0.8038028193479945,0.7916526225807468,0.5620584169903544,0.7886630610444914,0.9995579960382828,0.7368560620603906,0.6378394177371216,0.29082507479510006,0.5112039820286385,0.5232739830386723,0.5213059083735098,0.43016395261251233,0.6786559794679619,0.7760515056315757,0.6424531919280705,0.6358229410018091,0.5916691807366874,0.8096678889989798,0.5050726248018826,0.8326622635498688,0.6697081149968782,0.3909045571929246,0.34025582189207715,0.43070565128149785,0.8022030180368875,0.5425899389023401,0.6171975595803949,0.5826664400704142,0.7464214589447241,0.7982972237558044,0.5003320601540955,0.3704130570904482,0.899923698997734,0.844524244473851,0.8176309777713415,0.5485308569148459,0.7286206303899564,1.1329820562297168,0.4715923836979619,0.6564977004912456,0.2933619832718318,0.4912438864915484,0.8267206394712423,0.7127273968304867,0.5001846567378807,0.8974665568497325,0.9070815320228992,0.9546169524829056,0.989462965049149,0.9345125248299866,0.5895858708140439,0.9187431879655135,0.7277959086994095,0.8688050035343458
0.18868030792695017,0.30798505756827044,0.3196720039797921,0.4597471927122055,0.5723347825267217,0.505317630445067,0.6100070160451371,0.4030615967444083,0.5177373308606794,0.0,0.4641458752567056,0.51259513789098,0.5884326884340156,0.6433155227663512,0.47957551372956664,0.3003276668357053,0.29282778925350705,0.3192036289919447,0.5783000300642295,0.3793537153225629,0.4242587549859164,0.4285373486102132,0.4754964768120497,0.5875597180013292,0.3675308204432431,0.5354127403618457,0.6822601444517156,0.5895681227843734,0.47512138426667616,0.2952004147506158,0.33963415966361266,0.4451538807131675,0.4052504978517586,0.2610357913083431,0.4785937980004026,0.6024755081672613,0.387601678385569,0.44077840370330024,0.45745586530630533,0.566535278430832,0.277041328658804,0.6403362697499339,0.5047383078899084,0.24160318807947254,0.24167047289314367,0.2428143428447177,0.44029762576753595,0.2676095338503691,0.5339219969180018,0.5067276641731612,0.5188866485134546,0.5961549848964699,0.41872127070894793,0.29122537683728944,0.6024863816954609,0.6172773866207998,0.6427578505160307,0.37696826967054925,0.5878420910323197,0.9827141105346071,0.193877415363345,0.46003749211180883,0.2219406865564404,0.3161504634994323,0.4137992550087563,0.6341436762654095,0.2875489111734256,0.5117172689511915,0.6589814220849255,0.5877699729205396,0.6920986803833483,0.547274776823921,0.3443495772875499,0.5999451394799653,0.37263658986749226,0.592311106943609
0.30463264757863984,0.5694747590528888,0.41764417343011717,0.6524511448804502,0.5560858779918424,0.6718882192942358,0.740239264954629,0.5462402639709069,0.6493378579027675,0.4641458752567056,0.0,0.8947092892265052,0.6747564308484534,0.9464530138058258,0.07614349726674605,0.40825768391851275,0.6424019936905505,0.5679714974292298,0.8336373321830975,0.3876655410930322,0.33507412140409504,0.6766426096619306,0.7706554962068658,0.8341398950836929,0.5126100659144534,0.7318449308060175,0.7671128155960689,0.7570637571782186,0.5479730239425374,0.4003609455971676,0.44162809879624754,0.5718946736948299,0.4975351247860516,0.3584004735744619,0.6369585987731532,0.8364121309224899,0.6760717878769437,0.6292293059320199,0.7501114887962985,0.7891111444195862,0.4534777196306302,0.7792991541798788,0.674534112142783,0.40132378175851535,0.504104758538828,0.4274796682236077,0.5687792158128459,0.4465180747440729,0.66066299969383,0.6559277662259032,0.5867409551637919,0.7285718109002912,0.6135347930270294,0.36435621079645614,0.8082355098980488,0.6263622996479091,0.882377216372354,0.4874261981537782,0.7668360544909159,0.7679504078528634,0.24521222451382438,0.6750407967605863,0.25738047129221514,0.441862554415287,0.5256315340233984,0.613396293437521,0.3363797601586702,0.7307385187323854,0.8240922132132035,0.6955819036923429,1.0017620174069004,0.8913884172364888,0.4108350074197355,0.6444750652052376,0.6891445123709439,0.6038024892275089
0.457041298559713,0.5076593559698539,0.5253542469924869,0.8374019922309698,0.7563742353231606,0.6020638804841928,0.8715343674594415,0.5491775136803104,0.6872762041749545,0.51259513789098,0.8947092892265052,0.0,0.8685912648760764,1.012415524435001,0.28968395670247093,0.5284452082505209,0.6096946154911562,0.5730067310616394,0.92038112580147,0.5791688281144092,0.5156950507380412,0.6749562395170241,0.7253436042682675,0.7663140664759542,0.6796606713035693,0.8359525621737247,0.8114199150014197,0.9532579677214121,0.8345386042560814,0.5157438018315718,0.6949767154075145,0.678748865036571,0.6829162956393517,0.6160737188907238,0.7712906739453547,0.996184343518052,0.6715038690286419,0.7482028086798238,0.7397246293906881,0.8377655554952117,0.638470250001596,0.9734420900173115,0.7414504761324787,0.5451772596354872,0.44007484174163597,0.5103357034498446,0.8132192906321414,0.5522341296129614,0.7583902718310049,0.6742112882959943,0.7326544418384602,0.7268907843189828,0.5200533246013168,0.42294881421617514,0.8090812417120633,0.9644768786420126,0.8489335751797109,0.6376041821292208,0.7913421323881207,0.9783732480890421,0.5070172335821707,0.6022452766856765,0.4533478430492934,0.5670356320654917,0.6956751364990991,0.8697195379448253,0.48109671542224963,0.8719829749310231,0.7946191438821079,0.8048080184168682,0.9910903822813721,0.7936206435585074,0.6544804481806672,0.7854774909271083,0.5283522989638584,0.78421095396741
0.40731016342551674,0.5963418486938827,0.5883364189687219,0.6489375788267917,0.8254079853424809,0.7985048706382616,0.7970132899908832,0.5672711273689963,0.7743918983048215,0.5884326884340156,0.6747564308484534,0.8685912648760764,0.0,1.0065497747812706,0.2406399598330591,0.5618343442138213,0.6301083893229245,0.5622944717942823,1.157119618466473,0.5286803437640798,0.5567222625611009,0.9243445533607346,0.9863398974704437,0.919451289571839,0.6668216785877163,0.9574627386044534,1.054474825009684,0.8600994067169394,0.7769386900175368,0.6809811791055453,0.6641497306120739,0.5104307175186316,0.6509515713580453,0.4868594500112096,0.6815613912261663,0.9359084959702596,0.6377991080347702,0.824635991111726,0.667194360479701,0.9719323681604797,0.5864788812250096,0.9850831033174663,0.7570646819903557,0.5408762495477699,0.382821609624329,0.5155201712720547,0.8221053626703891,0.6303632732222363,0.748541031440362,0.7488808679444693,0.8522359855130829,0.8911003789694691,0.5730693189623296,0.5059266899227135,0.9967047520967143,0.8339527748228277,0.868663318642066,0.6135796854917105,0.99271444021982,1.0477185078414621,0.4978070652540053,0.7352990362019829,0.36788202927315605,0.6129504429106362,0.934804621321869,0.8102494323499342,0.5353185834160324,0.9495397590773115,0.9890559337740028,0.9991930181857198,1.0688148363914407,0.9557211973183486,0.6445489444177543,0.8794718795762178,0.6958249816843388,0.8995345582475549
0.5962449625082411,0.4466840920280494,0.7142004093799417,0.7762120530347982,0.8147075132314681,0.909050834809007,0.8860345417921095,0.5611396306731056,0.7702757621959686,0.6433155227663512,0.9464530138058258,1.012415524435001,1.0065497747812706,0.0,0.2398899922674988,0.47326362302689695,0.5359288326339859,0.6390143430021944,0.9944643894442566,1.0144554778407147,0.5837251780387,0.9362930655816293,0.8847642825445393,1.0350861989607878,0.6890430183420633,1.048377770997058,1.026687758677404,1.0135471509819012,1.0213213602824116,0.5044186435392485,0.6736710136440862,0.5914250673344407,0.8044645209159842,0.6703331122366092,0.861992818827233,0.7741350127297418,0.7133738721203895,0.8439264074359863,0.8522676812189832,0.7936931704406914,0.5907692188831859,0.8808266850112056,0.7346006053791274,0.5596497743222616,0.5559237516322778,0.6316799499695344,0.774483492108885,0.5366267945046325,0.839188200989015,0.8464805521606504,0.8965700398678956,0.9532539939239013,0.6864379098886458,0.48716876790241453,0.9531644247146893,0.8469105261392393,1.0028290011108865,0.5952913735814648,0.979786909586644,0.9721128952314817,0.4760192492076057,0.8725446880098076,0.3705997925562389,0.5521368259989945,0.6516963042087036,0.9994043031043012,0.4484496757559897,0.9795814203347448,1.0021523890427877,1.0115478953956518,1.0071976695404394,1.0215977706402029,0.603601396890155,0.982865764796605,0.6152233987781657,1.0675627868592312
0.08234275791051643,0.26580309366995875,0.30757508084789276,0.25257698263957684,0.23193251113730606,0.09664414270032534,0.33283699260290417,0.1467922960588812,0.08045085551427084,0.47957551372956664,0.07614349726674605,0.28968395670247093,0.2406399598330591,0.2398899922674988,0.0,0.25933682491494486,0.07234833146873565,0.4621803938155807,0.11454615935733724,0.21330319942250694,0.39421420807043644,0.19383763085707462,0.13799787563528965,0.2949467246449435,0.38474526214497373,0.18445198859658746,0.0100728606100845,0.14145618659503684,0.2732430321495739,0.18507041046653433,0.1764314386061297,0.08849509813760645,0.2272237676836577,0.11358840476353912,0.2944254446510104,0.25004485384561137,0.16684543690930237,0.21305631691859145,0.11965971240807202,0.34639804256252393,0.15095382876260216,0.26759328153516415,0.05661731883593335,0.11918282009886791,0.12596773916897502,0.11868920982925293,0.1626932237161392,0.3090850000446492,0.2788989535353575,0.1809450380461089,0.14504784099253998,0.3308448317584999,0.06264579860613084,0.20556819405797336,0.2668142864802324,0.10718771953130782,0.3949392930589034,0.02932106727206052,0.2058091106187806,0.3437261212636148,0.33475846151197564,0.0700468632095338,0.2718374745050005,0.3445548004064481,0.3081393086305005,0.21050339973857302,0.32706555494209544,0.029006079761691755,0.40073876215471094,0.14599177608667618,0.3386454024834853,0.08597039092231928,0.3968973927546026,0.03780431960314745,0.2771674732798965,0.09605617102139516
0.12148147538135892,0.17629738151397534,0.11442586665231404,0.33745064278209413,0.4951185961851009,0.33926507432278147,0.622409181614324,0.3357218492238379,0.4413232613927076,0.3003276668357053,0.40825768391851275,0.5284452082505209,0.5618343442138213,0.47326362302689695,0.25933682491494486,0.0,0.24721075911845244,0.1853362372760713,0.5403934709742337,0.11041632121310628,0.2561627666285464,0.2523338517829786,0.5674235324138739,0.5574855122241515,0.20543922319485805,0.502287518929933,0.5041918213310275,0.45245083650557605,0.32323936774850265,0.36323068131154457,0.12290183869130619,0.2989901257713094,0.37897343551453094,0.17006556157672784,0.4544876420269484,0.5154218653467996,0.31105658660829955,0.3289379049449405,0.3604920070005492,0.47964235509762004,0.18580625062737516,0.5094635832531214,0.3724100129126892,0.2373728580421875,0.069223374302957,0.12885234206474516,0.2826550130410414,0.09408839760946579,0.5375434946939809,0.45395794042574356,0.32972494972368444,0.5759599792496467,0.19402934724757076,0.25458093274653704,0.6008133046793185,0.5010969277648515,0.6615006603135558,0.30373807968478683,0.5213571612241085,0.5108919547019704,0.4225573437658957,0.41605955077638396,0.009692074958914387,0.014934260009984546,0.16879022081799402,0.49077867075124315,0.07319534498399491,0.4316234477552,0.5518086431527774,0.4625638261599899,0.6296845717713794,0.48471131519753363,0.14393807176676068,0.36863760448344135,0.3078059769025059,0.37751020944774905
0.20498507904277888,0.3379628553129947,0.3830651479020839,0.4717375226806222,0.5347524908801708,0.5700381972422429,0.5835348118159305,0.39947540186392244,0.58888756287709,0.29282778925350705,0.6424019936905505,0.6096946154911562,0.6301083893229245,0.5359288326339859,0.07234833146873565,0.24721075911845244,0.0,0.316633509258382,0.6596992262867705,0.4985958660044264,0.400591221850139,0.6196641253618058,0.6534058059911458,0.5442875936588767,0.3276528066212641,0.5715290520950893,0.9001735762125704,0.5967112128407173,0.5471727861839298,0.24972932681890292,0.34200813677607755,0.40928558745148225,0.5040977923368387,0.34083203986552446,0.5166737462424912,0.6589212373553124,0.5340549517093011,0.5356314229019357,0.49023373191479747,0.574590158902402,0.4095699751762726,0.6001762678275344,0.4391336495229542,0.23239671261373515,0.3677542248008762,0.3027246082085359,0.6141461862026627,0.478618442495918,0.4711645368564005,0.5032002170725013,0.5885570789605661,0.6142314862505853,0.443509925997032,0.3549477663446448,0.6477635370649253,0.5599570025318197,0.6844041575076186,0.3953733943013982,0.564074189911,0.8399923372888898,0.1865532621839857,0.4153015648373558,0.25768043247453554,0.43513608359558564,0.5627988512780915,0.6203282719882619,0.3778260248093144,0.5729387355266538,0.7889496723436986,0.6423775316186892,0.7182942585964047,0.6438764400297403,0.30656780896301805,0.5712574584659652,0.3577482760101999,0.4948323313862091
0.18010974522858877,0.21760351995668042,0.27589371687780057,0.4141337879169358,0.43161357950813783,0.364473553389107,0.5757709655878347,0.3884304997674154,0.5207011129870718,0.3192036289919447,0.5679714974292298,0.5730067310616394,0.5622944717942823,0.6390143430021944,0.4621803938155807,0.1853362372760713,0.316633509258382,0.0,0.6305030084044039,0.31894919953428835,0.2038223870276564,0.33257916979865915,0.48859731212677404,0.5299480363900384,0.2130925358247835,0.3976374456342433,0.5083517470132541,0.5688039889606276,0.4702014029357098,0.031149386436648552,0.23345777909401583,0.32896711927011724,0.5193743772982703,0.2916526978024232,0.510880506005302,0.5456880400046982,0.4318173594170189,0.4475060517650436,0.44350605284809647,0.4545019589573433,0.40757351011707565,0.6138610707915652,0.5808109781119989,0.28434076581484574,0.18388823287112266,0.32167147961207787,0.3687545091430829,0.1816476597761265,0.5891548239676248,0.354160200231086,0.3828717276148064,0.5374715318857524,0.4336939852598413,0.19709936321953056,0.629706856163163,0.43229596549657,0.7129694779433928,0.24624305981785105,0.5670803028270641,0.8537689217932268,0.07445672202441303,0.42601017777006694,0.09211720067450174,0.1545539616721866,0.4620389066892914,0.49500782000259974,0.07702913954606921,0.49215243532624176,0.7507310790969515,0.47382066920061855,0.6414146167969477,0.6026058703935345,0.25243755900965814,0.4945927001660597,0.17563381035327172,0.4496283528513691
0.4604099836083172,0.5406729718169407,0.5420644887822269,0.7074852489403047,0.8679488567642258,0.954642064293654,1.0255721214347804,0.6939197391474419,0.7945700052537894,0.5783000300642295,0.8336373321830975,0.92038112580147,1.157119618466473,0.9944643894442566,0.11454615935733724,0.5403934709742337,0.6596992262867705,0.6305030084044039,0.0,0.6403988063784698,0.5652447046684942,1.0231737419137001,1.0255399497333726,1.001004124779827,0.6371462733298934,0.8281048667734903,0.994971903050661,1.0573782892006025,0.9278441865422062,0.5867360345720989,0.59856493824956,0.5295057371390054,0.62094746226904,0.48147050815575954,0.7911533150102401,1.090063064927812,0.8678549318426314,0.6757876244678496,0.8748105187213733,0.8023054240135552,0.6256785548354542,0.99983592316052,0.8063095255226478,0.5518726363405659,0.36341725601894037,0.5481145060310426,0.740043230074373,0.47291555479865954,0.8438400127928659,0.9147125640857896,0.7599036178284504,1.0564583231341125,0.6411774347701069,0.5447626939726915,0.9765972312874236,0.8156216225757332,0.9978087007621463,0.586730266543614,1.1228939501174624,1.0226080455585025,0.3490269683653061,0.6591656503343852,0.2571802197802648,0.37083285083688267,0.8165611964242979,1.0613149069703174,0.43128054778491665,1.0009144228171833,1.1391526811182666,0.932814513623706,1.1045217566113466,0.9850460219091376,0.6020046247199544,1.0125149513468146,1.03582164273137,0.9230414011003225
0.0459404099859923,0.17376972207234556,0.2538167861137176,0.4488036923815634,0.4272918003856023,0.40541901832790844,0.6126267567959098,0.44493026586860207,0.534939484577855,0.3793537153225629,0.3876655410930322,0.5791688281144092,0.5286803437640798,1.0144554778407147,0.21330319942250694,0.11041632121310628,0.4985958660044264,0.31894919953428835,0.6403988063784698,0.0,0.1239734290766354,0.3851816338988646,0.6453865951014939,0.37466698971231865,0.24676286910990153,0.4430156623015912,0.5917774884480451,0.6001490333412913,0.3795310625246783,0.0203064857731739,0.19660234409592325,0.32388882497738036,0.4055726514188638,0.1901936958263508,0.6227583403833998,0.7207805169809332,0.6074914112939663,0.4143654865987397,0.4937221255749528,0.5995165997432867,0.3132028475560106,0.5820011847435189,0.5821597682394718,0.3476833403086013,0.31209749246626345,0.22069933145679774,0.3192812443743972,0.1893312321147361,0.6038551745331228,0.6605779901069966,0.3880382022036129,0.6496749771830763,0.5103886477421222,0.1547359852965244,0.8371289155250009,0.5209710022383266,0.6834745672632134,0.31065525735235716,0.6817952366684026,0.5623324637138438,0.08044141388236864,0.3581302778695118,0.01726186502113808,0.19299937439506237,0.3567937897172443,0.44265665897524564,0.07351078941699027,0.3857724904084097,0.5281978894072382,0.5700865102037438,0.8261143414202261,0.5022615706549929,0.23179353219041357,0.46147926521261656,0.39155863970169236,0.451817875736921
0.2745854773829978,0.21212215817018537,0.24488764699036916,0.47164039390699697,0.5099851058718937,0.3320709625453093,0.6153808944577962,0.3785408238765452,0.33484066251304173,0.4242587549859164,0.33507412140409504,0.5156950507380412,0.5567222625611009,0.5837251780387,0.39421420807043644,0.2561627666285464,0.400591221850139,0.2038223870276564,0.5652447046684942,0.1239734290766354,0.0,0.3084316536811988,0.4202299959496347,0.5081087342985602,0.29387044943165824,0.44265899046772855,0.4771024228824049,0.505431575259309,0.3609984580295069,0.09244101732275659,0.2788954120592355,0.3958055032687973,0.3805472281820906,0.25310593130327935,0.49257643836554843,0.4774606121314494,0.480293803258208,0.44022061805345525,0.5026311135151528,0.4990271908685648,0.2623543876102497,0.6490815645800532,0.3661140764074692,0.18712767904298547,0.28210706322334517,0.29978523908521354,0.3843292329372694,0.017064963655800597,0.5498364760845551,0.455545108671263,0.4147282033885101,0.561051048456834,0.24096699989056342,0.2090627228504873,0.6632781671050813,0.5089725368445488,0.49433681912845756,0.3540785795920349,0.49512791382381305,0.7053886725529227,0.10451020494151031,0.4376726181306441,0.31108338736821683,0.5853037714944596,0.2592483958156978,0.4796893919857298,0.07239639193601255,0.3526789555709605,0.5960597443901517,0.5350592846489521,0.625197162413486,0.47189011804356906,0.2334161666489283,0.39247136171442853,0.2869398031908549,0.4480543488348844
0.23516139270450528,0.40351098612263636,0.4731740048108073,0.5991377653385908,0.7522862925890789,0.7227545072796902,0.987071854681182,0.5236080230766764,0.8900626822923382,0.4285373486102132,0.6766426096619306,0.6749562395170241,0.9243445533607346,0.9362930655816293,0.19383763085707462,0.2523338517829786,0.6196641253618058,0.33257916979865915,1.0231737419137001,0.3851816338988646,0.3084316536811988,0.0,0.8358770511817717,0.716614707282958,0.414861484748207,0.8444365922477457,0.8847082372409516,0.7515999450902076,0.7172471640629612,-0.005460319450276946,0.3443049052914903,0.38142425994505164,0.6101840807657977,0.3617681751601766,0.679678405573309,0.81561663373736,0.6182632253540337,0.5687117452369366,0.7381966398856719,0.7839925650887409,0.4943552143881946,0.7387692632518639,0.6204606342242118,0.4573451125305992,0.33790300695667114,0.2176487360129217,0.5919139855155364,0.42916828680477875,0.8253416122428052,0.6620041460613094,0.641129750952396,0.9275377630262891,0.5445420820529749,0.4276114598825731,0.9959558205857029,0.8641646134846512,0.9852453970586914,0.5824762187271515,0.8126716631699206,1.0851267589085434,0.24159252451435745,0.5958073592364806,0.17239302698648673,0.30423983846790503,0.45979346858395137,0.7573826194633665,0.33007837079278324,0.9385259419228522,0.6363797142100912,0.917361821938937,1.0036800338668446,0.6644948029601105,0.4832632653646247,0.7857640891216069,0.43219293283119514,0.7954868325894398
0.37043277296690236,0.576179582881228,0.5865259534598543,0.7099621306277913,0.7912684368525771,0.7433319244061347,0.9782022786282644,0.5984880126173898,0.8038028193479945,0.4754964768120497,0.7706554962068658,0.7253436042682675,0.9863398974704437,0.8847642825445393,0.13799787563528965,0.5674235324138739,0.6534058059911458,0.48859731212677404,1.0255399497333726,0.6453865951014939,0.4202299959496347,0.8358770511817717,0.0,0.953176148022371,0.6277706028655237,0.7974982009849598,0.7962863615042822,0.892112624197881,1.0997871483350126,0.20165084510012643,0.5646533454205032,0.633093910441906,0.5773156066198099,0.5346649692129614,0.8069265787267522,1.0071906559291484,0.7276201438563795,0.6788546707610973,0.8056026918251841,0.7589122369227014,0.6022559743379086,1.0251298325823304,0.7558697596362547,0.5525077159789475,0.4625612881602564,0.5846463458932643,0.7180417978642892,0.5804042807844769,0.837084981255644,0.6872508466656886,0.8317484610110939,0.9003930584165677,0.565544515135699,0.512510267409125,1.0115658205132725,0.955667661542286,0.8025778424200571,0.6218764114343238,0.8958736112888153,1.0700280590156732,0.4656820883217535,0.6474655251596776,0.1915032160283649,0.36172406879108043,0.5827458970645467,0.7820885750360419,0.43435642933158025,0.9843986159960462,1.0477462861017381,1.0837164649054096,1.03968189219318,0.9301605957741665,0.5437228200306778,1.040612282257908,0.7525178031334054,0.7598035678516174
0.46030952621716725,0.6191982089351771,0.5208605779351362,0.9105832894133855,0.9242707604089626,0.8419854650400865,1.012549301252617,0.7077782043497356,0.7916526225807468,0.5875597180013292,0.8341398950836929,0.7663140664759542,0.919451289571839,1.0350861989607878,0.2949467246449435,0.5574855122241515,0.5442875936588767,0.5299480363900384,1.001004124779827,0.37466698971231865,0.5081087342985602,0.716614707282958,0.953176148022371,0.0,0.6781235849767719,0.956052202894832,1.039727645037582,1.054708168355125,0.8530710106222552,0.41253915392033674,0.8045785988760328,0.7845350087699817,0.7742536398918407,0.5966324530682221,0.7301758411392494,1.029622260669149,0.7533848490111512,0.8030269414506732,0.6607321765935794,0.8918561382356314,0.5235588021636094,0.883421263297109,0.7507433435764728,0.4578380772382956,0.3306109189275522,0.386585549439104,1.0291526991022066,0.5756723052623502,0.8754103088242265,0.8246719971933211,0.924742073284837,1.041375611180928,0.47596339377910873,0.6566247667692664,0.8788881016984786,0.9819951430222775,0.8624657655122278,0.7956561122262356,0.9048718197486441,1.037083535236137,0.4396393313027677,0.6261428251700162,0.42890529250786813,0.530459113222318,0.7347835131579582,0.7371691364723045,0.6156604652666557,0.8666044443443517,0.7587172627910662,0.87594509722256,1.0329262178549492,0.851517578542397,0.7877083553059356,0.9302973189174576,0.45588323704298905,0.9052006316589534
0.19568331832324526,0.2170512290104312,0.3200152904007622,0.5041530958759705,0.687748005502162,0.43576512502209436,0.7381800084795264,0.3695715127931228,0.5620584169903544,0.3675308204432431,0.5126100659144534,0.6796606713035693,0.6668216785877163,0.6890430183420633,0.38474526214497373,0.20543922319485805,0.3276528066212641,0.2130925358247835,0.6371462733298934,0.24676286910990153,0.29387044943165824,0.414861484748207,0.6277706028655237,0.6781235849767719,0.0,0.5724100014357913,0.6810827812125838,0.5116211229730843,0.5043276741761693,0.003957841764780118,0.2378437027360545,0.40485960585336933,0.5205942493977982,0.23948055225886744,0.5744676933530977,0.7015409413325201,0.48717416422261967,0.45616384229541007,0.5849666404005298,0.511210010558709,0.3334664746209471,0.6884057616232804,0.5493804014445741,0.23813945849721802,0.1936241266328787,0.16959682791796282,0.4090464444014712,0.19195799286041454,0.63399985206085,0.5214794050262638,0.4166333395397031,0.7097043092981828,0.38124885256968466,0.23647671497610717,0.6772627961211164,0.6171343562192478,0.7329468066081665,0.3334222469260367,0.760366219256766,0.9057359065364583,0.10369776057315244,0.38686481993098987,0.1275384218397037,0.1358387306803173,0.25569200517111035,0.6635492503404292,0.14880796125713636,0.5802607544296909,0.6740663320433998,0.5836744267927777,0.7239522499920186,0.6280800676227947,0.31089178215386576,0.5876602751890363,0.4058039270428205,0.49205919631146566
0.34482232950640185,0.573477403560514,0.46890887913586243,0.8876316736415567,0.8592377783774714,0.7075034991829519,1.0663681102288312,0.5803984521535578,0.7886630610444914,0.5354127403618457,0.7318449308060175,0.8359525621737247,0.9574627386044534,1.048377770997058,0.18445198859658746,0.502287518929933,0.5715290520950893,0.3976374456342433,0.8281048667734903,0.4430156623015912,0.44265899046772855,0.8444365922477457,0.7974982009849598,0.956052202894832,0.5724100014357913,0.0,1.0520565380730909,1.0597669409287809,0.8007858376377708,0.28252107230286855,0.6550037525646966,0.6803833432202343,0.6332842659036101,0.4997451083337612,0.7101173328632668,1.0398175905589975,0.6570849776982357,0.6539592277835293,0.6273759035648051,0.8757224154872043,0.5964341651514672,0.978225713093324,0.7471472101897846,0.5182902319543443,0.3631246043271084,0.3403684961038742,0.918035645188643,0.6538005543466257,0.8307609753636191,0.7294107659896246,0.6778710248883795,0.9429892008143296,0.4642812988315451,0.5463686934342795,0.8140709330764764,0.8828059262132881,0.8126569336021985,0.5713214667541846,0.942721869143168,1.0799636446878724,0.42472246291540117,0.7854984665118185,0.35861392689766436,0.4909791620307743,0.7870955414652037,0.7451325056172287,0.5957527526834077,0.8896133011794796,0.9067871390044273,0.8590749077906441,1.0137752789674734,1.0416060880380202,0.6361735092024647,0.8515682641544224,0.4749073964493613,0.9195713076514425
0.4183186486725745,0.6002873942975613,0.6078042661301759,0.7797431356520175,0.9011973165356045,0.7874098942381027,1.0688831796009992,0.5973027770197532,0.9995579960382828,0.6822601444517156,0.7671128155960689,0.8114199150014197,1.054474825009684,1.026687758677404,0.0100728606100845,0.5041918213310275,0.9001735762125704,0.5083517470132541,0.994971903050661,0.5917774884480451,0.4771024228824049,0.8847082372409516,0.7962863615042822,1.039727645037582,0.6810827812125838,1.0520565380730909,0.0,1.0954987068590016,0.8857550233931274,0.39833978247053653,0.5761060595123632,0.6190320638849408,0.7315996196198966,0.5465564088165624,0.9061398699842776,1.0413431896775744,0.6973565682980325,0.7028080549390826,0.9017026036419958,0.8763227401331171,0.6397118388957754,0.9932387783690113,0.8421365259303762,0.5837207649315737,0.47953151049048476,0.6203158409411151,0.9471440821389314,0.5303914086073809,0.9776402599490992,0.8765534885198106,0.7221093846123368,1.0075384989514093,0.7344306433493271,0.5515981588933898,1.0715037447826232,0.9928951753230572,1.070182947781987,0.6350380900161301,1.0895791540263091,1.0372778693482994,0.441147618758545,0.7214276094704343,0.3767467684335098,0.499844478600062,0.9234915859652754,1.0363492500177276,0.5503055828247001,1.0729673978856753,1.0475307337030637,1.0128770880842102,1.0192033332247437,0.8817942731184,0.787908072818245,1.0143589330403362,0.8703609879169817,1.04735761546296
0.4103935589053388,0.47464191345235934,0.5652782242794347,0.6410795374250592,0.8354326188780317,0.7911943295905951,0.8439492532911133,0.6297987474229227,0.7368560620603906,0.5895681227843734,0.7570637571782186,0.9532579677214121,0.8600994067169394,1.0135471509819012,0.14145618659503684,0.45245083650557605,0.5967112128407173,0.5688039889606276,1.0573782892006025,0.6001490333412913,0.505431575259309,0.7515999450902076,0.892112624197881,1.054708168355125,0.5116211229730843,1.0597669409287809,1.0954987068590016,0.0,0.837158217323203,0.5225658542382152,0.5129377445859884,0.4851372771716792,0.6206864546736599,0.4461871567607366,0.7642709828247397,0.8891870953586827,0.6366982098234336,0.8006316305666052,0.5811873876653133,0.8913522225331258,0.6173540681318841,0.9582755909691252,0.7197365680472712,0.48724073529526624,0.380826788711731,0.39754035848162184,0.7653780922277563,0.5382864546486592,0.7568127990480826,0.8306688792565656,0.8054216404165142,0.9343141201474717,0.5957000924471205,0.46485263082424233,0.9482362253597194,0.8365157905664367,0.9694743780388129,0.6342533185220347,1.028592699979723,0.9822358544881142,0.4680524268089921,0.612014536056913,0.348103543725933,0.5536067568719127,0.6968102783420083,0.7818511807386773,0.4845740706656938,0.8534469030782347,0.9384124860930947,0.9084968033497463,1.0587347183967808,1.0104551731810822,0.6913607419176941,0.9390666546513671,0.5328722889781619,0.8204658247548487
0.3268594234932329,0.34856854563887474,0.41730667921311276,0.6817316601122745,0.6581557812597552,0.5462450997287501,0.8283644862875937,0.5100571168840704,0.6378394177371216,0.47512138426667616,0.5479730239425374,0.8345386042560814,0.7769386900175368,1.0213213602824116,0.2732430321495739,0.32323936774850265,0.5471727861839298,0.4702014029357098,0.9278441865422062,0.3795310625246783,0.3609984580295069,0.7172471640629612,1.0997871483350126,0.8530710106222552,0.5043276741761693,0.8007858376377708,0.8857550233931274,0.837158217323203,0.0,0.23080996332956255,0.5272722933986221,0.46723382295523463,0.5011637461279679,0.39315547263953265,0.6843130663355541,0.9794019493836595,0.5680630951691898,0.5436424701929906,0.7229688530702083,0.7748947060943724,0.4732607913532993,0.8900989762895328,0.7551920140495672,0.4236883872757699,0.22538511058835398,0.4119563717809436,0.5705982447728283,0.38757122088962753,0.7671703201637327,0.6746065234416954,0.6081130317618195,0.877637185726098,0.5772490524100693,0.3840742239426548,0.95545316129933,0.7233024686555531,0.8132283925511885,0.5589539254259678,0.903276948469824,0.9270929289018328,0.28977940610726544,0.43187508821857,0.22645135092913363,0.31004913872758455,0.5462845668100988,0.6538462532285355,0.25341109548061497,0.7538769357732259,0.7999378498670827,0.7403196522223123,1.0866941583967935,0.6167327728064815,0.43590359568347675,0.6326047796857679,0.5255389592411062,0.7579608199272343
0.26717943137455913,0.2501951631767417,0.02489614599225301,0.3824655992774957,0.4772244725811411,0.07185407054407994,0.649969338193582,0.3929853686320899,0.29082507479510006,0.2952004147506158,0.4003609455971676,0.5157438018315718,0.6809811791055453,0.5044186435392485,0.18507041046653433,0.36323068131154457,0.24972932681890292,0.031149386436648552,0.5867360345720989,0.0203064857731739,0.09244101732275659,-0.005460319450276946,0.20165084510012643,0.41253915392033674,0.003957841764780118,0.28252107230286855,0.39833978247053653,0.5225658542382152,0.23080996332956255,0.0,0.4385167774343923,0.1553818971103388,0.20964790363186958,0.2863281073052802,0.4802907878279828,0.5863527113026905,0.35982391127266067,0.2868916338554196,0.36244854186352643,0.38954160486863876,0.09642982358841798,0.7404251896253061,0.41114429014516307,0.2527218645339466,0.5597972838126594,0.40532902430572004,0.3099461058465754,0.10325254056295619,0.44367017650826523,0.5065814172748745,0.05720962755506612,0.5055760388790712,0.20221748137817314,0.20059932687334975,0.6973071077055322,0.5581358013567179,0.6967956113792113,0.12159875652796154,0.6541293355769378,0.8786562337529497,0.36598246756778113,0.2319806254039454,0.4771397221898739,0.4442276152449054,0.07433506095792569,0.5383828576576666,0.25656683201707564,0.010777279900872294,0.6645846024379898,0.6337356225831525,0.8551713923432938,0.3096760936505345,0.023420321932178245,0.43246380725216693,0.3088500216024591,0.4029800516318637
0.2703957871073225,0.16273532137623078,0.25303409533093824,0.5188901946443083,0.5700388657806468,0.46716142708999564,0.7267295863102068,0.3842387213717515,0.5112039820286385,0.33963415966361266,0.44162809879624754,0.6949767154075145,0.6641497306120739,0.6736710136440862,0.1764314386061297,0.12290183869130619,0.34200813677607755,0.23345777909401583,0.59856493824956,0.19660234409592325,0.2788954120592355,0.3443049052914903,0.5646533454205032,0.8045785988760328,0.2378437027360545,0.6550037525646966,0.5761060595123632,0.5129377445859884,0.5272722933986221,0.4385167774343923,0.0,0.26527429465632224,0.4231694759422181,0.23277982886488605,0.4919582970961519,0.7167102679525309,0.4718327605896585,0.4298464109005098,0.4522893976861818,0.5417569629330709,0.3359050315726807,0.6774721816188138,0.38197959662848474,0.3030400588685504,0.28560008932711445,0.3160742451420115,0.4996694648334916,0.10513974450492758,0.6396167935554031,0.5316077010645495,0.48504542048864496,0.7121948800135919,0.2601477441449177,0.22428599975170846,0.6498415880323656,0.5923073484233333,0.6552595211528269,0.36130932531766735,0.6687311258877306,0.9734824327329169,0.02263178000673771,0.4020731689689688,0.028803964675784277,0.09617400603755158,0.5249224954391097,0.5686555309885231,0.13660487727280515,0.5415935589661849,0.7089026984148314,0.6155311387188818,0.9983083349961132,0.5770887225203669,0.2451010626848416,0.6004859915713696,0.21037225741664664,0.404128577193094
0.27175450784105953,0.33936744890620285,0.49012203268265103,0.44895889308767245,0.5905309898423651,0.45951945779023373,0.5935209586872238,0.4075203920536715,0.5232739830386723,0.4451538807131675,0.5718946736948299,0.678748865036571,0.5104307175186316,0.5914250673344407,0.08849509813760645,0.2989901257713094,0.40928558745148225,0.32896711927011724,0.5295057371390054,0.32388882497738036,0.3958055032687973,0.38142425994505164,0.633093910441906,0.7845350087699817,0.40485960585336933,0.6803833432202343,0.6190320638849408,0.4851372771716792,0.46723382295523463,0.1553818971103388,0.26527429465632224,0.0,0.42181567118924734,0.3273495615905476,0.3372102300306797,0.5266571394316348,0.42556474205376993,0.6189286023763877,0.5449187489189264,0.6346453497298857,0.2857622139782735,0.5057325986455097,0.4343477201398068,0.20098716318291487,0.16528984824075288,0.3174141115584598,0.4954463171942699,0.2819203961266141,0.4674077599444903,0.5451068030283572,0.5458107756187801,0.5679269153751397,0.3826272856511552,0.21059729594002258,0.7512659184870333,0.5858661008528641,0.6911987443774612,0.26066342392561426,0.6515424033239086,0.8194028809603048,0.25080503695425166,0.5570232780395441,0.15912096068607304,0.2592335876861116,0.26764575120336653,0.48083102607701933,0.2067589832190369,0.46427388815619347,0.6553702262806973,0.7018062831193428,0.8023447143252878,0.5023706286844372,0.34516479261616084,0.5306575383200066,0.22671023547535632,0.4695574869329139
0.2945634015057778,0.39591850967564063,0.40274424618820415,0.5236342063695045,0.5974034294982187,0.5160578195980172,0.5766008882929242,0.4561917440929733,0.5213059083735098,0.4052504978517586,0.4975351247860516,0.6829162956393517,0.6509515713580453,0.8044645209159842,0.2272237676836577,0.37897343551453094,0.5040977923368387,0.5193743772982703,0.62094746226904,0.4055726514188638,0.3805472281820906,0.6101840807657977,0.5773156066198099,0.7742536398918407,0.5205942493977982,0.6332842659036101,0.7315996196198966,0.6206864546736599,0.5011637461279679,0.20964790363186958,0.4231694759422181,0.42181567118924734,0.0,0.18726696572583648,0.5371872851794581,0.7340949657241309,0.4886496099735286,0.49312798464751384,0.4993833582459266,0.49870244184210694,0.3319550148540422,0.5974598938680429,0.5357143853909929,0.2837798788641999,0.2595303839286174,0.4047269770790518,0.6941469216981675,0.45379104605219267,0.5743187958896352,0.5011833717988537,0.6030120986704882,0.6299394622264819,0.39814364000870783,0.30694887416711847,0.6567756875278066,0.621998705974995,0.65589305855339,0.38972825290940977,0.5672573602232165,0.8625313368683944,0.39573856922698736,0.5356618293903075,0.20093280545151057,0.377425845223987,0.5872341757851047,0.6277980726111855,0.4970850423005839,0.5945754930191427,0.8831654907829538,0.725607252546774,0.7976244129261129,0.7457239827555153,0.4880209182268633,0.6431114722056432,0.49993253585380654,0.6385502997679515
0.3062612702399462,0.21883056484829003,0.3071489344184345,0.42870476929135437,0.475167026594291,0.5028950780716264,0.4736208139598387,0.3927843772303977,0.43016395261251233,0.2610357913083431,0.3584004735744619,0.6160737188907238,0.4868594500112096,0.6703331122366092,0.11358840476353912,0.17006556157672784,0.34083203986552446,0.2916526978024232,0.48147050815575954,0.1901936958263508,0.25310593130327935,0.3617681751601766,0.5346649692129614,0.5966324530682221,0.23948055225886744,0.4997451083337612,0.5465564088165624,0.4461871567607366,0.39315547263953265,0.2863281073052802,0.23277982886488605,0.3273495615905476,0.18726696572583648,0.0,0.4437352865163916,0.5121593874401499,0.4687151693783824,0.43336026319859217,0.44013653692062715,0.3864820294311659,0.23299442065762668,0.35588953924124384,0.2680867242119569,0.2504276061280934,0.19919254036592982,0.42768276448074055,0.48764450845586094,0.24602810168740402,0.4944451831870965,0.478772259631358,0.5068773033398055,0.5918914584938287,0.2651515986803208,0.17575462585471574,0.5774971968059891,0.5215915537329767,0.6406298321168094,0.31208491156916995,0.5152746818227076,0.8782721261943021,0.21164539723008619,0.43311031214429896,0.1453603238260487,0.23371181544814434,0.3300387997178863,0.47789957569910246,0.21077004002689226,0.537113008948626,0.6998999376353094,0.601356631495674,0.7033447906216552,0.5720784591544984,0.33685654744710597,0.4947295776583357,0.26735332805388623,0.43096426268342636
0.4298243410408485,0.546709219262282,0.45967166998019937,0.6543004503581515,0.738181926658536,0.6960705059117541,0.643048706234392,0.4628059538318812,0.6786559794679619,0.4785937980004026,0.6369585987731532,0.7712906739453547,0.6815613912261663,0.861992818827233,0.2944254446510104,0.4544876420269484,0.5166737462424912,0.510880506005302,0.7911533150102401,0.6227583403833998,0.49257643836554843,0.679678405573309,0.8069265787267522,0.7301758411392494,0.5744676933530977,0.7101173328632668,0.9061398699842776,0.7642709828247397,0.6843130663355541,0.4802907878279828,0.4919582970961519,0.3372102300306797,0.5371872851794581,0.4437352865163916,0.0,0.8337994273183336,0.6460455263066488,0.6486668931924174,0.6760153166029123,0.6443552578096559,0.4909343813311901,0.5694697065712451,0.6373147134885099,0.37150008548635066,0.319729529398198,0.5219434363417651,0.9037134191793929,0.5279642919427862,0.6719172750566456,0.6810782897369522,0.7128702896251286,0.820033590481146,0.38691523349650075,0.4178343565695469,0.8418968532001118,0.6824082631982659,0.7941604742266843,0.5099924998060232,0.8156351499442007,1.0780929676699513,0.39863912119755407,0.6523963035646294,0.30745189301325493,0.4855014403758433,0.5958112722330817,0.629538610144032,0.5297057514798056,0.7708321113661042,0.7438470197214342,0.8867058013451468,0.8513130238073949,0.8644354421141798,0.5215159658756541,0.8715010199678254,0.7372239592833383,0.6675066233327593
0.48095646267231684,0.5230730051166065,0.669713695803837,0.6835321419039609,0.7935486502812241,0.7649178016341067,0.7443204135841466,0.586498499129302,0.7760515056315757,0.6024755081672613,0.8364121309224899,0.996184343518052,0.9359084959702596,0.7741350127297418,0.25004485384561137,0.5154218653467996,0.6589212373553124,0.5456880400046982,1.090063064927812,0.7207805169809332,0.4774606121314494,0.81561663373736,1.0071906559291484,1.029622260669149,0.7015409413325201,1.0398175905589975,1.0413431896775744,0.8891870953586827,0.9794019493836595,0.5863527113026905,0.7167102679525309,0.5266571394316348,0.7340949657241309,0.5121593874401499,0.8337994273183336,0.0,0.7672633237132716,0.9330518366529854,0.7737155236765845,0.7975827524267954,0.6095064720836096,0.9302295458113379,0.7633099318566149,0.440207039373303,0.4379692966341317,0.5319846996180704,0.7068442436221495,0.6219655371995549,0.6504396374060881,0.7592670147520059,0.8873006765724476,0.8028002457801062,0.7196220116570204,0.4239391425342807,1.021937437647313,0.949200225135928,0.9854057235963636,0.5467381571929942,0.9697354148043553,1.0072971229046965,0.4994980607688657,0.7714180545696805,0.3296184930247557,0.5931157199019066,0.743678491701633,0.979377826653642,0.49158298601306405,0.9506062941567011,1.049360393131414,1.073460659844765,1.0211653701256398,1.00994053473372,0.5970873118039141,0.9357855599652227,0.4703386833054236,0.8736295558889957
0.29916521283031655,0.43942864961197475,0.46198458313719126,0.5627404659707872,0.6563816159140295,0.566144417943395,0.7572969974653874,0.5457768522404628,0.6424531919280705,0.387601678385569,0.6760717878769437,0.6715038690286419,0.6377991080347702,0.7133738721203895,0.16684543690930237,0.31105658660829955,0.5340549517093011,0.4318173594170189,0.8678549318426314,0.6074914112939663,0.480293803258208,0.6182632253540337,0.7276201438563795,0.7533848490111512,0.48717416422261967,0.6570849776982357,0.6973565682980325,0.6366982098234336,0.5680630951691898,0.35982391127266067,0.4718327605896585,0.42556474205376993,0.4886496099735286,0.4687151693783824,0.6460455263066488,0.7672633237132716,0.0,0.7036779033822885,0.48770335802370424,0.596420004305067,0.43957978759781524,0.5509091798057862,0.5583799981453688,0.2829532678118748,0.3862342436148718,0.32544652184642825,0.7031278789726011,0.43372327354472556,0.5637038469409741,0.5564075956821362,0.5834231203093866,0.6795119818786648,0.5289937291165188,0.37645248096892237,0.6875462490960216,0.688222016714701,0.781214152606319,0.38869408264808936,0.5990535439132371,1.0495199915160294,0.4038292043598757,0.5888730176124612,0.2690228639550164,0.39348397826060366,0.4279549959930455,0.6218490381314186,0.32160131098728784,0.6157169499509931,0.8553068899375652,0.7397063303123882,0.8288602607515292,0.7123995256730355,0.43952374633458785,0.7305588016858655,0.4793563096411464,0.6732710773274897
0.3854073965563376,0.4710693007763064,0.4012426592635845,0.5871489025778566,0.696281688732479,0.5734792463233416,0.8076926066148623,0.4326417964226733,0.6358229410018091,0.44077840370330024,0.6292293059320199,0.7482028086798238,0.824635991111726,0.8439264074359863,0.21305631691859145,0.3289379049449405,0.5356314229019357,0.4475060517650436,0.6757876244678496,0.4143654865987397,0.44022061805345525,0.5687117452369366,0.6788546707610973,0.8030269414506732,0.45616384229541007,0.6539592277835293,0.7028080549390826,0.8006316305666052,0.5436424701929906,0.2868916338554196,0.4298464109005098,0.6189286023763877,0.49312798464751384,0.43336026319859217,0.6486668931924174,0.9330518366529854,0.7036779033822885,0.0,0.7677457309323834,0.6543876193746416,0.5366802117970504,0.6254663921805663,0.5404394841272167,0.44021880727908097,0.30574704380587836,0.5357350755586965,0.6762932683568328,0.3878456213535987,0.6552380845942885,0.6928781462542819,0.688608207648423,0.8225401126421585,0.44936528531845765,0.4535219502445703,0.8230543373718332,0.7312469326836846,0.8310927422260024,0.46261522258830995,0.6748037163125832,1.045171979552223,0.26506640100930534,0.640305730142827,0.2640796858414459,0.5292554152912375,0.5666666458526155,0.7658173735337512,0.34863065767800167,0.7049037679860217,0.9778502184905694,0.7460481207100131,0.929213489013988,0.7696994488004589,0.5369601591634101,0.7224903118183764,0.5410565373740418,0.7132212710913671
0.2810724477801017,0.4618257325496218,0.6153792754931418,0.5074650069638472,0.6418731940939532,0.5629201585092385,0.696298174315468,0.45419779809267324,0.5916691807366874,0.45745586530630533,0.7501114887962985,0.7397246293906881,0.667194360479701,0.8522676812189832,0.11965971240807202,0.3604920070005492,0.49023373191479747,0.44350605284809647,0.8748105187213733,0.4937221255749528,0.5026311135151528,0.7381966398856719,0.8056026918251841,0.6607321765935794,0.5849666404005298,0.6273759035648051,0.9017026036419958,0.5811873876653133,0.7229688530702083,0.36244854186352643,0.4522893976861818,0.5449187489189264,0.4993833582459266,0.44013653692062715,0.6760153166029123,0.7737155236765845,0.48770335802370424,0.7677457309323834,0.0,0.5843265447735456,0.4794593587386779,0.5866786796050331,0.6017644257162791,0.3168076891644387,0.4088632664941472,0.39022969255164575,0.7073017606638063,0.4186432219972369,0.5646553418332843,0.6396368634457203,0.6387179345160863,0.6916995693964973,0.4556196182150313,0.3359331890830356,0.7924753881091717,0.6834153828407932,0.6902617471410268,0.48035918623976337,0.766344861999108,1.0210201301254673,0.3185915264846334,0.5262977062238541,0.23094504235254754,0.3847247281353853,0.46988744294104445,0.6474857880796461,0.370770878097462,0.6045657874548371,0.880996286233495,0.7624134292452577,0.8687438132926666,0.8644025429799133,0.49512198565009874,0.792627636817826,0.4239422379150264,0.7568204823040747
0.3624170765150842,0.4501547312971532,0.6314304702167964,0.7193806022965952,0.8187047605741572,0.7645002511856781,0.8960608492026413,0.5918152296211245,0.8096678889989798,0.566535278430832,0.7891111444195862,0.8377655554952117,0.9719323681604797,0.7936931704406914,0.34639804256252393,0.47964235509762004,0.574590158902402,0.4545019589573433,0.8023054240135552,0.5995165997432867,0.4990271908685648,0.7839925650887409,0.7589122369227014,0.8918561382356314,0.511210010558709,0.8757224154872043,0.8763227401331171,0.8913522225331258,0.7748947060943724,0.38954160486863876,0.5417569629330709,0.6346453497298857,0.49870244184210694,0.3864820294311659,0.6443552578096559,0.7975827524267954,0.596420004305067,0.6543876193746416,0.5843265447735456,0.0,0.42356848733090724,0.7997906300350122,0.63110929651561,0.5565234076793736,0.3730700042372523,0.3712507355092202,0.7445315365249909,0.648667776657014,0.8152539273428936,0.6880327267128858,0.8219649103154485,0.9459459767433411,0.48569750802729234,0.43526013037273525,0.8991173523385877,0.7995293749913837,0.9042530230534638,0.6029927174177647,0.7381342593222281,1.025755719686129,0.5265580733773872,0.6586267856905901,0.4496666516895516,0.7118629220987258,0.6979095260042435,0.8337199832753066,0.6172545509818361,0.8359630986861972,0.8903507287508614,0.8010357695140212,0.9410246337775307,0.7758208262968801,0.6002355702078457,0.7780622899115948,0.48883516498178237,0.6950378739821941
0.30772124841584303,0.22693410157773894,0.40262060534306343,0.456727230675122,0.4978860309740195,0.5933856572655116,0.4678717110136803,0.3191048578861251,0.5050726248018826,0.277041328658804,0.4534777196306302,0.638470250001596,0.5864788812250096,0.5907692188831859,0.15095382876260216,0.18580625062737516,0.4095699751762726,0.40757351011707565,0.6256785548354542,0.3132028475560106,0.2623543876102497,0.4943552143881946,0.6022559743379086,0.5235588021636094,0.3334664746209471,0.5964341651514672,0.6397118388957754,0.6173540681318841,0.4732607913532993,0.09642982358841798,0.3359050315726807,0.2857622139782735,0.3319550148540422,0.23299442065762668,0.4909343813311901,0.6095064720836096,0.43957978759781524,0.5366802117970504,0.4794593587386779,0.42356848733090724,0.0,0.5993116857721508,0.5158381868347421,0.2361635577134108,0.38848313185088373,0.5272812880435768,0.5242115262597864,0.3844842165382307,0.5195019360298075,0.5835624432774297,0.5541907863494233,0.6180318942909,0.3376055692836913,0.09512198192768423,0.6511168943798221,0.5950181796100358,0.7358605949219941,0.3342500593510527,0.6595684047020302,0.9044445835597829,0.18122944655743384,0.5473736603292716,0.19343147323858395,0.4221779855061469,0.44158086646919475,0.6602619159492745,0.2700724531030514,0.6315756642764074,0.7563913610021032,0.6343388913395612,0.9340650704148549,0.6790412451809102,0.3063698824909041,0.5516067527830203,0.27125738450794823,0.49352749655709827
0.5506378691586564,0.5832357326247447,0.6880536507535543,0.6143907671975855,0.9409208167917752,0.8839408864316313,0.8400423361155966,0.5684898303795899,0.8326622635498688,0.6403362697499339,0.7792991541798788,0.9734420900173115,0.9850831033174663,0.8808266850112056,0.26759328153516415,0.5094635832531214,0.6001762678275344,0.6138610707915652,0.99983592316052,0.5820011847435189,0.6490815645800532,0.7387692632518639,1.0251298325823304,0.883421263297109,0.6884057616232804,0.978225713093324,0.9932387783690113,0.9582755909691252,0.8900989762895328,0.7404251896253061,0.6774721816188138,0.5057325986455097,0.5974598938680429,0.35588953924124384,0.5694697065712451,0.9302295458113379,0.5509091798057862,0.6254663921805663,0.5866786796050331,0.7997906300350122,0.5993116857721508,0.0,0.7765534291570401,0.4167150537368028,0.4201363745678195,0.5878313338813239,0.8970040352814068,0.5246269170222295,0.7259461791465645,0.8325782600646512,0.8793152826135187,0.931096784859887,0.5392882395177525,0.4629283765866682,0.8378917998580039,1.0251375453262432,0.8684690608665985,0.5302637909405002,0.8711374525941201,0.98405743756338,0.6243313540453121,0.7101659876349808,0.380683123280585,0.6398217064491607,0.7994400832118658,0.8763099643453138,0.6547125671678335,0.9526981332038573,0.9781079911637582,0.986102964160385,1.0094631822636306,0.9951374355557211,0.59439968765413,0.9713562010532758,0.6214620059551639,0.8511612277865548
0.25272491840726297,0.41737625878650836,0.5385770833513461,0.47631198234790456,0.6759915942011869,0.6371683429426285,0.6920474292184788,0.4547426074769017,0.6697081149968782,0.5047383078899084,0.674534112142783,0.7414504761324787,0.7570646819903557,0.7346006053791274,0.05661731883593335,0.3724100129126892,0.4391336495229542,0.5808109781119989,0.8063095255226478,0.5821597682394718,0.3661140764074692,0.6204606342242118,0.7558697596362547,0.7507433435764728,0.5493804014445741,0.7471472101897846,0.8421365259303762,0.7197365680472712,0.7551920140495672,0.41114429014516307,0.38197959662848474,0.4343477201398068,0.5357143853909929,0.2680867242119569,0.6373147134885099,0.7633099318566149,0.5583799981453688,0.5404394841272167,0.6017644257162791,0.63110929651561,0.5158381868347421,0.7765534291570401,0.0,0.3369803404740843,0.30477144833272224,0.452112201570931,0.6327580488742013,0.5289878877766773,0.6591704726073643,0.7059417092136757,0.6718707154184556,0.7137284489394624,0.5065533854077634,0.3812111760585777,0.7378843911739082,0.797680108976589,0.6747544044646154,0.47136547171812376,0.7965825911090967,1.0118306700991762,0.4203619272133022,0.6169527079453478,0.22501566140274035,0.5155974238097457,0.5169509072687806,0.7318624029873042,0.3926362866575852,0.7771467003585665,0.9300266311219212,0.90492998958949,1.0693582346926513,0.7514208030335712,0.4375716611617008,0.9298170050904873,0.5399912697257072,0.6920016946267652
0.13586988864082372,0.292572769441316,0.4236166970043293,0.3855492559409472,0.41670938492447074,0.3550626214082796,0.4632769013621227,0.38242031808945065,0.3909045571929246,0.24160318807947254,0.40132378175851535,0.5451772596354872,0.5408762495477699,0.5596497743222616,0.11918282009886791,0.2373728580421875,0.23239671261373515,0.28434076581484574,0.5518726363405659,0.3476833403086013,0.18712767904298547,0.4573451125305992,0.5525077159789475,0.4578380772382956,0.23813945849721802,0.5182902319543443,0.5837207649315737,0.48724073529526624,0.4236883872757699,0.2527218645339466,0.3030400588685504,0.20098716318291487,0.2837798788641999,0.2504276061280934,0.37150008548635066,0.440207039373303,0.2829532678118748,0.44021880727908097,0.3168076891644387,0.5565234076793736,0.2361635577134108,0.4167150537368028,0.3369803404740843,0.0,0.26784017755963685,0.2105689104106679,0.48241782589990606,0.329178509726283,0.4452580162972959,0.38970977955079333,0.3995427371825511,0.49124479081617856,0.4136913074103312,0.1881871635673005,0.5983616736553273,0.46394310269635897,0.5314678772208933,0.22751847448806894,0.3988457104516324,0.86857706789637,0.27938609245554696,0.3867075164629383,0.12592264656637814,0.27264865555567896,0.4104054253213776,0.4874855552025163,0.2485278854644665,0.47516069573000813,0.6190754207725222,0.5634178000611227,0.6677802495186942,0.5090193473530397,0.3320369367551196,0.4629351182176196,0.16427340114929673,0.5228798803036104
0.2377553238990623,0.2390847731479807,0.2025074782032717,0.35618400886388524,0.40064333485809683,0.39301619155022516,0.46056579245047496,0.2936765274551397,0.34025582189207715,0.24167047289314367,0.504104758538828,0.44007484174163597,0.382821609624329,0.5559237516322778,0.12596773916897502,0.069223374302957,0.3677542248008762,0.18388823287112266,0.36341725601894037,0.31209749246626345,0.28210706322334517,0.33790300695667114,0.4625612881602564,0.3306109189275522,0.1936241266328787,0.3631246043271084,0.47953151049048476,0.380826788711731,0.22538511058835398,0.5597972838126594,0.28560008932711445,0.16528984824075288,0.2595303839286174,0.19919254036592982,0.319729529398198,0.4379692966341317,0.3862342436148718,0.30574704380587836,0.4088632664941472,0.3730700042372523,0.38848313185088373,0.4201363745678195,0.30477144833272224,0.26784017755963685,0.0,0.4025890630798346,0.3944228863357376,0.16276559161388268,0.44525397637459757,0.42600202470164816,0.5882054497429425,0.5055206288797124,0.45146025316001903,0.1804373974656782,0.396567659576845,0.5465108197516007,0.5312824020143564,0.26940673055562636,0.45953357701617753,0.7276264688456571,0.01645266106851767,0.4284953896000494,0.04840150179016828,0.23731053907632013,0.44947193855131096,0.6083361855375344,0.23327565208181344,0.5260494725788086,0.45088747559765907,0.4154184066521392,0.5315980158470046,0.49407844033423826,0.2046831923728905,0.5489026787566267,0.14966504568497552,0.33329434044502043
0.2538335245443252,0.15764764643786694,0.27279020101100804,0.19861318471674091,0.48588619428630364,0.4585185603074651,0.4349296717064658,0.28296062406184197,0.43070565128149785,0.2428143428447177,0.4274796682236077,0.5103357034498446,0.5155201712720547,0.6316799499695344,0.11868920982925293,0.12885234206474516,0.3027246082085359,0.32167147961207787,0.5481145060310426,0.22069933145679774,0.29978523908521354,0.2176487360129217,0.5846463458932643,0.386585549439104,0.16959682791796282,0.3403684961038742,0.6203158409411151,0.39754035848162184,0.4119563717809436,0.40532902430572004,0.3160742451420115,0.3174141115584598,0.4047269770790518,0.42768276448074055,0.5219434363417651,0.5319846996180704,0.32544652184642825,0.5357350755586965,0.39022969255164575,0.3712507355092202,0.5272812880435768,0.5878313338813239,0.452112201570931,0.2105689104106679,0.4025890630798346,0.0,0.4214264233670814,0.20969130173892822,0.5004738064285328,0.4119272051364947,0.4490373340073432,0.5610903625333633,0.3667348404069237,0.0813095954095768,0.5284312974703504,0.3619068355071061,0.6046160808551887,0.2647475964644262,0.4291421276808767,1.0483471538496123,0.058482982190828814,0.34583598724802805,0.3487527097915631,0.04473177064409442,0.3918545722941066,0.45745159074817937,0.04055065321610113,0.5004861465756039,0.594791124785299,0.3250909628086994,0.5387004318201526,0.49852769241086486,0.15221839070945095,0.33303722887064047,0.08297638618273917,0.3973204754834053
0.38351902225938833,0.47303308638155783,0.46318692876119877,0.6908980565855317,0.6887520298423515,0.6040875783446795,0.8341700946866205,0.47518718113623365,0.8022030180368875,0.44029762576753595,0.5687792158128459,0.8132192906321414,0.8221053626703891,0.774483492108885,0.1626932237161392,0.2826550130410414,0.6141461862026627,0.3687545091430829,0.740043230074373,0.3192812443743972,0.3843292329372694,0.5919139855155364,0.7180417978642892,1.0291526991022066,0.4090464444014712,0.918035645188643,0.9471440821389314,0.7653780922277563,0.5705982447728283,0.3099461058465754,0.4996694648334916,0.4954463171942699,0.6941469216981675,0.48764450845586094,0.9037134191793929,0.7068442436221495,0.7031278789726011,0.6762932683568328,0.7073017606638063,0.7445315365249909,0.5242115262597864,0.8970040352814068,0.6327580488742013,0.48241782589990606,0.3944228863357376,0.4214264233670814,0.0,0.5223002077473047,0.6787241659024498,0.8317804230277852,0.6735988206619112,0.8425171733366807,0.5662962143510469,0.4092594833109453,0.7938090736148484,0.7417325902438032,1.01861486071192,0.6019778514912288,0.7561674640995975,0.9881239568912211,0.3425321346243299,0.5060593095357833,0.30650317150694667,0.44909234523657293,0.3529162980137306,0.7572659648345865,0.32517074047147193,0.8263048346948354,0.9137228320091297,0.7745024422226026,1.041718770003086,0.5538195091225542,0.461847537318813,0.6661544110879672,0.7451917042962632,0.757632818859857
0.17706377049720937,0.3226382824035431,0.3548226301868038,0.3549884403549052,0.5320649120099755,0.4687393494291554,0.6546872143490836,0.3039419187832509,0.5425899389023401,0.2676095338503691,0.4465180747440729,0.5522341296129614,0.6303632732222363,0.5366267945046325,0.3090850000446492,0.09408839760946579,0.478618442495918,0.1816476597761265,0.47291555479865954,0.1893312321147361,0.017064963655800597,0.42916828680477875,0.5804042807844769,0.5756723052623502,0.19195799286041454,0.6538005543466257,0.5303914086073809,0.5382864546486592,0.38757122088962753,0.10325254056295619,0.10513974450492758,0.2819203961266141,0.45379104605219267,0.24602810168740402,0.5279642919427862,0.6219655371995549,0.43372327354472556,0.3878456213535987,0.4186432219972369,0.648667776657014,0.3844842165382307,0.5246269170222295,0.5289878877766773,0.329178509726283,0.16276559161388268,0.20969130173892822,0.5223002077473047,0.0,0.6787261768760835,0.5592069847780181,0.39631005772121386,0.6075092896403791,0.3222822839268138,0.20671143951260468,0.7129175878894194,0.47264202089757507,0.6755931751206021,0.33035971491287286,0.6810131107110283,0.6362711908020724,0.1629004464526203,0.4683384050874341,0.05167802434242971,0.15356835087203932,0.3861539309334586,0.49292769359322924,0.2433249509916804,0.4254315975068961,0.7090502972807812,0.5946826474475018,0.969063144820029,0.4552664959180104,0.22789427188100864,0.44516350612349115,0.1768534759971871,0.4779598103614834
0.40021695827453113,0.5435968961646863,0.571891080558589,0.5814824930322148,0.7167055005577909,0.7243766070920683,0.6371803823869162,0.5863282136386665,0.6171975595803949,0.5339219969180018,0.66066299969383,0.7583902718310049,0.748541031440362,0.839188200989015,0.2788989535353575,0.5375434946939809,0.4711645368564005,0.5891548239676248,0.8438400127928659,0.6038551745331228,0.5498364760845551,0.8253416122428052,0.837084981255644,0.8754103088242265,0.63399985206085,0.8307609753636191,0.9776402599490992,0.7568127990480826,0.7671703201637327,0.44367017650826523,0.6396167935554031,0.4674077599444903,0.5743187958896352,0.4944451831870965,0.6719172750566456,0.6504396374060881,0.5637038469409741,0.6552380845942885,0.5646553418332843,0.8152539273428936,0.5195019360298075,0.7259461791465645,0.6591704726073643,0.4452580162972959,0.44525397637459757,0.5004738064285328,0.6787241659024498,0.6787261768760835,0.0,0.6941770564808993,0.7565308472288204,0.6710984536004605,0.5985091673481571,0.3725731134123793,0.812792339541724,0.8552630618148798,0.8340700235249081,0.4566402480683206,0.814242456524614,1.031171790861029,0.6174420354885723,0.7034161199117348,0.3786406417758693,0.5739719999009268,0.7309639029359241,0.7306491819158099,0.5460934019760901,0.8453500978440069,0.8856053192251541,0.9854186040220614,1.0564461556221185,0.9204257956486371,0.5571822464581744,0.807784381138933,0.40286767340216834,0.8517783861583543
0.27862758758260153,0.40082641176549744,0.6265954830184997,0.6308292161674163,0.6508775333680153,0.6131628613761269,0.727503065625787,0.5326211176381614,0.5826664400704142,0.5067276641731612,0.6559277662259032,0.6742112882959943,0.7488808679444693,0.8464805521606504,0.1809450380461089,0.45395794042574356,0.5032002170725013,0.354160200231086,0.9147125640857896,0.6605779901069966,0.455545108671263,0.6620041460613094,0.6872508466656886,0.8246719971933211,0.5214794050262638,0.7294107659896246,0.8765534885198106,0.8306688792565656,0.6746065234416954,0.5065814172748745,0.5316077010645495,0.5451068030283572,0.5011833717988537,0.478772259631358,0.6810782897369522,0.7592670147520059,0.5564075956821362,0.6928781462542819,0.6396368634457203,0.6880327267128858,0.5835624432774297,0.8325782600646512,0.7059417092136757,0.38970977955079333,0.42600202470164816,0.4119272051364947,0.8317804230277852,0.5592069847780181,0.6941770564808993,0.0,0.5826082716710573,0.6585989887439494,0.6162395535937859,0.34677361451805505,0.8610677936221431,0.7142058642796123,0.7924169948394388,0.47005069202659416,0.7385916224366369,1.0468468885772229,0.4071065748433725,0.6396203108853259,0.2679670814732833,0.5395967835834393,0.6632951974377161,0.8021853810538428,0.41822016329481654,0.8095404224471722,0.960694899481573,0.7183099485056377,0.8794946139479313,1.041694263457094,0.5354373206138221,0.8837260681644469,0.4123742368347718,0.7601913396120467
0.4273276013091519,0.42555770165733486,0.48956032140318306,0.5688959401105457,0.7138673361070883,0.5710925297090629,0.8065185143490952,0.46244254394871565,0.7464214589447241,0.5188866485134546,0.5867409551637919,0.7326544418384602,0.8522359855130829,0.8965700398678956,0.14504784099253998,0.32972494972368444,0.5885570789605661,0.3828717276148064,0.7599036178284504,0.3880382022036129,0.4147282033885101,0.641129750952396,0.8317484610110939,0.924742073284837,0.4166333395397031,0.6778710248883795,0.7221093846123368,0.8054216404165142,0.6081130317618195,0.05720962755506612,0.48504542048864496,0.5458107756187801,0.6030120986704882,0.5068773033398055,0.7128702896251286,0.8873006765724476,0.5834231203093866,0.688608207648423,0.6387179345160863,0.8219649103154485,0.5541907863494233,0.8793152826135187,0.6718707154184556,0.3995427371825511,0.5882054497429425,0.4490373340073432,0.6735988206619112,0.39631005772121386,0.7565308472288204,0.5826082716710573,0.0,0.779649367713323,0.4790071524322209,0.3645458014844547,0.8583051400657149,0.7486136460178687,0.8179872169539713,0.4639226253298742,0.8229457809222502,1.0873433426815748,0.33821744173669976,0.562167703965325,0.2272279253718381,0.27447331484186915,0.7164800799709835,0.7952286442388622,0.40433138068942986,0.6927694176576485,0.8582013388027405,0.7419466098137704,1.120572973972989,0.679609993897628,0.47155040423448646,0.7176481581729697,0.43252959998382723,0.8003292843430427
0.49045387363429804,0.6304190419115198,0.6689332038396965,0.6735248527458497,0.8439384675839023,0.7149864255319129,0.7706208745318921,0.6874687251704183,0.7982972237558044,0.5961549848964699,0.7285718109002912,0.7268907843189828,0.8911003789694691,0.9532539939239013,0.3308448317584999,0.5759599792496467,0.6142314862505853,0.5374715318857524,1.0564583231341125,0.6496749771830763,0.561051048456834,0.9275377630262891,0.9003930584165677,1.041375611180928,0.7097043092981828,0.9429892008143296,1.0075384989514093,0.9343141201474717,0.877637185726098,0.5055760388790712,0.7121948800135919,0.5679269153751397,0.6299394622264819,0.5918914584938287,0.820033590481146,0.8028002457801062,0.6795119818786648,0.8225401126421585,0.6916995693964973,0.9459459767433411,0.6180318942909,0.931096784859887,0.7137284489394624,0.49124479081617856,0.5055206288797124,0.5610903625333633,0.8425171733366807,0.6075092896403791,0.6710984536004605,0.6585989887439494,0.779649367713323,0.0,0.6632860634779404,0.43450080491162074,0.931014464352272,0.9190004116788069,0.864802546812488,0.585642247906243,0.9388268207966121,1.0159374208845513,0.4849875436005908,0.7388427915350362,0.40741451122881195,0.566403172690209,0.687743367921513,0.9077959507434811,0.5295795645492538,1.0363472898106347,1.057978450187222,0.9364565166129971,1.0163761532750843,0.9978613180915693,0.6730595834199595,0.9675924858653523,0.6794511487819441,0.83730414315152
0.2035167840801167,0.3941365628725949,0.37745619437499645,0.5029430637371995,0.6056989859364406,0.4253057816762036,0.6084146168122768,0.3590411573242071,0.5003320601540955,0.41872127070894793,0.6135347930270294,0.5200533246013168,0.5730693189623296,0.6864379098886458,0.06264579860613084,0.19402934724757076,0.443509925997032,0.4336939852598413,0.6411774347701069,0.5103886477421222,0.24096699989056342,0.5445420820529749,0.565544515135699,0.47596339377910873,0.38124885256968466,0.4642812988315451,0.7344306433493271,0.5957000924471205,0.5772490524100693,0.20221748137817314,0.2601477441449177,0.3826272856511552,0.39814364000870783,0.2651515986803208,0.38691523349650075,0.7196220116570204,0.5289937291165188,0.44936528531845765,0.4556196182150313,0.48569750802729234,0.3376055692836913,0.5392882395177525,0.5065533854077634,0.4136913074103312,0.45146025316001903,0.3667348404069237,0.5662962143510469,0.3222822839268138,0.5985091673481571,0.6162395535937859,0.4790071524322209,0.6632860634779404,0.0,0.30154923302276765,0.722008858296027,0.6200576955793631,0.5983293301559411,0.37443181921808744,0.7055055658321134,1.0334100833134088,0.21145579062184924,0.6408064698502267,0.1705676577936813,0.38090176641334694,0.42392831521703644,0.543972564454276,0.2517674734802249,0.4787258556808477,0.6209958816240879,0.7502290358569013,0.7481782663109913,0.782120149422769,0.32941276871226705,0.7431096689609262,0.29354981723817186,0.38695034651369065
0.11927004560531476,0.25533935810024266,0.3344482059956593,0.44384623222065045,0.4943603590088587,0.3635256694498335,0.5339805509551999,0.34324887050157,0.3704130570904482,0.29122537683728944,0.36435621079645614,0.42294881421617514,0.5059266899227135,0.48716876790241453,0.20556819405797336,0.25458093274653704,0.3549477663446448,0.19709936321953056,0.5447626939726915,0.1547359852965244,0.2090627228504873,0.4276114598825731,0.512510267409125,0.6566247667692664,0.23647671497610717,0.5463686934342795,0.5515981588933898,0.46485263082424233,0.3840742239426548,0.20059932687334975,0.22428599975170846,0.21059729594002258,0.30694887416711847,0.17575462585471574,0.4178343565695469,0.4239391425342807,0.37645248096892237,0.4535219502445703,0.3359331890830356,0.43526013037273525,0.09512198192768423,0.4629283765866682,0.3812111760585777,0.1881871635673005,0.1804373974656782,0.0813095954095768,0.4092594833109453,0.20671143951260468,0.3725731134123793,0.34677361451805505,0.3645458014844547,0.43450080491162074,0.30154923302276765,0.0,0.6017749141951318,0.43598656853667384,0.4953111432641501,0.2567843006212048,0.556313600833465,0.5450320054686305,0.05927707248173589,0.33345018476531835,0.060623955309158595,0.05084886850666931,0.30738323270508516,0.449919722592666,0.1942607721252169,0.3742372895896062,0.5787676274929705,0.48890854299392494,0.6296054120756795,0.4241877316127459,0.2353822078917654,0.45897959720470427,0.1995113359776106,0.3908831178990807
0.38544891708154894,0.6960505677141757,0.6621480953619308,0.7783514546713196,0.8054412424908728,0.8334124288386737,0.8735557434588553,0.617964916263535,0.899923698997734,0.6024863816954609,0.8082355098980488,0.8090812417120633,0.9967047520967143,0.9531644247146893,0.2668142864802324,0.6008133046793185,0.6477635370649253,0.629706856163163,0.9765972312874236,0.8371289155250009,0.6632781671050813,0.9959558205857029,1.0115658205132725,0.8788881016984786,0.6772627961211164,0.8140709330764764,1.0715037447826232,0.9482362253597194,0.95545316129933,0.6973071077055322,0.6498415880323656,0.7512659184870333,0.6567756875278066,0.5774971968059891,0.8418968532001118,1.021937437647313,0.6875462490960216,0.8230543373718332,0.7924753881091717,0.8991173523385877,0.6511168943798221,0.8378917998580039,0.7378843911739082,0.5983616736553273,0.396567659576845,0.5284312974703504,0.7938090736148484,0.7129175878894194,0.812792339541724,0.8610677936221431,0.8583051400657149,0.931014464352272,0.722008858296027,0.6017749141951318,0.0,1.0234987193671092,0.8724309034363373,0.736111953538091,0.9616178169342868,1.0058885209568114,0.4117144095861373,0.731699559652131,0.4624344773595833,0.7095293053160157,0.9905477846618931,0.9687603572413376,0.7382683022145664,1.0814729478599512,0.99361758204939,1.0379461895618303,1.0191107188970658,1.035009778224933,0.6842567419016338,1.051233017467366,0.7452461495366354,0.9642788818194913
0.32037661805472917,0.6508867729892442,0.5863350526168687,0.5958886370304084,0.7004172626309119,0.8318635265912306,0.9217160708196814,0.5246126248655354,0.844524244473851,0.6172773866207998,0.6263622996479091,0.9644768786420126,0.8339527748228277,0.8469105261392393,0.10718771953130782,0.5010969277648515,0.5599570025318197,0.43229596549657,0.8156216225757332,0.5209710022383266,0.5089725368445488,0.8641646134846512,0.955667661542286,0.9819951430222775,0.6171343562192478,0.8828059262132881,0.9928951753230572,0.8365157905664367,0.7233024686555531,0.5581358013567179,0.5923073484233333,0.5858661008528641,0.621998705974995,0.5215915537329767,0.6824082631982659,0.949200225135928,0.688222016714701,0.7312469326836846,0.6834153828407932,0.7995293749913837,0.5950181796100358,1.0251375453262432,0.797680108976589,0.46394310269635897,0.5465108197516007,0.3619068355071061,0.7417325902438032,0.47264202089757507,0.8552630618148798,0.7142058642796123,0.7486136460178687,0.9190004116788069,0.6200576955793631,0.43598656853667384,1.0234987193671092,0.0,0.8591414305116132,0.6077253329004675,0.8788787549908491,1.0430397729070553,0.43826013403620223,0.8036074028700626,0.3000884302017577,0.411744404449947,0.5752412769381027,0.7999035320829595,0.4820995643172632,0.9196444061288604,0.9841455859440311,0.8342731332800176,1.0041837299873029,0.9129090408786484,0.5789136562749538,0.8190346787156076,0.7344374253147228,0.8122297667156202
0.5170244380618157,0.6714800163402757,0.5643127003904184,0.9310680875169532,0.8722143248688039,0.7181651971176228,0.925639256117844,0.6921809399148668,0.8176309777713415,0.6427578505160307,0.882377216372354,0.8489335751797109,0.868663318642066,1.0028290011108865,0.3949392930589034,0.6615006603135558,0.6844041575076186,0.7129694779433928,0.9978087007621463,0.6834745672632134,0.49433681912845756,0.9852453970586914,0.8025778424200571,0.8624657655122278,0.7329468066081665,0.8126569336021985,1.070182947781987,0.9694743780388129,0.8132283925511885,0.6967956113792113,0.6552595211528269,0.6911987443774612,0.65589305855339,0.6406298321168094,0.7941604742266843,0.9854057235963636,0.781214152606319,0.8310927422260024,0.6902617471410268,0.9042530230534638,0.7358605949219941,0.8684690608665985,0.6747544044646154,0.5314678772208933,0.5312824020143564,0.6046160808551887,1.01861486071192,0.6755931751206021,0.8340700235249081,0.7924169948394388,0.8179872169539713,0.864802546812488,0.5983293301559411,0.4953111432641501,0.8724309034363373,0.8591414305116132,0.0,0.6660940299293012,0.8322046124249425,0.9799909439855367,0.49412325416680175,0.8158636420054228,0.44897550461536834,0.5003265874754725,0.7914451509947098,0.7391923737761166,0.6247701943329391,0.7914581473210114,0.8046556292150333,0.9345362241330416,1.027442209817687,0.9824874536085351,0.6926469815417993,1.0295711484654262,0.5498875947740032,0.8506449663020041
0.2535862421665858,0.33218222260396135,0.3462034995779206,0.5154705971788688,0.5988335739794824,0.4694103892756678,0.5898633073776686,0.40875261243755623,0.5485308569148459,0.37696826967054925,0.4874261981537782,0.6376041821292208,0.6135796854917105,0.5952913735814648,0.02932106727206052,0.30373807968478683,0.3953733943013982,0.24624305981785105,0.586730266543614,0.31065525735235716,0.3540785795920349,0.5824762187271515,0.6218764114343238,0.7956561122262356,0.3334222469260367,0.5713214667541846,0.6350380900161301,0.6342533185220347,0.5589539254259678,0.12159875652796154,0.36130932531766735,0.26066342392561426,0.38972825290940977,0.31208491156916995,0.5099924998060232,0.5467381571929942,0.38869408264808936,0.46261522258830995,0.48035918623976337,0.6029927174177647,0.3342500593510527,0.5302637909405002,0.47136547171812376,0.22751847448806894,0.26940673055562636,0.2647475964644262,0.6019778514912288,0.33035971491287286,0.4566402480683206,0.47005069202659416,0.4639226253298742,0.585642247906243,0.37443181921808744,0.2567843006212048,0.736111953538091,0.6077253329004675,0.6660940299293012,0.0,0.6976917769660067,0.8485607274113455,0.19742118358324953,0.5202812242829473,0.20754067338425483,0.27387171837750107,0.39528886437204885,0.6178570847261224,0.29510276181086253,0.6418710645153562,0.7120430640111093,0.665959332094474,0.8324729274964175,0.7435234221273896,0.375932309788658,0.6547719602474025,0.49530776727015535,0.6099458600303798
0.3109365668183989,0.5084326820620869,0.7206438503354238,0.6430261976232706,0.7422270541411047,0.7472626539144238,0.862943850603439,0.5405394288113329,0.7286206303899564,0.5878420910323197,0.7668360544909159,0.7913421323881207,0.99271444021982,0.979786909586644,0.2058091106187806,0.5213571612241085,0.564074189911,0.5670803028270641,1.1228939501174624,0.6817952366684026,0.49512791382381305,0.8126716631699206,0.8958736112888153,0.9048718197486441,0.760366219256766,0.942721869143168,1.0895791540263091,1.028592699979723,0.903276948469824,0.6541293355769378,0.6687311258877306,0.6515424033239086,0.5672573602232165,0.5152746818227076,0.8156351499442007,0.9697354148043553,0.5990535439132371,0.6748037163125832,0.766344861999108,0.7381342593222281,0.6595684047020302,0.8711374525941201,0.7965825911090967,0.3988457104516324,0.45953357701617753,0.4291421276808767,0.7561674640995975,0.6810131107110283,0.814242456524614,0.7385916224366369,0.8229457809222502,0.9388268207966121,0.7055055658321134,0.556313600833465,0.9616178169342868,0.8788787549908491,0.8322046124249425,0.6976917769660067,0.0,1.0502768962022677,0.6611786151514826,0.7610567958037975,0.2917348005071283,0.6449767354749446,0.6618429674717354,0.8233481326007126,0.48636203461553706,0.82337139554144,1.0788758928830862,1.0046464907707893,1.0384566438331229,1.0204468677573308,0.6538075976061899,1.0475534056329057,0.6657169455381731,0.9015264016571511
0.7406172513705991,0.8033094036549356,0.6557991417310914,1.0100426922070778,1.0151329195806462,1.1129635478747926,1.028585973093999,0.8432737207076803,1.1329820562297168,0.9827141105346071,0.7679504078528634,0.9783732480890421,1.0477185078414621,0.9721128952314817,0.3437261212636148,0.5108919547019704,0.8399923372888898,0.8537689217932268,1.0226080455585025,0.5623324637138438,0.7053886725529227,1.0851267589085434,1.0700280590156732,1.037083535236137,0.9057359065364583,1.0799636446878724,1.0372778693482994,0.9822358544881142,0.9270929289018328,0.8786562337529497,0.9734824327329169,0.8194028809603048,0.8625313368683944,0.8782721261943021,1.0780929676699513,1.0072971229046965,1.0495199915160294,1.045171979552223,1.0210201301254673,1.025755719686129,0.9044445835597829,0.98405743756338,1.0118306700991762,0.86857706789637,0.7276264688456571,1.0483471538496123,0.9881239568912211,0.6362711908020724,1.031171790861029,1.0468468885772229,1.0873433426815748,1.0159374208845513,1.0334100833134088,0.5450320054686305,1.0058885209568114,1.0430397729070553,0.9799909439855367,0.8485607274113455,1.0502768962022677,0.0,0.5700522070431551,1.0480801113711444,0.47781593254989546,0.5848832492679895,1.0126718782751305,1.0155802768942563,0.5627210931015237,1.0717158032791159,0.9909634348097123,0.9779447563518189,1.0229496019605868,0.9828251333196294,0.7766371580735734,0.9807401554803685,0.9327008097496443,1.0324961242495605
0.05987489626228373,0.24654387527396335,0.184926109662452,0.42123353025343857,0.4327312673996493,0.30671988102449405,0.6039494290055163,0.2460813777004497,0.4715923836979619,0.193877415363345,0.24521222451382438,0.5070172335821707,0.4978070652540053,0.4760192492076057,0.33475846151197564,0.4225573437658957,0.1865532621839857,0.07445672202441303,0.3490269683653061,0.08044141388236864,0.10451020494151031,0.24159252451435745,0.4656820883217535,0.4396393313027677,0.10369776057315244,0.42472246291540117,0.441147618758545,0.4680524268089921,0.28977940610726544,0.36598246756778113,0.02263178000673771,0.25080503695425166,0.39573856922698736,0.21164539723008619,0.39863912119755407,0.4994980607688657,0.4038292043598757,0.26506640100930534,0.3185915264846334,0.5265580733773872,0.18122944655743384,0.6243313540453121,0.4203619272133022,0.27938609245554696,0.01645266106851767,0.058482982190828814,0.3425321346243299,0.1629004464526203,0.6174420354885723,0.4071065748433725,0.33821744173669976,0.4849875436005908,0.21145579062184924,0.05927707248173589,0.4117144095861373,0.43826013403620223,0.49412325416680175,0.19742118358324953,0.6611786151514826,0.5700522070431551,0.0,0.22869603014538686,0.4115697977649864,0.07726751301792384,0.1639836346076376,0.418436050199695,0.4454108923548816,0.32608358701043416,0.5262948033273478,0.5076449172984463,0.7388305793529635,0.4018919684376192,0.08184563025938668,0.314178019256243,0.06693788455089242,0.3537486449505817
0.2515918686042773,0.4233905661079539,0.4364910849180531,0.6235779920465718,0.6656481909456984,0.4389968007760672,0.7417320758773983,0.6135327932288515,0.6564977004912456,0.46003749211180883,0.6750407967605863,0.6022452766856765,0.7352990362019829,0.8725446880098076,0.0700468632095338,0.41605955077638396,0.4153015648373558,0.42601017777006694,0.6591656503343852,0.3581302778695118,0.4376726181306441,0.5958073592364806,0.6474655251596776,0.6261428251700162,0.38686481993098987,0.7854984665118185,0.7214276094704343,0.612014536056913,0.43187508821857,0.2319806254039454,0.4020731689689688,0.5570232780395441,0.5356618293903075,0.43311031214429896,0.6523963035646294,0.7714180545696805,0.5888730176124612,0.640305730142827,0.5262977062238541,0.6586267856905901,0.5473736603292716,0.7101659876349808,0.6169527079453478,0.3867075164629383,0.4284953896000494,0.34583598724802805,0.5060593095357833,0.4683384050874341,0.7034161199117348,0.6396203108853259,0.562167703965325,0.7388427915350362,0.6408064698502267,0.33345018476531835,0.731699559652131,0.8036074028700626,0.8158636420054228,0.5202812242829473,0.7610567958037975,1.0480801113711444,0.22869603014538686,0.0,0.33929314633295915,0.5044748306250808,0.4125228341821713,0.8532836012233522,0.3991029723766965,0.578567298224457,0.7695142778915343,0.7120733537778225,0.9567264351139716,0.5194346004812787,0.532014689946381,0.47672082714000624,0.44044431281141405,0.6730913587499749
0.2123880830033545,0.10851178878182524,0.1284352324020061,0.274518371563487,0.4191144803633957,0.15715721309949732,0.40306895369238976,0.2721066082381943,0.2933619832718318,0.2219406865564404,0.25738047129221514,0.4533478430492934,0.36788202927315605,0.3705997925562389,0.2718374745050005,0.009692074958914387,0.25768043247453554,0.09211720067450174,0.2571802197802648,0.01726186502113808,0.31108338736821683,0.17239302698648673,0.1915032160283649,0.42890529250786813,0.1275384218397037,0.35861392689766436,0.3767467684335098,0.348103543725933,0.22645135092913363,0.4771397221898739,0.028803964675784277,0.15912096068607304,0.20093280545151057,0.1453603238260487,0.30745189301325493,0.3296184930247557,0.2690228639550164,0.2640796858414459,0.23094504235254754,0.4496666516895516,0.19343147323858395,0.380683123280585,0.22501566140274035,0.12592264656637814,0.04840150179016828,0.3487527097915631,0.30650317150694667,0.05167802434242971,0.3786406417758693,0.2679670814732833,0.2272279253718381,0.40741451122881195,0.1705676577936813,0.060623955309158595,0.4624344773595833,0.3000884302017577,0.44897550461536834,0.20754067338425483,0.2917348005071283,0.47781593254989546,0.4115697977649864,0.33929314633295915,0.0,-0.0053002332821682485,0.08007850317553716,0.3197327377913519,0.3582974256601443,0.1831685490382842,0.4734107510286879,0.3846721763147891,0.4469307533400384,0.29474527359868025,0.08039711720098189,0.2942658906607091,0.12436059614496128,0.23141158795960182
0.00801643159481008,0.15096653704249863,0.30519658251949167,0.3978842909204208,0.5439283130540591,0.34857614925551195,0.5393098476870517,0.21863631411301773,0.4912438864915484,0.3161504634994323,0.441862554415287,0.5670356320654917,0.6129504429106362,0.5521368259989945,0.3445548004064481,0.014934260009984546,0.43513608359558564,0.1545539616721866,0.37083285083688267,0.19299937439506237,0.5853037714944596,0.30423983846790503,0.36172406879108043,0.530459113222318,0.1358387306803173,0.4909791620307743,0.499844478600062,0.5536067568719127,0.31004913872758455,0.4442276152449054,0.09617400603755158,0.2592335876861116,0.377425845223987,0.23371181544814434,0.4855014403758433,0.5931157199019066,0.39348397826060366,0.5292554152912375,0.3847247281353853,0.7118629220987258,0.4221779855061469,0.6398217064491607,0.5155974238097457,0.27264865555567896,0.23731053907632013,0.04473177064409442,0.44909234523657293,0.15356835087203932,0.5739719999009268,0.5395967835834393,0.27447331484186915,0.566403172690209,0.38090176641334694,0.05084886850666931,0.7095293053160157,0.411744404449947,0.5003265874754725,0.27387171837750107,0.6449767354749446,0.5848832492679895,0.07726751301792384,0.5044748306250808,-0.0053002332821682485,0.0,0.28156805397035156,0.44036618751143763,0.08241181803091077,0.3526149475914876,0.5977435455818934,0.4891740979869836,0.879847362695362,0.4235111472756269,0.18151691677825943,0.31399925341957846,0.23247556543288858,0.502101734320611
0.3214380664031492,0.21107493298837504,0.3874425144810163,0.4159139610703275,0.6206545979869907,0.5102715345602566,0.789599597052339,0.4137144985625787,0.8267206394712423,0.4137992550087563,0.5256315340233984,0.6956751364990991,0.934804621321869,0.6516963042087036,0.3081393086305005,0.16879022081799402,0.5627988512780915,0.4620389066892914,0.8165611964242979,0.3567937897172443,0.2592483958156978,0.45979346858395137,0.5827458970645467,0.7347835131579582,0.25569200517111035,0.7870955414652037,0.9234915859652754,0.6968102783420083,0.5462845668100988,0.07433506095792569,0.5249224954391097,0.26764575120336653,0.5872341757851047,0.3300387997178863,0.5958112722330817,0.743678491701633,0.4279549959930455,0.5666666458526155,0.46988744294104445,0.6979095260042435,0.44158086646919475,0.7994400832118658,0.5169509072687806,0.4104054253213776,0.44947193855131096,0.3918545722941066,0.3529162980137306,0.3861539309334586,0.7309639029359241,0.6632951974377161,0.7164800799709835,0.687743367921513,0.42392831521703644,0.30738323270508516,0.9905477846618931,0.5752412769381027,0.7914451509947098,0.39528886437204885,0.6618429674717354,1.0126718782751305,0.1639836346076376,0.4125228341821713,0.08007850317553716,0.28156805397035156,0.0,0.7126774110411982,0.10185817215131027,0.789856607851948,0.924271606760739,0.7706553003629651,0.9700835423106741,0.48291725138088015,0.24579609604951824,0.4811936714690956,0.3029287288302576,0.6821511880798292
0.4537844968503891,0.5257264596642597,0.5101777629016804,0.7347737494641499,0.7439267075833551,0.7170100084090826,0.8984647596439908,0.605481084390119,0.7127273968304867,0.6341436762654095,0.613396293437521,0.8697195379448253,0.8102494323499342,0.9994043031043012,0.21050339973857302,0.49077867075124315,0.6203282719882619,0.49500782000259974,1.0613149069703174,0.44265665897524564,0.4796893919857298,0.7573826194633665,0.7820885750360419,0.7371691364723045,0.6635492503404292,0.7451325056172287,1.0363492500177276,0.7818511807386773,0.6538462532285355,0.5383828576576666,0.5686555309885231,0.48083102607701933,0.6277980726111855,0.47789957569910246,0.629538610144032,0.979377826653642,0.6218490381314186,0.7658173735337512,0.6474857880796461,0.8337199832753066,0.6602619159492745,0.8763099643453138,0.7318624029873042,0.4874855552025163,0.6083361855375344,0.45745159074817937,0.7572659648345865,0.49292769359322924,0.7306491819158099,0.8021853810538428,0.7952286442388622,0.9077959507434811,0.543972564454276,0.449919722592666,0.9687603572413376,0.7999035320829595,0.7391923737761166,0.6178570847261224,0.8233481326007126,1.0155802768942563,0.418436050199695,0.8532836012233522,0.3197327377913519,0.44036618751143763,0.7126774110411982,0.0,0.393167867609585,0.6963322337228461,0.9560996619120429,0.8146943926318869,0.9185510743732398,1.0329326861409236,0.5342259256698618,0.7098461482944945,0.5181460896053374,0.7967507305732304
0.14019073499674856,0.21526584337669658,0.216733812786307,0.3653224438663062,0.4736488036299319,0.4030106072977159,0.6143339184978016,0.21906107229525998,0.5001846567378807,0.2875489111734256,0.3363797601586702,0.48109671542224963,0.5353185834160324,0.4484496757559897,0.32706555494209544,0.07319534498399491,0.3778260248093144,0.07702913954606921,0.43128054778491665,0.07351078941699027,0.07239639193601255,0.33007837079278324,0.43435642933158025,0.6156604652666557,0.14880796125713636,0.5957527526834077,0.5503055828247001,0.4845740706656938,0.25341109548061497,0.25656683201707564,0.13660487727280515,0.2067589832190369,0.4970850423005839,0.21077004002689226,0.5297057514798056,0.49158298601306405,0.32160131098728784,0.34863065767800167,0.370770878097462,0.6172545509818361,0.2700724531030514,0.6547125671678335,0.3926362866575852,0.2485278854644665,0.23327565208181344,0.04055065321610113,0.32517074047147193,0.2433249509916804,0.5460934019760901,0.41822016329481654,0.40433138068942986,0.5295795645492538,0.2517674734802249,0.1942607721252169,0.7382683022145664,0.4820995643172632,0.6247701943329391,0.29510276181086253,0.48636203461553706,0.5627210931015237,0.4454108923548816,0.3991029723766965,0.3582974256601443,0.08241181803091077,0.10185817215131027,0.393167867609585,0.0,0.4390364680582041,0.5151974593212403,0.5049341089578742,0.7120696918391161,0.4099165645984939,0.14374799492593848,0.35817235593482744,0.17569451577059547,0.4168823847069501
0.34658182485107236,0.6600315668256785,0.48373457614173293,0.6064420346216136,0.8358231456356606,0.894629505421525,0.99039155639803,0.5112283046462864,0.8974665568497325,0.5117172689511915,0.7307385187323854,0.8719829749310231,0.9495397590773115,0.9795814203347448,0.029006079761691755,0.4316234477552,0.5729387355266538,0.49215243532624176,1.0009144228171833,0.3857724904084097,0.3526789555709605,0.9385259419228522,0.9843986159960462,0.8666044443443517,0.5802607544296909,0.8896133011794796,1.0729673978856753,0.8534469030782347,0.7538769357732259,0.010777279900872294,0.5415935589661849,0.46427388815619347,0.5945754930191427,0.537113008948626,0.7708321113661042,0.9506062941567011,0.6157169499509931,0.7049037679860217,0.6045657874548371,0.8359630986861972,0.6315756642764074,0.9526981332038573,0.7771467003585665,0.47516069573000813,0.5260494725788086,0.5004861465756039,0.8263048346948354,0.4254315975068961,0.8453500978440069,0.8095404224471722,0.6927694176576485,1.0363472898106347,0.4787258556808477,0.3742372895896062,1.0814729478599512,0.9196444061288604,0.7914581473210114,0.6418710645153562,0.82337139554144,1.0717158032791159,0.32608358701043416,0.578567298224457,0.1831685490382842,0.3526149475914876,0.789856607851948,0.6963322337228461,0.4390364680582041,0.0,1.0469126020203734,1.0560511460577544,1.0717027764464784,0.8595812360457518,0.59443452924326,0.889434484437982,0.4343496270932027,0.8223264506627986
0.5798328300690766,0.6884272332708123,0.5605629434402788,0.7740113955894456,0.8784447807199854,1.0030008485536204,0.9186851596991807,0.8407032784849771,0.9070815320228992,0.6589814220849255,0.8240922132132035,0.7946191438821079,0.9890559337740028,1.0021523890427877,0.40073876215471094,0.5518086431527774,0.7889496723436986,0.7507310790969515,1.1391526811182666,0.5281978894072382,0.5960597443901517,0.6363797142100912,1.0477462861017381,0.7587172627910662,0.6740663320433998,0.9067871390044273,1.0475307337030637,0.9384124860930947,0.7999378498670827,0.6645846024379898,0.7089026984148314,0.6553702262806973,0.8831654907829538,0.6998999376353094,0.7438470197214342,1.049360393131414,0.8553068899375652,0.9778502184905694,0.880996286233495,0.8903507287508614,0.7563913610021032,0.9781079911637582,0.9300266311219212,0.6190754207725222,0.45088747559765907,0.594791124785299,0.9137228320091297,0.7090502972807812,0.8856053192251541,0.960694899481573,0.8582013388027405,1.057978450187222,0.6209958816240879,0.5787676274929705,0.99361758204939,0.9841455859440311,0.8046556292150333,0.7120430640111093,1.0788758928830862,0.9909634348097123,0.5262948033273478,0.7695142778915343,0.4734107510286879,0.5977435455818934,0.924271606760739,0.9560996619120429,0.5151974593212403,1.0469126020203734,0.0,0.8951655649485832,1.0566904886756063,0.9493902966449062,0.6684223140486938,0.8764479148629867,0.6272701758556205,0.927387036627398
0.23849641347194256,0.6494091970086535,0.5211453248217914,0.7630269986992518,0.8091999146854083,0.8283807786997466,0.9585559130207162,0.6128777150681812,0.9546169524829056,0.5877699729205396,0.6955819036923429,0.8048080184168682,0.9991930181857198,1.0115478953956518,0.14599177608667618,0.4625638261599899,0.6423775316186892,0.47382066920061855,0.932814513623706,0.5700865102037438,0.5350592846489521,0.917361821938937,1.0837164649054096,0.87594509722256,0.5836744267927777,0.8590749077906441,1.0128770880842102,0.9084968033497463,0.7403196522223123,0.6337356225831525,0.6155311387188818,0.7018062831193428,0.725607252546774,0.601356631495674,0.8867058013451468,1.073460659844765,0.7397063303123882,0.7460481207100131,0.7624134292452577,0.8010357695140212,0.6343388913395612,0.986102964160385,0.90492998958949,0.5634178000611227,0.4154184066521392,0.3250909628086994,0.7745024422226026,0.5946826474475018,0.9854186040220614,0.7183099485056377,0.7419466098137704,0.9364565166129971,0.7502290358569013,0.48890854299392494,1.0379461895618303,0.8342731332800176,0.9345362241330416,0.665959332094474,1.0046464907707893,0.9779447563518189,0.5076449172984463,0.7120733537778225,0.3846721763147891,0.4891740979869836,0.7706553003629651,0.8146943926318869,0.5049341089578742,1.0560511460577544,0.8951655649485832,0.0,0.9525178641520751,1.0228222249672605,0.623562932240632,0.8483335689947462,0.892605768808908,0.8903381758989889
0.409064598385151,0.8953748467396231,0.7022542980013466,0.8532166819942819,1.024935512823152,1.0003874853864438,1.020083874698202,0.689617094080742,0.989462965049149,0.6920986803833483,1.0017620174069004,0.9910903822813721,1.0688148363914407,1.0071976695404394,0.3386454024834853,0.6296845717713794,0.7182942585964047,0.6414146167969477,1.1045217566113466,0.8261143414202261,0.625197162413486,1.0036800338668446,1.03968189219318,1.0329262178549492,0.7239522499920186,1.0137752789674734,1.0192033332247437,1.0587347183967808,1.0866941583967935,0.8551713923432938,0.9983083349961132,0.8023447143252878,0.7976244129261129,0.7033447906216552,0.8513130238073949,1.0211653701256398,0.8288602607515292,0.929213489013988,0.8687438132926666,0.9410246337775307,0.9340650704148549,1.0094631822636306,1.0693582346926513,0.6677802495186942,0.5315980158470046,0.5387004318201526,1.041718770003086,0.969063144820029,1.0564461556221185,0.8794946139479313,1.120572973972989,1.0163761532750843,0.7481782663109913,0.6296054120756795,1.0191107188970658,1.0041837299873029,1.027442209817687,0.8324729274964175,1.0384566438331229,1.0229496019605868,0.7388305793529635,0.9567264351139716,0.4469307533400384,0.879847362695362,0.9700835423106741,0.9185510743732398,0.7120696918391161,1.0717027764464784,1.0566904886756063,0.9525178641520751,0.0,0.9966825312151941,0.891221166595055,1.079679688965591,0.684374930337672,1.0591320163942808
0.42280066541582323,0.4495776579860675,0.683922072384493,0.7818566274149974,0.8600203351604729,0.5501346952764318,1.0173704398175245,0.68436940500863,0.9345125248299866,0.547274776823921,0.8913884172364888,0.7936206435585074,0.9557211973183486,1.0215977706402029,0.08597039092231928,0.48471131519753363,0.6438764400297403,0.6026058703935345,0.9850460219091376,0.5022615706549929,0.47189011804356906,0.6644948029601105,0.9301605957741665,0.851517578542397,0.6280800676227947,1.0416060880380202,0.8817942731184,1.0104551731810822,0.6167327728064815,0.3096760936505345,0.5770887225203669,0.5023706286844372,0.7457239827555153,0.5720784591544984,0.8644354421141798,1.00994053473372,0.7123995256730355,0.7696994488004589,0.8644025429799133,0.7758208262968801,0.6790412451809102,0.9951374355557211,0.7514208030335712,0.5090193473530397,0.49407844033423826,0.49852769241086486,0.5538195091225542,0.4552664959180104,0.9204257956486371,1.041694263457094,0.679609993897628,0.9978613180915693,0.782120149422769,0.4241877316127459,1.035009778224933,0.9129090408786484,0.9824874536085351,0.7435234221273896,1.0204468677573308,0.9828251333196294,0.4018919684376192,0.5194346004812787,0.29474527359868025,0.4235111472756269,0.48291725138088015,1.0329326861409236,0.4099165645984939,0.8595812360457518,0.9493902966449062,1.0228222249672605,0.9966825312151941,0.0,0.6391655218384579,0.6703139579913658,0.9678842277774428,1.0734818259065533
0.16782322122718657,0.2489117735624484,0.3038516441406114,0.500300842147658,0.5020378183274544,0.4849296659532945,0.6602848014352328,0.40515232175236277,0.5895858708140439,0.3443495772875499,0.4108350074197355,0.6544804481806672,0.6445489444177543,0.603601396890155,0.3968973927546026,0.14393807176676068,0.30656780896301805,0.25243755900965814,0.6020046247199544,0.23179353219041357,0.2334161666489283,0.4832632653646247,0.5437228200306778,0.7877083553059356,0.31089178215386576,0.6361735092024647,0.787908072818245,0.6913607419176941,0.43590359568347675,0.023420321932178245,0.2451010626848416,0.34516479261616084,0.4880209182268633,0.33685654744710597,0.5215159658756541,0.5970873118039141,0.43952374633458785,0.5369601591634101,0.49512198565009874,0.6002355702078457,0.3063698824909041,0.59439968765413,0.4375716611617008,0.3320369367551196,0.2046831923728905,0.15221839070945095,0.461847537318813,0.22789427188100864,0.5571822464581744,0.5354373206138221,0.47155040423448646,0.6730595834199595,0.32941276871226705,0.2353822078917654,0.6842567419016338,0.5789136562749538,0.6926469815417993,0.375932309788658,0.6538075976061899,0.7766371580735734,0.08184563025938668,0.532014689946381,0.08039711720098189,0.18151691677825943,0.24579609604951824,0.5342259256698618,0.14374799492593848,0.59443452924326,0.6684223140486938,0.623562932240632,0.891221166595055,0.6391655218384579,0.0,0.4837120253357551,0.1983566420064853,0.54371924579691
0.32243350168241913,0.4565804834543429,0.4808652137646039,0.6304603568340414,0.6976715249066433,0.6879983755458636,0.9683884902330637,0.45432638574337025,0.9187431879655135,0.5999451394799653,0.6444750652052376,0.7854774909271083,0.8794718795762178,0.982865764796605,0.03780431960314745,0.36863760448344135,0.5712574584659652,0.4945927001660597,1.0125149513468146,0.46147926521261656,0.39247136171442853,0.7857640891216069,1.040612282257908,0.9302973189174576,0.5876602751890363,0.8515682641544224,1.0143589330403362,0.9390666546513671,0.6326047796857679,0.43246380725216693,0.6004859915713696,0.5306575383200066,0.6431114722056432,0.4947295776583357,0.8715010199678254,0.9357855599652227,0.7305588016858655,0.7224903118183764,0.792627636817826,0.7780622899115948,0.5516067527830203,0.9713562010532758,0.9298170050904873,0.4629351182176196,0.5489026787566267,0.33303722887064047,0.6661544110879672,0.44516350612349115,0.807784381138933,0.8837260681644469,0.7176481581729697,0.9675924858653523,0.7431096689609262,0.45897959720470427,1.051233017467366,0.8190346787156076,1.0295711484654262,0.6547719602474025,1.0475534056329057,0.9807401554803685,0.314178019256243,0.47672082714000624,0.2942658906607091,0.31399925341957846,0.4811936714690956,0.7098461482944945,0.35817235593482744,0.889434484437982,0.8764479148629867,0.8483335689947462,1.079679688965591,0.6703139579913658,0.4837120253357551,0.0,0.49913127566716475,0.7976686510456354
0.08948301416088582,0.25412580997917245,0.40144312837972884,0.4360838939805822,0.6228223130394077,0.5576988110425848,0.7317504974143172,0.48149007488621,0.7277959086994095,0.37263658986749226,0.6891445123709439,0.5283522989638584,0.6958249816843388,0.6152233987781657,0.2771674732798965,0.3078059769025059,0.3577482760101999,0.17563381035327172,1.03582164273137,0.39155863970169236,0.2869398031908549,0.43219293283119514,0.7525178031334054,0.45588323704298905,0.4058039270428205,0.4749073964493613,0.8703609879169817,0.5328722889781619,0.5255389592411062,0.3088500216024591,0.21037225741664664,0.22671023547535632,0.49993253585380654,0.26735332805388623,0.7372239592833383,0.4703386833054236,0.4793563096411464,0.5410565373740418,0.4239422379150264,0.48883516498178237,0.27125738450794823,0.6214620059551639,0.5399912697257072,0.16427340114929673,0.14966504568497552,0.08297638618273917,0.7451917042962632,0.1768534759971871,0.40286767340216834,0.4123742368347718,0.43252959998382723,0.6794511487819441,0.29354981723817186,0.1995113359776106,0.7452461495366354,0.7344374253147228,0.5498875947740032,0.49530776727015535,0.6657169455381731,0.9327008097496443,0.06693788455089242,0.44044431281141405,0.12436059614496128,0.23247556543288858,0.3029287288302576,0.5181460896053374,0.17569451577059547,0.4343496270932027,0.6272701758556205,0.892605768808908,0.684374930337672,0.9678842277774428,0.1983566420064853,0.49913127566716475,0.0,0.6067150198711273
0.4206390307179816,0.4737736546992802,0.5122860614777545,0.6182729641910362,0.7620904584695732,0.8020907228858415,0.805574257169525,0.5116962308947172,0.8688050035343458,0.592311106943609,0.6038024892275089,0.78421095396741,0.8995345582475549,1.0675627868592312,0.09605617102139516,0.37751020944774905,0.4948323313862091,0.4496283528513691,0.9230414011003225,0.451817875736921,0.4480543488348844,0.7954868325894398,0.7598035678516174,0.9052006316589534,0.49205919631146566,0.9195713076514425,1.04735761546296,0.8204658247548487,0.7579608199272343,0.4029800516318637,0.404128577193094,0.4695574869329139,0.6385502997679515,0.43096426268342636,0.6675066233327593,0.8736295558889957,0.6732710773274897,0.7132212710913671,0.7568204823040747,0.6950378739821941,0.49352749655709827,0.8511612277865548,0.6920016946267652,0.5228798803036104,0.33329434044502043,0.3973204754834053,0.757632818859857,0.4779598103614834,0.8517783861583543,0.7601913396120467,0.8003292843430427,0.83730414315152,0.38695034651369065,0.3908831178990807,0.9642788818194913,0.8122297667156202,0.8506449663020041,0.6099458600303798,0.9015264016571511,1.0324961242495605,0.3537486449505817,0.6730913587499749,0.23141158795960182,0.502101734320611,0.6821511880798292,0.7967507305732304,0.4168823847069501,0.8223264506627986,0.927387036627398,0.8903381758989889,1.0591320163942808,1.0734818259065533,0.54371924579691,0.7976686510456354,0.6067150198711273,0.0
