0.0,0.060251494965915836,0.051826798876788954,0.12609592208187514,0.08165198882959762,0.18306739033865527,0.11405280915135857,0.158258572730875,0.10993216526089047,0.0498478609291145,0.21435279253566686,0.0711369636787865,0.07363274024468902,0.15763800305480072,0.05648815220182671,0.09355234429110222,0.11256462720899285,0.0948265045015696,0.12673341422595313,0.27551275610945514,0.02995594400413354,0.17333616432793536,0.1643878745149895,0.185047151615703,0.025299041536459926,0.07773877081347275,0.12385597928945713,0.16805816621352965,0.15046274775861007,0.3703351959985872,0.15729332434119112,0.12273426007479094,0.12427943552462303,0.03174664951941292,0.08584042553095572,0.054237571163293086,0.0453787220708432,0.012125721236143028,0.09787880143934405,0.051721910657265946,0.22405499968573084,0.08527671873382486,0.1696149868311168,0.2539082058153353,0.16393121087902365,0.17423592668555898,0.14304965332134248,0.06552460100893867,0.2580505888459671,0.10216791474489376,0.12169134909848214,0.10209633023878617,0.061979038077547205,0.03737045066918521,0.1732944345222337,0.11474905026864031,0.005986360581471728,0.015816598111656033,0.03886422388693747,0.028610157487802018,0.09803049794111628,0.04248474281590078,0.15087050694263673,0.1640148124362146,0.1975431636143824,0.04442776242565172,0.19648947125818372,0.03535304453951493,0.15617338928650237,0.041755807271513734,0.013368644747640546,0.06851132222985862,0.1545080978251953,0.22237137580522198,0.16352761529183593,0.1826577179981838
0.060251494965915836,0.0,0.09506850534596265,0.43693084488866846,0.33470320991176006,0.3482054094003915,0.38191460918029463,0.35915837395702194,0.31445698260592303,0.4096421401326701,0.4336830784420423,0.6078712439084368,0.45378773597121813,0.06844950292561788,0.5574194739992805,0.0995808660559632,0.6040685558521177,0.22321052861577634,0.25236427246975274,0.31237428996215233,0.49989160075300354,0.40563764824623805,0.5483628427996822,0.8541939040384168,0.43349612553862715,0.729425532539919,0.3106317900393534,0.3698578862051682,0.4569163269625607,0.3860620656170792,0.48529404434644113,0.4228035574096918,0.6398332562727183,0.5424845234499273,0.669089200135388,0.4312964319416673,0.3349293245060302,0.5040202938157081,0.4859246973419695,0.502358987142734,0.3690053609694023,0.5038527175595486,0.5423011519011112,0.5002449168269755,0.36680080720050545,0.36848255887140924,0.2834496890535315,0.5412534898327885,0.6835396927744333,0.37848187886696855,0.49742949310915663,0.48679707081687584,0.5521773825063291,0.41957709290028233,0.1896887766499142,0.5848760421295072,0.49960386778586213,0.34765931351276413,0.3152568946226915,0.6424597542978538,0.444863193470638,0.287944821934595,0.31657100441953606,0.26986518038723023,9.599247240921205e-05,0.5232341183171065,0.4466415657856786,0.8868476092432669,0.3333439305386562,0.3679777822264596,0.6969613662753604,0.2728039078374605,0.27937556256065127,0.5985108158629863,0.296854885044205,0.44967654648939304
0.051826798876788954,0.09506850534596265,0.0,0.22844224776277738,0.10035690239055765,0.09082672390062396,0.1266402610141945,0.19145762470292482,0.09788741938311302,0.048018597170977007,0.12189307626871274,0.2669542402390429,0.14760739883372803,0.09579756929661809,0.21245980150236266,0.10499498789752565,0.3891296597736631,0.13736138791750246,0.14123824008517705,0.13476182179471002,0.1417816179840835,0.12841824159639542,0.17248970217000043,0.2811140608697297,0.09594962786782357,0.18960228779818522,0.053894499557737396,0.10289109051146138,0.11492438176490799,0.15178717889120893,0.08296869687450613,0.171309477014054,0.30678561854770436,0.23843436584652694,0.1645220652432156,0.30107576071785835,0.1925167798918942,0.16850323170432946,0.06924674256524493,0.231592966939962,0.1656653171221201,0.26858145859223576,0.411626136860761,0.2568783061219242,0.006668133285180677,0.26755266760053165,0.10444214604947692,0.22353038204578166,0.32424760754863213,0.1953854093076655,0.16438277817180252,0.2290803265754498,0.20075275102628515,0.14146969145097946,0.07558797320321076,0.16333103386960052,0.042832779894375145,0.07950098272686479,0.32003696161716744,0.10945451938830866,0.11933961536077561,0.11503834997455774,0.288019966214572,0.2198473465060467,0.15262872305919759,0.07650783738134201,0.08757958441710234,0.11845210604263418,0.05346822628495859,0.1529442266987429,0.18875739464478442,0.19107068955561585,0.15122193698969055,0.10494243599021147,0.1670355481687214,0.08891430190629354
0.12609592208187514,0.43693084488866846,0.22844224776277738,0.0,0.40130809437270304,0.4900245637615822,0.43268984859463455,0.3266385061233341,0.3611910095104677,0.4267677772818929,0.43654475362361106,0.683808253148025,0.42984795537816045,0.17208950207383555,0.6149746203499098,0.10339816845202668,0.6515793626139181,0.25936563425560605,0.4112680680612585,0.2848620642943694,0.4711212825294097,0.4012095031990749,0.5875820820540246,0.8488770418140354,0.4373131094861574,0.7867448585615326,0.3743754229227137,0.3870374489315474,0.5726311814154736,0.37713924441280966,0.6349878135202641,0.34639273466044157,0.6475785987028925,0.517369344449698,0.5724120869273529,0.3589574452328117,0.3105781389300769,0.4548397268805647,0.3591338017686256,0.4792216182205772,0.4377616032361802,0.534635022839323,0.5857468940454132,0.4161494166353019,0.24944660851568515,0.07891699542545966,0.030870929066247166,0.5317683633747667,0.6860549417708117,0.4395021035421946,0.5531020634160208,0.43562400828644,0.48369383463838256,0.4328222846878284,0.23073627686158332,0.4805107023349772,0.49820276957071624,0.40644072426506783,0.4699198764138306,0.6291149401261663,0.3450430104178348,0.2793278815814294,0.2846644623394137,0.3644198377447425,0.12337977506403669,0.45175960830136863,0.32512589201073205,0.5921476823855778,0.32118125036121,0.46452118723883296,0.5621031324864011,0.29409460288960837,0.2741922127394535,0.5239807734868521,0.06895093958894205,0.4328411746626075
0.08165198882959762,0.33470320991176006,0.10035690239055765,0.40130809437270304,0.0,0.3554950560958555,0.30743206730685213,0.14319174669516968,0.3083067087840061,0.35049494994901514,0.28810025134946704,0.4099829968343624,0.30269379175338795,0.1607581105000701,0.3615967029399279,0.011923399575824167,0.4975936043238712,0.22208488949784394,0.2795063359847119,0.10926757416824197,0.32376345753066027,0.24202956638551373,0.3298361368248843,0.5717238900022624,0.4261202844123689,0.4693105425614107,0.30460912881300245,0.2807376134983682,0.32979389213799726,0.025106547173248672,0.3712225546811165,0.36715869912903026,0.42951704937423585,0.3187299103196167,0.4280036126511954,0.3958011249051539,0.3097631201952513,0.2808797904909093,0.31924878282400304,0.4067249802566173,0.23539265062593026,0.31528421592218114,0.6195331198021057,0.47947769276856517,0.15253306062437244,0.3013501558671172,0.3326403065126759,0.3997129185906289,0.5664173648688507,0.30279257125412784,0.47081836733487786,0.3540585530640979,0.36509767212392197,0.3611362470354716,0.23768349210403675,0.37147614781310784,0.2968587286464111,0.310151730446548,0.3164314971904645,0.327058673058395,0.24871564740678703,0.31032211730426645,0.2539581903597544,0.2920512266191952,0.42276532558295454,0.30072023018527055,0.20875300489458884,0.44635281084093015,0.21367931285305472,0.2526505999937987,0.4421352339763306,0.21921889155129365,0.24573131883748878,0.3495792567435388,0.20697731740446512,0.3068977820607401
0.18306739033865527,0.3482054094003915,0.09082672390062396,0.4900245637615822,0.3554950560958555,0.0,0.4095529172760408,0.20079014124420388,0.24598124116033498,0.382627447185939,0.341672366541832,0.37008468657863014,0.36228006051690725,0.17915740657761353,0.5838169727887822,0.23593001333445654,0.6891394762369165,0.02794796233643576,0.27943446153873214,0.18709733920683777,0.349243264710183,0.2415999355408208,0.3823695520853228,0.7096005852419223,0.32326035637565803,0.5661640606896954,0.2433566239347097,0.31057754148558175,0.350063148519116,0.14088404147861683,0.4472954073193931,0.3605898653140606,0.5387104520332591,0.5635388985801084,0.5817339482512878,0.47705561049408646,0.3517948501728132,0.3281985579936025,0.32379451546363713,0.5464048211224745,0.37612366288225374,0.4907558027042841,0.6494730762788206,0.5595146694441387,0.2622949174980967,0.24608688523268638,0.3651418853894968,0.486314981311062,0.6512170758392031,0.3626047245133262,0.39738918630889386,0.40112463007028143,0.3689994558265053,0.36742160951001784,0.1617844709475102,0.4420154969506396,0.22825261418510942,0.2682473992063914,0.3733772632392314,0.5213359653444504,0.2307746964032162,0.2001486979655429,0.15506524720043435,0.15918992384930794,-0.019480871329946026,0.3361876338517877,0.29810467864081047,0.5756782916883474,0.2363810174879645,0.2294063308978127,0.43259873786908787,0.16373683224784072,0.21716071773065532,0.3597854392953766,0.3740603615788373,0.32535103140620203
0.11405280915135857,0.38191460918029463,0.1266402610141945,0.43268984859463455,0.30743206730685213,0.4095529172760408,0.0,0.20693053944498008,0.2926232119702431,0.3590729318101346,0.3998748035947589,0.5262015450368156,0.24064076587668662,0.10701256912352924,0.5822366260056447,0.07919178283311923,0.5209506777028649,0.2539057958630439,0.294103447255735,0.2195225026930197,0.44847685448046176,0.34644464244146883,0.4315826023695825,0.696948745464564,0.4205149988687031,0.6457415552228383,0.3448780435744811,0.3259323891203143,0.4198174971418768,0.34458611795892885,0.5192152979271961,0.40632928962682796,0.5105522744696318,0.3563839070613223,0.3614111134428398,0.35383253788573005,0.3809937196634029,0.3600984185496586,0.3518633019056983,0.5338118839774212,0.25950745971474115,0.2672286857834567,0.6118285389735787,0.494321164587663,0.2563639956798146,0.3345979854180353,0.34315250152063753,0.4928439298138873,0.5196798762175794,0.3431649481643456,0.49235924031582895,0.33625270520753064,0.38642456206833264,0.37716214992597974,0.3137816622795128,0.5274242607908569,0.363960689916622,0.34711493771968693,0.33352395914548155,0.4066387289028135,0.3197998943518055,0.35154509012384844,0.2341418151621911,0.2628598075255365,0.018729239595596303,0.43861016498879835,0.29957578730846296,0.5790066540305872,0.25762278992780707,0.34027458492699364,0.48537104169200657,0.2681120782238018,0.30383127621924405,0.4909752890698014,0.1735418601619408,0.3899513016634193
0.158258572730875,0.35915837395702194,0.19145762470292482,0.3266385061233341,0.14319174669516968,0.20079014124420388,0.20693053944498008,0.0,0.16727739187787866,0.18775239331807664,0.26774055019596776,0.19783423495063676,0.2381767637170839,0.1448812932244786,0.39682739410476586,0.0005630790751260939,0.43432655767621986,0.05820190410704773,0.2637664854265478,0.20331680705835578,0.21355863312306111,0.20822574653736015,0.3073673185610012,0.602089108939322,0.2495996427739593,0.4479638807223022,0.23193338697837787,0.24204846282063439,0.28090341304814137,0.26708557925671417,0.3170921335234875,0.31723123123933633,0.3769568660611537,0.4033540990763077,0.3439695701220088,0.34202808060535383,0.2591336487096175,0.2907923270824636,0.30627715291943786,0.3710456641594415,0.2758445203418285,0.36164393376286635,0.49401368451941674,0.3139729173747835,0.2240367420285258,0.11821310699886581,0.20968686750831012,0.43909148723136143,0.48171546074214205,0.21056456997868478,0.369043106912066,0.33280499997733703,0.3507557633486093,0.25359158841951446,0.11561617586245782,0.31252214977636966,0.21331449309158626,0.19825213363894703,0.2250300013422285,0.27802266616213883,0.13712532841018324,0.20875734739410007,0.14992645817339406,0.05681083012156243,0.16463611919786847,0.2173873679581677,0.18618614825408228,0.33375031326989657,0.18261481883985498,0.2093813791883105,0.36357945461164126,0.08204932656356548,0.1488521106430542,0.26907614351933523,0.367640092290137,0.21720067950287206
0.10993216526089047,0.31445698260592303,0.09788741938311302,0.3611910095104677,0.3083067087840061,0.24598124116033498,0.2926232119702431,0.16727739187787866,0.0,0.3613817047291017,0.34265858577519026,0.41432652393922964,0.32962900564871556,0.15289442680952978,0.43969817669314926,0.06807523715990127,0.5977052526884847,0.15655544165395138,0.2786534083459417,0.24382376235833886,0.2847910078845672,0.3122466011921218,0.41460735938682064,0.5866629557819498,0.40818131745227815,0.5197255998971417,0.3815487514208078,0.28921479488198737,0.3513628271793202,0.2650491966186818,0.44257798067473025,0.31825473173329516,0.5293699147269133,0.4722246225684436,0.5396075472924288,0.44920029381609616,0.38041710791887334,0.38731126002441957,0.25220580249339414,0.49495661498250787,0.24835822432952653,0.4197349716548785,0.613435025303519,0.4095832362380054,0.21650304381959656,0.3917618419954959,0.27569360804004944,0.4261472595344493,0.5202602140833966,0.2885840045514856,0.5018478002360959,0.38968028749595995,0.32011922522997016,0.3351012356281328,0.2188454393056543,0.43796055492397135,0.2240254940066426,0.3330684425182197,0.34405352753047247,0.4616138757942154,0.23431853832858276,0.3392297932610988,0.20060429063586624,0.20097157673637686,0.12533553358382862,0.26683661764432604,0.3907761340818008,0.531910729285344,0.21952999576959187,0.26145677338820833,0.4155655331453006,0.26250006599816855,0.3103922071692308,0.4958789915378684,0.314427980736738,0.3150768906081401
0.0498478609291145,0.4096421401326701,0.048018597170977007,0.4267677772818929,0.35049494994901514,0.382627447185939,0.3590729318101346,0.18775239331807664,0.3613817047291017,0.0,0.3610980475836552,0.46876391791528405,0.38565231899079305,0.21241608113065785,0.5921920967524145,0.05975006353077289,0.395761625836114,0.15642800614522556,0.24796491003474155,0.23529090270333358,0.42391182633679064,0.28877126085082533,0.31396079198834725,0.6400709065956947,0.4157115279298861,0.5600328499458362,0.3666971858682465,0.3143137432334815,0.4168816294290114,0.2944581699075079,0.4418133177126996,0.4650198336156888,0.5215301541741645,0.4451691439827298,0.44233765950363996,0.43500491643868977,0.3416751606485025,0.27715824409747525,0.35085256864627745,0.5039404618372705,0.23925908094043835,0.3667579824286953,0.6584819292945234,0.3784816290345217,0.2228834844495577,0.28788258695210595,0.20607926205444074,0.4482608748615017,0.6251742432245866,0.37298513670911765,0.5089114308169835,0.429925987452887,0.3275906832888477,0.42955605931652724,0.25370180432468026,0.43490443365188297,0.38645289968899377,0.3788336153047209,0.3722434788319455,0.49849284175020897,0.2443754377956067,0.3368009048416658,0.3069932476639293,0.22467669246147942,0.310621982378732,0.3686695765848966,0.32880240895264035,0.4360599292745253,0.28746920219696426,0.31610367703332926,0.4791029252488497,0.14343556611673,0.26261262873222413,0.4670220356589781,0.12878442191629555,0.3678571096594836
0.21435279253566686,0.4336830784420423,0.12189307626871274,0.43654475362361106,0.28810025134946704,0.341672366541832,0.3998748035947589,0.26774055019596776,0.34265858577519026,0.3610980475836552,0.0,0.46667943038903126,0.3209094780541023,0.27592188939946,0.3780409079739221,0.038144186544104786,0.7405143960834114,0.18966909452749878,0.3553046729124272,0.14623583819354133,0.29052519092602425,0.22931079453677747,0.3518356977485828,0.5855691140502539,0.40144418588475067,0.4844522195067871,0.27705231825914894,0.30068610094020554,0.3198961804137094,0.31066452076651513,0.4089328418460522,0.45756254956433845,0.503144090863839,0.42614131441884023,0.5373709410723131,0.5235350844935066,0.4722435373081508,0.3573915755065441,0.4023309930848653,0.4720731993551832,0.28403764595046044,0.38896028340911415,0.6813666563471587,0.4735092202754799,0.2853169576234382,0.29156522177626326,0.2598264970781808,0.42267549624610884,0.5798462091384674,0.3678370531760443,0.42371169538568343,0.3994286594399926,0.4063478550720531,0.36606238840239885,0.30257494831159815,0.3411859335270498,0.329557603006504,0.37314562529105694,0.33976152629720796,0.29268782830140594,0.19553827808393315,0.369196414856457,0.25031608258218374,0.258595701815298,0.04449123870974525,0.26415616136983355,0.20907910020689457,0.3817048804716333,0.20695113808740226,0.26212414960435665,0.4580417903292121,0.22175867144794667,0.20998877797609056,0.3221704352269861,0.1467176837033311,0.26181878965627725
0.0711369636787865,0.6078712439084368,0.2669542402390429,0.683808253148025,0.4099829968343624,0.37008468657863014,0.5262015450368156,0.19783423495063676,0.41432652393922964,0.46876391791528405,0.46667943038903126,0.0,0.5449698395861525,0.2182651095864464,0.8038593249386249,0.06438340908660825,0.5170655213352193,0.1962350484786424,0.3451891309432467,0.3802919588404228,0.49138845187443314,0.5010236287357717,0.5212141020770715,0.7114534191565516,0.6325235012567378,0.7829072272598392,0.36234107918953895,0.4811563860293346,0.5820151208487628,0.27573160282611914,0.662785555460996,0.5428659522998643,0.7150464333067371,0.6005387053978952,0.5852182285805753,0.5448920607843525,0.38827152228861667,0.35623629500487897,0.44901702844907104,0.6277688920489141,0.44027502106966415,0.5785721459519257,0.5514984128125425,0.5209773539195822,0.25896325614793636,0.29518475838941893,0.45769790229228946,0.5593857159284296,0.7851253332393628,0.5067291195292323,0.5952268379188933,0.4770166918042296,0.4486651058429104,0.4508653758237917,0.24455583384247845,0.5776853209172687,0.5411980358352897,0.5028662786927021,0.43378465533673083,0.4919740508727156,0.49355085929094367,0.31847014782219285,0.42412327181626636,0.21571356001120057,0.02469770733075316,0.4886025210690754,0.4176448393526405,0.8388452630569241,0.2386913527716314,0.460060169363936,0.5948868720811372,0.31239894914660576,0.36312671331808943,0.5735666272347193,0.26160297055242204,0.4674613121968746
0.07363274024468902,0.45378773597121813,0.14760739883372803,0.42984795537816045,0.30269379175338795,0.36228006051690725,0.24064076587668662,0.2381767637170839,0.32962900564871556,0.38565231899079305,0.3209094780541023,0.5449698395861525,0.0,0.20296703564036953,0.6162346632810821,0.10917896372802988,0.6106826980942222,0.26539566944556314,0.37497329836001436,0.1977941458169279,0.45912696896163074,0.3884501867217075,0.44602458126008876,0.6904433022316667,0.428118722113712,0.6173118103222046,0.401826089702757,0.3303334290475667,0.41192164137178594,0.32674600961817213,0.48572118093943895,0.3371195367783194,0.5988583146656598,0.44078195566425227,0.42323736242117954,0.4150123946688141,0.27382586427108224,0.4103944062234564,0.3137889736748181,0.6144241949427014,0.2837144563867272,0.38119406339460316,0.6115174506816536,0.5390331184116336,0.25027282189991074,0.2363836585007989,0.28458744190263846,0.539488332090443,0.5795661604575252,0.2941611997064227,0.5616085757734989,0.33459323176074507,0.3957515066339165,0.43492742095791326,0.20969302451222777,0.43202392885134694,0.3453770866031209,0.3658214999195729,0.4426349091579662,0.4065975500851339,0.2834935496179602,0.3803049402028575,0.2966157275727805,0.25761277028000934,0.0319011238030687,0.316313135640906,0.34223880863143596,0.5458144858421256,0.26524072359479334,0.34052763150998533,0.4882662659740774,0.26560620372621085,0.3118643239053576,0.45962435088347364,0.2719943626950689,0.3876461751733549
0.15763800305480072,0.06844950292561788,0.09579756929661809,0.17208950207383555,0.1607581105000701,0.17915740657761353,0.10701256912352924,0.1448812932244786,0.15289442680952978,0.21241608113065785,0.27592188939946,0.2182651095864464,0.20296703564036953,0.0,0.29813588641173333,0.1452846847372043,0.35389347627650297,0.09265387629745397,0.14415274683422705,0.24679420605139563,0.1498193260279061,0.037618774894883134,0.06782226004582523,0.47100451976535845,0.24316948463844923,0.35789773972476535,0.06522545370084895,0.15617459264451922,0.2485084768350661,0.26897840361292996,0.2583157097824982,0.2185282851605782,0.29360856677966696,0.287287579452386,0.34407657620024434,0.2397627579328729,0.19930248844665274,0.2618925454190679,0.12961492178689316,0.19464249702211125,0.12373482706913466,0.23688183478057806,0.42179146687953195,0.3146704670306676,0.17366799946556144,0.18913767945870694,0.2030357085333555,0.28125829891529064,0.35318379155277757,0.15078879136153267,0.3723320110020928,0.22871805432684983,0.19925261942558514,0.17779641013262865,0.09219693494125397,0.2445642092693316,0.12362158430710657,0.1650621901503355,0.18251922548962832,0.18140144903294922,0.1072087951468288,0.1096708604558202,0.10453961409705764,0.11145224756433864,0.19193168591039428,0.1036573864004463,0.046333897319181805,0.19139499853002817,0.17094593314325016,0.09882267428193409,0.21950656573961697,0.26218559446408846,0.09832754758461876,0.18795214384011072,0.43604727070236204,0.12248300734334217
0.05648815220182671,0.5574194739992805,0.21245980150236266,0.6149746203499098,0.3615967029399279,0.5838169727887822,0.5822366260056447,0.39682739410476586,0.43969817669314926,0.5921920967524145,0.3780409079739221,0.8038593249386249,0.6162346632810821,0.29813588641173333,0.0,0.13590273191445473,0.599893781724761,0.21790148941481002,0.44230285994422835,0.3461480029175333,0.45110780885515034,0.44466706344485263,0.6380326057681258,0.7990493284827915,0.5338643982386772,0.7159534720868594,0.4285263197297505,0.593809155439142,0.5245637313461796,0.12003046368587951,0.5454949109445009,0.5426916807275926,0.6914450474755192,0.5764127213588255,0.624805654742421,0.5260737789367074,0.4346137274800027,0.4883741894019441,0.45623282246291685,0.7153297447326822,0.5779834799410086,0.5217203289671698,0.6520291424080547,0.45389786220322986,0.6191521404946912,0.3238647677851899,0.050071465377919205,0.6005339519256698,0.7144517450655115,0.5479310002289463,0.5549979432275942,0.583943850146508,0.77256717326247,0.4975432266817838,0.31963140340047047,0.5430615123604927,0.6833289028551807,0.42686010539058405,0.5691848922687387,0.6016673808665496,0.34679036820695236,0.32576489192431934,0.42228711062591684,0.2472366740673683,0.1522428683366708,0.504446598619365,0.47445457975757815,0.7618258537145077,0.34928427935622314,0.43591081230596807,0.5814841259353905,0.32943884303483445,0.31359787901432234,0.5501172706836361,0.28085904965461456,0.578812971958678
0.09355234429110222,0.0995808660559632,0.10499498789752565,0.10339816845202668,0.011923399575824167,0.23593001333445654,0.07919178283311923,0.0005630790751260939,0.06807523715990127,0.05975006353077289,0.038144186544104786,0.06438340908660825,0.10917896372802988,0.1452846847372043,0.13590273191445473,0.0,0.167778690182607,0.1424778093931675,0.19909684133761021,0.17287267503331671,0.05258362196437416,0.11147093104451564,0.027714518713576497,0.266679931751859,0.05514810116937521,0.19901662696542244,0.12197828571541064,0.018243159747623305,0.08590034837622312,0.1624897186065791,0.05617949460227367,0.12219440970596682,0.23673953677996457,0.1324940188472871,0.18624627423062926,0.12658084574308948,0.07906886982412661,0.16561545540355152,0.027810552526617127,0.23087923350799058,0.2698100262386722,0.13594379289359643,0.2887901054466914,0.3052030197254876,0.24553974592593253,0.19882928936504024,0.18157731761930404,0.1109805733395757,0.31565769133234917,0.0956666719756093,0.08557778217803338,0.14118911028924305,0.06862845085713176,0.1039673741959066,0.3170871104527702,0.12207100900343304,0.36805710925718893,0.014290940160231413,0.060567013882568244,0.06916842557274097,0.061065178882418414,0.06169508661239387,0.25388497365951884,0.124165873448069,0.17237416861251612,0.2626414823104844,0.16834068074866873,0.11144534912859994,0.19345734439818613,0.23659992452496087,0.06466148677280495,0.22834678473390269,0.17024059850686268,0.08867498184024766,0.3471135716927641,0.16887702107369948
0.11256462720899285,0.6040685558521177,0.3891296597736631,0.6515793626139181,0.4975936043238712,0.6891394762369165,0.5209506777028649,0.43432655767621986,0.5977052526884847,0.395761625836114,0.7405143960834114,0.5170655213352193,0.6106826980942222,0.35389347627650297,0.599893781724761,0.167778690182607,0.0,0.33154950053777543,0.5360345825266082,0.5054303497768788,0.567640080503049,0.6040470541225682,0.6171609807146798,0.7252371612439972,0.561741360227703,0.7052803843742064,0.8596982232715411,0.55827660807103,0.7437162931325854,0.16809387484041513,0.5841418535676497,0.6365503979884449,0.7421572651497761,0.5863900037205777,0.5923336259212415,0.7803305047054392,0.713034765010431,0.5030311914621791,0.5330321617985153,0.6283941547842784,0.449667477997238,0.49240942256200043,0.8675603586275662,0.6068665148428594,0.4178446167236616,0.20645033138932686,0.08421158039861165,0.8279385500795617,0.6809052802077367,0.4857970327978821,0.7277913170032397,0.6081633039701021,0.5592305607354509,0.6857080373729411,0.44653575440612253,0.6189127364466933,0.4601598766775279,0.5433193684853657,0.6027829905586578,0.553151475788552,0.30667778406039586,0.5031003687989074,0.45196732197337247,0.5933019488366316,0.2898382554361971,0.5432097934839122,0.6198456333277274,0.6960665338997414,0.508669187543259,0.4434005201468897,0.6509600815973915,0.442639401223222,0.42527506667208564,0.5663263818442525,0.36354726389206476,0.48721258019154323
0.0948265045015696,0.22321052861577634,0.13736138791750246,0.25936563425560605,0.22208488949784394,0.02794796233643576,0.2539057958630439,0.05820190410704773,0.15655544165395138,0.15642800614522556,0.18966909452749878,0.1962350484786424,0.26539566944556314,0.09265387629745397,0.21790148941481002,0.1424778093931675,0.33154950053777543,0.0,0.1853190650274204,0.20396302526068352,0.1589364297346142,0.04557681903293581,0.09477864791538035,0.3735329486681373,0.2011249928468554,0.28824222083053586,0.16361480262534062,0.20069964557737183,0.21106603420115883,0.13057178347795087,0.19685791141153938,0.2404902275469998,0.37098803887691434,0.17198778905647877,0.2714215517085262,0.22843104372967685,0.2042782495316982,0.09904054535015261,0.16117027581537538,0.2903611348651295,0.09840178569849584,0.1918986498815875,0.4955099617519853,0.42325392203296913,0.03878087099191613,0.1941392777029892,0.2230706582264767,0.17354753183322585,0.5111447420021308,0.1901476719340911,0.20751782535448704,0.2754506929971906,0.18137191534208932,0.1886865843704205,0.06590059879327642,0.23674964807788282,0.07827067665742643,0.1054284297885496,0.2541001296751618,0.1760794924449385,0.13993922822259938,0.17992696170879838,0.05662116224568242,0.06425132316128937,0.22475390113918028,0.10666258322783838,0.08619136208266742,0.2627734101984366,0.06842118873776448,0.04924941054555787,0.1809870712621679,0.16483595490205666,0.16530061291615616,0.21356266275373748,0.6039173078681179,0.084555414110048
0.12673341422595313,0.25236427246975274,0.14123824008517705,0.4112680680612585,0.2795063359847119,0.27943446153873214,0.294103447255735,0.2637664854265478,0.2786534083459417,0.24796491003474155,0.3553046729124272,0.3451891309432467,0.37497329836001436,0.14415274683422705,0.44230285994422835,0.19909684133761021,0.5360345825266082,0.1853190650274204,0.0,0.1587975723838902,0.25642791170304485,0.23121283667744413,0.30811427541282066,0.5762815510840766,0.3067383309452504,0.47084462376435643,0.2330344117808289,0.25666508450514447,0.3362336568921229,0.3329645058930868,0.3388314962707756,0.28083640128969456,0.521132418539956,0.5168535457001882,0.4883057085217861,0.5111269405945297,0.4382308822327244,0.3383980064440249,0.1781366534399757,0.42348213595894707,0.31934951604952533,0.42936940310433397,0.6387926094870346,0.4156550139993657,0.19115589677685962,0.1646071327595044,0.2582540053712338,0.3710824547697992,0.5687553313694558,0.38485642396778286,0.38101574952086736,0.3966220073156435,0.29543754760345065,0.30579115578316196,0.2181083117657287,0.2858391621460042,0.24699397479603383,0.2351524856975393,0.41799846031181165,0.2828978756692467,0.06611406433167133,0.2927572727480874,0.11260608457697582,0.11351066431948266,0.12531860852403165,0.2619610978682129,0.19959336154375704,0.32846799121224324,0.23120493651722088,0.18120327051412377,0.40607899096405436,0.04917478279541235,0.08915711613836319,0.33185096687330384,0.09920724054576596,0.2882688836105145
0.27551275610945514,0.31237428996215233,0.13476182179471002,0.2848620642943694,0.10926757416824197,0.18709733920683777,0.2195225026930197,0.20331680705835578,0.24382376235833886,0.23529090270333358,0.14623583819354133,0.3802919588404228,0.1977941458169279,0.24679420605139563,0.3461480029175333,0.17287267503331671,0.5054303497768788,0.20396302526068352,0.1587975723838902,0.0,0.14718143414995818,0.15000050717182073,0.34508041510066256,0.5677825779401418,0.2703647138196368,0.45096369632558664,0.15622281085122863,0.158813312750118,0.22192862589061105,0.20943450040630218,0.2707428411132813,0.2842755773985363,0.4782711565766613,0.33979578309528274,0.5476023208969597,0.4142678965018635,0.38442070170085363,0.27516684719969403,0.13382907810154804,0.4422265762036069,0.2121481334267898,0.31255703681227925,0.5777578601823841,0.44791978233982355,0.23125357011391678,0.2620540389398822,0.14722271708706158,0.25310575705063093,0.6243184270520239,0.24700115285826446,0.3230523797886894,0.2745982108740611,0.40545146124001746,0.25065720605245656,0.09922095914336687,0.2307184708157492,0.17330045291857477,0.17695614826377376,0.2461797131514055,0.25433155094086557,0.10186156769545737,0.09380426789217174,0.1322661009341734,0.1460978238040405,0.22099277542849644,0.13257971663660728,0.1617973204970729,0.28080860300617083,0.139319527746534,0.12414354788222158,0.36397787186937164,0.04234459392754841,0.20562540507094612,0.23905952935544583,0.34315015056046816,0.16873967162016695
0.02995594400413354,0.49989160075300354,0.1417816179840835,0.4711212825294097,0.32376345753066027,0.349243264710183,0.44847685448046176,0.21355863312306111,0.2847910078845672,0.42391182633679064,0.29052519092602425,0.49138845187443314,0.45912696896163074,0.1498193260279061,0.45110780885515034,0.05258362196437416,0.567640080503049,0.1589364297346142,0.25642791170304485,0.14718143414995818,0.0,0.2950609138135807,0.3344180250000332,0.7043532585864971,0.4590745874869194,0.5919980596767447,0.26933553145532274,0.3380285123699481,0.3398821311645711,0.25016849703973426,0.4864410411369017,0.4642061339882675,0.5654914289880485,0.39130468116873784,0.4530605319566829,0.3601195142515761,0.39419429219648544,0.35952796394461184,0.4660636025043723,0.4743203213795225,0.2879995075346389,0.48269573782478115,0.6374741377507116,0.4980379866557244,0.2175409765072435,0.23432398215275563,0.23148903483764893,0.4870434942543611,0.7715785577931871,0.41690282999883244,0.4991911581244607,0.4587757335420523,0.3671122996803251,0.3693117116241618,0.29190501172237926,0.5166571622947465,0.34398118360957797,0.3924820455477158,0.3830301282623837,0.41679738588697984,0.32688402057375626,0.3628912427085851,0.26162829947654276,0.20297316152214312,0.43184901299217515,0.309412988902421,0.2380974361255755,0.5382168772387987,0.19725917776892057,0.3532941892556275,0.4965553195785412,0.2013607582678836,0.26558331603345503,0.4206908924460637,0.3770734385457042,0.3854617058434849
0.17333616432793536,0.40563764824623805,0.12841824159639542,0.4012095031990749,0.24202956638551373,0.2415999355408208,0.34644464244146883,0.20822574653736015,0.3122466011921218,0.28877126085082533,0.22931079453677747,0.5010236287357717,0.3884501867217075,0.037618774894883134,0.44466706344485263,0.11147093104451564,0.6040470541225682,0.04557681903293581,0.23121283667744413,0.15000050717182073,0.2950609138135807,0.0,0.40384875111892127,0.6242257153127783,0.3269126338037506,0.6499198853024686,0.22819264405657738,0.2555217578202449,0.3502680705486249,0.17083527948507105,0.3260769146511756,0.265918734189159,0.6041821249029584,0.4633419014925928,0.506245076967184,0.46148308865021426,0.33169654887984784,0.34936906974914506,0.27160071498242233,0.5212657488458619,0.2620893979987468,0.3652424625980159,0.6127014650241884,0.5042047821256767,0.20790348405656253,0.19697593002578173,0.23322523313188653,0.36931431019272876,0.7561311825388497,0.2945556493621294,0.4022096003198259,0.42990587804245317,0.4052292174664395,0.3584370309767051,0.1324501289141192,0.3954299287916283,0.29749353897706377,0.2959733227983049,0.29299832055538105,0.45635231037038854,0.15824819533173062,0.2072336052944254,0.18002807527963924,0.05036498420703406,0.11866931845957451,0.2634292857182313,0.2627295141891827,0.5538892008115717,0.15164917524650173,0.19999030963718,0.45986919510430047,0.043338837654886636,0.14531817386730161,0.4037399546449965,0.34054143624080196,0.24295672643942873
0.1643878745149895,0.5483628427996822,0.17248970217000043,0.5875820820540246,0.3298361368248843,0.3823695520853228,0.4315826023695825,0.3073673185610012,0.41460735938682064,0.31396079198834725,0.3518356977485828,0.5212141020770715,0.44602458126008876,0.06782226004582523,0.6380326057681258,0.027714518713576497,0.6171609807146798,0.09477864791538035,0.30811427541282066,0.34508041510066256,0.3344180250000332,0.40384875111892127,0.0,0.8104201138879671,0.4832324694725363,0.7088714823464506,0.3167573257515908,0.351264593599033,0.5837001418292134,0.32639010481669917,0.45865181761529084,0.5021465777617501,0.61467054153326,0.5709677034552482,0.654070054257752,0.5245799285805963,0.4284532475511559,0.4090135870128334,0.4474616389448379,0.5570536190960219,0.3918035293027348,0.6304682792804928,0.7300425266014047,0.6135425637670282,0.271986473463229,0.2858815062444039,0.25139115881668667,0.613471981197538,0.7545165186501263,0.35142876132466117,0.5404575950749264,0.4690328198364376,0.49330480462001647,0.47255817918652976,0.21485221455608175,0.5259226257725806,0.30944253512169806,0.3829306337192392,0.36222382119629803,0.4830172452569581,0.30723660769035616,0.35174151635531686,0.23766893505098485,0.13509281538082415,0.02889327167151043,0.2880964047771838,0.39909750739823324,0.670585735183332,0.23738651571950356,0.3582790017219285,0.4893041778643226,0.2295751478068891,0.21214029759678762,0.563902541918972,0.3892921827247967,0.31390037014789124
0.185047151615703,0.8541939040384168,0.2811140608697297,0.8488770418140354,0.5717238900022624,0.7096005852419223,0.696948745464564,0.602089108939322,0.5866629557819498,0.6400709065956947,0.5855691140502539,0.7114534191565516,0.6904433022316667,0.47100451976535845,0.7990493284827915,0.266679931751859,0.7252371612439972,0.3735329486681373,0.5762815510840766,0.5677825779401418,0.7043532585864971,0.6242257153127783,0.8104201138879671,0.0,0.7208302935747142,0.8777815102909527,0.7014619533713482,0.6936297755907658,0.7748562282131213,0.3216501105046494,0.8546670119045533,0.8213125425213477,0.8672851112633385,0.6544793750647342,0.5814116894116373,0.7977181082219327,0.5772953686153434,0.6130798131423568,0.7055804300123601,0.7359397657565327,0.4931813470758173,0.656726461859283,0.887303632539123,0.6701345437977934,0.28282801295609794,0.11836599653793944,0.2467691584472747,0.7531080824815953,0.8853857427791295,0.7283276564769618,0.8869154355715716,0.7950603078778344,0.7199467452117359,0.7603256442465536,0.4481938388790975,0.7107873055974678,0.6058312812502937,0.6868057071918054,0.7168997850735173,0.5847453933112197,0.5423549612408671,0.5656014947157268,0.4911678018028819,0.38187066566498473,0.2940840119177228,0.6043002143204903,0.6166132157976519,0.8655114618465546,0.3585499395783074,0.5502973787382992,0.732985040858984,0.5397953856010438,0.5932758265474257,0.8186748896441719,0.45347661240212317,0.6327270155164044
0.025299041536459926,0.43349612553862715,0.09594962786782357,0.4373131094861574,0.4261202844123689,0.32326035637565803,0.4205149988687031,0.2495996427739593,0.40818131745227815,0.4157115279298861,0.40144418588475067,0.6325235012567378,0.428118722113712,0.24316948463844923,0.5338643982386772,0.05514810116937521,0.561741360227703,0.2011249928468554,0.3067383309452504,0.2703647138196368,0.4590745874869194,0.3269126338037506,0.4832324694725363,0.7208302935747142,0.0,0.6345452731667469,0.38397414070218694,0.3518772925975476,0.49085163396393033,0.28603974753735983,0.42225101041720225,0.42647794765677394,0.6700847843008675,0.4112822943099135,0.5222874801537772,0.5797459046443899,0.40000231614455706,0.36643128496762456,0.4694028344982966,0.44371015190154195,0.3299607497161277,0.4150529429877048,0.8507706656547384,0.5576097609290952,0.28448994264994776,0.18195724061963436,0.324909837738886,0.45423551915529026,0.8097118414753954,0.40283713221032236,0.4437105784176493,0.5090915739062166,0.4197676613607363,0.431764021286594,0.2933685411273419,0.4958358541219704,0.3948337378514334,0.3691797843084279,0.4922886320551373,0.5706786600901617,0.264676137777317,0.3205157689369366,0.28786024966610213,0.2184956255420635,0.05736226617795831,0.4238974087655668,0.27086870176278394,0.6153553953027572,0.24314268243330836,0.3312523478903135,0.47286642551901115,0.2751852799103991,0.36093997283421725,0.5964073702120832,0.2583103725251304,0.3271862384125053
0.07773877081347275,0.729425532539919,0.18960228779818522,0.7867448585615326,0.4693105425614107,0.5661640606896954,0.6457415552228383,0.4479638807223022,0.5197255998971417,0.5600328499458362,0.4844522195067871,0.7829072272598392,0.6173118103222046,0.35789773972476535,0.7159534720868594,0.19901662696542244,0.7052803843742064,0.28824222083053586,0.47084462376435643,0.45096369632558664,0.5919980596767447,0.6499198853024686,0.7088714823464506,0.8777815102909527,0.6345452731667469,0.0,0.5900289163406668,0.6788777919974043,0.6694258426813674,0.14318644750488424,0.778515070372465,0.7045240367579437,0.7748481772861888,0.6761295827386182,0.620986625999439,0.7605535899941884,0.4810141455379815,0.553104186151645,0.5872935452657909,0.7375239364872177,0.5457129663928051,0.6897543895568945,0.9074031908287243,0.7140872770982436,0.42188431449399477,0.12935031574456352,0.02496243457573194,0.8512334409552988,0.8951440121255381,0.5737610190234559,0.6279697099651629,0.6979605774624826,0.6590360084006599,0.6560787723554716,0.29806884333848677,0.6308094135316704,0.5162630877292983,0.48942872079099625,0.6384378582491984,0.6390531774672804,0.5481870605718218,0.577373852301595,0.48802005454830166,0.4039925213974325,0.2993740717027321,0.5358414316861917,0.6325493936436967,0.8983850180702709,0.38148983515585544,0.46693136169800803,0.6766914276795162,0.5438832347086375,0.4606624608175399,0.750795134692738,0.3800834196890137,0.6103140282946438
0.12385597928945713,0.3106317900393534,0.053894499557737396,0.3743754229227137,0.30460912881300245,0.2433566239347097,0.3448780435744811,0.23193338697837787,0.3815487514208078,0.3666971858682465,0.27705231825914894,0.36234107918953895,0.401826089702757,0.06522545370084895,0.4285263197297505,0.12197828571541064,0.8596982232715411,0.16361480262534062,0.2330344117808289,0.15622281085122863,0.26933553145532274,0.22819264405657738,0.3167573257515908,0.7014619533713482,0.38397414070218694,0.5900289163406668,0.0,0.2681770981532401,0.3859947372102349,0.18723574344053873,0.29349906969992295,0.3107956168665977,0.6242612451100665,0.4932952703486413,0.5955821230713441,0.5249791351674549,0.38949173087542094,0.33013814275186887,0.26975320429002103,0.4564508854134582,0.29789836800517117,0.4689615178053712,0.7491586976119939,0.5936786768172772,0.24809701570763845,0.25484266386652193,0.1584126356654244,0.34956090118534805,0.7391603537355598,0.3606772092083177,0.40856802899641964,0.43914091018115486,0.42170906262307484,0.4528928128367697,0.1343102230427597,0.3763244397047393,0.17104782453011044,0.27126837269699916,0.3746464463353656,0.35640317892721496,0.1124331906841938,0.27422598697871164,0.19077438190621906,0.08813211082666345,0.19483680505328282,0.2555393193680223,0.2777901002830347,0.4759966299437883,0.1858751797932196,0.20555158230917736,0.38802511324663436,0.1412926999802738,0.16376737379779333,0.43128271454705625,0.2976410916444717,0.2939729172781137
0.16805816621352965,0.3698578862051682,0.10289109051146138,0.3870374489315474,0.2807376134983682,0.31057754148558175,0.3259323891203143,0.24204846282063439,0.28921479488198737,0.3143137432334815,0.30068610094020554,0.4811563860293346,0.3303334290475667,0.15617459264451922,0.593809155439142,0.018243159747623305,0.55827660807103,0.20069964557737183,0.25666508450514447,0.158813312750118,0.3380285123699481,0.2555217578202449,0.351264593599033,0.6936297755907658,0.3518772925975476,0.6788777919974043,0.2681770981532401,0.0,0.4035118357881853,0.2501445916063698,0.36088240725086207,0.34603875444298543,0.520429016753834,0.3638529955541738,0.43293811591213627,0.3465439204026965,0.28200784115946254,0.38460115016382845,0.2979234445545211,0.493986997867276,0.2582706247288296,0.32561685985036726,0.6544249788810619,0.5451256253933349,0.23151933928280205,0.2812103834014145,0.23324376975344863,0.48030270752192217,0.6012742469115999,0.4017510580989006,0.4914718088087836,0.38693332511338424,0.31519503384329717,0.3872073610151677,0.2721761678428477,0.40066443818103076,0.2855465962075913,0.354278738842874,0.4185042714887417,0.3654336402413027,0.22624592506809832,0.27931224857985515,0.23605883183779514,0.18489372785367125,0.2642602709610082,0.27628909946894986,0.27697597938770985,0.42186442738304325,0.21635457748635462,0.24094087718736845,0.4301934275674489,0.19761661981287473,0.29972810319114734,0.444958666640419,0.4490805170244202,0.264963966812696
0.15046274775861007,0.4569163269625607,0.11492438176490799,0.5726311814154736,0.32979389213799726,0.350063148519116,0.4198174971418768,0.28090341304814137,0.3513628271793202,0.4168816294290114,0.3198961804137094,0.5820151208487628,0.41192164137178594,0.2485084768350661,0.5245637313461796,0.08590034837622312,0.7437162931325854,0.21106603420115883,0.3362336568921229,0.22192862589061105,0.3398821311645711,0.3502680705486249,0.5837001418292134,0.7748562282131213,0.49085163396393033,0.6694258426813674,0.3859947372102349,0.4035118357881853,0.0,0.250706897477498,0.567435045985669,0.4377187920044411,0.6056094223603303,0.5774452345910609,0.6359749411532005,0.6568201064331867,0.4292464505407708,0.3785845039042364,0.4672198341955215,0.5741650033010558,0.35909222258944934,0.5443542270643993,0.8853259501160471,0.6682908171265622,0.26623607435457675,0.2441946742915852,0.2202135958567058,0.49220591117826035,0.7565124587541817,0.4227359738722489,0.5134787368144859,0.5217106725980127,0.5427793912900692,0.4680959883448432,0.276720546859896,0.4078547249073987,0.3364259402706047,0.40364346123075295,0.5013217180044602,0.415401450494565,0.26570760452076997,0.30532053607813586,0.3267150801742133,0.22153627910603008,0.08201638950220455,0.31600252353948577,0.29320742543690725,0.5463851110098509,0.26046847596740325,0.2968851871670971,0.6040526491927091,0.23238414866226917,0.27974848412884445,0.4163534194036385,0.32594247025539747,0.35555141365790455
0.3703351959985872,0.3860620656170792,0.15178717889120893,0.37713924441280966,0.025106547173248672,0.14088404147861683,0.34458611795892885,0.26708557925671417,0.2650491966186818,0.2944581699075079,0.31066452076651513,0.27573160282611914,0.32674600961817213,0.26897840361292996,0.12003046368587951,0.1624897186065791,0.16809387484041513,0.13057178347795087,0.3329645058930868,0.20943450040630218,0.25016849703973426,0.17083527948507105,0.32639010481669917,0.3216501105046494,0.28603974753735983,0.14318644750488424,0.18723574344053873,0.2501445916063698,0.250706897477498,0.0,0.26361808173450096,0.3531117521216444,0.15848477099527514,0.11776971989121768,0.25674229063424686,0.07442004617415843,0.04891593130123395,0.16626569252894438,0.2002239114151727,0.32459528430645385,0.426570155839576,0.4113446592481996,0.3164112136495841,0.28106116962663014,0.3650215047350491,0.24922804897664563,0.2372515111891634,0.20619767702174005,0.09431614561311735,0.031323262525419504,0.19074060141115123,0.018086873205150622,0.15418912017918826,0.2894613645815126,0.23912562981390012,0.2375923831837468,0.35422522144994484,0.25018991149240016,0.3503375946763617,0.40746689968240046,0.39178840013097466,0.1754176713540283,0.35565954043581915,0.3035791408578759,0.37592238204439044,0.22667202061655964,0.2988831248572196,0.48528351707668194,0.287796295476355,0.29983351883699616,0.25390736285260673,0.1912616989814733,0.26950361174937637,0.4069491369481503,0.28592015685330496,0.37951455717868215
0.15729332434119112,0.48529404434644113,0.08296869687450613,0.6349878135202641,0.3712225546811165,0.4472954073193931,0.5192152979271961,0.3170921335234875,0.44257798067473025,0.4418133177126996,0.4089328418460522,0.662785555460996,0.48572118093943895,0.2583157097824982,0.5454949109445009,0.05617949460227367,0.5841418535676497,0.19685791141153938,0.3388314962707756,0.2707428411132813,0.4864410411369017,0.3260769146511756,0.45865181761529084,0.8546670119045533,0.42225101041720225,0.778515070372465,0.29349906969992295,0.36088240725086207,0.567435045985669,0.26361808173450096,0.0,0.32863182208853253,0.6621179085299425,0.5420903329939079,0.5350938326195486,0.6335605440875555,0.47318681248513805,0.3845662369797751,0.37326524880988393,0.5634822161114349,0.4276661802644083,0.5683048362397154,0.721205359803517,0.5455485023627623,0.3923987283499332,0.3087869206166415,0.16248539514347077,0.4620027255176571,0.8239807450120928,0.47703377296982497,0.5030293007942818,0.5455541000836156,0.3798655276702235,0.4498260067075639,0.22708522469346268,0.5166031508396218,0.4114748880411021,0.4238625200903531,0.5406757132211111,0.636372983320467,0.3090915512165757,0.31310809668792394,0.30166881806202156,0.2986282179195148,0.07840180177432154,0.36745437715375817,0.4229774263805447,0.5885015145310785,0.30982014496780047,0.3496508407015164,0.7097974281688866,0.2038785138532637,0.30533517032650564,0.606433935405025,0.4379321963087599,0.33414186653674405
0.12273426007479094,0.4228035574096918,0.171309477014054,0.34639273466044157,0.36715869912903026,0.3605898653140606,0.40632928962682796,0.31723123123933633,0.31825473173329516,0.4650198336156888,0.45756254956433845,0.5428659522998643,0.3371195367783194,0.2185282851605782,0.5426916807275926,0.12219440970596682,0.6365503979884449,0.2404902275469998,0.28083640128969456,0.2842755773985363,0.4642061339882675,0.265918734189159,0.5021465777617501,0.8213125425213477,0.42647794765677394,0.7045240367579437,0.3107956168665977,0.34603875444298543,0.4377187920044411,0.3531117521216444,0.32863182208853253,0.0,0.5525724484556924,0.4803512530062299,0.34842756202289166,0.4066127324335757,0.3699269859016117,0.415098732147033,0.6206095362659305,0.5114721771197284,0.23314275733395262,0.36862969400706813,0.7265319935533369,0.6230954399849753,0.11975499490048878,0.0774182854116155,0.021124979713860403,0.42557029225885845,0.6468587606656095,0.43320355582728043,0.5073183485923235,0.4343594715479359,0.41795441438420006,0.35597333885348004,0.32675962869901654,0.48130209918730693,0.3890017642157537,0.26649335664880264,0.46458397866706813,0.36285486123280386,0.2543497486274341,0.41067204838579546,0.23663520480958028,0.22264666565913932,0.12217998385572446,0.3187818778953318,0.272068586739061,0.41314240518366496,0.23408913569944018,0.47355675345564996,0.5357342790014945,0.22762168187769877,0.3237527168284679,0.5640602412321922,0.3279392520452928,0.2817491441045141
0.12427943552462303,0.6398332562727183,0.30678561854770436,0.6475785987028925,0.42951704937423585,0.5387104520332591,0.5105522744696318,0.3769568660611537,0.5293699147269133,0.5215301541741645,0.503144090863839,0.7150464333067371,0.5988583146656598,0.29360856677966696,0.6914450474755192,0.23673953677996457,0.7421572651497761,0.37098803887691434,0.521132418539956,0.4782711565766613,0.5654914289880485,0.6041821249029584,0.61467054153326,0.8672851112633385,0.6700847843008675,0.7748481772861888,0.6242612451100665,0.520429016753834,0.6056094223603303,0.15848477099527514,0.6621179085299425,0.5525724484556924,0.0,0.4868408652859894,0.6765363892432904,0.6319925843154212,0.48013036486247745,0.43331327257957075,0.5423354101002085,0.4739441774555378,0.3584139633721386,0.5632700687846867,0.8495999137918868,0.6593952888659355,0.29386137015369085,0.07106151680964745,0.22172246536562765,0.7248641877907295,0.8793328053541312,0.5153270724960103,0.7581117934497515,0.5311760155129027,0.4970073443557389,0.6155741825692185,0.2536856706693553,0.5788021665427912,0.5009221710763934,0.5026198450451507,0.6502237249566243,0.6404097096696031,0.48876242999348835,0.42557620156703113,0.4122858986248261,0.3753862470938927,0.34395968788638587,0.5466136307957501,0.6650539911440201,0.6865318740505792,0.5142605739967142,0.5953357991517978,0.7023720546500497,0.5651793384912538,0.46579048481066143,0.697620318822874,0.11874687749555457,0.5399419375847099
0.03174664951941292,0.5424845234499273,0.23843436584652694,0.517369344449698,0.3187299103196167,0.5635388985801084,0.3563839070613223,0.4033540990763077,0.4722246225684436,0.4451691439827298,0.42614131441884023,0.6005387053978952,0.44078195566425227,0.287287579452386,0.5764127213588255,0.1324940188472871,0.5863900037205777,0.17198778905647877,0.5168535457001882,0.33979578309528274,0.39130468116873784,0.4633419014925928,0.5709677034552482,0.6544793750647342,0.4112822943099135,0.6761295827386182,0.4932952703486413,0.3638529955541738,0.5774452345910609,0.11776971989121768,0.5420903329939079,0.4803512530062299,0.4868408652859894,0.0,0.5388102800785842,0.5341570984845142,0.49603998763024776,0.37863767166039874,0.42260928671302095,0.4472115610547499,0.3341734478080175,0.3543859819016885,0.6288816802006667,0.5103093703986088,0.22933670171652198,0.12861874416115854,0.04599329375602512,0.5914713709798163,0.7432088253948852,0.4164183490909738,0.6584836705650757,0.4927158519072631,0.45339156891368493,0.49235421492474457,0.28020215323798164,0.480269486022129,0.4544864745258052,0.38803477573551415,0.49805631952972834,0.5485750702430237,0.3280247630328761,0.351810415239032,0.31987948718160536,0.3356354518447517,0.1520553975911222,0.3326250858312956,0.4852152377345046,0.5800590878043399,0.3974681538235767,0.4772118555779262,0.5781184678732382,0.281105746192733,0.3478360288885475,0.5898613498484465,0.2667183715872107,0.40607863151714035
0.08584042553095572,0.669089200135388,0.1645220652432156,0.5724120869273529,0.4280036126511954,0.5817339482512878,0.3614111134428398,0.3439695701220088,0.5396075472924288,0.44233765950363996,0.5373709410723131,0.5852182285805753,0.42323736242117954,0.34407657620024434,0.624805654742421,0.18624627423062926,0.5923336259212415,0.2714215517085262,0.4883057085217861,0.5476023208969597,0.4530605319566829,0.506245076967184,0.654070054257752,0.5814116894116373,0.5222874801537772,0.620986625999439,0.5955821230713441,0.43293811591213627,0.6359749411532005,0.25674229063424686,0.5350938326195486,0.34842756202289166,0.6765363892432904,0.5388102800785842,0.0,0.5326438989695332,0.47692407792482716,0.399354989733763,0.5278798529375486,0.4668556684409259,0.37678715962643566,0.34443410044592854,0.738664341992559,0.550512018119846,0.2333939255584559,0.10820084751587261,0.09316899597076228,0.5619350522136171,0.7925017497685825,0.4535260418740699,0.6540212898596871,0.5702993103381456,0.4553380700578776,0.5501605219971745,0.35402612574076864,0.44927250252294637,0.39627704583500617,0.4259542301897955,0.5094824728452203,0.5708196045209225,0.3031618963651254,0.4795763449147996,0.30099743322003847,0.33886318665927473,0.17510800469266927,0.38335344647983793,0.5170355889680909,0.6495765610190418,0.29370094235504945,0.5166194395342398,0.519314314590346,0.40428381800385677,0.3586608003579812,0.6104574100255221,0.3062732181927545,0.3926212953332687
0.054237571163293086,0.4312964319416673,0.30107576071785835,0.3589574452328117,0.3958011249051539,0.47705561049408646,0.35383253788573005,0.34202808060535383,0.44920029381609616,0.43500491643868977,0.5235350844935066,0.5448920607843525,0.4150123946688141,0.2397627579328729,0.5260737789367074,0.12658084574308948,0.7803305047054392,0.22843104372967685,0.5111269405945297,0.4142678965018635,0.3601195142515761,0.46148308865021426,0.5245799285805963,0.7977181082219327,0.5797459046443899,0.7605535899941884,0.5249791351674549,0.3465439204026965,0.6568201064331867,0.07442004617415843,0.6335605440875555,0.4066127324335757,0.6319925843154212,0.5341570984845142,0.5326438989695332,0.0,0.5072865558975451,0.5155853527863686,0.3966021301084848,0.4391353820750691,0.358002259736487,0.5304198277780375,0.7695524920787993,0.5094901559541509,0.25967182291418583,0.2417576861047135,0.23396701677432094,0.6154539791087736,0.4926299407847423,0.28466621108118223,0.691162721890977,0.40960628615981376,0.46304903711726136,0.44356581410351054,0.3957619779723045,0.5418472800052127,0.4068331120501766,0.4214666968336225,0.4067465144030335,0.45232149496274965,0.33248996630526656,0.399427670210032,0.3058951147821295,0.42991518800203693,0.15006478840482834,0.44294311450849344,0.4266912170773426,0.5843627768504391,0.3764310797714975,0.5070665273742965,0.5794073329591719,0.34322876164526167,0.35968357280812985,0.5916310389407026,0.36010811010842103,0.4123281441386829
0.0453787220708432,0.3349293245060302,0.1925167798918942,0.3105781389300769,0.3097631201952513,0.3517948501728132,0.3809937196634029,0.2591336487096175,0.38041710791887334,0.3416751606485025,0.4722435373081508,0.38827152228861667,0.27382586427108224,0.19930248844665274,0.4346137274800027,0.07906886982412661,0.713034765010431,0.2042782495316982,0.4382308822327244,0.38442070170085363,0.39419429219648544,0.33169654887984784,0.4284532475511559,0.5772953686153434,0.40000231614455706,0.4810141455379815,0.38949173087542094,0.28200784115946254,0.4292464505407708,0.04891593130123395,0.47318681248513805,0.3699269859016117,0.48013036486247745,0.49603998763024776,0.47692407792482716,0.5072865558975451,0.0,0.4241549950856859,0.3138249690980622,0.350252404507259,0.3011281666158469,0.27046614010322007,0.7535782867900431,0.34687116577921423,0.21798145221980525,0.06719980162202116,0.0534313149585654,0.5362439608882221,0.5051498115444664,0.2852949470537402,0.510447829183483,0.37419314400263226,0.36670767806405136,0.41875776151149496,0.24424808419880972,0.5039755738007083,0.33983704535914416,0.3218085200055243,0.33248142566610345,0.4875917505830044,0.24405707840910718,0.31070428812225204,0.19704488382078714,0.3809421847338204,0.08594706684628114,0.355868746955118,0.2198013779839516,0.4475715745221889,0.3138357177884026,0.3686536830591271,0.46099919087540125,0.2053297006667018,0.2528792906044254,0.579415257846257,0.16138981442046216,0.3734723764221015
0.012125721236143028,0.5040202938157081,0.16850323170432946,0.4548397268805647,0.2808797904909093,0.3281985579936025,0.3600984185496586,0.2907923270824636,0.38731126002441957,0.27715824409747525,0.3573915755065441,0.35623629500487897,0.4103944062234564,0.2618925454190679,0.4883741894019441,0.16561545540355152,0.5030311914621791,0.09904054535015261,0.3383980064440249,0.27516684719969403,0.35952796394461184,0.34936906974914506,0.4090135870128334,0.6130798131423568,0.36643128496762456,0.553104186151645,0.33013814275186887,0.38460115016382845,0.3785845039042364,0.16626569252894438,0.3845662369797751,0.415098732147033,0.43331327257957075,0.37863767166039874,0.399354989733763,0.5155853527863686,0.4241549950856859,0.0,0.33091301664830186,0.41281463003433094,0.2592781125793504,0.2899259437710956,0.5298769707863138,0.3588950628850641,0.22955583177404107,0.029618960597756094,0.3444797207206741,0.44207366244389845,0.5460961676080258,0.33552893304758735,0.5649378256818602,0.4169684600972196,0.326308091114836,0.4616870815885255,0.2467170144670464,0.3726189941905414,0.2989706748573964,0.26121020563776887,0.3841403737127935,0.46291678193685765,0.2707485205385713,0.2908701892474261,0.26740171204306074,0.22461860831291525,0.16262365515554322,0.2988214057489943,0.37897244427345517,0.48830236451649395,0.4033252963287835,0.2853506463463078,0.5081276451345421,0.21832861168866266,0.23500217281957209,0.40212267419461556,0.16160577312243174,0.3505583120972528
0.09787880143934405,0.4859246973419695,0.06924674256524493,0.3591338017686256,0.31924878282400304,0.32379451546363713,0.3518633019056983,0.30627715291943786,0.25220580249339414,0.35085256864627745,0.4023309930848653,0.44901702844907104,0.3137889736748181,0.12961492178689316,0.45623282246291685,0.027810552526617127,0.5330321617985153,0.16117027581537538,0.1781366534399757,0.13382907810154804,0.4660636025043723,0.27160071498242233,0.4474616389448379,0.7055804300123601,0.4694028344982966,0.5872935452657909,0.26975320429002103,0.2979234445545211,0.4672198341955215,0.2002239114151727,0.37326524880988393,0.6206095362659305,0.5423354101002085,0.42260928671302095,0.5278798529375486,0.3966021301084848,0.3138249690980622,0.33091301664830186,0.0,0.3201457664036139,0.15457934645538568,0.20141307629079666,0.5905559651870336,0.6127899280219324,0.09133447356342839,0.058359094841535675,0.30689962378390023,0.4879089630527097,0.650855769168911,0.3474225651237767,0.4943433368265716,0.3815263492378054,0.43437954620719116,0.3697167298398952,0.159126427897485,0.4195903637295918,0.3234551366526336,0.3554022346273583,0.40853921628788237,0.4061514419944689,0.2587316638688617,0.21795294643830565,0.234324309301126,0.18770981535080494,0.21075953256678864,0.395393181985706,0.31052864741715935,0.4745316870052958,0.23314600825803206,0.3554035208487575,0.5258444242709399,0.26217996276011657,0.26199686290041974,0.5845997624122671,0.07484751393972414,0.2967708003365417
0.051721910657265946,0.502358987142734,0.231592966939962,0.4792216182205772,0.4067249802566173,0.5464048211224745,0.5338118839774212,0.3710456641594415,0.49495661498250787,0.5039404618372705,0.4720731993551832,0.6277688920489141,0.6144241949427014,0.19464249702211125,0.7153297447326822,0.23087923350799058,0.6283941547842784,0.2903611348651295,0.42348213595894707,0.4422265762036069,0.4743203213795225,0.5212657488458619,0.5570536190960219,0.7359397657565327,0.44371015190154195,0.7375239364872177,0.4564508854134582,0.493986997867276,0.5741650033010558,0.32459528430645385,0.5634822161114349,0.5114721771197284,0.4739441774555378,0.4472115610547499,0.4668556684409259,0.4391353820750691,0.350252404507259,0.41281463003433094,0.3201457664036139,0.0,0.2880329464940877,0.4549269354455384,0.5569669572473088,0.5527694235801877,0.28405372153835656,0.23793836808531646,0.02869848753123,0.6295975006776978,0.7844223962158341,0.42500525446069404,0.6932601483379175,0.5412928310808239,0.453048708004273,0.4812402010572949,0.29699656593905377,0.5063023455299652,0.543049056210053,0.4355911662553471,0.43350802573652303,0.5872421615114036,0.4197025222898005,0.28539843961989664,0.34212649930582006,0.45557283710925583,0.20376405866555827,0.45523087427964287,0.4616965015887967,0.7280919276882094,0.3710774390645788,0.4433315809918462,0.5727390172587904,0.32280654287998733,0.3283979453541511,0.6171424797563778,0.10066241704283316,0.41977374129920547
0.22405499968573084,0.3690053609694023,0.1656653171221201,0.4377616032361802,0.23539265062593026,0.37612366288225374,0.25950745971474115,0.2758445203418285,0.24835822432952653,0.23925908094043835,0.28403764595046044,0.44027502106966415,0.2837144563867272,0.12373482706913466,0.5779834799410086,0.2698100262386722,0.449667477997238,0.09840178569849584,0.31934951604952533,0.2121481334267898,0.2879995075346389,0.2620893979987468,0.3918035293027348,0.4931813470758173,0.3299607497161277,0.5457129663928051,0.29789836800517117,0.2582706247288296,0.35909222258944934,0.426570155839576,0.4276661802644083,0.23314275733395262,0.3584139633721386,0.3341734478080175,0.37678715962643566,0.358002259736487,0.3011281666158469,0.2592781125793504,0.15457934645538568,0.2880329464940877,0.0,0.3532620849078476,0.4431491488333912,0.19100824484170986,0.24594187364356512,0.06473307492742109,0.3408751204337835,0.41123937050304726,0.5111028416870472,0.35430058089009664,0.4483493437938897,0.30566063319031467,0.3630604948508956,0.23900623132045062,0.18127745539587214,0.356865072420702,0.3448969942478814,0.2230669508835664,0.36369238013051386,0.4046828487563353,0.11369918787738631,0.22375989550419081,0.23466458426697107,0.1917046483235751,0.3055196365603862,0.32177176697231624,0.2507078187494019,0.4215566249004532,0.3103349738696982,0.21093485250821808,0.5516201836231461,0.13335898372527524,0.12045370615099069,0.2939114528769148,0.6024690076275674,0.2526399055901767
0.08527671873382486,0.5038527175595486,0.26858145859223576,0.534635022839323,0.31528421592218114,0.4907558027042841,0.2672286857834567,0.36164393376286635,0.4197349716548785,0.3667579824286953,0.38896028340911415,0.5785721459519257,0.38119406339460316,0.23688183478057806,0.5217203289671698,0.13594379289359643,0.49240942256200043,0.1918986498815875,0.42936940310433397,0.31255703681227925,0.48269573782478115,0.3652424625980159,0.6304682792804928,0.656726461859283,0.4150529429877048,0.6897543895568945,0.4689615178053712,0.32561685985036726,0.5443542270643993,0.4113446592481996,0.5683048362397154,0.36862969400706813,0.5632700687846867,0.3543859819016885,0.34443410044592854,0.5304198277780375,0.27046614010322007,0.2899259437710956,0.20141307629079666,0.4549269354455384,0.3532620849078476,0.0,0.6141522578198909,0.33442511103067285,0.22140287318912497,0.12345373811074706,0.06470284229263557,0.509323389207849,0.6368979838335624,0.3810270829301367,0.6431832106403235,0.39824770932509895,0.5509097016817738,0.4020457805417188,0.21265565574308365,0.48144836947065517,0.3685664928689008,0.2630787055830289,0.46343072553486364,0.4804505277953933,0.29452597720824264,0.30226421141344173,0.27431173958447774,0.29271211629741156,0.22196655868569987,0.3687908705535321,0.4923078549111106,0.6791911428780704,0.35151842542165446,0.3342346401798244,0.528322711683998,0.35509707269466423,0.22348176220352442,0.5695455344621065,0.11726082221220052,0.4501128296381755
0.1696149868311168,0.5423011519011112,0.411626136860761,0.5857468940454132,0.6195331198021057,0.6494730762788206,0.6118285389735787,0.49401368451941674,0.613435025303519,0.6584819292945234,0.6813666563471587,0.5514984128125425,0.6115174506816536,0.42179146687953195,0.6520291424080547,0.2887901054466914,0.8675603586275662,0.4955099617519853,0.6387926094870346,0.5777578601823841,0.6374741377507116,0.6127014650241884,0.7300425266014047,0.887303632539123,0.8507706656547384,0.9074031908287243,0.7491586976119939,0.6544249788810619,0.8853259501160471,0.3164112136495841,0.721205359803517,0.7265319935533369,0.8495999137918868,0.6288816802006667,0.738664341992559,0.7695524920787993,0.7535782867900431,0.5298769707863138,0.5905559651870336,0.5569669572473088,0.4431491488333912,0.6141522578198909,0.0,0.7874177023941893,0.4213992365894148,0.05436388315136892,0.07131416241629196,0.7189811985906961,0.8175695043602973,0.6049091339645601,0.8523757544432371,0.6405031920705425,0.4565604104404579,0.7676273642162932,0.43211049855296635,0.7356801274201243,0.3786101810211225,0.683612753798408,0.6462915103535904,0.6638998799721119,0.45901312511230913,0.5820529256014355,0.49237701086578695,0.5469117771794941,0.36317431055089433,0.528443343109446,0.6416411279882931,0.7560113451315766,0.6612399454699673,0.6285310872235657,0.8324649362672953,0.5275079108439582,0.55609877283502,0.9497411358332938,0.00039078622400845475,0.5542029842571782
0.2539082058153353,0.5002449168269755,0.2568783061219242,0.4161494166353019,0.47947769276856517,0.5595146694441387,0.494321164587663,0.3139729173747835,0.4095832362380054,0.3784816290345217,0.4735092202754799,0.5209773539195822,0.5390331184116336,0.3146704670306676,0.45389786220322986,0.3052030197254876,0.6068665148428594,0.42325392203296913,0.4156550139993657,0.44791978233982355,0.4980379866557244,0.5042047821256767,0.6135425637670282,0.6701345437977934,0.5576097609290952,0.7140872770982436,0.5936786768172772,0.5451256253933349,0.6682908171265622,0.28106116962663014,0.5455485023627623,0.6230954399849753,0.6593952888659355,0.5103093703986088,0.550512018119846,0.5094901559541509,0.34687116577921423,0.3588950628850641,0.6127899280219324,0.5527694235801877,0.19100824484170986,0.33442511103067285,0.7874177023941893,0.0,0.22248936778948222,0.038410703766012355,0.10633162271459762,0.5518618847981746,0.6846481884365603,0.4418553464816247,0.6143093057880771,0.5485069370968326,0.4582180276022401,0.5415300914028214,0.4131919370332984,0.5903149159376506,0.31913497083526765,0.4925958873419386,0.44430309559257825,0.5340642771136033,0.3781569297184077,0.47200771086703003,0.305039232927962,0.37016426645834427,0.3519464063302701,0.4715201407651817,0.6074428699603048,0.6762010759634476,0.3910947492408134,0.4860527689178108,0.623526011568596,0.45930556172694487,0.5730997182322644,0.7023810138777152,0.1408044494600587,0.4874798889383382
0.16393121087902365,0.36680080720050545,0.006668133285180677,0.24944660851568515,0.15253306062437244,0.2622949174980967,0.2563639956798146,0.2240367420285258,0.21650304381959656,0.2228834844495577,0.2853169576234382,0.25896325614793636,0.25027282189991074,0.17366799946556144,0.6191521404946912,0.24553974592593253,0.4178446167236616,0.03878087099191613,0.19115589677685962,0.23125357011391678,0.2175409765072435,0.20790348405656253,0.271986473463229,0.28282801295609794,0.28448994264994776,0.42188431449399477,0.24809701570763845,0.23151933928280205,0.26623607435457675,0.3650215047350491,0.3923987283499332,0.11975499490048878,0.29386137015369085,0.22933670171652198,0.2333939255584559,0.25967182291418583,0.21798145221980525,0.22955583177404107,0.09133447356342839,0.28405372153835656,0.24594187364356512,0.22140287318912497,0.4213992365894148,0.22248936778948222,0.0,0.17139716135424993,0.3332571936179436,0.2556855613815543,0.4413159182178953,0.24316004111177614,0.4154193630075629,0.31224657578473114,0.3245542757333105,0.24457877976520503,0.05548227186290561,0.3861679597377348,0.17141348128682257,0.200184009641173,0.3564583803654106,0.35651419644296506,0.06429644828703221,0.19457301737452984,0.11606698850973668,0.2733759453977568,0.025502124154272554,0.1876126097595755,0.29348826909733927,0.3245389347515194,0.11109673729438518,0.16491709763898518,0.3153924465112655,0.047545404480421105,0.10629994818942914,0.29075734911746215,0.43374455439952697,0.16288296447258513
0.17423592668555898,0.36848255887140924,0.26755266760053165,0.07891699542545966,0.3013501558671172,0.24608688523268638,0.3345979854180353,0.11821310699886581,0.3917618419954959,0.28788258695210595,0.29156522177626326,0.29518475838941893,0.2363836585007989,0.18913767945870694,0.3238647677851899,0.19882928936504024,0.20645033138932686,0.1941392777029892,0.1646071327595044,0.2620540389398822,0.23432398215275563,0.19697593002578173,0.2858815062444039,0.11836599653793944,0.18195724061963436,0.12935031574456352,0.25484266386652193,0.2812103834014145,0.2441946742915852,0.24922804897664563,0.3087869206166415,0.0774182854116155,0.07106151680964745,0.12861874416115854,0.10820084751587261,0.2417576861047135,0.06719980162202116,0.029618960597756094,0.058359094841535675,0.23793836808531646,0.06473307492742109,0.12345373811074706,0.05436388315136892,0.038410703766012355,0.17139716135424993,0.0,0.18225484395644437,0.07308097949670941,0.11613344791821162,0.23783497584905433,-0.007490867989654093,0.27137929597547034,0.08030592479459275,0.24636050644539031,0.20843806176252097,0.2136611575039636,0.2789447118375036,0.35802779263491363,0.21272018270112603,0.29957238974445605,0.13836195946251162,0.2524052218867714,0.2533445014714077,0.26045587575210066,0.2612156396374634,0.019854917814157547,0.16803547016018489,0.3086408245587818,0.1969146486710047,0.16997546225381768,0.208270312629495,0.12816339871558602,0.25657910309204013,0.1733608428316161,0.14270580381256553,0.2732630561245941
0.14304965332134248,0.2834496890535315,0.10444214604947692,0.030870929066247166,0.3326403065126759,0.3651418853894968,0.34315250152063753,0.20968686750831012,0.27569360804004944,0.20607926205444074,0.2598264970781808,0.45769790229228946,0.28458744190263846,0.2030357085333555,0.050071465377919205,0.18157731761930404,0.08421158039861165,0.2230706582264767,0.2582540053712338,0.14722271708706158,0.23148903483764893,0.23322523313188653,0.25139115881668667,0.2467691584472747,0.324909837738886,0.02496243457573194,0.1584126356654244,0.23324376975344863,0.2202135958567058,0.2372515111891634,0.16248539514347077,0.021124979713860403,0.22172246536562765,0.04599329375602512,0.09316899597076228,0.23396701677432094,0.0534313149585654,0.3444797207206741,0.30689962378390023,0.02869848753123,0.3408751204337835,0.06470284229263557,0.07131416241629196,0.10633162271459762,0.3332571936179436,0.18225484395644437,0.0,0.15545926343659672,0.2167262564317496,0.39608770071830024,0.362525229391292,0.021600995358539987,0.41051244932505004,0.3019721041583941,0.23110743288481195,0.2921547925898531,0.21739436156731856,0.2886858099883999,0.34909043693702047,0.17696091533730043,0.20321253780254708,0.09305677057193229,0.30160935264159355,0.1769864762603161,0.15172466200260185,0.29857012572877795,0.21618530709268716,0.20088712555544186,0.17049848521102057,0.26855750417527574,0.2486938373034721,0.1413849869861024,0.0997018923900112,0.22442937460883391,0.5095025468206494,0.20000894371727918
0.06552460100893867,0.5412534898327885,0.22353038204578166,0.5317683633747667,0.3997129185906289,0.486314981311062,0.4928439298138873,0.43909148723136143,0.4261472595344493,0.4482608748615017,0.42267549624610884,0.5593857159284296,0.539488332090443,0.28125829891529064,0.6005339519256698,0.1109805733395757,0.8279385500795617,0.17354753183322585,0.3710824547697992,0.25310575705063093,0.4870434942543611,0.36931431019272876,0.613471981197538,0.7531080824815953,0.45423551915529026,0.8512334409552988,0.34956090118534805,0.48030270752192217,0.49220591117826035,0.20619767702174005,0.4620027255176571,0.42557029225885845,0.7248641877907295,0.5914713709798163,0.5619350522136171,0.6154539791087736,0.5362439608882221,0.44207366244389845,0.4879089630527097,0.6295975006776978,0.41123937050304726,0.509323389207849,0.7189811985906961,0.5518618847981746,0.2556855613815543,0.07308097949670941,0.15545926343659672,0.0,0.9228495927060142,0.6148688412330219,0.45978893231091256,0.5639263042196838,0.486161834744548,0.40968692377576427,0.27378973671197293,0.4211378927223957,0.416568513809705,0.4502193085237709,0.6232526025352382,0.5213516394463431,0.30868008613965464,0.3947564294163477,0.25071866625422734,0.15873733986264948,0.15780529730620227,0.5055709339796968,0.49474103496546107,0.4870414168063669,0.3251199894808143,0.3298695555974376,0.7084738190232587,0.2288570415880378,0.28491238572771893,0.4603484804092343,0.24286731518106605,0.41101454475573507
0.2580505888459671,0.6835396927744333,0.32424760754863213,0.6860549417708117,0.5664173648688507,0.6512170758392031,0.5196798762175794,0.48171546074214205,0.5202602140833966,0.6251742432245866,0.5798462091384674,0.7851253332393628,0.5795661604575252,0.35318379155277757,0.7144517450655115,0.31565769133234917,0.6809052802077367,0.5111447420021308,0.5687553313694558,0.6243184270520239,0.7715785577931871,0.7561311825388497,0.7545165186501263,0.8853857427791295,0.8097118414753954,0.8951440121255381,0.7391603537355598,0.6012742469115999,0.7565124587541817,0.09431614561311735,0.8239807450120928,0.6468587606656095,0.8793328053541312,0.7432088253948852,0.7925017497685825,0.4926299407847423,0.5051498115444664,0.5460961676080258,0.650855769168911,0.7844223962158341,0.5111028416870472,0.6368979838335624,0.8175695043602973,0.6846481884365603,0.4413159182178953,0.11613344791821162,0.2167262564317496,0.9228495927060142,0.0,0.7060111584311378,0.7987305458002283,0.5573275455851279,0.7016023310833261,0.5736506027864765,0.43687248527985467,0.8449509235069812,0.6189547274118672,0.5074359726926271,0.6334546589893991,0.6902949059621538,0.5776974026379088,0.6650544875955757,0.5290272892169449,0.5636540285592079,0.43973133701879574,0.6247576792305702,0.6637392661370791,0.9181485122541632,0.46526351425781914,0.754221510806413,0.8138342515299727,0.6326480847927205,0.5400631690688488,0.8608014911192987,0.17199403781182965,0.6972665903446311
0.10216791474489376,0.37848187886696855,0.1953854093076655,0.4395021035421946,0.30279257125412784,0.3626047245133262,0.3431649481643456,0.21056456997868478,0.2885840045514856,0.37298513670911765,0.3678370531760443,0.5067291195292323,0.2941611997064227,0.15078879136153267,0.5479310002289463,0.0956666719756093,0.4857970327978821,0.1901476719340911,0.38485642396778286,0.24700115285826446,0.41690282999883244,0.2945556493621294,0.35142876132466117,0.7283276564769618,0.40283713221032236,0.5737610190234559,0.3606772092083177,0.4017510580989006,0.4227359738722489,0.031323262525419504,0.47703377296982497,0.43320355582728043,0.5153270724960103,0.4164183490909738,0.4535260418740699,0.28466621108118223,0.2852949470537402,0.33552893304758735,0.3474225651237767,0.42500525446069404,0.35430058089009664,0.3810270829301367,0.6049091339645601,0.4418553464816247,0.24316004111177614,0.23783497584905433,0.39608770071830024,0.6148688412330219,0.7060111584311378,0.0,0.4562450054998358,0.3349732961984365,0.41160610974941836,0.3682293238293948,0.30506914259876816,0.4592126258832585,0.36240302048478384,0.3246259022706267,0.3532960904331368,0.4703078907636478,0.34792795451752395,0.3357691370916392,0.270928913991769,0.3170662058917245,0.08349151194027468,0.42874978634531985,0.3305959681195625,0.553671911515569,0.2900418318743637,0.3272930607678321,0.47551187540200324,0.3561380873149954,0.3360782903264766,0.5840170663571037,0.06645746424571083,0.34189659144890855
0.12169134909848214,0.49742949310915663,0.16438277817180252,0.5531020634160208,0.47081836733487786,0.39738918630889386,0.49235924031582895,0.369043106912066,0.5018478002360959,0.5089114308169835,0.42371169538568343,0.5952268379188933,0.5616085757734989,0.3723320110020928,0.5549979432275942,0.08557778217803338,0.7277913170032397,0.20751782535448704,0.38101574952086736,0.3230523797886894,0.4991911581244607,0.4022096003198259,0.5404575950749264,0.8869154355715716,0.4437105784176493,0.6279697099651629,0.40856802899641964,0.4914718088087836,0.5134787368144859,0.19074060141115123,0.5030293007942818,0.5073183485923235,0.7581117934497515,0.6584836705650757,0.6540212898596871,0.691162721890977,0.510447829183483,0.5649378256818602,0.4943433368265716,0.6932601483379175,0.4483493437938897,0.6431832106403235,0.8523757544432371,0.6143093057880771,0.4154193630075629,-0.007490867989654093,0.362525229391292,0.45978893231091256,0.7987305458002283,0.4562450054998358,0.0,0.5571893826781104,0.5152346059296484,0.4432203280569532,0.3187959343967457,0.4896304044567219,0.38654374068310104,0.36373663321877264,0.5892800479921332,0.593011088440095,0.31307055878707013,0.4547304318207839,0.3345773452835342,0.2505595260426101,0.20500197964310682,0.44762579693791626,0.3958466314653575,0.5628116910109431,0.29831440635077056,0.35209963590352233,0.6969683706449361,0.33023528614579434,0.3584603796932134,0.5155756599919974,0.3297167264797447,0.4764454537578468
0.10209633023878617,0.48679707081687584,0.2290803265754498,0.43562400828644,0.3540585530640979,0.40112463007028143,0.33625270520753064,0.33280499997733703,0.38968028749595995,0.429925987452887,0.3994286594399926,0.4770166918042296,0.33459323176074507,0.22871805432684983,0.583943850146508,0.14118911028924305,0.6081633039701021,0.2754506929971906,0.3966220073156435,0.2745982108740611,0.4587757335420523,0.42990587804245317,0.4690328198364376,0.7950603078778344,0.5090915739062166,0.6979605774624826,0.43914091018115486,0.38693332511338424,0.5217106725980127,0.018086873205150622,0.5455541000836156,0.4343594715479359,0.5311760155129027,0.4927158519072631,0.5702993103381456,0.40960628615981376,0.37419314400263226,0.4169684600972196,0.3815263492378054,0.5412928310808239,0.30566063319031467,0.39824770932509895,0.6405031920705425,0.5485069370968326,0.31224657578473114,0.27137929597547034,0.021600995358539987,0.5639263042196838,0.5573275455851279,0.3349732961984365,0.5571893826781104,0.0,0.44170720731265684,0.3953633921059771,0.3657238668211147,0.5280777739190757,0.3905187942446466,0.37304950244097124,0.4413269449174495,0.4353351770289917,0.32441994073054814,0.43300003805694376,0.3068509452281196,0.2900668569989337,0.17377041837234833,0.4358247608207913,0.38398211050905207,0.6756460831156028,0.3499704555576606,0.41980498076686235,0.5272796428617396,0.3686807821089692,0.36970752862566514,0.5782373523808394,0.1709675122179939,0.4079104300171171
0.061979038077547205,0.5521773825063291,0.20075275102628515,0.48369383463838256,0.36509767212392197,0.3689994558265053,0.38642456206833264,0.3507557633486093,0.32011922522997016,0.3275906832888477,0.4063478550720531,0.4486651058429104,0.3957515066339165,0.19925261942558514,0.77256717326247,0.06862845085713176,0.5592305607354509,0.18137191534208932,0.29543754760345065,0.40545146124001746,0.3671122996803251,0.4052292174664395,0.49330480462001647,0.7199467452117359,0.4197676613607363,0.6590360084006599,0.42170906262307484,0.31519503384329717,0.5427793912900692,0.15418912017918826,0.3798655276702235,0.41795441438420006,0.4970073443557389,0.45339156891368493,0.4553380700578776,0.46304903711726136,0.36670767806405136,0.326308091114836,0.43437954620719116,0.453048708004273,0.3630604948508956,0.5509097016817738,0.4565604104404579,0.4582180276022401,0.3245542757333105,0.08030592479459275,0.41051244932505004,0.486161834744548,0.7016023310833261,0.41160610974941836,0.5152346059296484,0.44170720731265684,0.0,0.4882948212692773,0.18561433660082569,0.43557929378188287,0.3610481432510802,0.3705215681815131,0.37101042311611704,0.6277173275697874,0.27720128678728795,0.34146717492326056,0.30664502646178277,0.18771953568523583,0.12657827085241175,0.3102015804875957,0.3540648128586972,0.4724782059833723,0.30391311394307136,0.38574096982135353,0.5564248541183128,0.36211414615309284,0.24712176461500074,0.6108089428340897,0.3212723490857462,0.28306131522014044
0.03737045066918521,0.41957709290028233,0.14146969145097946,0.4328222846878284,0.3611362470354716,0.36742160951001784,0.37716214992597974,0.25359158841951446,0.3351012356281328,0.42955605931652724,0.36606238840239885,0.4508653758237917,0.43492742095791326,0.17779641013262865,0.4975432266817838,0.1039673741959066,0.6857080373729411,0.1886865843704205,0.30579115578316196,0.25065720605245656,0.3693117116241618,0.3584370309767051,0.47255817918652976,0.7603256442465536,0.431764021286594,0.6560787723554716,0.4528928128367697,0.3872073610151677,0.4680959883448432,0.2894613645815126,0.4498260067075639,0.35597333885348004,0.6155741825692185,0.49235421492474457,0.5501605219971745,0.44356581410351054,0.41875776151149496,0.4616870815885255,0.3697167298398952,0.4812402010572949,0.23900623132045062,0.4020457805417188,0.7676273642162932,0.5415300914028214,0.24457877976520503,0.24636050644539031,0.3019721041583941,0.40968692377576427,0.5736506027864765,0.3682293238293948,0.4432203280569532,0.3953633921059771,0.4882948212692773,0.0,0.3017993759513028,0.43494221711057424,0.26605690109445346,0.29456863108704845,0.45612443271131403,0.5039435904836718,0.24126194780911736,0.34439960138768205,0.24974923468688767,0.22479437013010822,0.12102240444794682,0.3454221495998118,0.3826857804666869,0.5448215344069977,0.24574783492809366,0.34925150385071024,0.49317880573524114,0.23274934923737384,0.35054365051323194,0.4587168376826076,0.28205211979358236,0.3632806534986628
0.1732944345222337,0.1896887766499142,0.07558797320321076,0.23073627686158332,0.23768349210403675,0.1617844709475102,0.3137816622795128,0.11561617586245782,0.2188454393056543,0.25370180432468026,0.30257494831159815,0.24455583384247845,0.20969302451222777,0.09219693494125397,0.31963140340047047,0.3170871104527702,0.44653575440612253,0.06590059879327642,0.2181083117657287,0.09922095914336687,0.29190501172237926,0.1324501289141192,0.21485221455608175,0.4481938388790975,0.2933685411273419,0.29806884333848677,0.1343102230427597,0.2721761678428477,0.276720546859896,0.23912562981390012,0.22708522469346268,0.32675962869901654,0.2536856706693553,0.28020215323798164,0.35402612574076864,0.3957619779723045,0.24424808419880972,0.2467170144670464,0.159126427897485,0.29699656593905377,0.18127745539587214,0.21265565574308365,0.43211049855296635,0.4131919370332984,0.05548227186290561,0.20843806176252097,0.23110743288481195,0.27378973671197293,0.43687248527985467,0.30506914259876816,0.3187959343967457,0.3657238668211147,0.18561433660082569,0.3017993759513028,0.0,0.36685184620964506,0.1540683608143963,0.24570075781865458,0.2554064642675351,0.2200405053335299,0.10683939635984593,0.19650165265311612,0.12693189541464844,0.1311942635091538,0.2768413543833085,0.2826205940750507,0.21321870545452062,0.31188407988047134,0.14884676166426192,0.17337757590473415,0.2872346472863469,0.04546753041005658,0.17030651718056794,0.2663787832706833,0.13206779630745394,0.20106045225665709
0.11474905026864031,0.5848760421295072,0.16333103386960052,0.4805107023349772,0.37147614781310784,0.4420154969506396,0.5274242607908569,0.31252214977636966,0.43796055492397135,0.43490443365188297,0.3411859335270498,0.5776853209172687,0.43202392885134694,0.2445642092693316,0.5430615123604927,0.12207100900343304,0.6189127364466933,0.23674964807788282,0.2858391621460042,0.2307184708157492,0.5166571622947465,0.3954299287916283,0.5259226257725806,0.7107873055974678,0.4958358541219704,0.6308094135316704,0.3763244397047393,0.40066443818103076,0.4078547249073987,0.2375923831837468,0.5166031508396218,0.48130209918730693,0.5788021665427912,0.480269486022129,0.44927250252294637,0.5418472800052127,0.5039755738007083,0.3726189941905414,0.4195903637295918,0.5063023455299652,0.356865072420702,0.48144836947065517,0.7356801274201243,0.5903149159376506,0.3861679597377348,0.2136611575039636,0.2921547925898531,0.4211378927223957,0.8449509235069812,0.4592126258832585,0.4896304044567219,0.5280777739190757,0.43557929378188287,0.43494221711057424,0.36685184620964506,0.0,0.33662464671437614,0.4680610214033056,0.4643390131038237,0.47330163256287633,0.3631158808823033,0.45908590057006793,0.30502662577404605,0.24535881501486145,0.1194969517789263,0.38694818076862103,0.3458846549913698,0.5518693778240137,0.2714047841219504,0.333853512965898,0.4760297625466203,0.27071550950792855,0.377285884618856,0.4950921481558768,0.2954899623942352,0.4148332952105703
0.005986360581471728,0.49960386778586213,0.042832779894375145,0.49820276957071624,0.2968587286464111,0.22825261418510942,0.363960689916622,0.21331449309158626,0.2240254940066426,0.38645289968899377,0.329557603006504,0.5411980358352897,0.3453770866031209,0.12362158430710657,0.6833289028551807,0.36805710925718893,0.4601598766775279,0.07827067665742643,0.24699397479603383,0.17330045291857477,0.34398118360957797,0.29749353897706377,0.30944253512169806,0.6058312812502937,0.3948337378514334,0.5162630877292983,0.17104782453011044,0.2855465962075913,0.3364259402706047,0.35422522144994484,0.4114748880411021,0.3890017642157537,0.5009221710763934,0.4544864745258052,0.39627704583500617,0.4068331120501766,0.33983704535914416,0.2989706748573964,0.3234551366526336,0.543049056210053,0.3448969942478814,0.3685664928689008,0.3786101810211225,0.31913497083526765,0.17141348128682257,0.2789447118375036,0.21739436156731856,0.416568513809705,0.6189547274118672,0.36240302048478384,0.38654374068310104,0.3905187942446466,0.3610481432510802,0.26605690109445346,0.1540683608143963,0.33662464671437614,0.0,0.3047393086033279,0.31095098208093463,0.31599441923129806,0.17672694045773174,0.25354134188888083,0.22041504854955743,0.05730840896065195,0.25699089156014104,0.31782599304631326,0.1884342694969136,0.41750246341296476,0.17757803683984086,0.254279584761192,0.4276261273357596,0.11829505608954816,0.17970330349662192,0.38752521694598097,0.2443064475449383,0.29099222585479767
0.015816598111656033,0.34765931351276413,0.07950098272686479,0.40644072426506783,0.310151730446548,0.2682473992063914,0.34711493771968693,0.19825213363894703,0.3330684425182197,0.3788336153047209,0.37314562529105694,0.5028662786927021,0.3658214999195729,0.1650621901503355,0.42686010539058405,0.014290940160231413,0.5433193684853657,0.1054284297885496,0.2351524856975393,0.17695614826377376,0.3924820455477158,0.2959733227983049,0.3829306337192392,0.6868057071918054,0.3691797843084279,0.48942872079099625,0.27126837269699916,0.354278738842874,0.40364346123075295,0.25018991149240016,0.4238625200903531,0.26649335664880264,0.5026198450451507,0.38803477573551415,0.4259542301897955,0.4214666968336225,0.3218085200055243,0.26121020563776887,0.3554022346273583,0.4355911662553471,0.2230669508835664,0.2630787055830289,0.683612753798408,0.4925958873419386,0.200184009641173,0.35802779263491363,0.2886858099883999,0.4502193085237709,0.5074359726926271,0.3246259022706267,0.36373663321877264,0.37304950244097124,0.3705215681815131,0.29456863108704845,0.24570075781865458,0.4680610214033056,0.3047393086033279,0.0,0.4330366718956386,0.40312936779106134,0.1790320737261882,0.29055784254812433,0.199748098971982,0.23178149498867673,0.05163072360684995,0.34883024089163506,0.27962947193628857,0.5533944218945205,0.21945886015613555,0.3031833159589866,0.4497741566604741,0.2524868298895331,0.28601577984597387,0.5126825938253845,0.2642058275228075,0.308216325718092
0.03886422388693747,0.3152568946226915,0.32003696161716744,0.4699198764138306,0.3164314971904645,0.3733772632392314,0.33352395914548155,0.2250300013422285,0.34405352753047247,0.3722434788319455,0.33976152629720796,0.43378465533673083,0.4426349091579662,0.18251922548962832,0.5691848922687387,0.060567013882568244,0.6027829905586578,0.2541001296751618,0.41799846031181165,0.2461797131514055,0.3830301282623837,0.29299832055538105,0.36222382119629803,0.7168997850735173,0.4922886320551373,0.6384378582491984,0.3746464463353656,0.4185042714887417,0.5013217180044602,0.3503375946763617,0.5406757132211111,0.46458397866706813,0.6502237249566243,0.49805631952972834,0.5094824728452203,0.4067465144030335,0.33248142566610345,0.3841403737127935,0.40853921628788237,0.43350802573652303,0.36369238013051386,0.46343072553486364,0.6462915103535904,0.44430309559257825,0.3564583803654106,0.21272018270112603,0.34909043693702047,0.6232526025352382,0.6334546589893991,0.3532960904331368,0.5892800479921332,0.4413269449174495,0.37101042311611704,0.45612443271131403,0.2554064642675351,0.4643390131038237,0.31095098208093463,0.4330366718956386,0.0,0.39769092202784545,0.2943265495475429,0.3040143461561341,0.25508695421785016,0.34257621777272507,0.06888855020794346,0.28837125774999584,0.32611046979767394,0.42750657408252807,0.34785954477416103,0.3312475073461165,0.4761455752571842,0.23705033963696398,0.27921495731925194,0.5454237893032452,0.12450978537334811,0.3616120203969932
0.028610157487802018,0.6424597542978538,0.10945451938830866,0.6291149401261663,0.327058673058395,0.5213359653444504,0.4066387289028135,0.27802266616213883,0.4616138757942154,0.49849284175020897,0.29268782830140594,0.4919740508727156,0.4065975500851339,0.18140144903294922,0.6016673808665496,0.06916842557274097,0.553151475788552,0.1760794924449385,0.2828978756692467,0.25433155094086557,0.41679738588697984,0.45635231037038854,0.4830172452569581,0.5847453933112197,0.5706786600901617,0.6390531774672804,0.35640317892721496,0.3654336402413027,0.415401450494565,0.40746689968240046,0.636372983320467,0.36285486123280386,0.6404097096696031,0.5485750702430237,0.5708196045209225,0.45232149496274965,0.4875917505830044,0.46291678193685765,0.4061514419944689,0.5872421615114036,0.4046828487563353,0.4804505277953933,0.6638998799721119,0.5340642771136033,0.35651419644296506,0.29957238974445605,0.17696091533730043,0.5213516394463431,0.6902949059621538,0.4703078907636478,0.593011088440095,0.4353351770289917,0.6277173275697874,0.5039435904836718,0.2200405053335299,0.47330163256287633,0.31599441923129806,0.40312936779106134,0.39769092202784545,0.0,0.322057027880546,0.40978329387936807,0.3651460746136512,0.2388706643279859,0.15236810331824313,0.31070634645761125,0.3909610204064925,0.552512506386097,0.19422971348617316,0.2894801541664946,0.41116908277047065,0.24495831217531341,0.2936749829872503,0.4465653843220352,0.3413845447531992,0.3826891506654345
0.09803049794111628,0.444863193470638,0.11933961536077561,0.3450430104178348,0.24871564740678703,0.2307746964032162,0.3197998943518055,0.13712532841018324,0.23431853832858276,0.2443754377956067,0.19553827808393315,0.49355085929094367,0.2834935496179602,0.1072087951468288,0.34679036820695236,0.061065178882418414,0.30667778406039586,0.13993922822259938,0.06611406433167133,0.10186156769545737,0.32688402057375626,0.15824819533173062,0.30723660769035616,0.5423549612408671,0.264676137777317,0.5481870605718218,0.1124331906841938,0.22624592506809832,0.26570760452076997,0.39178840013097466,0.3090915512165757,0.2543497486274341,0.48876242999348835,0.3280247630328761,0.3031618963651254,0.33248996630526656,0.24405707840910718,0.2707485205385713,0.2587316638688617,0.4197025222898005,0.11369918787738631,0.29452597720824264,0.45901312511230913,0.3781569297184077,0.06429644828703221,0.13836195946251162,0.20321253780254708,0.30868008613965464,0.5776974026379088,0.34792795451752395,0.31307055878707013,0.32441994073054814,0.27720128678728795,0.24126194780911736,0.10683939635984593,0.3631158808823033,0.17672694045773174,0.1790320737261882,0.2943265495475429,0.322057027880546,0.0,0.17627104100058508,0.1079283152426154,0.28686787551646875,0.18330403045627677,0.19354694512588475,0.20632893120193146,0.37285260337024995,0.0710908539870389,0.17348930306616245,0.3540918717043292,0.11610211157465156,0.14630631825642937,0.2620014859495552,0.35081310962279116,0.15034961992581594
0.04248474281590078,0.287944821934595,0.11503834997455774,0.2793278815814294,0.31032211730426645,0.2001486979655429,0.35154509012384844,0.20875734739410007,0.3392297932610988,0.3368009048416658,0.369196414856457,0.31847014782219285,0.3803049402028575,0.1096708604558202,0.32576489192431934,0.06169508661239387,0.5031003687989074,0.17992696170879838,0.2927572727480874,0.09380426789217174,0.3628912427085851,0.2072336052944254,0.35174151635531686,0.5656014947157268,0.3205157689369366,0.577373852301595,0.27422598697871164,0.27931224857985515,0.30532053607813586,0.1754176713540283,0.31310809668792394,0.41067204838579546,0.42557620156703113,0.351810415239032,0.4795763449147996,0.399427670210032,0.31070428812225204,0.2908701892474261,0.21795294643830565,0.28539843961989664,0.22375989550419081,0.30226421141344173,0.5820529256014355,0.47200771086703003,0.19457301737452984,0.2524052218867714,0.09305677057193229,0.3947564294163477,0.6650544875955757,0.3357691370916392,0.4547304318207839,0.43300003805694376,0.34146717492326056,0.34439960138768205,0.19650165265311612,0.45908590057006793,0.25354134188888083,0.29055784254812433,0.3040143461561341,0.40978329387936807,0.17627104100058508,0.0,0.18870926431033944,0.21652730803071885,0.07235958228743472,0.36366668576149436,0.29432272303500157,0.4180128476122033,0.1660127441599215,0.2797590585636798,0.46476019636636684,0.1622994893474607,0.25524523934819743,0.3070271438524095,0.3216084236818364,0.2749298872925003
0.15087050694263673,0.31657100441953606,0.288019966214572,0.2846644623394137,0.2539581903597544,0.15506524720043435,0.2341418151621911,0.14992645817339406,0.20060429063586624,0.3069932476639293,0.25031608258218374,0.42412327181626636,0.2966157275727805,0.10453961409705764,0.42228711062591684,0.25388497365951884,0.45196732197337247,0.05662116224568242,0.11260608457697582,0.1322661009341734,0.26162829947654276,0.18002807527963924,0.23766893505098485,0.4911678018028819,0.28786024966610213,0.48802005454830166,0.19077438190621906,0.23605883183779514,0.3267150801742133,0.35565954043581915,0.30166881806202156,0.23663520480958028,0.4122858986248261,0.31987948718160536,0.30099743322003847,0.3058951147821295,0.19704488382078714,0.26740171204306074,0.234324309301126,0.34212649930582006,0.23466458426697107,0.27431173958447774,0.49237701086578695,0.305039232927962,0.11606698850973668,0.2533445014714077,0.30160935264159355,0.25071866625422734,0.5290272892169449,0.270928913991769,0.3345773452835342,0.3068509452281196,0.30664502646178277,0.24974923468688767,0.12693189541464844,0.30502662577404605,0.22041504854955743,0.199748098971982,0.25508695421785016,0.3651460746136512,0.1079283152426154,0.18870926431033944,0.0,0.05636248261032609,0.3486412714029721,0.2806402201619347,0.22231404025044804,0.34132113978967166,0.17558163877823896,0.17894406279581493,0.3366153136161926,0.023811014121584595,0.10905610088562082,0.3478695150094986,0.2922969788216133,0.1688119869328427
0.1640148124362146,0.26986518038723023,0.2198473465060467,0.3644198377447425,0.2920512266191952,0.15918992384930794,0.2628598075255365,0.05681083012156243,0.20097157673637686,0.22467669246147942,0.258595701815298,0.21571356001120057,0.25761277028000934,0.11145224756433864,0.2472366740673683,0.124165873448069,0.5933019488366316,0.06425132316128937,0.11351066431948266,0.1460978238040405,0.20297316152214312,0.05036498420703406,0.13509281538082415,0.38187066566498473,0.2184956255420635,0.4039925213974325,0.08813211082666345,0.18489372785367125,0.22153627910603008,0.3035791408578759,0.2986282179195148,0.22264666565913932,0.3753862470938927,0.3356354518447517,0.33886318665927473,0.42991518800203693,0.3809421847338204,0.22461860831291525,0.18770981535080494,0.45557283710925583,0.1917046483235751,0.29271211629741156,0.5469117771794941,0.37016426645834427,0.2733759453977568,0.26045587575210066,0.1769864762603161,0.15873733986264948,0.5636540285592079,0.3170662058917245,0.2505595260426101,0.2900668569989337,0.18771953568523583,0.22479437013010822,0.1311942635091538,0.24535881501486145,0.05730840896065195,0.23178149498867673,0.34257621777272507,0.2388706643279859,0.28686787551646875,0.21652730803071885,0.05636248261032609,0.0,0.18995876386727817,0.17224409661455292,0.1737853185793973,0.18938008902425504,0.16008030382788402,0.11653211213041359,0.37198469915960497,0.26614568846361863,0.1049532804530266,0.17833826899497507,0.32503743771768545,0.16321359858333948
0.1975431636143824,9.599247240921205e-05,0.15262872305919759,0.12337977506403669,0.42276532558295454,-0.019480871329946026,0.018729239595596303,0.16463611919786847,0.12533553358382862,0.310621982378732,0.04449123870974525,0.02469770733075316,0.0319011238030687,0.19193168591039428,0.1522428683366708,0.17237416861251612,0.2898382554361971,0.22475390113918028,0.12531860852403165,0.22099277542849644,0.43184901299217515,0.11866931845957451,0.02889327167151043,0.2940840119177228,0.05736226617795831,0.2993740717027321,0.19483680505328282,0.2642602709610082,0.08201638950220455,0.37592238204439044,0.07840180177432154,0.12217998385572446,0.34395968788638587,0.1520553975911222,0.17510800469266927,0.15006478840482834,0.08594706684628114,0.16262365515554322,0.21075953256678864,0.20376405866555827,0.3055196365603862,0.22196655868569987,0.36317431055089433,0.3519464063302701,0.025502124154272554,0.2612156396374634,0.15172466200260185,0.15780529730620227,0.43973133701879574,0.08349151194027468,0.20500197964310682,0.17377041837234833,0.12657827085241175,0.12102240444794682,0.2768413543833085,0.1194969517789263,0.25699089156014104,0.05163072360684995,0.06888855020794346,0.15236810331824313,0.18330403045627677,0.07235958228743472,0.3486412714029721,0.18995876386727817,0.0,0.22894081643522676,0.17594579074830888,0.1916074850330816,0.18169974876321338,0.2788461491211138,0.09269019834112399,0.1871803548649184,0.20296897958495552,0.03428572473773467,0.4715866776885492,0.3065499470090254
0.04442776242565172,0.5232341183171065,0.07650783738134201,0.45175960830136863,0.30072023018527055,0.3361876338517877,0.43861016498879835,0.2173873679581677,0.26683661764432604,0.3686695765848966,0.26415616136983355,0.4886025210690754,0.316313135640906,0.1036573864004463,0.504446598619365,0.2626414823104844,0.5432097934839122,0.10666258322783838,0.2619610978682129,0.13257971663660728,0.309412988902421,0.2634292857182313,0.2880964047771838,0.6043002143204903,0.4238974087655668,0.5358414316861917,0.2555393193680223,0.27628909946894986,0.31600252353948577,0.22667202061655964,0.36745437715375817,0.3187818778953318,0.5466136307957501,0.3326250858312956,0.38335344647983793,0.44294311450849344,0.355868746955118,0.2988214057489943,0.395393181985706,0.45523087427964287,0.32177176697231624,0.3687908705535321,0.528443343109446,0.4715201407651817,0.1876126097595755,0.019854917814157547,0.29857012572877795,0.5055709339796968,0.6247576792305702,0.42874978634531985,0.44762579693791626,0.4358247608207913,0.3102015804875957,0.3454221495998118,0.2826205940750507,0.38694818076862103,0.31782599304631326,0.34883024089163506,0.28837125774999584,0.31070634645761125,0.19354694512588475,0.36366668576149436,0.2806402201619347,0.17224409661455292,0.22894081643522676,0.0,0.22878182374857592,0.36735911314941994,0.21511243460109278,0.26275794221525584,0.416985306556722,0.19361906592650502,0.22062939847660556,0.38721867359019857,0.37637982110846646,0.337234204610043
0.19648947125818372,0.4466415657856786,0.08757958441710234,0.32512589201073205,0.20875300489458884,0.29810467864081047,0.29957578730846296,0.18618614825408228,0.3907761340818008,0.32880240895264035,0.20907910020689457,0.4176448393526405,0.34223880863143596,0.046333897319181805,0.47445457975757815,0.16834068074866873,0.6198456333277274,0.08619136208266742,0.19959336154375704,0.1617973204970729,0.2380974361255755,0.2627295141891827,0.39909750739823324,0.6166132157976519,0.27086870176278394,0.6325493936436967,0.2777901002830347,0.27697597938770985,0.29320742543690725,0.2988831248572196,0.4229774263805447,0.272068586739061,0.6650539911440201,0.4852152377345046,0.5170355889680909,0.4266912170773426,0.2198013779839516,0.37897244427345517,0.31052864741715935,0.4616965015887967,0.2507078187494019,0.4923078549111106,0.6416411279882931,0.6074428699603048,0.29348826909733927,0.16803547016018489,0.21618530709268716,0.49474103496546107,0.6637392661370791,0.3305959681195625,0.3958466314653575,0.38398211050905207,0.3540648128586972,0.3826857804666869,0.21321870545452062,0.3458846549913698,0.1884342694969136,0.27962947193628857,0.32611046979767394,0.3909610204064925,0.20632893120193146,0.29432272303500157,0.22231404025044804,0.1737853185793973,0.17594579074830888,0.22878182374857592,0.0,0.49257844385460486,0.14752301127942036,0.2099137218670622,0.4386391454672965,0.12638887877545651,0.14226545363143678,0.3447358695218995,0.3466869079158454,0.23828926897725383
0.03535304453951493,0.8868476092432669,0.11845210604263418,0.5921476823855778,0.44635281084093015,0.5756782916883474,0.5790066540305872,0.33375031326989657,0.531910729285344,0.4360599292745253,0.3817048804716333,0.8388452630569241,0.5458144858421256,0.19139499853002817,0.7618258537145077,0.11144534912859994,0.6960665338997414,0.2627734101984366,0.32846799121224324,0.28080860300617083,0.5382168772387987,0.5538892008115717,0.670585735183332,0.8655114618465546,0.6153553953027572,0.8983850180702709,0.4759966299437883,0.42186442738304325,0.5463851110098509,0.48528351707668194,0.5885015145310785,0.41314240518366496,0.6865318740505792,0.5800590878043399,0.6495765610190418,0.5843627768504391,0.4475715745221889,0.48830236451649395,0.4745316870052958,0.7280919276882094,0.4215566249004532,0.6791911428780704,0.7560113451315766,0.6762010759634476,0.3245389347515194,0.3086408245587818,0.20088712555544186,0.4870414168063669,0.9181485122541632,0.553671911515569,0.5628116910109431,0.6756460831156028,0.4724782059833723,0.5448215344069977,0.31188407988047134,0.5518693778240137,0.41750246341296476,0.5533944218945205,0.42750657408252807,0.552512506386097,0.37285260337024995,0.4180128476122033,0.34132113978967166,0.18938008902425504,0.1916074850330816,0.36735911314941994,0.49257844385460486,0.0,0.2990067136613609,0.4206566315176543,0.6038400946717544,0.3845510242567423,0.4313172170475034,0.6704578692356549,0.6947527591781026,0.44346746032542794
0.15617338928650237,0.3333439305386562,0.05346822628495859,0.32118125036121,0.21367931285305472,0.2363810174879645,0.25762278992780707,0.18261481883985498,0.21952999576959187,0.28746920219696426,0.20695113808740226,0.2386913527716314,0.26524072359479334,0.17094593314325016,0.34928427935622314,0.19345734439818613,0.508669187543259,0.06842118873776448,0.23120493651722088,0.139319527746534,0.19725917776892057,0.15164917524650173,0.23738651571950356,0.3585499395783074,0.24314268243330836,0.38148983515585544,0.1858751797932196,0.21635457748635462,0.26046847596740325,0.287796295476355,0.30982014496780047,0.23408913569944018,0.5142605739967142,0.3974681538235767,0.29370094235504945,0.3764310797714975,0.3138357177884026,0.4033252963287835,0.23314600825803206,0.3710774390645788,0.3103349738696982,0.35151842542165446,0.6612399454699673,0.3910947492408134,0.11109673729438518,0.1969146486710047,0.17049848521102057,0.3251199894808143,0.46526351425781914,0.2900418318743637,0.29831440635077056,0.3499704555576606,0.30391311394307136,0.24574783492809366,0.14884676166426192,0.2714047841219504,0.17757803683984086,0.21945886015613555,0.34785954477416103,0.19422971348617316,0.0710908539870389,0.1660127441599215,0.17558163877823896,0.16008030382788402,0.18169974876321338,0.21511243460109278,0.14752301127942036,0.2990067136613609,0.0,0.1836860433608581,0.3146942620289842,0.19975308807935144,0.10809422583396222,0.22651634465457857,0.31846732979208686,0.20477176726309
0.041755807271513734,0.3679777822264596,0.1529442266987429,0.46452118723883296,0.2526505999937987,0.2294063308978127,0.34027458492699364,0.2093813791883105,0.26145677338820833,0.31610367703332926,0.26212414960435665,0.460060169363936,0.34052763150998533,0.09882267428193409,0.43591081230596807,0.23659992452496087,0.4434005201468897,0.04924941054555787,0.18120327051412377,0.12414354788222158,0.3532941892556275,0.19999030963718,0.3582790017219285,0.5502973787382992,0.3312523478903135,0.46693136169800803,0.20555158230917736,0.24094087718736845,0.2968851871670971,0.29983351883699616,0.3496508407015164,0.47355675345564996,0.5953357991517978,0.4772118555779262,0.5166194395342398,0.5070665273742965,0.3686536830591271,0.2853506463463078,0.3554035208487575,0.4433315809918462,0.21093485250821808,0.3342346401798244,0.6285310872235657,0.4860527689178108,0.16491709763898518,0.16997546225381768,0.26855750417527574,0.3298695555974376,0.754221510806413,0.3272930607678321,0.35209963590352233,0.41980498076686235,0.38574096982135353,0.34925150385071024,0.17337757590473415,0.333853512965898,0.254279584761192,0.3031833159589866,0.3312475073461165,0.2894801541664946,0.17348930306616245,0.2797590585636798,0.17894406279581493,0.11653211213041359,0.2788461491211138,0.26275794221525584,0.2099137218670622,0.4206566315176543,0.1836860433608581,0.0,0.3431522083044418,0.1664833015394988,0.1973108158983535,0.32713617931845435,0.2802247965436826,0.2334304054399225
0.013368644747640546,0.6969613662753604,0.18875739464478442,0.5621031324864011,0.4421352339763306,0.43259873786908787,0.48537104169200657,0.36357945461164126,0.4155655331453006,0.4791029252488497,0.4580417903292121,0.5948868720811372,0.4882662659740774,0.21950656573961697,0.5814841259353905,0.06466148677280495,0.6509600815973915,0.1809870712621679,0.40607899096405436,0.36397787186937164,0.4965553195785412,0.45986919510430047,0.4893041778643226,0.732985040858984,0.47286642551901115,0.6766914276795162,0.38802511324663436,0.4301934275674489,0.6040526491927091,0.25390736285260673,0.7097974281688866,0.5357342790014945,0.7023720546500497,0.5781184678732382,0.519314314590346,0.5794073329591719,0.46099919087540125,0.5081276451345421,0.5258444242709399,0.5727390172587904,0.5516201836231461,0.528322711683998,0.8324649362672953,0.623526011568596,0.3153924465112655,0.208270312629495,0.2486938373034721,0.7084738190232587,0.8138342515299727,0.47551187540200324,0.6969683706449361,0.5272796428617396,0.5564248541183128,0.49317880573524114,0.2872346472863469,0.4760297625466203,0.4276261273357596,0.4497741566604741,0.4761455752571842,0.41116908277047065,0.3540918717043292,0.46476019636636684,0.3366153136161926,0.37198469915960497,0.09269019834112399,0.416985306556722,0.4386391454672965,0.6038400946717544,0.3146942620289842,0.3431522083044418,0.0,0.2778224052694347,0.37232470499606773,0.5755268117782775,0.3046349721922693,0.45505430586373385
0.06851132222985862,0.2728039078374605,0.19107068955561585,0.29409460288960837,0.21921889155129365,0.16373683224784072,0.2681120782238018,0.08204932656356548,0.26250006599816855,0.14343556611673,0.22175867144794667,0.31239894914660576,0.26560620372621085,0.26218559446408846,0.32943884303483445,0.22834678473390269,0.442639401223222,0.16483595490205666,0.04917478279541235,0.04234459392754841,0.2013607582678836,0.043338837654886636,0.2295751478068891,0.5397953856010438,0.2751852799103991,0.5438832347086375,0.1412926999802738,0.19761661981287473,0.23238414866226917,0.1912616989814733,0.2038785138532637,0.22762168187769877,0.5651793384912538,0.281105746192733,0.40428381800385677,0.34322876164526167,0.2053297006667018,0.21832861168866266,0.26217996276011657,0.32280654287998733,0.13335898372527524,0.35509707269466423,0.5275079108439582,0.45930556172694487,0.047545404480421105,0.12816339871558602,0.1413849869861024,0.2288570415880378,0.6326480847927205,0.3561380873149954,0.33023528614579434,0.3686807821089692,0.36211414615309284,0.23274934923737384,0.04546753041005658,0.27071550950792855,0.11829505608954816,0.2524868298895331,0.23705033963696398,0.24495831217531341,0.11610211157465156,0.1622994893474607,0.023811014121584595,0.26614568846361863,0.1871803548649184,0.19361906592650502,0.12638887877545651,0.3845510242567423,0.19975308807935144,0.1664833015394988,0.2778224052694347,0.0,0.08526717973201856,0.19107721349362355,0.5564636788733504,0.11509230945432988
0.1545080978251953,0.27937556256065127,0.15122193698969055,0.2741922127394535,0.24573131883748878,0.21716071773065532,0.30383127621924405,0.1488521106430542,0.3103922071692308,0.26261262873222413,0.20998877797609056,0.36312671331808943,0.3118643239053576,0.09832754758461876,0.31359787901432234,0.17024059850686268,0.42527506667208564,0.16530061291615616,0.08915711613836319,0.20562540507094612,0.26558331603345503,0.14531817386730161,0.21214029759678762,0.5932758265474257,0.36093997283421725,0.4606624608175399,0.16376737379779333,0.29972810319114734,0.27974848412884445,0.26950361174937637,0.30533517032650564,0.3237527168284679,0.46579048481066143,0.3478360288885475,0.3586608003579812,0.35968357280812985,0.2528792906044254,0.23500217281957209,0.26199686290041974,0.3283979453541511,0.12045370615099069,0.22348176220352442,0.55609877283502,0.5730997182322644,0.10629994818942914,0.25657910309204013,0.0997018923900112,0.28491238572771893,0.5400631690688488,0.3360782903264766,0.3584603796932134,0.36970752862566514,0.24712176461500074,0.35054365051323194,0.17030651718056794,0.377285884618856,0.17970330349662192,0.28601577984597387,0.27921495731925194,0.2936749829872503,0.14630631825642937,0.25524523934819743,0.10905610088562082,0.1049532804530266,0.20296897958495552,0.22062939847660556,0.14226545363143678,0.4313172170475034,0.10809422583396222,0.1973108158983535,0.37232470499606773,0.08526717973201856,0.0,0.31428509739185834,0.3734215772896644,0.17074778804572535
0.22237137580522198,0.5985108158629863,0.10494243599021147,0.5239807734868521,0.3495792567435388,0.3597854392953766,0.4909752890698014,0.26907614351933523,0.4958789915378684,0.4670220356589781,0.3221704352269861,0.5735666272347193,0.45962435088347364,0.18795214384011072,0.5501172706836361,0.08867498184024766,0.5663263818442525,0.21356266275373748,0.33185096687330384,0.23905952935544583,0.4206908924460637,0.4037399546449965,0.563902541918972,0.8186748896441719,0.5964073702120832,0.750795134692738,0.43128271454705625,0.444958666640419,0.4163534194036385,0.4069491369481503,0.606433935405025,0.5640602412321922,0.697620318822874,0.5898613498484465,0.6104574100255221,0.5916310389407026,0.579415257846257,0.40212267419461556,0.5845997624122671,0.6171424797563778,0.2939114528769148,0.5695455344621065,0.9497411358332938,0.7023810138777152,0.29075734911746215,0.1733608428316161,0.22442937460883391,0.4603484804092343,0.8608014911192987,0.5840170663571037,0.5155756599919974,0.5782373523808394,0.6108089428340897,0.4587168376826076,0.2663787832706833,0.4950921481558768,0.38752521694598097,0.5126825938253845,0.5454237893032452,0.4465653843220352,0.2620014859495552,0.3070271438524095,0.3478695150094986,0.17833826899497507,0.03428572473773467,0.38721867359019857,0.3447358695218995,0.6704578692356549,0.22651634465457857,0.32713617931845435,0.5755268117782775,0.19107721349362355,0.31428509739185834,0.0,0.38505386944730946,0.3257165338387299
0.16352761529183593,0.296854885044205,0.1670355481687214,0.06895093958894205,0.20697731740446512,0.3740603615788373,0.1735418601619408,0.367640092290137,0.314427980736738,0.12878442191629555,0.1467176837033311,0.26160297055242204,0.2719943626950689,0.43604727070236204,0.28085904965461456,0.3471135716927641,0.36354726389206476,0.6039173078681179,0.09920724054576596,0.34315015056046816,0.3770734385457042,0.34054143624080196,0.3892921827247967,0.45347661240212317,0.2583103725251304,0.3800834196890137,0.2976410916444717,0.4490805170244202,0.32594247025539747,0.28592015685330496,0.4379321963087599,0.3279392520452928,0.11874687749555457,0.2667183715872107,0.3062732181927545,0.36010811010842103,0.16138981442046216,0.16160577312243174,0.07484751393972414,0.10066241704283316,0.6024690076275674,0.11726082221220052,0.00039078622400845475,0.1408044494600587,0.43374455439952697,0.14270580381256553,0.5095025468206494,0.24286731518106605,0.17199403781182965,0.06645746424571083,0.3297167264797447,0.1709675122179939,0.3212723490857462,0.28205211979358236,0.13206779630745394,0.2954899623942352,0.2443064475449383,0.2642058275228075,0.12450978537334811,0.3413845447531992,0.35081310962279116,0.3216084236818364,0.2922969788216133,0.32503743771768545,0.4715866776885492,0.37637982110846646,0.3466869079158454,0.6947527591781026,0.31846732979208686,0.2802247965436826,0.3046349721922693,0.5564636788733504,0.3734215772896644,0.38505386944730946,0.0,0.6583682509420565
0.1826577179981838,0.44967654648939304,0.08891430190629354,0.4328411746626075,0.3068977820607401,0.32535103140620203,0.3899513016634193,0.21720067950287206,0.3150768906081401,0.3678571096594836,0.26181878965627725,0.4674613121968746,0.3876461751733549,0.12248300734334217,0.578812971958678,0.16887702107369948,0.48721258019154323,0.084555414110048,0.2882688836105145,0.16873967162016695,0.3854617058434849,0.24295672643942873,0.31390037014789124,0.6327270155164044,0.3271862384125053,0.6103140282946438,0.2939729172781137,0.264963966812696,0.35555141365790455,0.37951455717868215,0.33414186653674405,0.2817491441045141,0.5399419375847099,0.40607863151714035,0.3926212953332687,0.4123281441386829,0.3734723764221015,0.3505583120972528,0.2967708003365417,0.41977374129920547,0.2526399055901767,0.4501128296381755,0.5542029842571782,0.4874798889383382,0.16288296447258513,0.2732630561245941,0.20000894371727918,0.41101454475573507,0.6972665903446311,0.34189659144890855,0.4764454537578468,0.4079104300171171,0.28306131522014044,0.3632806534986628,0.20106045225665709,0.4148332952105703,0.29099222585479767,0.308216325718092,0.3616120203969932,0.3826891506654345,0.15034961992581594,0.2749298872925003,0.1688119869328427,0.16321359858333948,0.3065499470090254,0.337234204610043,0.23828926897725383,0.44346746032542794,0.20477176726309,0.2334304054399225,0.45505430586373385,0.11509230945432988,0.17074778804572535,0.3257165338387299,0.6583682509420565,0.0
