0.0,0.20504809965107668,0.14723587405590613,0.4105484364589084,0.2936285774523405,0.1866347397294127,0.30152018751932413,0.2856461190039674,0.18289849140417272,0.17226801875753173,0.15486021570691,0.2859056686492175,0.217443313284343,0.367690677658792,0.10020257261587082,0.13655977455839383,0.09375139471850538,0.06014229476720499,0.17585204063333304,0.2473839627568958,0.16305626791925013,0.07802857926693949,0.11387434397681641,0.19263734578345237,0.0691204512733477,0.08391618817908689,0.15847906437248038,0.14974859593801892,0.16495002090064181,0.24611575751502635,0.30276803824888937,0.3164841601013075,0.30082487706255434,0.32900089678308636,0.31024069468794574,0.2892749303987384,0.3356781201276837,0.3158701182679254,0.4006197740381908,0.4211860137181376,0.3166222519458334,0.3475491883066631,0.14659830628351578,0.2642005241092878,0.2795591475770217,0.09165596285002245,0.11704617340121454,0.17268382264943127,0.2752866622747336,0.23757637129258322,0.15271425085350676,0.3058783168191147,0.16397769984204547,0.15320908431734492,0.13128412429915337,0.06348159454368185,0.25507391056501993,0.12252001402757179,0.1395197844087387,0.15972827203520606,0.13893763010991456,0.41816453163163425,0.09934120047581085,0.04427093652790973,0.12345658959349515,0.33228517176816147,0.17142799526500485,0.12403519639326735,0.33680519675001286,0.09578113123254499,0.15909711773088187,0.12542454118438,0.056697657333577595,0.0840288044598767,0.1840245671427683,0.24115103545336564
0.20504809965107668,0.0,0.16619721990247077,0.311108292804624,0.10925955110684682,0.2886875576986409,0.144890058300309,0.28734946582674153,0.0670464751953006,-0.007105376671106833,0.3012549664921615,0.24978782273306846,0.05283894558810587,0.1062344598837637,0.16462340655723248,0.17979598133242092,0.19156318318490104,0.17150217035797488,0.19055245516660135,0.2234932295566835,0.16529469475856678,0.15045614739347937,0.12435898017946548,0.20935357554615905,0.19478750583563384,0.2187503796974382,0.1842755454039697,0.17566318387817023,0.1216256043784389,0.24712316209426127,0.2739655846185574,0.05789865743861017,0.18181749727344038,0.14881651933418846,0.1748814926937899,0.21674268221259976,0.2416778139222347,0.17555192693219301,0.15273611741323415,0.3007641606448624,0.10921536661490572,0.1681613704622123,0.19004955266032236,0.04107776414039488,0.25899970075835577,0.3806882137347313,0.23036398999757446,0.15329939246232022,0.05596391438857229,0.10308237596078068,0.2100986017551406,0.09128373301057935,0.02582183027090873,0.015069672887220331,0.05753732394518246,0.22313376266462775,0.40287802508127313,0.30089778477858686,0.20098139064190818,0.32155547038363097,0.3025074972938205,0.2851619085743322,-0.0005848065333422525,0.3001204866083264,0.14348374641610584,0.043844335155786396,0.15656104432707788,0.23114142401996826,0.20915795042233554,0.28238700827904023,0.3498464634340994,0.15325693521971243,0.29222131267930823,0.10202358959736446,0.3109021342168544,0.24340748180510363
0.14723587405590613,0.16619721990247077,0.0,0.4669237080908353,0.1888986334653452,0.059014663596455796,0.2832087359913635,0.3687526439649364,0.1317051454721977,0.11215557652215448,0.10269062172807086,0.21704650434053036,0.17609084915119005,0.3666032147400968,0.15947969563653713,0.10462533952767838,0.14028952144258292,0.11990045337193019,0.09714198502679813,0.11218021144516613,0.0728382174669821,0.08923185041034454,0.14945432356682595,0.08795194328891381,0.07636955200581219,0.11534030170168516,0.14970814656629208,0.08682538740289691,0.10318640223191443,0.10659856763891037,0.13114354274815776,0.21637700023334483,0.3007056896031446,0.3646624726779905,0.2724122414611141,0.3642108746337559,0.3007104379378843,0.29916468345122593,0.3702781709117559,0.4642646813913136,0.3141274802592072,0.3357873603711521,0.16090959076261285,0.2806048175673378,0.24316543157592874,0.32013953618107127,0.12275992305515959,0.1360223486867263,0.2376133882952821,0.31938335952502445,0.14506419013364574,0.27862645640576444,0.11903000322199948,0.18923009076195954,0.13938041388417138,0.11923534088889526,0.12916122425984616,0.10557693545380117,0.2622314911622192,0.22358978921558464,0.10634569413686187,0.3250606065119873,0.05722955530849802,0.1195127109306096,0.25579508699139253,0.20317891061131657,0.06939195882194586,0.0669840567651851,0.20160676220157034,0.043529352172329644,0.10929001885397344,0.18929234220657637,0.13846623235860755,0.11825467282146265,0.05148828629832661,0.08691081507316142
0.4105484364589084,0.311108292804624,0.4669237080908353,0.0,0.6713759244720383,0.5735752616626928,0.7509213802823678,0.8133164336642915,0.5704437572941272,0.5781545735475107,0.5816398438501532,0.7437352506803362,0.5961448684097878,0.6712824651283462,0.009548359422694441,-0.005007866643333525,0.5278562143124876,0.48125046896822554,0.30672722616792775,0.4089469146616433,0.4543750546741252,0.1882004050198596,0.3922261184437213,0.5563695926190294,0.4502691747216481,0.5211754522559602,0.45338410678847635,0.5700953241619754,0.21798659832360032,0.6213441336769621,0.7357287985024036,0.4912470867385992,0.7003998218585624,0.6272319031054859,0.6352932936050519,0.653747603625274,0.5779499270027614,0.6847415600776517,0.6501052276312851,0.9622807831184585,0.6466767958894797,0.6122836545278623,0.45810131098854107,0.5003636246492833,0.6295038720306594,0.3787034053404195,0.5723292430777311,0.18723228204409043,0.556681273426282,0.7742967725511563,0.145156005439199,0.593925415201956,0.45907054669401026,0.5960610366737058,0.5403964973248464,0.5000981833222163,0.7013728456797724,0.48031905431066363,0.5890242699183077,0.1869614575752212,0.3537238014618756,0.8972817950647891,0.5217557040004659,0.43544393237127005,0.2739361411508721,0.7319338779847835,0.22994854606879686,0.2470690153586728,0.7200379058177547,0.5880427445077246,0.5790002020444369,0.18061501297071683,0.5260804886090878,0.23168596754406745,0.7095402364868906,0.5775226693864869
0.2936285774523405,0.10925955110684682,0.1888986334653452,0.6713759244720383,0.0,0.3957861998952964,0.4944744553174431,0.45248555755562386,0.4678723987786517,0.4591750444611986,0.3011134953645665,0.4480843208844072,0.3692552144547983,0.5143991362037692,0.09173772330301763,0.25205288157149164,0.38990308963468934,0.2612474348800431,0.19346407131942106,0.11615190366390453,0.19447391230536912,0.1399901865390858,0.11857929907297643,0.17981735783484298,0.3724053460454527,0.23427483424884896,0.261755783851593,0.3576847047776505,0.06537649220106065,0.40182861770468387,0.36513506696101017,0.41818332909128336,0.4706509579576158,0.4363935876924177,0.46738970026695614,0.5381092511529857,0.5234006268861198,0.5114452351993182,0.563266970701357,0.7582428009582011,0.40198425059753085,0.5471301449699021,0.373503441056776,0.39453211633757224,0.639189841310279,0.3566397382077035,0.33318787785369874,0.05939668960153566,0.40243903756552035,0.5142274512441473,0.05570882680460171,0.38906247072449374,0.3614863506537066,0.4732437353409553,0.367076158569469,0.3289551397993103,0.37026151556438897,0.33012289902891934,0.3963543029774733,0.19728819160740135,0.07773125438330208,0.7785650042077986,0.40786180831330804,0.24807231685780984,0.057574029502853674,0.4510134856572356,0.1087284577976581,-0.01290655267964158,0.4079419228345875,0.36252578642629757,0.415533423999405,0.0061447603586725075,0.27119839960195413,0.06958075908026279,0.4680297582771023,0.3040656516261171
0.1866347397294127,0.2886875576986409,0.059014663596455796,0.5735752616626928,0.3957861998952964,0.0,0.5134276311128861,0.32133134495440935,0.2871539087245387,0.32172787950266696,0.15457798814611054,0.22732020948111598,0.2844949987050911,0.4160306746747625,0.1617267734735215,0.20842497450348202,0.1717643680153415,0.1556276688410581,0.32160140372662216,0.15537648877264174,0.010905530678840758,0.20900340798197187,0.17957918367120018,0.06170292119253934,0.06306219406036251,0.07928902485399794,0.35815831363468054,0.2530261758964894,0.1742890680280078,0.04161334951716303,0.25371310696806293,0.25921793702196705,0.38991101440590303,0.49596900232988245,0.41624726588714667,0.429553431937519,0.4247644304630315,0.3964235080394586,0.5444701084576925,0.7128945396602355,0.4348057803348763,0.4984967623429473,0.14853897638430447,0.28876573172352094,0.46920664371164095,0.1896729329377696,0.07622831775035147,0.18699381042430435,0.27339509374764226,0.3899934600754464,0.21894105640580572,0.34136388892659053,0.1404420062915021,0.26864044899886325,0.2131439711314348,0.12868193631303398,0.21147157445531373,0.1576276195805685,0.19571704613420873,0.31128326409864404,0.4115382691692258,0.445095574255353,0.20400636298345157,0.15833088231666376,0.19332269958482495,0.3494281790561296,0.21350290914168463,0.2550941758172576,0.41878300828828363,0.17471744009705964,0.19818506363025862,0.15916725275726135,0.07144894437022964,0.14851122903193928,0.06439384067617993,0.23818819909812142
0.30152018751932413,0.144890058300309,0.2832087359913635,0.7509213802823678,0.4944744553174431,0.5134276311128861,0.0,0.5031060773456297,0.46767789178414315,0.49519725073234,0.4501805675630184,0.536642561869154,0.3668668815763727,0.5609422278797093,0.19374537296922448,0.2916855766737726,0.4298560354624021,0.35775222942329743,0.18077984470746192,0.27812558340551535,0.28401077678744285,0.07022611268348877,0.22344905270972218,0.2599302706622366,0.38004436306716444,0.3554092969385043,0.31988768897579883,0.4599628358442278,0.08066566639624906,0.47098258566801643,0.5605644951619141,0.43312914005611025,0.4926312975528754,0.5300591614117287,0.4177697320875948,0.5328228943769706,0.6411474696883093,0.6284991920180647,0.6255091758988018,0.9444755421067723,0.48921095838813267,0.5472262323618386,0.3424912601805936,0.41438888409175445,0.7356304791523112,0.41419381176705433,0.42133345607162603,0.11450495555054979,0.3183122010729309,0.5557948514483728,0.08011831066757391,0.40610682539413845,0.375864697597721,0.5095791335729812,0.4827276794135688,0.46580329836799295,0.45614682229823966,0.39346701477657,0.4137601524489974,0.1963652222839636,0.1412605655567712,0.9163346938572119,0.4785412227718468,0.27365666613786743,0.14573966377094358,0.6172256104532123,0.1817839903785016,0.06914025045251587,0.5852075702863695,0.46103454810373956,0.4811870832297406,0.030667262307784937,0.411953080873882,0.1292283264033473,0.5666431775289889,0.4604516238086719
0.2856461190039674,0.28734946582674153,0.3687526439649364,0.8133164336642915,0.45248555755562386,0.32133134495440935,0.5031060773456297,0.0,0.4017130671826225,0.5079150087441144,0.5753064387810033,0.5634317908885507,0.46242210238585624,0.48778315667686484,0.1282600858277714,0.22809061750440615,0.45382979606534085,0.30515093689946726,0.301551472216782,0.3945360900007492,0.29121708032639526,0.1529546573288453,0.4197507457002386,0.5353636286501398,0.33101477597315937,0.36299565862430505,0.3259832432416746,0.5115436537689071,-0.004071903782664643,0.5622529108932538,0.6662187354353484,0.44855755603870856,0.5936327810772103,0.7429535022849683,0.5583816030664828,0.5664781823268442,0.6385922933937122,0.662499831972656,0.5411999410336776,0.753825014390852,0.6110390983367058,0.5547938017794741,0.4031980257279158,0.442261416382019,0.5451704491826558,0.2707857330716163,0.29568857593844877,0.2202222103575606,0.48397117140750456,0.5021900140844607,0.21644430186293123,0.5714133866269955,0.5302432481041919,0.5433359141341718,0.4763847535570944,0.37042665986528817,0.5208390664086929,0.3411712400457092,0.3725010814036221,0.16593871591018466,0.18444779235869344,0.8145594096302993,0.44981344554765,0.30487018310137437,0.1844329781858658,0.4574898488719582,0.15655774993353586,0.2930703798346931,0.8035398192924228,0.3584857516562918,0.4673456884932059,0.22289728079323218,0.36117416421636006,0.19037509642682118,0.8046104384976647,0.4875687152329857
0.18289849140417272,0.0670464751953006,0.1317051454721977,0.5704437572941272,0.4678723987786517,0.2871539087245387,0.46767789178414315,0.4017130671826225,0.0,0.46847713672250196,0.29865969525444747,0.4140811630417017,0.42735128292857427,0.4663868657318161,0.13563696684495846,0.2899366796106729,0.43410626534260216,0.30135499282888256,0.2550810276196825,0.11586796795630347,0.10349815421891195,0.2317079747020913,0.08052740579117634,0.1867447139138396,0.2776480328732024,0.23143659824295937,0.19133307893847168,0.37277626928314606,0.1986320007747387,0.3537348892115811,0.37164648795531735,0.3972529630860007,0.4475943997874458,0.49592027283354945,0.5102772233338569,0.5372728958119694,0.526666649247119,0.49855783684459354,0.5775033935588435,0.8681381737513121,0.39143019278318125,0.6016315937803209,0.24850715647137916,0.31618203008704154,0.6187537347346086,0.3815067871377071,0.3085707652158681,0.11207179377795451,0.35660089290950264,0.4578616065575217,0.43750110959252847,0.41780963160665213,0.29732247274188384,0.3580792327968099,0.42729172901656315,0.3516379726036617,0.3460369727938045,0.37042394227960784,0.3323870499354361,0.22643130197163217,0.3732827880065931,0.7333725981930199,0.4296010471830377,0.13462580292856846,0.27813606039512767,0.464801292855229,0.04941353166464252,0.30648974596562456,0.5274101357105412,0.4185129700667288,0.37127897337708665,0.22147443200771072,0.33472300423958135,0.037821700599572516,0.46614095510176257,0.4253916246335675
0.17226801875753173,-0.007105376671106833,0.11215557652215448,0.5781545735475107,0.4591750444611986,0.32172787950266696,0.49519725073234,0.5079150087441144,0.46847713672250196,0.0,0.33313479125866824,0.40656461228695784,0.38779710423334207,0.4423599635777644,0.16523829034771126,0.36916640316649135,0.21397244057059273,0.22419131003892317,0.07742382954939514,0.09850889505547378,0.22496979569262132,0.18259301222777746,0.11230473432377247,0.19121465070600913,0.22757600834807656,0.1571549096160727,0.2206417711396001,0.3281480315482663,0.257217644221432,0.27436376223007675,0.33693384566238727,0.4352557263604312,0.42216118065081093,0.4278180061513168,0.36663597660539354,0.4957260350698624,0.40322202662330614,0.4067664178056934,0.5046991407013346,0.6824003100251359,0.34715069926260805,0.48067272933038463,0.3566259483570084,0.33970247043306057,0.5364293031172295,0.2546553443221181,0.24299343896418407,0.11535378669740082,0.38300617943584325,0.5099180846029969,0.384302541130023,0.42785207770527167,0.31062923218168603,0.4160685911715322,0.3361419163879862,0.29401692543964264,0.35666802050994817,0.31672833624701136,0.36356918254920434,0.26277672955386355,0.053832691390981735,0.5988431540212156,0.3815787097071093,0.10191356684012476,0.22592470066343529,0.442218617986389,-0.004989351880971382,0.22914572922553633,0.46372047032676667,0.3016979005257837,0.33497018724312766,0.2054658760853631,0.20661583710224576,0.016031936086251086,0.2821944519955003,0.35839930763296235
0.15486021570691,0.3012549664921615,0.10269062172807086,0.5816398438501532,0.3011134953645665,0.15457798814611054,0.4501805675630184,0.5753064387810033,0.29865969525444747,0.33313479125866824,0.0,0.4073145009215811,0.25926821741995787,0.4440912244205774,0.11807764151616922,0.18712205046407543,0.35864651784663587,0.18827884237795994,0.02389869642839393,-0.0059354444394473516,0.09813933782354181,0.07884459733889054,0.050038021644682185,0.14782291791270694,0.1273727983178832,0.07748277772837159,0.10907928629168674,0.20481030808706985,0.14148984937344727,0.26093678613882715,0.2551269726015506,0.3269868527993368,0.39805414078319623,0.3764313492096725,0.38037463973622837,0.4545639715015447,0.4863435441376719,0.428864253300196,0.5261938214608661,0.622602988474606,0.3247559553760249,0.3806165158158819,0.2036137311482688,0.33360883392879875,0.5497950856074494,0.18243916287605452,0.09230011945217886,0.07875796956930131,0.3294502234425881,0.4116385178073077,0.21804342370009444,0.29240936001068074,0.3110926059939719,0.31428334412744163,0.2721890985642625,0.14507451100110436,0.30192477996413913,0.20979824469186353,0.2249973690418082,0.10084025135597283,0.19236605365584183,0.6129760683142454,0.20703634043323454,0.05685044318425628,0.11423867941555721,0.2794734530898459,0.1759918895221412,0.1231830299810375,0.3228555242213488,0.1772082693660104,0.23560743092285175,0.17567705698925568,0.08023795346158699,0.18802594219049165,0.28617523925188204,0.17380665668832265
0.2859056686492175,0.24978782273306846,0.21704650434053036,0.7437352506803362,0.4480843208844072,0.22732020948111598,0.536642561869154,0.5634317908885507,0.4140811630417017,0.40656461228695784,0.4073145009215811,0.0,0.4323385176973092,0.5602961302914795,0.24925098402524476,0.2410703726040429,0.29547903257029545,0.22253148761396277,0.0510909519469428,0.07818680860324675,0.2628714530185548,0.28539853820530986,0.19301002746421705,0.3256695013291631,0.19020919485464877,0.2227524615944822,0.08836217444945671,0.3839015287242674,0.1751767790928904,0.3071582114435204,0.41868404288735517,0.4507950536611841,0.44171922490172394,0.5073527187371799,0.38365547987851106,0.6234563947798878,0.4698844184211608,0.49668580619875036,0.6063228906444713,0.6372922181467706,0.4729807231014588,0.518740654163397,0.38875571868771314,0.4911891638612463,0.4557727437002951,0.3200988186945899,0.25411815340905713,0.061751059910345796,0.39109628486380427,0.49504170915752854,0.2486609984095961,0.4470173818587793,0.38483781774934367,0.33207402832448063,0.3410284168611707,0.3733060355001046,0.43533521804157355,0.2947182436445495,0.4173524168655617,-0.0002216213157990865,0.09189769770693124,0.6331134678937353,0.3364591589278911,0.21398352722622266,0.24128719344148455,0.5895992147289648,0.2381339535483634,0.11105079685632169,0.4793534422826604,0.3222432613082218,0.37416144517937594,0.2004887768071492,0.2778515729006056,0.23810716876094423,0.38141437736400785,0.37365901170368676
0.217443313284343,0.05283894558810587,0.17609084915119005,0.5961448684097878,0.3692552144547983,0.2844949987050911,0.3668668815763727,0.46242210238585624,0.42735128292857427,0.38779710423334207,0.25926821741995787,0.4323385176973092,0.0,0.47370476817833623,0.18516904910486923,0.26876366972038374,0.3382581535220981,0.26436272308072273,0.06459112083137564,0.09495328921603688,0.2146504825618564,0.2077202416515605,-0.006791638184618587,0.19692408275573278,0.20656996605542,0.11868158364764739,0.19780486093841068,0.2923630451768175,0.17407716286182437,0.43852202000330853,0.36163299038418323,0.2519534062514752,0.41828302780422194,0.4010519260566558,0.28997893807882774,0.4282204861322422,0.3894960818786992,0.5334085964396106,0.45981358378083037,0.8200844280260402,0.3728728218894814,0.4682499130670654,0.20032689756095054,0.3418557329654178,0.5531110954077986,0.26644976730335096,0.25140143915363955,0.16323255135041648,0.2710959585623173,0.41396705507109877,0.36450451071151696,0.29667554018562947,0.2977066887420068,0.3771404163574666,0.3109970475556775,0.24837643564530426,0.3403051664685681,0.27872563047407917,0.36255934944861395,0.25369270912303904,0.010234442941759903,0.7274063321682009,0.35395843374916397,0.15497846982250835,0.3341549862376115,0.4421363159651931,0.025723520158572766,0.2199974609037502,0.47907792267473764,0.2984781420373841,0.3220463811838865,0.21742934504496933,0.25774008329787057,-0.03831433445742932,0.37993557866892325,0.3694820794158967
0.367690677658792,0.1062344598837637,0.3666032147400968,0.6712824651283462,0.5143991362037692,0.4160306746747625,0.5609422278797093,0.48778315667686484,0.4663868657318161,0.4423599635777644,0.4440912244205774,0.5602961302914795,0.47370476817833623,0.0,0.1339036618471903,0.1729575886153961,0.31198339399463404,0.3049482678630594,0.20955221105212052,0.20926397531802154,0.2719089256401833,0.18101632740020762,0.11410642296906515,0.35343835054905787,0.31025836127532236,0.2545557748891777,0.1861361062784809,0.41231478341892697,0.2787509506154062,0.3169668203496555,0.4607587097787356,0.4058704666577314,0.657254191321839,0.6701489052283056,0.5687056821631867,0.462530336294643,0.5251535769528624,0.5669626450233684,0.5971862654685461,0.6952152446898774,0.4718994702328152,0.563443718200942,0.3496783576345279,0.46080520296166794,0.7635462525401313,0.27780601630279833,0.3552369171075196,0.09870602256636767,0.4960502660132882,0.6106594279476609,0.07339013348679724,0.47784937518516973,0.31310721702722144,0.4776137540512011,0.3434210430381437,0.3072081222984166,0.42067008935965705,0.33432846898615787,0.43575139016548026,0.13008020433474687,0.07539866583844501,0.8258092536993941,0.3790545702675927,0.2167781615125669,0.01213625076828953,0.5504784503210339,0.051670354465702006,0.24329433921397164,0.5648987664547109,0.3964093495532476,0.3834742175339912,0.22330270538500402,0.25627297770526514,0.08147169820052083,0.4482811223121652,0.3746080084137553
0.10020257261587082,0.16462340655723248,0.15947969563653713,0.009548359422694441,0.09173772330301763,0.1617267734735215,0.19374537296922448,0.1282600858277714,0.13563696684495846,0.16523829034771126,0.11807764151616922,0.24925098402524476,0.18516904910486923,0.1339036618471903,0.0,0.25623819855562563,0.1525395912456332,0.1844615158319376,0.07194930527540358,0.05200368476125847,0.0808247425107505,0.11862801986174074,0.16476104520106305,0.13121760377937552,0.18657462775395928,0.05891548252329759,0.18444906649838877,0.1379952041031118,0.09361133039436324,0.19562728079759956,0.14924961697915684,0.10567199367789787,-0.007275248815264701,-0.0005363759638904453,0.24571033406269277,0.10858435312853915,0.12825594003342888,0.06392808856634366,0.2036796714611151,-0.013228176651630896,-0.016570798332837366,0.12859276608132827,0.2242584537159483,0.1840109950675321,0.32166874739499973,0.12953003825489612,0.13512248441663474,0.16027457771051212,0.15196471883864912,0.16295381449005925,0.14718707907057416,0.14192131362496918,0.21209707227204008,0.1473357869190898,0.15041204154585777,0.10923763977311801,0.21549415028090818,0.1091789461335983,0.23376597169719926,0.16064996677563118,0.1938928635332503,0.18364072093918737,0.15563819529964265,0.2595839444023968,0.26926603499758034,0.21082910905282082,0.17355275437701112,0.09171432712914943,0.027925750142137135,0.06304517759246653,0.08024745819101778,0.21457894868358068,0.07371445909424262,0.0766080725063702,0.2628345837973443,0.19090217658387817
0.13655977455839383,0.17979598133242092,0.10462533952767838,-0.005007866643333525,0.25205288157149164,0.20842497450348202,0.2916855766737726,0.22809061750440615,0.2899366796106729,0.36916640316649135,0.18712205046407543,0.2410703726040429,0.26876366972038374,0.1729575886153961,0.25623819855562563,0.0,0.2457927761370798,0.1546860905597672,0.23471207661154236,0.2523831175828971,0.32706888254062033,0.31147827423964897,0.20391247147877428,0.2532396315214479,0.17970078078882845,0.23183767839798847,0.19336951515268855,0.22926567900399014,0.05762726718199576,0.2037904405616231,0.3334472350245997,0.22347451001629898,0.21530837083332485,0.35893629474577615,0.2803874764676118,0.30217606892725124,0.20909016014263077,0.375578339814094,0.34655633032252403,-0.011121842464854426,0.2852898736949195,0.24025854831200608,0.24726058467337633,0.3773426167159824,-0.023755697671420772,0.11940942373303967,0.19243894663252137,0.11186438363597463,0.29427797219669394,0.21380880142539269,0.23062255939702558,0.19572467124449902,0.17516625001001504,0.3381930300323334,0.39719253388098125,0.18206097231327997,0.4150678460240966,0.2908364899970404,0.34115998972703565,0.21594321974679256,0.1835507046614187,0.00132484839911845,0.2101412399650197,0.19450442803601595,0.19830729896039373,0.18997524552537182,0.2297667798101049,0.1289789525009592,0.2600075403523854,0.1784292739745345,0.14907024964282292,0.2099592408287933,0.25265841195623356,0.20450689510589962,0.2085588824153105,0.2618031735343499
0.09375139471850538,0.19156318318490104,0.14028952144258292,0.5278562143124876,0.38990308963468934,0.1717643680153415,0.4298560354624021,0.45382979606534085,0.43410626534260216,0.21397244057059273,0.35864651784663587,0.29547903257029545,0.3382581535220981,0.31198339399463404,0.1525395912456332,0.2457927761370798,0.0,0.16947022048719873,0.10078907153884409,0.10298465120127914,0.10328751346104231,0.2982053963008253,0.06760343589138126,0.04033658848267235,0.13405128842911027,0.09815754617049963,0.20962216222903518,0.29039294566260254,0.22263640404666996,0.21365561359198834,0.2600109106956598,0.27752318050608815,0.4751354683223671,0.36825337319667006,0.3482742658930329,0.4475061854211467,0.4880882844496799,0.4365993838498178,0.4494901968384721,0.6212552344909021,0.39248115128505334,0.440950610266829,0.23801867284671163,0.33726140039094343,0.4450666411156358,0.16597563152473102,0.1846577961740823,0.14394591282603297,0.2831540719097267,0.40297579649384857,0.2821540533091105,0.3425766494970717,0.26382883198504714,0.39741966363271647,0.30070328853805917,0.17411581679503982,0.2309218109714469,0.24778439956423043,0.28247607923357887,0.18988040864039657,0.19470712172461524,0.49045654494264135,0.24687590839248888,0.017528924056736506,0.22789273498205442,0.2568100236575489,0.22883520081311923,0.11789480598545615,0.40777653636976796,0.21171612453469876,0.23707704737234794,0.2372394483753694,0.13476766922748945,0.016326868614576107,0.16916191482818296,0.21082935288818894
0.06014229476720499,0.17150217035797488,0.11990045337193019,0.48125046896822554,0.2612474348800431,0.1556276688410581,0.35775222942329743,0.30515093689946726,0.30135499282888256,0.22419131003892317,0.18827884237795994,0.22253148761396277,0.26436272308072273,0.3049482678630594,0.1844615158319376,0.1546860905597672,0.16947022048719873,0.0,0.2383293634589472,0.14755760129156642,-0.0010932616098024983,0.152846745360884,0.12288915995520176,0.030937825656525753,0.08520563270703915,0.0054905120784515815,0.17883880222406182,0.18388158954510364,0.1004893833086985,0.14876822492408803,0.16219465451206916,0.1867134650961078,0.3530099468255209,0.2413735584680553,0.2604791906367795,0.24744405898770577,0.3787424892919101,0.31740304918344114,0.3577345089257837,0.460971825050733,0.27298956800546237,0.3806021841050613,0.17557733486834898,0.2352343780156342,0.42105789842610675,0.14097124700332525,0.06599099861706467,0.11651962597121401,0.2173411099083885,0.23400111337968438,0.1839482458260957,0.26290784846979653,0.22383422140108739,0.2314967804449065,0.17509933034437763,0.04919608270800388,0.21274939240090665,0.0928921162005073,0.19391818624022805,0.34325846074975835,0.18901798677244153,0.498450461443918,0.1921879872524107,0.16960106721557566,0.286455717831065,0.19639139139479894,0.1365042492869626,0.06954594736586556,0.32203723239886073,0.11779270561961527,0.15642586038648845,0.11573322343396616,0.06267452046394756,0.20369250940385278,0.0021517092807765703,0.14070719181520566
0.17585204063333304,0.19055245516660135,0.09714198502679813,0.30672722616792775,0.19346407131942106,0.32160140372662216,0.18077984470746192,0.301551472216782,0.2550810276196825,0.07742382954939514,0.02389869642839393,0.0510909519469428,0.06459112083137564,0.20955221105212052,0.07194930527540358,0.23471207661154236,0.10078907153884409,0.2383293634589472,0.0,0.1271474354496157,0.2605714482724901,0.2554877301083722,0.14123784550949028,0.18709596085854568,0.17900125264892136,0.1907061024543898,0.26453301715103505,0.182745381774799,0.22295808441208737,0.24369748605602698,0.22545858763365476,0.15179287284400267,0.27801357326903,0.25117132573880707,0.2029345243412251,0.262436640481953,0.27726424087845225,0.19542884024191481,0.15165549909641735,0.3027006228179695,0.14737767560564208,0.1623670799636377,0.09716510953228646,0.23274034321744905,0.09479550142658538,0.2265768300115733,0.16021661671943233,0.07407486983613712,0.1405330152010248,0.22406102117066448,0.19314831950661865,0.09594521540719975,0.15115920645097375,0.0804899724084408,0.05126070669805455,0.15070180174038694,0.3379279607733808,0.26574979115569514,0.10800313536342143,0.14529758960480837,0.14043661203391777,0.2524763945876046,0.1813805742230227,0.13611674406200194,0.22038070808851168,-0.017142418309963325,0.13799784419793065,0.1901682989486072,0.2792705577341313,0.14274659177500992,0.21130204770465827,0.156858778137984,0.24624294365656454,0.22150566693904103,0.38347452320750847,0.29138168463570296
0.2473839627568958,0.2234932295566835,0.11218021144516613,0.4089469146616433,0.11615190366390453,0.15537648877264174,0.27812558340551535,0.3945360900007492,0.11586796795630347,0.09850889505547378,-0.0059354444394473516,0.07818680860324675,0.09495328921603688,0.20926397531802154,0.05200368476125847,0.2523831175828971,0.10298465120127914,0.14755760129156642,0.1271474354496157,0.0,0.18255392278181384,0.22705318332850197,0.22770112920786922,0.15942668805112747,0.2622397212859351,0.13751583234734666,0.14825166612319235,0.20254823402794453,0.18296723988892408,0.18313382897933214,0.23264122411914545,0.09715911267732719,0.2842841348888001,0.2883220267220292,0.34189202188695716,0.2645346435928474,0.33332864988839633,0.3089257583997242,0.33972801453460144,0.4987055980013637,0.1890205451872556,0.2797406478129164,0.05501128501675312,0.21141051705306682,0.36221404097756793,0.29940896831629066,0.15411892981452927,0.1383593400700894,0.12058722996482366,0.2200853593395191,0.20265031912150022,0.11220229840815907,0.05953967094537527,0.11479388271519764,0.0717960068453648,0.07360691012795655,0.15519577859741385,-0.005859330419108355,0.0712494134014145,0.1712279154353195,0.19414718195322855,0.3058427843489797,0.04887211643453418,0.02075616731338202,0.1953515579399576,0.04623397162483281,0.19788516948152163,0.08837346931342348,0.18235761053942132,0.19426197969045708,0.2684401159747608,0.13999304479398222,0.1402004649897926,0.11105429541752676,0.361210563888311,0.24948128053687144
0.16305626791925013,0.16529469475856678,0.0728382174669821,0.4543750546741252,0.19447391230536912,0.010905530678840758,0.28401077678744285,0.29121708032639526,0.10349815421891195,0.22496979569262132,0.09813933782354181,0.2628714530185548,0.2146504825618564,0.2719089256401833,0.0808247425107505,0.32706888254062033,0.10328751346104231,-0.0010932616098024983,0.2605714482724901,0.18255392278181384,0.0,0.28274673454027077,0.1135033285379917,0.10419674376639343,0.05882933359668108,-0.0283786257156472,0.1253657806271745,0.11102514681218453,0.1571717070963241,0.05026750871427277,0.23300349956431635,0.18173110136887344,0.2568165922391015,0.33326982485382894,0.30332713643693376,0.2475585230499291,0.35242049069570647,0.35474797493016963,0.35455971372850226,0.4486015261855714,0.3177628382641288,0.3083645209281658,0.14767639185806658,0.21349971767114956,0.35287404602937256,0.17352713998105282,0.04517852515844428,0.1364611949623388,0.2562491344799813,0.26660990294775766,0.1691239920093993,0.25131249775116626,0.08732956513648993,0.10197368867368989,0.09907675849689973,0.09386732245785073,0.2240338492785362,0.08345639446220643,0.16543151796462294,0.18664788311102687,0.22504740809710533,0.471646244997964,0.07636434886990093,0.2522189355437887,0.2904529475656542,0.2699147077667735,0.21528835957388145,0.20227257751365274,0.3067879885714657,0.10538648639690776,0.15183692076566865,0.3272068519213049,-0.021822636100665094,0.1974041628140667,0.12040692848425646,0.16602267195012385
0.07802857926693949,0.15045614739347937,0.08923185041034454,0.1882004050198596,0.1399901865390858,0.20900340798197187,0.07022611268348877,0.1529546573288453,0.2317079747020913,0.18259301222777746,0.07884459733889054,0.28539853820530986,0.2077202416515605,0.18101632740020762,0.11862801986174074,0.31147827423964897,0.2982053963008253,0.152846745360884,0.2554877301083722,0.22705318332850197,0.28274673454027077,0.0,0.22297647030464537,0.18864555652170695,0.3538777967875729,0.13675915180656265,0.19856696654153205,0.21171829577745277,0.1847160746371853,0.2326651482537374,0.29609312349594585,0.11981460499696141,0.03942017321614916,0.19989740825876695,-0.004763629234021127,0.1858531180363394,0.03732770931245627,0.05308569676950625,0.024191205019090944,0.2548138147445208,0.24627984506409345,0.011061274599435844,0.23504266251215666,0.27678830191355147,0.15025529634406926,0.12346540153780938,0.17094083243466857,0.1676482845436212,0.19161870003911677,0.21595779837687945,0.1949400229803649,0.21295507826499746,0.1923431502841697,0.22158454907093666,0.31476200594110976,0.11011614101194125,0.19367291524448915,0.19378021043465615,0.19219284115325747,0.16874099438961587,0.224608930860716,0.20595492135051569,0.03759918507362958,0.12816941594438525,0.21821724116780775,0.16670009964495458,0.27942155942771824,0.14367772952903485,0.22377484943897005,0.20274190962242464,0.27490052784397734,0.18144736749728407,0.16389891239483986,0.2350797760872953,0.13743469780932682,0.2833756029453101
0.11387434397681641,0.12435898017946548,0.14945432356682595,0.3922261184437213,0.11857929907297643,0.17957918367120018,0.22344905270972218,0.4197507457002386,0.08052740579117634,0.11230473432377247,0.050038021644682185,0.19301002746421705,-0.006791638184618587,0.11410642296906515,0.16476104520106305,0.20391247147877428,0.06760343589138126,0.12288915995520176,0.14123784550949028,0.22770112920786922,0.1135033285379917,0.22297647030464537,0.0,0.08133820839920652,0.2466637030330623,0.11872556868193407,0.1487796789095835,0.17311352145065378,0.15141350902424847,0.2259900244459959,0.26886049543109936,0.06578826607857935,0.17200083891429752,0.21184106522933735,0.1619131367193949,0.2131966687240321,0.2555715026046423,0.28766441263666265,0.23972496365012064,0.3200984746006159,0.2261576857911036,0.22176557369524003,0.1550036445882502,0.2776740643113374,0.31480431558549066,0.20430597759876307,0.09888242955293595,0.18943801476880961,0.16170511421720374,0.1482827965029852,0.14444575944054255,0.17114747871117558,0.14547617176925562,0.0775693824125013,0.10327895906310719,0.166010727027621,0.08563602652567179,0.1841752434983344,0.2179586030192292,0.30783743801342073,0.22862743517690026,0.38939737027163723,0.14605489219158072,0.17120433619525294,0.0576365760510891,0.07764270508101628,0.1268023226601062,0.18853866514770565,0.2865266765184062,0.11628515930898597,0.07675271089094121,0.10017892865724029,0.18390124403742716,0.14622315964893165,0.31785003383825705,0.10393452186839228
0.19263734578345237,0.20935357554615905,0.08795194328891381,0.5563695926190294,0.17981735783484298,0.06170292119253934,0.2599302706622366,0.5353636286501398,0.1867447139138396,0.19121465070600913,0.14782291791270694,0.3256695013291631,0.19692408275573278,0.35343835054905787,0.13121760377937552,0.2532396315214479,0.04033658848267235,0.030937825656525753,0.18709596085854568,0.15942668805112747,0.10419674376639343,0.18864555652170695,0.08133820839920652,0.0,0.18491349780438554,0.08023649358875723,0.1859211148126554,0.12201800695266424,0.18957535749267118,0.3660027510956669,0.3111444271667365,0.23933332796314188,0.24717517962848948,0.2994493674992966,0.19383750722378332,0.35227401713180434,0.32818070085849566,0.4548353784493721,0.3912878329598103,0.45223179559133114,0.3214872075317356,0.2764193838983091,0.146019879564464,0.24613925191794978,0.31767679699477314,0.16749273814031895,0.26776415800724374,0.10354351242936877,0.209503411510609,0.30294329665477104,0.22501908431329953,0.3949783441301586,0.29869655974734716,0.1637605965984687,0.09848705218499462,0.028273993077592374,0.2798302452678223,0.0587185353613654,0.11556706571042419,0.20286585210808,0.1982233566407564,0.49888391982763536,0.10071129359263817,0.08222549997541803,0.14460162668050808,0.33592193062671644,0.18843062274358363,0.17117882565792716,0.42025992877882196,0.08261674958959397,0.2077655738477851,0.12565371660714653,-0.00624450899396245,0.15809271011766027,0.08078592259247995,0.2580389617434115
0.0691204512733477,0.19478750583563384,0.07636955200581219,0.4502691747216481,0.3724053460454527,0.06306219406036251,0.38004436306716444,0.33101477597315937,0.2776480328732024,0.22757600834807656,0.1273727983178832,0.19020919485464877,0.20656996605542,0.31025836127532236,0.18657462775395928,0.17970078078882845,0.13405128842911027,0.08520563270703915,0.17900125264892136,0.2622397212859351,0.05882933359668108,0.3538777967875729,0.2466637030330623,0.18491349780438554,0.0,0.0074606109654504205,0.14697263260654364,0.16853587198442863,0.16683225502622928,0.15079574354316888,0.10946305558002828,0.1341816963102423,0.21354266230093227,0.17020075130477405,0.2603171870748292,0.34887714040846335,0.3096208527270102,0.2350079244787584,0.31358076900422255,0.4525456248547271,0.18608290476041664,0.2950878854580714,0.13407345893687328,0.0899999070264309,0.5323594567653626,0.08909788777138167,0.056396680135454375,0.16218545778822635,0.23246133543038394,0.3284830345291826,0.21080991984634187,0.2555022287506332,0.1207736237780282,0.19064306744286422,0.20523789161474437,0.09792760431666289,0.13468854455438659,0.09349567112106466,0.2045561204581122,0.36872442175292297,0.16733434202740624,0.4374737437702342,0.2116804455111086,0.17533253277863903,0.21883247819007118,0.267851705453251,0.10000187308163058,0.15688682377637064,0.23979283393921136,0.16349741368538478,0.13562079389716436,0.21935738663303556,0.08971304437555999,0.26207444651353307,0.10696615058290992,0.09903169963963498
0.08391618817908689,0.2187503796974382,0.11534030170168516,0.5211754522559602,0.23427483424884896,0.07928902485399794,0.3554092969385043,0.36299565862430505,0.23143659824295937,0.1571549096160727,0.07748277772837159,0.2227524615944822,0.11868158364764739,0.2545557748891777,0.05891548252329759,0.23183767839798847,0.09815754617049963,0.0054905120784515815,0.1907061024543898,0.13751583234734666,-0.0283786257156472,0.13675915180656265,0.11872556868193407,0.08023649358875723,0.0074606109654504205,0.0,0.0811328595189553,0.12199282525294647,0.1388383889897451,0.24968458370975727,0.1771764317198471,0.18042534904154486,0.21295003109409813,0.22040107485241817,0.13611935000284045,0.27746229920902005,0.27522152402623845,0.2718099803094875,0.3304703766545453,0.4915915211046379,0.20186867300586647,0.28568491856849754,0.04618434764259194,0.1605130008878714,0.3675820263633234,0.12221015397206492,-0.001745081124462089,0.13197172625248346,0.1457328925941071,0.234065171662805,0.21711031902534217,0.25379056199096606,0.16283258830477654,0.17918004258303089,0.048407544901434174,0.036757074539434276,0.14526605046894336,0.03270529337075495,0.09215482032103978,0.17845409276795546,0.24505500030722022,0.5389387588717306,0.1492170811929425,0.2453489819773828,0.26005527564204944,0.27627634064037043,0.18227227950548125,0.11449808582598206,0.37649150678391236,0.08287815414652838,0.15677232521641365,0.19927340658357823,-0.01091349336852554,0.13424187929122583,0.15511889449533647,0.17654312749170653
0.15847906437248038,0.1842755454039697,0.14970814656629208,0.45338410678847635,0.261755783851593,0.35815831363468054,0.31988768897579883,0.3259832432416746,0.19133307893847168,0.2206417711396001,0.10907928629168674,0.08836217444945671,0.19780486093841068,0.1861361062784809,0.18444906649838877,0.19336951515268855,0.20962216222903518,0.17883880222406182,0.26453301715103505,0.14825166612319235,0.1253657806271745,0.19856696654153205,0.1487796789095835,0.1859211148126554,0.14697263260654364,0.0811328595189553,0.0,0.11431265957842968,0.16814105585716616,0.12944937548749308,0.14886651153438074,0.15515057191835274,0.33495075577885086,0.2590430723415986,0.2895037101764911,0.304704209590811,0.28693490799757443,0.28285333107566324,0.38085298152661345,0.5144943707990026,0.19259224181790338,0.3500674209113058,0.22960704082779212,0.2528788051833709,0.42150044118611363,0.42359124786999236,0.02797608618364139,0.11983970850256138,0.20687878913079077,0.28338692702937984,0.12811760410507167,0.21142806486098742,0.08654355588334375,0.18953314902396892,0.09061421099444175,0.09880688955943276,0.07841330731224563,0.039723977060428184,0.023759630372085283,0.24442105731416985,0.1002895417018473,0.39227433934048783,0.0551547750383333,0.12115900283558004,0.2301905526647826,0.10381151332551528,0.19703826290159074,0.24985967145736274,0.17480278649501135,0.09276058577051063,0.08657658802605908,0.23360674076642413,0.19101288800759508,0.1592179691219487,0.23130662762327014,0.13020929748259724
0.14974859593801892,0.17566318387817023,0.08682538740289691,0.5700953241619754,0.3576847047776505,0.2530261758964894,0.4599628358442278,0.5115436537689071,0.37277626928314606,0.3281480315482663,0.20481030808706985,0.3839015287242674,0.2923630451768175,0.41231478341892697,0.1379952041031118,0.22926567900399014,0.29039294566260254,0.18388158954510364,0.182745381774799,0.20254823402794453,0.11102514681218453,0.21171829577745277,0.17311352145065378,0.12201800695266424,0.16853587198442863,0.12199282525294647,0.11431265957842968,0.0,0.1771740064048152,0.26177186804562114,0.2087614670590296,0.2980372378132226,0.38097882215367945,0.3268125168046465,0.356608411709487,0.3575413022949601,0.4009108603784647,0.4928831605130416,0.4533126578247617,0.7121258882018271,0.3640885091499577,0.44546769712232925,0.20237527770890915,0.29845949894543844,0.5308961407632958,0.2006498959200384,0.2030983282786306,0.09797845394770929,0.3256227739398375,0.5330631916843258,0.30751802674154666,0.3771251047551166,0.24805828025911783,0.3386583651346762,0.32450680305341567,0.16602992426499663,0.3029518386416383,0.2859796033442727,0.3300723584538069,0.36056059863445744,0.23794662784372392,0.5562528660399626,0.3328620869440878,0.034653842446540406,0.15910938005604677,0.39983230282382337,0.14234345181442537,0.1174460740023168,0.4013225595450308,0.24354617559378614,0.28044032733947194,0.21004509939253158,0.19815349509835867,0.22663494338734175,0.20910835462819655,0.26493119024931155
0.16495002090064181,0.1216256043784389,0.10318640223191443,0.21798659832360032,0.06537649220106065,0.1742890680280078,0.08066566639624906,-0.004071903782664643,0.1986320007747387,0.257217644221432,0.14148984937344727,0.1751767790928904,0.17407716286182437,0.2787509506154062,0.09361133039436324,0.05762726718199576,0.22263640404666996,0.1004893833086985,0.22295808441208737,0.18296723988892408,0.1571717070963241,0.1847160746371853,0.15141350902424847,0.18957535749267118,0.16683225502622928,0.1388383889897451,0.16814105585716616,0.1771740064048152,0.0,0.2725223071309202,0.19575308037993183,0.11271660153673185,0.05670656113776279,0.2734136355568447,0.08341235142242615,0.25316662980150145,0.05462950599357519,-0.00530298738281576,0.029197342877800847,0.25296037931037696,0.3397830123806607,0.09586475872835981,0.25085608464916664,0.2583812232229652,0.1854396737541434,0.27866994562293373,0.11898387514923192,0.20873493847568383,0.33960242367605,0.07446109232212875,0.1940185658360533,-0.014729860927862992,0.29023249243055804,0.2112147894405964,0.4504402900119364,0.12933591657361954,0.23265121472546757,0.1608782884066093,0.3190121505615752,0.26075696437229573,0.11377842405598834,0.12424041352012868,0.25606165045255813,0.10910771901528019,0.12517145799307372,0.11130415490667303,0.0846330046894324,0.09446808854597594,0.19950238655779964,0.18173714440321165,0.2792575617958784,0.0863701051053168,0.16302643667750924,0.1181388955375177,0.1386666971813087,0.22657032401763388
0.24611575751502635,0.24712316209426127,0.10659856763891037,0.6213441336769621,0.40182861770468387,0.04161334951716303,0.47098258566801643,0.5622529108932538,0.3537348892115811,0.27436376223007675,0.26093678613882715,0.3071582114435204,0.43852202000330853,0.3169668203496555,0.19562728079759956,0.2037904405616231,0.21365561359198834,0.14876822492408803,0.24369748605602698,0.18313382897933214,0.05026750871427277,0.2326651482537374,0.2259900244459959,0.3660027510956669,0.15079574354316888,0.24968458370975727,0.12944937548749308,0.26177186804562114,0.2725223071309202,0.0,0.17514299791163704,0.23598058493321328,0.31601252808996655,0.23618221049387284,0.307342327210122,0.45590324039715713,0.4326051313342222,0.32686592229928024,0.4778505781082958,0.5877184289265928,0.15510788864439112,0.3615189727252315,0.21286202380648842,0.26602545777450537,0.7047531678332705,0.08424217848893192,0.11166519553326468,0.1828920911187763,0.3036010888490019,0.5056992184228151,0.1563887953534468,0.29181891825246253,0.24409282739642485,0.31511751086230044,0.30254492467473915,0.24824971443539667,0.16225354337174547,0.2283683494071469,0.3488535431019329,0.24038368385641823,0.37408427290366864,0.6299032100236315,0.306719890839057,0.2292754022024129,0.2533127387033577,0.47863319392998716,0.1143882507317829,0.3731963294867762,0.21914819588801476,0.4568445171163976,0.1223382993658847,0.2118313012399868,0.19501637743569272,0.20826673655404715,0.31792158313980146,0.058347834153377576
0.30276803824888937,0.2739655846185574,0.13114354274815776,0.7357287985024036,0.36513506696101017,0.25371310696806293,0.5605644951619141,0.6662187354353484,0.37164648795531735,0.33693384566238727,0.2551269726015506,0.41868404288735517,0.36163299038418323,0.4607587097787356,0.14924961697915684,0.3334472350245997,0.2600109106956598,0.16219465451206916,0.22545858763365476,0.23264122411914545,0.23300349956431635,0.29609312349594585,0.26886049543109936,0.3111444271667365,0.10946305558002828,0.1771764317198471,0.14886651153438074,0.2087614670590296,0.19575308037993183,0.17514299791163704,0.0,0.2509533324835129,0.46902055877491183,0.4468302217759654,0.3674405298812379,0.48102760740420847,0.49091179571049026,0.44746840390041703,0.5980046893689067,0.651021416006385,0.4770687240422398,0.5078566483442837,0.1954070530367074,0.3620036581806351,0.5906900899453346,0.2971046697474793,0.11817202834111432,0.1493278809895171,0.4548009729319459,0.4785567640959423,0.28547304193144446,0.4596817285892362,0.24447538014247608,0.3371557362644777,0.2549769972229078,0.14751276135168026,0.35609403507311993,0.21593701566206255,0.3014283704189915,0.300375922958303,0.3921492483243727,0.5642680543097838,0.2597840411707582,0.1997945421679571,0.48462215930020686,0.5051450156333632,0.3157291692046424,0.20739823077143707,0.49371927476911415,0.23070435093928554,0.42391828487626215,0.18977029520234345,0.12868204742310152,0.3762870914135357,0.14294385390267553,0.24621385799400647
0.3164841601013075,0.05789865743861017,0.21637700023334483,0.4912470867385992,0.41818332909128336,0.25921793702196705,0.43312914005611025,0.44855755603870856,0.3972529630860007,0.4352557263604312,0.3269868527993368,0.4507950536611841,0.2519534062514752,0.4058704666577314,0.10567199367789787,0.22347451001629898,0.27752318050608815,0.1867134650961078,0.15179287284400267,0.09715911267732719,0.18173110136887344,0.11981460499696141,0.06578826607857935,0.23933332796314188,0.1341816963102423,0.18042534904154486,0.15515057191835274,0.2980372378132226,0.11271660153673185,0.23598058493321328,0.2509533324835129,0.0,0.4414646510047281,0.5167211193216441,0.30617200104406384,0.4247610607641876,0.44448241596997456,0.5558239332647726,0.573974572454868,0.7793379197313457,0.44532304165436915,0.47872155500021485,0.285265983699296,0.3503906528792282,0.33727327496846227,0.3106820467679664,0.20404154766465354,0.0659363997931029,0.3134603118942428,0.4562234064003022,-0.010585858660964897,0.3759123909069699,0.26159359534278853,0.279196481788519,0.4473969066967011,0.255180307364906,0.427396630898215,0.1551451882923215,0.40901898520655217,0.14818954625392627,-0.002120189064395761,0.7353713412829319,0.3195811451313407,0.12262625667046241,0.1466440143515032,0.3246490749478974,0.17764370075968608,0.16314206620250113,0.41087884046271983,0.32079002660575895,0.30414621016182686,0.103298229545286,0.19888323282477724,-0.017114520963309565,0.26000034819854184,0.2558693506236601
0.30082487706255434,0.18181749727344038,0.3007056896031446,0.7003998218585624,0.4706509579576158,0.38991101440590303,0.4926312975528754,0.5936327810772103,0.4475943997874458,0.42216118065081093,0.39805414078319623,0.44171922490172394,0.41828302780422194,0.657254191321839,-0.007275248815264701,0.21530837083332485,0.4751354683223671,0.3530099468255209,0.27801357326903,0.2842841348888001,0.2568165922391015,0.03942017321614916,0.17200083891429752,0.24717517962848948,0.21354266230093227,0.21295003109409813,0.33495075577885086,0.38097882215367945,0.05670656113776279,0.31601252808996655,0.46902055877491183,0.4414646510047281,0.0,0.49635146143457254,0.5332861900440931,0.6480367717002813,0.5596312975188695,0.4891712553687706,0.692612252422932,0.7154294280985514,0.5240707450328348,0.5872531467462017,0.4811400875633469,0.5374296537641193,0.37158701135073074,0.3395384412589627,0.43893749317793374,0.18224425962723545,0.45086109124796725,0.4904631433511357,0.14508350745423,0.40932011184391903,0.31881449106095516,0.5032587386665005,0.29657683000918145,0.2947123204616846,0.40260719988941607,0.3210423020220404,0.5462353444506718,0.039267019862101515,0.10462806762617793,0.6313746418475961,0.37016751159905004,0.32361806621281736,0.19153608674007339,0.5805927239626499,0.13483426715438512,0.07588054278873496,0.5374410578233159,0.42433036020778736,0.4328403183917263,0.12708695341829623,0.3077364763645979,0.1563144733383674,0.4610765550105047,0.4058680222234219
0.32900089678308636,0.14881651933418846,0.3646624726779905,0.6272319031054859,0.4363935876924177,0.49596900232988245,0.5300591614117287,0.7429535022849683,0.49592027283354945,0.4278180061513168,0.3764313492096725,0.5073527187371799,0.4010519260566558,0.6701489052283056,-0.0005363759638904453,0.35893629474577615,0.36825337319667006,0.2413735584680553,0.25117132573880707,0.2883220267220292,0.33326982485382894,0.19989740825876695,0.21184106522933735,0.2994493674992966,0.17020075130477405,0.22040107485241817,0.2590430723415986,0.3268125168046465,0.2734136355568447,0.23618221049387284,0.4468302217759654,0.5167211193216441,0.49635146143457254,0.0,0.5241604479260278,0.5678398663710642,0.6339463076776362,0.5254254312010344,0.7319366275199687,0.671687037919772,0.4954719229016081,0.4130908064906636,0.3485223575393843,0.5579041613602272,0.2650381212690519,0.29659512912686103,0.28735139967814305,0.16171143218330294,0.4549279724125999,0.5860443035516505,0.11128357779563791,0.4998937369329382,0.2974280045978989,0.5098037330588154,0.3058200205465693,0.29320168754469367,0.44324603262123896,0.3099891603910816,0.528063463804128,0.07903134679953039,0.07625206383764349,0.5660076360607187,0.30231730767037984,0.25794562519406444,0.08128982965737458,0.45151070024812995,0.07104920167072004,0.06164400801668135,0.4982200079277238,0.32562012111209987,0.3796740703666232,0.01248466047002611,0.2527659442572072,0.04816669144471353,0.42252454376988224,0.3397477740457314
0.31024069468794574,0.1748814926937899,0.2724122414611141,0.6352932936050519,0.46738970026695614,0.41624726588714667,0.4177697320875948,0.5583816030664828,0.5102772233338569,0.36663597660539354,0.38037463973622837,0.38365547987851106,0.28997893807882774,0.5687056821631867,0.24571033406269277,0.2803874764676118,0.3482742658930329,0.2604791906367795,0.2029345243412251,0.34189202188695716,0.30332713643693376,-0.004763629234021127,0.1619131367193949,0.19383750722378332,0.2603171870748292,0.13611935000284045,0.2895037101764911,0.356608411709487,0.08341235142242615,0.307342327210122,0.3674405298812379,0.30617200104406384,0.5332861900440931,0.5241604479260278,0.0,0.5166745075733804,0.5229305452568761,0.42173315630858993,0.67326619755969,0.66085617978352,0.4737772997032776,0.3887062073863663,0.3933950140297781,0.3844327716703394,0.3024566564238852,0.3501763487318484,0.3230298209074922,0.13574188706375856,0.3855667856665535,0.47029288744637426,0.0863536348544468,0.4522943851381695,0.2581679944701961,0.43866253941874267,0.32612178293469385,0.2589247667187561,0.37875511517451876,0.27519064999437715,0.46211931173820886,-0.018100836110612972,-0.01500378463969454,0.5847369814205108,0.28153024936592874,0.24378120911735468,0.09151348838513204,0.4690184266322658,0.11817699233435208,-0.008449105431096782,0.40739143536487127,0.30463846067519684,0.3167723183722373,0.00410094847626552,0.23266886828154842,0.051900518226647985,0.47377816601540684,0.3011604340100342
0.2892749303987384,0.21674268221259976,0.3642108746337559,0.653747603625274,0.5381092511529857,0.429553431937519,0.5328228943769706,0.5664781823268442,0.5372728958119694,0.4957260350698624,0.4545639715015447,0.6234563947798878,0.4282204861322422,0.462530336294643,0.10858435312853915,0.30217606892725124,0.4475061854211467,0.24744405898770577,0.262436640481953,0.2645346435928474,0.2475585230499291,0.1858531180363394,0.2131966687240321,0.35227401713180434,0.34887714040846335,0.27746229920902005,0.304704209590811,0.3575413022949601,0.25316662980150145,0.45590324039715713,0.48102760740420847,0.4247610607641876,0.6480367717002813,0.5678398663710642,0.5166745075733804,0.0,0.6191905575861502,0.6251534353906827,0.5873776215165272,0.6928084105141668,0.5229311451978469,0.6238032297531424,0.42178463383123405,0.4834467867724762,0.5735722625555343,0.26751187531625564,0.3170073146242603,0.1765714384985843,0.3643614327029965,0.5501173251991157,0.09472952291833092,0.40212482743257133,0.3502852007258479,0.47937007925582736,0.4985277099261811,0.4008109817234527,0.48868413834040714,0.34738223644748145,0.4685706803940408,0.11983637766488782,0.16232698738733772,0.8651135610687546,0.41962265420397993,0.31131512686318774,0.11707626596259846,0.5402827152984785,0.11099221568092124,-0.006153178241406321,0.525993725691718,0.49312864443917714,0.40926953922179393,0.03382511351260259,0.2576346911820563,0.1520849655703475,0.41350225211959624,0.33182852808485436
0.3356781201276837,0.2416778139222347,0.3007104379378843,0.5779499270027614,0.5234006268861198,0.4247644304630315,0.6411474696883093,0.6385922933937122,0.526666649247119,0.40322202662330614,0.4863435441376719,0.4698844184211608,0.3894960818786992,0.5251535769528624,0.12825594003342888,0.20909016014263077,0.4880882844496799,0.3787424892919101,0.27726424087845225,0.33332864988839633,0.35242049069570647,0.03732770931245627,0.2555715026046423,0.32818070085849566,0.3096208527270102,0.27522152402623845,0.28693490799757443,0.4009108603784647,0.05462950599357519,0.4326051313342222,0.49091179571049026,0.44448241596997456,0.5596312975188695,0.6339463076776362,0.5229305452568761,0.6191905575861502,0.0,0.6844026953947581,0.5600675150720842,0.6623790929126883,0.5758918076340991,0.4608589009010738,0.4101388780582923,0.32166774771688916,0.5089534299871062,0.35208996318415253,0.3716583191776124,0.15747170396429344,0.39951151049495637,0.5390368663915676,0.15569476419442257,0.4615800183876913,0.3766145779985703,0.49012834425436613,0.3813496946566558,0.4073341075846952,0.4740178660017448,0.2839991911601315,0.38027692190597306,0.021296147345859662,0.204623566435232,0.6824849183399451,0.3846026222726934,0.27515784175633107,0.11744172000178399,0.47862639198620394,0.07082626434464806,0.09321274702738463,0.5724313236314178,0.4360575743806438,0.42499297191758506,0.09128864074326201,0.26899884490759796,0.1363182568020636,0.5725236339283092,0.4081135532770568
0.3158701182679254,0.17555192693219301,0.29916468345122593,0.6847415600776517,0.5114452351993182,0.3964235080394586,0.6284991920180647,0.662499831972656,0.49855783684459354,0.4067664178056934,0.428864253300196,0.49668580619875036,0.5334085964396106,0.5669626450233684,0.06392808856634366,0.375578339814094,0.4365993838498178,0.31740304918344114,0.19542884024191481,0.3089257583997242,0.35474797493016963,0.05308569676950625,0.28766441263666265,0.4548353784493721,0.2350079244787584,0.2718099803094875,0.28285333107566324,0.4928831605130416,-0.00530298738281576,0.32686592229928024,0.44746840390041703,0.5558239332647726,0.4891712553687706,0.5254254312010344,0.42173315630858993,0.6251534353906827,0.6844026953947581,0.0,0.8136662625892024,0.641256268790761,0.45440238865870564,0.40952876188692877,0.3865542834431457,0.5042155477693283,0.3558697574943381,0.3267779574615342,0.24138206078876973,0.09948671275791712,0.4757599012740903,0.6371534656366697,0.19165997144064542,0.5499882771257487,0.34611558610563353,0.6067964616658557,0.4279230032634344,0.36866058840289984,0.4419529938965893,0.3444150217422995,0.47371748193048646,0.12839522232218717,0.12586389778762477,0.658278475862093,0.34401769779338665,0.2768436800126318,0.11902989689288215,0.5835662080849378,0.10365274808103073,0.14579935015210554,0.5782399346957299,0.37637056101887684,0.44709335410217926,0.1400624965072981,0.3178748728251028,0.17126172092878625,0.46961161940917084,0.4310161974601364
0.4006197740381908,0.15273611741323415,0.3702781709117559,0.6501052276312851,0.563266970701357,0.5444701084576925,0.6255091758988018,0.5411999410336776,0.5775033935588435,0.5046991407013346,0.5261938214608661,0.6063228906444713,0.45981358378083037,0.5971862654685461,0.2036796714611151,0.34655633032252403,0.4494901968384721,0.3577345089257837,0.15165549909641735,0.33972801453460144,0.35455971372850226,0.024191205019090944,0.23972496365012064,0.3912878329598103,0.31358076900422255,0.3304703766545453,0.38085298152661345,0.4533126578247617,0.029197342877800847,0.4778505781082958,0.5980046893689067,0.573974572454868,0.692612252422932,0.7319366275199687,0.67326619755969,0.5873776215165272,0.5600675150720842,0.8136662625892024,0.0,0.8236597046289177,0.7017222533222827,0.6236994650437762,0.3723431525596448,0.5043298781194534,0.7151244360015857,0.3375397334177701,0.501667174641183,0.1309786851656626,0.47957692398011914,0.5922683271181799,0.1697391262521833,0.5293383551894588,0.3357606366034633,0.4863232639975277,0.4928853624411511,0.3593777912570274,0.5646504890203552,0.4444777527373739,0.49681106001803677,0.28427214206863266,0.14140373072964138,0.8462519267191628,0.49765656493903365,0.23051731110232976,0.047841623305500486,0.5598916749545482,0.13832928964106075,0.07788763938838453,0.718629606534742,0.4575384165791728,0.5254152707831784,0.2402621338411211,0.38333040891876835,0.1822459510284945,0.5051635266979309,0.5908835627264732
0.4211860137181376,0.3007641606448624,0.4642646813913136,0.9622807831184585,0.7582428009582011,0.7128945396602355,0.9444755421067723,0.753825014390852,0.8681381737513121,0.6824003100251359,0.622602988474606,0.6372922181467706,0.8200844280260402,0.6952152446898774,-0.013228176651630896,-0.011121842464854426,0.6212552344909021,0.460971825050733,0.3027006228179695,0.4987055980013637,0.4486015261855714,0.2548138147445208,0.3200984746006159,0.45223179559133114,0.4525456248547271,0.4915915211046379,0.5144943707990026,0.7121258882018271,0.25296037931037696,0.5877184289265928,0.651021416006385,0.7793379197313457,0.7154294280985514,0.671687037919772,0.66085617978352,0.6928084105141668,0.6623790929126883,0.641256268790761,0.8236597046289177,0.0,0.5991026335551999,0.8513956945031889,0.5145523692862876,0.6699687502515457,0.6649969926597763,0.4376466493340143,0.4726092432288217,0.3391968387252011,0.6661784925357056,0.7495958826591733,0.2511959005000267,0.786079224591062,0.397479903882189,0.747428125293605,0.5891440367568015,0.5490527156689039,0.6771993822241097,0.589572238157547,0.6076581269141642,0.1385014902746112,0.2901035489098985,0.8530388499381277,0.6359664283572992,0.5574247048777482,0.33888882680665233,0.812303070194778,0.36395805514430246,0.266983692592898,0.7029520045101643,0.539576741286163,0.6134438212937215,0.17689321726679846,0.5091235327833883,0.2806729529267686,0.6210510643988345,0.5025373719882791
0.3166222519458334,0.10921536661490572,0.3141274802592072,0.6466767958894797,0.40198425059753085,0.4348057803348763,0.48921095838813267,0.6110390983367058,0.39143019278318125,0.34715069926260805,0.3247559553760249,0.4729807231014588,0.3728728218894814,0.4718994702328152,-0.016570798332837366,0.2852898736949195,0.39248115128505334,0.27298956800546237,0.14737767560564208,0.1890205451872556,0.3177628382641288,0.24627984506409345,0.2261576857911036,0.3214872075317356,0.18608290476041664,0.20186867300586647,0.19259224181790338,0.3640885091499577,0.3397830123806607,0.15510788864439112,0.4770687240422398,0.44532304165436915,0.5240707450328348,0.4954719229016081,0.4737772997032776,0.5229311451978469,0.5758918076340991,0.45440238865870564,0.7017222533222827,0.5991026335551999,0.0,0.5111130753162731,0.37972535337918123,0.5054432003464041,0.3517801484497843,0.2981160964556586,0.24588117560693745,0.12152179299902999,0.4145483242013032,0.5949819011180494,0.13066999103767446,0.4882063083615872,0.2653736539043955,0.3674849432428838,0.3470876934103232,0.30823215053009445,0.43651556994744556,0.28000642099531436,0.4717631368302942,0.05033505848235342,-0.0007156964973957791,0.6560776486172337,0.34636002680485706,0.28452162935621794,0.030683807987330697,0.5810904274518092,-0.014735596941315376,0.06589849600479475,0.5105645554324587,0.2490912791811707,0.46167132211182493,0.4065580123383641,0.16025327178329027,-0.0011243243910045164,0.4034806506209807,0.30977306316142034
0.3475491883066631,0.1681613704622123,0.3357873603711521,0.6122836545278623,0.5471301449699021,0.4984967623429473,0.5472262323618386,0.5547938017794741,0.6016315937803209,0.48067272933038463,0.3806165158158819,0.518740654163397,0.4682499130670654,0.563443718200942,0.12859276608132827,0.24025854831200608,0.440950610266829,0.3806021841050613,0.1623670799636377,0.2797406478129164,0.3083645209281658,0.011061274599435844,0.22176557369524003,0.2764193838983091,0.2950878854580714,0.28568491856849754,0.3500674209113058,0.44546769712232925,0.09586475872835981,0.3615189727252315,0.5078566483442837,0.47872155500021485,0.5872531467462017,0.4130908064906636,0.3887062073863663,0.6238032297531424,0.4608589009010738,0.40952876188692877,0.6236994650437762,0.8513956945031889,0.5111130753162731,0.0,0.35115501905820345,0.42132317274732045,0.4601855101198499,0.3456537783213324,0.3919234834792267,0.14652086953810514,0.36210882851646664,0.6187878529263381,0.14464321735390206,0.5204858383842275,0.23123595760233223,0.511163646713039,0.4287032593840726,0.39642041313081045,0.43702476363790516,0.30522457796946967,0.45009271770537923,-0.027922091837253582,0.09003655745185024,0.7666317213410534,0.3890818922496752,0.30962029433853117,0.1576863226554554,0.5580245881644589,0.15968280070432833,0.09681972219737389,0.5370845314199519,0.40487223526869465,0.40679753353799286,0.03751800669553501,0.29416500967251646,0.16463920055902243,0.40856820879648553,0.4160488482351188
0.14659830628351578,0.19004955266032236,0.16090959076261285,0.45810131098854107,0.373503441056776,0.14853897638430447,0.3424912601805936,0.4031980257279158,0.24850715647137916,0.3566259483570084,0.2036137311482688,0.38875571868771314,0.20032689756095054,0.3496783576345279,0.2242584537159483,0.24726058467337633,0.23801867284671163,0.17557733486834898,0.09716510953228646,0.05501128501675312,0.14767639185806658,0.23504266251215666,0.1550036445882502,0.146019879564464,0.13407345893687328,0.04618434764259194,0.22960704082779212,0.20237527770890915,0.25085608464916664,0.21286202380648842,0.1954070530367074,0.285265983699296,0.4811400875633469,0.3485223575393843,0.3933950140297781,0.42178463383123405,0.4101388780582923,0.3865542834431457,0.3723431525596448,0.5145523692862876,0.37972535337918123,0.35115501905820345,0.0,0.33595845201058805,0.442336217752598,0.17801662530345944,0.16413141954430308,0.14718051435772006,0.3218357995814758,0.4644721366823708,0.3596227350615874,0.24412652251046515,0.13855973127956397,0.3507145977097773,0.21956435940896615,0.159665822166203,0.24798599346082167,0.2376389704293415,0.2992629992782191,0.27004277385159575,0.0067625610260266256,0.574943810444091,0.16946636223704453,0.07182742853944121,0.15755788413995608,0.3860784762589502,0.27506019781796187,0.18128862494010645,0.3930373307521869,0.22464632378301672,0.21678710496052378,0.18479061161716537,0.06654848209061948,-0.014036785151380682,0.24519238403534027,0.14092471926539538
0.2642005241092878,0.04107776414039488,0.2806048175673378,0.5003636246492833,0.39453211633757224,0.28876573172352094,0.41438888409175445,0.442261416382019,0.31618203008704154,0.33970247043306057,0.33360883392879875,0.4911891638612463,0.3418557329654178,0.46080520296166794,0.1840109950675321,0.3773426167159824,0.33726140039094343,0.2352343780156342,0.23274034321744905,0.21141051705306682,0.21349971767114956,0.27678830191355147,0.2776740643113374,0.24613925191794978,0.0899999070264309,0.1605130008878714,0.2528788051833709,0.29845949894543844,0.2583812232229652,0.26602545777450537,0.3620036581806351,0.3503906528792282,0.5374296537641193,0.5579041613602272,0.3844327716703394,0.4834467867724762,0.32166774771688916,0.5042155477693283,0.5043298781194534,0.6699687502515457,0.5054432003464041,0.42132317274732045,0.33595845201058805,0.0,0.4207128389081456,0.27716648828857104,0.28977509839466087,0.15709872492883747,0.3093741238144704,0.46475752131823966,0.07647010530770787,0.3800730767260395,0.24583383728551045,0.3633647178600835,0.42490344506091726,0.290504274392151,0.36784416421066923,0.24885646224659952,0.37133370787049513,0.1968757594893218,0.08239626666666089,0.5760671871460625,0.19085902201728583,0.15438408972517242,0.04795602313190789,0.47462275323865866,0.027409163914471013,0.0694319533581319,0.4725169156268173,0.2868388206012451,0.26335134360683243,0.02856954683950652,0.23437497108313,0.035215987172411756,0.3248005908322189,0.33807483917781217
0.2795591475770217,0.25899970075835577,0.24316543157592874,0.6295038720306594,0.639189841310279,0.46920664371164095,0.7356304791523112,0.5451704491826558,0.6187537347346086,0.5364293031172295,0.5497950856074494,0.4557727437002951,0.5531110954077986,0.7635462525401313,0.32166874739499973,-0.023755697671420772,0.4450666411156358,0.42105789842610675,0.09479550142658538,0.36221404097756793,0.35287404602937256,0.15025529634406926,0.31480431558549066,0.31767679699477314,0.5323594567653626,0.3675820263633234,0.42150044118611363,0.5308961407632958,0.1854396737541434,0.7047531678332705,0.5906900899453346,0.33727327496846227,0.37158701135073074,0.2650381212690519,0.3024566564238852,0.5735722625555343,0.5089534299871062,0.3558697574943381,0.7151244360015857,0.6649969926597763,0.3517801484497843,0.4601855101198499,0.442336217752598,0.4207128389081456,0.0,0.3304700843615321,0.4104843078698718,0.15038454182818423,0.46742057738999737,0.7595850467438375,0.20522794570419664,0.6420509289630865,0.3859178353490662,0.5620583789553892,0.49655968748794554,0.5703516768962252,0.42381132845779873,0.5901396520587732,0.6878578025595354,0.2582013859323156,0.10895708876602797,0.8676914304765111,0.496104467949806,0.3386701488299781,0.16376862456664526,0.7256348007252451,0.30669583469915285,0.20825890870762828,0.4246964794998177,0.6257848174358067,0.455244011140343,0.1153890118222472,0.4271854490429566,0.22292351041831207,0.5053208916699291,0.39127651513684475
0.09165596285002245,0.3806882137347313,0.32013953618107127,0.3787034053404195,0.3566397382077035,0.1896729329377696,0.41419381176705433,0.2707857330716163,0.3815067871377071,0.2546553443221181,0.18243916287605452,0.3200988186945899,0.26644976730335096,0.27780601630279833,0.12953003825489612,0.11940942373303967,0.16597563152473102,0.14097124700332525,0.2265768300115733,0.29940896831629066,0.17352713998105282,0.12346540153780938,0.20430597759876307,0.16749273814031895,0.08909788777138167,0.12221015397206492,0.42359124786999236,0.2006498959200384,0.27866994562293373,0.08424217848893192,0.2971046697474793,0.3106820467679664,0.3395384412589627,0.29659512912686103,0.3501763487318484,0.26751187531625564,0.35208996318415253,0.3267779574615342,0.3375397334177701,0.4376466493340143,0.2981160964556586,0.3456537783213324,0.17801662530345944,0.27716648828857104,0.3304700843615321,0.0,0.15397234252561035,0.15062585292800554,0.22933725195755214,0.34735095129201415,0.19506964217420614,0.3442504954793714,0.2311853831569163,0.2345201507457995,0.1959892422742251,0.16132652910967804,0.29592730947635587,0.22352805981244175,0.18027331404817604,0.21572731510749504,0.242013256898329,0.5485917575840299,0.23397646197112015,0.03499180019045611,0.21313676355617,0.3475513996650563,0.14208627836547366,0.07910058647892956,0.2941593485443914,0.18336003094123957,0.24474268533264204,0.15712442474991195,0.12591877817410638,0.15522314219886074,0.07923952963736228,0.23486340221877894
0.11704617340121454,0.23036398999757446,0.12275992305515959,0.5723292430777311,0.33318787785369874,0.07622831775035147,0.42133345607162603,0.29568857593844877,0.3085707652158681,0.24299343896418407,0.09230011945217886,0.25411815340905713,0.25140143915363955,0.3552369171075196,0.13512248441663474,0.19243894663252137,0.1846577961740823,0.06599099861706467,0.16021661671943233,0.15411892981452927,0.04517852515844428,0.17094083243466857,0.09888242955293595,0.26776415800724374,0.056396680135454375,-0.001745081124462089,0.02797608618364139,0.2030983282786306,0.11898387514923192,0.11166519553326468,0.11817202834111432,0.20404154766465354,0.43893749317793374,0.28735139967814305,0.3230298209074922,0.3170073146242603,0.3716583191776124,0.24138206078876973,0.501667174641183,0.4726092432288217,0.24588117560693745,0.3919234834792267,0.16413141954430308,0.28977509839466087,0.4104843078698718,0.15397234252561035,0.0,0.19218463209724806,0.22654538109900835,0.4872558756553581,0.31055148031870106,0.325884828705664,0.1302937983077828,0.2317561549483595,0.20035691024350888,0.06182697858647471,0.19364716737810717,0.1219129677373291,0.19957915182824892,0.32177406802162845,0.2081786886231982,0.46020292875322566,0.22827932554723368,0.17354100183462087,0.1892526367224714,0.3769317015806923,0.1452090649256009,0.13210680078735756,0.2837442807667073,0.18888079687658205,0.1511948537040363,0.12723576814778936,-0.007548052429923624,0.2590864591541641,0.045904220248052185,0.13755683706878538
0.17268382264943127,0.15329939246232022,0.1360223486867263,0.18723228204409043,0.05939668960153566,0.18699381042430435,0.11450495555054979,0.2202222103575606,0.11207179377795451,0.11535378669740082,0.07875796956930131,0.061751059910345796,0.16323255135041648,0.09870602256636767,0.16027457771051212,0.11186438363597463,0.14394591282603297,0.11651962597121401,0.07407486983613712,0.1383593400700894,0.1364611949623388,0.1676482845436212,0.18943801476880961,0.10354351242936877,0.16218545778822635,0.13197172625248346,0.11983970850256138,0.09797845394770929,0.20873493847568383,0.1828920911187763,0.1493278809895171,0.0659363997931029,0.18224425962723545,0.16171143218330294,0.13574188706375856,0.1765714384985843,0.15747170396429344,0.09948671275791712,0.1309786851656626,0.3391968387252011,0.12152179299902999,0.14652086953810514,0.14718051435772006,0.15709872492883747,0.15038454182818423,0.15062585292800554,0.19218463209724806,0.0,0.1045318508527513,0.15790646433701183,0.06769245383188721,0.09134243683259408,0.11641192918707566,0.1913245829787384,0.1596181334796086,0.09384954024549556,0.2173735718043465,0.09632069984638214,0.11915234443080089,0.27565174529920916,0.17064397498624484,0.21852118399383053,0.10643151915588384,0.09587842189622697,0.28958336508165805,0.06591575089968668,0.2658244426200789,0.15375263649715648,0.15083867460804326,0.14586801118568102,0.12017278954106278,0.15914042385526037,0.08604836023384407,0.19254598311757817,0.199878767955336,0.10017546733792429
0.2752866622747336,0.05596391438857229,0.2376133882952821,0.556681273426282,0.40243903756552035,0.27339509374764226,0.3183122010729309,0.48397117140750456,0.35660089290950264,0.38300617943584325,0.3294502234425881,0.39109628486380427,0.2710959585623173,0.4960502660132882,0.15196471883864912,0.29427797219669394,0.2831540719097267,0.2173411099083885,0.1405330152010248,0.12058722996482366,0.2562491344799813,0.19161870003911677,0.16170511421720374,0.209503411510609,0.23246133543038394,0.1457328925941071,0.20687878913079077,0.3256227739398375,0.33960242367605,0.3036010888490019,0.4548009729319459,0.3134603118942428,0.45086109124796725,0.4549279724125999,0.3855667856665535,0.3643614327029965,0.39951151049495637,0.4757599012740903,0.47957692398011914,0.6661784925357056,0.4145483242013032,0.36210882851646664,0.3218357995814758,0.3093741238144704,0.46742057738999737,0.22933725195755214,0.22654538109900835,0.1045318508527513,0.0,0.5302295288371471,0.017744869778940908,0.3062078739249844,0.21409531440543905,0.27151348769105255,0.3400695062805349,0.3890069149320534,0.34938091320268166,0.22382637338109942,0.41248283261568286,0.2222037124013002,0.07279141834088848,0.8347139604782091,0.23039265841844664,0.17834002426201503,0.17103313525636527,0.46405062970319594,0.02112640589914827,-0.017208002400034283,0.37350781242639763,0.3994247706127767,0.3328916078225407,0.1996609465257353,0.19606496286008948,0.059770319411864725,0.355976273082682,0.2766009599898266
0.23757637129258322,0.10308237596078068,0.31938335952502445,0.7742967725511563,0.5142274512441473,0.3899934600754464,0.5557948514483728,0.5021900140844607,0.4578616065575217,0.5099180846029969,0.4116385178073077,0.49504170915752854,0.41396705507109877,0.6106594279476609,0.16295381449005925,0.21380880142539269,0.40297579649384857,0.23400111337968438,0.22406102117066448,0.2200853593395191,0.26660990294775766,0.21595779837687945,0.1482827965029852,0.30294329665477104,0.3284830345291826,0.234065171662805,0.28338692702937984,0.5330631916843258,0.07446109232212875,0.5056992184228151,0.4785567640959423,0.4562234064003022,0.4904631433511357,0.5860443035516505,0.47029288744637426,0.5501173251991157,0.5390368663915676,0.6371534656366697,0.5922683271181799,0.7495958826591733,0.5949819011180494,0.6187878529263381,0.4644721366823708,0.46475752131823966,0.7595850467438375,0.34735095129201415,0.4872558756553581,0.15790646433701183,0.5302295288371471,0.0,0.004409786011885353,0.44146498395502953,0.3309881356500789,0.4444231234164462,0.5146792742858333,0.40494214949441015,0.458647050574057,0.37777516548483875,0.47362443119661696,0.23137874515950602,0.16646984069241094,0.923002634405269,0.3898768318571706,0.2648698913468091,0.08669196855296568,0.6212389256853562,0.11779638361449704,0.0580210294788982,0.5409314338346325,0.4246447238377028,0.43889577899705534,0.042466568982223174,0.42888232908193336,0.14823492439104852,0.5045200601944483,0.4465900048653629
0.15271425085350676,0.2100986017551406,0.14506419013364574,0.145156005439199,0.05570882680460171,0.21894105640580572,0.08011831066757391,0.21644430186293123,0.43750110959252847,0.384302541130023,0.21804342370009444,0.2486609984095961,0.36450451071151696,0.07339013348679724,0.14718707907057416,0.23062255939702558,0.2821540533091105,0.1839482458260957,0.19314831950661865,0.20265031912150022,0.1691239920093993,0.1949400229803649,0.14444575944054255,0.22501908431329953,0.21080991984634187,0.21711031902534217,0.12811760410507167,0.30751802674154666,0.1940185658360533,0.1563887953534468,0.28547304193144446,-0.010585858660964897,0.14508350745423,0.11128357779563791,0.0863536348544468,0.09472952291833092,0.15569476419442257,0.19165997144064542,0.1697391262521833,0.2511959005000267,0.13066999103767446,0.14464321735390206,0.3596227350615874,0.07647010530770787,0.20522794570419664,0.19506964217420614,0.31055148031870106,0.06769245383188721,0.017744869778940908,0.004409786011885353,0.0,0.08848196454010487,0.30425809792511926,0.34793099392361204,0.39821132559299366,0.24954173239117755,0.21921297113044155,0.32538514571433624,0.40892472328333834,0.25915901982852635,0.24540789408442393,0.10507493195172443,0.3541039228177945,0.16093383935206074,0.2900849539205074,0.2342923582600626,0.23314372814166226,0.16176364870907026,0.1304976057637505,0.2718678598504226,0.30342961892854825,0.2374121592357311,0.29026841509387535,0.3501110381517905,0.26291948223458766,0.3926818459477951
0.3058783168191147,0.09128373301057935,0.27862645640576444,0.593925415201956,0.38906247072449374,0.34136388892659053,0.40610682539413845,0.5714133866269955,0.41780963160665213,0.42785207770527167,0.29240936001068074,0.4470173818587793,0.29667554018562947,0.47784937518516973,0.14192131362496918,0.19572467124449902,0.3425766494970717,0.26290784846979653,0.09594521540719975,0.11220229840815907,0.25131249775116626,0.21295507826499746,0.17114747871117558,0.3949783441301586,0.2555022287506332,0.25379056199096606,0.21142806486098742,0.3771251047551166,-0.014729860927862992,0.29181891825246253,0.4596817285892362,0.3759123909069699,0.40932011184391903,0.4998937369329382,0.4522943851381695,0.40212482743257133,0.4615800183876913,0.5499882771257487,0.5293383551894588,0.786079224591062,0.4882063083615872,0.5204858383842275,0.24412652251046515,0.3800730767260395,0.6420509289630865,0.3442504954793714,0.325884828705664,0.09134243683259408,0.3062078739249844,0.44146498395502953,0.08848196454010487,0.0,0.32144602658940064,0.3614230909558327,0.407683391244411,0.32378680205673777,0.4419823084605572,0.3051665673391963,0.397244849513933,0.2468372888930074,0.059270293810758934,0.7699100337078395,0.3451962463857515,0.20996059055826594,0.03565463067609739,0.5571974424381938,0.06808362246155478,0.08883601363095595,0.6109161588362073,0.3908480447680967,0.37007032131588813,0.19267384795822065,0.2891768925868812,0.06113933115990855,0.40971873905603584,0.40568927021415224
0.16397769984204547,0.02582183027090873,0.11903000322199948,0.45907054669401026,0.3614863506537066,0.1404420062915021,0.375864697597721,0.5302432481041919,0.29732247274188384,0.31062923218168603,0.3110926059939719,0.38483781774934367,0.2977066887420068,0.31310721702722144,0.21209707227204008,0.17516625001001504,0.26382883198504714,0.22383422140108739,0.15115920645097375,0.05953967094537527,0.08732956513648993,0.1923431502841697,0.14547617176925562,0.29869655974734716,0.1207736237780282,0.16283258830477654,0.08654355588334375,0.24805828025911783,0.29023249243055804,0.24409282739642485,0.24447538014247608,0.26159359534278853,0.31881449106095516,0.2974280045978989,0.2581679944701961,0.3502852007258479,0.3766145779985703,0.34611558610563353,0.3357606366034633,0.397479903882189,0.2653736539043955,0.23123595760233223,0.13855973127956397,0.24583383728551045,0.3859178353490662,0.2311853831569163,0.1302937983077828,0.11641192918707566,0.21409531440543905,0.3309881356500789,0.30425809792511926,0.32144602658940064,0.0,0.30490698409058603,0.2339403611673469,0.1965413261578893,0.3460267155770522,0.13442149075119403,0.16777408064651522,0.2691961367647624,0.019068073585708056,0.5427470646461788,0.27169762697876276,0.15814564494821637,0.13255054244486333,0.2904468305428324,0.1784023430334023,0.14195648118870363,0.45739163989470866,0.24550686314388098,0.2756111710077719,0.17182818005334982,0.10476798811756022,0.22303308996482762,0.26284454866498036,0.2008063835363272
0.15320908431734492,0.015069672887220331,0.18923009076195954,0.5960610366737058,0.4732437353409553,0.26864044899886325,0.5095791335729812,0.5433359141341718,0.3580792327968099,0.4160685911715322,0.31428334412744163,0.33207402832448063,0.3771404163574666,0.4776137540512011,0.1473357869190898,0.3381930300323334,0.39741966363271647,0.2314967804449065,0.0804899724084408,0.11479388271519764,0.10197368867368989,0.22158454907093666,0.0775693824125013,0.1637605965984687,0.19064306744286422,0.17918004258303089,0.18953314902396892,0.3386583651346762,0.2112147894405964,0.31511751086230044,0.3371557362644777,0.279196481788519,0.5032587386665005,0.5098037330588154,0.43866253941874267,0.47937007925582736,0.49012834425436613,0.6067964616658557,0.4863232639975277,0.747428125293605,0.3674849432428838,0.511163646713039,0.3507145977097773,0.3633647178600835,0.5620583789553892,0.2345201507457995,0.2317561549483595,0.1913245829787384,0.27151348769105255,0.4444231234164462,0.34793099392361204,0.3614230909558327,0.30490698409058603,0.0,0.3862700239859518,0.22464440134139,0.28257736353346496,0.24676029757443316,0.38970586149334574,0.2293481101183454,0.3350882825300608,0.5901576687946124,0.2761341074529549,0.06592653225404022,0.25667982951592605,0.38215050679371604,-0.003729071112586746,0.23097636409839228,0.48664675846640326,0.283219290546354,0.327349735479603,0.2145841488043209,0.25793888539861787,0.022454480043659852,0.238547682818789,0.2945951838189949
0.13128412429915337,0.05753732394518246,0.13938041388417138,0.5403964973248464,0.367076158569469,0.2131439711314348,0.4827276794135688,0.4763847535570944,0.42729172901656315,0.3361419163879862,0.2721890985642625,0.3410284168611707,0.3109970475556775,0.3434210430381437,0.15041204154585777,0.39719253388098125,0.30070328853805917,0.17509933034437763,0.05126070669805455,0.0717960068453648,0.09907675849689973,0.31476200594110976,0.10327895906310719,0.09848705218499462,0.20523789161474437,0.048407544901434174,0.09061421099444175,0.32450680305341567,0.4504402900119364,0.30254492467473915,0.2549769972229078,0.4473969066967011,0.29657683000918145,0.3058200205465693,0.32612178293469385,0.4985277099261811,0.3813496946566558,0.4279230032634344,0.4928853624411511,0.5891440367568015,0.3470876934103232,0.4287032593840726,0.21956435940896615,0.42490344506091726,0.49655968748794554,0.1959892422742251,0.20035691024350888,0.1596181334796086,0.3400695062805349,0.5146792742858333,0.39821132559299366,0.407683391244411,0.2339403611673469,0.3862700239859518,0.0,0.28952950270083844,0.2366622287597011,0.2811747631693957,0.29143461196828896,0.23483030928841114,-0.006797127138437387,0.559822930928412,0.28606833900113315,0.1005306465285559,0.2944247925962033,0.34986967487536,0.43968786107910623,0.3746562029415284,0.4356481811105113,0.26596497271526987,0.2516878713244913,0.2883159293679957,0.20532095550573531,-0.007325935451761467,0.24359379299199824,0.26103846518242146
0.06348159454368185,0.22313376266462775,0.11923534088889526,0.5000981833222163,0.3289551397993103,0.12868193631303398,0.46580329836799295,0.37042665986528817,0.3516379726036617,0.29401692543964264,0.14507451100110436,0.3733060355001046,0.24837643564530426,0.3072081222984166,0.10923763977311801,0.18206097231327997,0.17411581679503982,0.04919608270800388,0.15070180174038694,0.07360691012795655,0.09386732245785073,0.11011614101194125,0.166010727027621,0.028273993077592374,0.09792760431666289,0.036757074539434276,0.09880688955943276,0.16602992426499663,0.12933591657361954,0.24824971443539667,0.14751276135168026,0.255180307364906,0.2947123204616846,0.29320168754469367,0.2589247667187561,0.4008109817234527,0.4073341075846952,0.36866058840289984,0.3593777912570274,0.5490527156689039,0.30823215053009445,0.39642041313081045,0.159665822166203,0.290504274392151,0.5703516768962252,0.16132652910967804,0.06182697858647471,0.09384954024549556,0.3890069149320534,0.40494214949441015,0.24954173239117755,0.32378680205673777,0.1965413261578893,0.22464440134139,0.28952950270083844,0.0,0.25253318144129266,0.18688832713255588,0.19093900718279402,0.37957885503225536,0.22143366924077348,0.6747176561973818,0.1279549467257405,0.19019174482286377,0.04260488830954745,0.34503085270996237,0.12122425038471306,0.09974278543999374,0.2819858381682064,0.17563494613830608,0.1522412498256977,0.13782251949598173,0.11083280685762803,0.13836492505999826,0.2264258898804539,0.1637006578582452
0.25507391056501993,0.40287802508127313,0.12916122425984616,0.7013728456797724,0.37026151556438897,0.21147157445531373,0.45614682229823966,0.5208390664086929,0.3460369727938045,0.35666802050994817,0.30192477996413913,0.43533521804157355,0.3403051664685681,0.42067008935965705,0.21549415028090818,0.4150678460240966,0.2309218109714469,0.21274939240090665,0.3379279607733808,0.15519577859741385,0.2240338492785362,0.19367291524448915,0.08563602652567179,0.2798302452678223,0.13468854455438659,0.14526605046894336,0.07841330731224563,0.3029518386416383,0.23265121472546757,0.16225354337174547,0.35609403507311993,0.427396630898215,0.40260719988941607,0.44324603262123896,0.37875511517451876,0.48868413834040714,0.4740178660017448,0.4419529938965893,0.5646504890203552,0.6771993822241097,0.43651556994744556,0.43702476363790516,0.24798599346082167,0.36784416421066923,0.42381132845779873,0.29592730947635587,0.19364716737810717,0.2173735718043465,0.34938091320268166,0.458647050574057,0.21921297113044155,0.4419823084605572,0.3460267155770522,0.28257736353346496,0.2366622287597011,0.25253318144129266,0.0,0.24835793898786235,0.30320486601155516,0.18750619177429984,0.32213540086741277,0.6465051699586821,0.24306508984270342,0.11807901266077438,0.17202652651659858,0.48673095229012964,0.2949391524070126,0.08796809303451322,0.44290690003265654,0.23299513702325828,0.3008066949662477,0.20472804006481898,0.1882139605896029,0.22149559200851326,0.2458890231591631,0.30542969226289984
0.12252001402757179,0.30089778477858686,0.10557693545380117,0.48031905431066363,0.33012289902891934,0.1576276195805685,0.39346701477657,0.3411712400457092,0.37042394227960784,0.31672833624701136,0.20979824469186353,0.2947182436445495,0.27872563047407917,0.33432846898615787,0.1091789461335983,0.2908364899970404,0.24778439956423043,0.0928921162005073,0.26574979115569514,-0.005859330419108355,0.08345639446220643,0.19378021043465615,0.1841752434983344,0.0587185353613654,0.09349567112106466,0.03270529337075495,0.039723977060428184,0.2859796033442727,0.1608782884066093,0.2283683494071469,0.21593701566206255,0.1551451882923215,0.3210423020220404,0.3099891603910816,0.27519064999437715,0.34738223644748145,0.2839991911601315,0.3444150217422995,0.4444777527373739,0.589572238157547,0.28000642099531436,0.30522457796946967,0.2376389704293415,0.24885646224659952,0.5901396520587732,0.22352805981244175,0.1219129677373291,0.09632069984638214,0.22382637338109942,0.37777516548483875,0.32538514571433624,0.3051665673391963,0.13442149075119403,0.24676029757443316,0.2811747631693957,0.18688832713255588,0.24835793898786235,0.0,0.31810064140389593,0.23714851337125173,0.31422474299784015,0.5946748593732792,0.23391361235331337,0.03432072872431885,0.22105737796305072,0.33277828344495614,0.28861125366144247,0.24993865795013828,0.3881490387704207,0.23027096634023567,0.19861815135060548,0.23264679776964142,0.1471248759781878,0.4039706337794716,0.22053518642112296,0.2053896175039605
0.1395197844087387,0.20098139064190818,0.2622314911622192,0.5890242699183077,0.3963543029774733,0.19571704613420873,0.4137601524489974,0.3725010814036221,0.3323870499354361,0.36356918254920434,0.2249973690418082,0.4173524168655617,0.36255934944861395,0.43575139016548026,0.23376597169719926,0.34115998972703565,0.28247607923357887,0.19391818624022805,0.10800313536342143,0.0712494134014145,0.16543151796462294,0.19219284115325747,0.2179586030192292,0.11556706571042419,0.2045561204581122,0.09215482032103978,0.023759630372085283,0.3300723584538069,0.3190121505615752,0.3488535431019329,0.3014283704189915,0.40901898520655217,0.5462353444506718,0.528063463804128,0.46211931173820886,0.4685706803940408,0.38027692190597306,0.47371748193048646,0.49681106001803677,0.6076581269141642,0.4717631368302942,0.45009271770537923,0.2992629992782191,0.37133370787049513,0.6878578025595354,0.18027331404817604,0.19957915182824892,0.11915234443080089,0.41248283261568286,0.47362443119661696,0.40892472328333834,0.397244849513933,0.16777408064651522,0.38970586149334574,0.29143461196828896,0.19093900718279402,0.30320486601155516,0.31810064140389593,0.0,0.34884619276832385,-0.0014487494607627882,0.7285131767271125,0.210921818171555,0.06896418600093951,0.2815700353805604,0.3916823561433864,0.3279878404034987,0.20034540107091361,0.38863920452037365,0.29956932306698886,0.2849605466877365,0.23168084822860852,0.14426644304880604,-0.012551756221503119,0.23925975851157896,0.20854454387891502
0.15972827203520606,0.32155547038363097,0.22358978921558464,0.1869614575752212,0.19728819160740135,0.31128326409864404,0.1963652222839636,0.16593871591018466,0.22643130197163217,0.26277672955386355,0.10084025135597283,-0.0002216213157990865,0.25369270912303904,0.13008020433474687,0.16064996677563118,0.21594321974679256,0.18988040864039657,0.34325846074975835,0.14529758960480837,0.1712279154353195,0.18664788311102687,0.16874099438961587,0.30783743801342073,0.20286585210808,0.36872442175292297,0.17845409276795546,0.24442105731416985,0.36056059863445744,0.26075696437229573,0.24038368385641823,0.300375922958303,0.14818954625392627,0.039267019862101515,0.07903134679953039,-0.018100836110612972,0.11983637766488782,0.021296147345859662,0.12839522232218717,0.28427214206863266,0.1385014902746112,0.05033505848235342,-0.027922091837253582,0.27004277385159575,0.1968757594893218,0.2582013859323156,0.21572731510749504,0.32177406802162845,0.27565174529920916,0.2222037124013002,0.23137874515950602,0.25915901982852635,0.2468372888930074,0.2691961367647624,0.2293481101183454,0.23483030928841114,0.37957885503225536,0.18750619177429984,0.23714851337125173,0.34884619276832385,0.0,0.308960925159943,0.06985713879320835,0.24965178823916506,0.12774331710309686,0.2307599903612474,0.01761050255736868,0.21534768990865405,0.17343158473106363,0.06440266992274102,0.1429346947971693,0.19858257226788592,0.28294417801779886,0.26245512437083934,0.30255769262409327,0.2944703897106332,0.23403756813010573
0.13893763010991456,0.3025074972938205,0.10634569413686187,0.3537238014618756,0.07773125438330208,0.4115382691692258,0.1412605655567712,0.18444779235869344,0.3732827880065931,0.053832691390981735,0.19236605365584183,0.09189769770693124,0.010234442941759903,0.07539866583844501,0.1938928635332503,0.1835507046614187,0.19470712172461524,0.18901798677244153,0.14043661203391777,0.19414718195322855,0.22504740809710533,0.224608930860716,0.22862743517690026,0.1982233566407564,0.16733434202740624,0.24505500030722022,0.1002895417018473,0.23794662784372392,0.11377842405598834,0.37408427290366864,0.3921492483243727,-0.002120189064395761,0.10462806762617793,0.07625206383764349,-0.01500378463969454,0.16232698738733772,0.204623566435232,0.12586389778762477,0.14140373072964138,0.2901035489098985,-0.0007156964973957791,0.09003655745185024,0.0067625610260266256,0.08239626666666089,0.10895708876602797,0.242013256898329,0.2081786886231982,0.17064397498624484,0.07279141834088848,0.16646984069241094,0.24540789408442393,0.059270293810758934,0.019068073585708056,0.3350882825300608,-0.006797127138437387,0.22143366924077348,0.32213540086741277,0.31422474299784015,-0.0014487494607627882,0.308960925159943,0.0,0.2692586752599025,0.28432221941138425,0.1757388513527856,0.44510169796172816,0.03896371928903852,0.3289066451885646,0.19351192250468902,0.06601954879034808,0.2365962582890273,0.2236377177968739,0.19886480006968643,0.2771731370734562,0.12108894916987813,0.04728046388655774,0.3052774628972422
0.41816453163163425,0.2851619085743322,0.3250606065119873,0.8972817950647891,0.7785650042077986,0.445095574255353,0.9163346938572119,0.8145594096302993,0.7333725981930199,0.5988431540212156,0.6129760683142454,0.6331134678937353,0.7274063321682009,0.8258092536993941,0.18364072093918737,0.00132484839911845,0.49045654494264135,0.498450461443918,0.2524763945876046,0.3058427843489797,0.471646244997964,0.20595492135051569,0.38939737027163723,0.49888391982763536,0.4374737437702342,0.5389387588717306,0.39227433934048783,0.5562528660399626,0.12424041352012868,0.6299032100236315,0.5642680543097838,0.7353713412829319,0.6313746418475961,0.5660076360607187,0.5847369814205108,0.8651135610687546,0.6824849183399451,0.658278475862093,0.8462519267191628,0.8530388499381277,0.6560776486172337,0.7666317213410534,0.574943810444091,0.5760671871460625,0.8676914304765111,0.5485917575840299,0.46020292875322566,0.21852118399383053,0.8347139604782091,0.923002634405269,0.10507493195172443,0.7699100337078395,0.5427470646461788,0.5901576687946124,0.559822930928412,0.6747176561973818,0.6465051699586821,0.5946748593732792,0.7285131767271125,0.06985713879320835,0.2692586752599025,0.0,0.6515966434167202,0.39764085874393135,0.152851061622123,0.8169453136251112,0.3190251180566071,0.22943197057148368,0.821913080696427,0.6168258160282858,0.6968648529965381,0.11344772397222289,0.657809141072585,0.21785374282041714,0.7303791588184164,0.5657691474653685
0.09934120047581085,-0.0005848065333422525,0.05722955530849802,0.5217557040004659,0.40786180831330804,0.20400636298345157,0.4785412227718468,0.44981344554765,0.4296010471830377,0.3815787097071093,0.20703634043323454,0.3364591589278911,0.35395843374916397,0.3790545702675927,0.15563819529964265,0.2101412399650197,0.24687590839248888,0.1921879872524107,0.1813805742230227,0.04887211643453418,0.07636434886990093,0.03759918507362958,0.14605489219158072,0.10071129359263817,0.2116804455111086,0.1492170811929425,0.0551547750383333,0.3328620869440878,0.25606165045255813,0.306719890839057,0.2597840411707582,0.3195811451313407,0.37016751159905004,0.30231730767037984,0.28153024936592874,0.41962265420397993,0.3846026222726934,0.34401769779338665,0.49765656493903365,0.6359664283572992,0.34636002680485706,0.3890818922496752,0.16946636223704453,0.19085902201728583,0.496104467949806,0.23397646197112015,0.22827932554723368,0.10643151915588384,0.23039265841844664,0.3898768318571706,0.3541039228177945,0.3451962463857515,0.27169762697876276,0.2761341074529549,0.28606833900113315,0.1279549467257405,0.24306508984270342,0.23391361235331337,0.210921818171555,0.24965178823916506,0.28432221941138425,0.6515966434167202,0.0,0.005594934076200236,0.09995277238487021,0.39642361082227173,0.2884197400415331,0.21164127219715026,0.4816912391526525,0.26097417124823685,0.2640482767870403,0.18730088567991687,0.15287119694437573,0.2789011186754287,0.2268776226337636,0.21691545272875024
0.04427093652790973,0.3001204866083264,0.1195127109306096,0.43544393237127005,0.24807231685780984,0.15833088231666376,0.27365666613786743,0.30487018310137437,0.13462580292856846,0.10191356684012476,0.05685044318425628,0.21398352722622266,0.15497846982250835,0.2167781615125669,0.2595839444023968,0.19450442803601595,0.017528924056736506,0.16960106721557566,0.13611674406200194,0.02075616731338202,0.2522189355437887,0.12816941594438525,0.17120433619525294,0.08222549997541803,0.17533253277863903,0.2453489819773828,0.12115900283558004,0.034653842446540406,0.10910771901528019,0.2292754022024129,0.1997945421679571,0.12262625667046241,0.32361806621281736,0.25794562519406444,0.24378120911735468,0.31131512686318774,0.27515784175633107,0.2768436800126318,0.23051731110232976,0.5574247048777482,0.28452162935621794,0.30962029433853117,0.07182742853944121,0.15438408972517242,0.3386701488299781,0.03499180019045611,0.17354100183462087,0.09587842189622697,0.17834002426201503,0.2648698913468091,0.16093383935206074,0.20996059055826594,0.15814564494821637,0.06592653225404022,0.1005306465285559,0.19019174482286377,0.11807901266077438,0.03432072872431885,0.06896418600093951,0.12774331710309686,0.1757388513527856,0.39764085874393135,0.005594934076200236,0.0,0.22251638542889732,0.23625463597327329,0.16909809928066707,0.11100018949337621,0.2686981660915087,0.027680844210553612,0.06617857352366283,0.14814457838069245,0.199632764320247,0.20963445546909704,0.17648148895747703,0.04475500013015224
0.12345658959349515,0.14348374641610584,0.25579508699139253,0.2739361411508721,0.057574029502853674,0.19332269958482495,0.14573966377094358,0.1844329781858658,0.27813606039512767,0.22592470066343529,0.11423867941555721,0.24128719344148455,0.3341549862376115,0.01213625076828953,0.26926603499758034,0.19830729896039373,0.22789273498205442,0.286455717831065,0.22038070808851168,0.1953515579399576,0.2904529475656542,0.21821724116780775,0.0576365760510891,0.14460162668050808,0.21883247819007118,0.26005527564204944,0.2301905526647826,0.15910938005604677,0.12517145799307372,0.2533127387033577,0.48462215930020686,0.1466440143515032,0.19153608674007339,0.08128982965737458,0.09151348838513204,0.11707626596259846,0.11744172000178399,0.11902989689288215,0.047841623305500486,0.33888882680665233,0.030683807987330697,0.1576863226554554,0.15755788413995608,0.04795602313190789,0.16376862456664526,0.21313676355617,0.1892526367224714,0.28958336508165805,0.17103313525636527,0.08669196855296568,0.2900849539205074,0.03565463067609739,0.13255054244486333,0.25667982951592605,0.2944247925962033,0.04260488830954745,0.17202652651659858,0.22105737796305072,0.2815700353805604,0.2307599903612474,0.44510169796172816,0.152851061622123,0.09995277238487021,0.22251638542889732,0.0,0.16511554219655422,0.19071282702123635,0.22793461952971417,0.037417862270559904,0.2690501212877393,0.21007150131409796,0.10588179122577561,0.12961171510996183,0.22240152227592225,0.30274792346140206,0.3196284074193582
0.33228517176816147,0.043844335155786396,0.20317891061131657,0.7319338779847835,0.4510134856572356,0.3494281790561296,0.6172256104532123,0.4574898488719582,0.464801292855229,0.442218617986389,0.2794734530898459,0.5895992147289648,0.4421363159651931,0.5504784503210339,0.21082910905282082,0.18997524552537182,0.2568100236575489,0.19639139139479894,-0.017142418309963325,0.04623397162483281,0.2699147077667735,0.16670009964495458,0.07764270508101628,0.33592193062671644,0.267851705453251,0.27627634064037043,0.10381151332551528,0.39983230282382337,0.11130415490667303,0.47863319392998716,0.5051450156333632,0.3246490749478974,0.5805927239626499,0.45151070024812995,0.4690184266322658,0.5402827152984785,0.47862639198620394,0.5835662080849378,0.5598916749545482,0.812303070194778,0.5810904274518092,0.5580245881644589,0.3860784762589502,0.47462275323865866,0.7256348007252451,0.3475513996650563,0.3769317015806923,0.06591575089968668,0.46405062970319594,0.6212389256853562,0.2342923582600626,0.5571974424381938,0.2904468305428324,0.38215050679371604,0.34986967487536,0.34503085270996237,0.48673095229012964,0.33277828344495614,0.3916823561433864,0.01761050255736868,0.03896371928903852,0.8169453136251112,0.39642361082227173,0.23625463597327329,0.16511554219655422,0.0,-0.0032593190327340205,0.14059835215317928,0.6506130232992733,0.38422897890763874,0.4313265740402266,0.13957070999926507,0.3023308055939239,0.13128456816037748,0.5890219179158698,0.48991180031655945
0.17142799526500485,0.15656104432707788,0.06939195882194586,0.22994854606879686,0.1087284577976581,0.21350290914168463,0.1817839903785016,0.15655774993353586,0.04941353166464252,-0.004989351880971382,0.1759918895221412,0.2381339535483634,0.025723520158572766,0.051670354465702006,0.17355275437701112,0.2297667798101049,0.22883520081311923,0.1365042492869626,0.13799784419793065,0.19788516948152163,0.21528835957388145,0.27942155942771824,0.1268023226601062,0.18843062274358363,0.10000187308163058,0.18227227950548125,0.19703826290159074,0.14234345181442537,0.0846330046894324,0.1143882507317829,0.3157291692046424,0.17764370075968608,0.13483426715438512,0.07104920167072004,0.11817699233435208,0.11099221568092124,0.07082626434464806,0.10365274808103073,0.13832928964106075,0.36395805514430246,-0.014735596941315376,0.15968280070432833,0.27506019781796187,0.027409163914471013,0.30669583469915285,0.14208627836547366,0.1452090649256009,0.2658244426200789,0.02112640589914827,0.11779638361449704,0.23314372814166226,0.06808362246155478,0.1784023430334023,-0.003729071112586746,0.43968786107910623,0.12122425038471306,0.2949391524070126,0.28861125366144247,0.3279878404034987,0.21534768990865405,0.3289066451885646,0.3190251180566071,0.2884197400415331,0.16909809928066707,0.19071282702123635,-0.0032593190327340205,0.0,0.19665271293004138,0.0261295250036232,0.17843561698550997,0.20595042552699622,0.17248128309115918,0.15313833301099883,0.18680093132283748,0.3535527296776946,0.2279356761143914
0.12403519639326735,0.23114142401996826,0.0669840567651851,0.2470690153586728,-0.01290655267964158,0.2550941758172576,0.06914025045251587,0.2930703798346931,0.30648974596562456,0.22914572922553633,0.1231830299810375,0.11105079685632169,0.2199974609037502,0.24329433921397164,0.09171432712914943,0.1289789525009592,0.11789480598545615,0.06954594736586556,0.1901682989486072,0.08837346931342348,0.20227257751365274,0.14367772952903485,0.18853866514770565,0.17117882565792716,0.15688682377637064,0.11449808582598206,0.24985967145736274,0.1174460740023168,0.09446808854597594,0.3731963294867762,0.20739823077143707,0.16314206620250113,0.07588054278873496,0.06164400801668135,-0.008449105431096782,-0.006153178241406321,0.09321274702738463,0.14579935015210554,0.07788763938838453,0.266983692592898,0.06589849600479475,0.09681972219737389,0.18128862494010645,0.0694319533581319,0.20825890870762828,0.07910058647892956,0.13210680078735756,0.15375263649715648,-0.017208002400034283,0.0580210294788982,0.16176364870907026,0.08883601363095595,0.14195648118870363,0.23097636409839228,0.3746562029415284,0.09974278543999374,0.08796809303451322,0.24993865795013828,0.20034540107091361,0.17343158473106363,0.19351192250468902,0.22943197057148368,0.21164127219715026,0.11100018949337621,0.22793461952971417,0.14059835215317928,0.19665271293004138,0.0,0.25894194334956433,0.09246626485934961,0.1463097706235033,0.2225651332799032,0.0733699071041429,0.11637463723672875,0.32067980755942577,0.17562095747856837
0.33680519675001286,0.20915795042233554,0.20160676220157034,0.7200379058177547,0.4079419228345875,0.41878300828828363,0.5852075702863695,0.8035398192924228,0.5274101357105412,0.46372047032676667,0.3228555242213488,0.4793534422826604,0.47907792267473764,0.5648987664547109,0.027925750142137135,0.2600075403523854,0.40777653636976796,0.32203723239886073,0.2792705577341313,0.18235761053942132,0.3067879885714657,0.22377484943897005,0.2865266765184062,0.42025992877882196,0.23979283393921136,0.37649150678391236,0.17480278649501135,0.4013225595450308,0.19950238655779964,0.21914819588801476,0.49371927476911415,0.41087884046271983,0.5374410578233159,0.4982200079277238,0.40739143536487127,0.525993725691718,0.5724313236314178,0.5782399346957299,0.718629606534742,0.7029520045101643,0.5105645554324587,0.5370845314199519,0.3930373307521869,0.4725169156268173,0.4246964794998177,0.2941593485443914,0.2837442807667073,0.15083867460804326,0.37350781242639763,0.5409314338346325,0.1304976057637505,0.6109161588362073,0.45739163989470866,0.48664675846640326,0.4356481811105113,0.2819858381682064,0.44290690003265654,0.3881490387704207,0.38863920452037365,0.06440266992274102,0.06601954879034808,0.821913080696427,0.4816912391526525,0.2686981660915087,0.037417862270559904,0.6506130232992733,0.0261295250036232,0.25894194334956433,0.0,0.40036458194638336,0.452844464354617,0.215986282783654,0.2968599936045358,0.06763444732017643,0.549816603165011,0.46665843995781164
0.09578113123254499,0.28238700827904023,0.043529352172329644,0.5880427445077246,0.36252578642629757,0.17471744009705964,0.46103454810373956,0.3584857516562918,0.4185129700667288,0.3016979005257837,0.1772082693660104,0.3222432613082218,0.2984781420373841,0.3964093495532476,0.06304517759246653,0.1784292739745345,0.21171612453469876,0.11779270561961527,0.14274659177500992,0.19426197969045708,0.10538648639690776,0.20274190962242464,0.11628515930898597,0.08261674958959397,0.16349741368538478,0.08287815414652838,0.09276058577051063,0.24354617559378614,0.18173714440321165,0.4568445171163976,0.23070435093928554,0.32079002660575895,0.42433036020778736,0.32562012111209987,0.30463846067519684,0.49312864443917714,0.4360575743806438,0.37637056101887684,0.4575384165791728,0.539576741286163,0.2490912791811707,0.40487223526869465,0.22464632378301672,0.2868388206012451,0.6257848174358067,0.18336003094123957,0.18888079687658205,0.14586801118568102,0.3994247706127767,0.4246447238377028,0.2718678598504226,0.3908480447680967,0.24550686314388098,0.283219290546354,0.26596497271526987,0.17563494613830608,0.23299513702325828,0.23027096634023567,0.29956932306698886,0.1429346947971693,0.2365962582890273,0.6168258160282858,0.26097417124823685,0.027680844210553612,0.2690501212877393,0.38422897890763874,0.17843561698550997,0.09246626485934961,0.40036458194638336,0.0,0.2092030026037454,0.15969748356156094,0.14390367945529356,0.23637904333253895,0.2376976066399949,0.20759515407163065
0.15909711773088187,0.3498464634340994,0.10929001885397344,0.5790002020444369,0.415533423999405,0.19818506363025862,0.4811870832297406,0.4673456884932059,0.37127897337708665,0.33497018724312766,0.23560743092285175,0.37416144517937594,0.3220463811838865,0.3834742175339912,0.08024745819101778,0.14907024964282292,0.23707704737234794,0.15642586038648845,0.21130204770465827,0.2684401159747608,0.15183692076566865,0.27490052784397734,0.07675271089094121,0.2077655738477851,0.13562079389716436,0.15677232521641365,0.08657658802605908,0.28044032733947194,0.2792575617958784,0.1223382993658847,0.42391828487626215,0.30414621016182686,0.4328403183917263,0.3796740703666232,0.3167723183722373,0.40926953922179393,0.42499297191758506,0.44709335410217926,0.5254152707831784,0.6134438212937215,0.46167132211182493,0.40679753353799286,0.21678710496052378,0.26335134360683243,0.455244011140343,0.24474268533264204,0.1511948537040363,0.12017278954106278,0.3328916078225407,0.43889577899705534,0.30342961892854825,0.37007032131588813,0.2756111710077719,0.327349735479603,0.2516878713244913,0.1522412498256977,0.3008066949662477,0.19861815135060548,0.2849605466877365,0.19858257226788592,0.2236377177968739,0.6968648529965381,0.2640482767870403,0.06617857352366283,0.21007150131409796,0.4313265740402266,0.20595042552699622,0.1463097706235033,0.452844464354617,0.2092030026037454,0.0,0.14311169358524106,0.14820373887154212,0.2667339719747405,0.16147620842251553,0.3065099921973489
0.12542454118438,0.15325693521971243,0.18929234220657637,0.18061501297071683,0.0061447603586725075,0.15916725275726135,0.030667262307784937,0.22289728079323218,0.22147443200771072,0.2054658760853631,0.17567705698925568,0.2004887768071492,0.21742934504496933,0.22330270538500402,0.21457894868358068,0.2099592408287933,0.2372394483753694,0.11573322343396616,0.156858778137984,0.13999304479398222,0.3272068519213049,0.18144736749728407,0.10017892865724029,0.12565371660714653,0.21935738663303556,0.19927340658357823,0.23360674076642413,0.21004509939253158,0.0863701051053168,0.2118313012399868,0.18977029520234345,0.103298229545286,0.12708695341829623,0.01248466047002611,0.00410094847626552,0.03382511351260259,0.09128864074326201,0.1400624965072981,0.2402621338411211,0.17689321726679846,0.4065580123383641,0.03751800669553501,0.18479061161716537,0.02856954683950652,0.1153890118222472,0.15712442474991195,0.12723576814778936,0.15914042385526037,0.1996609465257353,0.042466568982223174,0.2374121592357311,0.19267384795822065,0.17182818005334982,0.2145841488043209,0.2883159293679957,0.13782251949598173,0.20472804006481898,0.23264679776964142,0.23168084822860852,0.28294417801779886,0.19886480006968643,0.11344772397222289,0.18730088567991687,0.14814457838069245,0.10588179122577561,0.13957070999926507,0.17248128309115918,0.2225651332799032,0.215986282783654,0.15969748356156094,0.14311169358524106,0.0,0.12932450246355787,0.2024743241027156,0.23225938928584272,0.1796355168667646
0.056697657333577595,0.29222131267930823,0.13846623235860755,0.5260804886090878,0.27119839960195413,0.07144894437022964,0.411953080873882,0.36117416421636006,0.33472300423958135,0.20661583710224576,0.08023795346158699,0.2778515729006056,0.25774008329787057,0.25627297770526514,0.07371445909424262,0.25265841195623356,0.13476766922748945,0.06267452046394756,0.24624294365656454,0.1402004649897926,-0.021822636100665094,0.16389891239483986,0.18390124403742716,-0.00624450899396245,0.08971304437555999,-0.01091349336852554,0.19101288800759508,0.19815349509835867,0.16302643667750924,0.19501637743569272,0.12868204742310152,0.19888323282477724,0.3077364763645979,0.2527659442572072,0.23266886828154842,0.2576346911820563,0.26899884490759796,0.3178748728251028,0.38333040891876835,0.5091235327833883,0.16025327178329027,0.29416500967251646,0.06654848209061948,0.23437497108313,0.4271854490429566,0.12591877817410638,-0.007548052429923624,0.08604836023384407,0.19606496286008948,0.42888232908193336,0.29026841509387535,0.2891768925868812,0.10476798811756022,0.25793888539861787,0.20532095550573531,0.11083280685762803,0.1882139605896029,0.1471248759781878,0.14426644304880604,0.26245512437083934,0.2771731370734562,0.657809141072585,0.15287119694437573,0.199632764320247,0.12961171510996183,0.3023308055939239,0.15313833301099883,0.0733699071041429,0.2968599936045358,0.14390367945529356,0.14820373887154212,0.12932450246355787,0.0,0.23826982012974524,0.10880739461255763,0.12292920123879594
0.0840288044598767,0.10202358959736446,0.11825467282146265,0.23168596754406745,0.06958075908026279,0.14851122903193928,0.1292283264033473,0.19037509642682118,0.037821700599572516,0.016031936086251086,0.18802594219049165,0.23810716876094423,-0.03831433445742932,0.08147169820052083,0.0766080725063702,0.20450689510589962,0.016326868614576107,0.20369250940385278,0.22150566693904103,0.11105429541752676,0.1974041628140667,0.2350797760872953,0.14622315964893165,0.15809271011766027,0.26207444651353307,0.13424187929122583,0.1592179691219487,0.22663494338734175,0.1181388955375177,0.20826673655404715,0.3762870914135357,-0.017114520963309565,0.1563144733383674,0.04816669144471353,0.051900518226647985,0.1520849655703475,0.1363182568020636,0.17126172092878625,0.1822459510284945,0.2806729529267686,-0.0011243243910045164,0.16463920055902243,-0.014036785151380682,0.035215987172411756,0.22292351041831207,0.15522314219886074,0.2590864591541641,0.19254598311757817,0.059770319411864725,0.14823492439104852,0.3501110381517905,0.06113933115990855,0.22303308996482762,0.022454480043659852,-0.007325935451761467,0.13836492505999826,0.22149559200851326,0.4039706337794716,-0.012551756221503119,0.30255769262409327,0.12108894916987813,0.21785374282041714,0.2789011186754287,0.20963445546909704,0.22240152227592225,0.13128456816037748,0.18680093132283748,0.11637463723672875,0.06763444732017643,0.23637904333253895,0.2667339719747405,0.2024743241027156,0.23826982012974524,0.0,0.28741228049565826,0.2633328929240628
0.1840245671427683,0.3109021342168544,0.05148828629832661,0.7095402364868906,0.4680297582771023,0.06439384067617993,0.5666431775289889,0.8046104384976647,0.46614095510176257,0.2821944519955003,0.28617523925188204,0.38141437736400785,0.37993557866892325,0.4482811223121652,0.2628345837973443,0.2085588824153105,0.16916191482818296,0.0021517092807765703,0.38347452320750847,0.361210563888311,0.12040692848425646,0.13743469780932682,0.31785003383825705,0.08078592259247995,0.10696615058290992,0.15511889449533647,0.23130662762327014,0.20910835462819655,0.1386666971813087,0.31792158313980146,0.14294385390267553,0.26000034819854184,0.4610765550105047,0.42252454376988224,0.47377816601540684,0.41350225211959624,0.5725236339283092,0.46961161940917084,0.5051635266979309,0.6210510643988345,0.4034806506209807,0.40856820879648553,0.24519238403534027,0.3248005908322189,0.5053208916699291,0.07923952963736228,0.045904220248052185,0.199878767955336,0.355976273082682,0.5045200601944483,0.26291948223458766,0.40971873905603584,0.26284454866498036,0.238547682818789,0.24359379299199824,0.2264258898804539,0.2458890231591631,0.22053518642112296,0.23925975851157896,0.2944703897106332,0.04728046388655774,0.7303791588184164,0.2268776226337636,0.17648148895747703,0.30274792346140206,0.5890219179158698,0.3535527296776946,0.32067980755942577,0.549816603165011,0.2376976066399949,0.16147620842251553,0.23225938928584272,0.10880739461255763,0.28741228049565826,0.0,0.1552023607435941
0.24115103545336564,0.24340748180510363,0.08691081507316142,0.5775226693864869,0.3040656516261171,0.23818819909812142,0.4604516238086719,0.4875687152329857,0.4253916246335675,0.35839930763296235,0.17380665668832265,0.37365901170368676,0.3694820794158967,0.3746080084137553,0.19090217658387817,0.2618031735343499,0.21082935288818894,0.14070719181520566,0.29138168463570296,0.24948128053687144,0.16602267195012385,0.2833756029453101,0.10393452186839228,0.2580389617434115,0.09903169963963498,0.17654312749170653,0.13020929748259724,0.26493119024931155,0.22657032401763388,0.058347834153377576,0.24621385799400647,0.2558693506236601,0.4058680222234219,0.3397477740457314,0.3011604340100342,0.33182852808485436,0.4081135532770568,0.4310161974601364,0.5908835627264732,0.5025373719882791,0.30977306316142034,0.4160488482351188,0.14092471926539538,0.33807483917781217,0.39127651513684475,0.23486340221877894,0.13755683706878538,0.10017546733792429,0.2766009599898266,0.4465900048653629,0.3926818459477951,0.40568927021415224,0.2008063835363272,0.2945951838189949,0.26103846518242146,0.1637006578582452,0.30542969226289984,0.2053896175039605,0.20854454387891502,0.23403756813010573,0.3052774628972422,0.5657691474653685,0.21691545272875024,0.04475500013015224,0.3196284074193582,0.48991180031655945,0.2279356761143914,0.17562095747856837,0.46665843995781164,0.20759515407163065,0.3065099921973489,0.1796355168667646,0.12292920123879594,0.2633328929240628,0.1552023607435941,0.0
