0.0,0.24145392571199242,0.0727409945831583,0.12096098732090688,0.3721092408784284,0.27727135379356904,0.23230825557444673,0.29503241298495897,0.07906323261394074,0.06048907923407246,0.22433223180688402,0.3599847849292759,0.18431536275913346,0.04694310964525977,0.31458447979285575,0.030706373018404093,0.0505554280873628,0.1219377348392428,0.12156143401298672,0.2074488186609445,0.27690828391357886,0.08810317823938851,0.254425371656832,0.35750985890978004,0.11989737096818848,0.20638095200925063,0.07087745011720209,0.10729694923423067,0.12393346312272532,0.23714112816986122,0.1896773254037532,0.17868444076279805,0.2898420369990526,0.26880117232319733,0.28805225661703704,0.07687427688307771,0.1833625309264867,0.30709136585029606,0.22113003609165746,0.2434569086151331,0.20594979981703346,0.3507416614716028,0.2454608291308108,0.22739374129390966,0.3175672869353988,0.11337063012988062,0.1616377816675047,0.08644839981640487,0.21562032505615267,0.06707530978682338,0.3558201893892135,0.1493387853726018,0.3121162853498497,0.1813065891781515,0.12166022677228949,0.21031106488626677,0.15515482600181782,0.11519726512800843,0.14140992611476433,0.25780641889830863,0.0792858275706585,0.20290603284149475,0.1457591692624034,0.14684379506591674,0.2510486301886953,0.2735018366119628,0.07317413246152002,0.1853989863746113,0.27758886457880466,0.08143366690700383,0.17949449330054593,0.08584267579969268,0.014995801322221253,0.16471483417523491,0.19000032495289437,0.08516711042250436
0.24145392571199242,0.0,0.06274853593978058,0.03231552788397124,0.37079038055196045,0.07365453654251883,0.23064719331490377,0.14342590777320735,0.05740823868153319,0.1809668904448512,0.28596207747131147,0.21915870177398702,0.11984886146738577,0.09845654014466537,0.19556501702981086,0.26217072688243326,0.23081708831264183,0.15064939515332998,0.15151087095881716,0.2980532557170627,0.2525054130128796,0.2619916851883348,0.07834226952539247,0.10712147918163614,0.08621694743040781,0.009163209063201505,0.28686029168443217,0.09912040240818495,0.09862930642667084,0.014257542258613254,0.008810159243447552,0.08491360776693294,0.2935969454954389,0.1416956098434483,0.30603497663738993,0.1269706114090881,0.29121308272294044,0.15705623099440552,0.16464376892658275,0.2188249029209735,0.08805722116458142,0.303246292531483,0.23915148950218912,0.24812188638620417,0.182311861143865,0.37682732037294586,0.2507411260704848,0.24719717917215805,0.1487635067366178,0.10652803056447177,0.256296129308192,0.15240433380624868,0.18235842474700376,0.14242674330506136,0.15459629771271574,0.24561179887706955,0.32480663760492895,0.031987127165857276,0.19189936161436186,0.3078140471254574,0.33754245163067237,0.23987211650032517,0.2151333013532772,0.07724803431952987,0.19581304162802546,0.2633691793996751,0.2514489636651854,0.35907311860335,0.32175479802270934,0.11400061363578731,0.05849166164419645,0.29162334247803545,0.2509042428506545,0.10495284915831066,0.30483346243581766,0.3553977409821923
0.0727409945831583,0.06274853593978058,0.0,0.16460178322363606,0.3213370458400985,0.2750402478036618,0.33139590292124754,0.30582942432344556,0.09975904100556526,0.14684993168040839,0.20776389003678383,0.35887246652747684,0.22544998363444707,0.30184570364507657,0.19742087790429952,0.007108022197042874,0.20400354032039383,0.19160873712457896,0.15879317100919405,0.12527401575427238,0.048846101389069474,0.05206983391450655,0.2630072941518267,0.2842205987654725,0.19069326742635737,0.17360782389416526,0.057451170135614765,0.20207483274387214,0.1421468191736265,0.07542208437142009,0.17676721544021987,0.2126033283543156,0.32052286905986505,0.28878494909039076,0.2987594475833928,0.26318149037689653,0.33747015491973253,0.248314369262327,0.2434167519019315,0.43956943629256273,0.2091535270167364,0.40621793757104335,0.3276137869359921,0.36941604350348467,0.27571401927639405,0.31085130010761647,0.14710116879386775,0.1026540323553711,0.2847256449507315,0.25107792576485266,0.30484292712261296,0.2429493681661945,0.24665220088504247,0.26079636316615173,0.2179069665226532,0.3027302685117069,0.2601883905729225,0.16149493384725216,0.3869671650105225,0.14454018988957307,0.06456275994134528,0.21625189717523208,0.2691164978954823,0.16910675843865805,0.016312850370654497,0.26519762459970864,0.08141156975433694,0.1319305690710226,0.06341108568369908,0.14574178412801667,0.18258065425538994,0.1118401297067762,0.08510940320710533,0.1612383811869303,0.2043759405562127,0.10981695767714175
0.12096098732090688,0.03231552788397124,0.16460178322363606,0.0,0.43242092614928995,0.3189659726724532,0.31108600349698157,0.32605286767754366,0.2420278456992777,0.18569245222309103,0.4188727416295672,0.46074598446995946,0.24422788110189475,0.1977717582810694,0.1312722610039995,0.15710406050590053,0.23027125950418198,0.3178400428583743,0.26350044314466037,0.31751429891676036,0.055592890798408456,0.18341736887695378,0.40436185119173074,0.4638385637928584,0.25747778225077517,0.32416237200503906,0.21755831895067043,0.21568806975211996,0.31961858549537137,0.2360712738910744,0.281555426571121,0.10282841238594664,0.5018490267672903,0.31513295468220565,0.3088848028827156,0.15408264690450413,0.35693128324379286,0.41367195701461346,0.2068734527465022,0.4114463269101115,0.21968668141772557,0.3900325238482043,0.34793267933902705,0.32951047324744054,0.2961656692329814,0.2831788516304585,0.19222079451494373,0.1063372421116166,0.2786415018513241,0.11654946726128168,0.349457392667166,0.17281776880873995,0.39101077640048554,0.3369666471434046,0.17710611614191213,0.37740885320455064,0.11840124186118811,0.10281200210217012,0.3418843607315789,0.14421466617531437,0.24208826412977763,0.08016868314141379,0.35835826934001414,0.23441342470956095,0.1315903470622948,0.1162687863945982,0.12694716075302914,0.24781021450249371,0.26922023360860486,0.30183795524457946,0.2900078544531987,0.18847458261378944,0.048083722221470504,0.21614982900111762,0.18785822209554343,0.16625367343657088
0.3721092408784284,0.37079038055196045,0.3213370458400985,0.43242092614928995,0.0,0.5223529360262942,0.6077983038405564,0.46257133387660765,0.4641493027426972,0.6072146173938516,0.5779739061943567,0.7031940799339715,0.4936138423121678,0.5315432335203627,0.15707773435268962,0.3531288545040925,0.6184693457058326,0.5994865537831437,0.5945057925554353,0.08106472710952214,0.3133966585964626,0.4873590784968901,0.7078988421448069,0.6841522795544628,0.6683647376565459,0.5616551559175023,0.48008141060477305,0.5288850029821941,0.5129545090101892,0.43018981335236395,0.6167801000215483,0.42968702199384995,0.7428905911347632,0.6081100249837447,0.7478151435499111,0.5061258527377248,0.6566230666913877,0.554135148358748,0.5108507330060666,0.7295761435524766,0.49893627638199894,0.8227029797816547,0.6785376738052206,0.6064745347450157,0.6016816482222372,0.13325081782525477,0.40455900619771323,0.351097211096609,0.5390591713014454,0.48868536220542114,0.748321863377287,0.46659497089643504,0.7423591630257842,0.6219767154858866,0.45415672830394505,0.6892605747658431,0.323337372869731,0.45112127636613203,0.6276035181790701,0.014505955756769745,0.46900660890425916,0.2717747717353699,0.7910708907125462,0.4923376622593667,0.42858753729389754,0.2551930361025235,0.46678872325742504,0.6114890254120202,0.36654813914742157,0.5395205833867076,0.5774781209285182,0.5463999688475939,0.36007443144718687,0.5771776870824937,0.40749506009958203,0.41463531626776473
0.27727135379356904,0.07365453654251883,0.2750402478036618,0.3189659726724532,0.5223529360262942,0.0,0.5206848870735356,0.3519041229018761,0.30300754583842154,0.34038695176360106,0.39526478285763655,0.44990486547105446,0.3971975960887959,0.3610191176848549,0.03550387608589592,0.2124580250646328,0.35036367404811336,0.3870210479837377,0.4670540295281975,0.297014716220964,0.04356856680242416,0.3433450121270232,0.5386916348249056,0.6907788702382014,0.35921734659235943,0.42097012836822795,0.33645218162387786,0.3877315319494231,0.3940271038047942,0.040392104891476766,0.44503980019363376,0.26360412835654234,0.5330726386341744,0.6069418713302958,0.7114845711259821,0.35840961820320677,0.4650412449815385,0.46858745137459457,0.41567424510413487,0.655364926941601,0.5270457772548072,0.8095500030506957,0.5300554250301565,0.48302231428858433,0.6143078548611451,0.31866476786688014,0.42055445449569356,0.32311804608716754,0.40285432289732304,0.24822316407796208,0.5585562550908587,0.28960842556305605,0.4066616143003092,0.476669814978435,0.24995324121878687,0.552528288059776,0.09645552384806733,0.2329142425699393,0.4065067249768258,0.29791614196043176,0.5187774442944453,0.027161859798083887,0.4563007166947358,0.30719404160588965,0.2943503862588928,0.32854121912492046,0.45617543036214553,0.46804676618109836,0.3832036457826684,0.36995400236546416,0.42148137936776975,0.3570737537502314,0.18686937359649383,0.45146759151033333,0.04662179434705535,0.37603685151307686
0.23230825557444673,0.23064719331490377,0.33139590292124754,0.31108600349698157,0.6077983038405564,0.5206848870735356,0.0,0.4079635600218307,0.3224252482337906,0.4122914208866212,0.5612835344599489,0.6433792667529403,0.2806959508630231,0.3816494382330432,0.1675707063025324,0.35157579921925064,0.5069229279388361,0.5558564844256482,0.5243853724590887,0.05048850157688556,0.24361335496495992,0.48314627806974386,0.6706657632687897,0.5975221551145592,0.5027788130773142,0.5158459882931317,0.3992204452367261,0.42361993370968853,0.5018006688248547,0.39366902320810454,0.5793678906852413,0.321662786168036,0.5171883391435845,0.4767617863600813,0.49629210646219585,0.3376077683289615,0.5592486600789515,0.5105222551255825,0.370111872498777,0.6721681951702471,0.39988004233737917,0.5654045663736164,0.5403853484339888,0.4890820344072085,0.5635542698539023,0.40792392263301364,0.3679062673533031,0.3483062361270128,0.3135366958141157,0.32201986165465324,0.7121762390887205,0.2749105365029031,0.5429902098935611,0.4950621269025275,0.401260989487509,0.6726597931650896,0.21914342130985504,0.3263590442332893,0.5026949798836401,-0.012759134982681275,0.467111263344392,0.17302528619574709,0.5978856180137369,0.3984507943539086,0.37458091177258623,0.197763915532484,0.4596507016175307,0.5416800091328954,0.3051431245111555,0.4539950598059928,0.4507971746209127,0.4702150396126012,0.2962877138596555,0.5935707202180722,0.30644838258153756,0.3596982162355151
0.29503241298495897,0.14342590777320735,0.30582942432344556,0.32605286767754366,0.46257133387660765,0.3519041229018761,0.4079635600218307,0.0,0.23482472112218863,0.3432260277949956,0.49403996678298445,0.5407359449313325,0.3770549329948571,0.338007735921212,0.20886983348142085,0.15072135416918395,0.338605079322039,0.36032213040184846,0.37318897915905624,0.06368758881422026,0.2745173362214706,0.31646037552046696,0.5295512204023995,0.6508174430936631,0.390132033900808,0.4470279074030383,0.3376491837399023,0.3961932319731285,0.4242219445139988,0.26524658712736104,0.44596595731167427,0.3244193214400477,0.5437121308276031,0.5390392807401416,0.5858127261517319,0.3343724189569669,0.4398599962062135,0.46368525155444384,0.35941162654422987,0.5343996063866987,0.39936798340959473,0.6033167597363579,0.5542736712574748,0.423301239866001,0.48782991498587763,0.08172106994381703,0.3782849135755966,0.31985936948234606,0.4464411302519723,0.31389930845186087,0.6575339666385638,0.359035874268015,0.47230758240800785,0.43819590845209677,0.31153107430198645,0.4988185272418222,0.24420681859548318,0.26988570083451197,0.45079347514695084,0.1620902669319746,0.3806014950907115,0.12351189968343682,0.5263546731874704,0.3933706012556897,0.24665130324104534,0.23969506264935683,0.3321768250328892,0.44043699679119086,0.4467642426738813,0.39204238271086134,0.41641964226455913,0.3942662539682755,0.26626501445009154,0.3796251640984205,0.24214269213338932,0.34107199228174057
0.07906323261394074,0.05740823868153319,0.09975904100556526,0.2420278456992777,0.4641493027426972,0.30300754583842154,0.3224252482337906,0.23482472112218863,0.0,0.34607056378068696,0.2999782684976483,0.40936280441712225,0.2717242803763909,0.2580371785911578,0.21294911175462358,0.12242150196786458,0.42782161123543105,0.41863577775634175,0.28118811796993903,0.2797987267273456,0.2769340991563047,0.24084870383226156,0.355793714537734,0.41898077182214133,0.30446280517201385,0.25568444206792873,0.19185619836947468,0.2742338196527585,0.302796293173775,0.031266775756006504,0.2767406402849301,0.19657019120608013,0.4228373526742468,0.3476424878804733,0.4953595060683974,0.3054702770101896,0.41962527017443263,0.3460587982540126,0.29059706899164695,0.5271748827769935,0.27665099483105166,0.5488827554973057,0.31698882351838,0.3364398291926929,0.32908360012090865,0.41016599818306615,0.30808081906706686,0.1018770899310158,0.2809583203766429,0.1494673095598901,0.5355015459816973,0.19468327396905263,0.31555304639627585,0.3083013263544383,0.26296409734135395,0.4671657870043369,0.2863242938314414,0.18211387973682297,0.3138855721482562,0.3208380245147271,0.308817637929579,0.03431262927353168,0.4861389545439059,0.22522044922734902,0.1610639307547088,0.33610806925400205,0.29947575149848304,0.2609709417816987,0.04990736272010132,0.3334396950820052,0.2553018873446513,0.246023491778544,0.12239625392077502,0.3985056758905654,0.058773660079709994,0.21715363333895726
0.06048907923407246,0.1809668904448512,0.14684993168040839,0.18569245222309103,0.6072146173938516,0.34038695176360106,0.4122914208866212,0.3432260277949956,0.34607056378068696,0.0,0.435271670694059,0.44616173135675985,0.3301874743664821,0.3916851667060916,0.25234296759636765,0.23115410075007237,0.36862704091804116,0.41712930929412906,0.3467858955339093,0.3856050693441018,0.15074784842190042,0.22149390259603383,0.3471167617577445,0.3663892487212211,0.35763246316913194,0.27925577080240127,0.22445821826564413,0.298396531500273,0.3841141798462959,0.2396236026635719,0.3142528834855431,0.2651537720261324,0.4432688253015617,0.3105449367449491,0.38544856651821063,0.2988390064134713,0.34080833360809853,0.26457717439316086,0.295861308564988,0.5089074849518295,0.1946329888990284,0.47107777904291276,0.4234888615529745,0.3330102131825361,0.31687901443645583,0.25688108281455013,0.19945819591235608,0.1355152213214185,0.35509345010258775,0.31669944379104126,0.6234427406069727,0.3057425163037248,0.39264732442410544,0.42578726332941047,0.29521652950508387,0.4903627091544256,0.09068004408540198,0.2875280085367496,0.42619410383007783,0.31979771196419116,0.28019538743230676,0.1063573131988414,0.5161387108848603,0.2530287704811567,0.1234725245131264,0.049171830277250306,0.3360219112066781,0.22815598738624154,0.14422895042047684,0.32341072344340843,0.28074559160533835,0.18951272353601067,0.17351494582830623,0.4015547997063227,0.12543609530563402,0.18483650961985892
0.22433223180688402,0.28596207747131147,0.20776389003678383,0.4188727416295672,0.5779739061943567,0.39526478285763655,0.5612835344599489,0.49403996678298445,0.2999782684976483,0.435271670694059,0.0,0.7452393919962625,0.39141210119606185,0.5361946648229149,0.0729365571191469,0.22500407709775516,0.5232002800209007,0.6060803288993104,0.42262525727039535,0.15168455770628028,0.18528628077290682,0.2808262019218185,0.4987875410017421,0.5409213378710401,0.44885666169342936,0.42456433456024933,0.2113183875594794,0.3897082680179932,0.366562409472367,0.18956984675672073,0.4541749596295702,0.4036021277904927,0.6264366340367135,0.5084501270092989,0.635876548698517,0.46679252023301415,0.6795751158135911,0.46870183517900293,0.5227084222519381,0.7574941827660382,0.400840429113752,0.6651590426342013,0.580403274187649,0.5298432814616306,0.5955999260032598,0.27339077718706617,0.2944786778834385,0.2502448213394396,0.5048837902404647,0.43344144950242813,0.5565548240674061,0.3423701407399802,0.5712877525003146,0.45950787713077124,0.3866925309300205,0.5125012366389206,0.21747563871766779,0.3589992949994813,0.5354965772409448,0.18298297525027069,0.27432052982845767,0.157385248859438,0.5400735709691685,0.3429770186465235,0.19911447761640425,0.07513268884493202,0.2756388466477824,0.36090569361082614,0.21181824089200016,0.3832534549932257,0.4201693634195374,0.3264183974792324,0.2075698292180416,0.33770359799621696,0.19565853576984088,0.26294244459351485
0.3599847849292759,0.21915870177398702,0.35887246652747684,0.46074598446995946,0.7031940799339715,0.44990486547105446,0.6433792667529403,0.5407359449313325,0.40936280441712225,0.44616173135675985,0.7452393919962625,0.0,0.5581010800911104,0.6172523548429818,0.46191425718946894,0.3994917480152091,0.5261276018684418,0.6284203934415491,0.5358138113980433,0.054913092144514786,0.41813809007472946,0.45085394990649674,0.6166087804165321,0.5919667528484792,0.5835866195907812,0.5259676383660259,0.3667314102282864,0.5182292701376762,0.5661216885000255,0.22331185080530705,0.576617102836516,0.46682615434482216,0.6778442755356606,0.6599342047276824,0.5672698164323132,0.5551866328677031,0.5310210223686738,0.5505351443341667,0.5833667566508515,0.7043458411974639,0.5350596494824387,0.783020237738556,0.6607656733023453,0.5981261127853819,0.5635183293812293,0.1741588804687779,0.40950490312586224,0.41511036260437534,0.4756109094194604,0.4375846151035293,0.7451197770477012,0.38541031705682244,0.5863966127803484,0.5127530865736291,0.4220229259165959,0.7541122827798267,0.34867371440108885,0.43787286790727176,0.622656710772763,0.14690852691759368,0.5371027019157442,0.13049614834603457,0.6911488168657559,0.4452244255830823,0.3497107860237524,0.42204208273566957,0.4044790243378251,0.5968643324663572,0.37001131765840756,0.4804036899900954,0.520634141824597,0.4276166864450608,0.3776984652465534,0.5487999858067141,0.12786486884029555,0.3858809177139142
0.18431536275913346,0.11984886146738577,0.22544998363444707,0.24422788110189475,0.4936138423121678,0.3971975960887959,0.2806959508630231,0.3770549329948571,0.2717242803763909,0.3301874743664821,0.39141210119606185,0.5581010800911104,0.0,0.3627848207454458,0.061241078723843434,0.17378028913252266,0.41598637353856455,0.44458203783845884,0.4495483620443229,0.2576611728610123,0.12463923454108561,0.3051779986325899,0.5018087075341192,0.519603166501756,0.36506937080487245,0.32217870805280574,0.30898720387366896,0.2705806725329567,0.3837726536915776,0.14507720955364636,0.38756555465442943,0.12042656112469585,0.5447264278319991,0.4281098096482973,0.41774082337950397,0.2700223709598882,0.3552248088507264,0.46987349714461885,0.23778356220076816,0.651819857749069,0.31770557694060964,0.547659446992646,0.4026089207328244,0.42255697439928586,0.4642178078866053,0.33438318235076225,0.31801899714655707,0.23770150591738703,0.27159511695215155,0.10679899756272665,0.6129559091248172,0.10853333478292537,0.461910062812829,0.4191811976752177,0.2512122483106831,0.4846527202504738,0.13248945013476,0.2255934052830273,0.4650647881138839,0.22966575973586842,0.30672277556985117,0.06364878109665661,0.5145701662880471,0.32477040317966793,0.2974771552708386,0.046046799195133825,0.3379968908462329,0.37289403908285834,0.2474616003219581,0.3353932784486401,0.3401296675926577,0.3422458768365755,0.17650222031754742,0.41601854045727127,0.10151811658704205,0.2979593440001763
0.04694310964525977,0.09845654014466537,0.30184570364507657,0.1977717582810694,0.5315432335203627,0.3610191176848549,0.3816494382330432,0.338007735921212,0.2580371785911578,0.3916851667060916,0.5361946648229149,0.6172523548429818,0.3627848207454458,0.0,0.2061892392515627,0.21739487266855884,0.30068437961945577,0.4709895446628244,0.4495666584051683,0.27554488516345793,0.1358499346414124,0.3304798617223338,0.4139748071290033,0.5531919610704832,0.38579420293137173,0.41141748008382345,0.29852364056012864,0.37883517832668945,0.46557745583525095,0.25181707022443056,0.4150914137682468,0.14819799407707615,0.6102935674993342,0.4894539401316967,0.5062528657619347,0.1587276205562142,0.42552503624609495,0.4465939939647794,0.28609752722603093,0.4130557871210961,0.3123521311694536,0.4937776030059472,0.4409450612133811,0.4840619354250834,0.44978930861160016,0.3789941360796181,0.252076134764379,0.22320821846803765,0.42499337151852495,0.3068229476363149,0.6067988580297679,0.3161005730545875,0.4456461836313007,0.4071524445671232,0.24798177318991185,0.5217249162970453,0.11900965862525031,0.21136821807585965,0.5021528007460537,0.18552169966248402,0.2977601955982308,0.12593960358923845,0.5192621286430144,0.2345946122690284,0.11687681652189733,0.0642845981566661,0.26261696501530096,0.3144189595125999,0.1446236157961676,0.40701152141240343,0.2866066193515679,0.30421051236840785,0.14915255379866127,0.3918853882515503,0.16763140661238463,0.26172446786886583
0.31458447979285575,0.19556501702981086,0.19742087790429952,0.1312722610039995,0.15707773435268962,0.03550387608589592,0.1675707063025324,0.20886983348142085,0.21294911175462358,0.25234296759636765,0.0729365571191469,0.46191425718946894,0.061241078723843434,0.2061892392515627,0.0,0.20501440478585917,0.23075809284842522,0.27668911093734216,0.16861157578209912,0.14980601467473026,0.09341223884837693,0.12490310807322352,0.1317047658052623,0.36237885094049405,0.1976991988399942,0.09303825984976902,0.151229484047023,0.18284577611279607,0.20504972329360224,0.17095747700377373,0.17413257331796927,0.2677078081175403,0.29230351268288446,0.2720590315619796,0.17378632587677623,0.2102363289836992,0.13349869101110662,0.28340875397987125,0.04483289576869981,0.23894100294944376,0.16639404097263846,0.2043800137956794,0.16756149803041054,0.16991565839633072,0.40894198299847095,0.15016939765045445,0.28966551842621824,0.20852023348180204,0.08778896463931818,0.27682868724090964,0.09640666584086421,0.25818353298348695,0.3071396591444627,0.0205761198852685,0.23381479333499847,0.1441911042150708,0.10976686743226777,0.23122512587440164,0.10140674586066212,0.1754165026511074,0.16641973714940606,0.210764020793418,0.021133918046215006,0.2381589343472259,0.31203787877833294,0.19200482877751154,0.26804353688469296,0.26933600444979666,0.2713463400922368,0.20813420504766933,0.08715422834032849,0.2171493042089049,0.23864878558719477,0.18794811921975965,0.16413042652084853,0.23470129843479046
0.030706373018404093,0.26217072688243326,0.007108022197042874,0.15710406050590053,0.3531288545040925,0.2124580250646328,0.35157579921925064,0.15072135416918395,0.12242150196786458,0.23115410075007237,0.22500407709775516,0.3994917480152091,0.17378028913252266,0.21739487266855884,0.20501440478585917,0.0,0.22786846700430852,0.2486485199973486,0.19138313097811255,0.22099689671158507,0.002101224495636045,0.02805948516062312,0.22934957559485203,0.32009017854194916,0.1593581195855374,0.1622199896972321,0.21497249561817205,0.16789956533835082,0.16786155296352734,0.1600612594355893,0.17791668221023307,0.09183964231879274,0.33251279553193813,0.28713342010199405,0.35959632133733793,0.18840541614724152,0.26257333689384077,0.31619029983498226,0.2077340050598504,0.39902338473795035,0.167308341045293,0.35570118751566665,0.2669382060363013,0.30971119783917533,0.24217388735488682,0.1845331048890979,0.14411444537691948,0.17149340510414182,0.2624779910552122,0.22301341249942688,0.33947542738261954,0.15629386994562147,0.2145168594013025,0.24646366307887252,0.20107401129787128,0.3264523241137901,0.3280671622831526,0.06304477777751394,0.3151242310688961,0.15721840959775735,0.14985793233392422,0.2864795559758194,0.24579956195918634,0.09866697827111262,0.1747640545915437,0.22447897373904005,0.09464017487868677,0.08399849282354205,0.005678555460096935,0.138787060972115,0.15852046565633757,0.10624541844789634,0.023257793986779463,0.18484528006329956,0.21377518433494402,0.053317975751026425
0.0505554280873628,0.23081708831264183,0.20400354032039383,0.23027125950418198,0.6184693457058326,0.35036367404811336,0.5069229279388361,0.338605079322039,0.42782161123543105,0.36862704091804116,0.5232002800209007,0.5261276018684418,0.41598637353856455,0.30068437961945577,0.23075809284842522,0.22786846700430852,0.0,0.480263620904952,0.41802823838926007,0.36140498683823674,0.0709697112614519,0.3438362186899674,0.38727024401088944,0.3515440517607129,0.4137009375538441,0.33917855768533894,0.3517916539673965,0.42582220363084133,0.5361212587523776,0.17697094264069488,0.39575121223176196,0.3799057942779763,0.4412442842103299,0.3237624979882653,0.46174532758046627,0.3656183049565207,0.518886452192757,0.3481717767463254,0.36776979027993245,0.49992973988865536,0.2486406720857968,0.4012857287238338,0.29458218610727527,0.38102064684527776,0.39166061602789093,0.21916559325746277,0.4015527849339034,0.20294379062546336,0.3270786288750357,0.29637502801076804,0.6886192630469159,0.335775584159384,0.4196790076949513,0.5590958122975414,0.3725768292881494,0.5065378088898222,0.08790881527642685,0.3314758663626948,0.3422272049859454,0.1973866781284056,0.2694965204215048,0.1882062025114176,0.592784516664437,0.4092755851089306,0.2299993709788482,0.296770797741171,0.4554121186857407,0.3147577920110912,0.2014808492376758,0.37526997001385615,0.3302207084129803,0.3837684414811896,0.24017714507708574,0.42453413757696173,0.24912410683142308,0.2643319765431437
0.1219377348392428,0.15064939515332998,0.19160873712457896,0.3178400428583743,0.5994865537831437,0.3870210479837377,0.5558564844256482,0.36032213040184846,0.41863577775634175,0.41712930929412906,0.6060803288993104,0.6284203934415491,0.44458203783845884,0.4709895446628244,0.27668911093734216,0.2486485199973486,0.480263620904952,0.0,0.35087178780004485,0.23133581553024968,0.0936828588011002,0.33198452093974384,0.40037192811588207,0.5190928433558345,0.412870695224292,0.3652842824188346,0.26720412833738,0.450671758457475,0.5355280200875608,0.09075843775068063,0.5266311760777849,0.3677038050699899,0.6482176018136568,0.4963794890721163,0.6903897509651538,0.32174911338559886,0.5344423671882331,0.4009298137798042,0.4324004702460402,0.5958415004891473,0.47797609209114555,0.7210460992363472,0.4635879053035078,0.49833581867082305,0.5491781789459548,0.24566714251374328,0.43888117887136235,0.16476561372773418,0.49969240829182127,0.2486178676909642,0.5236528036264666,0.3255757292640783,0.5661805173917686,0.47674998145292924,0.350324127106989,0.5179093069789352,0.1783058842106655,0.2569946375305513,0.3987889612403329,0.2813028675477239,0.3498179375002368,0.10992242642942027,0.5037705812531069,0.29805077495297205,0.49400649409948466,0.041742566859997,0.5159883638640548,0.42240438177588197,0.2764941050606033,0.37038238813972446,0.38513890434564785,0.46993020591823326,0.2750249357300154,0.5662308609214972,0.23544284808913574,0.3458043106512371
0.12156143401298672,0.15151087095881716,0.15879317100919405,0.26350044314466037,0.5945057925554353,0.4670540295281975,0.5243853724590887,0.37318897915905624,0.28118811796993903,0.3467858955339093,0.42262525727039535,0.5358138113980433,0.4495483620443229,0.4495666584051683,0.16861157578209912,0.19138313097811255,0.41802823838926007,0.35087178780004485,0.0,0.1615416443841535,0.06636264782029033,0.2459991175148457,0.42322180121278175,0.4560619825195811,0.38806625569286524,0.3543767476048997,0.19313435886737795,0.4144872080361056,0.44341934062716815,0.39739890772803993,0.3173076997842486,0.2402285003723893,0.49793344285964997,0.39693263034403065,0.5351560274376499,0.4532006535291196,0.608413977949064,0.36440473446862903,0.3523116617955441,0.5986805679379574,0.3210355683881574,0.6191788150234981,0.5966921763339156,0.5145862280451863,0.3385814987901721,0.22663794498046697,0.40159780802119666,0.19517721151690898,0.4603001357159018,0.42685732252219244,0.5362344694681545,0.35127430209726346,0.24050128799105544,0.44858192089471943,0.3543441354650389,0.44979661736190374,0.06149544419814412,0.282876982841988,0.67593737792752,0.18651780799460044,0.2947025488989583,0.07288744015662729,0.43212353159992317,0.2595461599905821,0.08385766453497576,0.2893349454837586,0.37873250875529774,0.2488820870242301,0.05589426910380152,0.34543312024591505,0.286662868884044,0.2573845993283677,0.22786731565631943,0.38060423605773297,0.19960079727533317,0.23277564604880555
0.2074488186609445,0.2980532557170627,0.12527401575427238,0.31751429891676036,0.08106472710952214,0.297014716220964,0.05048850157688556,0.06368758881422026,0.2797987267273456,0.3856050693441018,0.15168455770628028,0.054913092144514786,0.2576611728610123,0.27554488516345793,0.14980601467473026,0.22099689671158507,0.36140498683823674,0.23133581553024968,0.1615416443841535,0.0,0.22470817995792491,0.2873226069678207,0.28832014226006575,-0.01531961733409204,0.25908415207349433,0.2612754321049479,0.2275528537703042,0.26299909557014134,0.22230337379267995,0.21649880268212726,0.22002821446409532,0.3220554811084138,0.11424215194659382,0.03743741230623748,0.10417187533062067,0.3019113990945015,0.14459565935989188,0.053401012987762286,0.3300118098433335,0.15114769745216125,0.19587771728344175,0.10629899999332748,0.3249768736964421,0.1306733098323155,0.027390213279749887,0.2143350379226718,0.15712070430730463,0.14522343698350323,-0.004144785721137079,0.33679059953842294,0.06567316255828715,0.2970535848420721,0.063468128970675,0.2820363270156553,0.3358324994850709,0.17688922078598102,0.2717760134249676,0.28540447594140705,0.27383308464370926,0.15950207546972658,0.16171790083316107,0.17176905918350352,0.2680378301098428,0.14482606073895324,0.22126274640282223,0.21980636530094957,0.19635813999771715,0.18544442877657735,0.2794515123256137,0.2213151110768149,0.2657660093124994,0.20600210064244875,0.21003614395841796,0.22285474975626285,0.37607326977909816,0.19392282883009665
0.27690828391357886,0.2525054130128796,0.048846101389069474,0.055592890798408456,0.3133966585964626,0.04356856680242416,0.24361335496495992,0.2745173362214706,0.2769340991563047,0.15074784842190042,0.18528628077290682,0.41813809007472946,0.12463923454108561,0.1358499346414124,0.09341223884837693,0.002101224495636045,0.0709697112614519,0.0936828588011002,0.06636264782029033,0.22470817995792491,0.0,0.22730869480545352,0.20906337849357348,0.3837528773434943,0.09750096853572426,0.1969826763632817,0.23522806411027894,0.0049406420967825215,0.010409380948784297,0.17067537899218174,0.051907630333829946,0.08596699933478946,0.2586139087767101,0.24428444063914082,0.22429968462897049,0.06921103594857014,0.24135481551585322,0.24275380277955197,0.16356510211616648,0.2238337284819114,0.19337017512510077,0.3255797720240239,0.3231028613583335,0.19931648537231125,0.2968564897171402,0.07938359785969357,0.03871899645686572,0.03834734099721565,0.1617872893828159,0.12993067650416398,0.30633859927202856,0.1111845673856317,0.2481654269075186,0.1477551317456462,0.08923467517316325,0.3113300853652027,0.10752873711740815,0.06989776404061676,0.24051121641870843,0.02696694178172032,0.06013138350193614,0.2597666996665432,0.19087162566961186,0.09739956001420555,0.22566130230312686,0.2050704404155081,0.22501495542984667,0.1331767324579281,0.24320245782376348,0.1062279396652295,0.18938966945184765,0.3277556245329226,0.3097551758902681,0.03739991133448034,0.19868997136457797,0.004701123167264287
0.08810317823938851,0.2619916851883348,0.05206983391450655,0.18341736887695378,0.4873590784968901,0.3433450121270232,0.48314627806974386,0.31646037552046696,0.24084870383226156,0.22149390259603383,0.2808262019218185,0.45085394990649674,0.3051779986325899,0.3304798617223338,0.12490310807322352,0.02805948516062312,0.3438362186899674,0.33198452093974384,0.2459991175148457,0.2873226069678207,0.22730869480545352,0.0,0.321842196134846,0.37088868154485227,0.24314065629815357,0.28815387203057496,0.06462232769853543,0.23472820675413197,0.27989071973763546,0.10438259625427425,0.1976293368299415,0.1068779017343319,0.44644150965371615,0.4190457117413655,0.4594599012071662,0.2581570535531633,0.38146311349281753,0.33544056542125994,0.30741636337994926,0.5327879145668795,0.2489874079281976,0.49892313408226185,0.3179104393051383,0.3887414148323229,0.3232077948098517,0.19435328479370384,0.26286465185444025,0.045403904396478234,0.30448532862751243,0.14458007455638933,0.4522225082458755,0.21692236413956845,0.39002283495552303,0.35582189937465325,0.21088649582609245,0.4099419573139679,0.3774287728538106,0.14935658600668797,0.30568121440651036,0.25529514885000915,0.19523116661216425,0.17253541789933988,0.40016681480631044,0.10944556445004341,-0.025940498498677994,0.2639196130034261,0.19165500242326217,0.21952543264609928,0.02623710127729989,0.204562698389536,0.26110675951731466,0.14918620592275614,0.00894241727345918,0.2791510229072325,0.22863804608148286,0.12833088496672987
0.254425371656832,0.07834226952539247,0.2630072941518267,0.40436185119173074,0.7078988421448069,0.5386916348249056,0.6706657632687897,0.5295512204023995,0.355793714537734,0.3471167617577445,0.4987875410017421,0.6166087804165321,0.5018087075341192,0.4139748071290033,0.1317047658052623,0.22934957559485203,0.38727024401088944,0.40037192811588207,0.42322180121278175,0.28832014226006575,0.20906337849357348,0.321842196134846,0.0,0.6490645927743255,0.47283764599813655,0.47316104022877237,0.27132248216799254,0.43396645232694997,0.578437205506004,0.09994639877187693,0.4269402963244219,0.347251255912103,0.5853216072962042,0.6158782209275429,0.7147557177026443,0.44367458308073726,0.5749112136388581,0.526938912841781,0.44953634528669945,0.6374540191028653,0.5090019699087698,0.8367284992823362,0.6255064144602764,0.6382139716662889,0.6120360160068654,0.30760870864250206,0.41707806163485117,0.3117614105476012,0.5014091150284223,0.3071580081593366,0.6317482792399549,0.3723461974976915,0.5138297533677181,0.5252282468063926,0.40454824112355553,0.6860222488827534,0.15653542713418936,0.30391401846261606,0.5576342388313591,0.27258144584670235,0.5581590997600038,0.08928909528084342,0.5005960364844448,0.38580130545452884,0.18635132267195847,0.1019086814678046,0.43235651404141484,0.4477080698772077,0.32582544190984003,0.5084734745540782,0.42171551807243,0.3658826920806473,0.21211971738124424,0.5086760858478971,0.0557615969259152,0.2983207694731392
0.35750985890978004,0.10712147918163614,0.2842205987654725,0.4638385637928584,0.6841522795544628,0.6907788702382014,0.5975221551145592,0.6508174430936631,0.41898077182214133,0.3663892487212211,0.5409213378710401,0.5919667528484792,0.519603166501756,0.5531919610704832,0.36237885094049405,0.32009017854194916,0.3515440517607129,0.5190928433558345,0.4560619825195811,-0.01531961733409204,0.3837528773434943,0.37088868154485227,0.6490645927743255,0.0,0.43576992418067456,0.5167079038876625,0.43929107636376574,0.5129935549771265,0.5199425709717779,0.1676226387079459,0.602561607003295,0.47961649062736755,0.6312093241936154,0.5981985875640011,0.5386022283145382,0.48675801964554305,0.4597480763772408,0.5873579421079322,0.5098912627708901,0.6490542140972981,0.4352030246778507,0.6599173720314621,0.6058135542610481,0.48496278985162555,0.5222337326465074,0.19962890437986994,0.5286957685408229,0.35931416682560735,0.41160232470640307,0.399051038610308,0.7900320213026673,0.44906737516870454,0.6243220373662872,0.6085067136721977,0.3456766461460164,0.6267951487079271,0.24538609958301613,0.41326863593072427,0.5171739003473725,0.20971670228786518,0.48554415939916074,0.07249619905183971,0.5358035265775463,0.4348021640331726,0.44977146168822446,0.36835993528404215,0.507146915563127,0.5468886732841785,0.3521468959245071,0.39949401601742013,0.5178507959554135,0.46716473214097665,0.31746236087554347,0.5782462639930178,0.02670707434300243,0.38150838496148626
0.11989737096818848,0.08621694743040781,0.19069326742635737,0.25747778225077517,0.6683647376565459,0.35921734659235943,0.5027788130773142,0.390132033900808,0.30446280517201385,0.35763246316913194,0.44885666169342936,0.5835866195907812,0.36506937080487245,0.38579420293137173,0.1976991988399942,0.1593581195855374,0.4137009375538441,0.412870695224292,0.38806625569286524,0.25908415207349433,0.09750096853572426,0.24314065629815357,0.47283764599813655,0.43576992418067456,0.0,0.31909599621065465,0.18835920609842333,0.3089179280187534,0.4070089282767917,0.15745340944289898,0.3080867863633824,0.2620362295232146,0.5351613812138969,0.3570767328075848,0.5589900977689424,0.373765956782349,0.460739119490188,0.3776473165874895,0.41570420371536054,0.5178242935596546,0.40358279057343305,0.6347507588950365,0.5080282174467923,0.42009341249380705,0.48818681837635824,0.20665390355994914,0.3044543902552908,0.15580088317195806,0.4548498266832781,0.2771632704980227,0.48696437736687787,0.32626679002501824,0.4741744064278629,0.3786111979573235,0.33095147970158323,0.52116930126061,0.10976776101396596,0.214512469732459,0.5451822141076601,0.3501636923377155,0.2584621506322917,0.04323380832943108,0.5114839277247475,0.20769436975562164,0.14402931007405748,0.03563950364956092,0.27627123116405955,0.3389034037595597,0.140627511508842,0.34372554932640254,0.32515106181402326,0.28061634090729437,0.22019218800273227,0.4874174929614279,0.0928767984538329,0.2101982203556831
0.20638095200925063,0.009163209063201505,0.17360782389416526,0.32416237200503906,0.5616551559175023,0.42097012836822795,0.5158459882931317,0.4470279074030383,0.25568444206792873,0.27925577080240127,0.42456433456024933,0.5259676383660259,0.32217870805280574,0.41141748008382345,0.09303825984976902,0.1622199896972321,0.33917855768533894,0.3652842824188346,0.3543767476048997,0.2612754321049479,0.1969826763632817,0.28815387203057496,0.47316104022877237,0.5167079038876625,0.31909599621065465,0.0,0.22136493672296115,0.37369880595126215,0.3450088434064025,0.051060100447753304,0.3760960302519828,0.29132425729348405,0.4526509694937491,0.41199062389791996,0.37893184160508075,0.350163302492447,0.36875881623971835,0.429958857930048,0.3501225100613492,0.5343840504158471,0.3750253249552468,0.6148148842171375,0.5503762623006119,0.4610809619763385,0.4797600156601788,0.0616263569828773,0.3489255324267271,0.23771702109984655,0.3109561296455281,0.21375406153408924,0.4885705599588401,0.2862651791193042,0.45773454411536485,0.41592217044013,0.2060232354731279,0.48023244169701235,0.13396538074532977,0.19179463205268887,0.4939817670154192,0.021973405340901836,0.334044568342028,0.0017712138800354271,0.48626571630991844,0.31055452386830906,0.19483582386322243,0.1837723893432829,0.30442552897133085,0.36296545177386824,0.3165170820248683,0.28881035912055203,0.3498642277533861,0.3338448357093093,0.15469123330555842,0.3996992186047012,0.19157501946643263,0.24646509107236242
0.07087745011720209,0.28686029168443217,0.057451170135614765,0.21755831895067043,0.48008141060477305,0.33645218162387786,0.3992204452367261,0.3376491837399023,0.19185619836947468,0.22445821826564413,0.2113183875594794,0.3667314102282864,0.30898720387366896,0.29852364056012864,0.151229484047023,0.21497249561817205,0.3517916539673965,0.26720412833738,0.19313435886737795,0.2275528537703042,0.23522806411027894,0.06462232769853543,0.27132248216799254,0.43929107636376574,0.18835920609842333,0.22136493672296115,0.0,0.1788782343754573,0.22665038263324017,0.16301358111550485,0.12978572787966858,0.11421243116587596,0.4900760587093401,0.3521003574042455,0.5042158886722338,0.3363621085779209,0.3767284236446965,0.3268419687672326,0.26607272691077377,0.49074441409288994,0.25925173879803887,0.5747043948212089,0.3688413174433907,0.42382269347119816,0.47728022659690406,0.34988536994629177,0.1636778145806163,0.21405075156303519,0.32912410385755647,0.14206643008934267,0.406925480941806,0.1819176250517656,0.3711276965119089,0.40570282202630736,0.15819417674159378,0.3096855922836525,0.2661046749965694,0.11102385100623552,0.33645179723401286,0.18494002107874277,0.1709356462837435,0.2167165286115118,0.34662753576880745,0.13116455730588922,0.007878581734921258,0.25791743495899594,0.15017403083483424,0.14391144066911105,0.09049683306355505,0.200401817527263,0.17983820419068738,0.10736069268718904,0.280444142153832,0.2726740387205058,0.33186595646604045,0.07638093564637627
0.10729694923423067,0.09912040240818495,0.20207483274387214,0.21568806975211996,0.5288850029821941,0.3877315319494231,0.42361993370968853,0.3961932319731285,0.2742338196527585,0.298396531500273,0.3897082680179932,0.5182292701376762,0.2705806725329567,0.37883517832668945,0.18284577611279607,0.16789956533835082,0.42582220363084133,0.450671758457475,0.4144872080361056,0.26299909557014134,0.0049406420967825215,0.23472820675413197,0.43396645232694997,0.5129935549771265,0.3089179280187534,0.37369880595126215,0.1788782343754573,0.0,0.3787665263448607,0.19304497408874735,0.30047278134497757,0.17244798108073867,0.48252268162961387,0.3057910045790707,0.4452540769353853,0.23134006135478974,0.3781624770328588,0.4395312591875648,0.2740445305385039,0.5718829288735651,0.30538652422400014,0.5388729799763384,0.4061921525639243,0.4280361698977189,0.37591636857401417,0.3073201875562281,0.28897352538301535,0.16775838680436322,0.3416348908030409,0.3094189605245505,0.6104560460684704,0.2494008354163962,0.41607456854498603,0.39646352500661736,0.3071436861559079,0.4751211490818076,0.05971799685760637,0.2603053594428254,0.4758348099400684,0.2518563878498149,0.29189102351812973,0.018548553220106734,0.5258240722279753,0.26327557033070614,0.14642165743107083,0.25508478681342517,0.2994082746014864,0.2156577174047845,0.10847463314488914,0.2860409035334321,0.2954929612133365,0.3186429631181954,0.19829782985860286,0.42165661986685765,0.03904185326079673,0.2109687137217357
0.12393346312272532,0.09862930642667084,0.1421468191736265,0.31961858549537137,0.5129545090101892,0.3940271038047942,0.5018006688248547,0.4242219445139988,0.302796293173775,0.3841141798462959,0.366562409472367,0.5661216885000255,0.3837726536915776,0.46557745583525095,0.20504972329360224,0.16786155296352734,0.5361212587523776,0.5355280200875608,0.44341934062716815,0.22230337379267995,0.010409380948784297,0.27989071973763546,0.578437205506004,0.5199425709717779,0.4070089282767917,0.3450088434064025,0.22665038263324017,0.3787665263448607,0.0,0.12443446497206909,0.3938436267886822,0.23343268536432388,0.532560203462402,0.4749824303973139,0.6344975416597312,0.4671659778745535,0.4657169796287668,0.3826537700077077,0.4213951325049029,0.6436247991027109,0.3833566934313358,0.7338648325202541,0.5602711402288542,0.47569154609940395,0.47986634442580917,0.2788679773461732,0.3344556034347095,0.1690935588196854,0.44655097688819745,0.2944995009162676,0.5920871567694335,0.3321011846432863,0.5129323935852429,0.48782411633751854,0.3923909095171386,0.46136203803600995,0.257337859410885,0.2806624315070875,0.5194649680338824,0.2075248829203391,0.3433661159335045,0.05834530906499305,0.5572716853071165,0.2702889897124173,0.21489405504881903,0.2266674580341789,0.3172181484529906,0.29580895213253733,0.16356846498570252,0.3414858458465315,0.3815481007293471,0.2753851917066171,0.18456333680601894,0.39394151433097235,0.054089359763486125,0.2325572847168862
0.23714112816986122,0.014257542258613254,0.07542208437142009,0.2360712738910744,0.43018981335236395,0.040392104891476766,0.39366902320810454,0.26524658712736104,0.031266775756006504,0.2396236026635719,0.18956984675672073,0.22331185080530705,0.14507720955364636,0.25181707022443056,0.17095747700377373,0.1600612594355893,0.17697094264069488,0.09075843775068063,0.39739890772803993,0.21649880268212726,0.17067537899218174,0.10438259625427425,0.09994639877187693,0.1676226387079459,0.15745340944289898,0.051060100447753304,0.16301358111550485,0.19304497408874735,0.12443446497206909,0.0,0.20446519660993145,0.1335896178592736,0.18032518147545462,0.010319138652885251,0.2370978216699482,0.3104306505045386,0.3126577820731508,0.0993618292114147,0.12750926475638644,0.3208292539659343,0.2805436423287341,0.37216182085385835,0.2915618173806268,0.27339861510555624,0.12799304443433923,0.3038273095785335,0.014566059106846857,0.22996281723649917,0.19495995597339116,0.16797925715337508,0.34631152597182735,0.1601629286849064,0.06622488385478667,0.27477596613580374,0.1803015527511681,0.297589384555636,0.3000883022308487,0.13491443264255593,0.3374705822823038,0.2880844418497045,0.29874427312349133,0.2028173571894951,0.1813225750182393,0.21940664188319733,0.2888556583559274,0.3304630588002243,0.17730883646442466,0.3695889303898931,0.23142446334368305,0.1433375510832723,0.2547731909322972,0.13350794122863568,0.1308588867485951,0.372468012824973,0.18296417506097656,0.25644944628251687
0.1896773254037532,0.008810159243447552,0.17676721544021987,0.281555426571121,0.6167801000215483,0.44503980019363376,0.5793678906852413,0.44596595731167427,0.2767406402849301,0.3142528834855431,0.4541749596295702,0.576617102836516,0.38756555465442943,0.4150914137682468,0.17413257331796927,0.17791668221023307,0.39575121223176196,0.5266311760777849,0.3173076997842486,0.22002821446409532,0.051907630333829946,0.1976293368299415,0.4269402963244219,0.602561607003295,0.3080867863633824,0.3760960302519828,0.12978572787966858,0.30047278134497757,0.3938436267886822,0.20446519660993145,0.0,0.17588085536979753,0.5476667890067373,0.4328917245194745,0.4901838108426926,0.3654279849309469,0.409202588870838,0.3978699497066648,0.37287671740320855,0.5388672670121337,0.3897699532292707,0.621859212656807,0.4066761295954956,0.44946665843985234,0.5601317562215823,0.3612991462891922,0.33592182780201674,0.12130457221980954,0.46116448878219074,0.3425037616339841,0.4867348829313058,0.3237323074504806,0.4149796993886123,0.3877959439789187,0.2816951238921347,0.5911286892762169,0.14006909594994513,0.23644665135555493,0.46823799108715514,0.296385499490442,0.2869816123620041,0.23994172177526876,0.5319107046812193,0.256649578436963,0.2784640314711837,0.02469342415523751,0.34008297594423825,0.33913161097655553,0.17673795341380644,0.3282501980409476,0.4719020791135608,0.2617474719853598,0.1909816199073737,0.529035325557533,0.2849154700503369,0.20914508110907895
0.17868444076279805,0.08491360776693294,0.2126033283543156,0.10282841238594664,0.42968702199384995,0.26360412835654234,0.321662786168036,0.3244193214400477,0.19657019120608013,0.2651537720261324,0.4036021277904927,0.46682615434482216,0.12042656112469585,0.14819799407707615,0.2677078081175403,0.09183964231879274,0.3799057942779763,0.3677038050699899,0.2402285003723893,0.3220554811084138,0.08596699933478946,0.1068779017343319,0.347251255912103,0.47961649062736755,0.2620362295232146,0.29132425729348405,0.11421243116587596,0.17244798108073867,0.23343268536432388,0.1335896178592736,0.17588085536979753,0.0,0.24336035835936196,0.22028625910073069,0.2110414215516468,0.13644634252508997,0.25327820825735575,0.32899446891626266,0.37892728613791515,0.386013922502743,0.16338042011326273,0.36383755040667565,0.2438033803442876,0.23190547605689316,0.20845124044772462,0.35253094215973674,0.18607160641059087,0.10558137243808532,0.1925475819791504,0.1744691877621421,0.46806983158992876,0.178848663743975,0.353746547229943,0.19828763680635048,0.2897221697388523,0.34238364590576914,0.08675200627657675,0.10936455555644256,0.24243881290067104,0.1865674068698039,0.12952586512874728,0.0037090260147344956,0.4067324766638934,0.15157431971249313,0.047084274884505256,0.052085951079183235,0.13954156168777665,0.18984818994614597,0.1440341099422691,0.3113144552242747,0.26554171602430193,0.15839706691569153,0.10281979751432113,0.3253817915944966,0.04487895057467586,0.05244984927317092
0.2898420369990526,0.2935969454954389,0.32052286905986505,0.5018490267672903,0.7428905911347632,0.5330726386341744,0.5171883391435845,0.5437121308276031,0.4228373526742468,0.4432688253015617,0.6264366340367135,0.6778442755356606,0.5447264278319991,0.6102935674993342,0.29230351268288446,0.33251279553193813,0.4412442842103299,0.6482176018136568,0.49793344285964997,0.11424215194659382,0.2586139087767101,0.44644150965371615,0.5853216072962042,0.6312093241936154,0.5351613812138969,0.4526509694937491,0.4900760587093401,0.48252268162961387,0.532560203462402,0.18032518147545462,0.5476667890067373,0.24336035835936196,0.0,0.5117835378811495,0.6163569494928832,0.5422825124384787,0.6033386605428231,0.4706502553703032,0.38300888148394374,0.6195211348052186,0.4461251015296399,0.711432966752361,0.7665078697045028,0.6194893992808361,0.4580496141223166,0.08371166348608644,0.5563775302660753,0.3404794233251654,0.4934440484697926,0.3942046127013565,0.7002832518246935,0.31700631495327203,0.5384197275234855,0.6178329649998338,0.306356499722367,0.7070474852778392,0.2506268589068922,0.3255275798475635,0.6656782130503114,0.13081860357080638,0.5523126069012437,0.23129480538764238,0.651639819297889,0.41873117641409374,0.5501675447430001,0.20309468885832554,0.5803283169165733,0.5162984416862456,0.4183743688580204,0.5744297873622837,0.5255912011181941,0.5475548185803035,0.3080564360299405,0.5494176507073631,0.22309429033304756,0.4456932081050205
0.26880117232319733,0.1416956098434483,0.28878494909039076,0.31513295468220565,0.6081100249837447,0.6069418713302958,0.4767617863600813,0.5390392807401416,0.3476424878804733,0.3105449367449491,0.5084501270092989,0.6599342047276824,0.4281098096482973,0.4894539401316967,0.2720590315619796,0.28713342010199405,0.3237624979882653,0.4963794890721163,0.39693263034403065,0.03743741230623748,0.24428444063914082,0.4190457117413655,0.6158782209275429,0.5981985875640011,0.3570767328075848,0.41199062389791996,0.3521003574042455,0.3057910045790707,0.4749824303973139,0.010319138652885251,0.4328917245194745,0.22028625910073069,0.5117835378811495,0.0,0.5121156288041613,0.3216212251962928,0.5062161967674507,0.46081557919124816,0.41683626673892904,0.5188495609226388,0.32826290049404294,0.48429192573996716,0.4737744310923097,0.5340916731672541,0.33973507167746625,0.10633492356524182,0.40517176562708196,0.24801703469707306,0.39444883189168667,0.3527805049478546,0.5876137342064445,0.2335660842458802,0.5113319086741835,0.4572033843581572,0.2835034912074753,0.6383337247526003,0.24411168774432676,0.25611572745941186,0.5461824895763883,0.1594330057137759,0.3751394128857868,0.05386321764017432,0.5217089905338598,0.3429190452229731,0.3336478546049318,0.14600343435863444,0.39939106616403947,0.48565861776999414,0.379951850085377,0.45980425877152553,0.44588350069248883,0.38833052762652626,0.23378609249192278,0.4596964148139915,0.25363261409159943,0.30685440893120974
0.28805225661703704,0.30603497663738993,0.2987594475833928,0.3088848028827156,0.7478151435499111,0.7114845711259821,0.49629210646219585,0.5858127261517319,0.4953595060683974,0.38544856651821063,0.635876548698517,0.5672698164323132,0.41774082337950397,0.5062528657619347,0.17378632587677623,0.35959632133733793,0.46174532758046627,0.6903897509651538,0.5351560274376499,0.10417187533062067,0.22429968462897049,0.4594599012071662,0.7147557177026443,0.5386022283145382,0.5589900977689424,0.37893184160508075,0.5042158886722338,0.4452540769353853,0.6344975416597312,0.2370978216699482,0.4901838108426926,0.2110414215516468,0.6163569494928832,0.5121156288041613,0.0,0.38993616615198945,0.5218444241612941,0.42801161304789587,0.529771808032232,0.5610041856944059,0.4065448904936148,0.5607982188062255,0.5340886158554596,0.4748386143867055,0.43314491420695533,0.11427431557330281,0.5553342883789076,0.3439286053345123,0.4462325775698774,0.30714048929192395,0.7376345355747624,0.3898345441283903,0.5725990591451604,0.5517903092932099,0.41493392039958865,0.6096147303120869,0.16533913180134846,0.35490415119307817,0.5034319361172934,0.041976496994327706,0.4119272351328921,0.1878281593039977,0.6211399015954776,0.39949019624191734,0.43061536488582003,0.11177640757549334,0.47002983415088484,0.5862350142890832,0.28605414743443885,0.578485656135499,0.45540744607701855,0.5308107648997477,0.30815137793616626,0.6389556693594262,0.32036108046382217,0.3343298672874468
0.07687427688307771,0.1269706114090881,0.26318149037689653,0.15408264690450413,0.5061258527377248,0.35840961820320677,0.3376077683289615,0.3343724189569669,0.3054702770101896,0.2988390064134713,0.46679252023301415,0.5551866328677031,0.2700223709598882,0.1587276205562142,0.2102363289836992,0.18840541614724152,0.3656183049565207,0.32174911338559886,0.4532006535291196,0.3019113990945015,0.06921103594857014,0.2581570535531633,0.44367458308073726,0.48675801964554305,0.373765956782349,0.350163302492447,0.3363621085779209,0.23134006135478974,0.4671659778745535,0.3104306505045386,0.3654279849309469,0.13644634252508997,0.5422825124384787,0.3216212251962928,0.38993616615198945,0.0,0.4612267138552757,0.3842433691359712,0.2565863783523684,0.37428363723420993,0.2905260743660524,0.5103825655209276,0.4209436323996089,0.3951238012263771,0.36936748551301263,0.3217077241627208,0.19839912394886203,0.19990080228564,0.2711462714738767,0.14463674543177424,0.5898866680936097,0.19319385248285637,0.39834566895173956,0.3290669093447251,0.28220842915664446,0.5354160309959388,0.1269068593436336,0.18563210872751573,0.46035643048465386,0.2019843545394808,0.2769459550400204,0.0957131674933181,0.46599214863269417,0.25209309693257953,0.10994011170479437,0.0075729421027869726,0.2769487577998381,0.2666853029919159,0.1463033063983692,0.4193317690781829,0.262043288229837,0.2743649457304108,0.09392532607946374,0.392015629133796,0.026513660857432564,0.19280794464751233
0.1833625309264867,0.29121308272294044,0.33747015491973253,0.35693128324379286,0.6566230666913877,0.4650412449815385,0.5592486600789515,0.4398599962062135,0.41962527017443263,0.34080833360809853,0.6795751158135911,0.5310210223686738,0.3552248088507264,0.42552503624609495,0.13349869101110662,0.26257333689384077,0.518886452192757,0.5344423671882331,0.608413977949064,0.14459565935989188,0.24135481551585322,0.38146311349281753,0.5749112136388581,0.4597480763772408,0.460739119490188,0.36875881623971835,0.3767284236446965,0.3781624770328588,0.4657169796287668,0.3126577820731508,0.409202588870838,0.25327820825735575,0.6033386605428231,0.5062161967674507,0.5218444241612941,0.4612267138552757,0.0,0.5585636709581837,0.34767851994775745,0.5894223101505154,0.4149737583510996,0.4734083440453764,0.6195901747829546,0.37675153114397275,0.4350128278371548,0.35301050920826393,0.3317977170717987,0.28240259212686847,0.3923830439756376,0.3650474320758164,0.5123301307612349,0.3472798949005077,0.48656795145751847,0.4621912680435198,0.3618007125407405,0.6151289272061897,0.23813834550731774,0.2388689389186113,0.49411035575256035,0.055228364662338714,0.4719286044350774,0.18399461762538155,0.5584630062100184,0.37059009433538936,0.24633746910746007,0.15877457463438086,0.2647335519605779,0.3609804179928306,0.36169607503187357,0.5001827668854377,0.3691516449578678,0.29941108831057833,0.22932287188562886,0.45536716091151863,0.2505977153270054,0.30448383852923355
0.30709136585029606,0.15705623099440552,0.248314369262327,0.41367195701461346,0.554135148358748,0.46858745137459457,0.5105222551255825,0.46368525155444384,0.3460587982540126,0.26457717439316086,0.46870183517900293,0.5505351443341667,0.46987349714461885,0.4465939939647794,0.28340875397987125,0.31619029983498226,0.3481717767463254,0.4009298137798042,0.36440473446862903,0.053401012987762286,0.24275380277955197,0.33544056542125994,0.526938912841781,0.5873579421079322,0.3776473165874895,0.429958857930048,0.3268419687672326,0.4395312591875648,0.3826537700077077,0.0993618292114147,0.3978699497066648,0.32899446891626266,0.4706502553703032,0.46081557919124816,0.42801161304789587,0.3842433691359712,0.5585636709581837,0.0,0.4667684534910025,0.5425881386388505,0.3235131603045131,0.4302190383833967,0.4581403151206702,0.4564389116848594,0.324188089814105,0.11951527796119507,0.33695882243414926,0.25273757239947153,0.3989162398797739,0.372453820252288,0.5848376274605924,0.2887105556548467,0.4379564753113535,0.5242370322183522,0.29685828080581245,0.5693104403093794,0.25507476204713375,0.254638661170938,0.4644574401622196,0.28190844687532474,0.2685467839404723,0.0573421357642398,0.5004748533497321,0.39607994594922047,0.3001306427018684,0.23425704059788288,0.3391556559421532,0.5004384907536206,0.42094376452840776,0.4111024571797368,0.4755924948377816,0.41635209537079876,0.241905512574906,0.4022073546165051,0.17797905076677284,0.3527457574584285
0.22113003609165746,0.16464376892658275,0.2434167519019315,0.2068734527465022,0.5108507330060666,0.41567424510413487,0.370111872498777,0.35941162654422987,0.29059706899164695,0.295861308564988,0.5227084222519381,0.5833667566508515,0.23778356220076816,0.28609752722603093,0.04483289576869981,0.2077340050598504,0.36776979027993245,0.4324004702460402,0.3523116617955441,0.3300118098433335,0.16356510211616648,0.30741636337994926,0.44953634528669945,0.5098912627708901,0.41570420371536054,0.3501225100613492,0.26607272691077377,0.2740445305385039,0.4213951325049029,0.12750926475638644,0.37287671740320855,0.37892728613791515,0.38300888148394374,0.41683626673892904,0.529771808032232,0.2565863783523684,0.34767851994775745,0.4667684534910025,0.0,0.42280231714996397,0.32077527096971825,0.4579903673671097,0.35821423895524945,0.33245591829583965,0.4930540602695196,0.07540867941326962,0.3484084470289163,0.20367078573483766,0.23696634031813252,0.21171099441636215,0.6127096116859105,0.1715710197854951,0.41698812567701005,0.36658481714024804,0.26096448273431905,0.4049386183829177,0.16605620407405478,0.26356206185665043,0.31699762460122966,0.2701310622028737,0.29556791729027465,0.07880901393646655,0.5674096852180377,0.25280313251101477,0.20136358122884687,0.10761933029214588,0.32264569217332173,0.3119299657455917,0.2735919374846352,0.398497076667618,0.38969674212058736,0.38213178919841595,0.19142520936910618,0.46665414972458197,0.12804671946487153,0.250506708833581
0.2434569086151331,0.2188249029209735,0.43956943629256273,0.4114463269101115,0.7295761435524766,0.655364926941601,0.6721681951702471,0.5343996063866987,0.5271748827769935,0.5089074849518295,0.7574941827660382,0.7043458411974639,0.651819857749069,0.4130557871210961,0.23894100294944376,0.39902338473795035,0.49992973988865536,0.5958415004891473,0.5986805679379574,0.15114769745216125,0.2238337284819114,0.5327879145668795,0.6374540191028653,0.6490542140972981,0.5178242935596546,0.5343840504158471,0.49074441409288994,0.5718829288735651,0.6436247991027109,0.3208292539659343,0.5388672670121337,0.386013922502743,0.6195211348052186,0.5188495609226388,0.5610041856944059,0.37428363723420993,0.5894223101505154,0.5425881386388505,0.42280231714996397,0.0,0.4138290915428209,0.6927161389073475,0.6694877971724977,0.6668144455058813,0.6019522333930762,0.050541847513682125,0.4268029692840001,0.41482112112660374,0.5415995088877542,0.43245339934672483,0.7837651070175332,0.45740173859646466,0.4750208027519003,0.6252272716490959,0.47678162891970877,0.7065923889988746,0.3656323196169502,0.371604564298358,0.6186421164178634,0.17119439622997815,0.5439419921875052,0.1966963614775879,0.7497053814095797,0.5481811871404036,0.4524053209345426,0.21506342394294903,0.5342772233030719,0.6182240350346355,0.40320550234552055,0.5373610005926046,0.4855372144254551,0.46743978361478333,0.3369103231687284,0.5747329886315116,0.16975683643817324,0.38320098176210515
0.20594979981703346,0.08805722116458142,0.2091535270167364,0.21968668141772557,0.49893627638199894,0.5270457772548072,0.39988004233737917,0.39936798340959473,0.27665099483105166,0.1946329888990284,0.400840429113752,0.5350596494824387,0.31770557694060964,0.3123521311694536,0.16639404097263846,0.167308341045293,0.2486406720857968,0.47797609209114555,0.3210355683881574,0.19587771728344175,0.19337017512510077,0.2489874079281976,0.5090019699087698,0.4352030246778507,0.40358279057343305,0.3750253249552468,0.25925173879803887,0.30538652422400014,0.3833566934313358,0.2805436423287341,0.3897699532292707,0.16338042011326273,0.4461251015296399,0.32826290049404294,0.4065448904936148,0.2905260743660524,0.4149737583510996,0.3235131603045131,0.32077527096971825,0.4138290915428209,0.0,0.49112366869448487,0.4166079099505473,0.3914490392521961,0.43373949105232906,0.11762023844755048,0.32817017120694664,0.19434700064673702,0.3210236962989551,0.32221004574971657,0.5532259336124146,0.18286290598755878,0.4337346405543886,0.31815621020814294,0.2521936377979054,0.5451738073627537,0.16132266409896234,0.21111131934177982,0.40497024009963256,0.048492980654205875,0.21236846690024663,0.0038141929644419648,0.5707424083442665,0.3133172755025058,0.21889110967976375,0.13256689852948467,0.30126503805431515,0.40340665113510593,0.2819873974102938,0.3475582541777378,0.47319507550245166,0.3274879112344679,0.1207076350024188,0.3235265803443984,0.26741219669156324,0.21342877458114623
0.3507416614716028,0.303246292531483,0.40621793757104335,0.3900325238482043,0.8227029797816547,0.8095500030506957,0.5654045663736164,0.6033167597363579,0.5488827554973057,0.47107777904291276,0.6651590426342013,0.783020237738556,0.547659446992646,0.4937776030059472,0.2043800137956794,0.35570118751566665,0.4012857287238338,0.7210460992363472,0.6191788150234981,0.10629899999332748,0.3255797720240239,0.49892313408226185,0.8367284992823362,0.6599173720314621,0.6347507588950365,0.6148148842171375,0.5747043948212089,0.5388729799763384,0.7338648325202541,0.37216182085385835,0.621859212656807,0.36383755040667565,0.711432966752361,0.48429192573996716,0.5607982188062255,0.5103825655209276,0.4734083440453764,0.4302190383833967,0.4579903673671097,0.6927161389073475,0.49112366869448487,0.0,0.7047254886485073,0.4956859284412771,0.5592189066389721,0.13816738440459742,0.6194783022809057,0.36365343394968735,0.42217161665721537,0.4631943586244671,0.8767986777104047,0.4167777247271887,0.6179675145506812,0.622798807142374,0.39192801549346756,0.8147586426955269,0.29557199795143935,0.3339493320239669,0.5921690667079491,0.12422217221937909,0.6612931471048255,0.22254328599264822,0.6956202333853323,0.4939096712393875,0.5605368735223527,0.1758284372495963,0.63376320549034,0.6916744568308439,0.41807402656517395,0.6238309845660589,0.5641955472531158,0.641772445741648,0.32614746870828937,0.6575946398986746,0.28434633166305184,0.4567789253362947
0.2454608291308108,0.23915148950218912,0.3276137869359921,0.34793267933902705,0.6785376738052206,0.5300554250301565,0.5403853484339888,0.5542736712574748,0.31698882351838,0.4234888615529745,0.580403274187649,0.6607656733023453,0.4026089207328244,0.4409450612133811,0.16756149803041054,0.2669382060363013,0.29458218610727527,0.4635879053035078,0.5966921763339156,0.3249768736964421,0.3231028613583335,0.3179104393051383,0.6255064144602764,0.6058135542610481,0.5080282174467923,0.5503762623006119,0.3688413174433907,0.4061921525639243,0.5602711402288542,0.2915618173806268,0.4066761295954956,0.2438033803442876,0.7665078697045028,0.4737744310923097,0.5340886158554596,0.4209436323996089,0.6195901747829546,0.4581403151206702,0.35821423895524945,0.6694877971724977,0.4166079099505473,0.7047254886485073,0.0,0.49158529677378554,0.5060265360127935,0.3120276991419671,0.3472491944904842,0.2787687118080914,0.5341081546675364,0.43633207035248,0.6245001513122278,0.28642778132342583,0.42881924252427045,0.5659088414579326,0.36005386365715036,0.6355041759665684,0.22795918045892655,0.3756574055842574,0.47923328160420453,0.2529772468918322,0.3108935463305974,0.11124173714490315,0.486016499993933,0.3664912665999517,0.2425050774668866,0.20626160730914028,0.324212310051211,0.3993629073594229,0.3878415411653048,0.4425790185455796,0.43922921274644766,0.299427698852741,0.23203325874980385,0.5127940524698477,0.1353707376325308,0.26778333185202385
0.22739374129390966,0.24812188638620417,0.36941604350348467,0.32951047324744054,0.6064745347450157,0.48302231428858433,0.4890820344072085,0.423301239866001,0.3364398291926929,0.3330102131825361,0.5298432814616306,0.5981261127853819,0.42255697439928586,0.4840619354250834,0.16991565839633072,0.30971119783917533,0.38102064684527776,0.49833581867082305,0.5145862280451863,0.1306733098323155,0.19931648537231125,0.3887414148323229,0.6382139716662889,0.48496278985162555,0.42009341249380705,0.4610809619763385,0.42382269347119816,0.4280361698977189,0.47569154609940395,0.27339861510555624,0.44946665843985234,0.23190547605689316,0.6194893992808361,0.5340916731672541,0.4748386143867055,0.3951238012263771,0.37675153114397275,0.4564389116848594,0.33245591829583965,0.6668144455058813,0.3914490392521961,0.4956859284412771,0.49158529677378554,0.0,0.5162730343480144,0.04644126408294036,0.39211352018481754,0.3056353062694259,0.35083470832148134,0.3659570103355412,0.564469693351342,0.30542313483225136,0.4957490312598983,0.45330755597368344,0.4332325093115006,0.5661436501073931,0.19747586509343257,0.3325547794486105,0.42430528033959636,0.034082413215380025,0.3382056093941296,0.19563075272947197,0.4639510031217532,0.2992270608612009,0.37235852572666694,0.17200514664626876,0.41212650482192464,0.4391093726761243,0.3003481645007293,0.4315504721798772,0.4033649201397459,0.4013653179624755,0.34299773765419084,0.4372664970279483,0.18550365615838993,0.3692081816656796
0.3175672869353988,0.182311861143865,0.27571401927639405,0.2961656692329814,0.6016816482222372,0.6143078548611451,0.5635542698539023,0.48782991498587763,0.32908360012090865,0.31687901443645583,0.5955999260032598,0.5635183293812293,0.4642178078866053,0.44978930861160016,0.40894198299847095,0.24217388735488682,0.39166061602789093,0.5491781789459548,0.3385814987901721,0.027390213279749887,0.2968564897171402,0.3232077948098517,0.6120360160068654,0.5222337326465074,0.48818681837635824,0.4797600156601788,0.47728022659690406,0.37591636857401417,0.47986634442580917,0.12799304443433923,0.5601317562215823,0.20845124044772462,0.4580496141223166,0.33973507167746625,0.43314491420695533,0.36936748551301263,0.4350128278371548,0.324188089814105,0.4930540602695196,0.6019522333930762,0.43373949105232906,0.5592189066389721,0.5060265360127935,0.5162730343480144,0.0,0.14865814006815425,0.5142540858281015,0.24763678011892892,0.43948038387851834,0.431105176037195,0.7097670334515006,0.3737664003250586,0.5129249115833073,0.45006277478417345,0.3047710172265363,0.7168287613697577,0.2542349214731097,0.3609314050699936,0.6321552779103157,0.17253394375902925,0.36754027893784424,0.04501530188873021,0.5405351463284274,0.4833109403431171,0.42744232469942883,0.2802781919735064,0.5129815709611385,0.5700523046053911,0.3022785776867889,0.5437069463145259,0.4551850291884309,0.4111727031532046,0.2447724024263055,0.5312574749711246,0.2690133586618789,0.33356519987273714
0.11337063012988062,0.37682732037294586,0.31085130010761647,0.2831788516304585,0.13325081782525477,0.31866476786688014,0.40792392263301364,0.08172106994381703,0.41016599818306615,0.25688108281455013,0.27339077718706617,0.1741588804687779,0.33438318235076225,0.3789941360796181,0.15016939765045445,0.1845331048890979,0.21916559325746277,0.24566714251374328,0.22663794498046697,0.2143350379226718,0.07938359785969357,0.19435328479370384,0.30760870864250206,0.19962890437986994,0.20665390355994914,0.0616263569828773,0.34988536994629177,0.3073201875562281,0.2788679773461732,0.3038273095785335,0.3612991462891922,0.35253094215973674,0.08371166348608644,0.10633492356524182,0.11427431557330281,0.3217077241627208,0.35301050920826393,0.11951527796119507,0.07540867941326962,0.050541847513682125,0.11762023844755048,0.13816738440459742,0.3120276991419671,0.04644126408294036,0.14865814006815425,0.0,0.27090295605736014,0.2108081014775267,0.32048826851406853,0.31772882634503463,0.31883514515966616,0.38433401445797805,0.2975077096985367,0.2905915042466954,0.31171844582447783,0.06717611801331957,0.1006454541229328,0.3475113536141448,0.25817823403858237,0.2688367232735238,0.21573467858334577,0.33049113170304856,0.27217086575794114,0.28740381943786664,0.23662507210631395,0.17996183366989035,0.24608039104999085,0.24870472308371394,0.1619637998410931,0.220431927608515,0.136431081982543,0.2879376004578331,0.29983483617052886,0.21453290730055893,0.20312821899560787,0.266671237937941
0.1616377816675047,0.2507411260704848,0.14710116879386775,0.19222079451494373,0.40455900619771323,0.42055445449569356,0.3679062673533031,0.3782849135755966,0.30808081906706686,0.19945819591235608,0.2944786778834385,0.40950490312586224,0.31801899714655707,0.252076134764379,0.28966551842621824,0.14411444537691948,0.4015527849339034,0.43888117887136235,0.40159780802119666,0.15712070430730463,0.03871899645686572,0.26286465185444025,0.41707806163485117,0.5286957685408229,0.3044543902552908,0.3489255324267271,0.1636778145806163,0.28897352538301535,0.3344556034347095,0.014566059106846857,0.33592182780201674,0.18607160641059087,0.5563775302660753,0.40517176562708196,0.5553342883789076,0.19839912394886203,0.3317977170717987,0.33695882243414926,0.3484084470289163,0.4268029692840001,0.32817017120694664,0.6194783022809057,0.3472491944904842,0.39211352018481754,0.5142540858281015,0.27090295605736014,0.0,0.20997214782327445,0.3082236549517693,0.2098640051831411,0.5857287160198266,0.2501172164957256,0.4391281251022766,0.42154808333597116,0.21187425345835748,0.41514483990471596,0.2425477910298364,0.22195784507528976,0.30762470166111544,0.165452517939903,0.26969950366711654,-0.01159692859110914,0.5006495213657963,0.28967320902836374,0.12231786647642805,0.28194091189621723,0.2532082556856671,0.30187177828861694,0.14218714303861624,0.2775959477014559,0.28302084070445177,0.24226877555013449,0.09883670613925508,0.37188788087401936,0.3482267961768093,0.21863186082417213
0.08644839981640487,0.24719717917215805,0.1026540323553711,0.1063372421116166,0.351097211096609,0.32311804608716754,0.3483062361270128,0.31985936948234606,0.1018770899310158,0.1355152213214185,0.2502448213394396,0.41511036260437534,0.23770150591738703,0.22320821846803765,0.20852023348180204,0.17149340510414182,0.20294379062546336,0.16476561372773418,0.19517721151690898,0.14522343698350323,0.03834734099721565,0.045403904396478234,0.3117614105476012,0.35931416682560735,0.15580088317195806,0.23771702109984655,0.21405075156303519,0.16775838680436322,0.1690935588196854,0.22996281723649917,0.12130457221980954,0.10558137243808532,0.3404794233251654,0.24801703469707306,0.3439286053345123,0.19990080228564,0.28240259212686847,0.25273757239947153,0.20367078573483766,0.41482112112660374,0.19434700064673702,0.36365343394968735,0.2787687118080914,0.3056353062694259,0.24763678011892892,0.2108081014775267,0.20997214782327445,0.0,0.3307790913961494,0.22431219926272616,0.271834315159284,0.19819269189213967,0.27688717849599026,0.21454618463552258,0.19878643096645982,0.25268273498002847,0.2450145695022138,0.14988909176957366,0.32998959688616253,0.2790897895828305,0.13546422261441193,0.22200761682080442,0.21255491797640091,0.07810367164141346,0.2965001455618406,0.24961911007608284,0.15214441853924832,0.10376284668620114,0.08509515690264621,0.1381765197594627,0.22244695938840603,0.09095035920249861,0.09002514364473202,0.17518305436328713,0.20462966950791636,0.07866710040718883
0.21562032505615267,0.1487635067366178,0.2847256449507315,0.2786415018513241,0.5390591713014454,0.40285432289732304,0.3135366958141157,0.4464411302519723,0.2809583203766429,0.35509345010258775,0.5048837902404647,0.4756109094194604,0.27159511695215155,0.42499337151852495,0.08778896463931818,0.2624779910552122,0.3270786288750357,0.49969240829182127,0.4603001357159018,-0.004144785721137079,0.1617872893828159,0.30448532862751243,0.5014091150284223,0.41160232470640307,0.4548498266832781,0.3109561296455281,0.32912410385755647,0.3416348908030409,0.44655097688819745,0.19495995597339116,0.46116448878219074,0.1925475819791504,0.4934440484697926,0.39444883189168667,0.4462325775698774,0.2711462714738767,0.3923830439756376,0.3989162398797739,0.23696634031813252,0.5415995088877542,0.3210236962989551,0.42217161665721537,0.5341081546675364,0.35083470832148134,0.43948038387851834,0.32048826851406853,0.3082236549517693,0.3307790913961494,0.0,0.357518095828478,0.5381908963197362,0.19912714224950717,0.4006178698182584,0.3137148088127233,0.31182994334796466,0.6334862119548657,0.13537217496214615,0.20879049713367243,0.4732188629037051,0.269383214270472,0.3801194587208673,0.1713282754238275,0.5156550054754228,0.3535990230411561,0.2685243646218859,0.06850136100819887,0.3282695646171329,0.3541305969225795,0.19119882454362305,0.4563161186774522,0.3257131797551704,0.37021897759923994,0.18993573768848837,0.41557444741207306,0.1148699149333406,0.194251760994487
0.06707530978682338,0.10652803056447177,0.25107792576485266,0.11654946726128168,0.48868536220542114,0.24822316407796208,0.32201986165465324,0.31389930845186087,0.1494673095598901,0.31669944379104126,0.43344144950242813,0.4375846151035293,0.10679899756272665,0.3068229476363149,0.27682868724090964,0.22301341249942688,0.29637502801076804,0.2486178676909642,0.42685732252219244,0.33679059953842294,0.12993067650416398,0.14458007455638933,0.3071580081593366,0.399051038610308,0.2771632704980227,0.21375406153408924,0.14206643008934267,0.3094189605245505,0.2944995009162676,0.16797925715337508,0.3425037616339841,0.1744691877621421,0.3942046127013565,0.3527805049478546,0.30714048929192395,0.14463674543177424,0.3650474320758164,0.372453820252288,0.21171099441636215,0.43245339934672483,0.32221004574971657,0.4631943586244671,0.43633207035248,0.3659570103355412,0.431105176037195,0.31772882634503463,0.2098640051831411,0.22431219926272616,0.357518095828478,0.0,0.3535102321732283,0.18507636480862466,0.3641993330827294,0.2779907729539333,0.30458669294154384,0.4366837602113459,0.10563587206557179,0.18245673841476057,0.379266550754593,0.3025965068258204,0.22487305881034209,0.0849349926052978,0.3619616748455958,0.2573843392799163,0.07296172418784264,0.07718274160611643,0.17915572543969843,0.25283271595164314,0.15355478390520033,0.23386615431395646,0.22829834412560113,0.24778355867004184,0.1669574963045567,0.336752992324479,0.033953502478002134,0.11926346950817496
0.3558201893892135,0.256296129308192,0.30484292712261296,0.349457392667166,0.748321863377287,0.5585562550908587,0.7121762390887205,0.6575339666385638,0.5355015459816973,0.6234427406069727,0.5565548240674061,0.7451197770477012,0.6129559091248172,0.6067988580297679,0.09640666584086421,0.33947542738261954,0.6886192630469159,0.5236528036264666,0.5362344694681545,0.06567316255828715,0.30633859927202856,0.4522225082458755,0.6317482792399549,0.7900320213026673,0.48696437736687787,0.4885705599588401,0.406925480941806,0.6104560460684704,0.5920871567694335,0.34631152597182735,0.4867348829313058,0.46806983158992876,0.7002832518246935,0.5876137342064445,0.7376345355747624,0.5898866680936097,0.5123301307612349,0.5848376274605924,0.6127096116859105,0.7837651070175332,0.5532259336124146,0.8767986777104047,0.6245001513122278,0.564469693351342,0.7097670334515006,0.31883514515966616,0.5857287160198266,0.271834315159284,0.5381908963197362,0.3535102321732283,0.0,0.4636259984921119,0.6201090337049866,0.5095994866005749,0.5180308965912607,0.6758700884450801,0.1857802296521581,0.37940308868252365,0.6311516580356344,0.2612548686651022,0.5931161311062748,0.20100600866158175,0.6581792428925397,0.35382113865485865,0.5461712232244331,0.18082949714705476,0.549140314217569,0.47226252416315234,0.31419671071624555,0.5233869474603425,0.6292878891489154,0.5105284612196689,0.36471009621168876,0.6449517245490584,0.30699568725620113,0.5215775797079328
0.1493387853726018,0.15240433380624868,0.2429493681661945,0.17281776880873995,0.46659497089643504,0.28960842556305605,0.2749105365029031,0.359035874268015,0.19468327396905263,0.3057425163037248,0.3423701407399802,0.38541031705682244,0.10853333478292537,0.3161005730545875,0.25818353298348695,0.15629386994562147,0.335775584159384,0.3255757292640783,0.35127430209726346,0.2970535848420721,0.1111845673856317,0.21692236413956845,0.3723461974976915,0.44906737516870454,0.32626679002501824,0.2862651791193042,0.1819176250517656,0.2494008354163962,0.3321011846432863,0.1601629286849064,0.3237323074504806,0.178848663743975,0.31700631495327203,0.2335660842458802,0.3898345441283903,0.19319385248285637,0.3472798949005077,0.2887105556548467,0.1715710197854951,0.45740173859646466,0.18286290598755878,0.4167777247271887,0.28642778132342583,0.30542313483225136,0.3737664003250586,0.38433401445797805,0.2501172164957256,0.19819269189213967,0.19912714224950717,0.18507636480862466,0.4636259984921119,0.0,0.3833245758262421,0.28141079441245004,0.27737056698240603,0.44507796755816365,0.11734466832471546,0.23743229130444876,0.40031355046701433,0.22521576537133486,0.19230701732065095,0.13752367726070786,0.38777032480841417,0.2257032247101553,0.13306757326083785,0.047841865023750596,0.23176809030840373,0.3335765352779685,0.1459931899071139,0.31595968167075833,0.2574496787220676,0.24493334707503137,0.1693646786448837,0.3789798573342546,0.1902303387517555,0.19629017851324393
0.3121162853498497,0.18235842474700376,0.24665220088504247,0.39101077640048554,0.7423591630257842,0.4066616143003092,0.5429902098935611,0.47230758240800785,0.31555304639627585,0.39264732442410544,0.5712877525003146,0.5863966127803484,0.461910062812829,0.4456461836313007,0.3071396591444627,0.2145168594013025,0.4196790076949513,0.5661805173917686,0.24050128799105544,0.063468128970675,0.2481654269075186,0.39002283495552303,0.5138297533677181,0.6243220373662872,0.4741744064278629,0.45773454411536485,0.3711276965119089,0.41607456854498603,0.5129323935852429,0.06622488385478667,0.4149796993886123,0.353746547229943,0.5384197275234855,0.5113319086741835,0.5725990591451604,0.39834566895173956,0.48656795145751847,0.4379564753113535,0.41698812567701005,0.4750208027519003,0.4337346405543886,0.6179675145506812,0.42881924252427045,0.4957490312598983,0.5129249115833073,0.2975077096985367,0.4391281251022766,0.27688717849599026,0.4006178698182584,0.3641993330827294,0.6201090337049866,0.3833245758262421,0.0,0.492317425069226,0.34931698695670044,0.5873345707124688,0.30591543424556233,0.32436112457619526,0.5217107483421767,0.24856212634923672,0.36890512620490223,0.16152865095734736,0.5328858646049454,0.4381018463294064,0.3059585660252812,0.32200330107967334,0.3466314767008884,0.5013158473524576,0.42226695182344665,0.5205184731578237,0.6066366747072847,0.4398597534946829,0.25595734775513035,0.5400720888330086,0.15006159071998765,0.33095842121050745
0.1813065891781515,0.14242674330506136,0.26079636316615173,0.3369666471434046,0.6219767154858866,0.476669814978435,0.4950621269025275,0.43819590845209677,0.3083013263544383,0.42578726332941047,0.45950787713077124,0.5127530865736291,0.4191811976752177,0.4071524445671232,0.0205761198852685,0.24646366307887252,0.5590958122975414,0.47674998145292924,0.44858192089471943,0.2820363270156553,0.1477551317456462,0.35582189937465325,0.5252282468063926,0.6085067136721977,0.3786111979573235,0.41592217044013,0.40570282202630736,0.39646352500661736,0.48782411633751854,0.27477596613580374,0.3877959439789187,0.19828763680635048,0.6178329649998338,0.4572033843581572,0.5517903092932099,0.3290669093447251,0.4621912680435198,0.5242370322183522,0.36658481714024804,0.6252272716490959,0.31815621020814294,0.622798807142374,0.5659088414579326,0.45330755597368344,0.45006277478417345,0.2905915042466954,0.42154808333597116,0.21454618463552258,0.3137148088127233,0.2779907729539333,0.5095994866005749,0.28141079441245004,0.492317425069226,0.0,0.4096704590470894,0.5248324719446863,0.10188995314099444,0.2476290717343116,0.5522037172427314,0.2852994314798788,0.3967178925056083,0.10310962171391733,0.49960076482112237,0.2528682567733853,0.33206258456733406,0.06419803714224653,0.4312524130005038,0.32937095985175796,0.24050561605217408,0.416497668897082,0.3869272819103569,0.31023164745169696,0.2912868200718883,0.4530742200843376,0.19667175677695922,0.3083603500737336
0.12166022677228949,0.15459629771271574,0.2179069665226532,0.17710611614191213,0.45415672830394505,0.24995324121878687,0.401260989487509,0.31153107430198645,0.26296409734135395,0.29521652950508387,0.3866925309300205,0.4220229259165959,0.2512122483106831,0.24798177318991185,0.23381479333499847,0.20107401129787128,0.3725768292881494,0.350324127106989,0.3543441354650389,0.3358324994850709,0.08923467517316325,0.21088649582609245,0.40454824112355553,0.3456766461460164,0.33095147970158323,0.2060232354731279,0.15819417674159378,0.3071436861559079,0.3923909095171386,0.1803015527511681,0.2816951238921347,0.2897221697388523,0.306356499722367,0.2835034912074753,0.41493392039958865,0.28220842915664446,0.3618007125407405,0.29685828080581245,0.26096448273431905,0.47678162891970877,0.2521936377979054,0.39192801549346756,0.36005386365715036,0.4332325093115006,0.3047710172265363,0.31171844582447783,0.21187425345835748,0.19878643096645982,0.31182994334796466,0.30458669294154384,0.5180308965912607,0.27737056698240603,0.34931698695670044,0.4096704590470894,0.0,0.504589695296112,0.041698281398155346,0.22786712189782243,0.4209861808304637,0.2284110383364321,0.19184731344331676,0.06635996776835762,0.42410749649138335,0.24344688314691165,0.15235086991428065,0.031496071305474826,0.3261383420543764,0.2890405210476903,0.16413693956929262,0.2851323185933835,0.26492714680936424,0.21139181214448366,0.15796742408418513,0.3318693749599913,0.171119282713169,0.18112482424386245
0.21031106488626677,0.24561179887706955,0.3027302685117069,0.37740885320455064,0.6892605747658431,0.552528288059776,0.6726597931650896,0.4988185272418222,0.4671657870043369,0.4903627091544256,0.5125012366389206,0.7541122827798267,0.4846527202504738,0.5217249162970453,0.1441911042150708,0.3264523241137901,0.5065378088898222,0.5179093069789352,0.44979661736190374,0.17688922078598102,0.3113300853652027,0.4099419573139679,0.6860222488827534,0.6267951487079271,0.52116930126061,0.48023244169701235,0.3096855922836525,0.4751211490818076,0.46136203803600995,0.297589384555636,0.5911286892762169,0.34238364590576914,0.7070474852778392,0.6383337247526003,0.6096147303120869,0.5354160309959388,0.6151289272061897,0.5693104403093794,0.4049386183829177,0.7065923889988746,0.5451738073627537,0.8147586426955269,0.6355041759665684,0.5661436501073931,0.7168287613697577,0.06717611801331957,0.41514483990471596,0.25268273498002847,0.6334862119548657,0.4366837602113459,0.6758700884450801,0.44507796755816365,0.5873345707124688,0.5248324719446863,0.504589695296112,0.0,0.23798397796863477,0.4494768184558454,0.6226069237699294,0.24215878164589577,0.4431417530021422,0.18616814873411225,0.5790296245057042,0.32010835503786383,0.303887632821428,0.20848820113282057,0.4280022439584248,0.44899055763005924,0.3034922127255927,0.4397321812260333,0.45169822951292093,0.39349385797979414,0.38297349901387223,0.5153282013671001,0.2615442956066394,0.4036160960107291
0.15515482600181782,0.32480663760492895,0.2601883905729225,0.11840124186118811,0.323337372869731,0.09645552384806733,0.21914342130985504,0.24420681859548318,0.2863242938314414,0.09068004408540198,0.21747563871766779,0.34867371440108885,0.13248945013476,0.11900965862525031,0.10976686743226777,0.3280671622831526,0.08790881527642685,0.1783058842106655,0.06149544419814412,0.2717760134249676,0.10752873711740815,0.3774287728538106,0.15653542713418936,0.24538609958301613,0.10976776101396596,0.13396538074532977,0.2661046749965694,0.05971799685760637,0.257337859410885,0.3000883022308487,0.14006909594994513,0.08675200627657675,0.2506268589068922,0.24411168774432676,0.16533913180134846,0.1269068593436336,0.23813834550731774,0.25507476204713375,0.16605620407405478,0.3656323196169502,0.16132266409896234,0.29557199795143935,0.22795918045892655,0.19747586509343257,0.2542349214731097,0.1006454541229328,0.2425477910298364,0.2450145695022138,0.13537217496214615,0.10563587206557179,0.1857802296521581,0.11734466832471546,0.30591543424556233,0.10188995314099444,0.041698281398155346,0.23798397796863477,0.0,0.07403312511029614,0.23112729238452695,-0.005183468922275197,0.26113220087469946,0.2920854963604729,0.1842136989372288,0.04238462669381582,0.20159628604011923,0.12119615479887769,0.23850521513614728,0.12680331227212854,0.13551466403353238,0.04894203500315236,0.15457556421551236,0.2744531839105539,0.2994199338820258,0.27120360916731057,0.14432975570476453,0.012528391421904872
0.11519726512800843,0.031987127165857276,0.16149493384725216,0.10281200210217012,0.45112127636613203,0.2329142425699393,0.3263590442332893,0.26988570083451197,0.18211387973682297,0.2875280085367496,0.3589992949994813,0.43787286790727176,0.2255934052830273,0.21136821807585965,0.23122512587440164,0.06304477777751394,0.3314758663626948,0.2569946375305513,0.282876982841988,0.28540447594140705,0.06989776404061676,0.14935658600668797,0.30391401846261606,0.41326863593072427,0.214512469732459,0.19179463205268887,0.11102385100623552,0.2603053594428254,0.2806624315070875,0.13491443264255593,0.23644665135555493,0.10936455555644256,0.3255275798475635,0.25611572745941186,0.35490415119307817,0.18563210872751573,0.2388689389186113,0.254638661170938,0.26356206185665043,0.371604564298358,0.21111131934177982,0.3339493320239669,0.3756574055842574,0.3325547794486105,0.3609314050699936,0.3475113536141448,0.22195784507528976,0.14988909176957366,0.20879049713367243,0.18245673841476057,0.37940308868252365,0.23743229130444876,0.32436112457619526,0.2476290717343116,0.22786712189782243,0.4494768184558454,0.07403312511029614,0.0,0.3862159081161267,0.28103317079249496,0.14954115776939272,-0.010494526095333245,0.4007060110789997,0.2413234533411523,0.0417348727392739,0.005641025982606462,0.18711559372559347,0.25330003542729757,0.12388545983508936,0.2792874266305573,0.2115728698290133,0.25380454511657136,0.11291259176182394,0.3377752215258458,0.08463577196742156,0.1241098228785234
0.14140992611476433,0.19189936161436186,0.3869671650105225,0.3418843607315789,0.6276035181790701,0.4065067249768258,0.5026949798836401,0.45079347514695084,0.3138855721482562,0.42619410383007783,0.5354965772409448,0.622656710772763,0.4650647881138839,0.5021528007460537,0.10140674586066212,0.3151242310688961,0.3422272049859454,0.3987889612403329,0.67593737792752,0.27383308464370926,0.24051121641870843,0.30568121440651036,0.5576342388313591,0.5171739003473725,0.5451822141076601,0.4939817670154192,0.33645179723401286,0.4758348099400684,0.5194649680338824,0.3374705822823038,0.46823799108715514,0.24243881290067104,0.6656782130503114,0.5461824895763883,0.5034319361172934,0.46035643048465386,0.49411035575256035,0.4644574401622196,0.31699762460122966,0.6186421164178634,0.40497024009963256,0.5921690667079491,0.47923328160420453,0.42430528033959636,0.6321552779103157,0.25817823403858237,0.30762470166111544,0.32998959688616253,0.4732188629037051,0.379266550754593,0.6311516580356344,0.40031355046701433,0.5217107483421767,0.5522037172427314,0.4209861808304637,0.6226069237699294,0.23112729238452695,0.3862159081161267,0.0,0.2678780754476766,0.4119475378673672,0.22047877497214347,0.5210534434064654,0.46514736636170967,0.1927129579487075,0.08636628046753089,0.3712201805362746,0.3374229190861848,0.2663355128853723,0.41596551586146124,0.3519076750174626,0.345947721830441,0.2754689549738883,0.5554801073293394,0.08961319578820814,0.27408321419561277
0.25780641889830863,0.3078140471254574,0.14454018988957307,0.14421466617531437,0.014505955756769745,0.29791614196043176,-0.012759134982681275,0.1620902669319746,0.3208380245147271,0.31979771196419116,0.18298297525027069,0.14690852691759368,0.22966575973586842,0.18552169966248402,0.1754165026511074,0.15721840959775735,0.1973866781284056,0.2813028675477239,0.18651780799460044,0.15950207546972658,0.02696694178172032,0.25529514885000915,0.27258144584670235,0.20971670228786518,0.3501636923377155,0.021973405340901836,0.18494002107874277,0.2518563878498149,0.2075248829203391,0.2880844418497045,0.296385499490442,0.1865674068698039,0.13081860357080638,0.1594330057137759,0.041976496994327706,0.2019843545394808,0.055228364662338714,0.28190844687532474,0.2701310622028737,0.17119439622997815,0.048492980654205875,0.12422217221937909,0.2529772468918322,0.034082413215380025,0.17253394375902925,0.2688367232735238,0.165452517939903,0.2790897895828305,0.269383214270472,0.3025965068258204,0.2612548686651022,0.22521576537133486,0.24856212634923672,0.2852994314798788,0.2284110383364321,0.24215878164589577,-0.005183468922275197,0.28103317079249496,0.2678780754476766,0.0,0.22545324161431782,0.25680120785064253,0.2567720031964024,0.2523162721458314,0.2127342620923931,0.1577082470049924,0.2522594256084495,0.22376759851832723,0.14578099806538028,0.16238898346002334,0.0475692967961196,0.24798776557698216,0.285137857822801,0.2187320476327989,0.32112292327277475,0.22997213958790677
0.0792858275706585,0.33754245163067237,0.06456275994134528,0.24208826412977763,0.46900660890425916,0.5187774442944453,0.467111263344392,0.3806014950907115,0.308817637929579,0.28019538743230676,0.27432052982845767,0.5371027019157442,0.30672277556985117,0.2977601955982308,0.16641973714940606,0.14985793233392422,0.2694965204215048,0.3498179375002368,0.2947025488989583,0.16171790083316107,0.06013138350193614,0.19523116661216425,0.5581590997600038,0.48554415939916074,0.2584621506322917,0.334044568342028,0.1709356462837435,0.29189102351812973,0.3433661159335045,0.29874427312349133,0.2869816123620041,0.12952586512874728,0.5523126069012437,0.3751394128857868,0.4119272351328921,0.2769459550400204,0.4719286044350774,0.2685467839404723,0.29556791729027465,0.5439419921875052,0.21236846690024663,0.6612931471048255,0.3108935463305974,0.3382056093941296,0.36754027893784424,0.21573467858334577,0.26969950366711654,0.13546422261441193,0.3801194587208673,0.22487305881034209,0.5931161311062748,0.19230701732065095,0.36890512620490223,0.3967178925056083,0.19184731344331676,0.4431417530021422,0.26113220087469946,0.14954115776939272,0.4119475378673672,0.22545324161431782,0.0,0.2280000919000957,0.4018530076503747,0.19501074764387916,0.17510237864277972,0.2187280423100538,0.2693480796800952,0.22126910891388896,0.12885845319327194,0.2613293439367528,0.320858071629551,0.26664938200531163,0.08193317898413022,0.29610865537690817,0.008218568449355923,0.16225640350525453
0.20290603284149475,0.23987211650032517,0.21625189717523208,0.08016868314141379,0.2717747717353699,0.027161859798083887,0.17302528619574709,0.12351189968343682,0.03431262927353168,0.1063573131988414,0.157385248859438,0.13049614834603457,0.06364878109665661,0.12593960358923845,0.210764020793418,0.2864795559758194,0.1882062025114176,0.10992242642942027,0.07288744015662729,0.17176905918350352,0.2597666996665432,0.17253541789933988,0.08928909528084342,0.07249619905183971,0.04323380832943108,0.0017712138800354271,0.2167165286115118,0.018548553220106734,0.05834530906499305,0.2028173571894951,0.23994172177526876,0.0037090260147344956,0.23129480538764238,0.05386321764017432,0.1878281593039977,0.0957131674933181,0.18399461762538155,0.0573421357642398,0.07880901393646655,0.1966963614775879,0.0038141929644419648,0.22254328599264822,0.11124173714490315,0.19563075272947197,0.04501530188873021,0.33049113170304856,-0.01159692859110914,0.22200761682080442,0.1713282754238275,0.0849349926052978,0.20100600866158175,0.13752367726070786,0.16152865095734736,0.10310962171391733,0.06635996776835762,0.18616814873411225,0.2920854963604729,-0.010494526095333245,0.22047877497214347,0.25680120785064253,0.2280000919000957,0.0,0.1371931253741367,0.24865448735614967,0.18987278572489305,0.3004061911227829,0.0018753106373600725,0.22277366849437746,0.31922390498483166,0.04991013876103484,0.025854293508239812,0.18439881532273156,0.39101660431288005,0.053080994874190796,0.20096591703638747,0.3356732764237728
0.1457591692624034,0.2151333013532772,0.2691164978954823,0.35835826934001414,0.7910708907125462,0.4563007166947358,0.5978856180137369,0.5263546731874704,0.4861389545439059,0.5161387108848603,0.5400735709691685,0.6911488168657559,0.5145701662880471,0.5192621286430144,0.021133918046215006,0.24579956195918634,0.592784516664437,0.5037705812531069,0.43212353159992317,0.2680378301098428,0.19087162566961186,0.40016681480631044,0.5005960364844448,0.5358035265775463,0.5114839277247475,0.48626571630991844,0.34662753576880745,0.5258240722279753,0.5572716853071165,0.1813225750182393,0.5319107046812193,0.4067324766638934,0.651639819297889,0.5217089905338598,0.6211399015954776,0.46599214863269417,0.5584630062100184,0.5004748533497321,0.5674096852180377,0.7497053814095797,0.5707424083442665,0.6956202333853323,0.486016499993933,0.4639510031217532,0.5405351463284274,0.27217086575794114,0.5006495213657963,0.21255491797640091,0.5156550054754228,0.3619616748455958,0.6581792428925397,0.38777032480841417,0.5328858646049454,0.49960076482112237,0.42410749649138335,0.5790296245057042,0.1842136989372288,0.4007060110789997,0.5210534434064654,0.2567720031964024,0.4018530076503747,0.1371931253741367,0.0,0.3210777890805351,0.41881464860677114,0.07845949385884987,0.5261594185487026,0.4193780530735869,0.3345623078306099,0.4984561381970227,0.4540826642163869,0.4509687978314767,0.28511447433596765,0.6110404919417638,0.2732745459060781,0.36196896991646305
0.14684379506591674,0.07724803431952987,0.16910675843865805,0.23441342470956095,0.4923376622593667,0.30719404160588965,0.3984507943539086,0.3933706012556897,0.22522044922734902,0.2530287704811567,0.3429770186465235,0.4452244255830823,0.32477040317966793,0.2345946122690284,0.2381589343472259,0.09866697827111262,0.4092755851089306,0.29805077495297205,0.2595461599905821,0.14482606073895324,0.09739956001420555,0.10944556445004341,0.38580130545452884,0.4348021640331726,0.20769436975562164,0.31055452386830906,0.13116455730588922,0.26327557033070614,0.2702889897124173,0.21940664188319733,0.256649578436963,0.15157431971249313,0.41873117641409374,0.3429190452229731,0.39949019624191734,0.25209309693257953,0.37059009433538936,0.39607994594922047,0.25280313251101477,0.5481811871404036,0.3133172755025058,0.4939096712393875,0.3664912665999517,0.2992270608612009,0.4833109403431171,0.28740381943786664,0.28967320902836374,0.07810367164141346,0.3535990230411561,0.2573843392799163,0.35382113865485865,0.2257032247101553,0.4381018463294064,0.2528682567733853,0.24344688314691165,0.32010835503786383,0.04238462669381582,0.2413234533411523,0.46514736636170967,0.2523162721458314,0.19501074764387916,0.24865448735614967,0.3210777890805351,0.0,0.11872064395683016,0.11939503982721505,0.2680496259428711,0.2263827064248602,0.14781222264291757,0.2303455700433797,0.36395733809739655,0.17120317949962383,0.12935251978468718,0.2347357972532368,0.031439426129322934,0.2148542785501258
0.2510486301886953,0.19581304162802546,0.016312850370654497,0.1315903470622948,0.42858753729389754,0.2943503862588928,0.37458091177258623,0.24665130324104534,0.1610639307547088,0.1234725245131264,0.19911447761640425,0.3497107860237524,0.2974771552708386,0.11687681652189733,0.31203787877833294,0.1747640545915437,0.2299993709788482,0.49400649409948466,0.08385766453497576,0.22126274640282223,0.22566130230312686,-0.025940498498677994,0.18635132267195847,0.44977146168822446,0.14402931007405748,0.19483582386322243,0.007878581734921258,0.14642165743107083,0.21489405504881903,0.2888556583559274,0.2784640314711837,0.047084274884505256,0.5501675447430001,0.3336478546049318,0.43061536488582003,0.10994011170479437,0.24633746910746007,0.3001306427018684,0.20136358122884687,0.4524053209345426,0.21889110967976375,0.5605368735223527,0.2425050774668866,0.37235852572666694,0.42744232469942883,0.23662507210631395,0.12231786647642805,0.2965001455618406,0.2685243646218859,0.07296172418784264,0.5461712232244331,0.13306757326083785,0.3059585660252812,0.33206258456733406,0.15235086991428065,0.303887632821428,0.20159628604011923,0.0417348727392739,0.1927129579487075,0.2127342620923931,0.17510237864277972,0.18987278572489305,0.41881464860677114,0.11872064395683016,0.0,0.2271663698536341,0.029286528646486176,0.07571237374480116,-4.4924504196047765e-05,0.21157544845724804,0.1968764291137773,0.07662575895997553,0.14125216071020896,0.14851010016775817,0.3606915618766564,0.1148005709080174
0.2735018366119628,0.2633691793996751,0.26519762459970864,0.1162687863945982,0.2551930361025235,0.32854121912492046,0.197763915532484,0.23969506264935683,0.33610806925400205,0.049171830277250306,0.07513268884493202,0.42204208273566957,0.046046799195133825,0.0642845981566661,0.19200482877751154,0.22447897373904005,0.296770797741171,0.041742566859997,0.2893349454837586,0.21980636530094957,0.2050704404155081,0.2639196130034261,0.1019086814678046,0.36835993528404215,0.03563950364956092,0.1837723893432829,0.25791743495899594,0.25508478681342517,0.2266674580341789,0.3304630588002243,0.02469342415523751,0.052085951079183235,0.20309468885832554,0.14600343435863444,0.11177640757549334,0.0075729421027869726,0.15877457463438086,0.23425704059788288,0.10761933029214588,0.21506342394294903,0.13256689852948467,0.1758284372495963,0.20626160730914028,0.17200514664626876,0.2802781919735064,0.17996183366989035,0.28194091189621723,0.24961911007608284,0.06850136100819887,0.07718274160611643,0.18082949714705476,0.047841865023750596,0.32200330107967334,0.06419803714224653,0.031496071305474826,0.20848820113282057,0.12119615479887769,0.005641025982606462,0.08636628046753089,0.1577082470049924,0.2187280423100538,0.3004061911227829,0.07845949385884987,0.11939503982721505,0.2271663698536341,0.0,0.2531339739889773,0.13854554141962308,0.3045352692579284,0.00968616380516879,0.17731205784423426,0.2965774629272443,0.29893683668908017,0.19695652182780682,0.2209461907789919,0.3331739048083859
0.07317413246152002,0.2514489636651854,0.08141156975433694,0.12694716075302914,0.46678872325742504,0.45617543036214553,0.4596507016175307,0.3321768250328892,0.29947575149848304,0.3360219112066781,0.2756388466477824,0.4044790243378251,0.3379968908462329,0.26261696501530096,0.26804353688469296,0.09464017487868677,0.4554121186857407,0.5159883638640548,0.37873250875529774,0.19635813999771715,0.22501495542984667,0.19165500242326217,0.43235651404141484,0.507146915563127,0.27627123116405955,0.30442552897133085,0.15017403083483424,0.2994082746014864,0.3172181484529906,0.17730883646442466,0.34008297594423825,0.13954156168777665,0.5803283169165733,0.39939106616403947,0.47002983415088484,0.2769487577998381,0.2647335519605779,0.3391556559421532,0.32264569217332173,0.5342772233030719,0.30126503805431515,0.63376320549034,0.324212310051211,0.41212650482192464,0.5129815709611385,0.24608039104999085,0.2532082556856671,0.15214441853924832,0.3282695646171329,0.17915572543969843,0.549140314217569,0.23176809030840373,0.3466314767008884,0.4312524130005038,0.3261383420543764,0.4280022439584248,0.23850521513614728,0.18711559372559347,0.3712201805362746,0.2522594256084495,0.2693480796800952,0.0018753106373600725,0.5261594185487026,0.2680496259428711,0.029286528646486176,0.2531339739889773,0.0,0.2305198498889537,0.030943704647173997,0.26275531232171767,0.31017819689770176,0.26840212370386257,0.05534019117399824,0.338715033515189,0.3728401468387185,0.17788985084510162
0.1853989863746113,0.35907311860335,0.1319305690710226,0.24781021450249371,0.6114890254120202,0.46804676618109836,0.5416800091328954,0.44043699679119086,0.2609709417816987,0.22815598738624154,0.36090569361082614,0.5968643324663572,0.37289403908285834,0.3144189595125999,0.26933600444979666,0.08399849282354205,0.3147577920110912,0.42240438177588197,0.2488820870242301,0.18544442877657735,0.1331767324579281,0.21952543264609928,0.4477080698772077,0.5468886732841785,0.3389034037595597,0.36296545177386824,0.14391144066911105,0.2156577174047845,0.29580895213253733,0.3695889303898931,0.33913161097655553,0.18984818994614597,0.5162984416862456,0.48565861776999414,0.5862350142890832,0.2666853029919159,0.3609804179928306,0.5004384907536206,0.3119299657455917,0.6182240350346355,0.40340665113510593,0.6916744568308439,0.3993629073594229,0.4391093726761243,0.5700523046053911,0.24870472308371394,0.30187177828861694,0.10376284668620114,0.3541305969225795,0.25283271595164314,0.47226252416315234,0.3335765352779685,0.5013158473524576,0.32937095985175796,0.2890405210476903,0.44899055763005924,0.12680331227212854,0.25330003542729757,0.3374229190861848,0.22376759851832723,0.22126910891388896,0.22277366849437746,0.4193780530735869,0.2263827064248602,0.07571237374480116,0.13854554141962308,0.2305198498889537,0.0,0.24899943615622477,0.3181593167693489,0.3909742509628634,0.22165773804558367,0.09108447976176659,0.35441985170119183,0.23708404435655084,0.1918226793313143
0.27758886457880466,0.32175479802270934,0.06341108568369908,0.26922023360860486,0.36654813914742157,0.3832036457826684,0.3051431245111555,0.4467642426738813,0.04990736272010132,0.14422895042047684,0.21181824089200016,0.37001131765840756,0.2474616003219581,0.1446236157961676,0.2713463400922368,0.005678555460096935,0.2014808492376758,0.2764941050606033,0.05589426910380152,0.2794515123256137,0.24320245782376348,0.02623710127729989,0.32582544190984003,0.3521468959245071,0.140627511508842,0.3165170820248683,0.09049683306355505,0.10847463314488914,0.16356846498570252,0.23142446334368305,0.17673795341380644,0.1440341099422691,0.4183743688580204,0.379951850085377,0.28605414743443885,0.1463033063983692,0.36169607503187357,0.42094376452840776,0.2735919374846352,0.40320550234552055,0.2819873974102938,0.41807402656517395,0.3878415411653048,0.3003481645007293,0.3022785776867889,0.1619637998410931,0.14218714303861624,0.08509515690264621,0.19119882454362305,0.15355478390520033,0.31419671071624555,0.1459931899071139,0.42226695182344665,0.24050561605217408,0.16413693956929262,0.3034922127255927,0.13551466403353238,0.12388545983508936,0.2663355128853723,0.14578099806538028,0.12885845319327194,0.31922390498483166,0.3345623078306099,0.14781222264291757,-4.4924504196047765e-05,0.3045352692579284,0.030943704647173997,0.24899943615622477,0.0,0.18131838781297052,0.2908807207955725,0.04338797478124526,0.3100266476927734,0.1281146337791834,0.2452151947741378,0.12832089181537631
0.08143366690700383,0.11400061363578731,0.14574178412801667,0.30183795524457946,0.5395205833867076,0.36995400236546416,0.4539950598059928,0.39204238271086134,0.3334396950820052,0.32341072344340843,0.3832534549932257,0.4804036899900954,0.3353932784486401,0.40701152141240343,0.20813420504766933,0.138787060972115,0.37526997001385615,0.37038238813972446,0.34543312024591505,0.2213151110768149,0.1062279396652295,0.204562698389536,0.5084734745540782,0.39949401601742013,0.34372554932640254,0.28881035912055203,0.200401817527263,0.2860409035334321,0.3414858458465315,0.1433375510832723,0.3282501980409476,0.3113144552242747,0.5744297873622837,0.45980425877152553,0.578485656135499,0.4193317690781829,0.5001827668854377,0.4111024571797368,0.398497076667618,0.5373610005926046,0.3475582541777378,0.6238309845660589,0.4425790185455796,0.4315504721798772,0.5437069463145259,0.220431927608515,0.2775959477014559,0.1381765197594627,0.4563161186774522,0.23386615431395646,0.5233869474603425,0.31595968167075833,0.5205184731578237,0.416497668897082,0.2851323185933835,0.4397321812260333,0.04894203500315236,0.2792874266305573,0.41596551586146124,0.16238898346002334,0.2613293439367528,0.04991013876103484,0.4984561381970227,0.2303455700433797,0.21157544845724804,0.00968616380516879,0.26275531232171767,0.3181593167693489,0.18131838781297052,0.0,0.27375863825312624,0.3080233030921171,0.16502822742754822,0.35309256459277394,0.07625338937938853,0.23305220835360008
0.17949449330054593,0.05849166164419645,0.18258065425538994,0.2900078544531987,0.5774781209285182,0.42148137936776975,0.4507971746209127,0.41641964226455913,0.2553018873446513,0.28074559160533835,0.4201693634195374,0.520634141824597,0.3401296675926577,0.2866066193515679,0.08715422834032849,0.15852046565633757,0.3302207084129803,0.38513890434564785,0.286662868884044,0.2657660093124994,0.18938966945184765,0.26110675951731466,0.42171551807243,0.5178507959554135,0.32515106181402326,0.3498642277533861,0.17983820419068738,0.2954929612133365,0.3815481007293471,0.2547731909322972,0.4719020791135608,0.26554171602430193,0.5255912011181941,0.44588350069248883,0.45540744607701855,0.262043288229837,0.3691516449578678,0.4755924948377816,0.38969674212058736,0.4855372144254551,0.47319507550245166,0.5641955472531158,0.43922921274644766,0.4033649201397459,0.4551850291884309,0.136431081982543,0.28302084070445177,0.22244695938840603,0.3257131797551704,0.22829834412560113,0.6292878891489154,0.2574496787220676,0.6066366747072847,0.3869272819103569,0.26492714680936424,0.45169822951292093,0.15457556421551236,0.2115728698290133,0.3519076750174626,0.0475692967961196,0.320858071629551,0.025854293508239812,0.4540826642163869,0.36395733809739655,0.1968764291137773,0.17731205784423426,0.31017819689770176,0.3909742509628634,0.2908807207955725,0.27375863825312624,0.0,0.2445774373757968,0.14351283852698168,0.39607119356633436,0.18606729712066677,0.2486354497956344
0.08584267579969268,0.29162334247803545,0.1118401297067762,0.18847458261378944,0.5463999688475939,0.3570737537502314,0.4702150396126012,0.3942662539682755,0.246023491778544,0.18951272353601067,0.3264183974792324,0.4276166864450608,0.3422458768365755,0.30421051236840785,0.2171493042089049,0.10624541844789634,0.3837684414811896,0.46993020591823326,0.2573845993283677,0.20600210064244875,0.3277556245329226,0.14918620592275614,0.3658826920806473,0.46716473214097665,0.28061634090729437,0.3338448357093093,0.10736069268718904,0.3186429631181954,0.2753851917066171,0.13350794122863568,0.2617474719853598,0.15839706691569153,0.5475548185803035,0.38833052762652626,0.5308107648997477,0.2743649457304108,0.29941108831057833,0.41635209537079876,0.38213178919841595,0.46743978361478333,0.3274879112344679,0.641772445741648,0.299427698852741,0.4013653179624755,0.4111727031532046,0.2879376004578331,0.24226877555013449,0.09095035920249861,0.37021897759923994,0.24778355867004184,0.5105284612196689,0.24493334707503137,0.4398597534946829,0.31023164745169696,0.21139181214448366,0.39349385797979414,0.2744531839105539,0.25380454511657136,0.345947721830441,0.24798776557698216,0.26664938200531163,0.18439881532273156,0.4509687978314767,0.17120317949962383,0.07662575895997553,0.2965774629272443,0.26840212370386257,0.22165773804558367,0.04338797478124526,0.3080233030921171,0.2445774373757968,0.0,0.0960604714622233,0.2751245606708271,0.23452856289089755,0.19544449631805522
0.014995801322221253,0.2509042428506545,0.08510940320710533,0.048083722221470504,0.36007443144718687,0.18686937359649383,0.2962877138596555,0.26626501445009154,0.12239625392077502,0.17351494582830623,0.2075698292180416,0.3776984652465534,0.17650222031754742,0.14915255379866127,0.23864878558719477,0.023257793986779463,0.24017714507708574,0.2750249357300154,0.22786731565631943,0.21003614395841796,0.3097551758902681,0.00894241727345918,0.21211971738124424,0.31746236087554347,0.22019218800273227,0.15469123330555842,0.280444142153832,0.19829782985860286,0.18456333680601894,0.1308588867485951,0.1909816199073737,0.10281979751432113,0.3080564360299405,0.23378609249192278,0.30815137793616626,0.09392532607946374,0.22932287188562886,0.241905512574906,0.19142520936910618,0.3369103231687284,0.1207076350024188,0.32614746870828937,0.23203325874980385,0.34299773765419084,0.2447724024263055,0.29983483617052886,0.09883670613925508,0.09002514364473202,0.18993573768848837,0.1669574963045567,0.36471009621168876,0.1693646786448837,0.25595734775513035,0.2912868200718883,0.15796742408418513,0.38297349901387223,0.2994199338820258,0.11291259176182394,0.2754689549738883,0.285137857822801,0.08193317898413022,0.39101660431288005,0.28511447433596765,0.12935251978468718,0.14125216071020896,0.29893683668908017,0.05534019117399824,0.09108447976176659,0.3100266476927734,0.16502822742754822,0.14351283852698168,0.0960604714622233,0.0,0.21785839205435398,0.20777564920160588,0.01694702961315875
0.16471483417523491,0.10495284915831066,0.1612383811869303,0.21614982900111762,0.5771776870824937,0.45146759151033333,0.5935707202180722,0.3796251640984205,0.3985056758905654,0.4015547997063227,0.33770359799621696,0.5487999858067141,0.41601854045727127,0.3918853882515503,0.18794811921975965,0.18484528006329956,0.42453413757696173,0.5662308609214972,0.38060423605773297,0.22285474975626285,0.03739991133448034,0.2791510229072325,0.5086760858478971,0.5782462639930178,0.4874174929614279,0.3996992186047012,0.2726740387205058,0.42165661986685765,0.39394151433097235,0.372468012824973,0.529035325557533,0.3253817915944966,0.5494176507073631,0.4596964148139915,0.6389556693594262,0.392015629133796,0.45536716091151863,0.4022073546165051,0.46665414972458197,0.5747329886315116,0.3235265803443984,0.6575946398986746,0.5127940524698477,0.4372664970279483,0.5312574749711246,0.21453290730055893,0.37188788087401936,0.17518305436328713,0.41557444741207306,0.336752992324479,0.6449517245490584,0.3789798573342546,0.5400720888330086,0.4530742200843376,0.3318693749599913,0.5153282013671001,0.27120360916731057,0.3377752215258458,0.5554801073293394,0.2187320476327989,0.29610865537690817,0.053080994874190796,0.6110404919417638,0.2347357972532368,0.14851010016775817,0.19695652182780682,0.338715033515189,0.35441985170119183,0.1281146337791834,0.35309256459277394,0.39607119356633436,0.2751245606708271,0.21785839205435398,0.0,0.08284674298587899,0.2657966481413823
0.19000032495289437,0.30483346243581766,0.2043759405562127,0.18785822209554343,0.40749506009958203,0.04662179434705535,0.30644838258153756,0.24214269213338932,0.058773660079709994,0.12543609530563402,0.19565853576984088,0.12786486884029555,0.10151811658704205,0.16763140661238463,0.16413042652084853,0.21377518433494402,0.24912410683142308,0.23544284808913574,0.19960079727533317,0.37607326977909816,0.19868997136457797,0.22863804608148286,0.0557615969259152,0.02670707434300243,0.0928767984538329,0.19157501946643263,0.33186595646604045,0.03904185326079673,0.054089359763486125,0.18296417506097656,0.2849154700503369,0.04487895057467586,0.22309429033304756,0.25363261409159943,0.32036108046382217,0.026513660857432564,0.2505977153270054,0.17797905076677284,0.12804671946487153,0.16975683643817324,0.26741219669156324,0.28434633166305184,0.1353707376325308,0.18550365615838993,0.2690133586618789,0.20312821899560787,0.3482267961768093,0.20462966950791636,0.1148699149333406,0.033953502478002134,0.30699568725620113,0.1902303387517555,0.15006159071998765,0.19667175677695922,0.171119282713169,0.2615442956066394,0.14432975570476453,0.08463577196742156,0.08961319578820814,0.32112292327277475,0.008218568449355923,0.20096591703638747,0.2732745459060781,0.031439426129322934,0.3606915618766564,0.2209461907789919,0.3728401468387185,0.23708404435655084,0.2452151947741378,0.07625338937938853,0.18606729712066677,0.23452856289089755,0.20777564920160588,0.08284674298587899,0.0,0.3388684681034594
0.08516711042250436,0.3553977409821923,0.10981695767714175,0.16625367343657088,0.41463531626776473,0.37603685151307686,0.3596982162355151,0.34107199228174057,0.21715363333895726,0.18483650961985892,0.26294244459351485,0.3858809177139142,0.2979593440001763,0.26172446786886583,0.23470129843479046,0.053317975751026425,0.2643319765431437,0.3458043106512371,0.23277564604880555,0.19392282883009665,0.004701123167264287,0.12833088496672987,0.2983207694731392,0.38150838496148626,0.2101982203556831,0.24646509107236242,0.07638093564637627,0.2109687137217357,0.2325572847168862,0.25644944628251687,0.20914508110907895,0.05244984927317092,0.4456932081050205,0.30685440893120974,0.3343298672874468,0.19280794464751233,0.30448383852923355,0.3527457574584285,0.250506708833581,0.38320098176210515,0.21342877458114623,0.4567789253362947,0.26778333185202385,0.3692081816656796,0.33356519987273714,0.266671237937941,0.21863186082417213,0.07866710040718883,0.194251760994487,0.11926346950817496,0.5215775797079328,0.19629017851324393,0.33095842121050745,0.3083603500737336,0.18112482424386245,0.4036160960107291,0.012528391421904872,0.1241098228785234,0.27408321419561277,0.22997213958790677,0.16225640350525453,0.3356732764237728,0.36196896991646305,0.2148542785501258,0.1148005709080174,0.3331739048083859,0.17788985084510162,0.1918226793313143,0.12832089181537631,0.23305220835360008,0.2486354497956344,0.19544449631805522,0.01694702961315875,0.2657966481413823,0.3388684681034594,0.0
