0.0,0.23412417313889347,0.19927518512813935,0.2762710715074337,0.3250733302564758,0.2649863166996461,0.26529955904275143,0.20805973582863665,0.25179233139232376,-0.0043767045487853595,0.22427828876309563,0.26777828499517564,0.24498875580065108,0.2955792267818621,0.26571326769991976,0.20080158521712818,0.14703405047615575,0.12433788755501969,0.22421115251228524,0.20056343535844146,0.30525092911439594,0.1977609252738226,0.2150657650917446,0.21566003298995157,0.18288005380282638,0.21268268606193436,0.23606543860858503,0.2363985943330866,0.20883245343538243,0.2607606373859772,0.2780384544125638,0.3038892891332093,0.29072479572807464,0.3030137635863637,0.3262543558802302,0.260882669441343,0.2738514111221313,0.2763423926118826,0.041996394306109575,0.32708176713977943,0.28267607322556215,0.3444286643265694,0.2336455224177019,0.3374810920425837,0.1936895738379564,0.20674893420576693,0.22873539447311042,0.2591939559656186,0.34262522005330365,0.2206252298986277,0.2794327108274157,0.2837474472882052,0.015500566597176468,0.21488143947946955,0.2702402343459076,0.18334834067957909,0.30044545046901483,0.24328261883874447,0.210580730269687,0.2886350102687878,0.17841636623835055,0.2017900873021101,0.170873032407512,0.2121228474249125,0.2598696160346832,0.2559198120717418,0.2819642695111885,0.20685752473531,0.2806288403916155,0.15402123046784577,0.19305311404940823,0.2322406258460859,0.21114470284024148,0.2319571150916093,0.1726020348690907,0.2170266152471274
0.23412417313889347,0.0,0.19989438095661977,0.5973506524703369,0.38794644962051117,0.1942331952759479,0.37609290966740716,0.5003802709022718,0.28743319365037695,0.7546313430236443,0.16143656389570565,0.5618848174919286,0.40439526731123815,0.19352048199276073,0.3616892384521284,0.41058026645432283,0.37626167681841555,0.5473134829046398,0.15119954943927788,0.02565580855547739,0.26251488535720274,0.435828684402702,0.5279791530932801,0.23716746636802616,0.5778731406630961,0.24886206005518452,0.28991441416975045,0.4331413263380416,0.19788237953670557,0.7193248435157072,0.25458100604374184,0.4218140241353183,0.6015118438314672,0.30502057411999584,0.5395543000095557,0.40494961359504883,0.42461853553193785,0.5532669649074443,0.6701549314888988,0.5830154615427076,0.4676100775656979,0.6659172206081944,0.2986789689527543,0.42037890120068094,0.5796235261509606,0.3093400891792528,0.2645867855113964,0.4527601100273015,0.47152502550236575,0.31367296013754253,0.4622002403931587,0.48632514265873084,0.2595734432278836,0.48984998889297837,0.5630734848647518,0.16868733333306601,0.47644431644197427,0.3993094130758115,0.3786115165352763,0.3068956950397583,0.3583853136290191,0.4483095485726944,0.39235576847414405,0.386783248319864,0.21103269613742798,0.27657897159353206,0.24782910738748382,0.4572546003325184,0.08385573682031039,0.2961632877244999,0.334361515002078,0.0446265561948056,0.03935237719044948,0.23774947174154665,0.3082048777418513,0.148189177899187
0.19927518512813935,0.19989438095661977,0.0,0.1700915596279763,0.03806816023870216,0.22502408369172014,0.04355746002220187,0.12943071477637394,0.18417654107481438,0.11858499618314576,0.1571049669880697,0.11961499704869633,-0.0015451844399536618,0.2749163607005512,0.01692403325207395,0.12266089684120127,0.23498156669537412,0.10410341577997106,0.17029075423448195,0.0978488997516965,0.2166106346109809,0.12082171013926943,0.24441095068555574,0.20871363530884524,0.05610771294194247,0.1748052942431242,0.2307162882743539,0.015032094720246053,0.11971202588794722,0.12079933344377215,0.18050601507052733,0.18490429404979694,0.15490641327255206,0.011645609212344477,0.09436684542557575,0.28060011054148115,0.0383623079044724,0.023259417920587222,0.1672416109894334,0.1331911907915937,0.057487927520871784,0.1546680497421412,0.24964813760477433,0.04818082580841354,0.08791303876049472,0.2392543448035071,0.14969984403601064,0.128207779829246,0.1265425517594179,0.07278825643694223,0.08484837124162725,0.14706670654567985,0.06062015869081522,0.07228109102030539,0.036422060899006625,0.17732551805405797,0.02203193038964618,0.03835554675972144,0.1161828810693741,0.13439775316629746,0.12550613261833415,0.006588925651829586,0.19695885757486575,0.206781759090374,0.22560997208434658,0.21446156578120548,0.1196257067818779,0.22802113513295025,0.12568225865852833,0.1429840763256229,0.18219806045632997,0.22603668027041382,0.1432173324863295,0.16909252693686316,0.19201963259503046,0.17416922480391903
0.2762710715074337,0.5973506524703369,0.1700915596279763,0.0,0.5304273167563341,0.44040824380584415,0.5011704571989402,0.5900252678437532,0.42029887214950096,0.6977062064354185,0.3003737234653837,0.7066579204400552,0.48583453445585834,0.45706487466557016,0.5697980477808482,0.4756531082690215,0.49999169099922736,0.6171318936089485,0.24137790417514368,0.23253426413306244,0.4675541014528827,0.5634636568492191,0.6658793991482529,0.5215395099885768,0.6667030491122504,0.5237515010030666,0.22657844370471455,0.5534542512180599,0.4891462881028798,0.517961067492708,0.4673773546865184,0.5010287335838445,0.6868085372598365,0.3872365336011189,0.5849345862720415,0.4631500429355364,0.4247955114751783,0.5584023938565029,0.5886585568004112,0.7223088221254786,0.545660298466085,0.550114124309373,0.4137790067129102,0.5274185456556613,0.5079967965001567,0.28626775576100894,0.08599310129853305,0.4688953258152935,0.5204536753198644,0.46624474673118693,0.5898593281413578,0.5073238507423993,0.47696622234151487,0.6061235044684438,0.62840299034361,0.3148520795559825,0.6408247161915197,0.4723623641287932,0.5345775593753485,0.5627316478515028,0.08768062386990333,0.5113326169673561,0.38471045248309127,0.49954726721084786,0.04587363045287532,0.3387846826359032,0.251530356010376,0.5419698778018252,0.22384442415018263,0.5181005966112209,0.45105013793399873,0.33299680761734396,0.25277173262553143,0.09160514047592919,0.1341707932943777,0.31232933719462225
0.3250733302564758,0.38794644962051117,0.03806816023870216,0.5304273167563341,0.0,0.2184776554037815,0.3037332414576291,0.2516811516691919,0.22536339041555123,0.6249503162332484,0.15230618710140792,0.47962576485562874,0.27175977432486864,0.3418163461151307,0.34257981787360525,0.3281316035367834,0.3465467092929525,0.4513597277277346,0.16783479761232348,-0.0010318121200759978,0.22564012826830804,0.31587242801127463,0.43084406128957375,0.2681558313207057,0.550941153696921,0.2469196910235539,0.32471514270750695,0.4085340908917429,0.17810759322547917,0.420405564113678,0.2843542064476952,0.4156485409412353,0.41444329758831444,0.2626863829074223,0.4647096682949797,0.3571489985518803,0.3173394464001825,0.40615783801453326,0.5239348312804932,0.5237902321019406,0.4031125456592703,0.4933945143454755,0.3746393368966179,0.34930021271888756,0.4979195323148261,0.3811087670080301,0.30087080869098964,0.4062447083883706,0.37355172668638825,0.2699048446211245,0.4333822152630611,0.3242635927565892,0.312332493078885,0.4436230134248747,0.4916123364496543,0.15527225067633055,0.3896231371124442,0.2891488328640508,0.3295563032944598,0.18458621881110582,0.33687290335214354,0.4295093072194927,0.3227633611135648,0.34582619738412324,0.2528213374346636,0.05364425700965936,0.24549413113715227,0.375462931137212,0.01942094091412544,0.28400904096204094,0.25220914248855886,0.10507240891446346,0.07207171980122606,0.2878221381135441,0.07640882920598516,0.1771593371917711
0.2649863166996461,0.1942331952759479,0.22502408369172014,0.44040824380584415,0.2184776554037815,0.0,0.2226039054356544,0.1676428530427373,0.05652031533950347,0.4985866379212793,0.303906835047782,0.29799411221015104,0.1599646068363142,0.37723356786339024,0.20560934416123447,0.13308159041208978,0.48447408967122785,0.2522619043387081,0.29309691023205997,0.26029437475692513,0.2677650259131415,0.06751988624277483,0.123529421521548,0.03466885713666851,0.21223102031717753,0.3390129567856591,0.37197488992233085,0.18997491391542165,0.27056043290112136,0.03967579168087115,0.11210718121993063,0.263329998144757,0.33659103661522183,0.3177176073314195,0.3908903607184622,0.15943974749267054,0.21450531054034602,0.2368592338329466,0.3250577098557718,0.41255596717356396,0.3352248422416797,0.3563553189126597,0.05472672934734468,0.31889241839624605,0.25078900118567093,0.2974399551335385,0.2516758691428248,0.27721515196222263,0.31942212700609496,0.1427538556219919,0.25412511321412934,0.25687946391839955,0.08732832018417463,0.24776694574170582,0.2977277143113492,0.3553774535829361,0.18690288671413502,0.155025030962079,0.15706594926447362,0.10867572497442654,0.33778818981970005,0.1551388376410238,0.07065812395377113,0.1128548180700931,0.2247474461940408,0.3563563402175384,0.30245762901210577,0.05253230936726272,0.31154521860299345,0.31985574931924793,0.009183505493380928,0.2847010653107882,0.2921534638970364,0.30674129814962864,0.27170268802671904,0.34928832021671596
0.26529955904275143,0.37609290966740716,0.04355746002220187,0.5011704571989402,0.3037332414576291,0.2226039054356544,0.0,0.28585259606014707,0.21346566948218523,0.6249874911205126,0.19216671067170638,0.5514592921622009,0.18484600245451105,0.2535688216014832,0.4210702469263722,0.46654619396034014,0.3887381142171837,0.5559890190044305,0.17362935041325261,0.027652963440737532,0.26815530595545223,0.4623566069233546,0.5261299860909109,0.27816431372967054,0.5386542620305956,0.3017660159808186,0.35017411661665604,0.4430566803156525,0.21345684233126855,0.5113800210516081,0.4013312569586026,0.4079729854042723,0.3748900515646162,0.21455217877835356,0.3208391430411297,0.29915809503630314,0.33184083304790635,0.42468674889587577,0.49889503955491254,0.5625723620838449,0.3734027429139534,0.40202670107084193,0.26533095375014987,0.34430013929931524,0.5182052956004775,0.37443208574189474,0.3720993149801292,0.43060427206670254,0.29819863222055665,0.26902050950736667,0.4882158904361771,0.2997569009868719,0.30407472315764056,0.4161464194634352,0.5332384413937187,0.20755946881971749,0.44045557028559473,0.3225281233724182,0.28534940588956803,0.192255163697261,0.4614953335935545,0.4722259460188211,0.32114027567704634,0.29048149108736787,0.33289457865554706,0.10890780895174551,0.3528926849202701,0.39363365845090337,0.06420007103351888,0.27580102716448796,0.2512659683093472,0.11779866961699659,0.09320396080573823,0.39534606773172737,0.08053504597789524,0.21717078600516876
0.20805973582863665,0.5003802709022718,0.12943071477637394,0.5900252678437532,0.2516811516691919,0.1676428530427373,0.28585259606014707,0.0,0.2144628707763938,0.525732525067048,0.19548018083349195,0.41198599337039826,0.2774521908948432,0.22879928463460408,0.41005803651156014,0.36660958648596476,0.2849852539827416,0.4312394695503693,0.19741136704090206,0.0966211364550503,0.34035061914173803,0.3577329561655971,0.495763038658104,0.25595925486313187,0.4504743099778564,0.3103617758700349,0.26675816000411456,0.4437380673398372,0.19607050919903513,0.45220046906473266,0.32750878249531334,0.3466568930175387,0.4413783008051675,0.3697944437173911,0.42809827641132425,0.3248370627120154,0.31205003921907376,0.2919492185264989,0.3823807624256645,0.47670192651208376,0.3682255184041584,0.4165117971612727,0.2252410669372019,0.2658901570688293,0.342321235950316,0.220229526148622,0.2950640057132079,0.45843399470665713,0.4824993269494951,0.3311516691029447,0.45061563585214354,0.416488970002954,0.34847260612099923,0.3860672297918165,0.44586699219086257,0.17338986196721037,0.4021026731695848,0.3148704749799283,0.2833319056923079,0.34882280551289935,0.27284221037104994,0.41447015865046877,0.32698114804693673,0.2715873654497319,0.2586113207653048,0.27806154490153046,0.25704667434535766,0.3972655647332449,0.15365876978226733,0.2640633080025473,0.3740627026997289,0.1609268136737076,0.15674964768732494,0.24858182535725318,0.38519488988481887,0.17797591100401494
0.25179233139232376,0.28743319365037695,0.18417654107481438,0.42029887214950096,0.22536339041555123,0.05652031533950347,0.21346566948218523,0.2144628707763938,0.0,0.5813593048316974,0.3113512855438932,0.3652571700358911,0.251429373740043,0.12523518818768603,0.20612969683640484,0.30917218479551245,0.26521182593233816,0.4259703288762421,0.28688106920336104,0.2614808606726157,0.06409704579920292,0.33114930649411595,0.3238599893174737,0.12984562939078345,0.4437546955065912,0.1445382401370118,0.3698061121649694,0.31753537870931325,0.14008765225764358,0.38388174470385594,0.2086669953991435,0.2890111361306278,0.37700010969552405,0.19557060328071502,0.3545970301394358,0.25096129466986256,0.2998369603816322,0.32995624178606503,0.3881409612151979,0.4468454898123143,0.24830400565525476,0.41324994948282673,0.12083938113903281,0.23776900952630775,0.33164851063645645,0.36643718424521027,0.3556795126648418,0.3236710030110529,0.3222330414721849,0.1385112426619247,0.36701041121287686,0.3032948498905658,0.1671475485536701,0.311246343419027,0.4211352703158044,0.16097733918022264,0.2331415902513736,0.272248760939929,0.2626584913365074,0.11085500850369417,0.32395582639349224,0.3040527266975835,0.2546181331257303,0.21379613617029997,0.3477960940330772,0.38003365429198355,0.3560088877230634,0.2537938138084782,0.3047912509350676,0.18479402529405295,0.12512088817816297,0.34660808317042696,0.41132707341987756,0.41155117441403083,0.27045495401081443,0.054001863183158694
-0.0043767045487853595,0.7546313430236443,0.11858499618314576,0.6977062064354185,0.6249503162332484,0.4985866379212793,0.6249874911205126,0.525732525067048,0.5813593048316974,0.0,0.39591476791833974,0.738360199293997,0.6770255995710953,0.5038365325767712,0.9200848486348251,0.6923473369231333,0.5257724491444032,0.7895191411843369,0.3811735275810829,0.240153988148777,0.546475332425776,0.6652503712091757,0.7176110504788005,0.4639277519147799,0.8166263720023569,0.5117466581666877,0.23039580775506263,0.7484007333771919,0.45694299235376634,0.8358610033295146,0.5385176993550277,0.7367800344428652,0.7176811273610253,0.4980319910566476,0.6336925457855063,0.6266025261252477,0.4793696858373804,0.5304813479527928,0.7465154717615867,0.8579983624321833,0.6272123560520846,0.779505686781014,0.5878004173582294,0.46637623779565296,0.6643492640137086,0.23042095714562452,0.07765913783982162,0.632152375482107,0.6821515803212695,0.49598040387837483,0.7681079841963682,0.6775456880457148,0.41140895139664185,0.6886185446723333,0.8026184683962685,0.3359756122716593,0.6444943459973833,0.6519154766459189,0.5720632308559375,0.4715865290416855,0.1582343552982249,0.6921221581549002,0.6178298794063216,0.503233033557101,0.1165230516285321,0.21884362508003707,0.30599343847330707,0.5332564649713543,0.15118479741119303,0.5237789088494633,0.46540175512155574,0.33557009741499466,0.3651982327243304,0.22871142139173475,0.38264890594066564,0.4960819352134728
0.22427828876309563,0.16143656389570565,0.1571049669880697,0.3003737234653837,0.15230618710140792,0.303906835047782,0.19216671067170638,0.19548018083349195,0.3113512855438932,0.39591476791833974,0.0,0.37036643855827694,0.10031770427604725,0.13331371140830384,0.06030384258067578,0.08117662198926298,0.1823430316250577,0.2919409977665591,0.24301599240173033,0.15315645345322587,0.05986668142525681,0.1993388550268931,0.16183825750273118,0.02876053136156903,0.20889194192025146,0.26116033450005327,0.2016660850081721,0.1275694723272734,0.20014593234308237,0.18478945686392667,0.2585493992509303,0.1922710242600123,0.21130913624382616,0.0902180790128716,0.2533686944551212,0.1846213146869164,0.19530298835616133,0.17679090380033166,0.33222919010129537,0.30494740307854706,0.17409137004454997,0.22401478328433627,0.09434885469743431,0.17138752943830315,0.20188279719619215,0.2620785184925535,0.19076806934980772,0.14893513878306563,0.307792512113077,0.15265845246230786,0.13595631467024952,0.1469408085029582,0.12535859664506283,0.15703583015127226,0.3143749098668496,0.2794349984014191,0.19758845353997606,0.1057814286523941,0.11671758219123562,0.19846774194072858,0.23422598706966186,0.2517099987153207,0.06164244840027322,0.04592266769847267,0.1428084263796333,0.2279026582229482,0.19793201994657486,0.23622358454702003,0.2062867559536782,0.044302834184843265,0.27660591825510045,0.24507755373186763,0.218777055392029,0.17133586445407853,0.2937889970257242,0.23590688859300474
0.26777828499517564,0.5618848174919286,0.11961499704869633,0.7066579204400552,0.47962576485562874,0.29799411221015104,0.5514592921622009,0.41198599337039826,0.3652571700358911,0.738360199293997,0.37036643855827694,0.0,0.5081754822941134,0.46352656613242604,0.72219850051831,0.4785532660599169,0.44870736674079836,0.6781957366021327,0.28662355428302916,0.10678421638857893,0.4248567489848437,0.4452200991197294,0.6594147562045503,0.33887679571854323,0.7196570957745789,0.38179962068299267,0.11098323889188427,0.632669099036084,0.2898881296448169,0.6301390881281921,0.4671097838715083,0.6400656305115592,0.6715435369003557,0.49724599898673255,0.5839907073224396,0.5988054994509114,0.4439637093061904,0.5094306057333603,0.7580621148286879,0.7560447068831222,0.6156874723264042,0.7406828181750371,0.48748387292811424,0.5505974817993602,0.5589217383799319,0.281469426086654,0.28867977655416094,0.6538134339064838,0.6161684101186963,0.43917542239905727,0.6735227569634117,0.5208359395085114,0.3676743627681932,0.4813376915998986,0.6103708890172282,0.3104335831737454,0.5314486803712055,0.5447081177263834,0.49700506039636694,0.3539531252390401,0.4367504076562856,0.5111959048685878,0.4053050479320042,0.42074790878855284,0.3045910145385969,0.22023718335393222,0.28278417329033445,0.5696533846159235,0.13924882101310848,0.4042364759822936,0.4046493016555842,0.19334390282571146,0.2761115582684418,0.03352145375884441,0.16167611877889998,0.3428707104919381
0.24498875580065108,0.40439526731123815,-0.0015451844399536618,0.48583453445585834,0.27175977432486864,0.1599646068363142,0.18484600245451105,0.2774521908948432,0.251429373740043,0.6770255995710953,0.10031770427604725,0.5081754822941134,0.0,0.29929652204233004,0.34868474196228594,0.373359045413413,0.36246912011892,0.5135088235535099,0.1273664863235457,0.23757181640910335,0.2674485352284701,0.35979633994244725,0.4127109041938992,0.2123758337861115,0.532962295751226,0.21490785540929896,0.3849234801687165,0.4036533152232932,0.1737174015004762,0.6557889354858317,0.28627600931250363,0.33953786839111755,0.4440908748991121,0.15973045483836973,0.25321961723469966,0.28952702373408756,0.21526284439233304,0.3116297360211387,0.4616769991587146,0.577381101668546,0.283854410668103,0.43058694447560986,0.2456959692906483,0.359906158347407,0.3970730671561768,0.3183989539948905,0.3302453088727313,0.4249714429866327,0.3492546173846666,0.19316742155764788,0.522981218133819,0.2624100342370439,0.2641218049681886,0.4619555272724874,0.5150655831053363,0.12972558006794452,0.36676265678926606,0.3521986740290597,0.4186303154494567,0.175576673689479,0.38848661936671663,0.44170410813679417,0.35376205593231125,0.26249276333870564,0.32957579525287745,0.031269607687554435,0.27332375231169154,0.32053907018336864,0.05076065263233315,0.2682245895004116,0.22518294871088368,0.047277568442776696,0.08773654582095491,0.3080225110140795,0.057362909377134064,0.2018989668856344
0.2955792267818621,0.19352048199276073,0.2749163607005512,0.45706487466557016,0.3418163461151307,0.37723356786339024,0.2535688216014832,0.22879928463460408,0.12523518818768603,0.5038365325767712,0.13331371140830384,0.46352656613242604,0.29929652204233004,0.0,0.24482062756811118,0.21782192882300677,0.1421191039247091,0.3806993811314797,0.30115442449226004,0.3141464649235657,0.20144392370391723,0.13549181465781887,0.22016498294674253,0.15387394538723423,0.33093578530037077,0.058943986632973566,0.3225319764358646,0.34503414684648176,0.1239168643004726,0.2675750622795953,0.18215045357175708,0.2629035051146608,0.3980582645080468,0.22398043213967334,0.391156819198389,0.22227196465266771,0.23589899286768268,0.3459230576901492,0.3972715297728771,0.39194369984905647,0.28567943131592505,0.38105829104256045,0.1799076467092432,0.3379285865879905,0.4118371101095573,0.36986113731442705,0.3051619928586027,0.2303361212286247,0.34330313640276255,0.31826526892035306,0.32523134887314414,0.31358947355442607,0.16648189441356315,0.29929652746326785,0.4004002033145341,0.10733358927838849,0.28730634596246074,0.2439862207158501,0.26169584737823903,0.23310268628795244,0.39042833095064783,0.3384492765540792,0.16189950416384033,0.15342290025050156,0.2505787027066257,0.39408589300843977,0.21793337294467807,0.1184749495916996,0.34947918946942713,0.22982249000272767,0.07665555185122308,0.2705525400668588,0.37255033653847414,0.305891394460811,0.19499371707255758,0.3960048414940336
0.26571326769991976,0.3616892384521284,0.01692403325207395,0.5697980477808482,0.34257981787360525,0.20560934416123447,0.4210702469263722,0.41005803651156014,0.20612969683640484,0.9200848486348251,0.06030384258067578,0.72219850051831,0.34868474196228594,0.24482062756811118,0.0,0.24444840809442342,0.27118869100834886,0.5476509990135767,0.08271795422366231,0.13364429333248284,0.20240296901940974,0.29245240575531084,0.5370575878289394,0.29303604227284635,0.5203638574445342,0.26869393698898836,0.16255100046976154,0.4996290417819341,0.1141063850166589,0.2858218280048028,0.22910476763866638,0.3395081775835765,0.6066403572497091,0.3767573672028775,0.5006878889502839,0.3496495007741743,0.32963345095297214,0.39681372312425195,0.5661688516739487,0.6207264640669301,0.5582222448375285,0.43906889498980306,0.32201736160308336,0.41024653660603494,0.64575378615983,0.27845493444766173,0.26493117946135436,0.44517733375956514,0.5602945512193782,0.2990629984737438,0.4307772401775508,0.45865414426462714,0.27315812889705043,0.4062740585144983,0.5787729357529309,0.02674550396552383,0.49231755975264446,0.3279861013154927,0.35560879544823204,0.35485628072591324,0.1818005831101775,0.43619257992540866,0.33039350018137786,0.36467301193244167,0.3128749901758087,0.33514447063075004,0.25696025184420734,0.42723856395260096,-0.0011451699646090607,0.20190346315028146,0.26993971923551163,0.0882193269612016,0.22994574041923785,0.18188573276761993,0.1602808349772784,0.16921524297453555
0.20080158521712818,0.41058026645432283,0.12266089684120127,0.4756531082690215,0.3281316035367834,0.13308159041208978,0.46654619396034014,0.36660958648596476,0.30917218479551245,0.6923473369231333,0.08117662198926298,0.4785532660599169,0.373359045413413,0.21782192882300677,0.24444840809442342,0.0,0.31149170357847034,0.45469582295408584,0.21353365265243154,0.22624523703983077,0.27592878649178876,0.2852816274275461,0.47817212651436347,0.20960889300500699,0.41941687218938273,0.2053045688750681,0.23532387567844829,0.42418286626419716,0.07507690395745859,0.4137858601239637,0.19687542385787998,0.4326975206371185,0.5092623404081941,0.2925493891924283,0.37633415278419163,0.31974338218676784,0.272180265186072,0.27326381745673645,0.5701955525326183,0.5583905586863911,0.3100798181712778,0.4818419299320108,0.24476075527833852,0.4369359872321333,0.46381082339221535,0.17162962545835567,0.22853148609726226,0.3356356353526643,0.5012933427802853,0.34784265425815875,0.39513951038118245,0.49654559484480676,0.23946137660900074,0.4939722556722779,0.5390371886085503,0.1473735433217162,0.4358346506878915,0.4037387534431172,0.4188002203106914,0.15817369270721043,0.2694017453442213,0.40763055539702653,0.2259884685841485,0.19876245182294192,0.18866038543841746,0.07220700361226715,0.19051219354220716,0.2848539348049126,0.017284234110722496,0.22355301048586415,0.22293907248996198,0.30648299779844534,0.08270879883055055,0.2511005891811358,0.0032099444664749344,0.08484859242853401
0.14703405047615575,0.37626167681841555,0.23498156669537412,0.49999169099922736,0.3465467092929525,0.48447408967122785,0.3887381142171837,0.2849852539827416,0.26521182593233816,0.5257724491444032,0.1823430316250577,0.44870736674079836,0.36246912011892,0.1421191039247091,0.27118869100834886,0.31149170357847034,0.0,0.5091456892899673,0.11880343868698545,0.3413496389450024,0.28236104762742886,0.37832653614918277,0.38055716412615487,0.09461276944536967,0.43713729960919456,0.1818923170416918,0.3940194872935703,0.42116469252421274,0.12523727761434555,0.501698755915062,0.11067489660518923,0.4047562179453437,0.428744457471787,0.09897248998316385,0.2422617451636865,0.33399397238856476,0.36938791683569594,0.2807723154690039,0.48582787364964886,0.43183687041366137,0.2576409879861809,0.3587817807357837,0.273260514577972,0.30483623686987293,0.20776901594932226,0.1816902454407661,0.33407266486903575,0.3108366331739389,0.34519743758740185,0.23289051480619127,0.3295146868848837,0.3730526750028251,0.17047409465350713,0.3785338834810512,0.5402927996689972,0.11366461911102238,0.34867764898907994,0.29065829638330415,0.30622775820281745,0.06843746549089555,0.22769162574885138,0.4063778923763496,0.2674708218509143,0.23359946844540128,0.23360420192244252,0.2954050285746322,0.2704562255737584,0.17551653330794176,0.3280904853315254,0.2349155760160308,0.13231525264947536,0.27000399060429076,0.060694811519334646,0.2754589121767638,0.13809530878739895,0.045957472732198135
0.12433788755501969,0.5473134829046398,0.10410341577997106,0.6171318936089485,0.4513597277277346,0.2522619043387081,0.5559890190044305,0.4312394695503693,0.4259703288762421,0.7895191411843369,0.2919409977665591,0.6781957366021327,0.5135088235535099,0.3806993811314797,0.5476509990135767,0.45469582295408584,0.5091456892899673,0.0,0.21970174650272573,0.18426879131559545,0.39045647279143036,0.5104705731426058,0.5271702199128946,0.3393426963317512,0.6127147888457565,0.36062463000694966,0.07264431680129449,0.6182694004895136,0.36208883375490375,0.7813489946934279,0.42046876191519156,0.6043804067462994,0.6686320674418652,0.3198817139354557,0.5187283333779984,0.41197482268931707,0.4882691334777686,0.36648098198447804,0.6570294227462186,0.6149154296891552,0.4949253863686318,0.6691118620206086,0.45947063458334886,0.49710055151944293,0.5449266075633221,0.1875614610868025,0.08018361378010053,0.5301640162391577,0.6614148127904793,0.35615271898063794,0.4800565927691247,0.5213937916357247,0.40086580449557874,0.5708561598579744,0.6500629307604455,0.18753444662400787,0.6369061302145518,0.48068839994091805,0.48833500576262706,0.4111712288334939,0.05770547427894829,0.5513841783332339,0.3785328131394632,0.3519872114057957,0.36843901564859566,0.16534372422404098,0.27200674973705014,0.4959230704371645,0.19430140175522187,0.36758479527475746,0.3494872665669679,0.2814201069713682,0.19081727142746976,0.08647832214682655,0.41727778520332937,0.27650929974548794
0.22421115251228524,0.15119954943927788,0.17029075423448195,0.24137790417514368,0.16783479761232348,0.29309691023205997,0.17362935041325261,0.19741136704090206,0.28688106920336104,0.3811735275810829,0.24301599240173033,0.28662355428302916,0.1273664863235457,0.30115442449226004,0.08271795422366231,0.21353365265243154,0.11880343868698545,0.21970174650272573,0.0,0.15325569287846957,0.21811623083928877,0.26625072174524395,0.1567902492073454,0.2983483064868355,0.2089843395931043,0.29868876826304924,0.2450376244469699,0.1019743569676832,0.2625300055523507,0.25197612169979333,0.22372983769540872,0.19451327952776415,0.3262162264251809,0.07786866888582317,0.26900992131575924,0.1435600663730628,0.23968360030095887,0.16154276853652122,0.32748966808899294,0.33111025369570746,0.19572679009916286,0.31022151447382096,0.1214818586164049,0.2580295246846209,0.08685572649694781,0.218650291428354,0.22815954058209012,0.14759120484312527,0.3235030216241265,0.1620080779604095,0.20569026604073237,0.2242721746999335,0.20940078674308324,0.16684683547702317,0.2744132632797822,0.2689228891961654,0.11985695814124836,0.11294864831950371,0.12251749564097231,0.18697876434833774,0.1726006010819621,0.18865051564179616,0.060994527216411465,0.20489500488768447,0.21893599244519346,0.2694988765515184,0.17218053741760456,0.2637636930093017,0.2353160682239394,0.23931398831008938,0.25889523220404653,0.23619305545389724,0.2768003003513102,0.20066289711590757,0.2598903680442454,0.2759809650127852
0.20056343535844146,0.02565580855547739,0.0978488997516965,0.23253426413306244,-0.0010318121200759978,0.26029437475692513,0.027652963440737532,0.0966211364550503,0.2614808606726157,0.240153988148777,0.15315645345322587,0.10678421638857893,0.23757181640910335,0.3141464649235657,0.13364429333248284,0.22624523703983077,0.3413496389450024,0.18426879131559545,0.15325569287846957,0.0,0.2020571557260697,0.2425545312840065,0.23483695189037287,0.1808074421707043,0.08958691567183028,0.24257988696929308,0.21200428462463364,0.22999019323877537,0.18068745065481917,0.20402428858241606,0.20775823668382642,-0.0008231165846266375,0.09507966383096927,0.28000897699563604,0.03985017862707252,0.3300280153999412,0.3682892794496211,0.2954883047700048,0.13542769811155655,0.22024677341496507,0.17283855031286888,0.15191936573138642,0.3202652214794545,0.10847003128091404,0.07411000804635753,0.17648293185026753,0.14295824652051728,0.04018174816336492,0.12340467469644611,0.31114657202036927,0.07985738125151318,0.06541217901886326,0.30263725478580955,0.09024362977266401,0.09666274099765465,0.16492782726134053,0.24213611418550013,0.2847491889767914,0.03329068420830872,0.13755629236310093,0.15387150770319274,0.0008232170748491974,0.2399896939179781,0.14389405293158103,0.19593599665184966,0.19191986296497535,0.17120153011399533,0.15489316908727055,0.21859060706703176,0.17859059244990932,0.2169884169453924,0.20694215004021094,0.188276490655858,0.2001562591027487,0.35585300531529185,0.1543933623538787
0.30525092911439594,0.26251488535720274,0.2166106346109809,0.4675541014528827,0.22564012826830804,0.2677650259131415,0.26815530595545223,0.34035061914173803,0.06409704579920292,0.546475332425776,0.05986668142525681,0.4248567489848437,0.2674485352284701,0.20144392370391723,0.20240296901940974,0.27592878649178876,0.28236104762742886,0.39045647279143036,0.21811623083928877,0.2020571557260697,0.0,0.14992577739835936,0.24723767844835476,0.1385028183015831,0.3811827095736155,0.17436593321966526,0.24675425294162548,0.2051657107706495,-0.0015910290015009876,0.2261215346903491,0.02487351601899601,0.3274211153283317,0.40103024733842974,0.12425513173028158,0.3512215646704039,0.21601727610088944,0.2839788997348708,0.26844206639297663,0.453353900327022,0.465313461869434,0.2750292161537029,0.4734148716917634,0.08601997971179542,0.2683186194860304,0.4085692746593327,0.027999042637767202,0.26875489177606615,0.369329442987642,0.3958333346146897,0.25756547476400576,0.3887350378309652,0.32686208660858196,0.28511139972010885,0.36461436561578137,0.40333464576485223,0.36774725420147786,0.3134353529892868,0.29483288247095846,0.21924700262444954,0.2922013380789309,0.2822884670566078,0.3485445770893936,0.1661453051799089,0.1262169936007827,0.23708463986215564,0.1900928969279419,0.2361678433653509,0.31832498210404647,0.047048538846354515,0.11474468995075049,0.26398586032751836,0.3436620269095045,0.32560046385272934,0.23634133196071583,0.21154107789122445,0.053443388726920005
0.1977609252738226,0.435828684402702,0.12082171013926943,0.5634636568492191,0.31587242801127463,0.06751988624277483,0.4623566069233546,0.3577329561655971,0.33114930649411595,0.6652503712091757,0.1993388550268931,0.4452200991197294,0.35979633994244725,0.13549181465781887,0.29245240575531084,0.2852816274275461,0.37832653614918277,0.5104705731426058,0.26625072174524395,0.2425545312840065,0.14992577739835936,0.0,0.45285899416043524,0.0869797164432708,0.5733849257884576,0.1542951065970258,0.260618933467634,0.4523006037488895,0.10334799413878032,0.45850854060719926,0.18089719243156954,0.37101027272630693,0.5288515815071824,0.2686013679666078,0.3997424984549016,0.33633617080333755,0.3249333483032589,0.31759982392410385,0.7182307117543728,0.635924766106854,0.3522158805399511,0.5438517649943336,0.23486948988650858,0.43534264117941424,0.38082097518700886,0.16111740695936444,0.22391989829599898,0.3411285865236293,0.5233955138662368,0.23490296673329572,0.4259342518486401,0.5030752314783846,0.17755166836692524,0.4767294704447776,0.6618677347161375,0.05146389706645102,0.3870218250984307,0.45188280352440957,0.3945298099228066,0.11876646594146795,0.22938431997348538,0.394087323494183,0.27463177840762587,0.1997286179832483,0.2016188862656505,0.2574346257120421,0.21666736856428379,0.2870619574862273,0.1863399770431529,0.20719469813907054,0.15333974827487967,0.25878362433129826,0.2433979062782216,0.25554855482830013,0.22977289767639078,0.022240141123890556
0.2150657650917446,0.5279791530932801,0.24441095068555574,0.6658793991482529,0.43084406128957375,0.123529421521548,0.5261299860909109,0.495763038658104,0.3238599893174737,0.7176110504788005,0.16183825750273118,0.6594147562045503,0.4127109041938992,0.22016498294674253,0.5370575878289394,0.47817212651436347,0.38055716412615487,0.5271702199128946,0.1567902492073454,0.23483695189037287,0.24723767844835476,0.45285899416043524,0.0,0.36361165063662476,0.6977364368001208,0.28584743847821353,0.2773016776778159,0.5336626572614858,0.1861584173816375,0.5598669892868544,0.36723026489545274,0.7146260735413155,0.6797456246027869,0.5252304413434057,0.7165081172852801,0.49126695721190067,0.48232802888184045,0.4920414917510558,0.8488331326790375,0.7079023568528116,0.6361623818264668,0.8478435995098035,0.4353588250829395,0.6354688955060415,0.5489158542142869,0.28174698040462753,0.2029183537312345,0.5401160735861816,0.7017214859052741,0.3819587651018407,0.5215993469124055,0.563716780906828,0.3001766915945221,0.51058678899679,0.7671378798296682,0.15718916699641522,0.4507692289116877,0.4865383544856845,0.38690900732958444,0.27610983179639015,0.3066610973657623,0.5582352421316628,0.3527434219933774,0.3724705862868891,0.19359155242935241,0.29929727464793104,0.25101443945753094,0.4172622269715969,0.0037122308007458416,0.3112644700508049,0.2650011569082036,0.03614412074061116,0.06693904076463125,0.24286587520472463,0.2312915733330314,0.137611348883913
0.21566003298995157,0.23716746636802616,0.20871363530884524,0.5215395099885768,0.2681558313207057,0.03466885713666851,0.27816431372967054,0.25595925486313187,0.12984562939078345,0.4639277519147799,0.02876053136156903,0.33887679571854323,0.2123758337861115,0.15387394538723423,0.29303604227284635,0.20960889300500699,0.09461276944536967,0.3393426963317512,0.2983483064868355,0.1808074421707043,0.1385028183015831,0.0869797164432708,0.36361165063662476,0.0,0.32448953592319624,0.08993762088344781,0.27764700575975015,0.2751198280213977,0.27531166453706724,0.3705204654360194,0.1748851984613442,0.42558874526508433,0.42349890647348754,0.17576080098654417,0.30070735928242176,0.272013174625534,0.27420639953594134,0.24566257323269367,0.4933345919227331,0.442060402435641,0.280937256637188,0.36591253756107134,0.20938410620431308,0.31365082886734796,0.22186236333590545,0.2683687966411328,0.2714634254963779,0.32571195581168744,0.3900233961525703,0.27384253773065276,0.3308301481170207,0.38865630269797824,0.17033926924962992,0.2960836362099667,0.37153916500773615,0.26521934296567784,0.2639722150132889,0.24705405995829235,0.274496388353308,0.12237610582606279,0.3462404906368079,0.22256864964636647,0.16843245604792784,0.09494443129906396,0.2747661050530385,0.021499483494243687,0.2608371862659765,0.1794436485925258,0.004570504257359054,0.07675325392036284,0.11825350066453688,0.28505074461571456,0.28000030816830335,0.25044908992535725,0.2369972450885988,0.027478701956225815
0.18288005380282638,0.5778731406630961,0.05610771294194247,0.6667030491122504,0.550941153696921,0.21223102031717753,0.5386542620305956,0.4504743099778564,0.4437546955065912,0.8166263720023569,0.20889194192025146,0.7196570957745789,0.532962295751226,0.33093578530037077,0.5203638574445342,0.41941687218938273,0.43713729960919456,0.6127147888457565,0.2089843395931043,0.08958691567183028,0.3811827095736155,0.5733849257884576,0.6977364368001208,0.32448953592319624,0.0,0.3780526021470972,0.27914627033132366,0.5428751512145589,0.3871382869552234,0.8235160688387175,0.33623086658093226,0.5250597135665322,0.6904621000687162,0.27575312579524885,0.5468947141182554,0.531215984449792,0.4733957095320806,0.46996211245750324,0.8188734564309779,0.697026578235585,0.5479643734272072,0.7360574344605946,0.45158529574749656,0.425895559302239,0.6614023715022245,0.16111633971247022,0.27323584628333,0.48758514600139,0.6699117038698879,0.42616411207097205,0.5739849688426465,0.5822671007121846,0.2938151893192532,0.6047507796300482,0.7071739579164061,0.227418098314686,0.5257519327402124,0.47142822156336056,0.6130372597802405,0.38481091607548246,0.28441109913848467,0.4893871203924432,0.49524817939196264,0.3221296574673473,0.2094209141803959,0.12635510482668233,0.24505010230539012,0.4866127620030794,0.13958995205318916,0.4148970635384176,0.3533382790600084,0.19520168981440636,0.19458381223103396,0.045231758809242406,0.16161920544796554,0.23343366576178703
0.21268268606193436,0.24886206005518452,0.1748052942431242,0.5237515010030666,0.2469196910235539,0.3390129567856591,0.3017660159808186,0.3103617758700349,0.1445382401370118,0.5117466581666877,0.26116033450005327,0.38179962068299267,0.21490785540929896,0.058943986632973566,0.26869393698898836,0.2053045688750681,0.1818923170416918,0.36062463000694966,0.29868876826304924,0.24257988696929308,0.17436593321966526,0.1542951065970258,0.28584743847821353,0.08993762088344781,0.3780526021470972,0.0,0.29504421223812155,0.2847191117969047,0.014919127303412494,0.39186804003643,0.07759061357218622,0.4068141016518671,0.3769739706001066,0.07885511257753297,0.17977913086137876,0.19280920550859992,0.2485472170577151,0.21636254182350656,0.48516469201647605,0.4229279594895965,0.22970736449113682,0.4070642538603394,0.13653199813168504,0.3252365528127885,0.3033684918608488,0.2608441218729985,0.2900921120756874,0.4018477670284799,0.34674072196054884,0.18864812614679283,0.3345502759467887,0.3417490700857453,0.20392643320989165,0.3663312998803813,0.3207722616988742,0.3137198881899138,0.22218277970842037,0.2018824902066426,0.2996124036722502,0.16564356278449172,0.3490917346497173,0.3440736135613935,0.20359429887915703,0.1414498591842837,0.279976976744705,0.3213065280868504,0.2936613755347081,0.2139813915637298,0.3161072494234235,0.1066622676391705,0.14456427481044043,0.3487892606708439,0.29857407402694797,0.27233355571452916,0.1905191885554519,0.33479867572411504
0.23606543860858503,0.28991441416975045,0.2307162882743539,0.22657844370471455,0.32471514270750695,0.37197488992233085,0.35017411661665604,0.26675816000411456,0.3698061121649694,0.23039580775506263,0.2016660850081721,0.11098323889188427,0.3849234801687165,0.3225319764358646,0.16255100046976154,0.23532387567844829,0.3940194872935703,0.07264431680129449,0.2450376244469699,0.21200428462463364,0.24675425294162548,0.260618933467634,0.2773016776778159,0.27764700575975015,0.27914627033132366,0.29504421223812155,0.0,0.2583326841886022,0.22716674844065127,0.1713745292995061,0.20669414732052513,0.11308284749358086,0.24960273561484,0.3604924818066141,0.12612569174609795,0.36745688032835067,0.3602805944798919,0.3411583595532184,0.2045296528291172,0.2228616765673911,0.028757237485106557,0.19114874502470963,0.3679183971364903,0.2262054420021228,0.11209032069679609,0.32716212352520996,0.2316734873879848,0.21361400413109563,0.20378938086727166,0.30948658053132644,0.22494715770766394,0.05804113503738789,0.32923477758112013,0.3426056149164673,0.09015632555126227,0.2243617500014904,0.2741761975770391,0.30132296544789466,0.31406496022027985,0.20230031074435745,0.16922509800874533,0.23826524715366976,0.22888480689525714,0.16664351827814808,0.2563948157184315,0.2717077997817225,0.2346272406779209,0.28958870669458325,0.25399667958655986,0.24670825265164836,0.21096197968645655,0.26935714653353626,0.2844444156916286,0.25960154513775857,0.3403137782964163,0.3201351425908934
0.2363985943330866,0.4331413263380416,0.015032094720246053,0.5534542512180599,0.4085340908917429,0.18997491391542165,0.4430566803156525,0.4437380673398372,0.31753537870931325,0.7484007333771919,0.1275694723272734,0.632669099036084,0.4036533152232932,0.34503414684648176,0.4996290417819341,0.42418286626419716,0.42116469252421274,0.6182694004895136,0.1019743569676832,0.22999019323877537,0.2051657107706495,0.4523006037488895,0.5336626572614858,0.2751198280213977,0.5428751512145589,0.2847191117969047,0.2583326841886022,0.0,0.21427045385233273,0.7295886019965852,0.2785947837577327,0.4865439315779667,0.5792251448717517,0.23244244747368936,0.48292434720573046,0.3432069283570666,0.36047031823930054,0.435976979993736,0.5541258861471433,0.6561510731657979,0.44059376076760826,0.5887370276205652,0.36739219104633486,0.481044840180958,0.4967286927365837,0.2543898353800864,0.2371942403764415,0.4886338297762238,0.5268869108724914,0.45570624172238927,0.5644593852638329,0.5040077090814904,0.2517136628116457,0.5163217138252851,0.6640854076437321,0.15900019790194342,0.42334279260427327,0.49969766610286503,0.5651601776263528,0.18835883978742873,0.36997182008602786,0.4341925192146099,0.4214303871067605,0.3241329058580314,0.28605892356035,0.2933799942734768,0.23401117909186295,0.3008719723088379,0.003359690896940992,0.31043140203941294,0.2322430256381181,0.08585717912740304,0.14455364038331914,0.3225129473558961,0.09551639569419001,0.14882523106669257
0.20883245343538243,0.19788237953670557,0.11971202588794722,0.4891462881028798,0.17810759322547917,0.27056043290112136,0.21345684233126855,0.19607050919903513,0.14008765225764358,0.45694299235376634,0.20014593234308237,0.2898881296448169,0.1737174015004762,0.1239168643004726,0.1141063850166589,0.07507690395745859,0.12523727761434555,0.36208883375490375,0.2625300055523507,0.18068745065481917,-0.0015910290015009876,0.10334799413878032,0.1861584173816375,0.27531166453706724,0.3871382869552234,0.014919127303412494,0.22716674844065127,0.21427045385233273,0.0,0.3421060641777029,0.06447936764748982,0.2003020061280978,0.34356122281746193,0.10727778177200925,0.2677593992645732,0.2530570937975304,0.19184903157821917,0.19157609534978115,0.38926997184278234,0.43369844012316666,0.18913000655817674,0.3924629992257621,0.10100323811748041,0.28407267169345507,0.18400984015598262,0.2412244944288792,0.17582816444332353,0.2037323246769669,0.3512352543635441,0.1542600353303241,0.25284814800863276,0.29054414122469713,0.11170703864765413,0.255330164199577,0.36589076427305306,0.24816814940919266,0.18331565265922162,0.2165780898552248,0.2841965960155922,0.21175192682129465,0.2353889303713682,0.11547044091710176,0.07430754521604016,0.12025101698411832,0.2278172859474597,0.21984135718055586,0.17435589955044467,0.02335062629759399,0.2750365969051564,0.03487628443111673,0.008984715915653196,0.19613594190649808,0.2211095451308453,0.23123219466468872,0.15854571531594913,0.253322938705693
0.2607606373859772,0.7193248435157072,0.12079933344377215,0.517961067492708,0.420405564113678,0.03967579168087115,0.5113800210516081,0.45220046906473266,0.38388174470385594,0.8358610033295146,0.18478945686392667,0.6301390881281921,0.6557889354858317,0.2675750622795953,0.2858218280048028,0.4137858601239637,0.501698755915062,0.7813489946934279,0.25197612169979333,0.20402428858241606,0.2261215346903491,0.45850854060719926,0.5598669892868544,0.3705204654360194,0.8235160688387175,0.39186804003643,0.1713745292995061,0.7295886019965852,0.3421060641777029,0.0,0.256563207610672,0.6373779680855594,0.5920671028128446,0.22462835934986372,0.5185018205303898,0.474261411527629,0.4159644295502263,0.36646814391657223,0.8554839812963536,0.7391496467860621,0.44336522801409445,0.8319472905463867,0.36315099745565244,0.5192432630970121,0.7672989107531568,0.3106688695065764,0.16959719378195784,0.40269550767051465,0.4702253778968265,0.34327635302439896,0.4894450526011465,0.48041140347095357,0.17136120613497596,0.5867573775372781,0.7586112931502726,0.19085416335837568,0.5184329728578488,0.45016885643457005,0.5926891573869679,0.2868836887336914,0.2877468849095658,0.5224607743299039,0.49310105308015284,0.55766943229307,0.2791888808604099,0.3359385749460237,0.17831981549579262,0.4035766708636087,0.2444900443553316,0.6258039735607017,0.290094085813509,0.026268977526912818,0.2647081188799927,0.3636886319982606,0.44268990124005114,0.2668667002008935
0.2780384544125638,0.25458100604374184,0.18050601507052733,0.4673773546865184,0.2843542064476952,0.11210718121993063,0.4013312569586026,0.32750878249531334,0.2086669953991435,0.5385176993550277,0.2585493992509303,0.4671097838715083,0.28627600931250363,0.18215045357175708,0.22910476763866638,0.19687542385787998,0.11067489660518923,0.42046876191519156,0.22372983769540872,0.20775823668382642,0.02487351601899601,0.18089719243156954,0.36723026489545274,0.1748851984613442,0.33623086658093226,0.07759061357218622,0.20669414732052513,0.2785947837577327,0.06447936764748982,0.256563207610672,0.0,0.3207767351737756,0.4807087547821932,0.2753697304191907,0.40344921631925396,0.33945549700009303,0.28517334942283706,0.2712906979489717,0.5499582383164275,0.44417425724636767,0.4225630485481865,0.5126561973389238,0.23541746205059588,0.3734214971883088,0.4189040448481791,0.33600365180036834,0.22678000283287314,0.30080549467721807,0.537725887618604,0.32209780174105573,0.3003204425295941,0.4136864891932315,0.12168229231530045,0.34800738760334543,0.44405994439361346,0.29576675265937974,0.34237617405184595,0.251894704325433,0.3357455644562327,0.30518182961765755,0.29794394513180833,0.25458096828156895,0.21161674596319727,0.23031797216386984,0.40114668178097085,0.3028616460218873,0.32551338497727844,0.1444147921645918,0.24832005845654895,0.13488963704273566,0.15233763170576894,0.22837902671538715,0.2836784360946535,0.3686084344854171,0.27552320910493117,0.039391148895267514
0.3038892891332093,0.4218140241353183,0.18490429404979694,0.5010287335838445,0.4156485409412353,0.263329998144757,0.4079729854042723,0.3466568930175387,0.2890111361306278,0.7367800344428652,0.1922710242600123,0.6400656305115592,0.33953786839111755,0.2629035051146608,0.3395081775835765,0.4326975206371185,0.4047562179453437,0.6043804067462994,0.19451327952776415,-0.0008231165846266375,0.3274211153283317,0.37101027272630693,0.7146260735413155,0.42558874526508433,0.5250597135665322,0.4068141016518671,0.11308284749358086,0.4865439315779667,0.2003020061280978,0.6373779680855594,0.3207767351737756,0.0,0.5470075931149002,0.29436964990654835,0.2929802934318535,0.2928341541519859,0.3985396868149977,0.4440107361404038,0.7755604351292067,0.662129257385963,0.36791861060545467,0.5694232803233628,0.2886153079557549,0.5211119704937452,0.39231816970865874,0.349990442994934,0.02878950838890898,0.45239842817110804,0.42294491674714585,0.42980520997655103,0.5800580777761023,0.47180957081930813,0.3764015372651531,0.3971162280996337,0.5853990527652813,0.20221719609163222,0.5330091514254551,0.31301755410797677,0.4408912071374036,0.23810644501391492,0.014659538664603067,0.46602230078352536,0.44492065373348677,0.24424654988203195,0.21372808197567925,0.16766140621967324,0.21380581119806327,0.3981802835800763,0.18394729695663503,0.46110337271697904,0.4316257532920765,0.14454627943099652,0.1439300483132325,0.11467379008566436,0.03528375322291971,0.23913828767890716
0.29072479572807464,0.6015118438314672,0.15490641327255206,0.6868085372598365,0.41444329758831444,0.33659103661522183,0.3748900515646162,0.4413783008051675,0.37700010969552405,0.7176811273610253,0.21130913624382616,0.6715435369003557,0.4440908748991121,0.3980582645080468,0.6066403572497091,0.5092623404081941,0.428744457471787,0.6686320674418652,0.3262162264251809,0.09507966383096927,0.40103024733842974,0.5288515815071824,0.6797456246027869,0.42349890647348754,0.6904621000687162,0.3769739706001066,0.24960273561484,0.5792251448717517,0.34356122281746193,0.5920671028128446,0.4807087547821932,0.5470075931149002,0.0,0.3617289447224985,0.5826806995983881,0.4972850597891158,0.39255073373940774,0.5794569903877216,0.7127714821790893,0.5933937224530363,0.4881867501521247,0.6052648147460581,0.5187562870369296,0.6099593436377497,0.4697421712499984,0.41708381512942316,0.14012916429579753,0.6075748490733517,0.6034937353088039,0.34723089210835795,0.6149270795921623,0.5201247233480759,0.3333058933719985,0.6107602968407363,0.5946781606839676,0.20357124330962248,0.5431051009992224,0.484228564011779,0.45626450794620743,0.48917948758701074,0.0743482714138674,0.554744170849118,0.454074784866305,0.5103150888788712,0.06417704454758383,0.2222962676120283,0.4417549312268876,0.5290493670364733,0.14803760242701525,0.4979992105541174,0.43052086819821733,0.36304533977175807,0.2462871518421029,0.22768553326935154,0.16968241408438228,0.35645502930727835
0.3030137635863637,0.30502057411999584,0.011645609212344477,0.3872365336011189,0.2626863829074223,0.3177176073314195,0.21455217877835356,0.3697944437173911,0.19557060328071502,0.4980319910566476,0.0902180790128716,0.49724599898673255,0.15973045483836973,0.22398043213967334,0.3767573672028775,0.2925493891924283,0.09897248998316385,0.3198817139354557,0.07786866888582317,0.28000897699563604,0.12425513173028158,0.2686013679666078,0.5252304413434057,0.17576080098654417,0.27575312579524885,0.07885511257753297,0.3604924818066141,0.23244244747368936,0.10727778177200925,0.22462835934986372,0.2753697304191907,0.29436964990654835,0.3617289447224985,0.0,0.4866105490752794,0.2555122610453424,0.31790735255913694,0.45544168497562815,0.48797949107629784,0.3119638392880306,0.4107240210589416,0.29667530903333905,0.20421819709388833,0.4146364459026106,0.27095776750974754,0.4004231423421392,0.3029786339781427,0.3631827753670422,0.4571716652201228,0.22224688974122897,0.3698800673019773,0.3290762087518012,0.10912157823785429,0.3265769024968482,0.4069983983665651,0.011544013325528735,0.3553912298907494,0.2713558353170431,0.16787716097278632,0.18544958032588849,0.39098252328932853,0.27811361021809655,0.17993154441011872,0.33819170265434795,0.2876494086871164,0.34658917944036455,0.3357964194980903,0.23396040557000622,-0.0025938987804670077,0.16820489393086396,0.12258750829392001,0.35753723052986497,0.3933162266711864,0.3742755120022677,0.23761460763402628,0.13149218059461204
0.3262543558802302,0.5395543000095557,0.09436684542557575,0.5849345862720415,0.4647096682949797,0.3908903607184622,0.3208391430411297,0.42809827641132425,0.3545970301394358,0.6336925457855063,0.2533686944551212,0.5839907073224396,0.25321961723469966,0.391156819198389,0.5006878889502839,0.37633415278419163,0.2422617451636865,0.5187283333779984,0.26900992131575924,0.03985017862707252,0.3512215646704039,0.3997424984549016,0.7165081172852801,0.30070735928242176,0.5468947141182554,0.17977913086137876,0.12612569174609795,0.48292434720573046,0.2677593992645732,0.5185018205303898,0.40344921631925396,0.2929802934318535,0.5826806995983881,0.4866105490752794,0.0,0.39214708674503373,0.43018151775473945,0.6259148369675764,0.6932555848446955,0.48523884172699,0.5637277211912702,0.4329548946503401,0.4691621964633447,0.4760574111218646,0.443743675808811,0.41313876728747356,0.3981247925031738,0.4763996259390626,0.5382543322585615,0.2675484943418718,0.5109951758702748,0.4717287924205815,0.27966925562876555,0.45014436708477834,0.5665573128463459,0.15730028519408323,0.4422092016964595,0.393379748134049,0.4132455483400211,0.33785136225780305,0.3000650438656788,0.37991602392275925,0.2902764570775915,0.40137186905904837,0.2636045494541769,0.06008367416492022,0.34043007141225856,0.44771164860638396,0.06817731478842476,0.3478003956394337,0.24389055140889154,0.2058987522890205,0.07553933056429246,0.009748459475784066,0.006253677585898176,0.24678124330864296
0.260882669441343,0.40494961359504883,0.28060011054148115,0.4631500429355364,0.3571489985518803,0.15943974749267054,0.29915809503630314,0.3248370627120154,0.25096129466986256,0.6266025261252477,0.1846213146869164,0.5988054994509114,0.28952702373408756,0.22227196465266771,0.3496495007741743,0.31974338218676784,0.33399397238856476,0.41197482268931707,0.1435600663730628,0.3300280153999412,0.21601727610088944,0.33633617080333755,0.49126695721190067,0.272013174625534,0.531215984449792,0.19280920550859992,0.36745688032835067,0.3432069283570666,0.2530570937975304,0.474261411527629,0.33945549700009303,0.2928341541519859,0.4972850597891158,0.2555122610453424,0.39214708674503373,0.0,0.3700440110656179,0.522275162069718,0.43966242482288176,0.49713770972256893,0.4372534396210902,0.49080449809747917,0.24206426262771374,0.29539185311437116,0.39669570509360397,0.2945679977437171,0.2981085733363211,0.3281485319098554,0.329589015557139,0.24268322861552707,0.445471705429348,0.27856286364893235,0.2166998745977328,0.32754872971422583,0.5620774049034059,0.1584759712844006,0.42024548142415097,0.2934592110754888,0.23454999722386305,0.13717622425746664,0.41379968944710693,0.46292856634295965,0.31899666263565557,0.2970601043072405,0.3430477837937677,0.37933617008691145,0.3371379638575984,0.2663213062181986,0.3217368838546104,0.31743895519900245,0.17257679409629118,0.11370318247241587,0.026761722787942976,0.3842995736361199,0.19872652732992468,0.11759325270539428
0.2738514111221313,0.42461853553193785,0.0383623079044724,0.4247955114751783,0.3173394464001825,0.21450531054034602,0.33184083304790635,0.31205003921907376,0.2998369603816322,0.4793696858373804,0.19530298835616133,0.4439637093061904,0.21526284439233304,0.23589899286768268,0.32963345095297214,0.272180265186072,0.36938791683569594,0.4882691334777686,0.23968360030095887,0.3682892794496211,0.2839788997348708,0.3249333483032589,0.48232802888184045,0.27420639953594134,0.4733957095320806,0.2485472170577151,0.3602805944798919,0.36047031823930054,0.19184903157821917,0.4159644295502263,0.28517334942283706,0.3985396868149977,0.39255073373940774,0.31790735255913694,0.43018151775473945,0.3700440110656179,0.0,0.5179254719652192,0.42252305207494584,0.3996544134630764,0.35929354259265806,0.3149434292051765,0.2786010122077905,0.28042712968212535,0.42670725115332747,0.33417850252621134,0.3674125815509396,0.37292734128471383,0.3064356669769865,0.259068686597731,0.379290749126815,0.3007941361770603,0.2500217803633099,0.3560997037931733,0.43658158523695234,0.17425685569594607,0.4026445619625352,0.19210163350562307,0.18037501561891092,0.2217248540597507,0.45938531667865823,0.36483423497686973,0.3186802351630943,0.2608657346489581,0.23213577656310092,0.06317356473327052,0.23567119478781828,0.2574993118914005,0.07601888170954224,0.3031274012509184,0.22974570322267132,0.1353061031935548,0.08782262822001374,0.38278212763400077,0.22170608551886198,0.1838586618185883
0.2763423926118826,0.5532669649074443,0.023259417920587222,0.5584023938565029,0.40615783801453326,0.2368592338329466,0.42468674889587577,0.2919492185264989,0.32995624178606503,0.5304813479527928,0.17679090380033166,0.5094306057333603,0.3116297360211387,0.3459230576901492,0.39681372312425195,0.27326381745673645,0.2807723154690039,0.36648098198447804,0.16154276853652122,0.2954883047700048,0.26844206639297663,0.31759982392410385,0.4920414917510558,0.24566257323269367,0.46996211245750324,0.21636254182350656,0.3411583595532184,0.435976979993736,0.19157609534978115,0.36646814391657223,0.2712906979489717,0.4440107361404038,0.5794569903877216,0.45544168497562815,0.6259148369675764,0.522275162069718,0.5179254719652192,0.0,0.5989480089365664,0.6045691188218443,0.5065634080068109,0.4518447337253717,0.39100920924367477,0.4446996277802528,0.3812736189522182,0.3597555674004192,0.23496554982653048,0.31077483345650275,0.5371646051090532,0.34253433185435084,0.4596677170684163,0.517320175541742,0.1646951351442468,0.49871970282648076,0.54052648119652,0.12285482539162557,0.3634928396488323,0.30670491662398514,0.3172670946268382,0.25418663243048667,0.27236661472236995,0.34889682838127156,0.3002398359200413,0.3623164980798409,0.2801218495232345,0.3817624773135759,0.375617454581021,0.3160929522291273,0.06496545425244526,0.2626856367658962,0.2288874320127253,0.20833525026568156,0.08125305328840882,0.3634409787349873,0.24260045577614045,0.22192406267320108
0.041996394306109575,0.6701549314888988,0.1672416109894334,0.5886585568004112,0.5239348312804932,0.3250577098557718,0.49889503955491254,0.3823807624256645,0.3881409612151979,0.7465154717615867,0.33222919010129537,0.7580621148286879,0.4616769991587146,0.3972715297728771,0.5661688516739487,0.5701955525326183,0.48582787364964886,0.6570294227462186,0.32748966808899294,0.13542769811155655,0.453353900327022,0.7182307117543728,0.8488331326790375,0.4933345919227331,0.8188734564309779,0.48516469201647605,0.2045296528291172,0.5541258861471433,0.38926997184278234,0.8554839812963536,0.5499582383164275,0.7755604351292067,0.7127714821790893,0.48797949107629784,0.6932555848446955,0.43966242482288176,0.42252305207494584,0.5989480089365664,0.0,0.707124543221632,0.5979841292993323,0.6059465425923877,0.41135784135914705,0.6099822794113212,0.8134225562936681,0.32519084784337166,0.024289345212737012,0.5676900915248246,0.5484061413105845,0.48119296743105217,0.7318294665963638,0.6039276581632218,0.4549394208484494,0.5756956732742431,0.7077117233520773,0.2389876606420493,0.6365589568727847,0.5977064982360358,0.5102756249957949,0.4342881799158633,0.10897741223711888,0.5959679581600675,0.6024099440927015,0.3418660672000631,0.21141596187895903,0.27597652026767355,0.3180308992194679,0.5499412508092457,0.301916052042629,0.49451871817289517,0.5329818660778887,0.35477007658516096,0.2857477261970871,0.24947805307677035,0.24285391830347328,0.4384190072401216
0.32708176713977943,0.5830154615427076,0.1331911907915937,0.7223088221254786,0.5237902321019406,0.41255596717356396,0.5625723620838449,0.47670192651208376,0.4468454898123143,0.8579983624321833,0.30494740307854706,0.7560447068831222,0.577381101668546,0.39194369984905647,0.6207264640669301,0.5583905586863911,0.43183687041366137,0.6149154296891552,0.33111025369570746,0.22024677341496507,0.465313461869434,0.635924766106854,0.7079023568528116,0.442060402435641,0.697026578235585,0.4229279594895965,0.2228616765673911,0.6561510731657979,0.43369844012316666,0.7391496467860621,0.44417425724636767,0.662129257385963,0.5933937224530363,0.3119638392880306,0.48523884172699,0.49713770972256893,0.3996544134630764,0.6045691188218443,0.707124543221632,0.0,0.4404245510027548,0.6094414380177081,0.45658906608765026,0.6540945930346523,0.6049785455697281,0.39259191516979597,0.07984437261220845,0.5942374111506176,0.6002722521461731,0.4117436347593324,0.7406935478018124,0.5991821194855319,0.2872472256831035,0.6235600870237676,0.6898549725097812,0.26027124733852997,0.6170623135513702,0.4938507282580904,0.410287958594019,0.44647929957871435,0.12876713242374138,0.5167468587603526,0.5263620873788963,0.5412957560299536,0.05040933875063258,0.24471826963305787,0.4458313669522069,0.6417396355279403,0.14822835162866377,0.4451196928005015,0.40974623816203043,0.3198622765922267,0.17633390480293953,0.15969692177353256,0.010121509845188448,0.32527106758498064
0.28267607322556215,0.4676100775656979,0.057487927520871784,0.545660298466085,0.4031125456592703,0.3352248422416797,0.3734027429139534,0.3682255184041584,0.24830400565525476,0.6272123560520846,0.17409137004454997,0.6156874723264042,0.283854410668103,0.28567943131592505,0.5582222448375285,0.3100798181712778,0.2576409879861809,0.4949253863686318,0.19572679009916286,0.17283855031286888,0.2750292161537029,0.3522158805399511,0.6361623818264668,0.280937256637188,0.5479643734272072,0.22970736449113682,0.028757237485106557,0.44059376076760826,0.18913000655817674,0.44336522801409445,0.4225630485481865,0.36791861060545467,0.4881867501521247,0.4107240210589416,0.5637277211912702,0.4372534396210902,0.35929354259265806,0.5065634080068109,0.5979841292993323,0.4404245510027548,0.0,0.48944129854769175,0.39086316479690564,0.48463466381200915,0.4935555017000254,0.3883233675405936,0.3231632406074438,0.40807244636002693,0.5412956986154643,0.42896688226083657,0.4933150995111938,0.4642028525204319,0.18369912798654578,0.3808598106576218,0.5834715420104148,0.15527915075792248,0.4939142105708891,0.3777932680707117,0.32411433739924117,0.25563743546261364,0.24546074072181534,0.4767303111974348,0.3231257360288429,0.4730047453385368,0.26637988315463773,0.4515968755622246,0.29958385910371155,0.3867130037539057,0.07104476631684953,0.2654926664821031,0.3353273736875215,0.1436061300085164,0.05196973237009844,0.3050205977530096,0.27035596228605885,0.17198969526103147
0.3444286643265694,0.6659172206081944,0.1546680497421412,0.550114124309373,0.4933945143454755,0.3563553189126597,0.40202670107084193,0.4165117971612727,0.41324994948282673,0.779505686781014,0.22401478328433627,0.7406828181750371,0.43058694447560986,0.38105829104256045,0.43906889498980306,0.4818419299320108,0.3587817807357837,0.6691118620206086,0.31022151447382096,0.15191936573138642,0.4734148716917634,0.5438517649943336,0.8478435995098035,0.36591253756107134,0.7360574344605946,0.4070642538603394,0.19114874502470963,0.5887370276205652,0.3924629992257621,0.8319472905463867,0.5126561973389238,0.5694232803233628,0.6052648147460581,0.29667530903333905,0.4329548946503401,0.49080449809747917,0.3149434292051765,0.4518447337253717,0.6059465425923877,0.6094414380177081,0.48944129854769175,0.0,0.43910928727319687,0.5470178849015824,0.543233974114409,0.3834649973687901,0.41242110945942295,0.4602846581215576,0.5536758405278001,0.47987676600065843,0.7028416422800862,0.6059347783394208,0.3887146843049499,0.55614379197092,0.5773822872042167,0.23592874994030516,0.5215109213058556,0.42565834036072897,0.4357732667108182,0.3443904348506573,0.09918058834447085,0.5355643070391577,0.42898248453939103,0.4324272522853035,0.042638166544723966,0.24032438975240014,0.4240282498174309,0.601203842724902,0.21034895473648066,0.4514942139448325,0.3927256558611557,0.3508721553280537,0.1790463623184487,0.22274649371709102,0.13927056785221953,0.3303394692752095
0.2336455224177019,0.2986789689527543,0.24964813760477433,0.4137790067129102,0.3746393368966179,0.05472672934734468,0.26533095375014987,0.2252410669372019,0.12083938113903281,0.5878004173582294,0.09434885469743431,0.48748387292811424,0.2456959692906483,0.1799076467092432,0.32201736160308336,0.24476075527833852,0.273260514577972,0.45947063458334886,0.1214818586164049,0.3202652214794545,0.08601997971179542,0.23486948988650858,0.4353588250829395,0.20938410620431308,0.45158529574749656,0.13653199813168504,0.3679183971364903,0.36739219104633486,0.10100323811748041,0.36315099745565244,0.23541746205059588,0.2886153079557549,0.5187562870369296,0.20421819709388833,0.4691621964633447,0.24206426262771374,0.2786010122077905,0.39100920924367477,0.41135784135914705,0.45658906608765026,0.39086316479690564,0.43910928727319687,0.0,0.31023220552111147,0.3478105040996402,0.2761892813910152,0.32610931585819114,0.23932375814577198,0.43642587208375105,0.29260296558082055,0.32850895176850775,0.26474229706573044,0.10523555531312295,0.38525970339109805,0.460422615716091,0.13047393329384877,0.3224734962271483,0.33366755492252687,0.3826645935664717,0.3276755963368497,0.33159945752857173,0.4088950003864048,0.2557980861128283,0.2616741835850711,0.280404594377725,0.37563025172340075,0.32577411644632553,0.12690565956019323,0.39342409093586267,0.21222908469689716,0.05851153854899266,0.29229229660105904,0.017627119080869835,0.41446782945443683,0.09917875479203592,0.06576482949229301
0.3374810920425837,0.42037890120068094,0.04818082580841354,0.5274185456556613,0.34930021271888756,0.31889241839624605,0.34430013929931524,0.2658901570688293,0.23776900952630775,0.46637623779565296,0.17138752943830315,0.5505974817993602,0.359906158347407,0.3379285865879905,0.41024653660603494,0.4369359872321333,0.30483623686987293,0.49710055151944293,0.2580295246846209,0.10847003128091404,0.2683186194860304,0.43534264117941424,0.6354688955060415,0.31365082886734796,0.425895559302239,0.3252365528127885,0.2262054420021228,0.481044840180958,0.28407267169345507,0.5192432630970121,0.3734214971883088,0.5211119704937452,0.6099593436377497,0.4146364459026106,0.4760574111218646,0.29539185311437116,0.28042712968212535,0.4446996277802528,0.6099822794113212,0.6540945930346523,0.48463466381200915,0.5470178849015824,0.31023220552111147,0.0,0.5986453785947499,0.38571503139703406,0.48321885579247936,0.3888795616757427,0.351295302980726,0.3377268808183071,0.457210011981393,0.438394568537885,0.30749113297366015,0.4005104732133631,0.5411407550254914,0.18228809861665946,0.43229077117789566,0.37316834370939894,0.34108628649564243,0.32798649731471674,0.02422779495522992,0.3888532766646762,0.2736556866403023,0.2549189757571834,0.44159382301375794,0.18644811697266317,0.4467838292312927,0.4268328390693221,0.1432044254964382,0.3212143054298603,0.2863504404711074,0.2482210574168946,0.17559751810516444,0.09007467478984177,0.09801016989658548,0.3173999720068563
0.1936895738379564,0.5796235261509606,0.08791303876049472,0.5079967965001567,0.4979195323148261,0.25078900118567093,0.5182052956004775,0.342321235950316,0.33164851063645645,0.6643492640137086,0.20188279719619215,0.5589217383799319,0.3970730671561768,0.4118371101095573,0.64575378615983,0.46381082339221535,0.20776901594932226,0.5449266075633221,0.08685572649694781,0.07411000804635753,0.4085692746593327,0.38082097518700886,0.5489158542142869,0.22186236333590545,0.6614023715022245,0.3033684918608488,0.11209032069679609,0.4967286927365837,0.18400984015598262,0.7672989107531568,0.4189040448481791,0.39231816970865874,0.4697421712499984,0.27095776750974754,0.443743675808811,0.39669570509360397,0.42670725115332747,0.3812736189522182,0.8134225562936681,0.6049785455697281,0.4935555017000254,0.543233974114409,0.3478105040996402,0.5986453785947499,0.0,0.28550029346717243,0.03832090939450061,0.34822233693902305,0.5712239203932848,0.44671999039316956,0.5424825763464277,0.6037089171774884,0.3079758109192906,0.38457169802522445,0.5057961680254487,0.21557923212676944,0.46709519485104395,0.49958088415558854,0.4474744644129235,0.2954400316385159,0.28875048807850817,0.41513851479395303,0.3950576284674679,0.4837775710317028,0.327652549016219,0.1856177022904168,0.3395476174816471,0.47071237104805125,0.07156957710074457,0.4228165669252942,0.3556716645190908,0.2362117120851519,0.1548486963129403,0.005854649100715759,0.013737297019208144,0.2650637457742261
0.20674893420576693,0.3093400891792528,0.2392543448035071,0.28626775576100894,0.3811087670080301,0.2974399551335385,0.37443208574189474,0.220229526148622,0.36643718424521027,0.23042095714562452,0.2620785184925535,0.281469426086654,0.3183989539948905,0.36986113731442705,0.27845493444766173,0.17162962545835567,0.1816902454407661,0.1875614610868025,0.218650291428354,0.17648293185026753,0.027999042637767202,0.16111740695936444,0.28174698040462753,0.2683687966411328,0.16111633971247022,0.2608441218729985,0.32716212352520996,0.2543898353800864,0.2412244944288792,0.3106688695065764,0.33600365180036834,0.349990442994934,0.41708381512942316,0.4004231423421392,0.41313876728747356,0.2945679977437171,0.33417850252621134,0.3597555674004192,0.32519084784337166,0.39259191516979597,0.3883233675405936,0.3834649973687901,0.2761892813910152,0.38571503139703406,0.28550029346717243,0.0,0.23636732078333833,0.17147919120586758,0.36225494375372835,0.3143700163462491,0.30911874792127053,0.38227750304585884,0.017448888901171022,0.2510511022667068,0.27813476036494333,0.24764070570404675,0.31537423449776625,0.3358458594234139,0.22106768449568356,0.33632311743771576,0.1861630914648759,0.29230224337089644,0.25766557777893784,0.2546189112336022,0.21635400409926445,0.04072073855766212,0.18254482689923934,0.24162435980314803,0.3262212001001481,0.2260176924783675,0.30562728412332124,0.2546347083584777,0.2731665427010658,0.1972624595484131,0.1594326724571546,0.2945800035958767
0.22873539447311042,0.2645867855113964,0.14969984403601064,0.08599310129853305,0.30087080869098964,0.2516758691428248,0.3720993149801292,0.2950640057132079,0.3556795126648418,0.07765913783982162,0.19076806934980772,0.28867977655416094,0.3302453088727313,0.3051619928586027,0.26493117946135436,0.22853148609726226,0.33407266486903575,0.08018361378010053,0.22815954058209012,0.14295824652051728,0.26875489177606615,0.22391989829599898,0.2029183537312345,0.2714634254963779,0.27323584628333,0.2900921120756874,0.2316734873879848,0.2371942403764415,0.17582816444332353,0.16959719378195784,0.22678000283287314,0.02878950838890898,0.14012916429579753,0.3029786339781427,0.3981247925031738,0.2981085733363211,0.3674125815509396,0.23496554982653048,0.024289345212737012,0.07984437261220845,0.3231632406074438,0.41242110945942295,0.32610931585819114,0.48321885579247936,0.03832090939450061,0.23636732078333833,0.0,0.191696262999214,0.11504284281384469,0.3692088545305817,0.2702146347880905,0.35223625302526057,0.31901767525980124,0.2800865873345039,0.07604655341452171,0.24087360640779423,0.275420346853928,0.3298168560457072,0.28697041120357203,0.17990142168452167,0.23991569592010975,0.1661371897685526,0.2578097228494389,0.17845493247201216,0.1523663213100912,0.27558888331964587,0.18663795437946018,0.220728027791875,0.19526074509334784,0.2639136581502741,0.24584006665994135,0.15867375733841085,0.23322156707319658,0.2298026274749997,0.3418246743157246,0.25550170418791784
0.2591939559656186,0.4527601100273015,0.128207779829246,0.4688953258152935,0.4062447083883706,0.27721515196222263,0.43060427206670254,0.45843399470665713,0.3236710030110529,0.632152375482107,0.14893513878306563,0.6538134339064838,0.4249714429866327,0.2303361212286247,0.44517733375956514,0.3356356353526643,0.3108366331739389,0.5301640162391577,0.14759120484312527,0.04018174816336492,0.369329442987642,0.3411285865236293,0.5401160735861816,0.32571195581168744,0.48758514600139,0.4018477670284799,0.21361400413109563,0.4886338297762238,0.2037323246769669,0.40269550767051465,0.30080549467721807,0.45239842817110804,0.6075748490733517,0.3631827753670422,0.4763996259390626,0.3281485319098554,0.37292734128471383,0.31077483345650275,0.5676900915248246,0.5942374111506176,0.40807244636002693,0.4602846581215576,0.23932375814577198,0.3888795616757427,0.34822233693902305,0.17147919120586758,0.191696262999214,0.0,0.6750545412337602,0.45824219339891115,0.4292069238253019,0.5084788570533493,0.3683426105882027,0.3916270617838917,0.4702765811150352,0.14259036668184658,0.5483602054233863,0.4611142229610713,0.4640429351901003,0.41750598431423647,0.23647308875967016,0.3996767831751834,0.26563678274287805,0.21086002209348614,0.28584610727308873,0.23890549741145217,0.23337832128703598,0.37506853023243636,0.2180095684687397,0.25681639303135473,0.4079167885544693,0.12901256739730227,0.12531541372587027,0.19464511437837273,0.18519326738091524,0.1993954849328713
0.34262522005330365,0.47152502550236575,0.1265425517594179,0.5204536753198644,0.37355172668638825,0.31942212700609496,0.29819863222055665,0.4824993269494951,0.3222330414721849,0.6821515803212695,0.307792512113077,0.6161684101186963,0.3492546173846666,0.34330313640276255,0.5602945512193782,0.5012933427802853,0.34519743758740185,0.6614148127904793,0.3235030216241265,0.12340467469644611,0.3958333346146897,0.5233955138662368,0.7017214859052741,0.3900233961525703,0.6699117038698879,0.34674072196054884,0.20378938086727166,0.5268869108724914,0.3512352543635441,0.4702253778968265,0.537725887618604,0.42294491674714585,0.6034937353088039,0.4571716652201228,0.5382543322585615,0.329589015557139,0.3064356669769865,0.5371646051090532,0.5484061413105845,0.6002722521461731,0.5412956986154643,0.5536758405278001,0.43642587208375105,0.351295302980726,0.5712239203932848,0.36225494375372835,0.11504284281384469,0.6750545412337602,0.0,0.4612560828650229,0.5590295425395074,0.37343303792503535,0.3534753340719647,0.4033632970330271,0.6443861246270238,0.35071716845732614,0.5273587878820126,0.36860379206503713,0.43520102429759594,0.38642839404703955,0.4570213718605543,0.6535998315416979,0.4518956670110278,0.4847768940001963,0.3780026358124027,0.21083590634170696,0.3842473165886036,0.48299327657461655,0.17908721362484917,0.44904611275296064,0.38542518940957937,0.2778319388495637,0.1539005721338268,0.12404299468201851,0.061374172119415954,0.2678467327105947
0.2206252298986277,0.31367296013754253,0.07278825643694223,0.46624474673118693,0.2699048446211245,0.1427538556219919,0.26902050950736667,0.3311516691029447,0.1385112426619247,0.49598040387837483,0.15265845246230786,0.43917542239905727,0.19316742155764788,0.31826526892035306,0.2990629984737438,0.34784265425815875,0.23289051480619127,0.35615271898063794,0.1620080779604095,0.31114657202036927,0.25756547476400576,0.23490296673329572,0.3819587651018407,0.27384253773065276,0.42616411207097205,0.18864812614679283,0.30948658053132644,0.45570624172238927,0.1542600353303241,0.34327635302439896,0.32209780174105573,0.42980520997655103,0.34723089210835795,0.22224688974122897,0.2675484943418718,0.24268322861552707,0.259068686597731,0.34253433185435084,0.48119296743105217,0.4117436347593324,0.42896688226083657,0.47987676600065843,0.29260296558082055,0.3377268808183071,0.44671999039316956,0.3143700163462491,0.3692088545305817,0.45824219339891115,0.4612560828650229,0.0,0.3401135902139426,0.32239494505727784,0.390053862261516,0.3268318703064102,0.42343694755428807,0.14164596905039673,0.3910023854960375,0.3189521757388263,0.3387085275663916,0.242649699622364,0.4725616256279116,0.4249739270141709,0.26556225915068077,0.25744507862546584,0.30234471810056585,0.23304166304271196,0.29723044545880356,0.31447674370554646,0.09947677073262234,0.20241311753277622,0.2670934098783723,0.4093980267512778,0.11227632520959979,0.3863550659986938,0.22039226622612648,0.11182643399920938
0.2794327108274157,0.4622002403931587,0.08484837124162725,0.5898593281413578,0.4333822152630611,0.25412511321412934,0.4882158904361771,0.45061563585214354,0.36701041121287686,0.7681079841963682,0.13595631467024952,0.6735227569634117,0.522981218133819,0.32523134887314414,0.4307772401775508,0.39513951038118245,0.3295146868848837,0.4800565927691247,0.20569026604073237,0.07985738125151318,0.3887350378309652,0.4259342518486401,0.5215993469124055,0.3308301481170207,0.5739849688426465,0.3345502759467887,0.22494715770766394,0.5644593852638329,0.25284814800863276,0.4894450526011465,0.3003204425295941,0.5800580777761023,0.6149270795921623,0.3698800673019773,0.5109951758702748,0.445471705429348,0.379290749126815,0.4596677170684163,0.7318294665963638,0.7406935478018124,0.4933150995111938,0.7028416422800862,0.32850895176850775,0.457210011981393,0.5424825763464277,0.30911874792127053,0.2702146347880905,0.4292069238253019,0.5590295425395074,0.3401135902139426,0.0,0.5091281595794962,0.31328630761396586,0.487289517915024,0.5769490599954247,0.16435772796912707,0.49228172568682754,0.4209654425528357,0.4837848242872391,0.39549831594259566,0.3523020178069929,0.44082880905795163,0.41463174927458823,0.2568024589767553,0.3640866202285441,0.13062317667034318,0.28157080745502805,0.3967103699545501,0.17171715921536793,0.3272191137725375,0.4439689284529531,0.22561643809307796,0.12981591799265643,0.08957128903821437,0.07536043846277193,0.3114022772148427
0.2837474472882052,0.48632514265873084,0.14706670654567985,0.5073238507423993,0.3242635927565892,0.25687946391839955,0.2997569009868719,0.416488970002954,0.3032948498905658,0.6775456880457148,0.1469408085029582,0.5208359395085114,0.2624100342370439,0.31358947355442607,0.45865414426462714,0.49654559484480676,0.3730526750028251,0.5213937916357247,0.2242721746999335,0.06541217901886326,0.32686208660858196,0.5030752314783846,0.563716780906828,0.38865630269797824,0.5822671007121846,0.3417490700857453,0.05804113503738789,0.5040077090814904,0.29054414122469713,0.48041140347095357,0.4136864891932315,0.47180957081930813,0.5201247233480759,0.3290762087518012,0.4717287924205815,0.27856286364893235,0.3007941361770603,0.517320175541742,0.6039276581632218,0.5991821194855319,0.4642028525204319,0.6059347783394208,0.26474229706573044,0.438394568537885,0.6037089171774884,0.38227750304585884,0.35223625302526057,0.5084788570533493,0.37343303792503535,0.32239494505727784,0.5091281595794962,0.0,0.3700420712659006,0.421756530500265,0.5824833168941311,0.1727474262388684,0.48575883902080225,0.40321956160249,0.41179573857817975,0.29144268510288646,0.36786078729993404,0.5551932501599396,0.38654017301205584,0.31297956116889697,0.2699021997241499,0.1931482183705943,0.29629701259805613,0.48284976730029827,0.1284008381833759,0.3834620763750232,0.33337097162918905,0.1856714249581373,0.19047033262494167,0.07563389275498417,0.15513726936832828,0.28756001001075454
0.015500566597176468,0.2595734432278836,0.06062015869081522,0.47696622234151487,0.312332493078885,0.08732832018417463,0.30407472315764056,0.34847260612099923,0.1671475485536701,0.41140895139664185,0.12535859664506283,0.3676743627681932,0.2641218049681886,0.16648189441356315,0.27315812889705043,0.23946137660900074,0.17047409465350713,0.40086580449557874,0.20940078674308324,0.30263725478580955,0.28511139972010885,0.17755166836692524,0.3001766915945221,0.17033926924962992,0.2938151893192532,0.20392643320989165,0.32923477758112013,0.2517136628116457,0.11170703864765413,0.17136120613497596,0.12168229231530045,0.3764015372651531,0.3333058933719985,0.10912157823785429,0.27966925562876555,0.2166998745977328,0.2500217803633099,0.1646951351442468,0.4549394208484494,0.2872472256831035,0.18369912798654578,0.3887146843049499,0.10523555531312295,0.30749113297366015,0.3079758109192906,0.017448888901171022,0.31901767525980124,0.3683426105882027,0.3534753340719647,0.390053862261516,0.31328630761396586,0.3700420712659006,0.0,0.34927492977422114,0.3033073976913111,0.13633970264509546,0.3828255914353059,0.2593412312667882,0.3154474567278321,0.3693100543942733,0.36266151961436055,0.31310451500359493,0.15171178965641782,0.17727092532797886,0.2038155596859541,0.24108238295639614,0.27669210847408277,0.3323833236335421,0.113692175216624,0.2246398352410147,0.2713891915518196,0.36239534176312216,-0.0006168988523428953,0.35150633016890526,0.1701253602014899,0.054777969541785654
0.21488143947946955,0.48984998889297837,0.07228109102030539,0.6061235044684438,0.4436230134248747,0.24776694574170582,0.4161464194634352,0.3860672297918165,0.311246343419027,0.6886185446723333,0.15703583015127226,0.4813376915998986,0.4619555272724874,0.29929652746326785,0.4062740585144983,0.4939722556722779,0.3785338834810512,0.5708561598579744,0.16684683547702317,0.09024362977266401,0.36461436561578137,0.4767294704447776,0.51058678899679,0.2960836362099667,0.6047507796300482,0.3663312998803813,0.3426056149164673,0.5163217138252851,0.255330164199577,0.5867573775372781,0.34800738760334543,0.3971162280996337,0.6107602968407363,0.3265769024968482,0.45014436708477834,0.32754872971422583,0.3560997037931733,0.49871970282648076,0.5756956732742431,0.6235600870237676,0.3808598106576218,0.55614379197092,0.38525970339109805,0.4005104732133631,0.38457169802522445,0.2510511022667068,0.2800865873345039,0.3916270617838917,0.4033632970330271,0.3268318703064102,0.487289517915024,0.421756530500265,0.34927492977422114,0.0,0.6103700552349007,0.19968360785867725,0.3902391204100749,0.3973412167285145,0.48445260243988886,0.3331255696510096,0.27019923079161456,0.41618799783715393,0.3664231649616926,0.2367423990058476,0.2907087501100125,0.10299130289645111,0.2643094705801112,0.4063681881593036,0.1393064645034593,0.35652829514177664,0.3680842376711722,0.14960418673889153,0.1435907361455795,0.05379360548796652,0.06050542736350942,0.24275031914830048
0.2702402343459076,0.5630734848647518,0.036422060899006625,0.62840299034361,0.4916123364496543,0.2977277143113492,0.5332384413937187,0.44586699219086257,0.4211352703158044,0.8026184683962685,0.3143749098668496,0.6103708890172282,0.5150655831053363,0.4004002033145341,0.5787729357529309,0.5390371886085503,0.5402927996689972,0.6500629307604455,0.2744132632797822,0.09666274099765465,0.40333464576485223,0.6618677347161375,0.7671378798296682,0.37153916500773615,0.7071739579164061,0.3207722616988742,0.09015632555126227,0.6640854076437321,0.36589076427305306,0.7586112931502726,0.44405994439361346,0.5853990527652813,0.5946781606839676,0.4069983983665651,0.5665573128463459,0.5620774049034059,0.43658158523695234,0.54052648119652,0.7077117233520773,0.6898549725097812,0.5834715420104148,0.5773822872042167,0.460422615716091,0.5411407550254914,0.5057961680254487,0.27813476036494333,0.07604655341452171,0.4702765811150352,0.6443861246270238,0.42343694755428807,0.5769490599954247,0.5824833168941311,0.3033073976913111,0.6103700552349007,0.0,0.27489677921795663,0.4553326870085713,0.5539479123855525,0.48962006272306335,0.216722019593307,0.03331094743230617,0.5585692506101421,0.5330522103187676,0.4276481187075626,0.08585638753581537,0.0531416011300988,0.3960960403246246,0.5224355114340067,0.09188846746625029,0.4322669011721607,0.3011470183912662,0.24426952957241305,0.27386094279519874,0.1284893984616884,0.32857417582740495,0.3386283167878757
0.18334834067957909,0.16868733333306601,0.17732551805405797,0.3148520795559825,0.15527225067633055,0.3553774535829361,0.20755946881971749,0.17338986196721037,0.16097733918022264,0.3359756122716593,0.2794349984014191,0.3104335831737454,0.12972558006794452,0.10733358927838849,0.02674550396552383,0.1473735433217162,0.11366461911102238,0.18753444662400787,0.2689228891961654,0.16492782726134053,0.36774725420147786,0.05146389706645102,0.15718916699641522,0.26521934296567784,0.227418098314686,0.3137198881899138,0.2243617500014904,0.15900019790194342,0.24816814940919266,0.19085416335837568,0.29576675265937974,0.20221719609163222,0.20357124330962248,0.011544013325528735,0.15730028519408323,0.1584759712844006,0.17425685569594607,0.12285482539162557,0.2389876606420493,0.26027124733852997,0.15527915075792248,0.23592874994030516,0.13047393329384877,0.18228809861665946,0.21557923212676944,0.24764070570404675,0.24087360640779423,0.14259036668184658,0.35071716845732614,0.14164596905039673,0.16435772796912707,0.1727474262388684,0.13633970264509546,0.19968360785867725,0.27489677921795663,0.0,0.16986209244998807,0.1535696216875962,0.18164086783217237,0.2610215274023907,0.29074804097019574,0.19844020144260552,0.01496010403726028,0.06135724036241427,0.176407454795597,0.31926029517457283,0.21243787088806187,0.27385627189980594,0.2713976256525623,0.06839541231939156,0.29288214570429477,0.24925871248064058,0.31115477078790693,0.2543090648088292,0.2021166255443826,0.34237640687393556
0.30044545046901483,0.47644431644197427,0.02203193038964618,0.6408247161915197,0.3896231371124442,0.18690288671413502,0.44045557028559473,0.4021026731695848,0.2331415902513736,0.6444943459973833,0.19758845353997606,0.5314486803712055,0.36676265678926606,0.28730634596246074,0.49231755975264446,0.4358346506878915,0.34867764898907994,0.6369061302145518,0.11985695814124836,0.24213611418550013,0.3134353529892868,0.3870218250984307,0.4507692289116877,0.2639722150132889,0.5257519327402124,0.22218277970842037,0.2741761975770391,0.42334279260427327,0.18331565265922162,0.5184329728578488,0.34237617405184595,0.5330091514254551,0.5431051009992224,0.3553912298907494,0.4422092016964595,0.42024548142415097,0.4026445619625352,0.3634928396488323,0.6365589568727847,0.6170623135513702,0.4939142105708891,0.5215109213058556,0.3224734962271483,0.43229077117789566,0.46709519485104395,0.31537423449776625,0.275420346853928,0.5483602054233863,0.5273587878820126,0.3910023854960375,0.49228172568682754,0.48575883902080225,0.3828255914353059,0.3902391204100749,0.4553326870085713,0.16986209244998807,0.0,0.4038823337174109,0.38373597132509685,0.2310350299024844,0.25695027911077656,0.42352522166834516,0.3046151451456915,0.25218023765163544,0.20225275266021078,0.18797911110446128,0.2514896091722063,0.39374988992714155,0.11188679938051882,0.2690356455026244,0.2829680649542714,0.06667147273813165,0.10704105122338131,0.30059313475005706,0.1595097722873354,0.19360689496148908
0.24328261883874447,0.3993094130758115,0.03835554675972144,0.4723623641287932,0.2891488328640508,0.155025030962079,0.3225281233724182,0.3148704749799283,0.272248760939929,0.6519154766459189,0.1057814286523941,0.5447081177263834,0.3521986740290597,0.2439862207158501,0.3279861013154927,0.4037387534431172,0.29065829638330415,0.48068839994091805,0.11294864831950371,0.2847491889767914,0.29483288247095846,0.45188280352440957,0.4865383544856845,0.24705405995829235,0.47142822156336056,0.2018824902066426,0.30132296544789466,0.49969766610286503,0.2165780898552248,0.45016885643457005,0.251894704325433,0.31301755410797677,0.484228564011779,0.2713558353170431,0.393379748134049,0.2934592110754888,0.19210163350562307,0.30670491662398514,0.5977064982360358,0.4938507282580904,0.3777932680707117,0.42565834036072897,0.33366755492252687,0.37316834370939894,0.49958088415558854,0.3358458594234139,0.3298168560457072,0.4611142229610713,0.36860379206503713,0.3189521757388263,0.4209654425528357,0.40321956160249,0.2593412312667882,0.3973412167285145,0.5539479123855525,0.1535696216875962,0.4038823337174109,0.0,0.4332527708849482,0.2607168994207158,0.35928509928767244,0.4410728033971214,0.3587020356249519,0.3268567006428265,0.2820680023871739,0.09208561674528065,0.32300771670352274,0.41007180065408066,0.06184592694981239,0.3240441839003497,0.246639026815742,0.08860949443454402,0.08875078318876317,0.4442305881195356,0.04151451017524857,0.20026001710145191
0.210580730269687,0.3786115165352763,0.1161828810693741,0.5345775593753485,0.3295563032944598,0.15706594926447362,0.28534940588956803,0.2833319056923079,0.2626584913365074,0.5720632308559375,0.11671758219123562,0.49700506039636694,0.4186303154494567,0.26169584737823903,0.35560879544823204,0.4188002203106914,0.30622775820281745,0.48833500576262706,0.12251749564097231,0.03329068420830872,0.21924700262444954,0.3945298099228066,0.38690900732958444,0.274496388353308,0.6130372597802405,0.2996124036722502,0.31406496022027985,0.5651601776263528,0.2841965960155922,0.5926891573869679,0.3357455644562327,0.4408912071374036,0.45626450794620743,0.16787716097278632,0.4132455483400211,0.23454999722386305,0.18037501561891092,0.3172670946268382,0.5102756249957949,0.410287958594019,0.32411433739924117,0.4357732667108182,0.3826645935664717,0.34108628649564243,0.4474744644129235,0.22106768449568356,0.28697041120357203,0.4640429351901003,0.43520102429759594,0.3387085275663916,0.4837848242872391,0.41179573857817975,0.3154474567278321,0.48445260243988886,0.48962006272306335,0.18164086783217237,0.38373597132509685,0.4332527708849482,0.0,0.15213060057960487,0.4074329352462301,0.5296795809315415,0.3964450091797327,0.3776716265110475,0.2248885241086503,0.27659553151204064,0.3191394691651078,0.2766460391204165,0.04668699906859047,0.3500995854870249,0.22686720606090177,0.05643193670773511,0.08070716389508664,0.38970784521141605,0.06297522025767868,0.1389959621891932
0.2886350102687878,0.3068956950397583,0.13439775316629746,0.5627316478515028,0.18458621881110582,0.10867572497442654,0.192255163697261,0.34882280551289935,0.11085500850369417,0.4715865290416855,0.19846774194072858,0.3539531252390401,0.175576673689479,0.23310268628795244,0.35485628072591324,0.15817369270721043,0.06843746549089555,0.4111712288334939,0.18697876434833774,0.13755629236310093,0.2922013380789309,0.11876646594146795,0.27610983179639015,0.12237610582606279,0.38481091607548246,0.16564356278449172,0.20230031074435745,0.18835883978742873,0.21175192682129465,0.2868836887336914,0.30518182961765755,0.23810644501391492,0.48917948758701074,0.18544958032588849,0.33785136225780305,0.13717622425746664,0.2217248540597507,0.25418663243048667,0.4342881799158633,0.44647929957871435,0.25563743546261364,0.3443904348506573,0.3276755963368497,0.32798649731471674,0.2954400316385159,0.33632311743771576,0.17990142168452167,0.41750598431423647,0.38642839404703955,0.242649699622364,0.39549831594259566,0.29144268510288646,0.3693100543942733,0.3331255696510096,0.216722019593307,0.2610215274023907,0.2310350299024844,0.2607168994207158,0.15213060057960487,0.0,0.22237359549162813,0.2731010050371626,0.13212972609546955,0.11936409933289027,0.21390884168169388,0.15603873713610258,0.24076539171712447,0.25861247838624457,0.04526634226188189,0.20550364665603293,0.20108557354959952,0.2658238205427933,0.27832960291936837,0.22716425192153847,0.3161752457466317,0.253665884776767
0.17841636623835055,0.3583853136290191,0.12550613261833415,0.08768062386990333,0.33687290335214354,0.33778818981970005,0.4614953335935545,0.27284221037104994,0.32395582639349224,0.1582343552982249,0.23422598706966186,0.4367504076562856,0.38848661936671663,0.39042833095064783,0.1818005831101775,0.2694017453442213,0.22769162574885138,0.05770547427894829,0.1726006010819621,0.15387150770319274,0.2822884670566078,0.22938431997348538,0.3066610973657623,0.3462404906368079,0.28441109913848467,0.3490917346497173,0.16922509800874533,0.36997182008602786,0.2353889303713682,0.2877468849095658,0.29794394513180833,0.014659538664603067,0.0743482714138674,0.39098252328932853,0.3000650438656788,0.41379968944710693,0.45938531667865823,0.27236661472236995,0.10897741223711888,0.12876713242374138,0.24546074072181534,0.09918058834447085,0.33159945752857173,0.02422779495522992,0.28875048807850817,0.1861630914648759,0.23991569592010975,0.23647308875967016,0.4570213718605543,0.4725616256279116,0.3523020178069929,0.36786078729993404,0.36266151961436055,0.27019923079161456,0.03331094743230617,0.29074804097019574,0.25695027911077656,0.35928509928767244,0.4074329352462301,0.22237359549162813,0.0,0.24140049395928662,0.32204576068686624,0.21872830863830944,0.23386867627157032,0.24485721454057208,0.20413652390468465,0.24533220444106338,0.26931961785635705,0.26578122511905833,0.3343279700801702,0.2582033984837007,0.31790083728976015,0.21983575694450788,0.25464009683672145,0.35168287617720306
0.2017900873021101,0.4483095485726944,0.006588925651829586,0.5113326169673561,0.4295093072194927,0.1551388376410238,0.4722259460188211,0.41447015865046877,0.3040527266975835,0.6921221581549002,0.2517099987153207,0.5111959048685878,0.44170410813679417,0.3384492765540792,0.43619257992540866,0.40763055539702653,0.4063778923763496,0.5513841783332339,0.18865051564179616,0.0008232170748491974,0.3485445770893936,0.394087323494183,0.5582352421316628,0.22256864964636647,0.4893871203924432,0.3440736135613935,0.23826524715366976,0.4341925192146099,0.11547044091710176,0.5224607743299039,0.25458096828156895,0.46602230078352536,0.554744170849118,0.27811361021809655,0.37991602392275925,0.46292856634295965,0.36483423497686973,0.34889682838127156,0.5959679581600675,0.5167468587603526,0.4767303111974348,0.5355643070391577,0.4088950003864048,0.3888532766646762,0.41513851479395303,0.29230224337089644,0.1661371897685526,0.3996767831751834,0.6535998315416979,0.4249739270141709,0.44082880905795163,0.5551932501599396,0.31310451500359493,0.41618799783715393,0.5585692506101421,0.19844020144260552,0.42352522166834516,0.4410728033971214,0.5296795809315415,0.2731010050371626,0.24140049395928662,0.0,0.4137905993338802,0.30381677953982156,0.20568263775762824,0.08680966242037341,0.21614459012830117,0.3240139288938929,0.31221672316064003,0.2860307999489214,0.3362362761358268,0.13492568352939832,0.17906225253349473,0.06408933920100193,0.17345670653714443,0.21312931664964432
0.170873032407512,0.39235576847414405,0.19695885757486575,0.38471045248309127,0.3227633611135648,0.07065812395377113,0.32114027567704634,0.32698114804693673,0.2546181331257303,0.6178298794063216,0.06164244840027322,0.4053050479320042,0.35376205593231125,0.16189950416384033,0.33039350018137786,0.2259884685841485,0.2674708218509143,0.3785328131394632,0.060994527216411465,0.2399896939179781,0.1661453051799089,0.27463177840762587,0.3527434219933774,0.16843245604792784,0.49524817939196264,0.20359429887915703,0.22888480689525714,0.4214303871067605,0.07430754521604016,0.49310105308015284,0.21161674596319727,0.44492065373348677,0.454074784866305,0.17993154441011872,0.2902764570775915,0.31899666263565557,0.3186802351630943,0.3002398359200413,0.6024099440927015,0.5263620873788963,0.3231257360288429,0.42898248453939103,0.2557980861128283,0.2736556866403023,0.3950576284674679,0.25766557777893784,0.2578097228494389,0.26563678274287805,0.4518956670110278,0.26556225915068077,0.41463174927458823,0.38654017301205584,0.15171178965641782,0.3664231649616926,0.5330522103187676,0.01496010403726028,0.3046151451456915,0.3587020356249519,0.3964450091797327,0.13212972609546955,0.32204576068686624,0.4137905993338802,0.0,0.14520464493880336,0.19701811412235073,0.3018862675104175,0.2793055375970342,0.22389040801531407,0.34520378993386264,0.22495201087028674,0.18070104186762628,0.2700163823789437,0.027557357747389655,0.31082646957817767,0.010997368603688329,0.07022835827314244
0.2121228474249125,0.386783248319864,0.206781759090374,0.49954726721084786,0.34582619738412324,0.1128548180700931,0.29048149108736787,0.2715873654497319,0.21379613617029997,0.503233033557101,0.04592266769847267,0.42074790878855284,0.26249276333870564,0.15342290025050156,0.36467301193244167,0.19876245182294192,0.23359946844540128,0.3519872114057957,0.20489500488768447,0.14389405293158103,0.1262169936007827,0.1997286179832483,0.3724705862868891,0.09494443129906396,0.3221296574673473,0.1414498591842837,0.16664351827814808,0.3241329058580314,0.12025101698411832,0.55766943229307,0.23031797216386984,0.24424654988203195,0.5103150888788712,0.33819170265434795,0.40137186905904837,0.2970601043072405,0.2608657346489581,0.3623164980798409,0.3418660672000631,0.5412957560299536,0.4730047453385368,0.4324272522853035,0.2616741835850711,0.2549189757571834,0.4837775710317028,0.2546189112336022,0.17845493247201216,0.21086002209348614,0.4847768940001963,0.25744507862546584,0.2568024589767553,0.31297956116889697,0.17727092532797886,0.2367423990058476,0.4276481187075626,0.06135724036241427,0.25218023765163544,0.3268567006428265,0.3776716265110475,0.11936409933289027,0.21872830863830944,0.30381677953982156,0.14520464493880336,0.0,0.25497521401789963,0.2524946980451029,0.18631141628181835,0.18989889133283938,0.19962655385954614,0.12782953764120708,0.12185423381919097,0.1996263197226935,0.20882489818379824,0.20447839067889956,0.2369960685657897,0.11484177336825971
0.2598696160346832,0.21103269613742798,0.22560997208434658,0.04587363045287532,0.2528213374346636,0.2247474461940408,0.33289457865554706,0.2586113207653048,0.3477960940330772,0.1165230516285321,0.1428084263796333,0.3045910145385969,0.32957579525287745,0.2505787027066257,0.3128749901758087,0.18866038543841746,0.23360420192244252,0.36843901564859566,0.21893599244519346,0.19593599665184966,0.23708463986215564,0.2016188862656505,0.19359155242935241,0.2747661050530385,0.2094209141803959,0.279976976744705,0.2563948157184315,0.28605892356035,0.2278172859474597,0.2791888808604099,0.40114668178097085,0.21372808197567925,0.06417704454758383,0.2876494086871164,0.2636045494541769,0.3430477837937677,0.23213577656310092,0.2801218495232345,0.21141596187895903,0.05040933875063258,0.26637988315463773,0.042638166544723966,0.280404594377725,0.44159382301375794,0.327652549016219,0.21635400409926445,0.1523663213100912,0.28584610727308873,0.3780026358124027,0.30234471810056585,0.3640866202285441,0.2699021997241499,0.2038155596859541,0.2907087501100125,0.08585638753581537,0.176407454795597,0.20225275266021078,0.2820680023871739,0.2248885241086503,0.21390884168169388,0.23386867627157032,0.20568263775762824,0.19701811412235073,0.25497521401789963,0.0,0.24434826545828484,0.1275838642098385,0.27973286151850624,0.20230858024866571,0.24021777966476437,0.22045563207077473,0.24822354845061084,0.15773779411903183,0.1860835995306531,0.37945098529977084,0.3484625949604202
0.2559198120717418,0.27657897159353206,0.21446156578120548,0.3387846826359032,0.05364425700965936,0.3563563402175384,0.10890780895174551,0.27806154490153046,0.38003365429198355,0.21884362508003707,0.2279026582229482,0.22023718335393222,0.031269607687554435,0.39408589300843977,0.33514447063075004,0.07220700361226715,0.2954050285746322,0.16534372422404098,0.2694988765515184,0.19191986296497535,0.1900928969279419,0.2574346257120421,0.29929727464793104,0.021499483494243687,0.12635510482668233,0.3213065280868504,0.2717077997817225,0.2933799942734768,0.21984135718055586,0.3359385749460237,0.3028616460218873,0.16766140621967324,0.2222962676120283,0.34658917944036455,0.06008367416492022,0.37933617008691145,0.06317356473327052,0.3817624773135759,0.27597652026767355,0.24471826963305787,0.4515968755622246,0.24032438975240014,0.37563025172340075,0.18644811697266317,0.1856177022904168,0.04072073855766212,0.27558888331964587,0.23890549741145217,0.21083590634170696,0.23304166304271196,0.13062317667034318,0.1931482183705943,0.24108238295639614,0.10299130289645111,0.0531416011300988,0.31926029517457283,0.18797911110446128,0.09208561674528065,0.27659553151204064,0.15603873713610258,0.24485721454057208,0.08680966242037341,0.3018862675104175,0.2524946980451029,0.24434826545828484,0.0,0.2438706344149225,0.07706052616850936,0.03770516081420533,0.28133605819693497,0.10358381151744403,0.31090427805313453,0.30942199593539177,0.21634022653077176,0.21591843060529162,0.36226319106609617
0.2819642695111885,0.24782910738748382,0.1196257067818779,0.251530356010376,0.24549413113715227,0.30245762901210577,0.3528926849202701,0.25704667434535766,0.3560088877230634,0.30599343847330707,0.19793201994657486,0.28278417329033445,0.27332375231169154,0.21793337294467807,0.25696025184420734,0.19051219354220716,0.2704562255737584,0.27200674973705014,0.17218053741760456,0.17120153011399533,0.2361678433653509,0.21666736856428379,0.25101443945753094,0.2608371862659765,0.24505010230539012,0.2936613755347081,0.2346272406779209,0.23401117909186295,0.17435589955044467,0.17831981549579262,0.32551338497727844,0.21380581119806327,0.4417549312268876,0.3357964194980903,0.34043007141225856,0.3371379638575984,0.23567119478781828,0.375617454581021,0.3180308992194679,0.4458313669522069,0.29958385910371155,0.4240282498174309,0.32577411644632553,0.4467838292312927,0.3395476174816471,0.18254482689923934,0.18663795437946018,0.23337832128703598,0.3842473165886036,0.29723044545880356,0.28157080745502805,0.29629701259805613,0.27669210847408277,0.2643094705801112,0.3960960403246246,0.21243787088806187,0.2514896091722063,0.32300771670352274,0.3191394691651078,0.24076539171712447,0.20413652390468465,0.21614459012830117,0.2793055375970342,0.18631141628181835,0.1275838642098385,0.2438706344149225,0.0,0.2844424320258186,0.20879344416884255,0.19363569421743287,0.20627413309143694,0.2117157355231285,0.18294184089580887,0.24761563856360957,0.3734080044013955,0.2461221774695989
0.20685752473531,0.4572546003325184,0.22802113513295025,0.5419698778018252,0.375462931137212,0.05253230936726272,0.39363365845090337,0.3972655647332449,0.2537938138084782,0.5332564649713543,0.23622358454702003,0.5696533846159235,0.32053907018336864,0.1184749495916996,0.42723856395260096,0.2848539348049126,0.17551653330794176,0.4959230704371645,0.2637636930093017,0.15489316908727055,0.31832498210404647,0.2870619574862273,0.4172622269715969,0.1794436485925258,0.4866127620030794,0.2139813915637298,0.28958870669458325,0.3008719723088379,0.02335062629759399,0.4035766708636087,0.1444147921645918,0.3981802835800763,0.5290493670364733,0.23396040557000622,0.44771164860638396,0.2663213062181986,0.2574993118914005,0.3160929522291273,0.5499412508092457,0.6417396355279403,0.3867130037539057,0.601203842724902,0.12690565956019323,0.4268328390693221,0.47071237104805125,0.24162435980314803,0.220728027791875,0.37506853023243636,0.48299327657461655,0.31447674370554646,0.3967103699545501,0.48284976730029827,0.3323833236335421,0.4063681881593036,0.5224355114340067,0.27385627189980594,0.39374988992714155,0.41007180065408066,0.2766460391204165,0.25861247838624457,0.24533220444106338,0.3240139288938929,0.22389040801531407,0.18989889133283938,0.27973286151850624,0.07706052616850936,0.2844424320258186,0.0,0.045076643928358306,0.1592556443356423,0.21981803693760932,0.3195408118795508,0.3001350337364185,0.29149177172648794,0.245304705232371,0.04676384422208307
0.2806288403916155,0.08385573682031039,0.12568225865852833,0.22384442415018263,0.01942094091412544,0.31154521860299345,0.06420007103351888,0.15365876978226733,0.3047912509350676,0.15118479741119303,0.2062867559536782,0.13924882101310848,0.05076065263233315,0.34947918946942713,-0.0011451699646090607,0.017284234110722496,0.3280904853315254,0.19430140175522187,0.2353160682239394,0.21859060706703176,0.047048538846354515,0.1863399770431529,0.0037122308007458416,0.004570504257359054,0.13958995205318916,0.3161072494234235,0.25399667958655986,0.003359690896940992,0.2750365969051564,0.2444900443553316,0.24832005845654895,0.18394729695663503,0.14803760242701525,-0.0025938987804670077,0.06817731478842476,0.3217368838546104,0.07601888170954224,0.06496545425244526,0.301916052042629,0.14822835162866377,0.07104476631684953,0.21034895473648066,0.39342409093586267,0.1432044254964382,0.07156957710074457,0.3262212001001481,0.19526074509334784,0.2180095684687397,0.17908721362484917,0.09947677073262234,0.17171715921536793,0.1284008381833759,0.113692175216624,0.1393064645034593,0.09188846746625029,0.2713976256525623,0.11188679938051882,0.06184592694981239,0.04668699906859047,0.04526634226188189,0.26931961785635705,0.31221672316064003,0.34520378993386264,0.19962655385954614,0.20230858024866571,0.03770516081420533,0.20879344416884255,0.045076643928358306,0.0,0.3108963279362405,0.04794153630828624,0.2533621325708708,0.2880534961590219,0.22026024711027897,0.2426962653931253,0.26846346223258777
0.15402123046784577,0.2961632877244999,0.1429840763256229,0.5181005966112209,0.28400904096204094,0.31985574931924793,0.27580102716448796,0.2640633080025473,0.18479402529405295,0.5237789088494633,0.044302834184843265,0.4042364759822936,0.2682245895004116,0.22982249000272767,0.20190346315028146,0.22355301048586415,0.2349155760160308,0.36758479527475746,0.23931398831008938,0.17859059244990932,0.11474468995075049,0.20719469813907054,0.3112644700508049,0.07675325392036284,0.4148970635384176,0.1066622676391705,0.24670825265164836,0.31043140203941294,0.03487628443111673,0.6258039735607017,0.13488963704273566,0.46110337271697904,0.4979992105541174,0.16820489393086396,0.3478003956394337,0.31743895519900245,0.3031274012509184,0.2626856367658962,0.49451871817289517,0.4451196928005015,0.2654926664821031,0.4514942139448325,0.21222908469689716,0.3212143054298603,0.4228165669252942,0.2260176924783675,0.2639136581502741,0.25681639303135473,0.44904611275296064,0.20241311753277622,0.3272191137725375,0.3834620763750232,0.2246398352410147,0.35652829514177664,0.4322669011721607,0.06839541231939156,0.2690356455026244,0.3240441839003497,0.3500995854870249,0.20550364665603293,0.26578122511905833,0.2860307999489214,0.22495201087028674,0.12782953764120708,0.24021777966476437,0.28133605819693497,0.19363569421743287,0.1592556443356423,0.3108963279362405,0.0,0.08073922281878362,0.2205303158230148,0.3142262626065368,0.23270430939437908,0.2645361256314433,-0.001688490715058888
0.19305311404940823,0.334361515002078,0.18219806045632997,0.45105013793399873,0.25220914248855886,0.009183505493380928,0.2512659683093472,0.3740627026997289,0.12512088817816297,0.46540175512155574,0.27660591825510045,0.4046493016555842,0.22518294871088368,0.07665555185122308,0.26993971923551163,0.22293907248996198,0.13231525264947536,0.3494872665669679,0.25889523220404653,0.2169884169453924,0.26398586032751836,0.15333974827487967,0.2650011569082036,0.11825350066453688,0.3533382790600084,0.14456427481044043,0.21096197968645655,0.2322430256381181,0.008984715915653196,0.290094085813509,0.15233763170576894,0.4316257532920765,0.43052086819821733,0.12258750829392001,0.24389055140889154,0.17257679409629118,0.22974570322267132,0.2288874320127253,0.5329818660778887,0.40974623816203043,0.3353273736875215,0.3927256558611557,0.05851153854899266,0.2863504404711074,0.3556716645190908,0.30562728412332124,0.24584006665994135,0.4079167885544693,0.38542518940957937,0.2670934098783723,0.4439689284529531,0.33337097162918905,0.2713891915518196,0.3680842376711722,0.3011470183912662,0.29288214570429477,0.2829680649542714,0.246639026815742,0.22686720606090177,0.20108557354959952,0.3343279700801702,0.3362362761358268,0.18070104186762628,0.12185423381919097,0.22045563207077473,0.10358381151744403,0.20627413309143694,0.21981803693760932,0.04794153630828624,0.08073922281878362,0.0,0.2121689673227239,0.294970875165249,0.3052364556414818,0.21661386515574077,0.3236462269370495
0.2322406258460859,0.0446265561948056,0.22603668027041382,0.33299680761734396,0.10507240891446346,0.2847010653107882,0.11779866961699659,0.1609268136737076,0.34660808317042696,0.33557009741499466,0.24507755373186763,0.19334390282571146,0.047277568442776696,0.2705525400668588,0.0882193269612016,0.30648299779844534,0.27000399060429076,0.2814201069713682,0.23619305545389724,0.20694215004021094,0.3436620269095045,0.25878362433129826,0.03614412074061116,0.28505074461571456,0.19520168981440636,0.3487892606708439,0.26935714653353626,0.08585717912740304,0.19613594190649808,0.026268977526912818,0.22837902671538715,0.14454627943099652,0.36304533977175807,0.35753723052986497,0.2058987522890205,0.11370318247241587,0.1353061031935548,0.20833525026568156,0.35477007658516096,0.3198622765922267,0.1436061300085164,0.3508721553280537,0.29229229660105904,0.2482210574168946,0.2362117120851519,0.2546347083584777,0.15867375733841085,0.12901256739730227,0.2778319388495637,0.4093980267512778,0.22561643809307796,0.1856714249581373,0.36239534176312216,0.14960418673889153,0.24426952957241305,0.24925871248064058,0.06667147273813165,0.08860949443454402,0.05643193670773511,0.2658238205427933,0.2582033984837007,0.13492568352939832,0.2700163823789437,0.1996263197226935,0.24822354845061084,0.31090427805313453,0.2117157355231285,0.3195408118795508,0.2533621325708708,0.2205303158230148,0.2121689673227239,0.0,0.2364512732366247,0.2559719376785004,0.24735685458330517,0.3440073719163541
0.21114470284024148,0.03935237719044948,0.1432173324863295,0.25277173262553143,0.07207171980122606,0.2921534638970364,0.09320396080573823,0.15674964768732494,0.41132707341987756,0.3651982327243304,0.218777055392029,0.2761115582684418,0.08773654582095491,0.37255033653847414,0.22994574041923785,0.08270879883055055,0.060694811519334646,0.19081727142746976,0.2768003003513102,0.188276490655858,0.32560046385272934,0.2433979062782216,0.06693904076463125,0.28000030816830335,0.19458381223103396,0.29857407402694797,0.2844444156916286,0.14455364038331914,0.2211095451308453,0.2647081188799927,0.2836784360946535,0.1439300483132325,0.2462871518421029,0.3933162266711864,0.07553933056429246,0.026761722787942976,0.08782262822001374,0.08125305328840882,0.2857477261970871,0.17633390480293953,0.05196973237009844,0.1790463623184487,0.017627119080869835,0.17559751810516444,0.1548486963129403,0.2731665427010658,0.23322156707319658,0.12531541372587027,0.1539005721338268,0.11227632520959979,0.12981591799265643,0.19047033262494167,-0.0006168988523428953,0.1435907361455795,0.27386094279519874,0.31115477078790693,0.10704105122338131,0.08875078318876317,0.08070716389508664,0.27832960291936837,0.31790083728976015,0.17906225253349473,0.027557357747389655,0.20882489818379824,0.15773779411903183,0.30942199593539177,0.18294184089580887,0.3001350337364185,0.2880534961590219,0.3142262626065368,0.294970875165249,0.2364512732366247,0.0,0.2866872829461556,0.21199012559815686,0.2631926427437163
0.2319571150916093,0.23774947174154665,0.16909252693686316,0.09160514047592919,0.2878221381135441,0.30674129814962864,0.39534606773172737,0.24858182535725318,0.41155117441403083,0.22871142139173475,0.17133586445407853,0.03352145375884441,0.3080225110140795,0.305891394460811,0.18188573276761993,0.2511005891811358,0.2754589121767638,0.08647832214682655,0.20066289711590757,0.2001562591027487,0.23634133196071583,0.25554855482830013,0.24286587520472463,0.25044908992535725,0.045231758809242406,0.27233355571452916,0.25960154513775857,0.3225129473558961,0.23123219466468872,0.3636886319982606,0.3686084344854171,0.11467379008566436,0.22768553326935154,0.3742755120022677,0.009748459475784066,0.3842995736361199,0.38278212763400077,0.3634409787349873,0.24947805307677035,0.15969692177353256,0.3050205977530096,0.22274649371709102,0.41446782945443683,0.09007467478984177,0.005854649100715759,0.1972624595484131,0.2298026274749997,0.19464511437837273,0.12404299468201851,0.3863550659986938,0.08957128903821437,0.07563389275498417,0.35150633016890526,0.05379360548796652,0.1284893984616884,0.2543090648088292,0.30059313475005706,0.4442305881195356,0.38970784521141605,0.22716425192153847,0.21983575694450788,0.06408933920100193,0.31082646957817767,0.20447839067889956,0.1860835995306531,0.21634022653077176,0.24761563856360957,0.29149177172648794,0.22026024711027897,0.23270430939437908,0.3052364556414818,0.2559719376785004,0.2866872829461556,0.0,0.23258429415365167,0.27643029206300324
0.1726020348690907,0.3082048777418513,0.19201963259503046,0.1341707932943777,0.07640882920598516,0.27170268802671904,0.08053504597789524,0.38519488988481887,0.27045495401081443,0.38264890594066564,0.2937889970257242,0.16167611877889998,0.057362909377134064,0.19499371707255758,0.1602808349772784,0.0032099444664749344,0.13809530878739895,0.41727778520332937,0.2598903680442454,0.35585300531529185,0.21154107789122445,0.22977289767639078,0.2312915733330314,0.2369972450885988,0.16161920544796554,0.1905191885554519,0.3403137782964163,0.09551639569419001,0.15854571531594913,0.44268990124005114,0.27552320910493117,0.03528375322291971,0.16968241408438228,0.23761460763402628,0.006253677585898176,0.19872652732992468,0.22170608551886198,0.24260045577614045,0.24285391830347328,0.010121509845188448,0.27035596228605885,0.13927056785221953,0.09917875479203592,0.09801016989658548,0.013737297019208144,0.1594326724571546,0.3418246743157246,0.18519326738091524,0.061374172119415954,0.22039226622612648,0.07536043846277193,0.15513726936832828,0.1701253602014899,0.06050542736350942,0.32857417582740495,0.2021166255443826,0.1595097722873354,0.04151451017524857,0.06297522025767868,0.3161752457466317,0.25464009683672145,0.17345670653714443,0.010997368603688329,0.2369960685657897,0.37945098529977084,0.21591843060529162,0.3734080044013955,0.245304705232371,0.2426962653931253,0.2645361256314433,0.21661386515574077,0.24735685458330517,0.21199012559815686,0.23258429415365167,0.0,0.33845505875195075
0.2170266152471274,0.148189177899187,0.17416922480391903,0.31232933719462225,0.1771593371917711,0.34928832021671596,0.21717078600516876,0.17797591100401494,0.054001863183158694,0.4960819352134728,0.23590688859300474,0.3428707104919381,0.2018989668856344,0.3960048414940336,0.16921524297453555,0.08484859242853401,0.045957472732198135,0.27650929974548794,0.2759809650127852,0.1543933623538787,0.053443388726920005,0.022240141123890556,0.137611348883913,0.027478701956225815,0.23343366576178703,0.33479867572411504,0.3201351425908934,0.14882523106669257,0.253322938705693,0.2668667002008935,0.039391148895267514,0.23913828767890716,0.35645502930727835,0.13149218059461204,0.24678124330864296,0.11759325270539428,0.1838586618185883,0.22192406267320108,0.4384190072401216,0.32527106758498064,0.17198969526103147,0.3303394692752095,0.06576482949229301,0.3173999720068563,0.2650637457742261,0.2945800035958767,0.25550170418791784,0.1993954849328713,0.2678467327105947,0.11182643399920938,0.3114022772148427,0.28756001001075454,0.054777969541785654,0.24275031914830048,0.3386283167878757,0.34237640687393556,0.19360689496148908,0.20026001710145191,0.1389959621891932,0.253665884776767,0.35168287617720306,0.21312931664964432,0.07022835827314244,0.11484177336825971,0.3484625949604202,0.36226319106609617,0.2461221774695989,0.04676384422208307,0.26846346223258777,-0.001688490715058888,0.3236462269370495,0.3440073719163541,0.2631926427437163,0.27643029206300324,0.33845505875195075,0.0
