0.0,0.8268794644752976,0.88612005748184,0.9718303218508401,0.9620794359042135,0.8256748552823598,0.8895270199254548,0.893575956616495,0.8680192583947832,0.8655053103939194,0.9559284491004196,0.8753069386078188,0.9601964230495977,0.8803735516300704,0.8495380767244577,0.7756377391701332,0.860168543974767,0.8402637571222162,0.9087508212114451,0.80257498161713,0.8673121634061197,0.8120710847561139,0.869136639536558,0.8648495531215682,0.859152830202614,0.8942234693109185,0.8152947144077776,0.8795740743038711,0.8190927104398521,0.17299622248021174,0.9215775144281106,0.8865453642300488,0.8750962069041144,0.908608272850494,0.8917155807378816,0.9542517724215007,0.9173581624314506,0.9079995469318094,0.888308389642422,0.8657053663547458,0.9527065448643329,0.9117473036653203,0.921314809386949,0.8450762730920877,0.9176196163302335,0.8931136855855092,0.8001107639168705,0.16219466902168278,0.9428726977899843,0.8837157447236756,0.9000418275843685,0.9196046291236982,0.883797658494371,0.9012853803191171,0.9482363627839014,0.9038033486399553,0.9134036508593291,0.8874241632051141,0.9213874007197993,0.9143661078856036,0.8314194556291683,0.8521743462878282,0.9064193541864921,0.8706644482407797,0.0,0.8974952521299865,0.8179679238102355,0.8685404205506547,0.8932074490084749,0.7933799460065916,0.9227423438613815,0.8243245057783072,0.8540133617369303,0.8375964819791686,0.23268060566575985,0.9274693422124036
0.8268794644752976,0.0,0.18597681141867406,0.8848919341020729,0.8462223448119847,0.1817981558978169,0.8333858192092031,0.8035364219975664,0.7848566660641788,0.8297706830037967,0.8229765265906287,0.8398009585822787,0.8520762547203954,0.845915438183143,0.12259605578010979,0.14859682672735353,0.1250012588726902,0.16462655577986507,0.16604163502638125,0.12445122065906405,0.7248948959636569,0.1721491940793624,0.7258107272374943,0.17844289034815897,0.14055866026495656,0.15210729679958024,0.14928082426514783,0.8231929412838721,0.16621580576312245,0.1455835250569507,0.1693338065861747,0.7890697401352111,0.8609772002320513,0.861177544681293,0.8527428072359955,0.8735413279360013,0.8616825174015749,0.8036039376249288,0.8094804501460043,0.8744187055135043,0.8566783251633886,0.8388123046970482,0.8809178184537512,0.8553481036539454,0.8608413728799494,0.8204463357939538,0.16555764836706005,0.16131008127710222,0.8501140642464747,0.7815900432301259,0.8190137695608597,0.7620635305264435,0.7295980479024676,0.8288734004810953,0.8238779563004571,0.7948582716496979,0.7888314059854042,0.8249556555509295,0.8421789862507449,0.747305450495153,0.14282193063215065,0.8110048653814805,0.7813153733024483,0.18270485198761055,0.18383988476882202,0.7532432808390555,0.1738468925704575,0.1602605509544992,0.16893399367083062,0.17930255661137584,0.7576905853610846,0.18156256283087618,0.1804905049434593,0.156930758700367,0.23726405218458335,0.8453850346872107
0.88612005748184,0.18597681141867406,0.0,0.9299921617017269,0.8918106546216741,0.20891815107541345,0.8827436647318497,0.9083349220941828,0.8861752550201908,0.8975173011831986,0.8844942740378707,0.18622786133741953,0.8314830550912188,0.887578264142774,0.15449971494374143,0.7963106963011429,0.8824756945960407,0.846583717166307,0.19709937831732594,0.1673705408154207,0.851490150234515,0.18215930026071347,0.8627243754475985,0.2060163300387754,0.17061631164928648,0.20548694179785743,0.18078761891559259,0.9137830905438601,0.16188397609779093,0.15497378836605885,0.21800757011836258,0.8626194626496088,0.1389524674481022,0.8192942107911914,0.2804712237360596,0.8980790153987778,0.8716724357238317,0.9069992261388286,0.8494323517964625,0.18631560434605104,0.18919110881154172,0.13321350645160995,0.8681959413356573,0.8313182994029903,0.8816967445575092,0.8741233207016715,0.19790940591072193,0.20480651385429538,0.9014910149905623,0.8547616064185127,0.8653788472496906,0.8841311069205989,0.8266695556708938,0.8655155807909803,0.9008389421623856,0.8409052871433841,0.8669231918172399,0.8801566968817138,0.8788638914853613,0.8527799742487382,0.16371862804266646,0.9069512979688731,0.900657615299267,0.1734785040475021,0.16768375677938263,0.19265666136455606,0.20264626270122887,0.8802624798961929,0.16423357380628423,0.19764185301083803,0.8355891371839126,0.19011343868635705,0.2135875794551847,0.24505475945171235,0.19689288649271236,0.8665159361536411
0.9718303218508401,0.8848919341020729,0.9299921617017269,0.0,0.9393518275944084,0.9638877850949401,0.7121285360903085,0.9545934591328541,0.9664336956362918,0.8246090133909763,0.9899759038666736,0.9227523745283465,0.9734530996556311,0.9690840384611775,0.8132537538217357,0.8950015398248505,0.9431189901953562,0.9073903943855641,0.9352548065656979,0.9058367929564697,0.9261526839027961,0.9019249548053956,0.9769940898772508,0.9115536994342873,0.5562562191215766,0.869727359240542,0.9218729400114416,0.9915182034695774,0.9089247672996692,0.9186788976091552,0.9551663058007396,0.7429346591439827,0.8485716123225945,0.7992682616236226,0.8866295282135395,0.8986287215552067,0.9817897735511514,0.9957733946466739,0.7717549505216859,0.8239661228461574,0.9877165183276352,0.7615863301350276,0.9306846833363669,0.8446078833652954,0.993557440434162,0.9540261695921801,0.8762002360500941,0.8570051533671291,0.9556124065253083,0.737681805995388,0.9437192709946465,0.886273549522512,0.5816433560451357,0.7269645215372572,0.9607897746263382,0.7733346660858543,0.9655818152425342,0.7691270616590384,0.8637131927684556,0.8233981347694466,0.9400938714808917,0.9627906959120064,0.985224385681307,0.920791364280722,0.8408914811408518,0.9438122107331701,0.8691678591403011,0.8960442342834306,0.9528471431086353,0.9574256757015348,0.971405197971862,0.8881275003165469,0.7233732906546243,0.9033684081024971,0.9401140091595419,0.8505435617062465
0.9620794359042135,0.8462223448119847,0.8918106546216741,0.9393518275944084,0.0,0.90963145734065,0.2716329615754808,0.5633982719928715,0.39459902022798377,0.44312189743386987,0.569524589683486,0.457993176463795,0.4576204864055025,0.6197425138844547,0.7951822286392664,0.8773544487845614,0.8691940125467627,0.9168350787727886,0.9202081288883912,0.8431160188407646,0.3925279356459468,0.9256215232156098,0.9466673750060395,0.2082032499345901,0.26623968461175385,0.9238504358117446,0.9230575060846886,0.5325238264123517,0.9014608655845157,0.17314911394791432,0.3079485711476749,0.2921380313033378,0.4339470602317708,0.32190989347010757,0.5840714111907157,0.7087366205608551,0.577948644807701,0.6162762835466024,0.4479351784173746,0.43272431752760987,0.5955388983845855,0.5119643461266847,0.4944606357432809,0.5409570256015278,0.7098090078861624,0.8689051590389912,0.8868488841890566,0.14488879622725592,0.676310539940823,0.33941848959108856,0.44275643547590215,0.30263566823087407,0.22263771916451683,0.3450402343946928,0.5350171912221844,0.3887839347188638,0.9133575035578273,0.270495654640033,0.4941739028216691,0.8278521352566999,0.9064395820071517,0.39730530026965716,0.5990669582541075,0.8971771445182728,0.8512330325041825,0.260478370690541,0.8909957877586983,0.9122031955337624,0.8965494112494921,0.892389262785937,0.4683872232502494,0.8740304505672198,0.31108607249272274,0.8542468664848678,0.8931200099554237,0.5250433250196843
0.8256748552823598,0.1817981558978169,0.20891815107541345,0.9638877850949401,0.90963145734065,0.0,0.892857309673276,0.8806524595432043,0.8665027484856276,0.8689202345359085,0.8541158299821124,0.7521726235215425,0.8657123991023321,0.8673122191870163,0.7461468589610197,0.770534663360271,0.8143481754189223,0.8213660116395476,0.845417405773277,0.7393027820542023,0.8216387109030177,0.18404969330660648,0.8325277478032735,0.1712203880970835,0.8494401758783658,0.7815050053283258,0.7821573954483717,0.8797411387334899,0.8117940469801529,0.16215975457082066,0.8527199441559556,0.8809487799028124,0.9007379143623963,0.84533924045118,0.9263208621287998,0.4823005203392349,0.8813066501439876,0.8830663009581668,0.8727056158437368,0.33752486334450393,0.8952804534440257,0.8927392657051108,0.8734242676559177,0.4197686154949988,0.8780299839534943,0.7680226430723072,0.18029043379075338,0.14723973384112388,0.9335969748834803,0.8939040654676231,0.8742899186646985,0.8980446457732242,0.8252543358047012,0.8853347255033067,0.9009677850840102,0.8573634875590268,0.8657106658068022,0.9048805536410773,0.9115237064304061,0.8280049612383796,0.8946969766887247,0.8749175521107879,0.8462779264945843,0.16440701255990497,0.7394543936935306,0.8411446218479446,0.7919991470763214,0.8158470231013303,0.8520691576122237,0.8894300149886691,0.8796694417443114,0.16046603806824333,0.8857759143374754,0.8234365278486209,0.19598710306508615,0.9037678835396487
0.8895270199254548,0.8333858192092031,0.8827436647318497,0.7121285360903085,0.2716329615754808,0.892857309673276,0.0,0.4261520255405213,0.17193407510001796,0.30788800850940734,0.3071613603409042,0.8880917892295337,0.21930207321230571,0.45686098207320897,0.7561404011466748,0.8105461991378614,0.8792767045681512,0.8376290916158257,0.904209793521939,0.8331798641593031,0.2692905143044333,0.8566793288676876,0.3510875696827174,0.1753658800674468,0.08282259401397185,0.13100903992717244,0.8912155802264868,0.2705830348606285,0.86541251199604,0.17470537076598514,0.08615313368437832,0.15663515702339875,0.08967328214968245,0.0669843700786637,0.20433273245868755,0.38681804259814623,0.432960667672104,0.37177599256852856,0.25518253197496954,0.11386263983572287,0.13426665978768904,0.21005769875448282,0.22724484672863632,0.3906361753018224,0.3661558951502262,0.8400576744935716,0.8707497524880209,0.18081025299236897,0.4705570060163767,0.15680356849137556,0.10241563570184864,0.12173321132224196,0.0896883587156923,0.09193548405363516,0.3346955470262998,0.20019352113002253,0.9301225094712849,0.09196611231151003,0.2758203210048483,0.8185806210436828,0.8782554749639351,0.15808150789048125,0.37503977908064057,0.8529933734782966,0.21913648463454138,0.14743640682287712,0.17930568815917358,0.8893428985447766,0.8586612803993089,0.15550351743356572,0.9222984405435039,0.15391666511275148,0.09069551007421162,0.9049538723866841,0.22517155680714196,0.24164625759302888
0.893575956616495,0.8035364219975664,0.9083349220941828,0.9545934591328541,0.5633982719928715,0.8806524595432043,0.4261520255405213,0.0,0.936139169933096,0.9155829360459036,0.5866503706056562,0.9278657639917491,0.5200493687113105,0.9299890316019002,0.8441800806083551,0.8674476516252606,0.8772194940918641,0.8952736599407767,0.9206119242903027,0.7630178944587314,0.48448228015471423,0.8384051477395411,0.886101565836344,0.32232929893784695,0.8768452581016325,0.8919022116414664,0.8564052799825917,0.9324924557331505,0.8380539078597393,0.1688102718024097,0.30326542718611293,0.8705256945195079,0.42705588963036933,0.43218612460925365,0.48317974065289854,0.9196891570352709,0.6153100809770164,0.9355452675594366,0.4708958575168834,0.5274596683376473,0.5189180157306358,0.5266200161763553,0.9092694139604398,0.5485312431512331,0.9372222527323368,0.8451346142080778,0.8313349869253607,0.21844820608615845,0.6607982084055577,0.4893416296000722,0.9116262516027259,0.9158722777958568,0.2873201454103529,0.9105956294877936,0.5930911738166819,0.9142539116993132,0.8985414020512763,0.8914347624351281,0.4951106793107822,0.8150540017034498,0.9018601301452568,0.9110518851797705,0.9474580659910058,0.8744136822865605,0.7845346999418793,0.4522621505364821,0.8316277409716242,0.8818397860405114,0.8936501952435019,0.9153658732253334,0.9171376772800943,0.803017761950122,0.918771376682276,0.8673201885413268,0.21767752690674064,0.9080693916534037
0.8680192583947832,0.7848566660641788,0.8861752550201908,0.9664336956362918,0.39459902022798377,0.8665027484856276,0.17193407510001796,0.936139169933096,0.0,0.8659832523753259,0.42188267378750743,0.8056743237093974,0.3818622330546365,0.33904249604682246,0.7763412928663957,0.8554382699100016,0.8626706776276802,0.8525185375581278,0.9029899321744115,0.8037122538315792,0.9078511283380145,0.8739401334395025,0.9144759499968041,0.19212265923408622,0.8147647081852394,0.8252323971844399,0.7912465389243662,0.9365014995137216,0.9144726761666323,0.20539721277356593,0.8927112410452074,0.8872083089204276,0.30708265315619976,0.2399039223299726,0.4886817135132188,0.47464502801343006,0.568343833458429,0.45833176023342853,0.329567443071588,0.27178232996281065,0.42250824564141914,0.3339867800280876,0.35764579591901213,0.3728418115122891,0.922828862612856,0.8470709181067329,0.1982936154539101,0.18703631393815068,0.9285208250361884,0.20671703653089482,0.31598772872644065,0.32381168849652414,0.24996138422548347,0.2191782397588199,0.4554313619897007,0.8993084604833267,0.843935040355211,0.2732209160769862,0.2563329851486112,0.8037309223506371,0.8678990039577228,0.902640671548572,0.8881104485894897,0.1753434266738665,0.8247438911305851,0.876973803124609,0.8540259180585298,0.8771506455526478,0.9039081957730428,0.9039689816550819,0.9275166712976859,0.8338321740857123,0.9252207282406302,0.8997383684977296,0.21363026010886033,0.9257053967400518
0.8655053103939194,0.8297706830037967,0.8975173011831986,0.8246090133909763,0.44312189743386987,0.8689202345359085,0.30788800850940734,0.9155829360459036,0.8659832523753259,0.0,0.8891040417985815,0.841057629549681,0.4572729553954345,0.5227907100067966,0.6924911840758459,0.8660054417875215,0.8509724903523114,0.8400887396463764,0.8388212644144144,0.7764843165201308,0.9225856157158234,0.7826037484602375,0.8564853135703947,0.8918461063078236,0.867706811017734,0.8266802223238692,0.8151873433683319,0.9598334018045627,0.825457892012479,0.20211792810909734,0.8720535427801344,0.4292521708075155,0.5733870058604019,0.4758727729078704,0.6232280610405995,0.7106611494722401,0.5871237648680614,0.5830131537908019,0.47838945579050085,0.4820581307646431,0.623488875383398,0.4957719915971002,0.4825351809849864,0.6930614212213722,0.9473652379225199,0.8389705654677453,0.8007342834323767,0.18006009381865828,0.9569023218965111,0.34144756337725746,0.8841750224209904,0.5366379679048395,0.8553806905015876,0.8705879506876089,0.9046611619444013,0.904035925139872,0.8868110623969807,0.8745514942934369,0.42500277072621584,0.8384983356700524,0.9378073626442147,0.9376331774078379,0.8605660693366202,0.8327265110010023,0.7208399728339976,0.3757321276031629,0.7969549665156161,0.8426899033035695,0.8344231820839223,0.8936313435592322,0.7846828340061294,0.7332066132524881,0.8878417606287813,0.8490019032523712,0.20972690595347943,0.9094106425171733
0.9559284491004196,0.8229765265906287,0.8844942740378707,0.9899759038666736,0.569524589683486,0.8541158299821124,0.3071613603409042,0.5866503706056562,0.42188267378750743,0.8891040417985815,0.0,0.8451781182347022,0.5153606234732512,0.7037169615333454,0.7391165302108743,0.8552311721557481,0.8580528983560731,0.8240349932121004,0.9197467534713317,0.759489351506389,0.4726955021267859,0.873617938945481,0.9484605969375576,0.8385612196773345,0.8767669611482605,0.8577027523966958,0.7973119566694663,0.947658849404206,0.86062477736934,0.16417764362315723,0.9167809280158152,0.42117681800461965,0.5030381838743238,0.3483755359408943,0.5652682973311347,0.7254443884641477,0.6323003224258289,0.683974687598604,0.5128902048078462,0.5809252937480635,0.6553200008986151,0.5907653801566826,0.5444467982990178,0.6017317104832347,0.9459145425484681,0.878531279002508,0.8653086602543125,0.1606651725843845,0.9551988686624315,0.4325333195186606,0.9351453539453487,0.5346767920757931,0.8671960787867796,0.9237865411026025,0.675215490978964,0.5140132481126978,0.9002677742828,0.44602843945041626,0.4919861795415114,0.7968256712483013,0.86341982507527,0.5139001122280517,0.9050550741103943,0.8479702124036289,0.7874427999329737,0.4875732351253948,0.8130802614853394,0.843334844313379,0.9112905649313016,0.8882969634928413,0.9477204256013301,0.7821176525451218,0.3991081806000952,0.8467534485139164,0.21354452422100534,0.5306999868480572
0.8753069386078188,0.8398009585822787,0.18622786133741953,0.9227523745283465,0.457993176463795,0.7521726235215425,0.8880917892295337,0.9278657639917491,0.8056743237093974,0.841057629549681,0.8451781182347022,0.0,0.9044100145878,0.9142334257352841,0.7271050884218628,0.8033366247670831,0.7788308149085418,0.8456233175184041,0.8637631752326499,0.19339314333319174,0.9103320065051996,0.168548957657918,0.8316492125560287,0.8429911947781802,0.7971724383310623,0.7828686147970255,0.8435976723951114,0.8655984794227203,0.7943996399556145,0.13560746353144593,0.8961053488858903,0.9101939017911841,0.46464443102699626,0.36654247570984483,0.8923199094215296,0.9512968128974725,0.5059842834457864,0.9061054233491012,0.8918371509805567,0.39892761144931865,0.5791875156546034,0.42316843745514465,0.9022781518027927,0.4813474759659163,0.9067016267266022,0.88055316831476,0.18638780452760217,0.15326404816251316,0.908568071595403,0.9144774729704961,0.8415311210118862,0.8890322647616341,0.8506855339100727,0.8274960166214255,0.9020369749676707,0.8315163420963975,0.878915892114522,0.8530947212159871,0.890712552163963,0.8156832828507067,0.8957241298508778,0.890755919932208,0.8710927482350526,0.1803692501155909,0.0,0.8952074955823094,0.16989246616120168,0.8124092744416597,0.9004069857851844,0.8221073626366249,0.8184515095516446,0.18242224148250052,0.831194540474877,0.8986465238345611,0.16206199462573517,0.8885586614263175
0.9601964230495977,0.8520762547203954,0.8314830550912188,0.9734530996556311,0.4576204864055025,0.8657123991023321,0.21930207321230571,0.5200493687113105,0.3818622330546365,0.4572729553954345,0.5153606234732512,0.9044100145878,0.0,0.5281933592308394,0.7559215823159089,0.8469079022412531,0.8593982825838455,0.8560165959109426,0.8683082368050228,0.7791722447271489,0.44564485023484685,0.8670932372102089,0.9553633340107974,0.8833029116383309,0.8706141072762741,0.9000841528703168,0.8713679673818598,0.9460000373056462,0.8787282189849597,0.17591850545826415,0.9055888731428188,0.38266460070257785,0.4749357766794834,0.3418760004335768,0.5465789860474354,0.5434327293657892,0.6366431700270101,0.5870502666014658,0.3956856680094458,0.3686175606575015,0.6438143766918025,0.5131196793783689,0.3306500001751775,0.5268836562543792,0.7040022546918842,0.8733819499086279,0.8536691079638162,0.1821939257544014,0.707769605925791,0.3511184949723648,0.9193520770969658,0.427393232336418,0.25330375603687616,0.3955940645241442,0.5757612690283102,0.3580893767522982,0.9323192711581164,0.3867877298310448,0.41812278970835665,0.7856319112886825,0.8878299201993436,0.4077252117021156,0.5689388463689021,0.8690727710612972,0.8032656520465855,0.3929501934042575,0.8674159125694665,0.8951003574208836,0.8594626617297708,0.9002578147358251,0.9146121035068657,0.8150650017927936,0.9211287335532234,0.8324536232109104,0.24303717354177173,0.930578448387266
0.8803735516300704,0.845915438183143,0.887578264142774,0.9690840384611775,0.6197425138844547,0.8673122191870163,0.45686098207320897,0.9299890316019002,0.33904249604682246,0.5227907100067966,0.7037169615333454,0.9142334257352841,0.5281933592308394,0.0,0.7940773848914779,0.8547476052244843,0.8686157124440118,0.8809138817111524,0.833094306041247,0.7758174400710651,0.44804900731298963,0.7934812408117556,0.9676703182486637,0.9035668022694072,0.8528962530875746,0.8827405213385505,0.8232206484901244,0.5774226033703425,0.9094188298300603,0.17153996617979994,0.8905005704941068,0.9080625300136349,0.5886668807317318,0.5397557568210909,0.6146235544621141,0.6437092459260787,0.6963893790512243,0.7192954364526981,0.5354146792361967,0.6323456279336606,0.7670127113860125,0.5800928829518012,0.4865406340441259,0.629218295546593,0.7729495446295149,0.8534858273136916,0.8679284610573521,0.19008298543639524,0.9577516188181113,0.5782843949898833,0.9069386298605883,0.5221404595256114,0.8784903074715682,0.4609444427675816,0.5356571090930519,0.4003546234754385,0.9362206701726323,0.4105774408431571,0.48642253561159654,0.8585197577283803,0.8960407631772305,0.34793055904738757,0.9024897647262927,0.8603151508239089,0.8616436440649804,0.9053008958977555,0.7956788498328801,0.8840283556344946,0.8951873714985851,0.884161375819953,0.9052926402340128,0.7986507423553392,0.41035605604215564,0.8545656562852688,0.8166706170150465,0.5733015186729779
0.8495380767244577,0.12259605578010979,0.15449971494374143,0.8132537538217357,0.7951822286392664,0.7461468589610197,0.7561404011466748,0.8441800806083551,0.7763412928663957,0.6924911840758459,0.7391165302108743,0.7271050884218628,0.7559215823159089,0.7940773848914779,0.0,0.6747337130649382,0.7705280556563712,0.7281814045049745,0.16605431591990016,0.0,0.7675274656980022,0.13151982600892476,0.7522187478103382,0.8012248991791764,0.15857135741574374,0.701379414484971,0.0,0.7820037659546709,0.7171966546210655,0.0,0.7376472498408428,0.7454838706855509,0.811051651950203,0.8008747651999317,0.8058846256271991,0.7630009618984246,0.8116721887620102,0.8343799573185439,0.7478243146271385,0.8160039134268605,0.8610748357595287,0.8152051258402819,0.7854232078785586,0.8502216485637022,0.8699347773534263,0.792292466927802,0.14447113061113376,0.14862213108898953,0.836033299958129,0.7661528506732743,0.7394685644448199,0.7553921171606809,0.7579201955100247,0.720704275603032,0.7389130973728881,0.764687498134386,0.7906187777710656,0.7914916455261838,0.778103660930143,0.7767471022950256,0.7827835510871717,0.8090614169156178,0.7652591146598815,0.14237040116956562,0.0,0.7582629705949018,0.12979271309609447,0.7127743360713261,0.7980064696265871,0.7467766619203695,0.7772883515680883,0.0,0.7251454030882413,0.14223195547664635,0.0,0.7791998957946495
0.7756377391701332,0.14859682672735353,0.7963106963011429,0.8950015398248505,0.8773544487845614,0.770534663360271,0.8105461991378614,0.8674476516252606,0.8554382699100016,0.8660054417875215,0.8552311721557481,0.8033366247670831,0.8469079022412531,0.8547476052244843,0.6747337130649382,0.0,0.7686700965888467,0.821225683854291,0.8288952465802657,0.12368216394511117,0.8123197018994753,0.12858271365693796,0.7980449611065941,0.8462970334163005,0.8084685234539495,0.7573801919606137,0.7067000052798141,0.9086944995685018,0.768173473346627,0.11259239731476367,0.793199183099067,0.8242013223352557,0.8818734092842494,0.8126518638413996,0.8801298848426495,0.8598219735341524,0.8752361537708808,0.9139888630304713,0.848309597992763,0.8415149726416292,0.850020210374096,0.8784552897965612,0.9217671226896734,0.8628148623572952,0.8788184072372539,0.8001564283802788,0.13272382426649965,0.1757718612523731,0.9220300862306233,0.7883424134567099,0.8843445709140226,0.8155113795987088,0.7861849784245022,0.8371641391525348,0.9166497783580053,0.8169653994250944,0.8137330472448634,0.861134169805333,0.8546763692620036,0.8482843245589308,0.8715358749648244,0.8345954085360505,0.8807574479774652,0.14968217304439868,0.17761114080696688,0.8255779016831493,0.1309747565097898,0.8291705282975166,0.810807059725514,0.8032050502333279,0.8202022921769572,0.1254760528930236,0.8854312059816131,0.7864644022676472,0.1731174683744836,0.8362114176580605
0.860168543974767,0.1250012588726902,0.8824756945960407,0.9431189901953562,0.8691940125467627,0.8143481754189223,0.8792767045681512,0.8772194940918641,0.8626706776276802,0.8509724903523114,0.8580528983560731,0.7788308149085418,0.8593982825838455,0.8686157124440118,0.7705280556563712,0.7686700965888467,0.0,0.8287115479821099,0.851342291919871,0.13344409008283126,0.8359891172234319,0.16684635451031316,0.878104766097011,0.18597895935389608,0.14209699680964782,0.7424254263907053,0.7839392105411503,0.8944129568722439,0.7970922355592129,0.16072957548949085,0.8775991057760083,0.8165954180801275,0.8724795649818229,0.8854186549767376,0.8837654266916799,0.9059873744406561,0.9159865030960477,0.8880727119089609,0.8125210121206669,0.3900751119140675,0.9071278789816519,0.8475511141747764,0.8780968680799345,0.43491701798033466,0.8805010600875449,0.8440802313546499,0.13982373523516856,0.16196099638184958,0.87363362885684,0.8470946608892231,0.8717094367502743,0.8798137806543042,0.843647057907766,0.8547231026113554,0.9021176929675115,0.8293247433455966,0.8360435323396121,0.8606886448118417,0.8794513865787642,0.8203821589897717,0.9141725038516256,0.8430691057684152,0.9134313993057261,0.17912651340250885,0.13816293102537197,0.8691414506865437,0.16670731268198857,0.7715801924430007,0.8324114782810713,0.8323762326708073,0.8560782603756844,0.18299781153212957,0.8460175172330975,0.15981450352761106,0.2433468526411296,0.8624396445831877
0.8402637571222162,0.16462655577986507,0.846583717166307,0.9073903943855641,0.9168350787727886,0.8213660116395476,0.8376290916158257,0.8952736599407767,0.8525185375581278,0.8400887396463764,0.8240349932121004,0.8456233175184041,0.8560165959109426,0.8809138817111524,0.7281814045049745,0.821225683854291,0.8287115479821099,0.0,0.8038312072012487,0.7458915138397518,0.7804541189209636,0.8079743398870024,0.8181256520730218,0.155904310086324,0.8406915027505589,0.7988197556813281,0.7897290567059255,0.9126534501654421,0.8043621962948428,0.1546203841669328,0.8491217207232633,0.8790284382698462,0.8686752373941032,0.8457481777982816,0.842763109002957,0.8706797696298846,0.8953738842079201,0.8839573961631438,0.8960492555413212,0.9160975491673545,0.8964120729245759,0.8807335554112778,0.9061192399270136,0.9056224686477572,0.8973980774742393,0.8671417613694257,0.8070269039784027,0.11937427098178566,0.919550985767981,0.8313745785536635,0.7799127213821725,0.8359907542641917,0.8189682761936158,0.8426361350995301,0.9035297525150016,0.8409538966993559,0.8409293798051967,0.8388957868499307,0.8745187219515793,0.8056334958995057,0.8411897130491041,0.9028309467618539,0.8377464818480863,0.7559561324245317,0.8534649951111493,0.8055228645203736,0.8096943600711454,0.8339134483842261,0.7953583288407061,0.7712193993624124,0.7669994126963967,0.1844089616201648,0.8401681139558456,0.818104271840624,0.18969740099189697,0.809875199145896
0.9087508212114451,0.16604163502638125,0.19709937831732594,0.9352548065656979,0.9202081288883912,0.845417405773277,0.904209793521939,0.9206119242903027,0.9029899321744115,0.8388212644144144,0.9197467534713317,0.8637631752326499,0.8683082368050228,0.833094306041247,0.16605431591990016,0.8288952465802657,0.851342291919871,0.8038312072012487,0.0,0.1543158061806047,0.8637271484520632,0.15128265154013393,0.7937137152755962,0.18056953044144097,0.17805258656287049,0.7858402712766748,0.15573555879266027,0.8867768231327561,0.8063533834532055,0.15865469223618667,0.18569535430473427,0.8723609460549028,0.892045408228554,0.8755439443992287,0.9204345254257951,0.928136495874349,0.8884415380928145,0.8681047620135374,0.8764510774869246,0.35905237345308005,0.9147983020647831,0.8982670740994916,0.8999304864288741,0.8904302252263875,0.9110909025583415,0.8273386990089728,0.17181002346221497,0.18495167756992315,0.9085322294790747,0.8809422466065618,0.8980599215431765,0.8976575366549933,0.7287507552937851,0.9121258021035575,0.9275350717238324,0.8371006225885244,0.8217732106879839,0.8831716385914812,0.8762015579634428,0.765675663447391,0.1532294160803671,0.8805547156016791,0.9237262249596108,0.1661160708715378,0.0,0.8676002630434232,0.15858539440554503,0.7865293810580702,0.8456629794599878,0.8242391000394442,0.8360372825659778,0.1420807484662534,0.8727516347794015,0.16262792715623808,0.21354896548475183,0.9004037171406891
0.80257498161713,0.12445122065906405,0.1673705408154207,0.9058367929564697,0.8431160188407646,0.7393027820542023,0.8331798641593031,0.7630178944587314,0.8037122538315792,0.7764843165201308,0.759489351506389,0.19339314333319174,0.7791722447271489,0.7758174400710651,0.0,0.12368216394511117,0.13344409008283126,0.7458915138397518,0.1543158061806047,0.0,0.742999625117341,0.1291635386704802,0.8085257199650008,0.17529542985487118,0.16039365220601104,0.7780623600974534,0.0,0.8211984580531547,0.11858477831884218,0.0,0.15158362665882819,0.8257863118263956,0.8982621644486709,0.8390276553718093,0.87276536926309,0.8966516414618259,0.9074386525568732,0.889462740345341,0.7916344834542304,0.8840512470977632,0.9122740363073056,0.8538328518069549,0.8663720873269194,0.8638083623803627,0.8698659230652672,0.0,0.12608658838611686,0.13986917146087818,0.8978987446456658,0.7843874678588671,0.772869689713781,0.7842710229656862,0.7521333296576836,0.7999850959714827,0.8269481263629855,0.7872804895635086,0.7737554456099616,0.7693798462280521,0.8424086655950669,0.0,0.1421011485852307,0.7864710424069676,0.8588551966329525,0.1744475791288861,0.0,0.18629043571964016,0.1510215499507298,0.7819773617629593,0.1558422992966555,0.18568196573347784,0.7753968616578049,0.0,0.1669945457632856,0.16798557325906888,0.0,0.8289487889718541
0.8673121634061197,0.7248948959636569,0.851490150234515,0.9261526839027961,0.3925279356459468,0.8216387109030177,0.2692905143044333,0.48448228015471423,0.9078511283380145,0.9225856157158234,0.4726955021267859,0.9103320065051996,0.44564485023484685,0.44804900731298963,0.7675274656980022,0.8123197018994753,0.8359891172234319,0.7804541189209636,0.8637271484520632,0.742999625117341,0.0,0.16796796800805713,0.8833342488068784,0.16728629072177498,0.8701046061313968,0.843938899480944,0.7900567740231179,0.88460281715421,0.8309743444346992,0.2006585599321351,0.8538589850320095,0.28662220523136406,0.2967554748432525,0.1405102545409053,0.40578947341210875,0.45296743153594,0.41806561023144256,0.465724856455328,0.3537878556211295,0.29797919808808077,0.4377293142385709,0.38913046204048557,0.3066488754229094,0.34378690671814,0.35352030824108377,0.8597989869142721,0.8186576980203748,0.12220133574446301,0.6289952999073187,0.38951175690600887,0.8941640077467973,0.43967194842883117,0.23608718155034472,0.8682192199697287,0.896560711448525,0.8839764796107064,0.8985295212435309,0.31124027142126953,0.3436735376814249,0.8058667085436408,0.8499883532678573,0.8676613594704516,0.9140946535278811,0.13351604882146595,0.22956513583835791,0.44588637851459584,0.7887615197696219,0.835884026855439,0.8463496186315802,0.8461337723125261,0.9078576437909222,0.20591867793213653,0.871497618108688,0.8120157482810109,0.22725641537316865,0.9217904039480727
0.8120710847561139,0.1721491940793624,0.18215930026071347,0.9019249548053956,0.9256215232156098,0.18404969330660648,0.8566793288676876,0.8384051477395411,0.8739401334395025,0.7826037484602375,0.873617938945481,0.168548957657918,0.8670932372102089,0.7934812408117556,0.13151982600892476,0.12858271365693796,0.16684635451031316,0.8079743398870024,0.15128265154013393,0.1291635386704802,0.16796796800805713,0.0,0.7188156380420557,0.1804558323828156,0.1473755698883129,0.16993821097988415,0.1369259219547374,0.8523199266101933,0.14033628329019587,0.1628437368362723,0.1581334940195681,0.8365840187184833,0.8953414506315265,0.8710403403874857,0.8720588527428683,0.8852699462365802,0.9229101937524014,0.8774773071885155,0.8170327491737698,0.8742746942688533,0.8954709162532029,0.8405554677533473,0.9133737655196136,0.9086343083346156,0.8986535484272787,0.780386391098686,0.15782210241473438,0.17135846462721827,0.9033036675877073,0.8131999180372046,0.8413472730699356,0.8212066288854569,0.7088254701975595,0.8121364873672746,0.8282875102750167,0.7896179813273045,0.7583167641245013,0.8417451220842652,0.8666137929992983,0.8254521628919529,0.17442762501439946,0.7898179774343372,0.8244318450423913,0.1595222824876295,0.17579613898512464,0.14598168004284306,0.15320423705545405,0.17687434819610642,0.16579274097901986,0.17622908610568194,0.7327464776950778,0.16392317196412376,0.19002517773789984,0.17683746142555723,0.22413003044447644,0.8428415520435052
0.869136639536558,0.7258107272374943,0.8627243754475985,0.9769940898772508,0.9466673750060395,0.8325277478032735,0.3510875696827174,0.886101565836344,0.9144759499968041,0.8564853135703947,0.9484605969375576,0.8316492125560287,0.9553633340107974,0.9676703182486637,0.7522187478103382,0.7980449611065941,0.878104766097011,0.8181256520730218,0.7937137152755962,0.8085257199650008,0.8833342488068784,0.7188156380420557,0.0,0.8889314900162236,0.8701145282327971,0.8337056103417502,0.7437697633191245,0.9542920955868662,0.7928611425803055,0.1260961560820938,0.8652173272479755,0.9436823730104325,0.519357600132572,0.33608596734021373,0.5174378328521932,0.9754778492872446,0.9267649758200575,0.9042314529148623,0.887839148385918,0.4906600265599118,0.9645295397167015,0.5032458379387265,0.9316802438689096,0.6505703721797691,0.934531710490237,0.7908208161922621,0.1563484386689744,0.17977377913357306,0.9614738174939028,0.9008487512095339,0.879103267625981,0.9286405653533751,0.845399525754916,0.9222291074919725,0.9075755863097525,0.9004438622417303,0.8248767753496955,0.8770602410965047,0.9290927752304808,0.8144501338704218,0.8289445158303548,0.8779655401801943,0.8748114862845251,0.1923732328083838,0.7604210100105783,0.8752795692594285,0.7536759335734389,0.7935525907925508,0.8857842057141799,0.8272585950866971,0.8114797484384557,0.7296684353985661,0.8992100314800728,0.7830514441686638,0.15274392493885075,0.9462160793384088
0.8648495531215682,0.17844289034815897,0.2060163300387754,0.9115536994342873,0.2082032499345901,0.1712203880970835,0.1753658800674468,0.32232929893784695,0.19212265923408622,0.8918461063078236,0.8385612196773345,0.8429911947781802,0.8833029116383309,0.9035668022694072,0.8012248991791764,0.8462970334163005,0.18597895935389608,0.155904310086324,0.18056953044144097,0.17529542985487118,0.16728629072177498,0.1804558323828156,0.8889314900162236,0.0,0.17665638790978677,0.8595335370217831,0.17742498467733092,0.1935464910911332,0.18049062496512047,0.1543525291061944,0.1614916508588803,0.8549394000044542,0.18064858684345458,0.20211467708893027,0.3362918917994626,0.2978592572535679,0.8574175522977856,0.2634106256582732,0.85530723759833,0.14601708528913493,0.28495210093891776,0.8658363938184331,0.1760760077155925,0.1039283922455358,0.8713418040592167,0.884492965303984,0.17601385153194227,0.1963143407923743,0.8824564740261569,0.860333151202453,0.8430957012871652,0.17916093389997528,0.8294887212430293,0.8708360394012498,0.9108198797949093,0.8529647305290422,0.868098432745532,0.18186474961022425,0.19432571456196024,0.8040640672133549,0.19114167620968536,0.12891999757191464,0.8514731584775185,0.18019323965707712,0.18787439311766113,0.1886867634558736,0.14907291862348915,0.8626325523343572,0.8564770779214969,0.16951523504941535,0.8448622739626768,0.1410670572482522,0.21293267130655014,0.20180000957343613,0.14954795624796163,0.8979645310782344
0.859152830202614,0.14055866026495656,0.17061631164928648,0.5562562191215766,0.26623968461175385,0.8494401758783658,0.08282259401397185,0.8768452581016325,0.8147647081852394,0.867706811017734,0.8767669611482605,0.7971724383310623,0.8706141072762741,0.8528962530875746,0.15857135741574374,0.8084685234539495,0.14209699680964782,0.8406915027505589,0.17805258656287049,0.16039365220601104,0.8701046061313968,0.1473755698883129,0.8701145282327971,0.17665638790978677,0.0,0.791970245392301,0.14210289800532755,0.8673680568637872,0.8050643159908352,0.13318885250061596,0.13891853965486156,0.8763032573894531,0.23226721435400643,0.15618799805812505,0.9106042582183524,0.3816836595856177,0.435312039765163,0.877969624815714,0.8866677573066019,0.27467013912102783,0.8941472081582669,0.23563810588178802,0.864728407858536,0.3292650744502119,0.8919022069258802,0.8333739982727585,0.12635994913969872,0.16703193474899514,0.8897853679141661,0.8540612324643719,0.8586094022913524,0.8347998296779631,0.797074129131987,0.817787297928993,0.8860510768354939,0.8409793961430051,0.7818531041978597,0.8569689863532247,0.8789254667322857,0.820511707333719,0.1678628093246166,0.8920608856384626,0.803776046732289,0.16196896707910335,0.11872345121471978,0.78669819084636,0.1447116521461762,0.7934379384189305,0.1598184423273945,0.8227338669044427,0.7285050552083642,0.1346080917640834,0.8299030610390871,0.17274658279226995,0.21377212998420103,0.8880352007939674
0.8942234693109185,0.15210729679958024,0.20548694179785743,0.869727359240542,0.9238504358117446,0.7815050053283258,0.13100903992717244,0.8919022116414664,0.8252323971844399,0.8266802223238692,0.8577027523966958,0.7828686147970255,0.9000841528703168,0.8827405213385505,0.701379414484971,0.7573801919606137,0.7424254263907053,0.7988197556813281,0.7858402712766748,0.7780623600974534,0.843938899480944,0.16993821097988415,0.8337056103417502,0.8595335370217831,0.791970245392301,0.0,0.7221876846578509,0.8864095741013507,0.7689750212114368,0.12249380067959198,0.8122255636878117,0.8433185056233634,0.3105256379657235,0.17271232981090545,0.8922167922262395,0.9223087165018903,0.8972945730593516,0.8734201655686465,0.8437320076968268,0.2872981432825489,0.4072906001571476,0.30660825292342536,0.8996842101267,0.32470197762411235,0.8834856442583618,0.847884639209506,0.15983832778987683,0.20575961356306782,0.9305234980670535,0.8560967678158777,0.8753643959613507,0.8619290899213177,0.790033782976427,0.8544804252328059,0.8862865187916174,0.8228243113418728,0.8146361551184806,0.8977519950099428,0.893768861519016,0.7790610170183474,0.8270170165519904,0.905173450668509,0.8135609403573729,0.17709961181736644,0.15021555434235156,0.8773251414840286,0.7274891962595017,0.7570358691443747,0.8286362863017719,0.7814851995746092,0.7603904291059754,0.1723402073985859,0.8128391208616248,0.7931879530805767,0.14399655949267165,0.8501779389535293
0.8152947144077776,0.14928082426514783,0.18078761891559259,0.9218729400114416,0.9230575060846886,0.7821573954483717,0.8912155802264868,0.8564052799825917,0.7912465389243662,0.8151873433683319,0.7973119566694663,0.8435976723951114,0.8713679673818598,0.8232206484901244,0.0,0.7067000052798141,0.7839392105411503,0.7897290567059255,0.15573555879266027,0.0,0.7900567740231179,0.1369259219547374,0.7437697633191245,0.17742498467733092,0.14210289800532755,0.7221876846578509,0.0,0.8290826322227575,0.7630064896602048,0.0,0.16092621933849793,0.8440935070599704,0.392321824962231,0.8925112424262108,0.8895799962601769,0.9186552563878464,0.9320647069445122,0.874423935417374,0.8121846287301568,0.8884754182798136,0.9491500226705373,0.8488090476423337,0.9006083053963994,0.8963589485364828,0.9354510900766767,0.7459064042656769,0.15782824098572412,0.16548758884236314,0.9024567140822086,0.8880542312995031,0.8023773337759801,0.8460495480791442,0.722962680485184,0.862661531261109,0.8178040330851766,0.7925639657626398,0.7969820891971205,0.8025226480052787,0.9210735043818312,0.7781062973229684,0.18243730288700938,0.8233003873366878,0.8105836023985165,0.16870536387573926,0.0,0.7912945963756004,0.16571718082907494,0.7798153357487564,0.16242372004963634,0.7873981285873098,0.7994628292193768,0.0,0.7781462862057137,0.19882127870194105,0.0,0.8044535275829732
0.8795740743038711,0.8231929412838721,0.9137830905438601,0.9915182034695774,0.5325238264123517,0.8797411387334899,0.2705830348606285,0.9324924557331505,0.9365014995137216,0.9598334018045627,0.947658849404206,0.8655984794227203,0.9460000373056462,0.5774226033703425,0.7820037659546709,0.9086944995685018,0.8944129568722439,0.9126534501654421,0.8867768231327561,0.8211984580531547,0.88460281715421,0.8523199266101933,0.9542920955868662,0.1935464910911332,0.8673680568637872,0.8864095741013507,0.8290826322227575,0.0,0.9147712394971942,0.17944528823088668,0.9053940309578068,0.9136287984041679,0.44261186678400066,0.30347698140151447,0.9194487816783372,0.6237154818410083,0.6533986248825517,0.53060494476222,0.43413242477044023,0.49023706765783437,0.5356179884146345,0.9208800418170963,0.5720476468143588,0.5750511712849529,0.9325000255228489,0.8840417312365131,0.14638306325111916,0.1881597857382269,0.967685176567009,0.33084380244249356,0.9398599868843686,0.48910993675636855,0.27601462264253307,0.9250952774943401,0.9548387932861339,0.9398141241317644,0.9261121757164781,0.9292872612713143,0.9507777693163245,0.8331934760977048,0.9172419211103078,0.9487477316220364,0.9536917269703732,0.1744283354198296,0.8287476536393346,0.3418446654406101,0.8854058554678225,0.8420811727407101,0.897522860207303,0.9024443154685998,0.9286617269076926,0.1729155956803684,0.9291586733845637,0.9052003056859761,0.2103655796320688,0.9419243438282292
0.8190927104398521,0.16621580576312245,0.16188397609779093,0.9089247672996692,0.9014608655845157,0.8117940469801529,0.86541251199604,0.8380539078597393,0.9144726761666323,0.825457892012479,0.86062477736934,0.7943996399556145,0.8787282189849597,0.9094188298300603,0.7171966546210655,0.768173473346627,0.7970922355592129,0.8043621962948428,0.8063533834532055,0.11858477831884218,0.8309743444346992,0.14033628329019587,0.7928611425803055,0.18049062496512047,0.8050643159908352,0.7689750212114368,0.7630064896602048,0.9147712394971942,0.0,0.1647031335411765,0.14773800744512877,0.8898222953342411,0.8779008454288981,0.8662523208873825,0.9150714376825302,0.47527028646948427,0.9257578319401946,0.8958970138781998,0.8614169365593748,0.45499197288621623,0.8946959163931121,0.8888238246751098,0.9236524495335467,0.9271267369550724,0.8825351700833853,0.8005411410679528,0.1463405470792669,0.16898295062476243,0.8773782197046966,0.8637273888327611,0.8583203249655738,0.8394193317061582,0.7593375095427706,0.8797442527872251,0.9021046280668665,0.8348453566238943,0.8670507953543125,0.9019429187389708,0.9189893437339186,0.8252593412702076,0.8141505756033184,0.8461902910300914,0.8567832314742325,0.18196457915749886,0.0,0.8136000407901294,0.1422127408011788,0.7663783095202927,0.19135626488004143,0.7913888778595916,0.7987302775649513,0.15428918275742098,0.8787128958589961,0.8198651667703807,0.16240870511013772,0.8291779279364396
0.17299622248021174,0.1455835250569507,0.15497378836605885,0.9186788976091552,0.17314911394791432,0.16215975457082066,0.17470537076598514,0.1688102718024097,0.20539721277356593,0.20211792810909734,0.16417764362315723,0.13560746353144593,0.17591850545826415,0.17153996617979994,0.0,0.11259239731476367,0.16072957548949085,0.1546203841669328,0.15865469223618667,0.0,0.2006585599321351,0.1628437368362723,0.1260961560820938,0.1543525291061944,0.13318885250061596,0.12249380067959198,0.0,0.17944528823088668,0.1647031335411765,0.0,0.1157827687254458,0.18515395520496047,0.1834388599346476,0.16090320959641535,0.1733705514327727,0.880042752444031,0.8402449355442256,0.1578749632135844,0.13450617400394127,0.16926140516608001,0.202187048103816,0.19750562366092994,0.8964767609402318,0.8468617577766495,0.15988835450838534,0.0,0.1677930026440685,0.1669991998202074,0.8908660238396958,0.18287329806447905,0.19300867603931404,0.1699785492083511,0.16252394716208352,0.1775488524583554,0.8980773175289014,0.17535063232642867,0.13130372050056027,0.1740349092414789,0.15934318038430417,0.0,0.13387078954927817,0.209848552052612,0.14692449575986266,0.17364326100708966,0.0,0.18941743155424268,0.13699615117421288,0.1321602770629836,0.13324906440495077,0.14668387161726693,0.12419252735546543,0.0,0.19531107525562497,0.1869877371513895,0.22354791648804767,0.1913062573506708
0.9215775144281106,0.1693338065861747,0.21800757011836258,0.9551663058007396,0.3079485711476749,0.8527199441559556,0.08615313368437832,0.30326542718611293,0.8927112410452074,0.8720535427801344,0.9167809280158152,0.8961053488858903,0.9055888731428188,0.8905005704941068,0.7376472498408428,0.793199183099067,0.8775991057760083,0.8491217207232633,0.18569535430473427,0.15158362665882819,0.8538589850320095,0.1581334940195681,0.8652173272479755,0.1614916508588803,0.13891853965486156,0.8122255636878117,0.16092621933849793,0.9053940309578068,0.14773800744512877,0.1157827687254458,0.0,0.17259748152791354,0.2554736842519257,0.8657897955718842,0.37229397662472463,0.907442033548143,0.44512456919190957,0.9167220453726932,0.892781903837817,0.28118066685920134,0.345554925348195,0.9021173712634837,0.919795945698577,0.3830471325643151,0.9055814194103496,0.8714589803923403,0.12745662077981745,0.1491994119563187,0.9361824489955574,0.16460333440892688,0.8696849588304519,0.8929311475662335,0.09645768471121907,0.8821628519275757,0.9312149545996463,0.9008737883170409,0.8961847230218123,0.8810286876328605,0.9029148009646646,0.8135795878745766,0.10194917214286203,0.901860319235954,0.9092008095992657,0.15331954717772178,0.13008424082777736,0.2030233118965859,0.14219275663769926,0.7910442908160318,0.8463156943730346,0.8404574255556485,0.8433621456329327,0.13857518306474892,0.8777854863422357,0.13693527237169179,0.23186110340465288,0.9068155397054256
0.8865453642300488,0.7890697401352111,0.8626194626496088,0.7429346591439827,0.2921380313033378,0.8809487799028124,0.15663515702339875,0.8705256945195079,0.8872083089204276,0.4292521708075155,0.42117681800461965,0.9101939017911841,0.38266460070257785,0.9080625300136349,0.7454838706855509,0.8242013223352557,0.8165954180801275,0.8790284382698462,0.8723609460549028,0.8257863118263956,0.28662220523136406,0.8365840187184833,0.9436823730104325,0.8549394000044542,0.8763032573894531,0.8433185056233634,0.8440935070599704,0.9136287984041679,0.8898222953342411,0.18515395520496047,0.17259748152791354,0.0,0.4675190148664241,0.263104437912268,0.41808264387558375,0.5186370026798148,0.5861657074053738,0.5726945543300128,0.27604457909267877,0.4465440521052295,0.4774182932389996,0.4290166961601055,0.46085306512262036,0.45086610295599866,0.7057165852788326,0.8570943973780472,0.8696916487747994,0.19065764063263568,0.63343702280605,0.27309835088487017,0.8953430038490878,0.27237000504082215,0.16442865799826248,0.33276279956335675,0.4797623476087089,0.3098509621130226,0.9374230994163266,0.25046567436220996,0.3624325408396067,0.8012504729258246,0.8676637058003939,0.8516920343188041,0.4859357222820096,0.8358992508033868,0.8367700081137017,0.2515513625804083,0.8253549241185147,0.8616566159457173,0.8695532109137828,0.22336313251836862,0.9186108753078238,0.7323974468171044,0.900781677519763,0.8309582114341527,0.18561870196353036,0.4192724699066455
0.8750962069041144,0.8609772002320513,0.1389524674481022,0.8485716123225945,0.4339470602317708,0.9007379143623963,0.08967328214968245,0.42705588963036933,0.30708265315619976,0.5733870058604019,0.5030381838743238,0.46464443102699626,0.4749357766794834,0.5886668807317318,0.811051651950203,0.8818734092842494,0.8724795649818229,0.8686752373941032,0.892045408228554,0.8982621644486709,0.2967554748432525,0.8953414506315265,0.519357600132572,0.18064858684345458,0.23226721435400643,0.3105256379657235,0.392321824962231,0.44261186678400066,0.8779008454288981,0.1834388599346476,0.2554736842519257,0.4675190148664241,0.0,0.3471690222089146,0.4674224260378549,0.5996701674134465,0.5252792234244205,0.4797042548679154,0.5314298059948424,0.36233520304159317,0.42913890579285907,0.3815680913172367,0.5032772966453279,0.5784448987520254,0.6512232515170013,0.9109645003455774,0.8804523812273055,0.16761357386021247,0.7206650122027825,0.25779149968657966,0.3286432757871636,0.46447623755174283,0.27984368032724116,0.35898173732564687,0.5510363275870853,0.3534564396868567,0.9200314924116849,0.3110354293541623,0.3839466090800383,0.8478740971936157,0.8621770634754317,0.43727379180144144,0.5602272097777637,0.160041718747721,0.8805162829633332,0.3745027755937787,0.8866948420997322,0.45175362976402694,0.35714566710544,0.3432982899410976,0.5397023908537243,0.8944036393096321,0.2940818030899478,0.8925912052360859,0.8462627121385752,0.40500718574208594
0.908608272850494,0.861177544681293,0.8192942107911914,0.7992682616236226,0.32190989347010757,0.84533924045118,0.0669843700786637,0.43218612460925365,0.2399039223299726,0.4758727729078704,0.3483755359408943,0.36654247570984483,0.3418760004335768,0.5397557568210909,0.8008747651999317,0.8126518638413996,0.8854186549767376,0.8457481777982816,0.8755439443992287,0.8390276553718093,0.1405102545409053,0.8710403403874857,0.33608596734021373,0.20211467708893027,0.15618799805812505,0.17271232981090545,0.8925112424262108,0.30347698140151447,0.8662523208873825,0.16090320959641535,0.8657897955718842,0.263104437912268,0.3471690222089146,0.0,0.4487828651741932,0.6122364641539991,0.46747687936192417,0.44764161813448866,0.2618042661668123,0.28921735053706216,0.4309927740185754,0.32073334060761227,0.3714766247925515,0.39511534546847205,0.5386426636835979,0.9522747739452991,0.18426304367982294,0.15858173981217327,0.615236011368428,0.24900407068386715,0.31780169887639087,0.25773389082380194,0.34945640000049727,0.17238420256064124,0.5616088305249131,0.21509098243542046,0.9119819692706332,0.15945729943007686,0.28240029588717275,0.8502677069365401,0.8770645435737718,0.874665709166962,0.8910817960325039,0.8611954910895935,0.8128187673251586,0.11808942544816325,0.8403249971435176,0.3651842778777633,0.3913646342524596,0.8926805470356312,0.4336369291494492,0.8963948988119231,0.1474927535801634,0.8868518192024376,0.20869969832667784,0.3168003042896048
0.8917155807378816,0.8527428072359955,0.2804712237360596,0.8866295282135395,0.5840714111907157,0.9263208621287998,0.20433273245868755,0.48317974065289854,0.4886817135132188,0.6232280610405995,0.5652682973311347,0.8923199094215296,0.5465789860474354,0.6146235544621141,0.8058846256271991,0.8801298848426495,0.8837654266916799,0.842763109002957,0.9204345254257951,0.87276536926309,0.40578947341210875,0.8720588527428683,0.5174378328521932,0.3362918917994626,0.9106042582183524,0.8922167922262395,0.8895799962601769,0.9194487816783372,0.9150714376825302,0.1733705514327727,0.37229397662472463,0.41808264387558375,0.4674224260378549,0.4487828651741932,0.0,0.6670949219077545,0.666949975100873,0.578323961423929,0.4473538017223931,0.4673781114516235,0.5458265837278999,0.3889024399067471,0.5338982383854465,0.5502109686691702,0.884585308618062,0.9122471966163457,0.8407726197908444,0.16856353549847747,0.7425805177450338,0.4207315197092877,0.5448014587348836,0.4404336469549945,0.38175416047738553,0.43257543510384766,0.65164632752865,0.4581310867417589,0.9281311807532249,0.41878538196410264,0.4489047601463611,0.8524008944314927,0.860569490760917,0.8957289513106046,0.6917303148330045,0.8616310104938326,0.8485637122177836,0.4624064669108578,0.8549118433166125,0.9116182769012403,0.520309026207363,0.40765242599251517,0.9514699188710101,0.8897910597487517,0.8996892116840141,0.8848153604025826,0.8947533968078879,0.4885695096836804
0.9542517724215007,0.8735413279360013,0.8980790153987778,0.8986287215552067,0.7087366205608551,0.4823005203392349,0.38681804259814623,0.9196891570352709,0.47464502801343006,0.7106611494722401,0.7254443884641477,0.9512968128974725,0.5434327293657892,0.6437092459260787,0.7630009618984246,0.8598219735341524,0.9059873744406561,0.8706797696298846,0.928136495874349,0.8966516414618259,0.45296743153594,0.8852699462365802,0.9754778492872446,0.2978592572535679,0.3816836595856177,0.9223087165018903,0.9186552563878464,0.6237154818410083,0.47527028646948427,0.880042752444031,0.907442033548143,0.5186370026798148,0.5996701674134465,0.6122364641539991,0.6670949219077545,0.0,0.753773415685604,0.730466737404047,0.5753707597042889,0.6319924313535298,0.7717891903362861,0.5607061923971557,0.587585832198351,0.6514313313970995,0.9166717859818827,0.9084846669005227,0.8844955909764763,0.1827309799266048,0.8123943036298422,0.5035002067856277,0.5095757143545342,0.6605693093946396,0.4935082890173595,0.4838883863310119,0.6212372203395584,0.4536412624214876,0.9795881960027634,0.5150594209631156,0.5240450599482152,0.8469186022008772,0.8880665530878528,0.4692695252421534,0.8005430338115469,0.8627983596753436,0.8897477380853392,0.4642519183583325,0.9003274695824269,0.9238482629694356,0.9266424096211872,0.4157237414788919,0.9619357496614594,0.8925931723662938,0.41068846311810825,0.8820290283309491,0.8579367843962089,0.5996035210342828
0.9173581624314506,0.8616825174015749,0.8716724357238317,0.9817897735511514,0.577948644807701,0.8813066501439876,0.432960667672104,0.6153100809770164,0.568343833458429,0.5871237648680614,0.6323003224258289,0.5059842834457864,0.6366431700270101,0.6963893790512243,0.8116721887620102,0.8752361537708808,0.9159865030960477,0.8953738842079201,0.8884415380928145,0.9074386525568732,0.41806561023144256,0.9229101937524014,0.9267649758200575,0.8574175522977856,0.435312039765163,0.8972945730593516,0.9320647069445122,0.6533986248825517,0.9257578319401946,0.8402449355442256,0.44512456919190957,0.5861657074053738,0.5252792234244205,0.46747687936192417,0.666949975100873,0.753773415685604,0.0,0.6549205915027216,0.6242187841500065,0.6284327623101214,0.596564758379916,0.5568566110448614,0.6636874281329,0.7059697622577732,0.7417716173443953,0.922089638512205,0.8894752607208203,0.1651853581181918,0.8688849990294989,0.5011241770041243,0.6182724253980223,0.620184563356748,0.44466335545715896,0.5093047301599035,0.6889580037664949,0.46808467789845254,0.9407779869529826,0.5608440543956763,0.5743923242696416,0.8397207539942879,0.9206677468338702,0.5376038698780616,0.7462000818958536,0.8732866602947155,0.8672535110825896,0.4635357419685455,0.8744736617703681,0.9278161370922247,0.9042927282360124,0.4735527884725763,0.9490237390363101,0.9141282197426458,0.5330800679647906,0.8821196913944627,0.9435975950340194,0.6507510012444662
0.9079995469318094,0.8036039376249288,0.9069992261388286,0.9957733946466739,0.6162762835466024,0.8830663009581668,0.37177599256852856,0.9355452675594366,0.45833176023342853,0.5830131537908019,0.683974687598604,0.9061054233491012,0.5870502666014658,0.7192954364526981,0.8343799573185439,0.9139888630304713,0.8880727119089609,0.8839573961631438,0.8681047620135374,0.889462740345341,0.465724856455328,0.8774773071885155,0.9042314529148623,0.2634106256582732,0.877969624815714,0.8734201655686465,0.874423935417374,0.53060494476222,0.8958970138781998,0.1578749632135844,0.9167220453726932,0.5726945543300128,0.4797042548679154,0.44764161813448866,0.578323961423929,0.730466737404047,0.6549205915027216,0.0,0.6042125447429799,0.5214557958063055,0.3944529614866851,0.4378527822282039,0.5202315717805909,0.581577566086231,0.589762466256182,0.8721157816927203,0.8319895563927814,0.16778625098354305,0.9604249351138056,0.4747976735231675,0.536624672361545,0.5290487631364456,0.3607027676927951,0.5072394104218272,0.7935816901645691,0.5117100511414924,0.9385272388614339,0.45940160117944023,0.48527545100329855,0.8587865177648163,0.8454095213654799,0.5957323879626277,0.9417495886723432,0.86510204517194,0.9267421442162105,0.4400642234886142,0.8389151494016224,0.9178411230598437,0.8901397236452867,0.9033731802430419,0.6344506347420751,0.8316082406920676,0.48328340975170225,0.8971771612996541,0.8703146757945702,0.5357845099318754
0.888308389642422,0.8094804501460043,0.8494323517964625,0.7717549505216859,0.4479351784173746,0.8727056158437368,0.25518253197496954,0.4708958575168834,0.329567443071588,0.47838945579050085,0.5128902048078462,0.8918371509805567,0.3956856680094458,0.5354146792361967,0.7478243146271385,0.848309597992763,0.8125210121206669,0.8960492555413212,0.8764510774869246,0.7916344834542304,0.3537878556211295,0.8170327491737698,0.887839148385918,0.85530723759833,0.8866677573066019,0.8437320076968268,0.8121846287301568,0.43413242477044023,0.8614169365593748,0.13450617400394127,0.892781903837817,0.27604457909267877,0.5314298059948424,0.2618042661668123,0.4473538017223931,0.5753707597042889,0.6242187841500065,0.6042125447429799,0.0,0.5071088950690235,0.47429957368708753,0.5316637260904483,0.5046295831652121,0.5527007922069347,0.9153689078556941,0.8989970280073256,0.8359801404666671,0.18004282782004744,0.7177782456505027,0.3688866896130679,0.5162425968401869,0.34405939602711266,0.26903432795839044,0.3908416007735174,0.5783626329813462,0.8721976928412309,0.857344218318048,0.38726494507406106,0.49489368590704774,0.750945078762999,0.8910591861894513,0.3889456528941924,0.5244151793957482,0.8357848477769179,0.7657731672362169,0.29689692098804976,0.8466527394554023,0.8784859736390856,0.8475670338485377,0.8966800215483094,0.8806920690486867,0.8273955477259012,0.9061030648696856,0.8951841590014056,0.8774419131349521,0.4550820570628005
0.8657053663547458,0.8744187055135043,0.18631560434605104,0.8239661228461574,0.43272431752760987,0.33752486334450393,0.11386263983572287,0.5274596683376473,0.27178232996281065,0.4820581307646431,0.5809252937480635,0.39892761144931865,0.3686175606575015,0.6323456279336606,0.8160039134268605,0.8415149726416292,0.3900751119140675,0.9160975491673545,0.35905237345308005,0.8840512470977632,0.29797919808808077,0.8742746942688533,0.4906600265599118,0.14601708528913493,0.27467013912102783,0.2872981432825489,0.8884754182798136,0.49023706765783437,0.45499197288621623,0.16926140516608001,0.28118066685920134,0.4465440521052295,0.36233520304159317,0.28921735053706216,0.4673781114516235,0.6319924313535298,0.6284327623101214,0.5214557958063055,0.5071088950690235,0.0,0.4840941438085224,0.47778506541081545,0.4711145937740062,0.5038267275467475,0.6618306718210616,0.889040920411856,0.8599078173966719,0.16860305346769588,0.8490515677956545,0.3349714017250962,0.4897999910084366,0.31965793715476193,0.28449943243969156,0.35887663152368227,0.48972128910418,0.45235506067417247,0.4763273720391175,0.3636130959553576,0.38430382687735354,0.8169924963920436,0.410799322692616,0.3468375926185303,0.6414003350648777,0.22915278454261495,0.8506488966851377,0.3008621817962124,0.32317333602952114,0.3406651355500355,0.20528677187868863,0.3651454568647269,0.47788948724069946,0.25155871430482696,0.3778019994055206,0.8819293403534806,0.808167774921684,0.4810977856048157
0.9527065448643329,0.8566783251633886,0.18919110881154172,0.9877165183276352,0.5955388983845855,0.8952804534440257,0.13426665978768904,0.5189180157306358,0.42250824564141914,0.623488875383398,0.6553200008986151,0.5791875156546034,0.6438143766918025,0.7670127113860125,0.8610748357595287,0.850020210374096,0.9071278789816519,0.8964120729245759,0.9147983020647831,0.9122740363073056,0.4377293142385709,0.8954709162532029,0.9645295397167015,0.28495210093891776,0.8941472081582669,0.4072906001571476,0.9491500226705373,0.5356179884146345,0.8946959163931121,0.202187048103816,0.345554925348195,0.4774182932389996,0.42913890579285907,0.4309927740185754,0.5458265837278999,0.7717891903362861,0.596564758379916,0.3944529614866851,0.47429957368708753,0.4840941438085224,0.0,0.3313547872390927,0.44968141333371636,0.5694982116716922,0.7280811175102359,0.9763769359769531,0.896096688233927,0.16541413426680585,0.7693400772091628,0.42485948272073326,0.48561655287955624,0.4404949717077447,0.39083876448664784,0.3889428979227927,0.6569849997574301,0.4324216144406668,0.7195429445024106,0.37618148490110515,0.3953211032496947,0.8805384364746094,0.894573974265384,0.9425106598133036,0.9440853662786528,0.8798103731518258,0.9148523728541134,0.4644375556568484,0.9026194846350956,0.9223053063745609,0.42247983839456993,0.38127215779635304,0.6691574481650462,0.9386886963759982,0.41604551149945346,0.8939281189584296,0.20717029252726366,0.4616296023475323
0.9117473036653203,0.8388123046970482,0.13321350645160995,0.7615863301350276,0.5119643461266847,0.8927392657051108,0.21005769875448282,0.5266200161763553,0.3339867800280876,0.4957719915971002,0.5907653801566826,0.42316843745514465,0.5131196793783689,0.5800928829518012,0.8152051258402819,0.8784552897965612,0.8475511141747764,0.8807335554112778,0.8982670740994916,0.8538328518069549,0.38913046204048557,0.8405554677533473,0.5032458379387265,0.8658363938184331,0.23563810588178802,0.30660825292342536,0.8488090476423337,0.9208800418170963,0.8888238246751098,0.19750562366092994,0.9021173712634837,0.4290166961601055,0.3815680913172367,0.32073334060761227,0.3889024399067471,0.5607061923971557,0.5568566110448614,0.4378527822282039,0.5316637260904483,0.47778506541081545,0.3313547872390927,0.0,0.390835246891987,0.46775333759953713,0.6266424354474639,0.9074679312484434,0.8403266977372695,0.17283877524888236,0.5989570453772258,0.28609472454360074,0.49065114308344576,0.30124282481266473,0.2813789570332703,0.35697483635803035,0.46197276552277133,0.3842983102101154,0.8934385617326398,0.3314041631942324,0.4164170377834644,0.8125433318078737,0.8742344474454323,0.38399227021939775,0.9040316202541487,0.8513821732933177,0.8321643399553088,0.3845338694453765,0.8817605867184917,0.9171464683950153,0.3228231748772422,0.3263445208574792,0.44984374981211495,0.1996527422509934,0.3292330846216827,0.8789588265352078,0.8411314170860736,0.35563954052983127
0.921314809386949,0.8809178184537512,0.8681959413356573,0.9306846833363669,0.4944606357432809,0.8734242676559177,0.22724484672863632,0.9092694139604398,0.35764579591901213,0.4825351809849864,0.5444467982990178,0.9022781518027927,0.3306500001751775,0.4865406340441259,0.7854232078785586,0.9217671226896734,0.8780968680799345,0.9061192399270136,0.8999304864288741,0.8663720873269194,0.3066488754229094,0.9133737655196136,0.9316802438689096,0.1760760077155925,0.864728407858536,0.8996842101267,0.9006083053963994,0.5720476468143588,0.9236524495335467,0.8964767609402318,0.919795945698577,0.46085306512262036,0.5032772966453279,0.3714766247925515,0.5338982383854465,0.587585832198351,0.6636874281329,0.5202315717805909,0.5046295831652121,0.4711145937740062,0.44968141333371636,0.390835246891987,0.0,0.5442657755548904,0.5804902519119017,0.8431371010658797,0.8944439010547177,0.17933429928102196,0.7559592711066384,0.25023162063334103,0.4133000243487345,0.3969664881510716,0.28093502428008194,0.2683410957770671,0.5922856878513888,0.38812774837609376,0.9150032957051236,0.3179028610214678,0.4285368580546033,0.8342763895083743,0.9032118867149745,0.46498245799990884,0.6451673254443495,0.8782745351077298,0.8533993629914454,0.2506433960651973,0.8851997676955172,0.8718083960526319,0.860764163300716,0.2699586820418729,0.9445132923573882,0.8293229864375551,0.39331916780514586,0.8907774276425032,0.9073549237156846,0.454668845159013
0.8450762730920877,0.8553481036539454,0.8313182994029903,0.8446078833652954,0.5409570256015278,0.4197686154949988,0.3906361753018224,0.5485312431512331,0.3728418115122891,0.6930614212213722,0.6017317104832347,0.4813474759659163,0.5268836562543792,0.629218295546593,0.8502216485637022,0.8628148623572952,0.43491701798033466,0.9056224686477572,0.8904302252263875,0.8638083623803627,0.34378690671814,0.9086343083346156,0.6505703721797691,0.1039283922455358,0.3292650744502119,0.32470197762411235,0.8963589485364828,0.5750511712849529,0.9271267369550724,0.8468617577766495,0.3830471325643151,0.45086610295599866,0.5784448987520254,0.39511534546847205,0.5502109686691702,0.6514313313970995,0.7059697622577732,0.581577566086231,0.5527007922069347,0.5038267275467475,0.5694982116716922,0.46775333759953713,0.5442657755548904,0.0,0.7387562672638538,0.9032136245339378,0.8823332899957717,0.1599668425352242,0.9284858946806769,0.39856942167710624,0.4449568732327155,0.5199215963780806,0.23709065365315984,0.46061833944785424,0.6189543173814442,0.4597807887782184,0.689875214520493,0.433553152437348,0.5076468936904526,0.8642969079641842,0.9086340580594864,0.44054749526029935,0.6703964401982971,0.20226694561441194,0.8155461601099715,0.40742580493005126,0.8896116181781912,0.6365649444022771,0.8825401716828157,0.46567357766385387,0.5573376971160611,0.8691684006498711,0.4145364529711474,0.9288065006214589,0.8691489657867941,0.48997231398544494
0.9176196163302335,0.8608413728799494,0.8816967445575092,0.993557440434162,0.7098090078861624,0.8780299839534943,0.3661558951502262,0.9372222527323368,0.922828862612856,0.9473652379225199,0.9459145425484681,0.9067016267266022,0.7040022546918842,0.7729495446295149,0.8699347773534263,0.8788184072372539,0.8805010600875449,0.8973980774742393,0.9110909025583415,0.8698659230652672,0.35352030824108377,0.8986535484272787,0.934531710490237,0.8713418040592167,0.8919022069258802,0.8834856442583618,0.9354510900766767,0.9325000255228489,0.8825351700833853,0.15988835450838534,0.9055814194103496,0.7057165852788326,0.6512232515170013,0.5386426636835979,0.884585308618062,0.9166717859818827,0.7417716173443953,0.589762466256182,0.9153689078556941,0.6618306718210616,0.7280811175102359,0.6266424354474639,0.5804902519119017,0.7387562672638538,0.0,0.9509486504760969,0.20099534310059464,0.1833239045326599,0.8856322273789757,0.535314838877119,0.9369037432522382,0.5935185852613922,0.5524174881321945,0.918941749888762,0.9615019507867809,0.9102065594852063,0.959517335002162,0.47000363495488756,0.4469955402531071,0.9150833089086868,0.9170034717880222,0.9212722644697476,0.9155057639119311,0.8833599951938861,0.9113004795680938,0.4656809695718085,0.8782117953092266,0.9493251640126668,0.8732516287184034,0.8810796892971153,0.9493689817944191,0.8882655706834396,0.9247651758539844,0.9059069114741704,0.8888767374140184,0.9297071926609676
0.8931136855855092,0.8204463357939538,0.8741233207016715,0.9540261695921801,0.8689051590389912,0.7680226430723072,0.8400576744935716,0.8451346142080778,0.8470709181067329,0.8389705654677453,0.878531279002508,0.88055316831476,0.8733819499086279,0.8534858273136916,0.792292466927802,0.8001564283802788,0.8440802313546499,0.8671417613694257,0.8273386990089728,0.0,0.8597989869142721,0.780386391098686,0.7908208161922621,0.884492965303984,0.8333739982727585,0.847884639209506,0.7459064042656769,0.8840417312365131,0.8005411410679528,0.0,0.8714589803923403,0.8570943973780472,0.9109645003455774,0.9522747739452991,0.9122471966163457,0.9084846669005227,0.922089638512205,0.8721157816927203,0.8989970280073256,0.889040920411856,0.9763769359769531,0.9074679312484434,0.8431371010658797,0.9032136245339378,0.9509486504760969,0.0,0.17689986150932274,0.1776671947042734,0.9391759848045069,0.877914805589744,0.8678720621352173,0.8993008963864461,0.9071444052154005,0.8841601961362965,0.924847808773877,0.8641193849002371,0.921922553517514,0.8480546360914109,0.8664795127990139,0.849747321590263,0.8036365826388727,0.8742689201333541,0.8927420959100231,0.17503479996734633,0.0,0.8821718033742039,0.7773671250284777,0.8555009940375331,0.88270183209147,0.814253890789369,0.8932452754499791,0.7973935027259504,0.8518006175905478,0.8657748573918247,0.0,0.9264753706106231
0.8001107639168705,0.16555764836706005,0.19790940591072193,0.8762002360500941,0.8868488841890566,0.18029043379075338,0.8707497524880209,0.8313349869253607,0.1982936154539101,0.8007342834323767,0.8653086602543125,0.18638780452760217,0.8536691079638162,0.8679284610573521,0.14447113061113376,0.13272382426649965,0.13982373523516856,0.8070269039784027,0.17181002346221497,0.12608658838611686,0.8186576980203748,0.15782210241473438,0.1563484386689744,0.17601385153194227,0.12635994913969872,0.15983832778987683,0.15782824098572412,0.14638306325111916,0.1463405470792669,0.1677930026440685,0.12745662077981745,0.8696916487747994,0.8804523812273055,0.18426304367982294,0.8407726197908444,0.8844955909764763,0.8894752607208203,0.8319895563927814,0.8359801404666671,0.8599078173966719,0.896096688233927,0.8403266977372695,0.8944439010547177,0.8823332899957717,0.20099534310059464,0.17689986150932274,0.0,0.19609324646386778,0.8895051154043275,0.8466721986007415,0.8480137292017242,0.8314683082339187,0.18247654121880896,0.8480317432071569,0.8811381765156188,0.7910023951351554,0.17532363208308882,0.17817467988938884,0.8938693379130154,0.15259067494385437,0.1750539270953837,0.8396713029396116,0.8380275182206233,0.18400269571343786,0.0,0.15841057749600718,0.14921397326477748,0.17555227622639902,0.1613761172211502,0.19873761664175404,0.14519099400097346,0.13464007398060635,0.17832653894075634,0.2114182937786252,0.21469855701733254,0.18705401172520142
0.16219466902168278,0.16131008127710222,0.20480651385429538,0.8570051533671291,0.14488879622725592,0.14723973384112388,0.18081025299236897,0.21844820608615845,0.18703631393815068,0.18006009381865828,0.1606651725843845,0.15326404816251316,0.1821939257544014,0.19008298543639524,0.14862213108898953,0.1757718612523731,0.16196099638184958,0.11937427098178566,0.18495167756992315,0.13986917146087818,0.12220133574446301,0.17135846462721827,0.17977377913357306,0.1963143407923743,0.16703193474899514,0.20575961356306782,0.16548758884236314,0.1881597857382269,0.16898295062476243,0.1669991998202074,0.1491994119563187,0.19065764063263568,0.16761357386021247,0.15858173981217327,0.16856353549847747,0.1827309799266048,0.1651853581181918,0.16778625098354305,0.18004282782004744,0.16860305346769588,0.16541413426680585,0.17283877524888236,0.17933429928102196,0.1599668425352242,0.1833239045326599,0.1776671947042734,0.19609324646386778,0.0,0.1767256027726406,0.17788545394351218,0.19788199307173127,0.1792329588569569,0.1739987820622283,0.18538444962774658,0.2025805605405634,0.1931219146979436,0.17424719339732608,0.177386930834736,0.12764199895603667,0.17165976616715567,0.1618118487096597,0.16921302894753354,0.19407154659891668,0.19232104966022867,0.16153534210018827,0.14918924826590607,0.16496666486609202,0.2028872665529008,0.18166157604443156,0.21870267578814384,0.18885313721614672,0.14790194822966785,0.2011702075170838,0.19469423396939167,0.15526379988156652,0.2000445592909157
0.9428726977899843,0.8501140642464747,0.9014910149905623,0.9556124065253083,0.676310539940823,0.9335969748834803,0.4705570060163767,0.6607982084055577,0.9285208250361884,0.9569023218965111,0.9551988686624315,0.908568071595403,0.707769605925791,0.9577516188181113,0.836033299958129,0.9220300862306233,0.87363362885684,0.919550985767981,0.9085322294790747,0.8978987446456658,0.6289952999073187,0.9033036675877073,0.9614738174939028,0.8824564740261569,0.8897853679141661,0.9305234980670535,0.9024567140822086,0.967685176567009,0.8773782197046966,0.8908660238396958,0.9361824489955574,0.63343702280605,0.7206650122027825,0.615236011368428,0.7425805177450338,0.8123943036298422,0.8688849990294989,0.9604249351138056,0.7177782456505027,0.8490515677956545,0.7693400772091628,0.5989570453772258,0.7559592711066384,0.9284858946806769,0.8856322273789757,0.9391759848045069,0.8895051154043275,0.1767256027726406,0.0,0.5169133395391031,0.9562323252385524,0.5514366043252386,0.493000736721375,0.9338114152812995,0.9152571056815424,0.9176492839240564,0.9370296156439476,0.5173035391333002,0.7006213082296209,0.8262180069522995,0.8956851723206303,0.47747173835039314,0.950635100945789,0.8752060310961846,0.8608384304730947,0.5901152902891795,0.9036692768454709,0.9437332736620603,0.9005591261364881,0.899472556658974,0.9543636602832872,0.9052760582860113,0.9073941655385245,0.9074937731733851,0.8879674968855382,0.9211339687970757
0.8837157447236756,0.7815900432301259,0.8547616064185127,0.737681805995388,0.33941848959108856,0.8939040654676231,0.15680356849137556,0.4893416296000722,0.20671703653089482,0.34144756337725746,0.4325333195186606,0.9144774729704961,0.3511184949723648,0.5782843949898833,0.7661528506732743,0.7883424134567099,0.8470946608892231,0.8313745785536635,0.8809422466065618,0.7843874678588671,0.38951175690600887,0.8131999180372046,0.9008487512095339,0.860333151202453,0.8540612324643719,0.8560967678158777,0.8880542312995031,0.33084380244249356,0.8637273888327611,0.18287329806447905,0.16460333440892688,0.27309835088487017,0.25779149968657966,0.24900407068386715,0.4207315197092877,0.5035002067856277,0.5011241770041243,0.4747976735231675,0.3688866896130679,0.3349714017250962,0.42485948272073326,0.28609472454360074,0.25023162063334103,0.39856942167710624,0.535314838877119,0.877914805589744,0.8466721986007415,0.17788545394351218,0.5169133395391031,0.0,0.3558893829551345,0.2871776862248974,0.25254261080932777,0.23012564914705558,0.45006436227362356,0.31450969031783227,0.8880480387807574,0.20033029343802145,0.41889794959178916,0.7860613043408727,0.8610418633084516,0.31232302900827424,0.8949173891413514,0.8440952876280099,0.7755427785632867,0.3223973075761233,0.7995948558325688,0.8513217511400988,0.8817343782741656,0.8486768364655554,0.9075144875261054,0.19523205855364667,0.8826876931247478,0.7873755407080181,0.8285635662654259,0.3601623852465473
0.9000418275843685,0.8190137695608597,0.8653788472496906,0.9437192709946465,0.44275643547590215,0.8742899186646985,0.10241563570184864,0.9116262516027259,0.31598772872644065,0.8841750224209904,0.9351453539453487,0.8415311210118862,0.9193520770969658,0.9069386298605883,0.7394685644448199,0.8843445709140226,0.8717094367502743,0.7799127213821725,0.8980599215431765,0.772869689713781,0.8941640077467973,0.8413472730699356,0.879103267625981,0.8430957012871652,0.8586094022913524,0.8753643959613507,0.8023773337759801,0.9398599868843686,0.8583203249655738,0.19300867603931404,0.8696849588304519,0.8953430038490878,0.3286432757871636,0.31780169887639087,0.5448014587348836,0.5095757143545342,0.6182724253980223,0.536624672361545,0.5162425968401869,0.4897999910084366,0.48561655287955624,0.49065114308344576,0.4133000243487345,0.4449568732327155,0.9369037432522382,0.8678720621352173,0.8480137292017242,0.19788199307173127,0.9562323252385524,0.3558893829551345,0.0,0.37061174912604167,0.8319893047426612,0.3017118202129702,0.9551494192492613,0.8686896368656701,0.8391977941014569,0.28421005072019556,0.340016652293602,0.8552073816193809,0.939350380246488,0.8837139533500921,0.9327570248732074,0.8126168301621295,0.7908031646715388,0.8741318649642622,0.7968283824321292,0.8662933166629858,0.8763795879988545,0.8888297517346435,0.8436513587017511,0.7692214286287854,0.907792439827824,0.8510589294619613,0.19044967996531448,0.9308409447397353
0.9196046291236982,0.7620635305264435,0.8841311069205989,0.886273549522512,0.30263566823087407,0.8980446457732242,0.12173321132224196,0.9158722777958568,0.32381168849652414,0.5366379679048395,0.5346767920757931,0.8890322647616341,0.427393232336418,0.5221404595256114,0.7553921171606809,0.8155113795987088,0.8798137806543042,0.8359907542641917,0.8976575366549933,0.7842710229656862,0.43967194842883117,0.8212066288854569,0.9286405653533751,0.17916093389997528,0.8347998296779631,0.8619290899213177,0.8460495480791442,0.48910993675636855,0.8394193317061582,0.1699785492083511,0.8929311475662335,0.27237000504082215,0.46447623755174283,0.25773389082380194,0.4404336469549945,0.6605693093946396,0.620184563356748,0.5290487631364456,0.34405939602711266,0.31965793715476193,0.4404949717077447,0.30124282481266473,0.3969664881510716,0.5199215963780806,0.5935185852613922,0.8993008963864461,0.8314683082339187,0.1792329588569569,0.5514366043252386,0.2871776862248974,0.37061174912604167,0.0,0.30600389242965476,0.35659841259059166,0.46712670945068835,0.34416550527983647,0.9197188607761844,0.2561697346451468,0.3459676516116901,0.8186840028212988,0.8707164041771042,0.3808595259916197,0.9214589075496945,0.8193313847414845,0.8377440278634465,0.34577574682892986,0.7831285712652732,0.8613962062822669,0.8985818142292838,0.8819270513299537,0.9265594923207544,0.8513626162661301,0.25406513647080675,0.8467845841361068,0.8304956245788359,0.4087155619723937
0.883797658494371,0.7295980479024676,0.8266695556708938,0.5816433560451357,0.22263771916451683,0.8252543358047012,0.0896883587156923,0.2873201454103529,0.24996138422548347,0.8553806905015876,0.8671960787867796,0.8506855339100727,0.25330375603687616,0.8784903074715682,0.7579201955100247,0.7861849784245022,0.843647057907766,0.8189682761936158,0.7287507552937851,0.7521333296576836,0.23608718155034472,0.7088254701975595,0.845399525754916,0.8294887212430293,0.797074129131987,0.790033782976427,0.722962680485184,0.27601462264253307,0.7593375095427706,0.16252394716208352,0.09645768471121907,0.16442865799826248,0.27984368032724116,0.34945640000049727,0.38175416047738553,0.4935082890173595,0.44466335545715896,0.3607027676927951,0.26903432795839044,0.28449943243969156,0.39083876448664784,0.2813789570332703,0.28093502428008194,0.23709065365315984,0.5524174881321945,0.9071444052154005,0.18247654121880896,0.1739987820622283,0.493000736721375,0.25254261080932777,0.8319893047426612,0.30600389242965476,0.0,0.17973929639430225,0.875701099041113,0.8282381067029801,0.8482063696108428,0.2292975446283827,0.17851065233839686,0.7880926015764779,0.8403344481655712,0.8525541545738821,0.8351111069618609,0.17450765346036134,0.7461136839704037,0.13678493231704236,0.7378189067153827,0.8485095140717488,0.30150042621145523,0.7933314050908972,0.8690938275890154,0.726101513394123,0.8721773360757655,0.7468482153122288,0.2126360754929697,0.8866622648531258
0.9012853803191171,0.8288734004810953,0.8655155807909803,0.7269645215372572,0.3450402343946928,0.8853347255033067,0.09193548405363516,0.9105956294877936,0.2191782397588199,0.8705879506876089,0.9237865411026025,0.8274960166214255,0.3955940645241442,0.4609444427675816,0.720704275603032,0.8371641391525348,0.8547231026113554,0.8426361350995301,0.9121258021035575,0.7999850959714827,0.8682192199697287,0.8121364873672746,0.9222291074919725,0.8708360394012498,0.817787297928993,0.8544804252328059,0.862661531261109,0.9250952774943401,0.8797442527872251,0.1775488524583554,0.8821628519275757,0.33276279956335675,0.35898173732564687,0.17238420256064124,0.43257543510384766,0.4838883863310119,0.5093047301599035,0.5072394104218272,0.3908416007735174,0.35887663152368227,0.3889428979227927,0.35697483635803035,0.2683410957770671,0.46061833944785424,0.918941749888762,0.8841601961362965,0.8480317432071569,0.18538444962774658,0.9338114152812995,0.23012564914705558,0.3017118202129702,0.35659841259059166,0.17973929639430225,0.0,0.5306051707015093,0.3042008805264681,0.8675939311927501,0.24572991313004272,0.21042813339984345,0.7827681175493001,0.8326453807582843,0.32017827386099385,0.9031197830319756,0.8096640266317385,0.8380329183691652,0.8934078404819461,0.7883395894263049,0.8883306514171766,0.8728954249880438,0.9003614207139181,0.9106154072971445,0.8287618198657033,0.8837113450770642,0.8366218471130692,0.2106617216847726,0.9075209877468822
0.9482363627839014,0.8238779563004571,0.9008389421623856,0.9607897746263382,0.5350171912221844,0.9009677850840102,0.3346955470262998,0.5930911738166819,0.4554313619897007,0.9046611619444013,0.675215490978964,0.9020369749676707,0.5757612690283102,0.5356571090930519,0.7389130973728881,0.9166497783580053,0.9021176929675115,0.9035297525150016,0.9275350717238324,0.8269481263629855,0.896560711448525,0.8282875102750167,0.9075755863097525,0.9108198797949093,0.8860510768354939,0.8862865187916174,0.8178040330851766,0.9548387932861339,0.9021046280668665,0.8980773175289014,0.9312149545996463,0.4797623476087089,0.5510363275870853,0.5616088305249131,0.65164632752865,0.6212372203395584,0.6889580037664949,0.7935816901645691,0.5783626329813462,0.48972128910418,0.6569849997574301,0.46197276552277133,0.5922856878513888,0.6189543173814442,0.9615019507867809,0.924847808773877,0.8811381765156188,0.2025805605405634,0.9152571056815424,0.45006436227362356,0.9551494192492613,0.46712670945068835,0.875701099041113,0.5306051707015093,0.0,0.4385454958941581,0.9401208829925993,0.47358327529095506,0.4946245906704231,0.8418672033672165,0.8788830526404864,0.48219922609268373,0.9180803288680438,0.8134087949636506,0.8046880075723298,0.912263013298053,0.8155068035986108,0.8937974354106879,0.9202659691933348,0.9184063472484079,0.8924991212299018,0.7935145662080659,0.9278324604213892,0.8633166044671722,0.8542452280567077,0.9290876965994601
0.9038033486399553,0.7948582716496979,0.8409052871433841,0.7733346660858543,0.3887839347188638,0.8573634875590268,0.20019352113002253,0.9142539116993132,0.8993084604833267,0.904035925139872,0.5140132481126978,0.8315163420963975,0.3580893767522982,0.4003546234754385,0.764687498134386,0.8169653994250944,0.8293247433455966,0.8409538966993559,0.8371006225885244,0.7872804895635086,0.8839764796107064,0.7896179813273045,0.9004438622417303,0.8529647305290422,0.8409793961430051,0.8228243113418728,0.7925639657626398,0.9398141241317644,0.8348453566238943,0.17535063232642867,0.9008737883170409,0.3098509621130226,0.3534564396868567,0.21509098243542046,0.4581310867417589,0.4536412624214876,0.46808467789845254,0.5117100511414924,0.8721976928412309,0.45235506067417247,0.4324216144406668,0.3842983102101154,0.38812774837609376,0.4597807887782184,0.9102065594852063,0.8641193849002371,0.7910023951351554,0.1931219146979436,0.9176492839240564,0.31450969031783227,0.8686896368656701,0.34416550527983647,0.8282381067029801,0.3042008805264681,0.4385454958941581,0.0,0.8529638005797597,0.8971596710067483,0.28790672298547854,0.8297934592652303,0.896466524565218,0.8878116184826911,0.8630148221763932,0.19385537560383004,0.7572715316575181,0.2690612862540629,0.7474090979176817,0.8430657686270888,0.8611309298860348,0.8879705244229105,0.8454564163853436,0.19670266857089325,0.8680887708550803,0.7985444072220664,0.1789216634918942,0.872402905040157
0.9134036508593291,0.7888314059854042,0.8669231918172399,0.9655818152425342,0.9133575035578273,0.8657106658068022,0.9301225094712849,0.8985414020512763,0.843935040355211,0.8868110623969807,0.9002677742828,0.878915892114522,0.9323192711581164,0.9362206701726323,0.7906187777710656,0.8137330472448634,0.8360435323396121,0.8409293798051967,0.8217732106879839,0.7737554456099616,0.8985295212435309,0.7583167641245013,0.8248767753496955,0.868098432745532,0.7818531041978597,0.8146361551184806,0.7969820891971205,0.9261121757164781,0.8670507953543125,0.13130372050056027,0.8961847230218123,0.9374230994163266,0.9200314924116849,0.9119819692706332,0.9281311807532249,0.9795881960027634,0.9407779869529826,0.9385272388614339,0.857344218318048,0.4763273720391175,0.7195429445024106,0.8934385617326398,0.9150032957051236,0.689875214520493,0.959517335002162,0.921922553517514,0.17532363208308882,0.17424719339732608,0.9370296156439476,0.8880480387807574,0.8391977941014569,0.9197188607761844,0.8482063696108428,0.8675939311927501,0.9401208829925993,0.8529638005797597,0.0,0.8748301891908986,0.8943962934030226,0.788786728309875,0.854909877619756,0.9082642742812547,0.885971755089134,0.7610855259350053,0.8225126623433576,0.3869718155419997,0.814154447089285,0.8468892632105682,0.8217127839205868,0.8106432014638809,0.8623181815310594,0.8481184402491752,0.8594440804979501,0.829773711856194,0.2100373656598049,0.932450453797558
0.8874241632051141,0.8249556555509295,0.8801566968817138,0.7691270616590384,0.270495654640033,0.9048805536410773,0.09196611231151003,0.8914347624351281,0.2732209160769862,0.8745514942934369,0.44602843945041626,0.8530947212159871,0.3867877298310448,0.4105774408431571,0.7914916455261838,0.861134169805333,0.8606886448118417,0.8388957868499307,0.8831716385914812,0.7693798462280521,0.31124027142126953,0.8417451220842652,0.8770602410965047,0.18186474961022425,0.8569689863532247,0.8977519950099428,0.8025226480052787,0.9292872612713143,0.9019429187389708,0.1740349092414789,0.8810286876328605,0.25046567436220996,0.3110354293541623,0.15945729943007686,0.41878538196410264,0.5150594209631156,0.5608440543956763,0.45940160117944023,0.38726494507406106,0.3636130959553576,0.37618148490110515,0.3314041631942324,0.3179028610214678,0.433553152437348,0.47000363495488756,0.8480546360914109,0.17817467988938884,0.177386930834736,0.5173035391333002,0.20033029343802145,0.28421005072019556,0.2561697346451468,0.2292975446283827,0.24572991313004272,0.47358327529095506,0.8971596710067483,0.8748301891908986,0.0,0.34133268637567976,0.7741278221694461,0.9023039348265616,0.33995877109045347,0.9139029654595605,0.8055889720200167,0.7581772200594481,0.8956460466810399,0.8304830498601348,0.8946542595195461,0.8710977707590082,0.8740385131124953,0.8920424233300551,0.17401924484526676,0.9005233336716001,0.8911457015651588,0.18578076554953954,0.9041035940595735
0.9213874007197993,0.8421789862507449,0.8788638914853613,0.8637131927684556,0.4941739028216691,0.9115237064304061,0.2758203210048483,0.4951106793107822,0.2563329851486112,0.42500277072621584,0.4919861795415114,0.890712552163963,0.41812278970835665,0.48642253561159654,0.778103660930143,0.8546763692620036,0.8794513865787642,0.8745187219515793,0.8762015579634428,0.8424086655950669,0.3436735376814249,0.8666137929992983,0.9290927752304808,0.19432571456196024,0.8789254667322857,0.893768861519016,0.9210735043818312,0.9507777693163245,0.9189893437339186,0.15934318038430417,0.9029148009646646,0.3624325408396067,0.3839466090800383,0.28240029588717275,0.4489047601463611,0.5240450599482152,0.5743923242696416,0.48527545100329855,0.49489368590704774,0.38430382687735354,0.3953211032496947,0.4164170377834644,0.4285368580546033,0.5076468936904526,0.4469955402531071,0.8664795127990139,0.8938693379130154,0.12764199895603667,0.7006213082296209,0.41889794959178916,0.340016652293602,0.3459676516116901,0.17851065233839686,0.21042813339984345,0.4946245906704231,0.28790672298547854,0.8943962934030226,0.34133268637567976,0.0,0.827387645415973,0.8882924914905971,0.20224081948490197,0.5161775259198859,0.8818229552108945,0.8090994376016214,0.3118881466029003,0.8558180689888459,0.8768453883362978,0.8549280039981013,0.8831443517725728,0.9287878701728565,0.17673633635827324,0.9246328698209744,0.8789093861567842,0.8715022950070093,0.3630349552751967
0.9143661078856036,0.747305450495153,0.8527799742487382,0.8233981347694466,0.8278521352566999,0.8280049612383796,0.8185806210436828,0.8150540017034498,0.8037309223506371,0.8384983356700524,0.7968256712483013,0.8156832828507067,0.7856319112886825,0.8585197577283803,0.7767471022950256,0.8482843245589308,0.8203821589897717,0.8056334958995057,0.765675663447391,0.0,0.8058667085436408,0.8254521628919529,0.8144501338704218,0.8040640672133549,0.820511707333719,0.7790610170183474,0.7781062973229684,0.8331934760977048,0.8252593412702076,0.0,0.8135795878745766,0.8012504729258246,0.8478740971936157,0.8502677069365401,0.8524008944314927,0.8469186022008772,0.8397207539942879,0.8587865177648163,0.750945078762999,0.8169924963920436,0.8805384364746094,0.8125433318078737,0.8342763895083743,0.8642969079641842,0.9150833089086868,0.849747321590263,0.15259067494385437,0.17165976616715567,0.8262180069522995,0.7860613043408727,0.8552073816193809,0.8186840028212988,0.7880926015764779,0.7827681175493001,0.8418672033672165,0.8297934592652303,0.788786728309875,0.7741278221694461,0.827387645415973,0.0,0.8514099406287028,0.8735246236880299,0.8569259521794254,0.15172462015967486,0.7992014976828973,0.8053312884420012,0.8053545748722284,0.8680919893821907,0.821981095491479,0.8253956858671436,0.7807752190505384,0.8513002399394121,0.8139444209183545,0.8200663935524808,0.0,0.8841167012138099
0.8314194556291683,0.14282193063215065,0.16371862804266646,0.9400938714808917,0.9064395820071517,0.8946969766887247,0.8782554749639351,0.9018601301452568,0.8678990039577228,0.9378073626442147,0.86341982507527,0.8957241298508778,0.8878299201993436,0.8960407631772305,0.7827835510871717,0.8715358749648244,0.9141725038516256,0.8411897130491041,0.1532294160803671,0.1421011485852307,0.8499883532678573,0.17442762501439946,0.8289445158303548,0.19114167620968536,0.1678628093246166,0.8270170165519904,0.18243730288700938,0.9172419211103078,0.8141505756033184,0.13387078954927817,0.10194917214286203,0.8676637058003939,0.8621770634754317,0.8770645435737718,0.860569490760917,0.8880665530878528,0.9206677468338702,0.8454095213654799,0.8910591861894513,0.410799322692616,0.894573974265384,0.8742344474454323,0.9032118867149745,0.9086340580594864,0.9170034717880222,0.8036365826388727,0.1750539270953837,0.1618118487096597,0.8956851723206303,0.8610418633084516,0.939350380246488,0.8707164041771042,0.8403344481655712,0.8326453807582843,0.8788830526404864,0.896466524565218,0.854909877619756,0.9023039348265616,0.8882924914905971,0.8514099406287028,0.0,0.9131322539133684,0.9375167812445104,0.17443754441657333,0.1766065862777546,0.8853073414710526,0.1656778624391761,0.8729734687686925,0.1809653711082131,0.14257794330666074,0.8564170692188754,0.17981772874558732,0.8965820969929753,0.17125198342365344,0.24249275889625194,0.9375104580323863
0.8521743462878282,0.8110048653814805,0.9069512979688731,0.9627906959120064,0.39730530026965716,0.8749175521107879,0.15808150789048125,0.9110518851797705,0.902640671548572,0.9376331774078379,0.5139001122280517,0.890755919932208,0.4077252117021156,0.34793055904738757,0.8090614169156178,0.8345954085360505,0.8430691057684152,0.9028309467618539,0.8805547156016791,0.7864710424069676,0.8676613594704516,0.7898179774343372,0.8779655401801943,0.12891999757191464,0.8920608856384626,0.905173450668509,0.8233003873366878,0.9487477316220364,0.8461902910300914,0.209848552052612,0.901860319235954,0.8516920343188041,0.43727379180144144,0.874665709166962,0.8957289513106046,0.4692695252421534,0.5376038698780616,0.5957323879626277,0.3889456528941924,0.3468375926185303,0.9425106598133036,0.38399227021939775,0.46498245799990884,0.44054749526029935,0.9212722644697476,0.8742689201333541,0.8396713029396116,0.16921302894753354,0.47747173835039314,0.31232302900827424,0.8837139533500921,0.3808595259916197,0.8525541545738821,0.32017827386099385,0.48219922609268373,0.8878116184826911,0.9082642742812547,0.33995877109045347,0.20224081948490197,0.8735246236880299,0.9131322539133684,0.0,0.9238356982855082,0.8227251274026269,0.7843722918857929,0.8919481319804312,0.86688445198127,0.8627893013809818,0.9048443974397417,0.8928265094731918,0.9299454587852628,0.8147533256424844,0.8527219380158676,0.8849002630705345,0.2044639379914962,0.9314916841932981
0.9064193541864921,0.7813153733024483,0.900657615299267,0.985224385681307,0.5990669582541075,0.8462779264945843,0.37503977908064057,0.9474580659910058,0.8881104485894897,0.8605660693366202,0.9050550741103943,0.8710927482350526,0.5689388463689021,0.9024897647262927,0.7652591146598815,0.8807574479774652,0.9134313993057261,0.8377464818480863,0.9237262249596108,0.8588551966329525,0.9140946535278811,0.8244318450423913,0.8748114862845251,0.8514731584775185,0.803776046732289,0.8135609403573729,0.8105836023985165,0.9536917269703732,0.8567832314742325,0.14692449575986266,0.9092008095992657,0.4859357222820096,0.5602272097777637,0.8910817960325039,0.6917303148330045,0.8005430338115469,0.7462000818958536,0.9417495886723432,0.5244151793957482,0.6414003350648777,0.9440853662786528,0.9040316202541487,0.6451673254443495,0.6703964401982971,0.9155057639119311,0.8927420959100231,0.8380275182206233,0.19407154659891668,0.950635100945789,0.8949173891413514,0.9327570248732074,0.9214589075496945,0.8351111069618609,0.9031197830319756,0.9180803288680438,0.8630148221763932,0.885971755089134,0.9139029654595605,0.5161775259198859,0.8569259521794254,0.9375167812445104,0.9238356982855082,0.0,0.8695778580633664,0.8561384739976909,0.8751106751807901,0.8412602083583307,0.878711491482667,0.8427845196146616,0.866137686744743,0.8943854530687017,0.8430356355769254,0.910665822674648,0.870732945812797,0.8325196431688893,0.9421560203354774
0.8706644482407797,0.18270485198761055,0.1734785040475021,0.920791364280722,0.8971771445182728,0.16440701255990497,0.8529933734782966,0.8744136822865605,0.1753434266738665,0.8327265110010023,0.8479702124036289,0.1803692501155909,0.8690727710612972,0.8603151508239089,0.14237040116956562,0.14968217304439868,0.17912651340250885,0.7559561324245317,0.1661160708715378,0.1744475791288861,0.13351604882146595,0.1595222824876295,0.1923732328083838,0.18019323965707712,0.16196896707910335,0.17709961181736644,0.16870536387573926,0.1744283354198296,0.18196457915749886,0.17364326100708966,0.15331954717772178,0.8358992508033868,0.160041718747721,0.8611954910895935,0.8616310104938326,0.8627983596753436,0.8732866602947155,0.86510204517194,0.8357848477769179,0.22915278454261495,0.8798103731518258,0.8513821732933177,0.8782745351077298,0.20226694561441194,0.8833599951938861,0.17503479996734633,0.18400269571343786,0.19232104966022867,0.8752060310961846,0.8440952876280099,0.8126168301621295,0.8193313847414845,0.17450765346036134,0.8096640266317385,0.8134087949636506,0.19385537560383004,0.7610855259350053,0.8055889720200167,0.8818229552108945,0.15172462015967486,0.17443754441657333,0.8227251274026269,0.8695778580633664,0.0,0.0,0.18070308776512412,0.17859226803412842,0.1917013619689475,0.20393098818637123,0.19168347490034499,0.771102973861415,0.19012580108563215,0.1857397176087252,0.1560040610883866,0.18563574742573036,0.8568351394429277
0.0,0.18383988476882202,0.16768375677938263,0.8408914811408518,0.8512330325041825,0.7394543936935306,0.21913648463454138,0.7845346999418793,0.8247438911305851,0.7208399728339976,0.7874427999329737,0.0,0.8032656520465855,0.8616436440649804,0.0,0.17761114080696688,0.13816293102537197,0.8534649951111493,0.0,0.0,0.22956513583835791,0.17579613898512464,0.7604210100105783,0.18787439311766113,0.11872345121471978,0.15021555434235156,0.0,0.8287476536393346,0.0,0.0,0.13008424082777736,0.8367700081137017,0.8805162829633332,0.8128187673251586,0.8485637122177836,0.8897477380853392,0.8672535110825896,0.9267421442162105,0.7657731672362169,0.8506488966851377,0.9148523728541134,0.8321643399553088,0.8533993629914454,0.8155461601099715,0.9113004795680938,0.0,0.0,0.16153534210018827,0.8608384304730947,0.7755427785632867,0.7908031646715388,0.8377440278634465,0.7461136839704037,0.8380329183691652,0.8046880075723298,0.7572715316575181,0.8225126623433576,0.7581772200594481,0.8090994376016214,0.7992014976828973,0.1766065862777546,0.7843722918857929,0.8561384739976909,0.0,0.0,0.22429629465563294,0.0,0.7929168517658317,0.8510295555954832,0.17458100747722188,0.7847944326985966,0.0,0.18297064474241553,0.0,0.0,0.7890807413001406
0.8974952521299865,0.7532432808390555,0.19265666136455606,0.9438122107331701,0.260478370690541,0.8411446218479446,0.14743640682287712,0.4522621505364821,0.876973803124609,0.3757321276031629,0.4875732351253948,0.8952074955823094,0.3929501934042575,0.9053008958977555,0.7582629705949018,0.8255779016831493,0.8691414506865437,0.8055228645203736,0.8676002630434232,0.18629043571964016,0.44588637851459584,0.14598168004284306,0.8752795692594285,0.1886867634558736,0.78669819084636,0.8773251414840286,0.7912945963756004,0.3418446654406101,0.8136000407901294,0.18941743155424268,0.2030233118965859,0.2515513625804083,0.3745027755937787,0.11808942544816325,0.4624064669108578,0.4642519183583325,0.4635357419685455,0.4400642234886142,0.29689692098804976,0.3008621817962124,0.4644375556568484,0.3845338694453765,0.2506433960651973,0.40742580493005126,0.4656809695718085,0.8821718033742039,0.15841057749600718,0.14918924826590607,0.5901152902891795,0.3223973075761233,0.8741318649642622,0.34577574682892986,0.13678493231704236,0.8934078404819461,0.912263013298053,0.2690612862540629,0.3869718155419997,0.8956460466810399,0.3118881466029003,0.8053312884420012,0.8853073414710526,0.8919481319804312,0.8751106751807901,0.18070308776512412,0.22429629465563294,0.0,0.7979659056706502,0.8392267692285569,0.8481451043891124,0.859589375679754,0.8881947136648639,0.1785202958624112,0.9012837149918654,0.823247086457366,0.25022301532842073,0.926139953525951
0.8179679238102355,0.1738468925704575,0.20264626270122887,0.8691678591403011,0.8909957877586983,0.7919991470763214,0.17930568815917358,0.8316277409716242,0.8540259180585298,0.7969549665156161,0.8130802614853394,0.16989246616120168,0.8674159125694665,0.7956788498328801,0.12979271309609447,0.1309747565097898,0.16670731268198857,0.8096943600711454,0.15858539440554503,0.1510215499507298,0.7887615197696219,0.15320423705545405,0.7536759335734389,0.14907291862348915,0.1447116521461762,0.7274891962595017,0.16571718082907494,0.8854058554678225,0.1422127408011788,0.13699615117421288,0.14219275663769926,0.8253549241185147,0.8866948420997322,0.8403249971435176,0.8549118433166125,0.9003274695824269,0.8744736617703681,0.8389151494016224,0.8466527394554023,0.32317333602952114,0.9026194846350956,0.8817605867184917,0.8851997676955172,0.8896116181781912,0.8782117953092266,0.7773671250284777,0.14921397326477748,0.16496666486609202,0.9036692768454709,0.7995948558325688,0.7968283824321292,0.7831285712652732,0.7378189067153827,0.7883395894263049,0.8155068035986108,0.7474090979176817,0.814154447089285,0.8304830498601348,0.8558180689888459,0.8053545748722284,0.1656778624391761,0.86688445198127,0.8412602083583307,0.17859226803412842,0.0,0.7979659056706502,0.0,0.16629168244082881,0.19263114690481675,0.1754221444685366,0.75942838908086,0.18142891409975404,0.18917618965170752,0.2081205976831857,0.0,0.7927900415418522
0.8685404205506547,0.1602605509544992,0.8802624798961929,0.8960442342834306,0.9122031955337624,0.8158470231013303,0.8893428985447766,0.8818397860405114,0.8771506455526478,0.8426899033035695,0.843334844313379,0.8124092744416597,0.8951003574208836,0.8840283556344946,0.7127743360713261,0.8291705282975166,0.7715801924430007,0.8339134483842261,0.7865293810580702,0.7819773617629593,0.835884026855439,0.17687434819610642,0.7935525907925508,0.8626325523343572,0.7934379384189305,0.7570358691443747,0.7798153357487564,0.8420811727407101,0.7663783095202927,0.1321602770629836,0.7910442908160318,0.8616566159457173,0.45175362976402694,0.3651842778777633,0.9116182769012403,0.9238482629694356,0.9278161370922247,0.9178411230598437,0.8784859736390856,0.3406651355500355,0.9223053063745609,0.9171464683950153,0.8718083960526319,0.6365649444022771,0.9493251640126668,0.8555009940375331,0.17555227622639902,0.2028872665529008,0.9437332736620603,0.8513217511400988,0.8662933166629858,0.8613962062822669,0.8485095140717488,0.8883306514171766,0.8937974354106879,0.8430657686270888,0.8468892632105682,0.8946542595195461,0.8768453883362978,0.8680919893821907,0.8729734687686925,0.8627893013809818,0.878711491482667,0.1917013619689475,0.7929168517658317,0.8392267692285569,0.16629168244082881,0.0,0.8523289999810902,0.7674512733400551,0.8007571159044973,0.17195091608552954,0.7974629950553738,0.8144980519723584,0.0,0.9169794911734954
0.8932074490084749,0.16893399367083062,0.16423357380628423,0.9528471431086353,0.8965494112494921,0.8520691576122237,0.8586612803993089,0.8936501952435019,0.9039081957730428,0.8344231820839223,0.9112905649313016,0.9004069857851844,0.8594626617297708,0.8951873714985851,0.7980064696265871,0.810807059725514,0.8324114782810713,0.7953583288407061,0.8456629794599878,0.1558422992966555,0.8463496186315802,0.16579274097901986,0.8857842057141799,0.8564770779214969,0.1598184423273945,0.8286362863017719,0.16242372004963634,0.897522860207303,0.19135626488004143,0.13324906440495077,0.8463156943730346,0.8695532109137828,0.35714566710544,0.3913646342524596,0.520309026207363,0.9266424096211872,0.9042927282360124,0.8901397236452867,0.8475670338485377,0.20528677187868863,0.42247983839456993,0.3228231748772422,0.860764163300716,0.8825401716828157,0.8732516287184034,0.88270183209147,0.1613761172211502,0.18166157604443156,0.9005591261364881,0.8817343782741656,0.8763795879988545,0.8985818142292838,0.30150042621145523,0.8728954249880438,0.9202659691933348,0.8611309298860348,0.8217127839205868,0.8710977707590082,0.8549280039981013,0.821981095491479,0.1809653711082131,0.9048443974397417,0.8427845196146616,0.20393098818637123,0.8510295555954832,0.8481451043891124,0.19263114690481675,0.8523289999810902,0.0,0.8459939814633008,0.860300935066031,0.16746879105605328,0.16121287560717001,0.8113129394126573,0.17006295993785103,0.8885496662901855
0.7933799460065916,0.17930255661137584,0.19764185301083803,0.9574256757015348,0.892389262785937,0.8894300149886691,0.15550351743356572,0.9153658732253334,0.9039689816550819,0.8936313435592322,0.8882969634928413,0.8221073626366249,0.9002578147358251,0.884161375819953,0.7467766619203695,0.8032050502333279,0.8323762326708073,0.7712193993624124,0.8242391000394442,0.18568196573347784,0.8461337723125261,0.17622908610568194,0.8272585950866971,0.16951523504941535,0.8227338669044427,0.7814851995746092,0.7873981285873098,0.9024443154685998,0.7913888778595916,0.14668387161726693,0.8404574255556485,0.22336313251836862,0.3432982899410976,0.8926805470356312,0.40765242599251517,0.4157237414788919,0.4735527884725763,0.9033731802430419,0.8966800215483094,0.3651454568647269,0.38127215779635304,0.3263445208574792,0.2699586820418729,0.46567357766385387,0.8810796892971153,0.814253890789369,0.19873761664175404,0.21870267578814384,0.899472556658974,0.8486768364655554,0.8888297517346435,0.8819270513299537,0.7933314050908972,0.9003614207139181,0.9184063472484079,0.8879705244229105,0.8106432014638809,0.8740385131124953,0.8831443517725728,0.8253956858671436,0.14257794330666074,0.8928265094731918,0.866137686744743,0.19168347490034499,0.17458100747722188,0.859589375679754,0.1754221444685366,0.7674512733400551,0.8459939814633008,0.0,0.8038371968375657,0.1778492862796653,0.8296800937892389,0.8441456515967131,0.20114008246402543,0.8632388214246397
0.9227423438613815,0.7576905853610846,0.8355891371839126,0.971405197971862,0.4683872232502494,0.8796694417443114,0.9222984405435039,0.9171376772800943,0.9275166712976859,0.7846828340061294,0.9477204256013301,0.8184515095516446,0.9146121035068657,0.9052926402340128,0.7772883515680883,0.8202022921769572,0.8560782603756844,0.7669994126963967,0.8360372825659778,0.7753968616578049,0.9078576437909222,0.7327464776950778,0.8114797484384557,0.8448622739626768,0.7285050552083642,0.7603904291059754,0.7994628292193768,0.9286617269076926,0.7987302775649513,0.12419252735546543,0.8433621456329327,0.9186108753078238,0.5397023908537243,0.4336369291494492,0.9514699188710101,0.9619357496614594,0.9490237390363101,0.6344506347420751,0.8806920690486867,0.47788948724069946,0.6691574481650462,0.44984374981211495,0.9445132923573882,0.5573376971160611,0.9493689817944191,0.8932452754499791,0.14519099400097346,0.18885313721614672,0.9543636602832872,0.9075144875261054,0.8436513587017511,0.9265594923207544,0.8690938275890154,0.9106154072971445,0.8924991212299018,0.8454564163853436,0.8623181815310594,0.8920424233300551,0.9287878701728565,0.7807752190505384,0.8564170692188754,0.9299454587852628,0.8943854530687017,0.771102973861415,0.7847944326985966,0.8881947136648639,0.75942838908086,0.8007571159044973,0.860300935066031,0.8038371968375657,0.0,0.7781842369340295,0.8280798730315246,0.8324788988589764,0.20551862429444828,0.8961310307534321
0.8243245057783072,0.18156256283087618,0.19011343868635705,0.8881275003165469,0.8740304505672198,0.16046603806824333,0.15391666511275148,0.803017761950122,0.8338321740857123,0.7332066132524881,0.7821176525451218,0.18242224148250052,0.8150650017927936,0.7986507423553392,0.0,0.1254760528930236,0.18299781153212957,0.1844089616201648,0.1420807484662534,0.0,0.20591867793213653,0.16392317196412376,0.7296684353985661,0.1410670572482522,0.1346080917640834,0.1723402073985859,0.0,0.1729155956803684,0.15428918275742098,0.0,0.13857518306474892,0.7323974468171044,0.8944036393096321,0.8963948988119231,0.8897910597487517,0.8925931723662938,0.9141282197426458,0.8316082406920676,0.8273955477259012,0.25155871430482696,0.9386886963759982,0.1996527422509934,0.8293229864375551,0.8691684006498711,0.8882655706834396,0.7973935027259504,0.13464007398060635,0.14790194822966785,0.9052760582860113,0.19523205855364667,0.7692214286287854,0.8513626162661301,0.726101513394123,0.8287618198657033,0.7935145662080659,0.19670266857089325,0.8481184402491752,0.17401924484526676,0.17673633635827324,0.8513002399394121,0.17981772874558732,0.8147533256424844,0.8430356355769254,0.19012580108563215,0.0,0.1785202958624112,0.18142891409975404,0.17195091608552954,0.16746879105605328,0.1778492862796653,0.7781842369340295,0.0,0.18903293075354544,0.21050051751113835,0.0,0.8001897382756789
0.8540133617369303,0.1804905049434593,0.2135875794551847,0.7233732906546243,0.31108607249272274,0.8857759143374754,0.09069551007421162,0.918771376682276,0.9252207282406302,0.8878417606287813,0.3991081806000952,0.831194540474877,0.9211287335532234,0.41035605604215564,0.7251454030882413,0.8854312059816131,0.8460175172330975,0.8401681139558456,0.8727516347794015,0.1669945457632856,0.871497618108688,0.19002517773789984,0.8992100314800728,0.21293267130655014,0.8299030610390871,0.8128391208616248,0.7781462862057137,0.9291586733845637,0.8787128958589961,0.19531107525562497,0.8777854863422357,0.900781677519763,0.2940818030899478,0.1474927535801634,0.8996892116840141,0.41068846311810825,0.5330800679647906,0.48328340975170225,0.9061030648696856,0.3778019994055206,0.41604551149945346,0.3292330846216827,0.39331916780514586,0.4145364529711474,0.9247651758539844,0.8518006175905478,0.17832653894075634,0.2011702075170838,0.9073941655385245,0.8826876931247478,0.907792439827824,0.25406513647080675,0.8721773360757655,0.8837113450770642,0.9278324604213892,0.8680887708550803,0.8594440804979501,0.9005233336716001,0.9246328698209744,0.8139444209183545,0.8965820969929753,0.8527219380158676,0.910665822674648,0.1857397176087252,0.18297064474241553,0.9012837149918654,0.18917618965170752,0.7974629950553738,0.16121287560717001,0.8296800937892389,0.8280798730315246,0.18903293075354544,0.0,0.21441357908227998,0.2379094001507861,0.898146612355102
0.8375964819791686,0.156930758700367,0.24505475945171235,0.9033684081024971,0.8542468664848678,0.8234365278486209,0.9049538723866841,0.8673201885413268,0.8997383684977296,0.8490019032523712,0.8467534485139164,0.8986465238345611,0.8324536232109104,0.8545656562852688,0.14223195547664635,0.7864644022676472,0.15981450352761106,0.818104271840624,0.16262792715623808,0.16798557325906888,0.8120157482810109,0.17683746142555723,0.7830514441686638,0.20180000957343613,0.17274658279226995,0.7931879530805767,0.19882127870194105,0.9052003056859761,0.8198651667703807,0.1869877371513895,0.13693527237169179,0.8309582114341527,0.8925912052360859,0.8868518192024376,0.8848153604025826,0.8820290283309491,0.8821196913944627,0.8971771612996541,0.8951841590014056,0.8819293403534806,0.8939281189584296,0.8789588265352078,0.8907774276425032,0.9288065006214589,0.9059069114741704,0.8657748573918247,0.2114182937786252,0.19469423396939167,0.9074937731733851,0.7873755407080181,0.8510589294619613,0.8467845841361068,0.7468482153122288,0.8366218471130692,0.8633166044671722,0.7985444072220664,0.829773711856194,0.8911457015651588,0.8789093861567842,0.8200663935524808,0.17125198342365344,0.8849002630705345,0.870732945812797,0.1560040610883866,0.0,0.823247086457366,0.2081205976831857,0.8144980519723584,0.8113129394126573,0.8441456515967131,0.8324788988589764,0.21050051751113835,0.21441357908227998,0.0,0.0,0.882250105500743
0.23268060566575985,0.23726405218458335,0.19689288649271236,0.9401140091595419,0.8931200099554237,0.19598710306508615,0.22517155680714196,0.21767752690674064,0.21363026010886033,0.20972690595347943,0.21354452422100534,0.16206199462573517,0.24303717354177173,0.8166706170150465,0.0,0.1731174683744836,0.2433468526411296,0.18969740099189697,0.21354896548475183,0.0,0.22725641537316865,0.22413003044447644,0.15274392493885075,0.14954795624796163,0.21377212998420103,0.14399655949267165,0.0,0.2103655796320688,0.16240870511013772,0.22354791648804767,0.23186110340465288,0.18561870196353036,0.8462627121385752,0.20869969832667784,0.8947533968078879,0.8579367843962089,0.9435975950340194,0.8703146757945702,0.8774419131349521,0.808167774921684,0.20717029252726366,0.8411314170860736,0.9073549237156846,0.8691489657867941,0.8888767374140184,0.0,0.21469855701733254,0.15526379988156652,0.8879674968855382,0.8285635662654259,0.19044967996531448,0.8304956245788359,0.2126360754929697,0.2106617216847726,0.8542452280567077,0.1789216634918942,0.2100373656598049,0.18578076554953954,0.8715022950070093,0.0,0.24249275889625194,0.2044639379914962,0.8325196431688893,0.18563574742573036,0.0,0.25022301532842073,0.0,0.0,0.17006295993785103,0.20114008246402543,0.20551862429444828,0.0,0.2379094001507861,0.0,0.0,0.267056046122263
0.9274693422124036,0.8453850346872107,0.8665159361536411,0.8505435617062465,0.5250433250196843,0.9037678835396487,0.24164625759302888,0.9080693916534037,0.9257053967400518,0.9094106425171733,0.5306999868480572,0.8885586614263175,0.930578448387266,0.5733015186729779,0.7791998957946495,0.8362114176580605,0.8624396445831877,0.809875199145896,0.9004037171406891,0.8289487889718541,0.9217904039480727,0.8428415520435052,0.9462160793384088,0.8979645310782344,0.8880352007939674,0.8501779389535293,0.8044535275829732,0.9419243438282292,0.8291779279364396,0.1913062573506708,0.9068155397054256,0.4192724699066455,0.40500718574208594,0.3168003042896048,0.4885695096836804,0.5996035210342828,0.6507510012444662,0.5357845099318754,0.4550820570628005,0.4810977856048157,0.4616296023475323,0.35563954052983127,0.454668845159013,0.48997231398544494,0.9297071926609676,0.9264753706106231,0.18705401172520142,0.2000445592909157,0.9211339687970757,0.3601623852465473,0.9308409447397353,0.4087155619723937,0.8866622648531258,0.9075209877468822,0.9290876965994601,0.872402905040157,0.932450453797558,0.9041035940595735,0.3630349552751967,0.8841167012138099,0.9375104580323863,0.9314916841932981,0.9421560203354774,0.8568351394429277,0.7890807413001406,0.926139953525951,0.7927900415418522,0.9169794911734954,0.8885496662901855,0.8632388214246397,0.8961310307534321,0.8001897382756789,0.898146612355102,0.882250105500743,0.267056046122263,0.0
