0.0,0.35708036679142846,0.3631633849168278,0.0,0.3077842608565325,0.30140581654675586,0.37634298779218656,0.4053078042224587,0.42127850205994555,0.5435043734589701,0.5100799544468707,0.5683783310376771,0.4749664371003732,0.5318880100001774,0.29271144566754953,0.45421461374916816,0.46829201911403867,0.31535157214777154,0.0,0.46087759799819744,0.32787096855455394,0.3421268106797019,0.4920557458309744,0.522907787914738,0.048911625643030726,0.4966253222017978,0.46829601287904915,0.49056220659084737,0.5144101363077829,0.6019631259654178,0.4077526915759304,0.4466620993231143,0.43980446661600564,0.29572703276856765,0.242235208504815,0.5754823560208697,0.5247425098919793,0.5579951739709765,0.312827682329928,0.17645122935651314,0.2232205061593221,0.35941449248144325,0.3864028545195264,0.0,0.5818338131372957,0.47095541487771575,0.45860135118590833,0.0,0.0,0.0,0.4792478147077201,0.0,0.622526618203827,0.0,0.6159730729913542,0.0,0.6176802739698327,0.7189461818945664,0.0,0.6056279424482045,0.3963394345292108,0.28154497207280604,0.2525258683951567,0.0,0.5959104434760051,0.45730824562242334,0.4878780099994046,0.6677349124527824,0.4738766665345938,0.2805416417374402,0.23807666582849069,0.4720487071097288,0.49069669648988606,0.6318155229461814,0.0,0.6166610335333809
0.35708036679142846,0.0,0.2706117646177515,0.5894762584477106,0.3364843508546936,0.20547406422742304,0.3827915578835968,0.4501526724184591,0.18680387311432023,0.09652492793390957,0.3878652216421249,0.26044143998433905,0.40181886526263455,0.36097508845325577,0.340226983338495,0.3944109325739122,0.0,0.14091612020791544,0.6351561490200545,0.5969727181209045,0.5467856122679581,0.6400932570473606,0.500354501995472,0.2291529747898297,0.23703787491591766,0.4884100541570117,0.35786888528420907,0.38680785337443685,0.3543282719271501,0.5167840286397171,0.33053862410128876,0.22622914315240705,0.25667914235449896,0.2838049706302043,0.2780590543927004,0.41654676045975614,0.4099958683564992,0.0,0.27073568708139034,0.4293513527090272,0.3042194094209758,0.2561132255924423,0.604318318620871,0.0,0.0,0.24216414439478035,0.4760585771782782,0.18098956337912347,0.0,0.0,0.38563165262227156,0.6182714845041904,0.6121777427123328,0.6420583363320704,0.42294270925512845,0.0,0.6371483945188653,0.3389327725614866,0.0,0.3377684504462459,0.317855436162969,0.7472909007306399,0.31496259522715137,0.0,0.40089081853621056,0.46027227997022113,0.5127801079467841,0.4350783317225295,0.5541425743891657,0.2673955501182424,0.41182714468549386,0.40338763045972703,0.3970023336693536,0.4368316632702888,0.0,0.3809016124233253
0.3631633849168278,0.2706117646177515,0.0,0.5894187438302179,0.625596102608338,0.41585069996054275,0.6918587666740267,0.659755370160063,0.6008591580962445,0.69941939548092,0.7620364331616585,0.3934834473157208,0.7468729976179745,0.623292599872798,0.55532875485445,0.47181900138005384,0.5681779297641347,0.5911744784529304,0.5353098555146336,0.6276404461606195,0.2708225493634068,0.5833536210596029,0.5987655398047915,0.5060853443861507,0.19121992025841777,0.3909368070971537,0.6265107888099469,0.6957437373824065,0.4744556263907364,0.4976921308714246,0.6856156715788004,0.603355687235377,0.6803660151476172,0.7155557319204638,0.6884211626214715,0.6795306332187212,0.6734524800127475,0.48335108067399435,0.6683407085474887,0.6176187075032097,0.3214898022311765,0.6431214356334387,0.6846957972887606,0.6193503602938643,0.0,0.0,0.5310170237516876,0.44999231780362337,0.5288829708502356,0.5323674283050064,0.5731156733567405,0.5138328091236636,0.6489765922094163,0.4881581239414805,0.37908548382891605,0.5165922488990508,0.37247799039792473,0.5587809652459914,0.5126524421122005,0.4631190666744315,0.0,0.0,0.0,0.409521782994694,0.7175241977672051,0.4704985667366338,0.4204855682982558,0.6712894482112197,0.0,0.6653610526780283,0.35280765445974105,0.39766316693270176,0.43908086003283947,0.5961055432924203,0.4917748267391072,0.38377505783323945
0.0,0.5894762584477106,0.5894187438302179,0.0,0.45946973529089186,0.6329365401870747,0.3863923789197703,0.16453642853978995,0.6828590225452087,0.4018223952872521,0.558052167810807,0.312044997774135,0.4800356919252266,0.9185598321835675,0.5872519760661911,0.2498552994862413,0.5407584628390056,0.38615676932811493,0.7015221503251485,0.6640034687103482,0.3867499701338481,0.4236990328123991,0.5271429353217635,0.250843156453318,0.8179420580687815,0.5143490202672818,0.6639760882816739,0.7476083786781291,0.8577995599304509,0.4870368836433918,0.5656349721550945,0.8215730245854509,0.2337650948111418,0.8810762615992241,0.7351660856052169,0.6264996631646967,0.5951702259596537,0.30407078625513545,0.18715959289974493,0.36162228797955764,0.4935823620165859,0.32541337182735375,0.297916360458626,0.26312260079406863,0.0,0.0,0.0,0.4551058734155956,0.0,0.0,0.6710702766467771,0.0,0.36833417522626255,0.14116981697447903,0.0,0.21718928709716712,0.42440722235879225,0.3807971218077627,0.0,0.0,0.0,0.0,0.0,0.0,0.0,0.0,0.3849191108832509,0.2146622357709837,0.0,0.0,0.0,0.5085556398628774,0.6401694936225109,0.5504650810638227,0.0,0.0
0.3077842608565325,0.3364843508546936,0.625596102608338,0.45946973529089186,0.0,0.6564382000170241,0.5596323986011158,0.7431734529329116,0.5563515943963818,0.638290888989098,0.5726632350961757,0.5519301733491897,1.0,0.566008409905281,0.517325934442259,0.46758629763311277,0.5349902774236803,0.49645610344974145,0.4790554457955615,0.44472644163306435,0.529835671627194,0.4839166730683741,0.426589262991589,0.5657899998276423,0.24926464806913562,0.4957335626595347,0.6690862145271776,0.7267587370675344,0.5185559373024996,0.5981796053319931,0.7066306476299717,0.3837486800964871,0.6614170812705888,0.6524140970396219,0.5225541259253591,0.5462018396094949,0.5864540307425534,0.5176733569860296,0.5685009112883168,0.5090238416454426,0.09899557239545963,0.5927936511546236,0.33464746082681973,0.6325894551046458,0.2803274281858087,0.0,0.5647672226982858,0.5593750261445427,0.0,0.7134062265758806,0.45359523434310317,0.5471435255398973,0.5969332423664363,0.5971027499639286,0.0,0.4694686421265023,0.42926343433260905,0.6693675697792508,0.5778166266855513,0.5067505717154825,0.4650187007229416,0.0,0.0,0.6778147248987889,0.34281854007949153,0.5218906697103094,0.5063085578043318,0.5006670894566029,0.0,0.6175519415298398,0.5648849422166922,0.7378001320295243,0.07259606835895785,0.47111832969823175,0.0,0.45706856463267087
0.30140581654675586,0.20547406422742304,0.41585069996054275,0.6329365401870747,0.6564382000170241,0.0,0.5703444296810273,0.33378375284321543,0.4878880158107234,0.5284271445503165,0.6339210989171707,0.49528010401071715,0.5598890932784257,0.40797417245757484,0.19352392013189643,0.44150938301684095,0.6499192675734735,0.22218784527231744,0.5577344339812105,0.4794222790883461,0.313935333894639,0.35456180450551567,0.3095718775523659,0.29094792424771676,0.09115292133121032,0.28147719263529414,0.4940444545215337,0.6267207220624699,0.6383789402803921,0.5200680200862675,0.48436993924233696,0.4196694863502725,0.45252899875098596,0.4751165712746071,0.5447710803868304,0.49307379675514856,0.6156031381735996,0.5166963182807738,0.5365486065813246,0.10739598964676605,0.34426965641402785,0.37917642605045365,0.5474206938516766,0.4225126970261153,0.25159178165542107,0.4831803657097443,0.24458260939188517,0.5241135828896131,0.3419727474434491,0.37570142582467286,0.46162488556013603,0.5481911233473317,0.5830434574558238,0.5028404028358275,0.7356695954320189,0.6677452307946948,0.41388218906479146,0.5236186090410837,0.5658814648233058,0.2918109747423263,0.29830211064221224,0.0,0.0,0.46118406732971373,0.4146519462808792,0.28481533349616706,0.2875432660411937,0.49950330878714244,0.40044069888904593,0.10315757909981085,0.2103957578610374,0.5208849568788521,0.46459793720118786,0.4413559069343185,0.4176311680173449,0.4829709523910031
0.37634298779218656,0.3827915578835968,0.6918587666740267,0.3863923789197703,0.5596323986011158,0.5703444296810273,0.0,0.4333005808276377,0.5734639796910322,0.5027961541468102,0.68186724902719,0.3559953511653861,0.6046636139252781,0.4903592934013642,0.5067539214243137,0.5420060702733795,0.598919221026954,0.36989194239354134,0.6492471502440522,0.50438037052126,0.3542362539215529,0.5434389733426889,0.4423036562662919,0.542983888353317,0.29185315961134234,0.43098699227590814,0.5610822908428167,0.7727868132916238,0.5742078852344658,0.10644814509117108,0.4807496838425309,0.7108901519401858,0.5462522811597584,0.4760683079425749,0.535546980740115,0.7162595350593736,0.5628597025534768,0.585660107623576,0.30829539094912295,0.4657664584953903,0.26042761823519084,0.5778836282104276,0.37057226301946633,0.8069459126961445,0.4455051189803504,0.0,0.48907265813866696,0.3727481965751152,0.0,0.624438716064271,0.443587289791172,0.4720774568560762,0.5243887422694107,0.4205073577401239,0.4146204666667884,0.6012061116119892,0.37827579639242304,0.31733321112885576,0.5018014391879353,0.599612324866322,0.6831749403336089,0.0,0.5585233369414866,0.622440122309347,0.47824006772742517,0.5930984412987443,0.4424727158495497,0.5067651842952614,0.38523582669801865,0.0,0.33625285400101995,0.48507282820931635,0.3372791995627501,0.2933121580695868,0.7143596380841366,0.033340327824615434
0.4053078042224587,0.4501526724184591,0.659755370160063,0.16453642853978995,0.7431734529329116,0.33378375284321543,0.4333005808276377,0.0,0.5966656663124164,0.55036007382649,0.38070372045517586,0.5742729560362027,0.42507064606077405,0.38077526631327774,0.57325638501302,0.5843804185890891,0.40382094123677215,0.4423644850901298,0.4168422239528275,0.1682354742922324,0.49614464217193427,0.44019658747468154,0.42543150218725584,0.29922102698387976,0.3562727308342019,0.41793349821000664,0.49359458346255053,0.5188792885493765,0.47353743919569247,0.4250888085035922,0.5127852804811742,0.26596671867007815,0.6373459985668037,0.5084134259316513,0.5402780105378012,0.6359230618816751,0.44038734374909677,0.6580833381273432,0.5191613513800839,0.45466482676711434,0.19437868279062506,0.17435730195226565,0.6033834199170165,0.151671518368638,0.0,0.5724193123240564,0.5593049252594005,0.5525681528390309,0.0,0.6048726968304565,0.4136003682532766,0.48487897978235284,0.38988849392041425,0.38989820259633645,0.5641884021790874,0.5690065265496719,0.9633168733040001,0.44132101297776904,0.5540949975672015,0.6809622831290589,0.3749141485569016,0.0,0.6550890297607458,0.4371504961336672,0.5861156327840484,0.711270696725337,0.5945154062335781,0.6059308433432561,0.0,0.5070825422826728,0.45372310690299633,0.6247431283760508,0.4466033645036969,0.5397625505121305,0.5386907616347647,0.31927631343099083
0.42127850205994555,0.18680387311432023,0.6008591580962445,0.6828590225452087,0.5563515943963818,0.4878880158107234,0.5734639796910322,0.5966656663124164,0.0,0.6826302770891923,0.5227613402981098,0.5737855557144271,0.7622030366612466,0.4746949607222598,0.33029070464899074,0.3986769840328276,0.4465980051700963,0.39841783282614396,0.4185546333390154,0.4354157561227492,0.30365111308131537,0.41659372065473643,0.5444698854271348,0.5878205629003669,0.0887483396573272,0.18878770029832695,0.6832805338707691,0.732310680158284,0.6053814891995362,0.7390320793076575,0.7006084768031174,0.7085926040507154,0.6010458865848811,0.7428078653324072,0.8331847729394025,0.5867655835582697,0.723311488239806,0.7124353010870964,0.4508791854878249,0.5743004229677704,0.18710453108765035,0.27335398691163315,0.555545662675066,0.4513600087914624,0.4546220750963326,0.0,0.5264450755733272,0.6165076631170855,0.4906010871128308,0.7137762158390396,0.6048807045750803,0.6411427042319775,0.6317341561873459,0.4596448898364045,0.49149309480526937,0.6174753636842651,0.5029647029925669,0.5366032566194843,0.7127537045324569,0.4090388621146353,0.7416387582781359,0.0,0.0,0.5295400047464983,0.5874261826657845,0.5952949070851103,0.14197134184327548,0.6028922873620827,0.505917243917972,0.6825747315913475,0.0,0.5951134030227085,0.49183247568183186,0.4098497858979663,0.6173139711706305,0.44816356999367607
0.5435043734589701,0.09652492793390957,0.69941939548092,0.4018223952872521,0.638290888989098,0.5284271445503165,0.5027961541468102,0.55036007382649,0.6826302770891923,0.0,0.651915590676609,0.4763644027273588,0.43519566279210087,0.6738194394069187,0.4959892316994088,0.44847843008284216,0.4755834680038158,0.4232964578674371,0.6373594219014732,0.23286657550487588,0.5815758682632989,0.20072643612842062,0.4712684164957172,0.21668164863967823,0.629362759157511,0.5664785460592885,0.48227423237173883,0.5308401985337498,0.41159126042493244,0.35837783761431413,0.570648527442006,0.1290518406552676,0.5848348403997594,0.5551948031460171,0.4481213770339665,0.7131435060550724,0.5256585753141261,0.47808175841793904,0.5380729658184432,0.41250183679603464,0.4616038925497597,0.13237095087043482,0.4628523633572796,0.34377108842928866,0.5234566479453178,0.710612555102958,0.14074148745508333,0.31961700579367847,0.3851833938056607,0.5414903461707546,0.6334267022652924,0.5432842845436537,0.4771812923498183,0.23408553953370456,0.5202039463688126,0.43344768326411426,0.4713815549260363,0.3781735798080824,0.0,0.7891739863340284,0.3850408344784697,0.4751672811573858,0.4232216505347784,0.49958331475710804,0.6463620941662741,0.4877116552264073,0.389314408971962,0.3841750140874569,0.36009381722900624,0.6089671095642237,0.5637050036485437,0.6135218177662227,0.4096501031945945,0.4209551260849448,0.0,0.5044122651800788
0.5100799544468707,0.3878652216421249,0.7620364331616585,0.558052167810807,0.5726632350961757,0.6339210989171707,0.68186724902719,0.38070372045517586,0.5227613402981098,0.651915590676609,0.0,0.5686718960777027,0.6902668791936558,0.6066025878447479,0.0,0.5370139725169647,0.2985302992961131,0.49430490591465304,0.4958290646151455,0.46528631654368435,0.5416098842865413,0.3980673891422969,0.8173454402649842,0.4426548769751005,0.46497503830021947,0.6379204454007006,0.6320983445562618,0.6599391561648664,0.7173400616071601,0.4917635714210596,0.6243193043668689,0.5058187763104424,0.633191369894793,0.6729033234051085,0.7175528794160012,0.6600810110301467,0.7049440080465009,0.6857803933534131,0.46270799961381387,0.645172739463967,0.4049467364032961,0.5938863784089022,0.5977675177283746,0.43667889063898435,0.4302073869680186,0.0,0.0,0.6347327328025343,0.4810037021806314,0.35070768361264854,0.5758027653727837,0.40267220777108903,0.4394164023497512,0.6543958565915504,0.49753791536860326,0.21713819372741883,0.349757907986964,0.5750421789185101,0.3395135274095955,0.0,0.0,0.0,0.0,0.24935848710858738,0.4944898087742971,0.0,0.534807745712531,0.5952473276960815,0.0,0.0,0.9161978728198086,0.6913174630098687,0.4817598242648113,0.3092007211103974,0.0,0.38621614868039317
0.5683783310376771,0.26044143998433905,0.3934834473157208,0.312044997774135,0.5519301733491897,0.49528010401071715,0.3559953511653861,0.5742729560362027,0.5737855557144271,0.4763644027273588,0.5686718960777027,0.0,0.3364326707335946,0.5541860686031829,0.4097754322625737,0.3478299143089909,0.529780250341993,0.6000978778673928,0.499710062227101,0.6649585911373883,0.47521382555951414,0.011609014473264234,0.23764350313589064,0.33969720180254104,0.5514892078224995,0.5517550680335015,0.5698647664052228,0.4338138378678863,0.7784225793248519,0.36365883529282234,0.4367851888113135,0.3019212503189323,0.663085072953633,0.31135964282035833,0.5228122615078414,0.5555640846796633,0.3328468880626244,0.3075506191272439,0.7719238467699796,0.4994477496639539,0.43243949176576313,0.3403249020739768,0.4177987540198371,0.45052668701204285,0.5245221509362722,0.3502518832684751,0.24601279648508922,0.18323864035309395,0.15277424108374807,0.45235001031731925,0.6391678211268098,0.47712735530888134,0.2858542623020361,0.3998154266994097,0.6253443293443763,0.2867132827734885,0.6372909333802492,0.4344702305990463,0.5466718112720101,0.41342775120123687,0.41805208125114807,0.5672445295600841,0.587196848067949,0.4117051377562046,0.5710801043291956,0.7438135527476872,0.40839444906565336,0.6018595839563564,0.4913418401007124,0.6788570194518687,0.6783135121377466,0.41184717045423735,0.6333892328484738,0.551405194807858,0.0,0.5512115271771194
0.4749664371003732,0.40181886526263455,0.7468729976179745,0.4800356919252266,1.0,0.5598890932784257,0.6046636139252781,0.42507064606077405,0.7622030366612466,0.43519566279210087,0.6902668791936558,0.3364326707335946,0.0,0.7008021729621996,0.6045616505921875,0.5880418707926849,0.3300718975496521,0.45552238486214636,0.6656681687480543,0.49378758435685466,0.4496411250695439,0.5268677389604148,0.4150652399527227,0.288883025978817,0.3544581002140055,0.4683642107952689,0.6310452955551314,0.7064268813057419,0.6195231720314067,0.6756205272122153,0.51571212823434,0.6946634452236187,0.5816344295957787,0.5386785477507025,0.6762644048110238,0.913999289036544,0.6921836916346705,0.5148814056641361,0.42908698336019147,0.5482840398931567,0.26444946606464753,0.5259824531696747,0.4888854015485978,0.41722160062983116,0.49053967943551363,0.5492555615036224,0.6023017212632751,0.43968008976871487,0.0,0.36254895274495513,0.5083716159571969,0.33320071262112383,0.6034356729095468,0.34963576074972036,0.6256359331867569,0.462853498207234,0.4621996130612264,0.4296498273715425,0.5988084307500581,0.3643285231499611,0.16486049874197414,0.41799608778668246,0.5701792948511659,0.42386802268668244,0.40449592400163104,0.5165005165504714,0.33325245842914075,0.538997254467263,0.5161369143496585,0.1544383489420001,0.3722059683946949,0.5715197572660307,0.46695152291460207,0.43871644062181253,0.5698122121629824,0.25835664086644833
0.5318880100001774,0.36097508845325577,0.623292599872798,0.9185598321835675,0.566008409905281,0.40797417245757484,0.4903592934013642,0.38077526631327774,0.4746949607222598,0.6738194394069187,0.6066025878447479,0.5541860686031829,0.7008021729621996,0.0,0.5546171250836744,0.3871550467042976,0.5026732755064003,0.5085627079041578,0.6462762901561818,0.4142327254226961,0.5299160482916487,0.3874928022297735,0.35034583671896397,0.5202101629555993,0.5409358549690552,0.4879269340268141,0.4856253522481854,0.5934767070199821,0.40837927609147995,0.8377339710774503,0.5540675847283901,0.4464391380817188,0.265706241231875,0.6874478216013267,0.40529317928363495,0.6133651680294013,0.6935080397779185,0.4163546008950617,0.6545457829733201,0.0,0.7294546494850309,0.7638082277882272,0.556365399483093,0.528894906962001,0.0,0.0,0.0,0.6010031991529838,0.0,0.49317345664473944,0.4422331298800021,0.47140083704359353,0.6037618381897953,0.5980611610160268,0.0,0.5354279856708187,0.541264037192116,0.7251592253944128,0.46669460955854014,0.0,0.0,0.0,0.0,0.5517445673779948,0.0,0.0,0.0,0.614248334670364,0.0,0.0,0.0,0.536269243265348,0.6598515213363241,0.0,0.0,0.0
0.29271144566754953,0.340226983338495,0.55532875485445,0.5872519760661911,0.517325934442259,0.19352392013189643,0.5067539214243137,0.57325638501302,0.33029070464899074,0.4959892316994088,0.0,0.4097754322625737,0.6045616505921875,0.5546171250836744,0.0,0.3288977106060144,0.3910481590738911,0.200265365309109,0.0,0.6456781557867481,0.24984693933410806,0.5024532907328276,0.6799266576806735,0.21390080172830725,0.27837122435953615,0.5152255618994077,0.3167016346024809,0.5536946303760346,0.24743611944077298,0.6379145408101528,0.32373315555840676,0.01705265654435953,0.09818090490899317,0.20700201904107232,0.23295123710191543,0.4655357075791818,0.0,0.3885173640792817,0.23232968085273176,0.3439440535369921,0.2733145215307096,0.20410172575746066,0.555136758136879,0.46936951676829297,0.0,0.7315627445010409,0.4027294852091112,0.5130075396237217,0.0,0.0,0.22278313720838758,0.6671404648659716,0.6205731175285157,0.6589524322873884,0.0,0.0,0.6469240815607554,0.5742109054809786,0.5254675907478441,0.5730267971650557,0.3723641626063592,0.5528042396779244,0.7467700084824023,0.0,0.6315127450622682,0.24606945740533626,0.5881159511572899,0.6354972857628128,0.3846966555277812,0.378496454929936,0.40783280244600995,0.45640150537742885,0.29720651842985396,0.3037041845578974,0.47796134956375474,0.23156398466329642
0.45421461374916816,0.3944109325739122,0.47181900138005384,0.2498552994862413,0.46758629763311277,0.44150938301684095,0.5420060702733795,0.5843804185890891,0.3986769840328276,0.44847843008284216,0.5370139725169647,0.3478299143089909,0.5880418707926849,0.3871550467042976,0.3288977106060144,0.0,0.4429809982112797,0.4729909562379392,0.46182092043506834,0.6072620812019918,0.4544600880720269,0.7239573952914228,0.5265766035413217,0.4378055988883828,0.21601913462112982,0.36880468621061263,0.4755568887500432,0.6239906082741126,0.6232414799573325,0.5983983648372955,0.5175803284853299,0.3197883184734389,0.48638480721235466,0.4079059031248945,0.36517111354835635,0.7107818100090335,0.690531766146307,0.0,0.354990773374419,0.35324878961782724,0.34834124402417455,0.2431335371055796,0.3858448378118012,0.0,0.0,0.2483936338193864,0.49427411677251354,0.0,0.0,0.0,0.29657131043195756,0.6051513319193234,0.7222835645982524,0.0,0.4626646614711573,0.0,0.18045759095251057,0.3315185495001532,0.0,0.4471313789450847,0.4317324497011284,0.562236534978047,0.4134244012762834,0.0,0.5072473980441398,0.3257695911996269,0.3762551284157535,0.4641729712055427,0.47919390626885067,0.434493656985754,0.45703803692274864,0.4671036360280433,0.6030336817482513,0.5415437521793296,0.0,0.2152412620691922
0.46829201911403867,0.0,0.5681779297641347,0.5407584628390056,0.5349902774236803,0.6499192675734735,0.598919221026954,0.40382094123677215,0.4465980051700963,0.4755834680038158,0.2985302992961131,0.529780250341993,0.3300718975496521,0.5026732755064003,0.3910481590738911,0.4429809982112797,0.0,0.5304814140295827,0.6119434782151022,0.18160502105709392,0.46759691883399734,0.4726411483315932,0.38637874014792467,0.453549936768817,0.2362950564888066,0.41622559843079604,0.639894358725219,0.6675706840696163,0.3643127504189927,0.5944606680781719,0.49260141035563537,0.3909894795337984,0.5664246905360312,0.5393392483605983,0.5507603545088774,0.6198711554500342,0.34789399984404196,0.4063573638262869,0.6024650834001881,0.3240335643827349,0.35597379850124666,0.5618025940408639,0.0,0.0,0.3796385996024789,0.6607111788153343,0.47407460361153253,0.0,0.0,0.0,0.0,0.0,0.0,0.0,0.3561155089392809,0.0,0.2515612866948637,0.42944233182448843,0.0,0.8012493052954794,0.40901666765501343,0.4057935294604228,0.41831171739311107,0.0,0.0,0.0,0.49469676263463047,0.0,0.3779983549593664,0.5410582774035344,0.5488165529745265,0.0,0.3534108326933133,0.4989417124909547,0.0,0.3702187527133486
0.31535157214777154,0.14091612020791544,0.5911744784529304,0.38615676932811493,0.49645610344974145,0.22218784527231744,0.36989194239354134,0.4423644850901298,0.39841783282614396,0.4232964578674371,0.49430490591465304,0.6000978778673928,0.45552238486214636,0.5085627079041578,0.200265365309109,0.4729909562379392,0.5304814140295827,0.0,0.49969949101051725,0.22881129890267504,0.36606935676843444,0.23931124790232342,0.45996577102267555,0.3863592922700347,0.3577627492947866,0.2544689458356471,0.235779970684352,0.3670459828409788,0.3007932492828415,0.3507553159899354,0.4443936473437843,0.32805757538970354,0.4149529571695493,0.5325750912751037,0.4446063029296232,0.6230208016096234,0.2681070866853917,0.32316447175293805,0.3680877897393083,0.34442374571889295,0.30550724263709783,0.21925810948487054,0.0,0.0,0.16322581354141183,0.29806476904229207,0.4205021896233465,0.0,0.0,0.0,0.21610531231943922,0.5806194035694581,0.7195201506852575,0.0,0.2800298095150308,0.0,0.19565927132984137,0.5572548636215331,0.0,0.593131997693049,0.34260399812359255,0.37072950588518233,0.3483148206159114,0.0,0.29941682269527187,0.010275352571861296,0.24485779407806826,0.2591703763598258,0.3814129838719662,0.3609541418742922,0.31640511589522835,0.5709482357382195,0.7273224270233067,0.23878067335183017,0.0,0.36370530879967844
0.0,0.6351561490200545,0.5353098555146336,0.7015221503251485,0.4790554457955615,0.5577344339812105,0.6492471502440522,0.4168422239528275,0.4185546333390154,0.6373594219014732,0.4958290646151455,0.499710062227101,0.6656681687480543,0.6462762901561818,0.0,0.46182092043506834,0.6119434782151022,0.49969949101051725,0.0,0.6269178019069512,0.3734194595770015,0.6641679579597612,0.6209377039263334,0.26727884829615167,0.508454627189194,0.613052817266817,0.5144388596100211,0.6693263127490778,0.698875626203648,0.644230963568264,0.6174407292029724,0.5617478497252145,0.6284822321816155,0.6526043586753405,0.6590478452138167,0.6758367732025382,0.5898791339529913,0.42191978115668943,0.46147050520369004,0.6068768094895778,0.07500718982423128,0.3660543988303007,0.6086446209389027,0.5550499066908006,0.4303531199406838,0.0,0.0,0.8227507035064112,0.0,0.5368583099036548,0.4815616527261655,0.4088315397151483,0.5618701680680313,0.5271266431686867,0.9165325137810025,0.18176202684199536,0.4526238104916974,0.36333027039314014,0.45013345955270556,0.0,0.0,0.0,0.0,0.5986759973234193,0.48052612115576465,0.0,0.500390742301196,0.5267363817011302,0.0,0.0,0.0,0.5567285563038804,0.3239933405522561,0.11294112652022814,0.3682153156641025,0.21435817741325164
0.46087759799819744,0.5969727181209045,0.6276404461606195,0.6640034687103482,0.44472644163306435,0.4794222790883461,0.50438037052126,0.1682354742922324,0.4354157561227492,0.23286657550487588,0.46528631654368435,0.6649585911373883,0.49378758435685466,0.4142327254226961,0.6456781557867481,0.6072620812019918,0.18160502105709392,0.22881129890267504,0.6269178019069512,0.0,0.3196561386686433,0.710226126977625,0.4099186560898197,0.5286540385952867,0.29025723853010105,0.3300327777335124,0.6397500123485087,0.699649108170347,0.5566903574822426,0.5630846795839617,0.5175285440275995,0.3083713680432727,0.4138699325467235,0.4511097922891813,0.4780687743871775,0.6669225782700688,0.5169221675102226,0.6462543876182776,0.38275832059477977,0.41245742839089566,0.4112947674863398,0.41925659791667036,0.5661747072931237,0.3071529083805449,0.565881473085194,0.65026459703148,0.38657362905428067,0.380419407708638,0.0,0.0,0.27061417312382247,0.693725970746011,0.4766228861398066,0.3935980512882144,0.9597704819798576,0.0,0.4447987841822951,0.2703211772239109,0.0,0.4980989913205577,0.3572878265384309,0.3860840291331615,0.187462004645438,0.0,0.4061659709564485,0.2686429076561502,0.5168575123828025,0.37101138440053566,0.0,0.36762289646075164,0.24768436593485976,0.2559967362549153,0.24828615965650053,0.26448599961482916,0.0,0.3281120488779807
0.32787096855455394,0.5467856122679581,0.2708225493634068,0.3867499701338481,0.529835671627194,0.313935333894639,0.3542362539215529,0.49614464217193427,0.30365111308131537,0.5815758682632989,0.5416098842865413,0.47521382555951414,0.4496411250695439,0.5299160482916487,0.24984693933410806,0.4544600880720269,0.46759691883399734,0.36606935676843444,0.3734194595770015,0.3196561386686433,0.0,0.2684550873137999,0.4892496449776465,0.32243553412027653,0.2774095083897464,0.6069648831415165,0.30632994849503825,0.45823902888269646,0.2559702229989575,0.34853199167668236,0.27030261163755853,0.19493407459481407,0.213014411985242,0.26599190096847414,0.3464673578877132,0.5633624337227985,0.43920541313083694,0.46459213049971637,0.3120620352432943,0.42585608034639516,0.2934635320233091,0.26534331518353016,0.5997436360668879,0.0,0.0,0.5447580211004875,0.4419156495105929,0.7130800308331211,0.0,0.0,0.37634557997031687,0.44566149710692987,0.793802370200183,0.44018807980135644,0.48991225627361484,0.0,0.5987483950647341,0.4655274762576801,0.0,0.416155622944589,0.3797023988388204,0.0,0.600288505496571,0.0,0.4944332039418985,0.5794347580906679,0.4836157805880451,0.6016858045882971,0.6610893620567546,0.3150379058606432,0.4642504214426594,0.509445035415418,0.49338339274093496,0.43938963821908117,0.22114375015462578,0.3672029724159933
0.3421268106797019,0.6400932570473606,0.5833536210596029,0.4236990328123991,0.4839166730683741,0.35456180450551567,0.5434389733426889,0.44019658747468154,0.41659372065473643,0.20072643612842062,0.3980673891422969,0.011609014473264234,0.5268677389604148,0.3874928022297735,0.5024532907328276,0.7239573952914228,0.4726411483315932,0.23931124790232342,0.6641679579597612,0.710226126977625,0.2684550873137999,0.0,0.5880633412161441,0.4217163796910783,0.3144660487389147,0.6370560414483548,0.4854843967405248,0.679821875913836,0.5209769833218373,0.5760048936102982,0.57213130063625,0.34053595705618633,0.355978775836246,0.4433052776038646,0.43714963545847785,0.4449826955513153,0.528083595988946,0.4743234300366122,0.29980610830300014,0.38161970155910335,0.35831925145290544,0.26827811290535475,0.4973334150789638,0.7688141384470607,0.5618115103150765,0.39320050561233366,0.47662824971024914,0.5934942153332182,0.4927403927955051,0.45299787323731877,0.34350978609513694,0.6627400868790064,0.6931619604341529,0.6048244040022559,0.5620052050200209,0.0,0.4656048458498287,0.4250180834590107,0.0,0.4339468561300592,0.38118482703245976,0.49165677568397026,0.2723763239314903,0.0,0.306264021584326,0.2673649533111716,0.49481643133703834,0.46092629963602255,0.47147596634426614,0.22074578775841042,0.42889663778114345,0.43660922469522345,0.4715690232529196,0.3531046007247129,0.6816217817993611,0.35375102112381385
0.4920557458309744,0.500354501995472,0.5987655398047915,0.5271429353217635,0.426589262991589,0.3095718775523659,0.4423036562662919,0.42543150218725584,0.5444698854271348,0.4712684164957172,0.8173454402649842,0.23764350313589064,0.4150652399527227,0.35034583671896397,0.6799266576806735,0.5265766035413217,0.38637874014792467,0.45996577102267555,0.6209377039263334,0.4099186560898197,0.4892496449776465,0.5880633412161441,0.0,0.31275182479077135,0.37901189426226567,0.36424959477339075,0.3876419740384957,0.40968864784292763,0.506282108133577,0.3966280067220496,0.46821851101987383,0.33906990320265956,0.30118034494702217,0.4833753678103516,0.5926179183584712,0.417244030293633,0.4687578491319498,0.2526838780418113,0.500216587883746,0.6563986365245964,0.5049776310068247,0.5394008092407238,0.6079650976894959,0.5632516809193027,0.677132090493186,0.9229099853737707,0.4915580472240588,0.6370871706855802,0.47685646362587353,0.5060659640725329,0.45730350791075375,0.4897061311186522,0.6190472313182229,0.4966645487463095,0.4684061818707726,0.7076758896884241,0.7231082644680117,0.4887266896068897,0.37060780681244243,0.5174674910807938,0.3476042935664934,0.6463620941662737,0.46265735965778804,0.5860667072778611,0.4899798492988217,0.5379984421675383,0.44753769225266,0.6833514076474086,0.4141587544093216,0.3944973089091586,0.3366950627952975,0.49861875877889517,0.46685331193712665,0.5094760813936888,0.4526807585770996,0.4748738958867592
0.522907787914738,0.2291529747898297,0.5060853443861507,0.250843156453318,0.5657899998276423,0.29094792424771676,0.542983888353317,0.29922102698387976,0.5878205629003669,0.21668164863967823,0.4426548769751005,0.33969720180254104,0.288883025978817,0.5202101629555993,0.21390080172830725,0.4378055988883828,0.453549936768817,0.3863592922700347,0.26727884829615167,0.5286540385952867,0.32243553412027653,0.4217163796910783,0.31275182479077135,0.0,0.4280801942865078,0.31927998938877816,0.32464531035101774,0.45629563607800844,0.5814264479735238,0.5408153407679265,0.4699648109504017,0.4599057629429429,0.18853820007416,0.2960329671105954,0.6914102045990127,0.37221071376590986,0.7684944073329024,0.04338759469548986,0.7768270955954971,0.8083697759276076,0.7486088572047105,0.6440558418335616,0.6045307485717547,0.5111975219405117,0.6326229341095069,0.419431325525031,0.4169546937935079,0.0,0.0,0.3872236867517663,0.4081058167046969,0.3623673152477774,0.0,0.0,0.6102564127990417,0.39410136354705266,0.6786426632422267,0.5013622391226034,0.0,0.552019963666976,0.40043495022862746,0.579492421433556,0.45070992834264584,0.3850596008031488,0.4946554538608402,0.5437835001789585,0.2843466795452747,0.7829758217973087,0.5600338996559985,0.570381572714107,0.5959988106123437,0.7518794025713346,0.653535208265539,0.3253142744479071,0.0,0.4692524123096249
0.048911625643030726,0.23703787491591766,0.19121992025841777,0.8179420580687815,0.24926464806913562,0.09115292133121032,0.29185315961134234,0.3562727308342019,0.0887483396573272,0.629362759157511,0.46497503830021947,0.5514892078224995,0.3544581002140055,0.5409358549690552,0.27837122435953615,0.21601913462112982,0.2362950564888066,0.3577627492947866,0.508454627189194,0.29025723853010105,0.2774095083897464,0.3144660487389147,0.37901189426226567,0.4280801942865078,0.0,0.10845527667707888,0.23711549735160548,0.2906127000146326,0.13114265956004167,0.030928004415917337,0.30933536108046467,0.028125051436251637,0.4214350493493167,0.2935670827634796,0.1323989538756947,0.35816801871720927,0.4726445513719819,0.4523573279382457,0.2511153974460196,0.33125456538298503,0.2586113932233912,0.23436071419704432,0.0,0.0,0.14094912068684626,0.18848104262956716,0.36043006446689735,0.0,0.0,0.0,0.16806853694546522,0.653587860991384,0.3382228400348521,0.362319165330411,0.34496684599978733,0.4929305332971955,0.3497193299331535,0.1731064248458069,0.0,0.2816723028190444,0.24348899234729215,0.4262325557203853,0.42959412539205044,0.0,0.4091797190472169,0.12594741196052986,0.34779478164279914,0.23580246796498036,0.4059506850138738,0.40199928934330875,0.2693506071049821,0.27694184142847056,0.39492627021572235,0.3013244144563837,0.0,0.36492022715233324
0.4966253222017978,0.4884100541570117,0.3909368070971537,0.5143490202672818,0.4957335626595347,0.28147719263529414,0.43098699227590814,0.41793349821000664,0.18878770029832695,0.5664785460592885,0.6379204454007006,0.5517550680335015,0.4683642107952689,0.4879269340268141,0.5152255618994077,0.36880468621061263,0.41622559843079604,0.2544689458356471,0.613052817266817,0.3300327777335124,0.6069648831415165,0.6370560414483548,0.36424959477339075,0.31927998938877816,0.10845527667707888,0.0,0.38273137104773197,0.5232646427791685,0.44225011795906377,0.5279308994447666,0.37383875327025967,0.4223947799094823,0.3890463932343202,0.39091161133265295,0.4078362553060139,0.41628893008946416,0.55900480063486,0.5060248865020402,0.3751087200007968,0.29120685442650807,0.4192686819859768,0.279636660246304,0.28563614354973427,0.5669705423240541,0.24219331297746288,0.34293254100528725,0.6046552913722091,0.6139112734135304,0.0,0.0,0.4495828890941777,0.5859086765369999,0.5820454641912178,0.4740785085838866,0.4052422380269471,0.0,0.3891144432909563,0.2916395121608393,0.0,0.40869766498617716,0.4381878061573269,0.38674462233752677,0.35598089661383325,0.0,0.33500097925443045,0.5597045016773528,0.6094399828642473,0.529914416782989,0.3303644549132936,0.3351359327762309,0.2700259365345611,0.42015340790134703,0.3961216328470357,0.421292294821556,0.49796163516201414,0.3726974862513616
0.46829601287904915,0.35786888528420907,0.6265107888099469,0.6639760882816739,0.6690862145271776,0.4940444545215337,0.5610822908428167,0.49359458346255053,0.6832805338707691,0.48227423237173883,0.6320983445562618,0.5698647664052228,0.6310452955551314,0.4856253522481854,0.3167016346024809,0.4755568887500432,0.639894358725219,0.235779970684352,0.5144388596100211,0.6397500123485087,0.30632994849503825,0.4854843967405248,0.3876419740384957,0.32464531035101774,0.23711549735160548,0.38273137104773197,0.0,0.6378783533730167,0.7240170565711719,0.4756040430090802,0.4472391098578603,0.3718872321291862,0.2185905262386605,0.49073712419052395,0.5243941360036641,0.3453379002272232,0.6299259447932948,0.5139025832478635,0.4842071939676243,0.40711576207915456,0.44026144415225976,0.37129040226765264,0.7239045942752879,0.42089657014199056,0.4397627182780204,0.42391792066807743,0.32211722813134136,0.591736112087232,0.30144857656248586,0.52864864185269,0.5453121541847605,0.5427529721107065,0.5419578360353249,0.5260860346484548,0.5908235604859853,0.6813549218186298,0.48380277943957206,0.5403998071453645,0.6980052311564335,0.343702665957084,0.512250724666746,0.0,0.3904206739761134,0.6346427474970386,0.35096216476764597,0.41390860878173286,0.27358675909398933,0.5264700492781433,0.0,0.28345845189796587,0.22515909202220774,0.5245152190432005,0.43315352078779384,0.36097346333923924,0.3190782161254111,0.4216556441846458
0.49056220659084737,0.38680785337443685,0.6957437373824065,0.7476083786781291,0.7267587370675344,0.6267207220624699,0.7727868132916238,0.5188792885493765,0.732310680158284,0.5308401985337498,0.6599391561648664,0.4338138378678863,0.7064268813057419,0.5934767070199821,0.5536946303760346,0.6239906082741126,0.6675706840696163,0.3670459828409788,0.6693263127490778,0.699649108170347,0.45823902888269646,0.679821875913836,0.40968864784292763,0.45629563607800844,0.2906127000146326,0.5232646427791685,0.6378783533730167,0.0,0.7942958847797097,0.8580023290643549,0.6596982167804907,0.7662348253880059,0.7036396571274555,0.719036395948392,1.0,0.6610481600381781,0.510310429036595,0.6018241162980864,0.46352323524924705,0.3592301642077823,0.36504586680657347,0.21720520236704757,0.6343644975523666,0.7810287465547566,0.5195306389637826,0.5906424361299896,0.4603569418292305,0.47316852418606475,0.0,0.44489008916862793,0.5380871660717509,0.41755653987897984,0.6806311701824644,0.3669486654085552,0.6543561084193756,0.3678927438795756,0.6266109639760262,0.5024864488249502,0.4080414686761701,0.48528081199796747,0.23289164078465044,0.3885120476189955,0.5012955680764086,0.6108768626872347,0.5608934818616258,0.5595139465336884,0.3631010161028142,0.6195555071428128,0.6764308073921063,0.29082652781306956,0.2960099406516982,0.5917689332660585,0.5323223077936008,0.4584646840889879,0.36559913588931103,0.31472300859864805
0.5144101363077829,0.3543282719271501,0.4744556263907364,0.8577995599304509,0.5185559373024996,0.6383789402803921,0.5742078852344658,0.47353743919569247,0.6053814891995362,0.41159126042493244,0.7173400616071601,0.7784225793248519,0.6195231720314067,0.40837927609147995,0.24743611944077298,0.6232414799573325,0.3643127504189927,0.3007932492828415,0.698875626203648,0.5566903574822426,0.2559702229989575,0.5209769833218373,0.506282108133577,0.5814264479735238,0.13114265956004167,0.44225011795906377,0.7240170565711719,0.7942958847797097,0.0,0.637392908211314,0.5125321073914763,0.35374671931288143,0.3077231765878223,0.5187010134756452,0.5266378626797381,0.7045753523017766,0.7739168650442322,0.5639012749730083,0.43805353492363364,0.3614536975295395,0.41948126029716987,0.4581087692829834,0.507132438315633,0.5635949228015156,0.7727235157229333,0.5866749816110501,0.40507987836459514,0.34420045779009034,0.3900143765222152,0.40492673572214555,0.4379173347805825,0.4716072789936289,0.6908597185796775,0.46584053968646055,0.6171212152883883,0.43455608860036,0.5346146936800518,0.47643192351118907,0.696388465040956,0.3960140983276539,0.2974649456770743,0.5001201756829831,0.12710851060117828,0.662000712107931,0.34010206095900847,0.3880344243231875,0.39170625218197247,0.5586201813122267,0.5172178184459397,0.21689023856374992,0.3170697153120574,0.47759294118739526,0.4650277384425465,0.3600827077359758,0.36534399509339804,0.36175157475242
0.6019631259654178,0.5167840286397171,0.4976921308714246,0.4870368836433918,0.5981796053319931,0.5200680200862675,0.10644814509117108,0.4250888085035922,0.7390320793076575,0.35837783761431413,0.4917635714210596,0.36365883529282234,0.6756205272122153,0.8377339710774503,0.6379145408101528,0.5983983648372955,0.5944606680781719,0.3507553159899354,0.644230963568264,0.5630846795839617,0.34853199167668236,0.5760048936102982,0.3966280067220496,0.5408153407679265,0.030928004415917337,0.5279308994447666,0.4756040430090802,0.8580023290643549,0.637392908211314,0.0,0.7369641158229896,0.4966779516137924,0.5622562458778199,0.8910612624173906,0.7210798229286222,0.9145130944965769,0.5170058015543452,0.515084057187191,0.7050140183963879,0.4770090221808634,0.5109909781760386,0.5584645171350917,0.5525104655546638,0.32481225380049805,0.0,0.0,0.0,0.2996000024015204,0.0,0.0,0.3771196418819069,0.6120371845492746,0.41259289408355987,0.6791356394121437,0.5583095220490989,0.0,0.0,0.24588161111364298,0.0,0.5676937374867358,0.0,0.0,0.9762359267516965,0.9449573686152302,0.682278407288267,0.6420811137282084,0.6255585741606556,0.617342586173476,0.0,0.6254775453580974,0.4919110940206385,0.6112195086584233,0.5290436749022167,0.5132308548954568,0.41778552548488845,0.45049236665192577
0.4077526915759304,0.33053862410128876,0.6856156715788004,0.5656349721550945,0.7066306476299717,0.48436993924233696,0.4807496838425309,0.5127852804811742,0.7006084768031174,0.570648527442006,0.6243193043668689,0.4367851888113135,0.51571212823434,0.5540675847283901,0.32373315555840676,0.5175803284853299,0.49260141035563537,0.4443936473437843,0.6174407292029724,0.5175285440275995,0.27030261163755853,0.57213130063625,0.46821851101987383,0.4699648109504017,0.30933536108046467,0.37383875327025967,0.4472391098578603,0.6596982167804907,0.5125321073914763,0.7369641158229896,0.0,0.2692676412378864,0.5189002957299634,0.7267694535381666,0.5369026751968542,0.7877867131143883,0.5224603655330786,0.340482196648849,0.6237008811577861,0.45182307793183096,0.20746834351416313,0.6636456541661153,0.6285554498988393,0.37831261805103766,0.4958398904114324,0.5563697991331976,0.3449194718972067,0.3945900795404337,0.0,0.694803937075134,0.5151796739653085,0.36568386244712703,0.6391591944649451,0.36797770148599457,0.5419905242569463,0.5178415522841162,0.5352304423925253,0.6160708132633076,0.0,0.4494683372055438,0.36001907633019886,0.5269161594570188,0.44015257070974956,0.7181781810848653,0.38848194659324287,0.08582345357160158,0.3600106688083112,0.5855929008399712,0.5164773293981672,0.4596541268962929,0.376100073273925,0.6130233974534125,0.2668360034101731,0.5026496511658524,0.3496849372848498,0.5945131970421748
0.4466620993231143,0.22622914315240705,0.603355687235377,0.8215730245854509,0.3837486800964871,0.4196694863502725,0.7108901519401858,0.26596671867007815,0.7085926040507154,0.1290518406552676,0.5058187763104424,0.3019212503189323,0.6946634452236187,0.4464391380817188,0.01705265654435953,0.3197883184734389,0.3909894795337984,0.32805757538970354,0.5617478497252145,0.3083713680432727,0.19493407459481407,0.34053595705618633,0.33906990320265956,0.4599057629429429,0.028125051436251637,0.4223947799094823,0.3718872321291862,0.7662348253880059,0.35374671931288143,0.4966779516137924,0.2692676412378864,0.0,0.5376467950449447,0.5252348356972796,0.43139966236769456,0.6767594300712685,0.7843755567179844,0.5349536934812068,0.338742862412675,0.2792410493792293,0.29556035279124393,0.20439622343048178,0.3010599651476645,0.3788814073450981,0.3956458835547019,0.1563895677999499,0.40611386405026423,0.47119598687474956,0.3761281971685473,0.6080756387749457,0.5145787083610942,0.5415415391546498,0.5969752282303359,0.3105012643427708,0.33778383108480653,0.4148280442310254,0.3697172149301389,0.3489690178113306,0.5980263484531094,0.44804482176231264,0.3239187585130283,0.584953503738109,0.3413879943176513,0.3674909543353516,0.39730823258939246,0.18803145985870015,0.4273025565483461,0.5724831013240552,0.3785908535950882,0.33797443158373436,0.37650122461677776,0.5772180767429729,0.24747397924005216,0.41284151130552854,0.4282841272863154,0.4288965322471282
0.43980446661600564,0.25667914235449896,0.6803660151476172,0.2337650948111418,0.6614170812705888,0.45252899875098596,0.5462522811597584,0.6373459985668037,0.6010458865848811,0.5848348403997594,0.633191369894793,0.663085072953633,0.5816344295957787,0.265706241231875,0.09818090490899317,0.48638480721235466,0.5664246905360312,0.4149529571695493,0.6284822321816155,0.4138699325467235,0.213014411985242,0.355978775836246,0.30118034494702217,0.18853820007416,0.4214350493493167,0.3890463932343202,0.2185905262386605,0.7036396571274555,0.3077231765878223,0.5622562458778199,0.5189002957299634,0.5376467950449447,0.0,0.3164498591113464,0.41741083899254783,0.6576739773627349,0.3239794113945587,0.09017264240692789,0.6061016498079604,0.454394590192973,0.5915661798884704,0.4792205239469801,0.468921274421064,0.7517464684991814,0.4817256944482076,0.3050663815062402,0.384490226041556,0.6216082616793056,0.0,0.38523582669801876,0.6090640500587655,0.43075538519733403,0.3300793343331102,0.2173680005375223,0.49446035101614216,0.5428781961548196,0.5276727620346093,0.46058561843107104,0.0,0.45432982912100356,0.3382345820992195,0.7196964967499131,0.4300117440677297,0.7896319132046841,0.44920863022099417,0.09000017677178111,0.516370056601658,0.4893356877241734,0.49456983265505294,0.570174468827119,0.5016071754048417,0.43050235648928714,0.5334777171636689,0.38767663117483725,0.0,0.3140759255552615
0.29572703276856765,0.2838049706302043,0.7155557319204638,0.8810762615992241,0.6524140970396219,0.4751165712746071,0.4760683079425749,0.5084134259316513,0.7428078653324072,0.5551948031460171,0.6729033234051085,0.31135964282035833,0.5386785477507025,0.6874478216013267,0.20700201904107232,0.4079059031248945,0.5393392483605983,0.5325750912751037,0.6526043586753405,0.4511097922891813,0.26599190096847414,0.4433052776038646,0.4833753678103516,0.2960329671105954,0.2935670827634796,0.39091161133265295,0.49073712419052395,0.719036395948392,0.5187010134756452,0.8910612624173906,0.7267694535381666,0.5252348356972796,0.3164498591113464,0.0,0.4820740070305668,0.7642869810240074,0.5236169123381774,0.3447336265233483,0.5275138503113544,0.5750533686440868,0.3726951679686215,0.3098959919198683,0.31487938736409243,0.6701243027806292,0.6682508022648498,0.16342093096392246,0.4091846592494427,0.6861720959358716,0.22535973813550317,0.7623534688454063,0.5388461897409932,0.41421025647005866,0.6983242739592415,0.2524688315860354,0.6265394758133471,0.0,0.7082473643589251,0.09716423752607661,0.02490948439984933,0.44294944572924033,0.3242423943651991,0.528652834584615,0.505807741016441,0.0,0.41989569414608935,0.15118939779137935,0.38885373544323454,0.5655200681954518,0.6759911765508768,0.46112020251596286,0.3915071307503931,0.6035993123043271,0.3088730574123252,0.4729459265175015,0.4967320874359615,0.2470283994008525
0.242235208504815,0.2780590543927004,0.6884211626214715,0.7351660856052169,0.5225541259253591,0.5447710803868304,0.535546980740115,0.5402780105378012,0.8331847729394025,0.4481213770339665,0.7175528794160012,0.5228122615078414,0.6762644048110238,0.40529317928363495,0.23295123710191543,0.36517111354835635,0.5507603545088774,0.4446063029296232,0.6590478452138167,0.4780687743871775,0.3464673578877132,0.43714963545847785,0.5926179183584712,0.6914102045990127,0.1323989538756947,0.4078362553060139,0.5243941360036641,1.0,0.5266378626797381,0.7210798229286222,0.5369026751968542,0.43139966236769456,0.41741083899254783,0.4820740070305668,0.0,0.6504553286750447,0.4254039126298261,0.5271685766983122,0.29490374304953537,0.310625919740154,0.27992957741571634,0.2604266701241547,0.3209539178164524,0.4124013723238821,0.4500384181580235,0.6542277154091908,0.2898436634907976,0.12485829300298426,0.24719061056500943,0.14859818766597707,0.38945984007730616,0.22039421554371647,0.5895643336670912,0.08856326468707018,0.3697144257416065,0.24830497457516898,0.40129051638206376,0.19661533247114327,0.757598992027303,0.4642649059006251,0.2572545680037256,0.483483963247192,0.3002875479548045,0.3807170599549617,0.4319757061140548,0.6088043969994031,0.4706220766141239,0.305323368743037,0.4968996241571448,0.37717548249645727,0.38633229621402204,0.63171872243525,0.31249765838368415,0.3787377854163547,0.3297230951905987,0.43266318246428886
0.5754823560208697,0.41654676045975614,0.6795306332187212,0.6264996631646967,0.5462018396094949,0.49307379675514856,0.7162595350593736,0.6359230618816751,0.5867655835582697,0.7131435060550724,0.6600810110301467,0.5555640846796633,0.913999289036544,0.6133651680294013,0.4655357075791818,0.7107818100090335,0.6198711554500342,0.6230208016096234,0.6758367732025382,0.6669225782700688,0.5633624337227985,0.4449826955513153,0.417244030293633,0.37221071376590986,0.35816801871720927,0.41628893008946416,0.3453379002272232,0.6610481600381781,0.7045753523017766,0.9145130944965769,0.7877867131143883,0.6767594300712685,0.6576739773627349,0.7642869810240074,0.6504553286750447,0.0,0.8647774215683409,0.7462798953994316,0.1651032366194477,0.16658597579557707,0.2937865940739927,0.48017067860869056,0.43661886270341393,0.3625901981536611,0.5890371317266705,0.0,0.250772279087201,0.6463083334533752,0.3362198168431576,0.5999422252525575,0.4592258872365726,0.6114963558286116,0.6537708463502985,0.43003589941681486,0.3205238392933534,0.5788822196332143,0.5218091150420855,0.3563847585200915,0.7521283215921079,0.6090422588933326,0.3582228248505386,0.0,0.983234942935004,0.40028636513732524,0.4711289161185442,0.3888840577403283,0.6423342836573648,0.6774782409732714,0.5732618998168951,0.45720668869871345,0.3633398620014166,0.5118136082470519,0.40648924146599347,0.5332074810455206,0.0,0.7506289220061604
0.5247425098919793,0.4099958683564992,0.6734524800127475,0.5951702259596537,0.5864540307425534,0.6156031381735996,0.5628597025534768,0.44038734374909677,0.723311488239806,0.5256585753141261,0.7049440080465009,0.3328468880626244,0.6921836916346705,0.6935080397779185,0.0,0.690531766146307,0.34789399984404196,0.2681070866853917,0.5898791339529913,0.5169221675102226,0.43920541313083694,0.528083595988946,0.4687578491319498,0.7684944073329024,0.4726445513719819,0.55900480063486,0.6299259447932948,0.510310429036595,0.7739168650442322,0.5170058015543452,0.5224603655330786,0.7843755567179844,0.3239794113945587,0.5236169123381774,0.4254039126298261,0.8647774215683409,0.0,0.3165697007139739,0.20208422467598525,0.48799915686984013,0.290784590200096,0.26174302631372226,0.45246916101087753,0.4791415696930602,0.2527577170653483,0.0,0.0,0.6429080686200621,0.5028103929827265,0.0,0.3660233355710978,0.6775085855803801,0.7587901685028867,0.2685667550387355,0.5529653115097971,0.6089855696931126,0.44870152039772015,0.3894249349231656,0.0,0.46055683654049356,0.0,0.0,0.0,0.39122208614057996,0.5046856429535794,0.0,0.897550216408604,0.22127675022024432,0.36284622069081074,0.0,0.2789866374378701,0.5982470451217338,0.49226129207044467,0.7383533880150238,0.0,0.3078334883145827
0.5579951739709765,0.0,0.48335108067399435,0.30407078625513545,0.5176733569860296,0.5166963182807738,0.585660107623576,0.6580833381273432,0.7124353010870964,0.47808175841793904,0.6857803933534131,0.3075506191272439,0.5148814056641361,0.4163546008950617,0.3885173640792817,0.0,0.4063573638262869,0.32316447175293805,0.42191978115668943,0.6462543876182776,0.46459213049971637,0.4743234300366122,0.2526838780418113,0.04338759469548986,0.4523573279382457,0.5060248865020402,0.5139025832478635,0.6018241162980864,0.5639012749730083,0.515084057187191,0.340482196648849,0.5349536934812068,0.09017264240692789,0.3447336265233483,0.5271685766983122,0.7462798953994316,0.3165697007139739,0.0,0.29809642236406514,0.4771819395863265,0.37323255918264236,0.5324061336598016,0.4075297901105013,0.26656171279658886,0.4965561133011532,0.5024616502353989,0.0,0.6407547630524014,0.0,0.580758078507307,0.393884940809652,0.3984054040176046,0.0,0.4787570186469749,0.6465155630932619,0.35650780211469335,0.7690357205568068,0.3829391422709312,0.0,0.5341751007122775,0.6174384030136474,0.5006065278732783,0.5078566272622107,0.3862084406474676,0.4891412932491711,0.0,0.5443036323959369,0.7387631122366198,0.489456660129965,0.6252235741377603,0.7695922084215834,0.6205922603121312,0.4888133362785114,0.64469629615225,0.0,0.43303161150173763
0.312827682329928,0.27073568708139034,0.6683407085474887,0.18715959289974493,0.5685009112883168,0.5365486065813246,0.30829539094912295,0.5191613513800839,0.4508791854878249,0.5380729658184432,0.46270799961381387,0.7719238467699796,0.42908698336019147,0.6545457829733201,0.23232968085273176,0.354990773374419,0.6024650834001881,0.3680877897393083,0.46147050520369004,0.38275832059477977,0.3120620352432943,0.29980610830300014,0.500216587883746,0.7768270955954971,0.2511153974460196,0.3751087200007968,0.4842071939676243,0.46352323524924705,0.43805353492363364,0.7050140183963879,0.6237008811577861,0.338742862412675,0.6061016498079604,0.5275138503113544,0.29490374304953537,0.1651032366194477,0.20208422467598525,0.29809642236406514,0.0,0.39966739251290795,0.3037508449445351,0.17943187133869015,0.7059406173267483,0.8486346550039637,0.252288988653451,0.22869800315533007,0.30608839277731226,0.3411140681336057,0.6316854543136351,0.40584517280044186,0.22943460078844732,0.45039860746892596,0.4734954959360649,0.4052551117046924,0.10994215906414836,0.6000416124948789,0.23263602467693006,0.6157483594376425,1.0,0.20122090714493515,0.45636604157691835,0.11899459403604519,0.4785043269575781,0.2863457115234776,0.3306546760459735,0.16376319243086795,0.2989927638111016,0.2873820373148624,0.5404273952889973,0.38763413942606434,0.32369570511117224,0.2849191500199075,0.6223240607097376,0.17720259171878527,0.35514678163394786,0.2964724951708642
0.17645122935651314,0.4293513527090272,0.6176187075032097,0.36162228797955764,0.5090238416454426,0.10739598964676605,0.4657664584953903,0.45466482676711434,0.5743004229677704,0.41250183679603464,0.645172739463967,0.4994477496639539,0.5482840398931567,0.0,0.3439440535369921,0.35324878961782724,0.3240335643827349,0.34442374571889295,0.6068768094895778,0.41245742839089566,0.42585608034639516,0.38161970155910335,0.6563986365245964,0.8083697759276076,0.33125456538298503,0.29120685442650807,0.40711576207915456,0.3592301642077823,0.3614536975295395,0.4770090221808634,0.45182307793183096,0.2792410493792293,0.454394590192973,0.5750533686440868,0.310625919740154,0.16658597579557707,0.48799915686984013,0.4771819395863265,0.39966739251290795,0.0,0.44593826849832663,0.49394574371814237,0.5567773711717594,0.18040296694396726,0.12400771581018613,0.26186883360364355,0.5009640145547254,0.49450237568539956,0.4468440119307648,0.5500767597165465,0.34360827241039815,0.49925990696097605,0.406123198248337,0.46607977941121714,0.35327346172010066,0.46816887652097877,0.39804931050810016,0.35028996595208156,0.0,0.44384532892984696,0.5176127970425329,0.3452640438993583,0.4677283719411562,0.42801720352576,0.48130524104301664,0.36404909794371754,0.41271585872589633,0.4108704377903871,0.25718231621282395,0.364557527355851,0.43085502483375865,0.3537069816705891,0.13590285659660095,0.384605683299471,0.428345686620833,0.5161167281884264
0.2232205061593221,0.3042194094209758,0.3214898022311765,0.4935823620165859,0.09899557239545963,0.34426965641402785,0.26042761823519084,0.19437868279062506,0.18710453108765035,0.4616038925497597,0.4049467364032961,0.43243949176576313,0.26444946606464753,0.7294546494850309,0.2733145215307096,0.34834124402417455,0.35597379850124666,0.30550724263709783,0.07500718982423128,0.4112947674863398,0.2934635320233091,0.35831925145290544,0.5049776310068247,0.7486088572047105,0.2586113932233912,0.4192686819859768,0.44026144415225976,0.36504586680657347,0.41948126029716987,0.5109909781760386,0.20746834351416313,0.29556035279124393,0.5915661798884704,0.3726951679686215,0.27992957741571634,0.2937865940739927,0.290784590200096,0.37323255918264236,0.3037508449445351,0.44593826849832663,0.0,0.6052454458560098,0.6093225719201013,0.7379472172060226,0.23827285591549383,0.29446943407754433,0.42172849123007183,0.3680596957971379,0.7342630453552906,0.5301118567054972,0.21877976173494498,0.5116776385814487,0.36869019588113466,0.37859673140532796,0.36860475867039943,0.4387850266714207,0.14878480085200432,0.5462694947237907,0.5863385719051725,0.4317477793387308,0.537964043981333,0.4184995903720916,0.5741113821275848,0.3168956423737457,0.563289390498865,0.3660831578467705,0.5591513281865924,0.352150583096763,0.27676026152070976,0.45729860699950775,0.34082853382048833,0.29716050612960204,0.5525549029915007,0.5503253346700118,0.6794332363390679,0.4094586632982795
0.35941449248144325,0.2561132255924423,0.6431214356334387,0.32541337182735375,0.5927936511546236,0.37917642605045365,0.5778836282104276,0.17435730195226565,0.27335398691163315,0.13237095087043482,0.5938863784089022,0.3403249020739768,0.5259824531696747,0.7638082277882272,0.20410172575746066,0.2431335371055796,0.5618025940408639,0.21925810948487054,0.3660543988303007,0.41925659791667036,0.26534331518353016,0.26827811290535475,0.5394008092407238,0.6440558418335616,0.23436071419704432,0.279636660246304,0.37129040226765264,0.21720520236704757,0.4581087692829834,0.5584645171350917,0.6636456541661153,0.20439622343048178,0.4792205239469801,0.3098959919198683,0.2604266701241547,0.48017067860869056,0.26174302631372226,0.5324061336598016,0.17943187133869015,0.49394574371814237,0.6052454458560098,0.0,0.5333482691699531,0.4864607307925133,0.14844767343663223,0.3020956880889992,0.2606910847926956,0.34896899924675834,0.6097491424827316,0.5306522459837426,0.1456035605027953,0.581113730749905,0.3641196181235153,0.3794001538901386,0.2849496427889058,0.46191731433224964,0.13115564448744746,0.6579384857781925,0.9056952369683221,0.3923291386650634,0.5064704670212377,0.3372527055732921,0.6693675402749203,0.47838940152151777,0.46342810857152633,0.3420213410335201,0.3460303337811516,0.45864575237247013,0.6256598936234141,0.5895407240775085,0.19411293582141398,0.40327012060193757,0.40695358538504156,0.5548478564174235,0.6205234027607747,0.0974463525515366
0.3864028545195264,0.604318318620871,0.6846957972887606,0.297916360458626,0.33464746082681973,0.5474206938516766,0.37057226301946633,0.6033834199170165,0.555545662675066,0.4628523633572796,0.5977675177283746,0.4177987540198371,0.4888854015485978,0.556365399483093,0.555136758136879,0.3858448378118012,0.0,0.0,0.6086446209389027,0.5661747072931237,0.5997436360668879,0.4973334150789638,0.6079650976894959,0.6045307485717547,0.0,0.28563614354973427,0.7239045942752879,0.6343644975523666,0.507132438315633,0.5525104655546638,0.6285554498988393,0.3010599651476645,0.468921274421064,0.31487938736409243,0.3209539178164524,0.43661886270341393,0.45246916101087753,0.4075297901105013,0.7059406173267483,0.5567773711717594,0.6093225719201013,0.5333482691699531,0.0,0.6802436736019379,0.49414448833724356,0.3706586447558337,0.4978453639224626,0.43851596463876347,0.8478868518433097,0.6084676562019142,0.3646569674232961,0.5723132494257444,0.6836916451651118,0.4477609883039035,0.6574408404205375,0.6037759655294931,0.5408271883795812,0.7245157018573057,0.743227377814011,0.6359891766475017,0.5425151851440879,0.20309721450100507,0.6799671574779161,0.4013394239429816,0.5792468682195758,0.5489602703173664,0.31525742322348865,0.506924645064245,0.40133729930183176,0.6391326087438693,0.456237556528537,0.42033393270056585,0.6815773361615599,0.695159649615839,0.46766116229787946,0.44348637702313426
0.0,0.0,0.6193503602938643,0.26312260079406863,0.6325894551046458,0.4225126970261153,0.8069459126961445,0.151671518368638,0.4513600087914624,0.34377108842928866,0.43667889063898435,0.45052668701204285,0.41722160062983116,0.528894906962001,0.46936951676829297,0.0,0.0,0.0,0.5550499066908006,0.3071529083805449,0.0,0.7688141384470607,0.5632516809193027,0.5111975219405117,0.0,0.5669705423240541,0.42089657014199056,0.7810287465547566,0.5635949228015156,0.32481225380049805,0.37831261805103766,0.3788814073450981,0.7517464684991814,0.6701243027806292,0.4124013723238821,0.3625901981536611,0.4791415696930602,0.26656171279658886,0.8486346550039637,0.18040296694396726,0.7379472172060226,0.4864607307925133,0.6802436736019379,0.0,0.14227587690093868,0.0,0.2630401316352955,0.423443500154048,0.9023017381813069,0.4038948934780731,0.4151497657286519,0.7238693080121207,0.41671896952686205,0.4586361061393364,0.3799447928778748,0.5969848521036749,0.25892360368482176,0.8644512042555474,0.5085088951628317,0.3513035126094421,0.0,0.5722324588753136,0.8775665267305668,0.45829470962379676,0.4493451602975965,0.3548716729217703,0.5557855535145735,0.4989641035558963,0.4584889441896448,0.4785707785700628,0.6554679624210924,0.437224980312771,0.7451460095058455,0.7028230716407943,0.7902862389345244,0.7172661802423337
0.5818338131372957,0.0,0.0,0.0,0.2803274281858087,0.25159178165542107,0.4455051189803504,0.0,0.4546220750963326,0.5234566479453178,0.4302073869680186,0.5245221509362722,0.49053967943551363,0.0,0.0,0.0,0.3796385996024789,0.16322581354141183,0.4303531199406838,0.565881473085194,0.0,0.5618115103150765,0.677132090493186,0.6326229341095069,0.14094912068684626,0.24219331297746288,0.4397627182780204,0.5195306389637826,0.7727235157229333,0.0,0.4958398904114324,0.3956458835547019,0.4817256944482076,0.6682508022648498,0.4500384181580235,0.5890371317266705,0.2527577170653483,0.4965561133011532,0.252288988653451,0.12400771581018613,0.23827285591549383,0.14844767343663223,0.49414448833724356,0.14227587690093868,0.0,0.42683792839374296,0.43249650990633864,0.21133486836713403,0.34518357631272917,0.5882511964320885,0.3250982879253112,0.42449028881536627,0.42761815534153064,0.24625429162777107,0.4689911626599925,0.5152765280021754,0.3746579551690438,0.39339934982320823,0.6627451870660617,0.5418209434874441,0.6472413449852618,0.3108683400376209,0.2609735905644871,0.47068510491711124,0.0,0.21119110276901237,0.6903348401274748,0.04732137742508545,0.06967497987993845,0.3358546621595103,0.5340188773875506,0.4493648990369399,0.4658949064628296,0.6236760731872254,0.7904391236950701,0.19479910780641074
0.47095541487771575,0.24216414439478035,0.0,0.0,0.0,0.4831803657097443,0.0,0.5724193123240564,0.0,0.710612555102958,0.0,0.3502518832684751,0.5492555615036224,0.0,0.7315627445010409,0.2483936338193864,0.6607111788153343,0.29806476904229207,0.0,0.65026459703148,0.5447580211004875,0.39320050561233366,0.9229099853737707,0.419431325525031,0.18848104262956716,0.34293254100528725,0.42391792066807743,0.5906424361299896,0.5866749816110501,0.0,0.5563697991331976,0.1563895677999499,0.3050663815062402,0.16342093096392246,0.6542277154091908,0.0,0.0,0.5024616502353989,0.22869800315533007,0.26186883360364355,0.29446943407754433,0.3020956880889992,0.3706586447558337,0.0,0.42683792839374296,0.0,0.655620650536425,0.5255589342659162,0.0,0.6349839277102175,0.4321575121645518,0.4706103960556975,0.43571886126772036,0.3045343088746093,0.30248527647060386,0.43747991210217496,0.46444241782790474,0.36458276868230094,0.38906465575758425,0.5276201155989151,0.4034712870191186,0.21006411022642105,0.299664621324255,0.0,0.42657973455065157,0.4033951065395046,0.5554216923283029,0.5197796680425986,0.3622767091895058,0.3230946520018902,0.39532940815251616,0.5380276062043505,0.5082268757351134,0.4939028541927645,0.5454292152638323,0.34145806832258857
0.45860135118590833,0.4760585771782782,0.5310170237516876,0.0,0.5647672226982858,0.24458260939188517,0.48907265813866696,0.5593049252594005,0.5264450755733272,0.14074148745508333,0.0,0.24601279648508922,0.6023017212632751,0.0,0.4027294852091112,0.49427411677251354,0.47407460361153253,0.4205021896233465,0.0,0.38657362905428067,0.4419156495105929,0.47662824971024914,0.4915580472240588,0.4169546937935079,0.36043006446689735,0.6046552913722091,0.32211722813134136,0.4603569418292305,0.40507987836459514,0.0,0.3449194718972067,0.40611386405026423,0.384490226041556,0.4091846592494427,0.2898436634907976,0.250772279087201,0.0,0.0,0.30608839277731226,0.5009640145547254,0.42172849123007183,0.2606910847926956,0.4978453639224626,0.2630401316352955,0.43249650990633864,0.655620650536425,0.0,0.22024402809808183,0.0,0.5695829892072198,0.32897880563689125,0.2567331857988473,0.13588731722618932,0.21797877730876591,0.5058056903789385,0.40897086839645513,0.4350858906013875,0.22380618155976578,0.6248680815403446,0.6243237009017027,0.6281323097253333,0.547486860339009,0.5310666892514061,0.6610237699918057,0.7920011066685052,0.7199671452122558,0.7731530073866494,0.5010830829701176,0.5905837122776854,0.6620850952287017,0.7450885093804505,0.45410609426371823,0.35604097943323826,0.49636774342228235,0.6036915154754677,0.5705425854801113
0.0,0.18098956337912347,0.44999231780362337,0.4551058734155956,0.5593750261445427,0.5241135828896131,0.3727481965751152,0.5525681528390309,0.6165076631170855,0.31961700579367847,0.6347327328025343,0.18323864035309395,0.43968008976871487,0.6010031991529838,0.5130075396237217,0.0,0.0,0.0,0.8227507035064112,0.380419407708638,0.7130800308331211,0.5934942153332182,0.6370871706855802,0.0,0.0,0.6139112734135304,0.591736112087232,0.47316852418606475,0.34420045779009034,0.2996000024015204,0.3945900795404337,0.47119598687474956,0.6216082616793056,0.6861720959358716,0.12485829300298426,0.6463083334533752,0.6429080686200621,0.6407547630524014,0.3411140681336057,0.49450237568539956,0.3680596957971379,0.34896899924675834,0.43851596463876347,0.423443500154048,0.21133486836713403,0.5255589342659162,0.22024402809808183,0.0,0.5800259344843741,0.5387366771492834,0.6011233425967193,0.4513499866022747,0.25060138698227563,0.457984456729055,0.2756750715165792,0.4510280607952945,0.26521396173558454,0.4758355240714258,0.5207521933747035,0.624420675211071,0.1184372276679844,0.5571114484249534,0.040850800028391435,0.5533478492582271,0.10356332196139374,0.3846776901195593,0.17279825199172005,0.4082141358023205,0.4171911926232163,0.2644591597270305,0.3060629220685632,0.612063047405113,0.4285989561963031,0.2591060785189909,0.012952279118444703,0.3729686371771363
0.0,0.0,0.5288829708502356,0.0,0.0,0.3419727474434491,0.0,0.0,0.4906010871128308,0.3851833938056607,0.4810037021806314,0.15277424108374807,0.0,0.0,0.0,0.0,0.0,0.0,0.0,0.0,0.0,0.4927403927955051,0.47685646362587353,0.0,0.0,0.0,0.30144857656248586,0.0,0.3900143765222152,0.0,0.0,0.3761281971685473,0.0,0.22535973813550317,0.24719061056500943,0.3362198168431576,0.5028103929827265,0.0,0.6316854543136351,0.4468440119307648,0.7342630453552906,0.6097491424827316,0.8478868518433097,0.9023017381813069,0.34518357631272917,0.0,0.0,0.5800259344843741,0.0,0.8580735030267256,0.36074579205882634,0.43798075949483506,0.8599897391612095,0.6461362186417684,0.7283420215034204,0.787746641448801,0.5063414428833429,0.6441931530460904,1.0,0.48897331738296745,0.0,0.0,0.38559475379103536,0.4875017406540592,0.5780472317820183,0.266468658735674,0.9999999999999999,0.7001199563509675,0.5234701574110592,0.0,0.508773922414176,0.5767854107768353,0.7457069289272802,0.49405099909043804,0.4025442452370295,0.4818053655868429
0.0,0.0,0.5323674283050064,0.0,0.7134062265758806,0.37570142582467286,0.624438716064271,0.6048726968304565,0.7137762158390396,0.5414903461707546,0.35070768361264854,0.45235001031731925,0.36254895274495513,0.49317345664473944,0.0,0.0,0.0,0.0,0.5368583099036548,0.0,0.0,0.45299787323731877,0.5060659640725329,0.3872236867517663,0.0,0.0,0.52864864185269,0.44489008916862793,0.40492673572214555,0.0,0.694803937075134,0.6080756387749457,0.38523582669801876,0.7623534688454063,0.14859818766597707,0.5999422252525575,0.0,0.580758078507307,0.40584517280044186,0.5500767597165465,0.5301118567054972,0.5306522459837426,0.6084676562019142,0.4038948934780731,0.5882511964320885,0.6349839277102175,0.5695829892072198,0.5387366771492834,0.8580735030267256,0.0,0.46891723486173653,0.2995368866195412,0.42401951484121053,0.5704731749769782,0.41512100881451236,0.7802463490926362,0.3366198791269749,0.5032812005184639,0.7360396331827893,0.4777747429907073,0.40423702380607174,0.5229166876219856,0.5898943963976635,0.6415855628931376,0.6106038349690703,0.40607715029514835,0.5054226398952424,0.4357756802542972,0.7288624443066501,0.09557709464473602,0.5821339082084731,0.6647579886044437,0.6318496492535391,0.6379127213162098,0.47072726693127104,0.5765865862088866
0.4792478147077201,0.38563165262227156,0.5731156733567405,0.6710702766467771,0.45359523434310317,0.46162488556013603,0.443587289791172,0.4136003682532766,0.6048807045750803,0.6334267022652924,0.5758027653727837,0.6391678211268098,0.5083716159571969,0.4422331298800021,0.22278313720838758,0.29657131043195756,0.0,0.21610531231943922,0.4815616527261655,0.27061417312382247,0.37634557997031687,0.34350978609513694,0.45730350791075375,0.4081058167046969,0.16806853694546522,0.4495828890941777,0.5453121541847605,0.5380871660717509,0.4379173347805825,0.3771196418819069,0.5151796739653085,0.5145787083610942,0.6090640500587655,0.5388461897409932,0.38945984007730616,0.4592258872365726,0.3660233355710978,0.393884940809652,0.22943460078844732,0.34360827241039815,0.21877976173494498,0.1456035605027953,0.3646569674232961,0.4151497657286519,0.3250982879253112,0.4321575121645518,0.32897880563689125,0.6011233425967193,0.36074579205882634,0.46891723486173653,0.0,0.3883311478500157,0.17693955677473153,0.5856587900189241,0.1361223130639313,0.5053417553790666,0.370490843217933,0.5907830532002343,0.29994405711476846,0.4055996430815466,0.41934894688013746,0.3521922955890482,0.4226699438123129,0.28258400353384405,0.5155020409940537,0.3518526827559569,0.3941658305855269,0.45143153584424883,0.37807960146108965,0.31201952421153567,0.37663982496962767,0.5691133717578548,0.5611092182018771,0.5589802354015361,0.4058363588323812,0.3676776221384553
0.0,0.6182714845041904,0.5138328091236636,0.0,0.5471435255398973,0.5481911233473317,0.4720774568560762,0.48487897978235284,0.6411427042319775,0.5432842845436537,0.40267220777108903,0.47712735530888134,0.33320071262112383,0.47140083704359353,0.6671404648659716,0.6051513319193234,0.0,0.5806194035694581,0.4088315397151483,0.693725970746011,0.44566149710692987,0.6627400868790064,0.4897061311186522,0.3623673152477774,0.653587860991384,0.5859086765369999,0.5427529721107065,0.41755653987897984,0.4716072789936289,0.6120371845492746,0.36568386244712703,0.5415415391546498,0.43075538519733403,0.41421025647005866,0.22039421554371647,0.6114963558286116,0.6775085855803801,0.3984054040176046,0.45039860746892596,0.49925990696097605,0.5116776385814487,0.581113730749905,0.5723132494257444,0.7238693080121207,0.42449028881536627,0.4706103960556975,0.2567331857988473,0.4513499866022747,0.43798075949483506,0.2995368866195412,0.3883311478500157,0.0,0.3697183316299153,0.5427436813457978,0.2966317928014916,0.564642491248545,0.22626408791810243,0.4925398540164787,0.4136889102226882,0.5745508866600713,0.3084622016300143,0.45709338402120925,0.28571796580666325,0.4395017854260323,0.24652964627504947,0.5472420398459468,0.3442932335491524,0.4497102511547641,0.6373014340455053,0.2735680506968178,0.30936629865243565,0.5503088163439281,0.6376823881469925,0.4672354682202889,0.6396128151269014,0.4911549909717665
0.622526618203827,0.6121777427123328,0.6489765922094163,0.36833417522626255,0.5969332423664363,0.5830434574558238,0.5243887422694107,0.38988849392041425,0.6317341561873459,0.4771812923498183,0.4394164023497512,0.2858542623020361,0.6034356729095468,0.6037618381897953,0.6205731175285157,0.7222835645982524,0.0,0.7195201506852575,0.5618701680680313,0.4766228861398066,0.793802370200183,0.6931619604341529,0.6190472313182229,0.0,0.3382228400348521,0.5820454641912178,0.5419578360353249,0.6806311701824644,0.6908597185796775,0.41259289408355987,0.6391591944649451,0.5969752282303359,0.3300793343331102,0.6983242739592415,0.5895643336670912,0.6537708463502985,0.7587901685028867,0.0,0.4734954959360649,0.406123198248337,0.36869019588113466,0.3641196181235153,0.6836916451651118,0.41671896952686205,0.42761815534153064,0.43571886126772036,0.13588731722618932,0.25060138698227563,0.8599897391612095,0.42401951484121053,0.17693955677473153,0.3697183316299153,0.0,0.3448741968021324,0.03883034852295432,0.5179217643018414,0.3799356176271481,0.3789180322603609,0.5994814172239029,0.44664922340176855,0.28949301011457,0.4043405287115856,0.06032690052275666,0.36568891579366136,0.38439282454373225,0.4609162378416426,0.46113722446367833,0.49811173642020357,0.4366424628940757,0.26883186791386066,0.30722766286392916,0.43746188488510523,0.2963579586988061,0.310508039790324,0.20024234663232265,0.27722335350256694
0.0,0.6420583363320704,0.4881581239414805,0.14116981697447903,0.5971027499639286,0.5028404028358275,0.4205073577401239,0.38989820259633645,0.4596448898364045,0.23408553953370456,0.6543958565915504,0.3998154266994097,0.34963576074972036,0.5980611610160268,0.6589524322873884,0.0,0.0,0.0,0.5271266431686867,0.3935980512882144,0.44018807980135644,0.6048244040022559,0.4966645487463095,0.0,0.362319165330411,0.4740785085838866,0.5260860346484548,0.3669486654085552,0.46584053968646055,0.6791356394121437,0.36797770148599457,0.3105012643427708,0.2173680005375223,0.2524688315860354,0.08856326468707018,0.43003589941681486,0.2685667550387355,0.4787570186469749,0.4052551117046924,0.46607977941121714,0.37859673140532796,0.3794001538901386,0.4477609883039035,0.4586361061393364,0.24625429162777107,0.3045343088746093,0.21797877730876591,0.457984456729055,0.6461362186417684,0.5704731749769782,0.5856587900189241,0.5427436813457978,0.3448741968021324,0.0,0.2895890625239761,0.6047216223023943,0.26930100205995716,0.6843492376970642,0.5065498510289117,0.4817930795075541,0.20623038781143171,0.13261961631733243,0.17262514811367236,0.5273233976054518,0.2931684482046611,0.36769841440106976,0.2559669801377906,0.43397240440638685,0.31619528774130506,0.3005074565879722,0.24616956923421773,0.7369401398693283,0.5181422756761447,0.4646681130080975,0.3368360648623824,0.40713586972475635
0.6159730729913542,0.42294270925512845,0.37908548382891605,0.0,0.0,0.7356695954320189,0.4146204666667884,0.5641884021790874,0.49149309480526937,0.5202039463688126,0.49753791536860326,0.6253443293443763,0.6256359331867569,0.0,0.0,0.4626646614711573,0.3561155089392809,0.2800298095150308,0.9165325137810025,0.9597704819798576,0.48991225627361484,0.5620052050200209,0.4684061818707726,0.6102564127990417,0.34496684599978733,0.4052422380269471,0.5908235604859853,0.6543561084193756,0.6171212152883883,0.5583095220490989,0.5419905242569463,0.33778383108480653,0.49446035101614216,0.6265394758133471,0.3697144257416065,0.3205238392933534,0.5529653115097971,0.6465155630932619,0.10994215906414836,0.35327346172010066,0.36860475867039943,0.2849496427889058,0.6574408404205375,0.3799447928778748,0.4689911626599925,0.30248527647060386,0.5058056903789385,0.2756750715165792,0.7283420215034204,0.41512100881451236,0.1361223130639313,0.2966317928014916,0.03883034852295432,0.2895890625239761,0.0,0.48302671450761586,0.551950990286969,0.3713605454801423,0.7378779755751408,0.08902140675739886,0.4956957928536429,0.31165259218222063,0.6102301807579866,0.19006126723999414,0.5037148043500226,0.5133211004038298,0.44765742513872653,0.16828630554314603,0.41094212144065717,0.5773094592992644,0.49790141638467944,0.37005521735309604,0.35380217339454173,0.4491087996045962,0.5867738790148065,0.3005043948873698
0.0,0.0,0.5165922488990508,0.21718928709716712,0.4694686421265023,0.6677452307946948,0.6012061116119892,0.5690065265496719,0.6174753636842651,0.43344768326411426,0.21713819372741883,0.2867132827734885,0.462853498207234,0.5354279856708187,0.0,0.0,0.0,0.0,0.18176202684199536,0.0,0.0,0.0,0.7076758896884241,0.39410136354705266,0.4929305332971955,0.0,0.6813549218186298,0.3678927438795756,0.43455608860036,0.0,0.5178415522841162,0.4148280442310254,0.5428781961548196,0.0,0.24830497457516898,0.5788822196332143,0.6089855696931126,0.35650780211469335,0.6000416124948789,0.46816887652097877,0.4387850266714207,0.46191731433224964,0.6037759655294931,0.5969848521036749,0.5152765280021754,0.43747991210217496,0.40897086839645513,0.4510280607952945,0.787746641448801,0.7802463490926362,0.5053417553790666,0.564642491248545,0.5179217643018414,0.6047216223023943,0.48302671450761586,0.0,0.49495226975246953,0.6215066193657047,0.6892153647575064,0.0,0.565301686296432,0.21856664574996862,0.37939933645270324,0.4606075734102471,0.6173630090691976,0.5196676468647647,0.0,0.5085287780968596,0.4941755012340948,0.38360955596459195,0.6459144418039785,0.3484892962372195,0.6295493615095111,0.7143119996173737,0.42021096729885965,0.4829097346903421
0.6176802739698327,0.6371483945188653,0.37247799039792473,0.42440722235879225,0.42926343433260905,0.41388218906479146,0.37827579639242304,0.9633168733040001,0.5029647029925669,0.4713815549260363,0.349757907986964,0.6372909333802492,0.4621996130612264,0.541264037192116,0.6469240815607554,0.18045759095251057,0.2515612866948637,0.19565927132984137,0.4526238104916974,0.4447987841822951,0.5987483950647341,0.4656048458498287,0.7231082644680117,0.6786426632422267,0.3497193299331535,0.3891144432909563,0.48380277943957206,0.6266109639760262,0.5346146936800518,0.0,0.5352304423925253,0.3697172149301389,0.5276727620346093,0.7082473643589251,0.40129051638206376,0.5218091150420855,0.44870152039772015,0.7690357205568068,0.23263602467693006,0.39804931050810016,0.14878480085200432,0.13115564448744746,0.5408271883795812,0.25892360368482176,0.3746579551690438,0.46444241782790474,0.4350858906013875,0.26521396173558454,0.5063414428833429,0.3366198791269749,0.370490843217933,0.22626408791810243,0.3799356176271481,0.26930100205995716,0.551950990286969,0.49495226975246953,0.0,0.2081501589423582,0.3370931329941085,0.07210275947414577,0.3528549689127781,0.15624084511000627,0.29783158481163285,0.5365872586187803,0.29748294907917217,0.4102107477743093,0.1984942762961219,0.171535124771491,0.6162675545496886,0.5607858842889805,0.562593692829681,0.15392656129155546,0.41070336542898467,0.5779984332153315,0.4627277474531065,0.16479636395700673
0.7189461818945664,0.3389327725614866,0.5587809652459914,0.3807971218077627,0.6693675697792508,0.5236186090410837,0.31733321112885576,0.44132101297776904,0.5366032566194843,0.3781735798080824,0.5750421789185101,0.4344702305990463,0.4296498273715425,0.7251592253944128,0.5742109054809786,0.3315185495001532,0.42944233182448843,0.5572548636215331,0.36333027039314014,0.2703211772239109,0.4655274762576801,0.4250180834590107,0.4887266896068897,0.5013622391226034,0.1731064248458069,0.2916395121608393,0.5403998071453645,0.5024864488249502,0.47643192351118907,0.24588161111364298,0.6160708132633076,0.3489690178113306,0.46058561843107104,0.09716423752607661,0.19661533247114327,0.3563847585200915,0.3894249349231656,0.3829391422709312,0.6157483594376425,0.35028996595208156,0.5462694947237907,0.6579384857781925,0.7245157018573057,0.8644512042555474,0.39339934982320823,0.36458276868230094,0.22380618155976578,0.4758355240714258,0.6441931530460904,0.5032812005184639,0.5907830532002343,0.4925398540164787,0.3789180322603609,0.6843492376970642,0.3713605454801423,0.6215066193657047,0.2081501589423582,0.0,0.48966033102914963,0.5308015679172228,0.2805986807306814,0.31704007309296245,0.37791937177354484,0.4970858946424014,0.45397542714591577,0.4097969178430133,0.34207240512774073,0.45063263303567463,0.3407407831422191,0.27660055002118666,0.3148739679778861,0.5262004159118541,0.6200306814228483,0.5736725792415036,0.6694077228484704,0.5922218348070412
0.0,0.0,0.5126524421122005,0.0,0.5778166266855513,0.5658814648233058,0.5018014391879353,0.5540949975672015,0.7127537045324569,0.0,0.3395135274095955,0.5466718112720101,0.5988084307500581,0.46669460955854014,0.5254675907478441,0.0,0.0,0.0,0.45013345955270556,0.0,0.0,0.0,0.37060780681244243,0.0,0.0,0.0,0.6980052311564335,0.4080414686761701,0.696388465040956,0.0,0.0,0.5980263484531094,0.0,0.02490948439984933,0.757598992027303,0.7521283215921079,0.0,0.0,1.0,0.0,0.5863385719051725,0.9056952369683221,0.743227377814011,0.5085088951628317,0.6627451870660617,0.38906465575758425,0.6248680815403446,0.5207521933747035,1.0,0.7360396331827893,0.29994405711476846,0.4136889102226882,0.5994814172239029,0.5065498510289117,0.7378779755751408,0.6892153647575064,0.3370931329941085,0.48966033102914963,0.0,0.0,0.5027651600829215,0.514783171664865,0.56300686109673,0.4742331461886382,0.45955601238228405,0.3356369307382048,0.6039987306111539,0.5666519628754663,0.5468944292948259,0.6528803454317056,0.23981746040391383,0.4054412494177174,0.5446974148397489,0.7058912653851106,0.47727050812016597,0.5612450310901312
0.6056279424482045,0.3377684504462459,0.4631190666744315,0.0,0.5067505717154825,0.2918109747423263,0.599612324866322,0.6809622831290589,0.4090388621146353,0.7891739863340284,0.0,0.41342775120123687,0.3643285231499611,0.0,0.5730267971650557,0.4471313789450847,0.8012493052954794,0.593131997693049,0.0,0.4980989913205577,0.416155622944589,0.4339468561300592,0.5174674910807938,0.552019963666976,0.2816723028190444,0.40869766498617716,0.343702665957084,0.48528081199796747,0.3960140983276539,0.5676937374867358,0.4494683372055438,0.44804482176231264,0.45432982912100356,0.44294944572924033,0.4642649059006251,0.6090422588933326,0.46055683654049356,0.5341751007122775,0.20122090714493515,0.44384532892984696,0.4317477793387308,0.3923291386650634,0.6359891766475017,0.3513035126094421,0.5418209434874441,0.5276201155989151,0.6243237009017027,0.624420675211071,0.48897331738296745,0.4777747429907073,0.4055996430815466,0.5745508866600713,0.44664922340176855,0.4817930795075541,0.08902140675739886,0.0,0.07210275947414577,0.5308015679172228,0.0,0.0,0.5410191482284463,0.47913578582356464,0.2593072080250564,0.0,0.7611790889460134,0.4466269613891366,0.6436011446729683,0.7430532334343308,0.5696966255436247,0.514459305743651,0.5428812590018904,0.46047695900388413,0.41381829720254937,0.43414913698423013,0.4788685273187921,0.4043818280276163
0.3963394345292108,0.317855436162969,0.0,0.0,0.4650187007229416,0.29830211064221224,0.6831749403336089,0.3749141485569016,0.7416387582781359,0.3850408344784697,0.0,0.41805208125114807,0.16486049874197414,0.0,0.3723641626063592,0.4317324497011284,0.40901666765501343,0.34260399812359255,0.0,0.3572878265384309,0.3797023988388204,0.38118482703245976,0.3476042935664934,0.40043495022862746,0.24348899234729215,0.4381878061573269,0.512250724666746,0.23289164078465044,0.2974649456770743,0.0,0.36001907633019886,0.3239187585130283,0.3382345820992195,0.3242423943651991,0.2572545680037256,0.3582228248505386,0.0,0.6174384030136474,0.45636604157691835,0.5176127970425329,0.537964043981333,0.5064704670212377,0.5425151851440879,0.0,0.6472413449852618,0.4034712870191186,0.6281323097253333,0.1184372276679844,0.0,0.40423702380607174,0.41934894688013746,0.3084622016300143,0.28949301011457,0.20623038781143171,0.4956957928536429,0.565301686296432,0.3528549689127781,0.2805986807306814,0.5027651600829215,0.5410191482284463,0.0,0.41961063588068837,0.5113975710759132,0.9862464022402987,0.5759820608773901,0.4832802448370581,0.6908278411722132,0.4254139138941281,0.4337589606921948,0.47710742355159724,0.47742954735266346,0.4856737956239472,0.4514078306845561,0.5731489479586259,0.6237527062969478,0.4976142017669021
0.28154497207280604,0.7472909007306399,0.0,0.0,0.0,0.0,0.0,0.0,0.0,0.4751672811573858,0.0,0.5672445295600841,0.41799608778668246,0.0,0.5528042396779244,0.562236534978047,0.4057935294604228,0.37072950588518233,0.0,0.3860840291331615,0.0,0.49165677568397026,0.6463620941662737,0.579492421433556,0.4262325557203853,0.38674462233752677,0.0,0.3885120476189955,0.5001201756829831,0.0,0.5269161594570188,0.584953503738109,0.7196964967499131,0.528652834584615,0.483483963247192,0.0,0.0,0.5006065278732783,0.11899459403604519,0.3452640438993583,0.4184995903720916,0.3372527055732921,0.20309721450100507,0.5722324588753136,0.3108683400376209,0.21006411022642105,0.547486860339009,0.5571114484249534,0.0,0.5229166876219856,0.3521922955890482,0.45709338402120925,0.4043405287115856,0.13261961631733243,0.31165259218222063,0.21856664574996862,0.15624084511000627,0.31704007309296245,0.514783171664865,0.47913578582356464,0.41961063588068837,0.0,0.5684689841761139,0.0,0.42817752852394453,0.3750314330530574,0.7055844962354498,0.0,0.4547740518490226,0.5747171602938322,0.5580365761025297,0.5779214158009573,0.2574887497002679,0.6220618543033021,0.48959488939764423,0.4401394787693133
0.2525258683951567,0.31496259522715137,0.0,0.0,0.0,0.0,0.5585233369414866,0.6550890297607458,0.0,0.4232216505347784,0.0,0.587196848067949,0.5701792948511659,0.0,0.7467700084824023,0.4134244012762834,0.41831171739311107,0.3483148206159114,0.0,0.187462004645438,0.600288505496571,0.2723763239314903,0.46265735965778804,0.45070992834264584,0.42959412539205044,0.35598089661383325,0.3904206739761134,0.5012955680764086,0.12710851060117828,0.9762359267516965,0.44015257070974956,0.3413879943176513,0.4300117440677297,0.505807741016441,0.3002875479548045,0.983234942935004,0.0,0.5078566272622107,0.4785043269575781,0.4677283719411562,0.5741113821275848,0.6693675402749203,0.6799671574779161,0.8775665267305668,0.2609735905644871,0.299664621324255,0.5310666892514061,0.040850800028391435,0.38559475379103536,0.5898943963976635,0.4226699438123129,0.28571796580666325,0.06032690052275666,0.17262514811367236,0.6102301807579866,0.37939933645270324,0.29783158481163285,0.37791937177354484,0.56300686109673,0.2593072080250564,0.5113975710759132,0.5684689841761139,0.0,0.4199808231606502,0.4571259061390645,0.24463783751647558,0.5233197857417355,0.3268631771309322,0.5592355167511135,0.48446905748316993,0.33162238807137323,0.4327617832629233,0.435773053931025,0.5645798930399957,0.5749595485604728,0.4286978651503641
0.0,0.0,0.409521782994694,0.0,0.6778147248987889,0.46118406732971373,0.622440122309347,0.4371504961336672,0.5295400047464983,0.49958331475710804,0.24935848710858738,0.4117051377562046,0.42386802268668244,0.5517445673779948,0.0,0.0,0.0,0.0,0.5986759973234193,0.0,0.0,0.0,0.5860667072778611,0.3850596008031488,0.0,0.0,0.6346427474970386,0.6108768626872347,0.662000712107931,0.9449573686152302,0.7181781810848653,0.3674909543353516,0.7896319132046841,0.0,0.3807170599549617,0.40028636513732524,0.39122208614057996,0.3862084406474676,0.2863457115234776,0.42801720352576,0.3168956423737457,0.47838940152151777,0.4013394239429816,0.45829470962379676,0.47068510491711124,0.0,0.6610237699918057,0.5533478492582271,0.4875017406540592,0.6415855628931376,0.28258400353384405,0.4395017854260323,0.36568891579366136,0.5273233976054518,0.19006126723999414,0.4606075734102471,0.5365872586187803,0.4970858946424014,0.4742331461886382,0.0,0.9862464022402987,0.0,0.4199808231606502,0.0,0.0,0.47724591540667743,0.7373487944459579,0.39080399069350935,0.7376403847494797,0.49357178965134313,0.5762471803748016,0.31411434005671446,0.4577286791145948,0.7194022541667968,0.44454930851245766,0.3549831845680721
0.5959104434760051,0.40089081853621056,0.7175241977672051,0.0,0.34281854007949153,0.4146519462808792,0.47824006772742517,0.5861156327840484,0.5874261826657845,0.6463620941662741,0.4944898087742971,0.5710801043291956,0.40449592400163104,0.0,0.6315127450622682,0.5072473980441398,0.0,0.29941682269527187,0.48052612115576465,0.4061659709564485,0.4944332039418985,0.306264021584326,0.4899798492988217,0.4946554538608402,0.4091797190472169,0.33500097925443045,0.35096216476764597,0.5608934818616258,0.34010206095900847,0.682278407288267,0.38848194659324287,0.39730823258939246,0.44920863022099417,0.41989569414608935,0.4319757061140548,0.4711289161185442,0.5046856429535794,0.4891412932491711,0.3306546760459735,0.48130524104301664,0.563289390498865,0.46342810857152633,0.5792468682195758,0.4493451602975965,0.0,0.42657973455065157,0.7920011066685052,0.10356332196139374,0.5780472317820183,0.6106038349690703,0.5155020409940537,0.24652964627504947,0.38439282454373225,0.2931684482046611,0.5037148043500226,0.6173630090691976,0.29748294907917217,0.45397542714591577,0.45955601238228405,0.7611790889460134,0.5759820608773901,0.42817752852394453,0.4571259061390645,0.0,0.0,0.4445720878511658,0.7925948984437446,0.5225257237848383,0.30779639730777686,0.5121565144596033,0.5687279502264444,0.566497074366557,0.7964809439226535,0.6656060101908226,0.5927036302598306,0.6435406304142256
0.45730824562242334,0.46027227997022113,0.4704985667366338,0.0,0.5218906697103094,0.28481533349616706,0.5930984412987443,0.711270696725337,0.5952949070851103,0.4877116552264073,0.0,0.7438135527476872,0.5165005165504714,0.0,0.24606945740533626,0.3257695911996269,0.0,0.010275352571861296,0.0,0.2686429076561502,0.5794347580906679,0.2673649533111716,0.5379984421675383,0.5437835001789585,0.12594741196052986,0.5597045016773528,0.41390860878173286,0.5595139465336884,0.3880344243231875,0.6420811137282084,0.08582345357160158,0.18803145985870015,0.09000017677178111,0.15118939779137935,0.6088043969994031,0.3888840577403283,0.0,0.0,0.16376319243086795,0.36404909794371754,0.3660831578467705,0.3420213410335201,0.5489602703173664,0.3548716729217703,0.21119110276901237,0.4033951065395046,0.7199671452122558,0.3846776901195593,0.266468658735674,0.40607715029514835,0.3518526827559569,0.5472420398459468,0.4609162378416426,0.36769841440106976,0.5133211004038298,0.5196676468647647,0.4102107477743093,0.4097969178430133,0.3356369307382048,0.4466269613891366,0.4832802448370581,0.3750314330530574,0.24463783751647558,0.47724591540667743,0.4445720878511658,0.0,0.6157780433129741,0.5190646154916868,0.5345635793127933,0.2924076981098007,0.48640014666693654,0.42512214792332365,0.3793937129748688,0.2721861065326011,0.1385720276312697,0.46620506493733876
0.4878780099994046,0.5127801079467841,0.4204855682982558,0.3849191108832509,0.5063085578043318,0.2875432660411937,0.4424727158495497,0.5945154062335781,0.14197134184327548,0.389314408971962,0.534807745712531,0.40839444906565336,0.33325245842914075,0.0,0.5881159511572899,0.3762551284157535,0.49469676263463047,0.24485779407806826,0.500390742301196,0.5168575123828025,0.4836157805880451,0.49481643133703834,0.44753769225266,0.2843466795452747,0.34779478164279914,0.6094399828642473,0.27358675909398933,0.3631010161028142,0.39170625218197247,0.6255585741606556,0.3600106688083112,0.4273025565483461,0.516370056601658,0.38885373544323454,0.4706220766141239,0.6423342836573648,0.897550216408604,0.5443036323959369,0.2989927638111016,0.41271585872589633,0.5591513281865924,0.3460303337811516,0.31525742322348865,0.5557855535145735,0.6903348401274748,0.5554216923283029,0.7731530073866494,0.17279825199172005,0.9999999999999999,0.5054226398952424,0.3941658305855269,0.3442932335491524,0.46113722446367833,0.2559669801377906,0.44765742513872653,0.0,0.1984942762961219,0.34207240512774073,0.6039987306111539,0.6436011446729683,0.6908278411722132,0.7055844962354498,0.5233197857417355,0.7373487944459579,0.7925948984437446,0.6157780433129741,0.0,0.644964160988716,0.15165181986641907,0.5706593941686912,0.6559434917280745,0.5380473497858757,0.7083753201004552,0.6852015377107659,0.7402565479964728,0.6140576427514828
0.6677349124527824,0.4350783317225295,0.6712894482112197,0.2146622357709837,0.5006670894566029,0.49950330878714244,0.5067651842952614,0.6059308433432561,0.6028922873620827,0.3841750140874569,0.5952473276960815,0.6018595839563564,0.538997254467263,0.614248334670364,0.6354972857628128,0.4641729712055427,0.0,0.2591703763598258,0.5267363817011302,0.37101138440053566,0.6016858045882971,0.46092629963602255,0.6833514076474086,0.7829758217973087,0.23580246796498036,0.529914416782989,0.5264700492781433,0.6195555071428128,0.5586201813122267,0.617342586173476,0.5855929008399712,0.5724831013240552,0.4893356877241734,0.5655200681954518,0.305323368743037,0.6774782409732714,0.22127675022024432,0.7387631122366198,0.2873820373148624,0.4108704377903871,0.352150583096763,0.45864575237247013,0.506924645064245,0.4989641035558963,0.04732137742508545,0.5197796680425986,0.5010830829701176,0.4082141358023205,0.7001199563509675,0.4357756802542972,0.45143153584424883,0.4497102511547641,0.49811173642020357,0.43397240440638685,0.16828630554314603,0.5085287780968596,0.171535124771491,0.45063263303567463,0.5666519628754663,0.7430532334343308,0.4254139138941281,0.0,0.3268631771309322,0.39080399069350935,0.5225257237848383,0.5190646154916868,0.644964160988716,0.0,0.4227185577438636,0.29479348831224245,0.42185312269969055,0.8238254988274761,0.4154180616740089,0.404311362605235,0.4242687065477899,0.35691193234235713
0.4738766665345938,0.5541425743891657,0.0,0.0,0.0,0.40044069888904593,0.38523582669801865,0.0,0.505917243917972,0.36009381722900624,0.0,0.4913418401007124,0.5161369143496585,0.0,0.3846966555277812,0.47919390626885067,0.3779983549593664,0.3814129838719662,0.0,0.0,0.6610893620567546,0.47147596634426614,0.4141587544093216,0.5600338996559985,0.4059506850138738,0.3303644549132936,0.0,0.6764308073921063,0.5172178184459397,0.0,0.5164773293981672,0.3785908535950882,0.49456983265505294,0.6759911765508768,0.4968996241571448,0.5732618998168951,0.36284622069081074,0.489456660129965,0.5404273952889973,0.25718231621282395,0.27676026152070976,0.6256598936234141,0.40133729930183176,0.4584889441896448,0.06967497987993845,0.3622767091895058,0.5905837122776854,0.4171911926232163,0.5234701574110592,0.7288624443066501,0.37807960146108965,0.6373014340455053,0.4366424628940757,0.31619528774130506,0.41094212144065717,0.4941755012340948,0.6162675545496886,0.3407407831422191,0.5468944292948259,0.5696966255436247,0.4337589606921948,0.4547740518490226,0.5592355167511135,0.7376403847494797,0.30779639730777686,0.5345635793127933,0.15165181986641907,0.4227185577438636,0.0,0.6555157295968455,0.5310370572262442,0.4263821676693692,0.391545160165387,0.46923324749402257,0.42856942349192817,0.3487157190845853
0.2805416417374402,0.2673955501182424,0.6653610526780283,0.0,0.6175519415298398,0.10315757909981085,0.0,0.5070825422826728,0.6825747315913475,0.6089671095642237,0.0,0.6788570194518687,0.1544383489420001,0.0,0.378496454929936,0.434493656985754,0.5410582774035344,0.3609541418742922,0.0,0.36762289646075164,0.3150379058606432,0.22074578775841042,0.3944973089091586,0.570381572714107,0.40199928934330875,0.3351359327762309,0.28345845189796587,0.29082652781306956,0.21689023856374992,0.6254775453580974,0.4596541268962929,0.33797443158373436,0.570174468827119,0.46112020251596286,0.37717548249645727,0.45720668869871345,0.0,0.6252235741377603,0.38763413942606434,0.364557527355851,0.45729860699950775,0.5895407240775085,0.6391326087438693,0.4785707785700628,0.3358546621595103,0.3230946520018902,0.6620850952287017,0.2644591597270305,0.0,0.09557709464473602,0.31201952421153567,0.2735680506968178,0.26883186791386066,0.3005074565879722,0.5773094592992644,0.38360955596459195,0.5607858842889805,0.27660055002118666,0.6528803454317056,0.514459305743651,0.47710742355159724,0.5747171602938322,0.48446905748316993,0.49357178965134313,0.5121565144596033,0.2924076981098007,0.5706593941686912,0.29479348831224245,0.6555157295968455,0.0,0.4745242420885611,0.3800813011659179,0.3592808863097724,0.48602084313694066,0.40370205334207443,0.4272905186304815
0.23807666582849069,0.41182714468549386,0.35280765445974105,0.0,0.5648849422166922,0.2103957578610374,0.33625285400101995,0.45372310690299633,0.0,0.5637050036485437,0.9161978728198086,0.6783135121377466,0.3722059683946949,0.0,0.40783280244600995,0.45703803692274864,0.5488165529745265,0.31640511589522835,0.0,0.24768436593485976,0.4642504214426594,0.42889663778114345,0.3366950627952975,0.5959988106123437,0.2693506071049821,0.2700259365345611,0.22515909202220774,0.2960099406516982,0.3170697153120574,0.4919110940206385,0.376100073273925,0.37650122461677776,0.5016071754048417,0.3915071307503931,0.38633229621402204,0.3633398620014166,0.2789866374378701,0.7695922084215834,0.32369570511117224,0.43085502483375865,0.34082853382048833,0.19411293582141398,0.456237556528537,0.6554679624210924,0.5340188773875506,0.39532940815251616,0.7450885093804505,0.3060629220685632,0.508773922414176,0.5821339082084731,0.37663982496962767,0.30936629865243565,0.30722766286392916,0.24616956923421773,0.49790141638467944,0.6459144418039785,0.562593692829681,0.3148739679778861,0.23981746040391383,0.5428812590018904,0.47742954735266346,0.5580365761025297,0.33162238807137323,0.5762471803748016,0.5687279502264444,0.48640014666693654,0.6559434917280745,0.42185312269969055,0.5310370572262442,0.4745242420885611,0.0,0.4965842245567236,0.34176065997241667,0.47438340174415994,0.5878618122889956,0.30344791100318974
0.4720487071097288,0.40338763045972703,0.39766316693270176,0.5085556398628774,0.7378001320295243,0.5208849568788521,0.48507282820931635,0.6247431283760508,0.5951134030227085,0.6135218177662227,0.6913174630098687,0.41184717045423735,0.5715197572660307,0.536269243265348,0.45640150537742885,0.4671036360280433,0.0,0.5709482357382195,0.5567285563038804,0.2559967362549153,0.509445035415418,0.43660922469522345,0.49861875877889517,0.7518794025713346,0.27694184142847056,0.42015340790134703,0.5245152190432005,0.5917689332660585,0.47759294118739526,0.6112195086584233,0.6130233974534125,0.5772180767429729,0.43050235648928714,0.6035993123043271,0.63171872243525,0.5118136082470519,0.5982470451217338,0.6205922603121312,0.2849191500199075,0.3537069816705891,0.29716050612960204,0.40327012060193757,0.42033393270056585,0.437224980312771,0.4493648990369399,0.5380276062043505,0.45410609426371823,0.612063047405113,0.5767854107768353,0.6647579886044437,0.5691133717578548,0.5503088163439281,0.43746188488510523,0.7369401398693283,0.37005521735309604,0.3484892962372195,0.15392656129155546,0.5262004159118541,0.4054412494177174,0.46047695900388413,0.4856737956239472,0.5779214158009573,0.4327617832629233,0.31411434005671446,0.566497074366557,0.42512214792332365,0.5380473497858757,0.8238254988274761,0.4263821676693692,0.3800813011659179,0.4965842245567236,0.0,0.42736244620019703,0.5760079995673273,0.36896960884853935,0.30409019980169893
0.49069669648988606,0.3970023336693536,0.43908086003283947,0.6401694936225109,0.07259606835895785,0.46459793720118786,0.3372791995627501,0.4466033645036969,0.49183247568183186,0.4096501031945945,0.4817598242648113,0.6333892328484738,0.46695152291460207,0.6598515213363241,0.29720651842985396,0.6030336817482513,0.3534108326933133,0.7273224270233067,0.3239933405522561,0.24828615965650053,0.49338339274093496,0.4715690232529196,0.46685331193712665,0.653535208265539,0.39492627021572235,0.3961216328470357,0.43315352078779384,0.5323223077936008,0.4650277384425465,0.5290436749022167,0.2668360034101731,0.24747397924005216,0.5334777171636689,0.3088730574123252,0.31249765838368415,0.40648924146599347,0.49226129207044467,0.4888133362785114,0.6223240607097376,0.13590285659660095,0.5525549029915007,0.40695358538504156,0.6815773361615599,0.7451460095058455,0.4658949064628296,0.5082268757351134,0.35604097943323826,0.4285989561963031,0.7457069289272802,0.6318496492535391,0.5611092182018771,0.6376823881469925,0.2963579586988061,0.5181422756761447,0.35380217339454173,0.6295493615095111,0.41070336542898467,0.6200306814228483,0.5446974148397489,0.41381829720254937,0.4514078306845561,0.2574887497002679,0.435773053931025,0.4577286791145948,0.7964809439226535,0.3793937129748688,0.7083753201004552,0.4154180616740089,0.391545160165387,0.3592808863097724,0.34176065997241667,0.42736244620019703,0.0,0.6142033264396087,0.6678530914698849,0.6942044329015522
0.6318155229461814,0.4368316632702888,0.5961055432924203,0.5504650810638227,0.47111832969823175,0.4413559069343185,0.2933121580695868,0.5397625505121305,0.4098497858979663,0.4209551260849448,0.3092007211103974,0.551405194807858,0.43871644062181253,0.0,0.3037041845578974,0.5415437521793296,0.4989417124909547,0.23878067335183017,0.11294112652022814,0.26448599961482916,0.43938963821908117,0.3531046007247129,0.5094760813936888,0.3253142744479071,0.3013244144563837,0.421292294821556,0.36097346333923924,0.4584646840889879,0.3600827077359758,0.5132308548954568,0.5026496511658524,0.41284151130552854,0.38767663117483725,0.4729459265175015,0.3787377854163547,0.5332074810455206,0.7383533880150238,0.64469629615225,0.17720259171878527,0.384605683299471,0.5503253346700118,0.5548478564174235,0.695159649615839,0.7028230716407943,0.6236760731872254,0.4939028541927645,0.49636774342228235,0.2591060785189909,0.49405099909043804,0.6379127213162098,0.5589802354015361,0.4672354682202889,0.310508039790324,0.4646681130080975,0.4491087996045962,0.7143119996173737,0.5779984332153315,0.5736725792415036,0.7058912653851106,0.43414913698423013,0.5731489479586259,0.6220618543033021,0.5645798930399957,0.7194022541667968,0.6656060101908226,0.2721861065326011,0.6852015377107659,0.404311362605235,0.46923324749402257,0.48602084313694066,0.47438340174415994,0.5760079995673273,0.6142033264396087,0.0,0.33655539447770927,0.6219343242427263
0.0,0.0,0.4917748267391072,0.0,0.0,0.4176311680173449,0.7143596380841366,0.5386907616347647,0.6173139711706305,0.0,0.0,0.0,0.5698122121629824,0.0,0.47796134956375474,0.0,0.0,0.0,0.3682153156641025,0.0,0.22114375015462578,0.6816217817993611,0.4526807585770996,0.0,0.0,0.49796163516201414,0.3190782161254111,0.36559913588931103,0.36534399509339804,0.41778552548488845,0.3496849372848498,0.4282841272863154,0.0,0.4967320874359615,0.3297230951905987,0.0,0.0,0.0,0.35514678163394786,0.428345686620833,0.6794332363390679,0.6205234027607747,0.46766116229787946,0.7902862389345244,0.7904391236950701,0.5454292152638323,0.6036915154754677,0.012952279118444703,0.4025442452370295,0.47072726693127104,0.4058363588323812,0.6396128151269014,0.20024234663232265,0.3368360648623824,0.5867738790148065,0.42021096729885965,0.4627277474531065,0.6694077228484704,0.47727050812016597,0.4788685273187921,0.6237527062969478,0.48959488939764423,0.5749595485604728,0.44454930851245766,0.5927036302598306,0.1385720276312697,0.7402565479964728,0.4242687065477899,0.42856942349192817,0.40370205334207443,0.5878618122889956,0.36896960884853935,0.6678530914698849,0.33655539447770927,0.0,0.6326946861761731
0.6166610335333809,0.3809016124233253,0.38377505783323945,0.0,0.45706856463267087,0.4829709523910031,0.033340327824615434,0.31927631343099083,0.44816356999367607,0.5044122651800788,0.38621614868039317,0.5512115271771194,0.25835664086644833,0.0,0.23156398466329642,0.2152412620691922,0.3702187527133486,0.36370530879967844,0.21435817741325164,0.3281120488779807,0.3672029724159933,0.35375102112381385,0.4748738958867592,0.4692524123096249,0.36492022715233324,0.3726974862513616,0.4216556441846458,0.31472300859864805,0.36175157475242,0.45049236665192577,0.5945131970421748,0.4288965322471282,0.3140759255552615,0.2470283994008525,0.43266318246428886,0.7506289220061604,0.3078334883145827,0.43303161150173763,0.2964724951708642,0.5161167281884264,0.4094586632982795,0.0974463525515366,0.44348637702313426,0.7172661802423337,0.19479910780641074,0.34145806832258857,0.5705425854801113,0.3729686371771363,0.4818053655868429,0.5765865862088866,0.3676776221384553,0.4911549909717665,0.27722335350256694,0.40713586972475635,0.3005043948873698,0.4829097346903421,0.16479636395700673,0.5922218348070412,0.5612450310901312,0.4043818280276163,0.4976142017669021,0.4401394787693133,0.4286978651503641,0.3549831845680721,0.6435406304142256,0.46620506493733876,0.6140576427514828,0.35691193234235713,0.3487157190845853,0.4272905186304815,0.30344791100318974,0.30409019980169893,0.6942044329015522,0.6219343242427263,0.6326946861761731,0.0
