0.0,0.5909049836867141,0.346571739252834,0.0,0.24065623849176876,0.37110808312678806,0.369920292723693,0.5544093245768835,0.38940231494834693,0.45891266649937423,0.4850450807011919,0.3981115237316663,0.4862460485324465,0.4226443950607287,0.6142423727050513,0.7172258403893262,0.41984983865426456,0.650213826603541,0.0,0.8672402912867014,0.383312863043692,0.5418888498607753,0.6119218742121231,0.7354612722664984,0.531586572065108,0.6210711318199891,0.7714439551553687,0.4422348491858654,0.5307666227226927,0.5821734405571747,0.5447831480774284,0.43304761138955905,0.5762254064569926,0.395677192515363,0.4286206137167868,0.5638322536429331,0.4016676716064098,0.5198620894288167,0.5551445777964625,0.6190220659357392,0.48230506047782945,0.45619477063878183,0.38104050658642363,0.0,0.5549022528780707,0.6963486224394868,0.47889280445833576,0.0,0.0,0.0,0.4603221287547988,0.0,0.6078801712710685,0.0,0.5726187530122253,0.0,0.5059269149339033,0.7353744542158296,0.0,0.5925798164765944,0.6237336345403387,0.24698843674030668,0.5823417011476324,0.0,0.5636806233962354,0.6525707730135619,0.5149718470737585,0.6127174469888498,0.8201731179824481,0.6408559950852755,0.619130442348221,0.4587400761034781,0.5149327369937206,0.530196980942795,0.0,0.5964121359025715
0.5909049836867141,0.0,0.40159578631346077,0.5888168624416682,0.3959807904306372,0.4952079952888088,0.3563451700521837,0.523017420301059,0.3606401982171081,0.4132195383952103,0.3586194015968857,0.500598942370271,0.4668014643355183,0.454490658417086,0.6967276592173292,0.7449134551999933,0.549269429470282,0.7306711819517322,0.5623052190826645,0.7756354304016624,0.5806622628382985,0.5487858267229838,0.6540891828686717,0.4477208178938117,0.5847880378123447,0.5791537881774985,0.5849826952785487,0.34450622471670145,0.5939239712726783,0.3846372520058308,0.5778454695869837,0.31975116425034195,0.39965427131178727,0.4238034462081818,0.4743411950720101,0.4293078728873266,0.40150472211414956,0.0,0.2692913626873112,0.446066420243301,0.2107657708800807,0.2724021108703167,0.6027100643062014,0.0,0.0,0.49120117509239625,0.3544832499429406,0.01793158100544103,0.0,0.0,0.5855084765202769,0.5978669249228507,0.6189034138159755,0.6092191114297759,0.6576185221089563,0.0,0.6001454718557903,0.6045942343165589,0.0,0.6156647110631188,0.4796193459223654,0.7149123831133166,0.6025309102093339,0.0,0.6070230213942645,0.5519956048763047,0.5937568414538587,0.3795393521383292,0.5233780484650309,0.5738092200642778,0.3326308308726559,0.4480360638445393,0.4019785753886102,0.16273131117966586,0.0,0.32247323652070403
0.346571739252834,0.40159578631346077,0.0,0.5086763625856873,0.3431878590884557,0.7746026618141908,0.39210431914137156,0.5524713066373034,0.6542894008127432,0.5719757500149749,0.5596924721296582,0.4472337458533895,0.47994089449442096,0.402804213546403,0.5642025972212373,0.40862670537878704,0.6347107755789834,0.6091977084306186,0.6399055652048238,0.5973053619839134,0.44535714120502345,0.5785224686323538,0.4566453767256337,0.5171871766879127,0.4235033290444338,0.336148412272325,0.4269401187307272,0.5005179722337697,0.5256536186864089,0.457064551915892,0.5784792807443687,0.6220748859325638,0.44638703377069716,0.5534805276813594,0.5332105644440944,0.47586508774501557,0.6465185717166251,0.45531225007217324,0.5781536233088913,0.604836988229041,0.450652104525451,0.6534411791334883,0.5900236766845649,0.5717380439745117,0.0,0.0,0.48296824386194415,0.8205698933414698,0.5227368383257507,0.4813617317849691,0.4731657764791603,0.5143350539717904,0.6162122936825892,0.6368499569471064,0.3535718531353076,0.6669190938894488,0.37784217667487463,0.5847254221725211,0.3109666944639054,0.5163242847615813,0.0,0.0,0.0,0.6711802432179432,0.7738418456375408,0.497124576108509,0.4894346447680584,0.6399726580406778,0.0,0.6353159337638292,0.39749507636461556,0.5889893884286306,0.4612071001584415,0.7087973240299148,0.4957593445735534,0.4649488525238087
0.0,0.5888168624416682,0.5086763625856873,0.0,0.31995252311493644,0.37086659720894316,0.27597971881365535,0.5433752722929321,0.5019856878717988,0.4553295297524535,0.5279866064188922,0.37117140862302783,0.33649065049587845,0.5330708537587641,0.29823998918157807,0.1927560744223502,0.5464876682156633,0.38413037277442197,0.5609294113533158,0.5807943121656411,0.3086139139893133,0.3814618705828972,0.449149002294754,0.2384918122181129,0.7810861973350447,0.46559010325391714,0.38278462615342723,0.37675356314924335,0.8618835136667957,0.46216559819310765,0.5065683880951736,0.42209779425573646,0.27634247615292007,0.5280219690283229,0.5670197721522223,0.35006013133365954,0.4082160812378549,0.358417316861359,0.17263130601696453,0.35526003361277003,0.4959146753241093,0.3225530799511486,0.32975968643508996,0.2507469073735809,0.0,0.0,0.0,0.5483225537145423,0.0,0.0,0.6283647827889434,0.0,0.37435512088459255,0.11187976615583282,0.0,0.2603780093124043,0.4472442884092023,0.4358646778449906,0.0,0.0,0.0,0.0,0.0,0.0,0.0,0.0,0.37834739749188784,0.45212208993614283,0.0,0.0,0.0,0.4891592020428439,0.5597652698711504,0.592721567964263,0.0,0.0
0.24065623849176876,0.3959807904306372,0.3431878590884557,0.31995252311493644,0.0,0.37519525514374163,0.12238798187821132,0.0,0.3194915062277279,0.7442718889622671,0.13001782432747183,0.5501361203847852,0.37780635006731644,0.34462299865752666,0.5140010673335054,0.5467318490142554,0.48038064805978004,0.45481407378057004,0.21418311051308891,0.4225330652074089,0.5345883467170212,0.35204020461793645,0.1355024739607184,0.5450930599622555,0.4119437915970156,0.4129569160911869,0.4110805662054337,0.3428005673116862,0.3369530958585614,0.3861252899562655,0.44525742203629176,0.03915768244566105,0.4178327441839886,0.36645466576086216,0.4573622194780382,0.39794517625412823,0.42056206264616675,0.6027588831987963,0.529094727746512,0.4327425816635494,0.36223467574825885,0.5936359841045673,0.14483848344728883,0.6157551066777314,0.28028591415192283,0.0,0.5723352904877466,0.17876306635528036,0.0,0.679031508145273,0.5854578808151428,0.5403743720181899,0.0717359601244416,0.0,0.0,0.0482792440547329,0.4251994356183631,0.6518844758689679,0.5562618270027916,0.45762888927385675,0.5539745363205826,0.0,0.0,0.0,0.32931812613300204,0.4114677304506462,0.44356600296210513,0.03363234969002447,0.0,0.6064679267526601,0.49451003755772993,0.0,0.43348489326451894,0.48341974535509197,0.0,0.46010650928109653
0.37110808312678806,0.4952079952888088,0.7746026618141908,0.37086659720894316,0.37519525514374163,0.0,0.44248645323868147,0.4398346879764404,0.382147257309822,0.49263795113781994,0.24046056171277302,0.5066144754856834,0.5123818183628668,0.2889216260211341,0.626894517810147,0.5170972804918911,0.6844172645605684,0.4658440742453996,0.6831858763271219,0.49892966750964673,0.4497732361015111,0.5134842082034534,0.6349881412928571,0.2673198903694165,0.4534447202855906,0.550927554830048,0.6069248534762772,0.49163911985739805,0.38089811448621275,0.48399948957403394,0.47297637699058537,0.42333283176614017,0.62929513200846,0.4191725697760917,0.43313460786394,0.3993611418921522,0.40980228887471803,0.3543224839498139,0.552891260214729,0.24475660335182878,0.41969922297684265,0.5119425074850427,0.5353227694442294,0.49250897045822484,0.3037106216063727,0.41652101935516606,0.3623009919060626,0.5471400628901791,0.3791288555037018,0.4377497818345296,0.4405311504148547,0.5768044425645568,0.5375357331155012,0.48985811497766696,0.7146897234001373,0.4024705956639029,0.41367029527494814,0.4780892448066821,0.5416946819258065,0.5360236770559614,0.49989258233585887,0.0,0.5762621759723473,0.5258595908842316,0.5480014327573488,0.4305005296122259,0.5116628421773575,0.5157490310362731,0.41186263545883756,0.4582889010610569,0.41996128027547663,0.48136007733902975,0.5090249903632709,0.40708826239171014,0.5271827903220748,0.5228306204321389
0.369920292723693,0.3563451700521837,0.39210431914137156,0.27597971881365535,0.12238798187821132,0.44248645323868147,0.0,0.22067371433696198,0.4255610407133274,0.8954148097684966,0.11274230245672238,0.7504361829168037,0.30124619661402813,0.2502233849449018,0.48076421906152106,0.45697048163233595,0.7399301597824043,0.5167510973773215,0.19271176693777617,0.44608762350586123,0.37551628710019735,0.5078383301517648,0.3629539293875851,1.0,0.5571153962332678,0.4736362831030077,0.379656510354509,0.3470460664898118,0.4554962862778746,0.4723440313982004,0.377521077118693,0.5289610777726224,0.30061062564103613,0.38823130162233227,0.4571104872594221,0.5015559112101202,0.38262105522781087,0.6997563723829169,0.6080380956081446,0.46072952853857335,0.6863363971091022,0.640429314270881,0.5863613245749222,0.8257019539912722,0.4312997076320499,0.0,0.5889080710344877,0.4369964470217672,0.0,0.6175943575985817,0.5699565076624248,0.4260861867871753,0.0629380124986732,0.569932630480847,0.3891673956522511,0.6660922902197012,0.39657744968150155,0.3664818286983378,0.5252225627070015,0.6292741087829528,0.6522550021171666,0.0,0.562356601258883,0.6114982372122957,0.4367673611178616,0.6067395096288855,0.5232715766262731,0.43281228100312813,0.39816445508749504,0.4691312721453526,0.5823615154716347,0.4022955435568573,0.40086484270254824,0.3566028634171019,0.6295148251838101,0.3948254427527973
0.5544093245768835,0.523017420301059,0.5524713066373034,0.5433752722929321,0.0,0.4398346879764404,0.22067371433696198,0.0,0.482928975970051,0.5474561908797324,0.358124024083351,0.6140528806901432,0.34137600774367655,0.48492904184804153,0.4713360361108194,0.6530280145159189,0.37542248842372605,0.5208549544450978,0.49283650157156106,0.4505687054546741,0.397657409213958,0.3673839395692462,0.4536984165044884,0.505021780997778,0.504710469692832,0.5282524997676408,0.4712609493671199,0.3670701416619495,0.45447453379238484,0.46991876623764295,0.422057638113997,0.42854361537065666,0.6037671023104889,0.3992519280462955,0.2586474473663965,0.3071676535217557,0.5258419169811126,0.6372433003393498,0.43564084442284534,0.47872818255730115,0.2663782514069867,0.5724034409123979,0.18257769475772456,0.3780402954230382,0.0,0.6592415559507245,0.5263411729612983,0.5267092184192913,0.0,0.5197128160614399,0.39496342573806514,0.46707327262398146,0.1894672432559381,0.37260387390773964,0.5463101271844683,0.2841651665046404,0.8871614864629227,0.3474353356160323,0.1846849042960342,0.319299108397521,0.3603601534332142,0.0,0.7076632884557524,0.42961160417303534,0.6653666339716222,0.6232717740537098,0.6275788667396859,0.45109241041602366,0.0,0.5478574943414039,0.41011484920824903,0.45027839662803665,0.38694815702971674,0.40971030741029324,0.39814101919577777,0.31432279040010186
0.38940231494834693,0.3606401982171081,0.6542894008127432,0.5019856878717988,0.3194915062277279,0.382147257309822,0.4255610407133274,0.482928975970051,0.0,0.35349690718417826,0.2895678289498664,0.4903782222441079,0.42291356680972214,0.2438501092026857,0.6688258999791836,0.4940495928840286,0.4434052520754168,0.509238716234722,0.4398514702583325,0.4528289851452824,0.4157756967525933,0.5778814590833987,0.6714389202532429,0.5108919044128319,0.40618135027640917,0.46734812801297665,0.33070834284085265,0.4512641781255221,0.3045075589606706,0.6014227748455986,0.5770161476597827,0.6054261274898805,0.5106179912862918,0.5129073222033137,0.4232301552107512,0.3915303118420411,0.5348849836233545,0.6132667526650304,0.4347574084962256,0.6099355610953727,0.4084912941439698,0.3260427460000271,0.505053270480141,0.4713934295054815,0.49200287134038556,0.0,0.4704568189828565,0.6613593172047053,0.5006812789284842,0.30112154981877304,0.5482858438752133,0.6648097620827926,0.5607849441113539,0.53755981255989,0.5631383960101274,0.4482427890756989,0.48825069593498976,0.5812983257854547,0.423691014874474,0.35694073108202823,0.6809203202434908,0.0,0.0,0.5718732293007168,0.5698737224104594,0.5790417500085607,0.49418493827367393,0.6204476723527961,0.5180617147231581,0.6613311809281779,0.3787388414934892,0.5953460663903579,0.5212284116073165,0.4705124748378668,0.6146496247000176,0.5856094588242434
0.45891266649937423,0.4132195383952103,0.5719757500149749,0.4553295297524535,0.7442718889622671,0.49263795113781994,0.8954148097684966,0.5474561908797324,0.35349690718417826,0.0,0.4216336678371463,0.5605428651588913,0.8482201570120551,0.8210107008453184,0.5093341295875005,0.7302156087504612,0.6953935853017931,0.6884170467808001,0.5880627555804478,0.41540489261422203,0.4998094868476064,0.44952445751227565,0.5691095343314705,0.5174669132341209,0.6910698769309399,0.6503403496150449,0.5533053658070455,0.9443444616323915,0.4178550425664037,0.29412119860429375,0.6904064391204429,0.7176747703533417,0.6263692005845926,0.88792330829903,0.6802175865896353,0.7664032273176883,0.8728746998675322,0.5519456136613231,0.35526079009958716,0.46674268057685125,0.7271827072241064,0.4116496464726692,0.34436908798457644,0.36270965221810025,0.43417159937889654,0.5941623587387566,0.5683372964722376,0.3746094718423096,0.3807118260689971,0.5019072455562862,0.5521726879099964,0.7431082564578191,0.4720012333761645,0.2684017377194873,0.6043848902479918,0.4476574465320548,0.5943927720814751,0.7245304912844414,0.0,0.7419689962301723,0.5679080965919766,0.5928422259727186,0.43701861163418426,0.48688974484003344,0.6493789094905015,0.464250011490779,0.40496799310944565,0.5642946403542587,0.4638802383453729,0.5584733852317971,0.4931324549448769,0.5921496970584215,0.689180277075687,0.47461455283317777,0.0,0.721571632083039
0.4850450807011919,0.3586194015968857,0.5596924721296582,0.5279866064188922,0.13001782432747183,0.24046056171277302,0.11274230245672238,0.358124024083351,0.2895678289498664,0.4216336678371463,0.0,0.5640502231096475,0.06519216091796008,0.435187117603497,0.0,0.5085857453686217,0.38476295057229515,0.4641510624591152,0.5945750297729212,0.5518179452638331,0.5673079452811992,0.3936440359788672,0.41023112914396237,0.5619039045752304,0.5262014428831385,0.640154437340721,0.37739330702036566,0.1875580367587984,0.5715728417305678,0.4622541840523788,0.3535451383476024,0.10183132886508832,0.5269577232427394,0.25390926834454564,0.333900088964469,0.3149284114035917,0.6319899235440328,0.6232095802473427,0.07363515385014101,0.48468354965960936,0.47633203272672386,0.6214338929402891,0.30157363772146806,0.4291613029457031,0.46947811020213853,0.0,0.0,0.6061714085991468,0.4777863527320938,0.278926036806729,0.26303223904611117,0.3351650039880353,0.32891243605220366,0.4869862719241146,0.5565734296479267,0.2874708518358804,0.37827168713899595,0.5937518343136454,0.18206474729903954,0.0,0.0,0.0,0.0,0.4283947706217857,0.5609677972696658,0.0,0.615350453554094,0.4351223713346254,0.0,0.0,0.98107707680464,0.6682567563386873,0.5308981320113533,0.3177034855168587,0.0,0.5847752717865529
0.3981115237316663,0.500598942370271,0.4472337458533895,0.37117140862302783,0.5501361203847852,0.5066144754856834,0.7504361829168037,0.6140528806901432,0.4903782222441079,0.5605428651588913,0.5640502231096475,0.0,0.7040989897000434,0.5359791121916514,0.3309390824610254,0.43819994923119776,0.6841271956246573,0.7660354370678811,0.4726038879325344,0.6067583376172839,0.2351585793486729,0.3069917259210423,0.2795357487274902,0.4685148718878674,0.6357154160498142,0.6746128654397031,0.6244879164799905,0.7779909069348115,0.6850854852653367,0.35427825933669393,0.7077696042037211,0.5200072405146166,0.7100496902107774,0.5487760419780945,0.7054704207405206,0.6165631321471993,0.6352665251473155,0.4978911913713514,0.41735807057776825,0.5712536829254115,0.7082746788824061,0.32311711601281956,0.3667011003977625,0.39379888146590847,0.37855632297811287,0.3915705732505631,0.6218062141488132,0.18393942529644713,0.14671667154060822,0.416864352047725,0.6271193509179762,0.4733949340357762,0.26029393003669604,0.3850930236340102,0.6491336246429655,0.30717901466366804,0.5868180517560938,0.6125569048653053,0.5188399119749445,0.3921297928637044,0.6271546553888364,0.6233973747329817,0.6022848799495526,0.4166764228963821,0.527071878831335,0.6845539027142264,0.3833413469107383,0.5984522314113406,0.5394076254612393,0.611482436685134,0.5738274566044519,0.4312148753702534,0.8504459177187214,0.5721867679920034,0.0,0.7547053160721022
0.4862460485324465,0.4668014643355183,0.47994089449442096,0.33649065049587845,0.37780635006731644,0.5123818183628668,0.30124619661402813,0.34137600774367655,0.42291356680972214,0.8482201570120551,0.06519216091796008,0.7040989897000434,0.0,0.29359398663649244,0.4883247359035583,0.5555411952374163,0.7763874810946141,0.5869699711154527,0.2711600475253745,0.4969983972067473,0.4806130816468096,0.5427544224046001,0.4408789130150903,0.680552216783051,0.6661474747282616,0.6527027990447061,0.44161934143625625,0.4040422482009668,0.5677483267802585,0.46385146155301016,0.4671919605007038,0.4446957072539376,0.7051841412645653,0.5098703506760267,0.5034305011229396,0.4050388216247846,0.48419595868581733,0.6985294381744406,0.5615726577504078,0.6312796930025012,0.41284253159572437,0.6716135461731247,0.32337502839797383,0.4692267171747937,0.6404510687345409,0.5253582825169613,0.5994101867156937,0.5107659258289594,0.0,0.45212802985897416,0.4103931700122485,0.42048630485583116,0.3280233884119027,0.4979574181945208,0.5758376162709338,0.46676679165688884,0.46853455176594083,0.4532800742588395,0.6341334739161852,0.4101612047952504,0.6372903220849688,0.4076578541518834,0.5254548524922784,0.5640430624285326,0.4398259404188458,0.5842681800233231,0.37750165699070737,0.45575987796956974,0.49327968177279546,0.3836068402210313,0.44436273345716387,0.5483342788401278,0.31649894986400173,0.40885145925775584,0.5474659540217653,0.4417128298172887
0.4226443950607287,0.454490658417086,0.402804213546403,0.5330708537587641,0.34462299865752666,0.2889216260211341,0.2502233849449018,0.48492904184804153,0.2438501092026857,0.8210107008453184,0.435187117603497,0.5359791121916514,0.29359398663649244,0.0,0.5506585577297994,0.4668809120210046,0.4819163518044045,0.5004330382229734,0.4408063465616424,0.4066670338213381,0.5686363780494775,0.3847824880829412,0.32991943815537206,0.4822246615391858,0.5543375809265746,0.5022145768171976,0.2910156017972824,0.45253773338429903,0.3678310199360809,0.9032677370176356,0.6352791951352053,0.1359208384401866,0.23649747519160566,0.623851513493375,0.48268055604162347,0.24808383899955722,0.5179577308392395,0.4805285869841273,0.670794228038264,0.0,0.7036456986661517,0.719737828055053,0.2671679146896042,0.5226550542306327,0.0,0.0,0.0,0.3248184450578251,0.0,0.5660332049234427,0.45537568920006344,0.5396080853956506,0.2302305446823403,0.36710551794054486,0.0,0.22900473895469692,0.5152770166585385,0.7363471469590888,0.462223319969748,0.0,0.0,0.0,0.0,0.5527351170782469,0.0,0.0,0.0,0.3370125353154077,0.0,0.0,0.0,0.30601205143346005,0.6789870878786743,0.0,0.0,0.0
0.6142423727050513,0.6967276592173292,0.5642025972212373,0.29823998918157807,0.5140010673335054,0.626894517810147,0.48076421906152106,0.4713360361108194,0.6688258999791836,0.5093341295875005,0.0,0.3309390824610254,0.4883247359035583,0.5506585577297994,0.0,0.6527580776256366,0.36544537036609803,0.5820171113563648,0.0,0.4914985523785834,0.6399241069384686,0.588142212730275,0.726273224148818,0.28162491913041154,0.6561559262425399,0.44590564962413576,0.5256882077707876,0.33372163557684426,0.4506984985341311,0.5264215607804008,0.5628659024594366,0.3345839355206659,0.5274533611520762,0.39736350820286626,0.4359871850217186,0.5646080991368004,0.38499463860149336,0.35526304673837195,0.47698577913033013,0.6148109898573934,0.47358359757674795,0.4589104964245074,0.5280001293118837,0.44921192363200124,0.0,0.7486573564546066,0.6679847543650491,0.4461180406466704,0.0,0.0,0.344100146338693,0.6177374888473812,0.5483458943929416,0.6141681952272744,0.0,0.0,0.6379935291461271,0.5438264475310973,0.5115057882701803,0.7561038219377162,0.5113815729128623,0.5570436228906476,0.7017567665244078,0.0,0.8159548093983464,0.6845895847714722,0.8288918679658979,0.7008715106597891,0.3721168428860909,0.5795261975352747,0.6971124257009311,0.6124162047644494,0.505443516429807,0.49711779365422304,0.47755168201895776,0.4255717672629666
0.7172258403893262,0.7449134551999933,0.40862670537878704,0.1927560744223502,0.5467318490142554,0.5170972804918911,0.45697048163233595,0.6530280145159189,0.4940495928840286,0.7302156087504612,0.5085857453686217,0.43819994923119776,0.5555411952374163,0.4668809120210046,0.6527580776256366,0.0,0.723751833221327,0.7716005938046421,0.5343793026652863,0.5524086172186853,0.6854929519462141,0.6187806635336788,0.6514524807737136,0.653483166985443,0.5781610943534059,0.6891652356164611,0.5849953594441795,0.5414091756745044,0.6668057506625983,0.48271532054311656,0.7707816113682797,0.49193781748801435,0.5318241571340786,0.5370827948296002,0.5552532058169445,0.7234405502257677,0.7641092176638703,0.6217035505726644,0.4829477251391594,0.5460000660690765,0.3991008940388864,0.3973467847394114,0.38866843153019254,0.0,0.0,0.6299229659977903,0.4763525449033916,0.0,0.0,0.0,0.4464222017805321,0.5863424442951158,0.7473744267372167,0.0,0.74464220545722,0.0,0.6395164600982188,0.5939445572392821,0.0,0.6225596447132379,0.5269040620674402,0.6234209715295443,0.6294009105530163,0.0,0.5965973211344574,0.669268844095547,0.496100546629534,0.6201165918627187,0.42810254425065103,0.6448519484183448,0.5989429643366413,0.5876039408623679,0.5115740175488142,0.6197056431222946,0.0,0.3933713765490709
0.41984983865426456,0.549269429470282,0.6347107755789834,0.5464876682156633,0.48038064805978004,0.6844172645605684,0.7399301597824043,0.37542248842372605,0.4434052520754168,0.6953935853017931,0.38476295057229515,0.6841271956246573,0.7763874810946141,0.4819163518044045,0.36544537036609803,0.723751833221327,0.0,0.8291606687016971,0.6550935443496754,0.3344200892716654,0.4799633854406389,0.554231123689398,0.3532209311416639,0.6667156011294043,0.4162624147191061,0.6886179448035956,0.6952424430019999,0.8802595485867142,0.3328315117425188,0.5930775910975412,0.7097445068360035,0.563746876081338,0.7010327077952583,0.7179121385404251,0.6835952528626251,0.5980696026654223,0.3409063347328376,0.6467104348181353,0.5603538041335946,0.38951841456025826,0.7746967978867653,0.5690499504217826,0.0,0.0,0.5552495584094671,0.629029634717191,0.5164343812166334,0.0,0.0,0.0,0.0,0.0,0.0,0.0,0.5850755006165149,0.0,0.5014605359714035,0.4306919133272742,0.0,0.7361443590963375,0.549013622212019,0.5293554173850823,0.2495077024795188,0.0,0.0,0.0,0.512588471219774,0.0,0.5157900731627579,0.5098767046938039,0.4751865772372649,0.0,0.3602370149246265,0.49928782935133936,0.0,0.6471482191323348
0.650213826603541,0.7306711819517322,0.6091977084306186,0.38413037277442197,0.45481407378057004,0.4658440742453996,0.5167510973773215,0.5208549544450978,0.509238716234722,0.6884170467808001,0.4641510624591152,0.7660354370678811,0.5869699711154527,0.5004330382229734,0.5820171113563648,0.7716005938046421,0.8291606687016971,0.0,0.5101459927144072,0.601751024332263,0.6354059317955638,0.685567029008274,0.6026121577400685,0.5850623141621079,0.5301738962463066,0.5914610449707844,0.6211749378761229,0.5388875434874981,0.5228619215032947,0.4816483846174789,0.6237699360416152,0.4641557900321651,0.6073950508478714,0.6780227207575433,0.6434253288164434,0.6750048404140743,0.28997976326535935,0.6757058410724947,0.5554573166701927,0.62868066147226,0.6056198397670867,0.5011538473972823,0.0,0.0,0.5843081644387612,0.6290062932042959,0.4986158797241149,0.0,0.0,0.0,0.5237619566537534,0.5984770035132223,0.7580382681863254,0.0,0.7839784367066258,0.0,0.6992043274374949,0.5709414992203893,0.0,0.565735686935047,0.4734475705028644,0.7572635047888732,0.6302105193634483,0.0,0.5935230778348246,0.5415005302247154,0.4555222612997447,0.6407165507866146,0.6290100046967273,0.6206085935273831,0.5861315754245285,0.5378190826092663,0.7134210499335942,0.5246518116245542,0.0,0.7553326710760685
0.0,0.5623052190826645,0.6399055652048238,0.5609294113533158,0.21418311051308891,0.6831858763271219,0.19271176693777617,0.49283650157156106,0.4398514702583325,0.5880627555804478,0.5945750297729212,0.4726038879325344,0.2711600475253745,0.4408063465616424,0.0,0.5343793026652863,0.6550935443496754,0.5101459927144072,0.0,0.5666766587733246,0.360137521571976,0.630384454112473,0.5306607306293156,0.45339831743404496,0.5193985118932786,0.630236669097173,0.28140425762723686,0.3840581400955981,0.7025351264583037,0.5186612068496086,0.5186961396009893,0.508551267824813,0.5806106135799262,0.41268280892070536,0.4566765422931354,0.7458463153168792,0.4706459211160605,0.3444917614461745,0.4168039592627255,0.5854738355229747,0.2842561751948768,0.4697032057429244,0.5608022945130273,0.3671521811398147,0.44446486301998267,0.0,0.0,0.8555060139924663,0.0,0.4679231389113136,0.5299910534189969,0.3762678105951629,0.4850800843875034,0.5281706361282081,0.9821051388348407,0.7123342088555131,0.4329225292545654,0.4791734380608459,0.39905006797261655,0.0,0.0,0.0,0.0,0.6227956294446518,0.4834480279954292,0.0,0.4264231099347565,0.555408668896467,0.0,0.0,0.0,0.4335474762191093,0.46193876938301764,0.42112095367730507,0.39493735558187426,0.4401890730866917
0.8672402912867014,0.7756354304016624,0.5973053619839134,0.5807943121656411,0.4225330652074089,0.49892966750964673,0.44608762350586123,0.4505687054546741,0.4528289851452824,0.41540489261422203,0.5518179452638331,0.6067583376172839,0.4969983972067473,0.4066670338213381,0.4914985523785834,0.5524086172186853,0.3344200892716654,0.601751024332263,0.5666766587733246,0.0,0.6713177443173717,0.5105200450042624,0.05573034754957695,0.5508964992898715,0.6413399346021111,0.5074990832545043,0.5693951700924099,0.4373475035080527,0.6728240431577579,0.5930114186245895,0.6660565811499318,0.3445800273256805,0.41778017247446503,0.5396595494782429,0.5251990584731048,0.7249602932462001,0.5280865679917721,0.5926943842417045,0.4116875897387943,0.46570996049900965,0.421480870044121,0.3668349523301596,0.5092675053144118,0.2940159374164721,0.5803471543221561,0.6371359452601963,0.5354524920930417,0.36349926822010825,0.0,0.0,0.2610535297178437,0.5600932391261477,0.4193759023703219,0.3840200204812538,0.9098636853776285,0.0,0.43246272233113725,0.4737779373142452,0.0,0.6125078729738658,0.4897861211699801,0.38511742338761473,0.5209360913609641,0.0,0.5874734329846134,0.5342175217325319,0.6990464275624677,0.48010016994498456,0.0,0.6330628909024775,0.5107462662996008,0.42374003443126684,0.3157338418903873,0.39228470136490673,0.4235728972261079,0.36326372991332745
0.383312863043692,0.5806622628382985,0.44535714120502345,0.3086139139893133,0.5345883467170212,0.4497732361015111,0.37551628710019735,0.397657409213958,0.4157756967525933,0.4998094868476064,0.5673079452811992,0.2351585793486729,0.4806130816468096,0.5686363780494775,0.6399241069384686,0.6854929519462141,0.4799633854406389,0.6354059317955638,0.360137521571976,0.6713177443173717,0.0,0.6364261659847544,0.596775190504273,0.49176255559270105,0.5370450801337916,0.5882454291194046,0.5907217102682695,0.3843229311121397,0.47716357197673975,0.4926113029313267,0.5305519111360648,0.38354285144979117,0.3316778210603353,0.365724546228974,0.43774590670849567,0.5714059628694105,0.41854135213571153,0.4597993501092149,0.3965370028566436,0.4061224597099754,0.23245552415197135,0.3023988563212651,0.598996111255034,0.0,0.0,0.6884160778432616,0.37296677130886147,0.6849370590708566,0.0,0.0,0.25655316873564094,0.4345508571669829,0.43494970050682963,0.4416124031408635,0.46474027383545985,0.0,0.5620296696332139,0.3989050735127031,0.0,0.6364987604393617,0.3686911105234817,0.0,0.9174915479005447,0.0,0.7158234746421251,0.7191908479207162,0.672364109287383,0.3698635376474265,0.6468091970091694,0.4533407650021025,0.6069661582258349,0.48951997828966454,0.5784110438869616,0.48372075298155126,0.42526271061890436,0.31036322419217194
0.5418888498607753,0.5487858267229838,0.5785224686323538,0.3814618705828972,0.35204020461793645,0.5134842082034534,0.5078383301517648,0.3673839395692462,0.5778814590833987,0.44952445751227565,0.3936440359788672,0.3069917259210423,0.5427544224046001,0.3847824880829412,0.588142212730275,0.6187806635336788,0.554231123689398,0.685567029008274,0.630384454112473,0.5105200450042624,0.6364261659847544,0.0,0.6789617546090436,0.0,0.7219406292693044,0.5826483666501576,0.612747325007842,0.6070932439956025,0.69185684746824,0.514290151525676,0.7733898514998012,0.4142325430423819,0.45173888534545753,0.5070069183058956,0.4905166240872581,0.4634610695995226,0.6112078059970677,0.41600967227333546,0.4466561791232536,0.4208853687318111,0.4650287076647323,0.42272708083962596,0.488687863786483,0.3321365183965179,0.5622907663663393,0.5129239612468144,0.46619372198633474,0.5035140800484441,0.48910172565985144,0.4691207708429986,0.7050690912419687,0.6652407726317836,0.6801002741876043,0.5088347699049187,0.5972038717234253,0.0,0.41443846735391626,0.6059541549656041,0.0,0.6805451066397596,0.3586997471279053,0.503019274111133,0.5943334727978277,0.0,0.6510289379271711,0.6331794749410457,0.7513212467144286,0.5656490984334251,0.43469729585584915,0.3348800049515518,0.5747819004019272,0.671320613856392,0.4926621904658264,0.4430902365658874,0.6796560977228534,0.5024690489006588
0.6119218742121231,0.6540891828686717,0.4566453767256337,0.449149002294754,0.1355024739607184,0.6349881412928571,0.3629539293875851,0.4536984165044884,0.6714389202532429,0.5691095343314705,0.41023112914396237,0.2795357487274902,0.4408789130150903,0.32991943815537206,0.726273224148818,0.6514524807737136,0.3532209311416639,0.6026121577400685,0.5306607306293156,0.05573034754957695,0.596775190504273,0.6789617546090436,0.0,0.5144494055507509,0.5520778085384865,0.5444280376018372,0.4735867746305988,0.44391024309901417,0.55785537778196,0.5641425469127184,0.5422712296167007,0.513551329380058,0.535802219986762,0.5031232016245685,0.4645885968885688,0.5183165535211566,0.4119781359665412,0.39353258539827013,0.5036813716858015,0.5046495571499141,0.5251228528452954,0.5124181409918521,0.6075538527591883,0.4838864368175849,0.7035606720901044,0.5822638581820336,0.3077528839131229,0.7367212676765889,0.429506076424765,0.48842142189678245,0.48142968560716404,0.52080735643165,0.5561602264734201,0.48565858812212115,0.4159718428516492,0.6430554858422081,0.6505145758891699,0.4735766263395914,0.42325077631616315,0.5647338016774777,0.38308084472300336,0.6493789094905008,0.4637168559596975,0.6345879927800495,0.5914776534635426,0.5595799012715647,0.7036032396367151,0.6641080112913871,0.40794557067625553,0.4314433921985644,0.683079356007313,0.5044015121819685,0.49921152814530256,0.5650962150620243,0.5851271155246234,0.5352260150732524
0.7354612722664984,0.4477208178938117,0.5171871766879127,0.2384918122181129,0.5450930599622555,0.2673198903694165,1.0,0.505021780997778,0.5108919044128319,0.5174669132341209,0.5619039045752304,0.4685148718878674,0.680552216783051,0.4822246615391858,0.28162491913041154,0.653483166985443,0.6667156011294043,0.5850623141621079,0.45339831743404496,0.5508964992898715,0.49176255559270105,0.0,0.5144494055507509,0.0,0.5594947771960965,0.5755510659028009,0.3004435963987506,0.6785817478968192,0.6008187992408227,0.531721346893549,0.7391193239968779,0.5209615223926245,0.6082323011714076,0.5048035908218172,0.6349498959608725,0.5216743363165911,0.31832879042135054,0.5352268287219637,0.7981510850936264,0.7791913170496523,0.7833536239233527,0.7399611290914752,0.5275508984805518,0.5535350742941143,0.4156128663668827,0.5317302142433538,0.2549436637030945,0.0,0.0,0.3726537961871963,0.3886788246419707,0.35101102203231777,0.0,0.0,0.4918046664746714,0.41473070135121576,0.47671071225914946,0.4532002024829626,0.0,0.49882454589098635,0.3687562166687646,0.5350302872187336,0.5957654411319001,0.4113685297010038,0.406836038790254,0.4988762514297275,0.2566434348772415,0.780653067243963,0.5185180700186014,0.5615133441943411,0.610548247968675,0.7175981942067818,0.7493279337486456,0.3685473412936628,0.0,0.5169596212322574
0.531586572065108,0.5847880378123447,0.4235033290444338,0.7810861973350447,0.4119437915970156,0.4534447202855906,0.5571153962332678,0.504710469692832,0.40618135027640917,0.6910698769309399,0.5262014428831385,0.6357154160498142,0.6661474747282616,0.5543375809265746,0.6561559262425399,0.5781610943534059,0.4162624147191061,0.5301738962463066,0.5193985118932786,0.6413399346021111,0.5370450801337916,0.7219406292693044,0.5520778085384865,0.5594947771960965,0.0,0.4407481702236594,0.5679694729969816,0.5895584906395046,0.5773759577442911,0.3694038590419929,0.5845880739387497,0.24836066184004368,0.56326502147976,0.5340377698903339,0.4842316786824425,0.480095485922604,0.43691144726700737,0.4574672330888371,0.5501319116031379,0.6291905575735702,0.5588630163208947,0.47955174043413873,0.0,0.0,0.3762533337600986,0.6003143173537582,0.5072371207139847,0.0,0.0,0.0,0.4267134807108337,0.6648737456226639,0.7053595569007307,0.3196229877032747,0.63540136486935,0.5180223807532687,0.6307576802222925,0.3999022632797687,0.0,0.6759307625687562,0.5198788912431717,0.6604489634106377,0.629841447158536,0.0,0.6506624681158237,0.5896571861420299,0.5979040489837306,0.52597729710676,0.549036047171141,0.5859605344098078,0.523132762985187,0.48155155632130675,0.9800598352740004,0.5109282304518086,0.0,0.6596094920256889
0.6210711318199891,0.5791537881774985,0.336148412272325,0.46559010325391714,0.4129569160911869,0.550927554830048,0.4736362831030077,0.5282524997676408,0.46734812801297665,0.6503403496150449,0.640154437340721,0.6746128654397031,0.6527027990447061,0.5022145768171976,0.44590564962413576,0.6891652356164611,0.6886179448035956,0.5914610449707844,0.630236669097173,0.5074990832545043,0.5882454291194046,0.5826483666501576,0.5444280376018372,0.5755510659028009,0.4407481702236594,0.0,0.7724561167097134,0.7209106616660681,0.727651121002437,0.4431194593499047,0.5660454040994917,0.4418561662737272,0.5338681287979798,0.5008729931168262,0.5096563159923548,0.5150575351697774,0.6840838719958482,0.6345629531275556,0.48188178688701044,0.5541333510984061,0.5347550442996752,0.3092209347828752,0.3179084407779709,0.5436753119029155,0.47833354877776757,0.6287049425477429,0.549432683969446,0.5331684798836795,0.0,0.0,0.6302731046611537,0.59500590615707,0.5895534965553608,0.46208684215763224,0.6242734534884463,0.0,0.656956659167411,0.45773579113405516,0.0,0.686970258722286,0.5694708658040293,0.6336842077938085,0.595216447640083,0.0,0.5777771308370678,0.6455547791441061,0.627543940920373,0.5733203742230557,0.5313549877320685,0.5433242419607223,0.42995572623153633,0.46264111342857994,0.7419533907432484,0.6056047930791268,0.49247231713717526,0.5724453672589784
0.7714439551553687,0.5849826952785487,0.4269401187307272,0.38278462615342723,0.4110805662054337,0.6069248534762772,0.379656510354509,0.4712609493671199,0.33070834284085265,0.5533053658070455,0.37739330702036566,0.6244879164799905,0.44161934143625625,0.2910156017972824,0.5256882077707876,0.5849953594441795,0.6952424430019999,0.6211749378761229,0.28140425762723686,0.5693951700924099,0.5907217102682695,0.612747325007842,0.4735867746305988,0.3004435963987506,0.5679694729969816,0.7724561167097134,0.0,0.4543268376452673,0.60594913108134,0.5509465065521131,0.47367045075725,0.39242236411094317,0.47862026328160145,0.4367763568800865,0.3949874439777924,0.3533902302157445,0.41748273178245665,0.5659308801608265,0.49643773847545974,0.2751991479818634,0.4382430589674624,0.39815565759861055,0.5544756809949731,0.4543624339608342,0.41605259756123314,0.4054737185906413,0.43596189480410447,0.5892261625893955,0.3526494650153132,0.5148146013944892,0.47218127004810523,0.5406211975699355,0.5308876981801944,0.5381264230913664,0.5046286821082422,0.5588318586649903,0.4641988430987366,0.49061311536270374,0.5112275411670208,0.4257918077480156,0.506123638789788,0.0,0.4948875520470281,0.5339459936348424,0.47363453299016084,0.47273249814060364,0.48267237821581643,0.5505540496508793,0.0,0.3860612348681561,0.4644583637354537,0.5144006324573952,0.44103384781577903,0.4905870378174535,0.452657727712027,0.4714654632440721
0.4422348491858654,0.34450622471670145,0.5005179722337697,0.37675356314924335,0.3428005673116862,0.49163911985739805,0.3470460664898118,0.3670701416619495,0.4512641781255221,0.9443444616323915,0.1875580367587984,0.7779909069348115,0.4040422482009668,0.45253773338429903,0.33372163557684426,0.5414091756745044,0.8802595485867142,0.5388875434874981,0.3840581400955981,0.4373475035080527,0.3843229311121397,0.6070932439956025,0.44391024309901417,0.6785817478968192,0.5895584906395046,0.7209106616660681,0.4543268376452673,0.0,0.38413663026176287,0.6564854640056145,0.6191811888043905,0.6062580234529102,0.5696694666815243,0.6735804548542009,0.9401299618262707,0.5033915697633866,0.5188721724370557,0.7961370834629172,0.6199360510037026,0.4161798723314568,0.49292591513791195,0.5511568735698043,0.5499558123819095,0.479212429265395,1.0,0.5946070168268638,0.46086369888624357,0.5444117275430189,0.0,0.6303763348099519,0.41936695972294513,0.4539644560284454,0.41399739133034213,0.5188466031188367,0.5318698454607267,0.3848527712054528,0.4336625553318891,0.5342301710544989,0.4231483958572525,0.3597277709205632,0.41391063031780195,0.36930970031229526,0.41864990898276705,0.6338539904944658,0.4574402162574257,0.450734735132876,0.43660896844978814,0.4908319861136258,0.6246249849215723,0.4315140311238411,0.42556906393923416,0.5029944109779786,0.4521375475370384,0.3835969372402653,0.519550791788283,0.39156904038849255
0.5307666227226927,0.5939239712726783,0.5256536186864089,0.8618835136667957,0.3369530958585614,0.38089811448621275,0.4554962862778746,0.45447453379238484,0.3045075589606706,0.4178550425664037,0.5715728417305678,0.6850854852653367,0.5677483267802585,0.3678310199360809,0.4506984985341311,0.6668057506625983,0.3328315117425188,0.5228619215032947,0.7025351264583037,0.6728240431577579,0.47716357197673975,0.69185684746824,0.55785537778196,0.6008187992408227,0.5773759577442911,0.727651121002437,0.60594913108134,0.38413663026176287,0.0,0.5833395654413196,0.5170733212458557,0.30481335050072145,0.3862532557219653,0.47842061331556507,0.35286482143787934,0.3069191041059861,0.4862375376412498,0.5913572104316928,0.4376274592536073,0.520055171568003,0.44712127195583223,0.5030842093321211,0.4603581780029221,0.5435015572406049,0.6929696661968205,0.5619098921340717,0.5060967746211553,0.4079107560333197,0.33366505979142796,0.3619915244742985,0.39298906633366326,0.5006126590243035,0.4862189420936713,0.3533722862516141,0.6752317502229213,0.4127317881303461,0.4901123417705606,0.5420442830055352,0.6813058516650337,0.4884329367880937,0.39718283231206963,0.49236502276104643,0.5076851031056866,0.6544519037844264,0.46189312351452666,0.47294283014047744,0.5823554730397928,0.5393820526119276,0.5569628877688668,0.3625523639195315,0.5238921903842638,0.5244710522326924,0.46430083594200633,0.4395157667224682,0.5411907503598642,0.4527300541736485
0.5821734405571747,0.3846372520058308,0.457064551915892,0.46216559819310765,0.3861252899562655,0.48399948957403394,0.4723440313982004,0.46991876623764295,0.6014227748455986,0.29412119860429375,0.4622541840523788,0.35427825933669393,0.46385146155301016,0.9032677370176356,0.5264215607804008,0.48271532054311656,0.5930775910975412,0.4816483846174789,0.5186612068496086,0.5930114186245895,0.4926113029313267,0.514290151525676,0.5641425469127184,0.531721346893549,0.3694038590419929,0.4431194593499047,0.5509465065521131,0.6564854640056145,0.5833395654413196,0.0,0.7286643518163692,0.3802951893950115,0.5516089385315625,0.642569757153666,0.3262166802532828,0.36719561363449743,0.401333241633659,0.5173261228820712,0.6396061784047111,0.49778827327272457,0.46800169405542524,0.5410347089736505,0.5201213167803163,0.3630867582974846,0.0,0.0,0.0,0.30314604712032056,0.0,0.0,0.40778942359207176,0.6248418211093446,0.40626681011275845,0.6186857510483574,0.6410169261663331,0.0,0.0,0.3035836365273996,0.0,0.5509102885351351,0.0,0.0,0.9518591204804419,0.93323989111912,0.24598895205118781,0.4945179663444764,0.6049215140615593,0.5214308589559282,0.0,0.5949621009172974,0.4985569385314067,0.4941111203417831,0.5798230810542045,0.5383819920130397,0.42386789538035985,0.4334494361227449
0.5447831480774284,0.5778454695869837,0.5784792807443687,0.5065683880951736,0.44525742203629176,0.47297637699058537,0.377521077118693,0.422057638113997,0.5770161476597827,0.6904064391204429,0.3535451383476024,0.7077696042037211,0.4671919605007038,0.6352791951352053,0.5628659024594366,0.7707816113682797,0.7097445068360035,0.6237699360416152,0.5186961396009893,0.6660565811499318,0.5305519111360648,0.7733898514998012,0.5422712296167007,0.7391193239968779,0.5845880739387497,0.5660454040994917,0.47367045075725,0.6191811888043905,0.5170733212458557,0.7286643518163692,0.0,0.4021331597249512,0.5867949819685492,0.5933158580363815,0.6793985835719768,0.7157073063414793,0.5558008883139613,0.5909505734376614,0.5268574148631203,0.43648441314712494,0.5722916076234554,0.5960424530698801,0.6641986273945361,0.2920286991468787,0.521293840406966,0.3149358950613841,0.35475027250961366,0.4671149617398688,0.0,0.7608514898755031,0.2971384294273918,0.42442851566790385,0.4121193839816109,0.461733163174506,0.5252778856408368,0.6147414362383709,0.6245057261976572,0.6585247945451717,0.0,0.6852022166485982,0.4943878426670105,0.7365946494776163,0.6818409469254667,0.6560998797547908,0.5285206116441988,0.5621306957922768,0.7636864082419524,0.5098095187116539,0.5578099785193191,0.5423339551341895,0.5215195562486321,0.4560209073298396,0.27239436050103866,0.5146200921416987,0.3030462490889648,0.5700582856198328
0.43304761138955905,0.31975116425034195,0.6220748859325638,0.42209779425573646,0.03915768244566105,0.42333283176614017,0.5289610777726224,0.42854361537065666,0.6054261274898805,0.7176747703533417,0.10183132886508832,0.5200072405146166,0.4446957072539376,0.1359208384401866,0.3345839355206659,0.49193781748801435,0.563746876081338,0.4641557900321651,0.508551267824813,0.3445800273256805,0.38354285144979117,0.4142325430423819,0.513551329380058,0.5209615223926245,0.24836066184004368,0.4418561662737272,0.39242236411094317,0.6062580234529102,0.30481335050072145,0.3802951893950115,0.4021331597249512,0.0,0.20104483703964596,0.45472873756601234,0.27965597461991815,0.5428627597407087,0.7276519841528947,0.6314821816329784,0.093017843824304,0.2897228082950057,0.3826288628687734,0.30943390319716,0.5705882324487305,0.342958473734391,0.468383359985796,0.19956970480024888,0.27900526643062673,0.526806181495158,0.38447496238525414,0.6256153185110835,0.32637840034109855,0.573265457092142,0.44167403869544625,0.5053214378308334,0.38177736014881636,0.0,0.1925450975726349,0.5235551463185828,0.6701210325509048,0.5553979652016449,0.36858042796950513,0.5561255554056005,0.5491557236093726,0.3548835019284069,0.4872931459988621,0.4033140792425061,0.5876853130631204,0.4475953923523782,0.3858791912586977,0.567540972945609,0.48524187192681806,0.45109242680253114,0.6686860323198726,0.41666917020592537,0.35005326509018125,0.596695300401664
0.5762254064569926,0.39965427131178727,0.44638703377069716,0.27634247615292007,0.4178327441839886,0.62929513200846,0.30061062564103613,0.6037671023104889,0.5106179912862918,0.6263692005845926,0.5269577232427394,0.7100496902107774,0.7051841412645653,0.23649747519160566,0.5274533611520762,0.5318241571340786,0.7010327077952583,0.6073950508478714,0.5806106135799262,0.41778017247446503,0.3316778210603353,0.45173888534545753,0.535802219986762,0.6082323011714076,0.56326502147976,0.5338681287979798,0.47862026328160145,0.5696694666815243,0.3862532557219653,0.5516089385315625,0.5867949819685492,0.20104483703964596,0.0,0.4666236567096239,0.44109007490052177,0.5626282088881067,0.42476831102287993,0.318945492254023,0.24419322177861744,0.15745303820862078,0.45605046913914343,0.2120170306341465,0.42138299526984374,0.43440772830285956,0.26320692215968766,0.44278652982741856,0.3805449434046393,0.5952238270980788,0.0,0.3981644550874955,0.586589020028199,0.435011891428861,0.3534006304877503,0.2511226822011892,0.44584157446106276,0.5077526729984566,0.5196633131949753,0.5747012073977934,0.0,0.583091496341544,0.5110180936502455,0.7124780707140739,0.7256077416769553,0.9543119485392262,0.5822461385752077,0.537360214261784,0.6367638070317411,0.4100326518926505,0.6836014382774785,0.7295615730840598,0.6231599820559612,0.3232370764284325,0.7291507913700808,0.4759654036297055,0.0,0.4864961556925874
0.395677192515363,0.4238034462081818,0.5534805276813594,0.5280219690283229,0.36645466576086216,0.4191725697760917,0.38823130162233227,0.3992519280462955,0.5129073222033137,0.88792330829903,0.25390926834454564,0.5487760419780945,0.5098703506760267,0.623851513493375,0.39736350820286626,0.5370827948296002,0.7179121385404251,0.6780227207575433,0.41268280892070536,0.5396595494782429,0.365724546228974,0.5070069183058956,0.5031232016245685,0.5048035908218172,0.5340377698903339,0.5008729931168262,0.4367763568800865,0.6735804548542009,0.47842061331556507,0.642569757153666,0.5933158580363815,0.45472873756601234,0.4666236567096239,0.0,0.2699470980885176,0.6929303390300331,0.7446325941638666,0.3403837667279057,0.5900762749558628,0.5121530151594876,0.49818828665204035,0.4341015398292553,0.9035131045229071,0.532469322293143,0.47029019172795533,0.3885333418737973,0.3344188231344892,0.7484144366970504,0.2701442023381523,0.7315607725536112,0.30887151181307815,0.5524336518358055,0.4319053349182169,0.29490485393486143,0.660465810839174,0.3128781178720437,0.6641345572708146,0.31985145921803815,0.5926593272667205,0.6123861521343096,0.3681943237001342,0.6237575960335093,0.7077107744239226,0.4899029618234818,0.5187603092010324,0.5107955126072456,0.6113322673968792,0.4369586756012961,0.6835333129527937,0.5591667709413294,0.5108486029623447,0.4512530905614843,0.4860976790730492,0.44712389822109866,0.509978314976444,0.48427687872183334
0.4286206137167868,0.4743411950720101,0.5332105644440944,0.5670197721522223,0.4573622194780382,0.43313460786394,0.4571104872594221,0.2586474473663965,0.4232301552107512,0.6802175865896353,0.333900088964469,0.7054704207405206,0.5034305011229396,0.48268055604162347,0.4359871850217186,0.5552532058169445,0.6835952528626251,0.6434253288164434,0.4566765422931354,0.5251990584731048,0.43774590670849567,0.4905166240872581,0.4645885968885688,0.6349498959608725,0.4842316786824425,0.5096563159923548,0.3949874439777924,0.9401299618262707,0.35286482143787934,0.3262166802532828,0.6793985835719768,0.27965597461991815,0.44109007490052177,0.2699470980885176,0.0,0.6830627575501869,0.6359905783936605,0.7720166428287419,0.34960478914637527,0.33942490839681233,0.35524292722103257,0.2982169088220727,0.3263513614172775,0.3098231213624349,0.5992364287233697,0.4642802275795943,0.3098605315270875,0.2904963097853356,0.24367048117363518,0.40180824263110404,0.46211406186971576,0.35943886305740086,0.5720151483637984,0.31072657443527335,0.9010087557565801,0.3700376760960841,0.3676848918130678,0.3039223337844938,0.7277017446384209,0.6120617160599605,0.3853632035894987,0.49812606317562236,0.629170648380391,0.3743037194396149,0.5467525145686645,0.5351192711749593,0.6216370164146907,0.30552803741220574,0.48536512084896083,0.6022501703901774,0.44246492858162306,0.39765851326325746,0.41629938712947756,0.6070838014457766,0.32075113790536985,0.6507464585027127
0.5638322536429331,0.4293078728873266,0.47586508774501557,0.35006013133365954,0.39794517625412823,0.3993611418921522,0.5015559112101202,0.3071676535217557,0.3915303118420411,0.7664032273176883,0.3149284114035917,0.6165631321471993,0.4050388216247846,0.24808383899955722,0.5646080991368004,0.7234405502257677,0.5980696026654223,0.6750048404140743,0.7458463153168792,0.7249602932462001,0.5714059628694105,0.4634610695995226,0.5183165535211566,0.5216743363165911,0.480095485922604,0.5150575351697774,0.3533902302157445,0.5033915697633866,0.3069191041059861,0.36719561363449743,0.7157073063414793,0.5428627597407087,0.5626282088881067,0.6929303390300331,0.6830627575501869,0.0,0.43702972503954757,0.6209915756328401,0.2657099340761536,0.26044549827395486,0.5692986715892373,0.17671231489244207,0.3102711642825867,0.40425641960876146,0.5394599673454695,0.0,1.0,0.5407943648253705,0.34208735135903656,0.5319880933996545,0.49963002084897756,0.21478483496829728,0.37634831120799106,0.21067410607276968,0.3283818449574842,0.367518776549993,0.2744495338407395,0.15756475080124577,0.17952403758852703,0.8076747889717191,0.36982046430417315,0.0,0.9346449508845256,0.42289311160024773,0.7335982718055054,0.3812391594091188,0.829772399723376,0.47930821817015307,0.5750434277081516,0.47105689750345753,0.3780492942181909,0.5151498148708915,0.6152936573290665,0.5333021937956823,0.0,0.6888842762827052
0.4016676716064098,0.40150472211414956,0.6465185717166251,0.4082160812378549,0.42056206264616675,0.40980228887471803,0.38262105522781087,0.5258419169811126,0.5348849836233545,0.8728746998675322,0.6319899235440328,0.6352665251473155,0.48419595868581733,0.5179577308392395,0.38499463860149336,0.7641092176638703,0.3409063347328376,0.28997976326535935,0.4706459211160605,0.5280865679917721,0.41854135213571153,0.6112078059970677,0.4119781359665412,0.31832879042135054,0.43691144726700737,0.6840838719958482,0.41748273178245665,0.5188721724370557,0.4862375376412498,0.401333241633659,0.5558008883139613,0.7276519841528947,0.42476831102287993,0.7446325941638666,0.6359905783936605,0.43702972503954757,0.0,0.5732978251500139,0.27555691457361475,0.418451102766377,0.6151089211875569,0.41258479167693735,0.41403769995773043,0.5380344954483629,0.40153571842238117,0.0,0.0,0.5684042007273619,0.4759411279356326,0.0,0.5093849115096925,0.7288737512575101,0.8697471826139618,0.29673720604271836,0.5278464561135823,0.6046278813201397,0.5945767390485875,0.597399167646044,0.0,0.4736487000481194,0.0,0.0,0.0,0.3936285697742088,0.4720055626610199,0.0,0.843346690181296,0.5133903523583159,0.3067541372495865,0.0,0.22984348841621915,0.5523754082548145,0.44898678147531657,0.759438268902127,0.0,0.27783746506003326
0.5198620894288167,0.0,0.45531225007217324,0.358417316861359,0.6027588831987963,0.3543224839498139,0.6997563723829169,0.6372433003393498,0.6132667526650304,0.5519456136613231,0.6232095802473427,0.4978911913713514,0.6985294381744406,0.4805285869841273,0.35526304673837195,0.6217035505726644,0.6467104348181353,0.6757058410724947,0.3444917614461745,0.5926943842417045,0.4597993501092149,0.41600967227333546,0.39353258539827013,0.5352268287219637,0.4574672330888371,0.6345629531275556,0.5659308801608265,0.7961370834629172,0.5913572104316928,0.5173261228820712,0.5909505734376614,0.6314821816329784,0.318945492254023,0.3403837667279057,0.7720166428287419,0.6209915756328401,0.5732978251500139,0.0,0.5539241053236753,0.43846158817861225,0.5427712691539103,0.9699408393747043,0.38623011566265275,0.7817138281417498,0.3120268737761289,0.4822424773608244,0.0,0.6228570404044907,0.0,0.5538722851219153,0.426197887958929,0.41149338965921745,0.0,0.44028317704494657,0.4160406832323138,0.42990580954322255,0.3202947674836337,0.9999999999999999,0.0,0.49344329109640817,0.6158539543180632,0.3140563504456565,0.5182504852684413,0.3437516876654082,0.5663733236194487,0.0,0.6680385148833434,0.7457671072617401,0.4130602015925784,0.47661688309252004,0.613396422935371,0.6778718314764618,0.805608226131442,0.6388458098353307,0.0,0.3744114070848027
0.5551445777964625,0.2692913626873112,0.5781536233088913,0.17263130601696453,0.529094727746512,0.552891260214729,0.6080380956081446,0.43564084442284534,0.4347574084962256,0.35526079009958716,0.07363515385014101,0.41735807057776825,0.5615726577504078,0.670794228038264,0.47698577913033013,0.4829477251391594,0.5603538041335946,0.5554573166701927,0.4168039592627255,0.4116875897387943,0.3965370028566436,0.4466561791232536,0.5036813716858015,0.7981510850936264,0.5501319116031379,0.48188178688701044,0.49643773847545974,0.6199360510037026,0.4376274592536073,0.6396061784047111,0.5268574148631203,0.093017843824304,0.24419322177861744,0.5900762749558628,0.34960478914637527,0.2657099340761536,0.27555691457361475,0.5539241053236753,0.0,0.6578385011482587,0.5127998126924043,0.5368587229156581,0.6038732918098022,0.9687097092113133,0.4488780391219959,0.4708849705765886,0.3916958685184103,0.39767143368702207,0.7090074128466908,0.7423159097139186,0.36141458183808217,0.5228900506913615,0.6292373695785296,0.36045571903611306,0.5514143167423896,0.6056929305292156,0.4822987032565422,0.6083998906255841,0.5028528200842457,0.314275577310696,0.5808630643905119,0.5321903505535686,0.6314968538503969,0.5280308553966535,0.3731794220500753,0.31261225112219065,0.324507017107838,0.36537410860347236,0.5927148597656818,0.4403704220300132,0.47956631419857704,0.5466356989740891,0.7195644131199397,0.37224999351151433,0.5923672622946049,0.6095712386709324
0.6190220659357392,0.446066420243301,0.604836988229041,0.35526003361277003,0.4327425816635494,0.24475660335182878,0.46072952853857335,0.47872818255730115,0.6099355610953727,0.46674268057685125,0.48468354965960936,0.5712536829254115,0.6312796930025012,0.0,0.6148109898573934,0.5460000660690765,0.38951841456025826,0.62868066147226,0.5854738355229747,0.46570996049900965,0.4061224597099754,0.4208853687318111,0.5046495571499141,0.7791913170496523,0.6291905575735702,0.5541333510984061,0.2751991479818634,0.4161798723314568,0.520055171568003,0.49778827327272457,0.43648441314712494,0.2897228082950057,0.15745303820862078,0.5121530151594876,0.33942490839681233,0.26044549827395486,0.418451102766377,0.43846158817861225,0.6578385011482587,0.0,0.3354110033453423,0.34656110353086417,0.4948455421132185,0.5415612616678973,0.398130005529656,0.6410965729926329,0.3679440043209043,0.5973777810636205,0.6413736757060171,0.5367247317429322,0.3315466636462605,0.6033839096237636,0.4952263424062522,0.6019897849988652,0.5751674528916979,0.574301704252135,0.48451675139748474,0.5954787913981867,0.569486535335168,0.509976454985849,0.6157897527327391,0.6808832258526241,0.6692080970196461,0.3762881366035455,0.4525687720196875,0.3880351553452194,0.4170334473240742,0.47065916766994975,0.9014365077950458,0.43478353830531064,0.5152961471099669,0.5308524056518925,0.4648064073855233,0.6626943831186146,0.41195721038296623,0.5060705902805069
0.48230506047782945,0.2107657708800807,0.450652104525451,0.4959146753241093,0.36223467574825885,0.41969922297684265,0.6863363971091022,0.2663782514069867,0.4084912941439698,0.7271827072241064,0.47633203272672386,0.7082746788824061,0.41284253159572437,0.7036456986661517,0.47358359757674795,0.3991008940388864,0.7746967978867653,0.6056198397670867,0.2842561751948768,0.421480870044121,0.23245552415197135,0.4650287076647323,0.5251228528452954,0.7833536239233527,0.5588630163208947,0.5347550442996752,0.4382430589674624,0.49292591513791195,0.44712127195583223,0.46800169405542524,0.5722916076234554,0.3826288628687734,0.45605046913914343,0.49818828665204035,0.35524292722103257,0.5692986715892373,0.6151089211875569,0.5427712691539103,0.5127998126924043,0.3354110033453423,0.0,0.4867822141197262,0.4487382611878328,0.5031342646760559,0.40208781555798506,0.4760004520316716,0.30955561090428396,0.3478497701678422,0.6013208380739028,0.3880425872351971,0.30901515703555704,0.4766044744180803,0.41794690476496876,0.34099353478853717,0.6122018978621976,0.44634880637681257,0.6317174382694569,0.5557471685615992,0.561666290957868,0.35419655038194675,0.5882225792394942,0.7127177495067774,0.6980252002203384,0.44868665104562233,0.4066245755071278,0.3360134002621278,0.447964013569612,0.3521759431995922,0.7902033518172972,0.42615843958045657,0.37721914687665775,0.3765487389980401,0.5152824347727563,0.4527134755061391,0.6992493305693362,0.4817656522223781
0.45619477063878183,0.2724021108703167,0.6534411791334883,0.3225530799511486,0.5936359841045673,0.5119425074850427,0.640429314270881,0.5724034409123979,0.3260427460000271,0.4116496464726692,0.6214338929402891,0.32311711601281956,0.6716135461731247,0.719737828055053,0.4589104964245074,0.3973467847394114,0.5690499504217826,0.5011538473972823,0.4697032057429244,0.3668349523301596,0.3023988563212651,0.42272708083962596,0.5124181409918521,0.7399611290914752,0.47955174043413873,0.3092209347828752,0.39815565759861055,0.5511568735698043,0.5030842093321211,0.5410347089736505,0.5960424530698801,0.30943390319716,0.2120170306341465,0.4341015398292553,0.2982169088220727,0.17671231489244207,0.41258479167693735,0.9699408393747043,0.5368587229156581,0.34656110353086417,0.4867822141197262,0.0,0.706917770398324,0.5882186548358936,0.7193239051920146,0.35629529877784816,0.26695417999654225,0.2566555141862337,0.6589677530576783,0.6041295483894545,0.24218534454086263,0.45765339085615203,0.32707130861676126,0.3250470112922194,0.6045335419881568,0.5005431176685773,0.582005974879027,0.5497035379240484,0.6959392667879447,0.35068854778330644,0.5709120516737073,0.47974058566740685,0.6664976728555658,0.575882775541548,0.35503693601286385,0.3635890793771664,0.3804387488271582,0.333833821030842,0.7115212699775502,0.43239460636023674,0.2587913590235896,0.4847514190701954,0.6381860687547477,0.37945049991605667,0.5722167476763786,0.2487539716950221
0.38104050658642363,0.6027100643062014,0.5900236766845649,0.32975968643508996,0.14483848344728883,0.5353227694442294,0.5863613245749222,0.18257769475772456,0.505053270480141,0.34436908798457644,0.30157363772146806,0.3667011003977625,0.32337502839797383,0.2671679146896042,0.5280001293118837,0.38866843153019254,0.0,0.0,0.5608022945130273,0.5092675053144118,0.598996111255034,0.488687863786483,0.6075538527591883,0.5275508984805518,0.0,0.3179084407779709,0.5544756809949731,0.5499558123819095,0.4603581780029221,0.5201213167803163,0.6641986273945361,0.5705882324487305,0.42138299526984374,0.9035131045229071,0.3263513614172775,0.3102711642825867,0.41403769995773043,0.38623011566265275,0.6038732918098022,0.4948455421132185,0.4487382611878328,0.706917770398324,0.0,0.4589120029483455,0.4708943932852071,0.47077207696541207,0.4885558274025569,0.3969608063415456,0.45043282924306627,0.6793065114588345,0.29409965751395795,0.5539910914805909,0.5232088988884592,0.41322438796142313,0.8395434908148911,0.5156918978452693,0.4190123515863627,0.6691816740622574,0.4508779144909102,0.5932359454604383,0.5339961592455185,0.7242019598888532,0.6862718093851644,0.5832042072537539,0.42935133933342995,0.5457863798714198,0.3402093728593741,0.18903749040317705,0.5083919393236966,0.5331802464725163,0.40661868700015413,0.22355185833695193,0.46882676641812465,0.25797783505138505,0.3986523575787293,0.5182262326159754
0.0,0.0,0.5717380439745117,0.2507469073735809,0.6157551066777314,0.49250897045822484,0.8257019539912722,0.3780402954230382,0.4713934295054815,0.36270965221810025,0.4291613029457031,0.39379888146590847,0.4692267171747937,0.5226550542306327,0.44921192363200124,0.0,0.0,0.0,0.3671521811398147,0.2940159374164721,0.0,0.3321365183965179,0.4838864368175849,0.5535350742941143,0.0,0.5436753119029155,0.4543624339608342,0.479212429265395,0.5435015572406049,0.3630867582974846,0.2920286991468787,0.342958473734391,0.43440772830285956,0.532469322293143,0.3098231213624349,0.40425641960876146,0.5380344954483629,0.7817138281417498,0.9687097092113133,0.5415612616678973,0.5031342646760559,0.5882186548358936,0.4589120029483455,0.0,0.5950945280649906,0.0,0.2492795586653872,0.35624673965305864,0.5003908619825493,0.5776583451818451,0.5745742901571642,0.6519581495438543,0.6849417942643918,0.3777226207252485,0.5081348585590216,0.532634799000776,0.3985996049939866,0.9164922563509348,0.3545719365396232,0.3121770549238214,0.0,0.3520639247235353,0.8154804835087017,0.6176236454414186,0.4891864031136815,0.3028185732938827,0.4023136597619221,0.520573068189867,0.3671540143331759,0.4694531624683449,0.5983858651263757,0.4444813279398834,0.5939769540794712,0.5596026985915902,0.5484188523394818,0.7349190650211422
0.5549022528780707,0.0,0.0,0.0,0.28028591415192283,0.3037106216063727,0.4312997076320499,0.0,0.49200287134038556,0.43417159937889654,0.46947811020213853,0.37855632297811287,0.6404510687345409,0.0,0.0,0.0,0.5552495584094671,0.5843081644387612,0.44446486301998267,0.5803471543221561,0.0,0.5622907663663393,0.7035606720901044,0.4156128663668827,0.3762533337600986,0.47833354877776757,0.41605259756123314,1.0,0.6929696661968205,0.0,0.521293840406966,0.468383359985796,0.26320692215968766,0.47029019172795533,0.5992364287233697,0.5394599673454695,0.40153571842238117,0.3120268737761289,0.4488780391219959,0.398130005529656,0.40208781555798506,0.7193239051920146,0.4708943932852071,0.5950945280649906,0.0,0.43414838216644847,0.44107637003006195,0.39238565477400245,0.8832072944510959,0.5559523153756345,0.3599579716548134,0.5890893670739829,0.36152260458251445,0.20407487226933313,0.614451877693344,0.6153322923315354,0.47204821432044863,0.6707959499689514,0.672412569591569,0.5120458394553252,0.6230665800170305,0.6417385867652773,0.47580988676289215,0.4252581214954805,0.544586142813224,0.4181839497163748,0.6625611847973184,0.2540106398445282,0.6791489894802281,0.4630797750474439,0.6208400003570481,0.4744742944377892,0.6328858990271613,0.6144605489126328,0.7590878720713863,0.6165968769072036
0.6963486224394868,0.49120117509239625,0.0,0.0,0.0,0.41652101935516606,0.0,0.6592415559507245,0.0,0.5941623587387566,0.0,0.3915705732505631,0.5253582825169613,0.0,0.7486573564546066,0.6299229659977903,0.629029634717191,0.6290062932042959,0.0,0.6371359452601963,0.6884160778432616,0.5129239612468144,0.5822638581820336,0.5317302142433538,0.6003143173537582,0.6287049425477429,0.4054737185906413,0.5946070168268638,0.5619098921340717,0.0,0.3149358950613841,0.19956970480024888,0.44278652982741856,0.3885333418737973,0.4642802275795943,0.0,0.0,0.4822424773608244,0.4708849705765886,0.6410965729926329,0.4760004520316716,0.35629529877784816,0.47077207696541207,0.0,0.43414838216644847,0.0,0.5055593562083894,0.46817325721720393,0.0,0.6109853537193671,0.5497456033275232,0.434661494635793,0.5145783824759498,0.27957712953998504,0.5581058793052692,0.43652682110127894,0.6920492187835144,0.3876860327448067,0.44038360759406947,0.44756103839156997,0.5936928476806759,0.6447719269538059,0.6318576038159559,0.0,0.5074955926629655,0.4001969472194287,0.5341173290470892,0.464077872496096,0.4365359558052228,0.5517106019337689,0.6438579873048584,0.4639352066865131,0.6624949001174903,0.5467996891736157,0.5686767796632528,0.646790134077624
0.47889280445833576,0.3544832499429406,0.48296824386194415,0.0,0.5723352904877466,0.3623009919060626,0.5889080710344877,0.5263411729612983,0.4704568189828565,0.5683372964722376,0.0,0.6218062141488132,0.5994101867156937,0.0,0.6679847543650491,0.4763525449033916,0.5164343812166334,0.4986158797241149,0.0,0.5354524920930417,0.37296677130886147,0.46619372198633474,0.3077528839131229,0.2549436637030945,0.5072371207139847,0.549432683969446,0.43596189480410447,0.46086369888624357,0.5060967746211553,0.0,0.35475027250961366,0.27900526643062673,0.3805449434046393,0.3344188231344892,0.3098605315270875,1.0,0.0,0.0,0.3916958685184103,0.3679440043209043,0.30955561090428396,0.26695417999654225,0.4885558274025569,0.2492795586653872,0.44107637003006195,0.5055593562083894,0.0,0.3881906392114034,0.0,0.5525638347624204,0.3842311399187188,0.4922561467844004,0.5349994071702585,0.3664962353778067,0.4814884929270098,0.4906009290868031,0.5179789633851264,0.41763468511107155,0.6189458885755408,0.8092691492676344,0.6056270336276874,0.4899526461758871,0.6205343328770803,0.6614065853858099,0.6605869308700283,0.5540836187932697,0.711689555577037,0.4833625520354165,0.49901285233211495,0.5909504036665871,0.5743816194184759,0.5084415966304157,0.3765493388785278,0.5076933090780673,0.5903821310138256,0.48680553094706225
0.0,0.01793158100544103,0.8205698933414698,0.5483225537145423,0.17876306635528036,0.5471400628901791,0.4369964470217672,0.5267092184192913,0.6613593172047053,0.3746094718423096,0.6061714085991468,0.18393942529644713,0.5107659258289594,0.3248184450578251,0.4461180406466704,0.0,0.0,0.0,0.8555060139924663,0.36349926822010825,0.6849370590708566,0.5035140800484441,0.7367212676765889,0.0,0.0,0.5331684798836795,0.5892261625893955,0.5444117275430189,0.4079107560333197,0.30314604712032056,0.4671149617398688,0.526806181495158,0.5952238270980788,0.7484144366970504,0.2904963097853356,0.5407943648253705,0.5684042007273619,0.6228570404044907,0.39767143368702207,0.5973777810636205,0.3478497701678422,0.2566555141862337,0.3969608063415456,0.35624673965305864,0.39238565477400245,0.46817325721720393,0.3881906392114034,0.0,0.5286488705661098,0.6336091947952973,0.657413308923875,0.567068462974055,0.5027087882000998,0.5862451533528757,0.43077250557393176,0.49372515123499255,0.425229227655372,0.47431254446265303,0.5344042721888028,0.598886079870055,0.5273012487972091,0.5526373684499887,0.49266285569951007,0.3331536309756916,0.38139172180899233,0.36150055992934405,0.3248931272165552,0.47412748172427205,0.39969553063188046,0.4808128168680801,0.34921503113711716,0.637955866719924,0.4106010159709814,0.433507157380338,0.3345408352266884,0.39077558156847836
0.0,0.0,0.5227368383257507,0.0,0.0,0.3791288555037018,0.0,0.0,0.5006812789284842,0.3807118260689971,0.4777863527320938,0.14671667154060822,0.0,0.0,0.0,0.0,0.0,0.0,0.0,0.0,0.0,0.48910172565985144,0.429506076424765,0.0,0.0,0.0,0.3526494650153132,0.0,0.33366505979142796,0.0,0.0,0.38447496238525414,0.0,0.2701442023381523,0.24367048117363518,0.34208735135903656,0.4759411279356326,0.0,0.7090074128466908,0.6413736757060171,0.6013208380739028,0.6589677530576783,0.45043282924306627,0.5003908619825493,0.8832072944510959,0.0,0.0,0.5286488705661098,0.0,0.7249970186342258,0.3705844546694154,0.5441524410155142,0.605937950520212,0.6514513915794614,0.8748223486516963,0.6131189357957648,0.8327166058597217,0.638916689374964,0.4908287882369484,0.4343760413865233,0.0,0.0,0.37560841030051006,0.4309199629927149,0.46540156337788535,0.2996305636359535,0.3733031218176886,0.5818638151089515,1.0,0.0,0.5175523015915802,0.44329443698174187,0.581247999240181,0.4465862024341104,0.423998932636773,0.6163517218098715
0.0,0.0,0.4813617317849691,0.0,0.679031508145273,0.4377497818345296,0.6175943575985817,0.5197128160614399,0.30112154981877304,0.5019072455562862,0.278926036806729,0.416864352047725,0.45212802985897416,0.5660332049234427,0.0,0.0,0.0,0.0,0.4679231389113136,0.0,0.0,0.4691207708429986,0.48842142189678245,0.3726537961871963,0.0,0.0,0.5148146013944892,0.6303763348099519,0.3619915244742985,0.0,0.7608514898755031,0.6256153185110835,0.3981644550874955,0.7315607725536112,0.40180824263110404,0.5319880933996545,0.0,0.5538722851219153,0.7423159097139186,0.5367247317429322,0.3880425872351971,0.6041295483894545,0.6793065114588345,0.5776583451818451,0.5559523153756345,0.6109853537193671,0.5525638347624204,0.6336091947952973,0.7249970186342258,0.0,0.5775124840667216,0.5121884103501209,0.457677623353745,0.555716890070219,0.694967587021628,0.3703426853237956,0.5508474770570426,0.5809368826042045,0.6310672191946854,0.4468330876599229,0.40185457039005135,0.5282911436628496,0.6026021220044404,0.45820973629055606,0.4917535601695455,0.39143011455775756,0.43964259091929736,0.5307688140385836,0.6918602813953367,0.4649693417438875,0.5124738107902331,0.6774251061991131,0.5004701691351593,0.5280903413849205,0.46582737693514864,0.4968320272443457
0.4603221287547988,0.5855084765202769,0.4731657764791603,0.6283647827889434,0.5854578808151428,0.4405311504148547,0.5699565076624248,0.39496342573806514,0.5482858438752133,0.5521726879099964,0.26303223904611117,0.6271193509179762,0.4103931700122485,0.45537568920006344,0.344100146338693,0.4464222017805321,0.0,0.5237619566537534,0.5299910534189969,0.2610535297178437,0.25655316873564094,0.7050690912419687,0.48142968560716404,0.3886788246419707,0.4267134807108337,0.6302731046611537,0.47218127004810523,0.41936695972294513,0.39298906633366326,0.40778942359207176,0.2971384294273918,0.32637840034109855,0.586589020028199,0.30887151181307815,0.46211406186971576,0.49963002084897756,0.5093849115096925,0.426197887958929,0.36141458183808217,0.3315466636462605,0.30901515703555704,0.24218534454086263,0.29409965751395795,0.5745742901571642,0.3599579716548134,0.5497456033275232,0.3842311399187188,0.657413308923875,0.3705844546694154,0.5775124840667216,0.0,0.5816650817246136,0.2599096301871093,0.4903631923043329,0.3584961127838913,0.435060416891127,0.4374070317288843,0.49612352798669956,0.0,0.5452099768553111,0.6019195611995861,0.5004659530021994,0.5986490789686016,0.941241702536196,0.6870883680385124,0.4234803496174835,0.6886220103499539,0.40905392048388467,0.4927887962321861,0.43534537601628176,0.5382208879043368,0.49594918439680485,0.5475717222917028,0.5691316006381474,0.5478231569982753,0.48571366792886705
0.0,0.5978669249228507,0.5143350539717904,0.0,0.5403743720181899,0.5768044425645568,0.4260861867871753,0.46707327262398146,0.6648097620827926,0.7431082564578191,0.3351650039880353,0.4733949340357762,0.42048630485583116,0.5396080853956506,0.6177374888473812,0.5863424442951158,0.0,0.5984770035132223,0.3762678105951629,0.5600932391261477,0.4345508571669829,0.6652407726317836,0.52080735643165,0.35101102203231777,0.6648737456226639,0.59500590615707,0.5406211975699355,0.4539644560284454,0.5006126590243035,0.6248418211093446,0.42442851566790385,0.573265457092142,0.435011891428861,0.5524336518358055,0.35943886305740086,0.21478483496829728,0.7288737512575101,0.41149338965921745,0.5228900506913615,0.6033839096237636,0.4766044744180803,0.45765339085615203,0.5539910914805909,0.6519581495438543,0.5890893670739829,0.434661494635793,0.4922561467844004,0.567068462974055,0.5441524410155142,0.5121884103501209,0.5816650817246136,0.0,0.45118944084982127,0.5714226107606306,0.47422388468651494,0.5218779691017951,0.49994395235181255,0.5845052784620773,0.6537423264367419,0.572595352538665,0.5623496064232293,0.4526562617820089,0.8887435273968554,0.6082512967681423,0.6215700099212151,0.4288465594210555,0.770695948835198,0.48351385868475444,0.692893494854685,0.39435268864701345,0.47230542669186215,0.5553987681767019,0.6371613073107972,0.6944273524209658,0.651301169609291,0.508901350502296
0.6078801712710685,0.6189034138159755,0.6162122936825892,0.37435512088459255,0.0717359601244416,0.5375357331155012,0.0629380124986732,0.1894672432559381,0.5607849441113539,0.4720012333761645,0.32891243605220366,0.26029393003669604,0.3280233884119027,0.2302305446823403,0.5483458943929416,0.7473744267372167,0.0,0.7580382681863254,0.4850800843875034,0.4193759023703219,0.43494970050682963,0.6801002741876043,0.5561602264734201,0.0,0.7053595569007307,0.5895534965553608,0.5308876981801944,0.41399739133034213,0.4862189420936713,0.40626681011275845,0.4121193839816109,0.44167403869544625,0.3534006304877503,0.4319053349182169,0.5720151483637984,0.37634831120799106,0.8697471826139618,0.0,0.6292373695785296,0.4952263424062522,0.41794690476496876,0.32707130861676126,0.5232088988884592,0.6849417942643918,0.36152260458251445,0.5145783824759498,0.5349994071702585,0.5027087882000998,0.605937950520212,0.457677623353745,0.2599096301871093,0.45118944084982127,0.0,0.37197557364221207,0.13583439050595358,0.2976009562388117,0.4927531658569025,0.40002092613980156,0.19438885284480806,0.657108968321158,0.4414558242183328,0.4407862114459787,0.42075796184950565,0.336291048134234,0.5236873507989792,0.350436969872692,0.6212100517593293,0.33653905042194937,0.5540224944531345,0.5463433566770612,0.5547017424458073,0.3365836834632816,0.36143893990724607,0.43323845940552086,0.47329512294194626,0.3741175868334247
0.0,0.6092191114297759,0.6368499569471064,0.11187976615583282,0.0,0.48985811497766696,0.569932630480847,0.37260387390773964,0.53755981255989,0.2684017377194873,0.4869862719241146,0.3850930236340102,0.4979574181945208,0.36710551794054486,0.6141681952272744,0.0,0.0,0.0,0.5281706361282081,0.3840200204812538,0.4416124031408635,0.5088347699049187,0.48565858812212115,0.0,0.3196229877032747,0.46208684215763224,0.5381264230913664,0.5188466031188367,0.3533722862516141,0.6186857510483574,0.461733163174506,0.5053214378308334,0.2511226822011892,0.29490485393486143,0.31072657443527335,0.21067410607276968,0.29673720604271836,0.44028317704494657,0.36045571903611306,0.6019897849988652,0.34099353478853717,0.3250470112922194,0.41322438796142313,0.3777226207252485,0.20407487226933313,0.27957712953998504,0.3664962353778067,0.5862451533528757,0.6514513915794614,0.555716890070219,0.4903631923043329,0.5714226107606306,0.37197557364221207,0.0,0.4510325586046931,0.34766542856384197,0.4376339205970131,0.49268719445935905,0.4713170530727742,0.4515253259608639,0.4150771207699607,0.3491402881735294,0.500390458051644,0.49531579728435365,0.5508426909778901,0.36261388136989936,0.47962569095783547,0.5230946028912372,0.40704367332063496,0.5419687410943897,0.4012496387286429,0.353914293318629,0.44215621212264855,0.5111862192346478,0.5358532974497665,0.36351894184578504
0.5726187530122253,0.6576185221089563,0.3535718531353076,0.0,0.0,0.7146897234001373,0.3891673956522511,0.5463101271844683,0.5631383960101274,0.6043848902479918,0.5565734296479267,0.6491336246429655,0.5758376162709338,0.0,0.0,0.74464220545722,0.5850755006165149,0.7839784367066258,0.9821051388348407,0.9098636853776285,0.46474027383545985,0.5972038717234253,0.4159718428516492,0.4918046664746714,0.63540136486935,0.6242734534884463,0.5046286821082422,0.5318698454607267,0.6752317502229213,0.6410169261663331,0.5252778856408368,0.38177736014881636,0.44584157446106276,0.660465810839174,0.9010087557565801,0.3283818449574842,0.5278464561135823,0.4160406832323138,0.5514143167423896,0.5751674528916979,0.6122018978621976,0.6045335419881568,0.8395434908148911,0.5081348585590216,0.614451877693344,0.5581058793052692,0.4814884929270098,0.43077250557393176,0.8748223486516963,0.694967587021628,0.3584961127838913,0.47422388468651494,0.13583439050595358,0.4510325586046931,0.0,0.48575929486213537,0.7759554750420224,0.5876355754962133,0.764705097152622,0.4174075803003854,0.6125927334608778,0.6747324909516802,0.6209822726689292,0.4508726595469718,0.5637839411129184,0.4209342728661767,0.49500463662665517,0.4869231983960095,0.656044288734194,0.7431579404941205,0.6025703982546172,0.5939711513956927,0.584144426927549,0.5280716973523889,0.5684471591441695,0.7024219755114033
0.0,0.0,0.6669190938894488,0.2603780093124043,0.0482792440547329,0.4024705956639029,0.6660922902197012,0.2841651665046404,0.4482427890756989,0.4476574465320548,0.2874708518358804,0.30717901466366804,0.46676679165688884,0.22900473895469692,0.0,0.0,0.0,0.0,0.7123342088555131,0.0,0.0,0.0,0.6430554858422081,0.41473070135121576,0.5180223807532687,0.0,0.5588318586649903,0.3848527712054528,0.4127317881303461,0.0,0.6147414362383709,0.0,0.5077526729984566,0.3128781178720437,0.3700376760960841,0.367518776549993,0.6046278813201397,0.42990580954322255,0.6056929305292156,0.574301704252135,0.44634880637681257,0.5005431176685773,0.5156918978452693,0.532634799000776,0.6153322923315354,0.43652682110127894,0.4906009290868031,0.49372515123499255,0.6131189357957648,0.3703426853237956,0.435060416891127,0.5218779691017951,0.2976009562388117,0.34766542856384197,0.48575929486213537,0.0,0.7182989531699345,0.5507012785574716,0.44277742850059687,0.0,0.46651499917947636,0.5057221411211631,0.5715089313486736,0.5616651438356249,0.6162337377650866,0.5702248620461422,0.0,0.28959741117288645,0.6836581258302614,0.6361025175438612,0.6259302467441001,0.47920809113402324,0.5882422657058984,0.6705978173969803,0.41087235829385593,0.43260815201078456
0.5059269149339033,0.6001454718557903,0.37784217667487463,0.4472442884092023,0.4251994356183631,0.41367029527494814,0.39657744968150155,0.8871614864629227,0.48825069593498976,0.5943927720814751,0.37827168713899595,0.5868180517560938,0.46853455176594083,0.5152770166585385,0.6379935291461271,0.6395164600982188,0.5014605359714035,0.6992043274374949,0.4329225292545654,0.43246272233113725,0.5620296696332139,0.41443846735391626,0.6505145758891699,0.47671071225914946,0.6307576802222925,0.656956659167411,0.4641988430987366,0.4336625553318891,0.4901123417705606,0.0,0.6245057261976572,0.1925450975726349,0.5196633131949753,0.6641345572708146,0.3676848918130678,0.2744495338407395,0.5945767390485875,0.3202947674836337,0.4822987032565422,0.48451675139748474,0.6317174382694569,0.582005974879027,0.4190123515863627,0.3985996049939866,0.47204821432044863,0.6920492187835144,0.5179789633851264,0.425229227655372,0.8327166058597217,0.5508474770570426,0.4374070317288843,0.49994395235181255,0.4927531658569025,0.4376339205970131,0.7759554750420224,0.7182989531699345,0.0,0.5534077653470104,0.3447139086528044,0.44437528527716486,0.6236132148260882,0.5637239118974486,0.47168093868656535,0.6834702205638798,0.5484935805887443,0.48671640918387915,0.31653230461196935,0.21218932611150018,0.689770510736275,0.7111469114185527,0.5836614961841321,0.22811944434197662,0.6339041126575108,0.5707439623845423,0.4673438666881057,0.7141800821491917
0.7353744542158296,0.6045942343165589,0.5847254221725211,0.4358646778449906,0.6518844758689679,0.4780892448066821,0.3664818286983378,0.3474353356160323,0.5812983257854547,0.7245304912844414,0.5937518343136454,0.6125569048653053,0.4532800742588395,0.7363471469590888,0.5438264475310973,0.5939445572392821,0.4306919133272742,0.5709414992203893,0.4791734380608459,0.4737779373142452,0.3989050735127031,0.6059541549656041,0.4735766263395914,0.4532002024829626,0.3999022632797687,0.45773579113405516,0.49061311536270374,0.5342301710544989,0.5420442830055352,0.3035836365273996,0.6585247945451717,0.5235551463185828,0.5747012073977934,0.31985145921803815,0.3039223337844938,0.15756475080124577,0.597399167646044,0.9999999999999999,0.6083998906255841,0.5954787913981867,0.5557471685615992,0.5497035379240484,0.6691816740622574,0.9164922563509348,0.6707959499689514,0.3876860327448067,0.41763468511107155,0.47431254446265303,0.638916689374964,0.5809368826042045,0.49612352798669956,0.5845052784620773,0.40002092613980156,0.49268719445935905,0.5876355754962133,0.5507012785574716,0.5534077653470104,0.0,0.6400909167555129,0.5291630635246707,0.5541965786702459,0.6400633603388521,0.5498632441981638,0.5943034289046549,0.8277221964986577,0.4395918123069808,0.7609008696098843,0.4446610234382447,0.6060071796140877,0.46659378801986895,0.41602318121404935,0.4845129543850189,0.6324221887592524,0.6406287591156979,0.656301952605106,0.6401979123663362
0.0,0.0,0.3109666944639054,0.0,0.5562618270027916,0.5416946819258065,0.5252225627070015,0.1846849042960342,0.423691014874474,0.0,0.18206474729903954,0.5188399119749445,0.6341334739161852,0.462223319969748,0.5115057882701803,0.0,0.0,0.0,0.39905006797261655,0.0,0.0,0.0,0.42325077631616315,0.0,0.0,0.0,0.5112275411670208,0.4231483958572525,0.6813058516650337,0.0,0.0,0.6701210325509048,0.0,0.5926593272667205,0.7277017446384209,0.17952403758852703,0.0,0.0,0.5028528200842457,0.569486535335168,0.561666290957868,0.6959392667879447,0.4508779144909102,0.3545719365396232,0.672412569591569,0.44038360759406947,0.6189458885755408,0.5344042721888028,0.4908287882369484,0.6310672191946854,0.0,0.6537423264367419,0.19438885284480806,0.4713170530727742,0.764705097152622,0.44277742850059687,0.3447139086528044,0.6400909167555129,0.0,0.0,0.4827210877424006,0.49477340439411993,0.57486688109242,0.462572693557438,0.5117665940295133,0.4729594608845735,0.36588421967642926,0.10922103337277811,0.5376657371245047,0.6676335503140883,0.6105135313558743,0.15227060672873693,0.47196727431996166,0.5194021397019244,0.5130375443760231,0.5222079002110916
0.5925798164765944,0.6156647110631188,0.5163242847615813,0.0,0.45762888927385675,0.5360236770559614,0.6292741087829528,0.319299108397521,0.35694073108202823,0.7419689962301723,0.0,0.3921297928637044,0.4101612047952504,0.0,0.7561038219377162,0.6225596447132379,0.7361443590963375,0.565735686935047,0.0,0.6125078729738658,0.6364987604393617,0.6805451066397596,0.5647338016774777,0.49882454589098635,0.6759307625687562,0.686970258722286,0.4257918077480156,0.3597277709205632,0.4884329367880937,0.5509102885351351,0.6852022166485982,0.5553979652016449,0.583091496341544,0.6123861521343096,0.6120617160599605,0.8076747889717191,0.4736487000481194,0.49344329109640817,0.314275577310696,0.509976454985849,0.35419655038194675,0.35068854778330644,0.5932359454604383,0.3121770549238214,0.5120458394553252,0.44756103839156997,0.8092691492676344,0.598886079870055,0.4343760413865233,0.4468330876599229,0.5452099768553111,0.572595352538665,0.657108968321158,0.4515253259608639,0.4174075803003854,0.0,0.44437528527716486,0.5291630635246707,0.0,0.0,0.6728787679799945,0.5374674548034301,0.39797176352202795,0.0,0.38403311282204144,0.4828685084867076,0.6742919071237475,0.4413672164978548,0.6295605444356073,0.5805092441930638,0.5665902979377223,0.48043478889766833,0.539849305689407,0.6742290619546084,0.46702430563744673,0.42308463906190497
0.6237336345403387,0.4796193459223654,0.0,0.0,0.5539745363205826,0.49989258233585887,0.6522550021171666,0.3603601534332142,0.6809203202434908,0.5679080965919766,0.0,0.6271546553888364,0.6372903220849688,0.0,0.5113815729128623,0.5269040620674402,0.549013622212019,0.4734475705028644,0.0,0.4897861211699801,0.3686911105234817,0.3586997471279053,0.38308084472300336,0.3687562166687646,0.5198788912431717,0.5694708658040293,0.506123638789788,0.41391063031780195,0.39718283231206963,0.0,0.4943878426670105,0.36858042796950513,0.5110180936502455,0.3681943237001342,0.3853632035894987,0.36982046430417315,0.0,0.6158539543180632,0.5808630643905119,0.6157897527327391,0.5882225792394942,0.5709120516737073,0.5339961592455185,0.0,0.6230665800170305,0.5936928476806759,0.6056270336276874,0.5273012487972091,0.0,0.40185457039005135,0.6019195611995861,0.5623496064232293,0.4414558242183328,0.4150771207699607,0.6125927334608778,0.46651499917947636,0.6236132148260882,0.5541965786702459,0.4827210877424006,0.6728787679799945,0.0,0.8231479186555124,0.9053607270153956,0.9528790562610757,0.7787961116512138,0.5559355636484488,0.8153406478775995,0.5206627137687805,0.7487274936483908,0.4886091849058002,0.6302125307291307,0.6067145023217846,0.5971970787905121,0.7561410564709564,0.5447706497718149,0.8795658785783508
0.24698843674030668,0.7149123831133166,0.0,0.0,0.0,0.0,0.0,0.0,0.0,0.5928422259727186,0.0,0.6233973747329817,0.4076578541518834,0.0,0.5570436228906476,0.6234209715295443,0.5293554173850823,0.7572635047888732,0.0,0.38511742338761473,0.0,0.503019274111133,0.6493789094905008,0.5350302872187336,0.6604489634106377,0.6336842077938085,0.0,0.36930970031229526,0.49236502276104643,0.0,0.7365946494776163,0.5561255554056005,0.7124780707140739,0.6237575960335093,0.49812606317562236,0.0,0.0,0.3140563504456565,0.5321903505535686,0.6808832258526241,0.7127177495067774,0.47974058566740685,0.7242019598888532,0.3520639247235353,0.6417385867652773,0.6447719269538059,0.4899526461758871,0.5526373684499887,0.0,0.5282911436628496,0.5004659530021994,0.4526562617820089,0.4407862114459787,0.3491402881735294,0.6747324909516802,0.5057221411211631,0.5637239118974486,0.6400633603388521,0.49477340439411993,0.5374674548034301,0.8231479186555124,0.0,0.7047627766867355,0.4600718217389397,0.42057584581678753,0.35980530008713285,0.7158694598414086,0.2977591327028233,0.7046148671436478,0.6501015542141587,0.6530573287260598,0.5895467248555328,0.6709419484558878,0.7687456192737186,0.4546998941053643,0.7965433455727078
0.5823417011476324,0.6025309102093339,0.0,0.0,0.0,0.5762621759723473,0.562356601258883,0.7076632884557524,0.0,0.43701861163418426,0.0,0.6022848799495526,0.5254548524922784,0.0,0.7017567665244078,0.6294009105530163,0.2495077024795188,0.6302105193634483,0.0,0.5209360913609641,0.9174915479005447,0.5943334727978277,0.4637168559596975,0.5957654411319001,0.629841447158536,0.595216447640083,0.4948875520470281,0.41864990898276705,0.5076851031056866,0.9518591204804419,0.6818409469254667,0.5491557236093726,0.7256077416769553,0.7077107744239226,0.629170648380391,0.9346449508845256,0.0,0.5182504852684413,0.6314968538503969,0.6692080970196461,0.6980252002203384,0.6664976728555658,0.6862718093851644,0.8154804835087017,0.47580988676289215,0.6318576038159559,0.6205343328770803,0.49266285569951007,0.37560841030051006,0.6026021220044404,0.5986490789686016,0.8887435273968554,0.42075796184950565,0.500390458051644,0.6209822726689292,0.5715089313486736,0.47168093868656535,0.5498632441981638,0.57486688109242,0.39797176352202795,0.9053607270153956,0.7047627766867355,0.0,0.42866631172309044,0.626572730579107,0.6652309347382253,0.7148714869477056,0.6811331871529215,0.6856036410465771,0.5606234650430243,0.4975050144557747,0.6218478152787055,0.551207289659764,0.7197111321893566,0.47291133880116715,0.6803426659928322
0.0,0.0,0.6711802432179432,0.0,0.0,0.5258595908842316,0.6114982372122957,0.42961160417303534,0.5718732293007168,0.48688974484003344,0.4283947706217857,0.4166764228963821,0.5640430624285326,0.5527351170782469,0.0,0.0,0.0,0.0,0.6227956294446518,0.0,0.0,0.0,0.6345879927800495,0.4113685297010038,0.0,0.0,0.5339459936348424,0.6338539904944658,0.6544519037844264,0.93323989111912,0.6560998797547908,0.3548835019284069,0.9543119485392262,0.4899029618234818,0.3743037194396149,0.42289311160024773,0.3936285697742088,0.3437516876654082,0.5280308553966535,0.3762881366035455,0.44868665104562233,0.575882775541548,0.5832042072537539,0.6176236454414186,0.4252581214954805,0.0,0.6614065853858099,0.3331536309756916,0.4309199629927149,0.45820973629055606,0.941241702536196,0.6082512967681423,0.336291048134234,0.49531579728435365,0.4508726595469718,0.5616651438356249,0.6834702205638798,0.5943034289046549,0.462572693557438,0.0,0.9528790562610757,0.4600718217389397,0.42866631172309044,0.0,0.0,0.6299813753271222,0.7981182141431481,0.35833871685457874,0.727962883235999,0.5121900729661273,0.5718382334883441,0.8077367412338524,0.5962767748374117,0.7163766063153272,0.4178943967885249,0.4589850861654838
0.5636806233962354,0.6070230213942645,0.7738418456375408,0.0,0.32931812613300204,0.5480014327573488,0.4367673611178616,0.6653666339716222,0.5698737224104594,0.6493789094905015,0.5609677972696658,0.527071878831335,0.4398259404188458,0.0,0.8159548093983464,0.5965973211344574,0.0,0.5935230778348246,0.4834480279954292,0.5874734329846134,0.7158234746421251,0.6510289379271711,0.5914776534635426,0.406836038790254,0.6506624681158237,0.5777771308370678,0.47363453299016084,0.4574402162574257,0.46189312351452666,0.24598895205118781,0.5285206116441988,0.4872931459988621,0.5822461385752077,0.5187603092010324,0.5467525145686645,0.7335982718055054,0.4720055626610199,0.5663733236194487,0.3731794220500753,0.4525687720196875,0.4066245755071278,0.35503693601286385,0.42935133933342995,0.4891864031136815,0.544586142813224,0.5074955926629655,0.6605869308700283,0.38139172180899233,0.46540156337788535,0.4917535601695455,0.6870883680385124,0.6215700099212151,0.5236873507989792,0.5508426909778901,0.5637839411129184,0.6162337377650866,0.5484935805887443,0.8277221964986577,0.5117665940295133,0.38403311282204144,0.7787961116512138,0.42057584581678753,0.626572730579107,0.0,0.0,0.6465619663998747,0.5450811758442495,0.46775540365557644,0.5289861643209892,0.4910675447421112,0.6405847294609399,0.5378223935131898,0.816010511403105,0.8049575683485624,0.8770495958819886,0.6399159816156973
0.6525707730135619,0.5519956048763047,0.497124576108509,0.0,0.4114677304506462,0.4305005296122259,0.6067395096288855,0.6232717740537098,0.5790417500085607,0.464250011490779,0.0,0.6845539027142264,0.5842681800233231,0.0,0.6845895847714722,0.669268844095547,0.0,0.5415005302247154,0.0,0.5342175217325319,0.7191908479207162,0.6331794749410457,0.5595799012715647,0.4988762514297275,0.5896571861420299,0.6455547791441061,0.47273249814060364,0.450734735132876,0.47294283014047744,0.4945179663444764,0.5621306957922768,0.4033140792425061,0.537360214261784,0.5107955126072456,0.5351192711749593,0.3812391594091188,0.0,0.0,0.31261225112219065,0.3880351553452194,0.3360134002621278,0.3635890793771664,0.5457863798714198,0.3028185732938827,0.4181839497163748,0.4001969472194287,0.5540836187932697,0.36150055992934405,0.2996305636359535,0.39143011455775756,0.4234803496174835,0.4288465594210555,0.350436969872692,0.36261388136989936,0.4209342728661767,0.5702248620461422,0.48671640918387915,0.4395918123069808,0.4729594608845735,0.4828685084867076,0.5559355636484488,0.35980530008713285,0.6652309347382253,0.6299813753271222,0.6465619663998747,0.0,0.6513738536131579,0.4269876681844292,0.594111466144501,0.5697778065527836,0.6161372145482535,0.4590921543749135,0.49094144914263876,0.44458294874037574,0.4886523383939773,0.5796988200146616
0.5149718470737585,0.5937568414538587,0.4894346447680584,0.37834739749188784,0.44356600296210513,0.5116628421773575,0.5232715766262731,0.6275788667396859,0.49418493827367393,0.40496799310944565,0.615350453554094,0.3833413469107383,0.37750165699070737,0.0,0.8288918679658979,0.496100546629534,0.512588471219774,0.4555222612997447,0.4264231099347565,0.6990464275624677,0.672364109287383,0.7513212467144286,0.7036032396367151,0.2566434348772415,0.5979040489837306,0.627543940920373,0.48267237821581643,0.43660896844978814,0.5823554730397928,0.6049215140615593,0.7636864082419524,0.5876853130631204,0.6367638070317411,0.6113322673968792,0.6216370164146907,0.829772399723376,0.843346690181296,0.6680385148833434,0.324507017107838,0.4170334473240742,0.447964013569612,0.3804387488271582,0.3402093728593741,0.4023136597619221,0.6625611847973184,0.5341173290470892,0.711689555577037,0.3248931272165552,0.3733031218176886,0.43964259091929736,0.6886220103499539,0.770695948835198,0.6212100517593293,0.47962569095783547,0.49500463662665517,0.0,0.31653230461196935,0.7609008696098843,0.36588421967642926,0.6742919071237475,0.8153406478775995,0.7158694598414086,0.7148714869477056,0.7981182141431481,0.5450811758442495,0.6513738536131579,0.0,0.559715542585898,0.44866857284527595,0.5653473946225303,0.7336000330956096,0.6790655052030447,0.7055980678800954,0.8626600843504758,0.658041716495612,0.5890045166115595
0.6127174469888498,0.3795393521383292,0.6399726580406778,0.45212208993614283,0.03363234969002447,0.5157490310362731,0.43281228100312813,0.45109241041602366,0.6204476723527961,0.5642946403542587,0.4351223713346254,0.5984522314113406,0.45575987796956974,0.3370125353154077,0.7008715106597891,0.6201165918627187,0.0,0.6407165507866146,0.555408668896467,0.48010016994498456,0.3698635376474265,0.5656490984334251,0.6641080112913871,0.780653067243963,0.52597729710676,0.5733203742230557,0.5505540496508793,0.4908319861136258,0.5393820526119276,0.5214308589559282,0.5098095187116539,0.4475953923523782,0.4100326518926505,0.4369586756012961,0.30552803741220574,0.47930821817015307,0.5133903523583159,0.7457671072617401,0.36537410860347236,0.47065916766994975,0.3521759431995922,0.333833821030842,0.18903749040317705,0.520573068189867,0.2540106398445282,0.464077872496096,0.4833625520354165,0.47412748172427205,0.5818638151089515,0.5307688140385836,0.40905392048388467,0.48351385868475444,0.33653905042194937,0.5230946028912372,0.4869231983960095,0.28959741117288645,0.21218932611150018,0.4446610234382447,0.10922103337277811,0.4413672164978548,0.5206627137687805,0.2977591327028233,0.6811331871529215,0.35833871685457874,0.46775540365557644,0.4269876681844292,0.559715542585898,0.0,0.462709784597612,0.5219281103980687,0.5176982225926124,0.3626582022195767,0.43594910328735736,0.39714697627038964,0.5345553965494486,0.426718755064024
0.8201731179824481,0.5233780484650309,0.0,0.0,0.0,0.41186263545883756,0.39816445508749504,0.0,0.5180617147231581,0.4638802383453729,0.0,0.5394076254612393,0.49327968177279546,0.0,0.3721168428860909,0.42810254425065103,0.5157900731627579,0.6290100046967273,0.0,0.0,0.6468091970091694,0.43469729585584915,0.40794557067625553,0.5185180700186014,0.549036047171141,0.5313549877320685,0.0,0.6246249849215723,0.5569628877688668,0.0,0.5578099785193191,0.3858791912586977,0.6836014382774785,0.6835333129527937,0.48536512084896083,0.5750434277081516,0.3067541372495865,0.4130602015925784,0.5927148597656818,0.9014365077950458,0.7902033518172972,0.7115212699775502,0.5083919393236966,0.3671540143331759,0.6791489894802281,0.4365359558052228,0.49901285233211495,0.39969553063188046,1.0,0.6918602813953367,0.4927887962321861,0.692893494854685,0.5540224944531345,0.40704367332063496,0.656044288734194,0.6836581258302614,0.689770510736275,0.6060071796140877,0.5376657371245047,0.6295605444356073,0.7487274936483908,0.7046148671436478,0.6856036410465771,0.727962883235999,0.5289861643209892,0.594111466144501,0.44866857284527595,0.462709784597612,0.0,0.6725332752153899,0.6008771519872891,0.45985457404598773,0.5530089988575726,0.4699246391893082,0.4069967575697053,0.6720817571199511
0.6408559950852755,0.5738092200642778,0.6353159337638292,0.0,0.6064679267526601,0.4582889010610569,0.4691312721453526,0.5478574943414039,0.6613311809281779,0.5584733852317971,0.0,0.611482436685134,0.3836068402210313,0.0,0.5795261975352747,0.6448519484183448,0.5098767046938039,0.6206085935273831,0.0,0.6330628909024775,0.4533407650021025,0.3348800049515518,0.4314433921985644,0.5615133441943411,0.5859605344098078,0.5433242419607223,0.3860612348681561,0.4315140311238411,0.3625523639195315,0.5949621009172974,0.5423339551341895,0.567540972945609,0.7295615730840598,0.5591667709413294,0.6022501703901774,0.47105689750345753,0.0,0.47661688309252004,0.4403704220300132,0.43478353830531064,0.42615843958045657,0.43239460636023674,0.5331802464725163,0.4694531624683449,0.4630797750474439,0.5517106019337689,0.5909504036665871,0.4808128168680801,0.0,0.4649693417438875,0.43534537601628176,0.39435268864701345,0.5463433566770612,0.5419687410943897,0.7431579404941205,0.6361025175438612,0.7111469114185527,0.46659378801986895,0.6676335503140883,0.5805092441930638,0.4886091849058002,0.6501015542141587,0.5606234650430243,0.5121900729661273,0.4910675447421112,0.5697778065527836,0.5653473946225303,0.5219281103980687,0.6725332752153899,0.0,0.4811647769794481,0.4144856545412961,0.5726761556625051,0.5070710846724574,0.3945873985083129,0.5774185590921499
0.619130442348221,0.3326308308726559,0.39749507636461556,0.0,0.49451003755772993,0.41996128027547663,0.5823615154716347,0.41011484920824903,0.3787388414934892,0.4931324549448769,0.98107707680464,0.5738274566044519,0.44436273345716387,0.0,0.6971124257009311,0.5989429643366413,0.4751865772372649,0.5861315754245285,0.0,0.5107462662996008,0.6069661582258349,0.5747819004019272,0.683079356007313,0.610548247968675,0.523132762985187,0.42995572623153633,0.4644583637354537,0.42556906393923416,0.5238921903842638,0.4985569385314067,0.5215195562486321,0.48524187192681806,0.6231599820559612,0.5108486029623447,0.44246492858162306,0.3780492942181909,0.22984348841621915,0.613396422935371,0.47956631419857704,0.5152961471099669,0.37721914687665775,0.2587913590235896,0.40661868700015413,0.5983858651263757,0.6208400003570481,0.6438579873048584,0.5743816194184759,0.34921503113711716,0.5175523015915802,0.5124738107902331,0.5382208879043368,0.47230542669186215,0.5547017424458073,0.4012496387286429,0.6025703982546172,0.6259302467441001,0.5836614961841321,0.41602318121404935,0.6105135313558743,0.5665902979377223,0.6302125307291307,0.6530573287260598,0.4975050144557747,0.5718382334883441,0.6405847294609399,0.6161372145482535,0.7336000330956096,0.5176982225926124,0.6008771519872891,0.4811647769794481,0.0,0.5001670703161477,0.524209461578718,0.6135309185025077,0.5738931213013623,0.4634046414882246
0.4587400761034781,0.4480360638445393,0.5889893884286306,0.4891592020428439,0.0,0.48136007733902975,0.4022955435568573,0.45027839662803665,0.5953460663903579,0.5921496970584215,0.6682567563386873,0.4312148753702534,0.5483342788401278,0.30601205143346005,0.6124162047644494,0.5876039408623679,0.0,0.5378190826092663,0.4335474762191093,0.42374003443126684,0.48951997828966454,0.671320613856392,0.5044015121819685,0.7175981942067818,0.48155155632130675,0.46264111342857994,0.5144006324573952,0.5029944109779786,0.5244710522326924,0.4941111203417831,0.4560209073298396,0.45109242680253114,0.3232370764284325,0.4512530905614843,0.39765851326325746,0.5151498148708915,0.5523754082548145,0.6778718314764618,0.5466356989740891,0.5308524056518925,0.3765487389980401,0.4847514190701954,0.22355185833695193,0.4444813279398834,0.4744742944377892,0.4639352066865131,0.5084415966304157,0.637955866719924,0.44329443698174187,0.6774251061991131,0.49594918439680485,0.5553987681767019,0.3365836834632816,0.353914293318629,0.5939711513956927,0.47920809113402324,0.22811944434197662,0.4845129543850189,0.15227060672873693,0.48043478889766833,0.6067145023217846,0.5895467248555328,0.6218478152787055,0.8077367412338524,0.5378223935131898,0.4590921543749135,0.6790655052030447,0.3626582022195767,0.45985457404598773,0.4144856545412961,0.5001670703161477,0.0,0.4601031201919521,0.6657359105596824,0.5860779863070299,0.49138941460834146
0.5149327369937206,0.4019785753886102,0.4612071001584415,0.5597652698711504,0.43348489326451894,0.5090249903632709,0.40086484270254824,0.38694815702971674,0.5212284116073165,0.689180277075687,0.5308981320113533,0.8504459177187214,0.31649894986400173,0.6789870878786743,0.505443516429807,0.5115740175488142,0.3602370149246265,0.7134210499335942,0.46193876938301764,0.3157338418903873,0.5784110438869616,0.4926621904658264,0.49921152814530256,0.7493279337486456,0.9800598352740004,0.7419533907432484,0.44103384781577903,0.4521375475370384,0.46430083594200633,0.5798230810542045,0.27239436050103866,0.6686860323198726,0.7291507913700808,0.4860976790730492,0.41629938712947756,0.6152936573290665,0.44898678147531657,0.805608226131442,0.7195644131199397,0.4648064073855233,0.5152824347727563,0.6381860687547477,0.46882676641812465,0.5939769540794712,0.6328858990271613,0.6624949001174903,0.3765493388785278,0.4106010159709814,0.581247999240181,0.5004701691351593,0.5475717222917028,0.6371613073107972,0.36143893990724607,0.44215621212264855,0.584144426927549,0.5882422657058984,0.6339041126575108,0.6324221887592524,0.47196727431996166,0.539849305689407,0.5971970787905121,0.6709419484558878,0.551207289659764,0.5962767748374117,0.816010511403105,0.49094144914263876,0.7055980678800954,0.43594910328735736,0.5530089988575726,0.5726761556625051,0.524209461578718,0.4601031201919521,0.0,0.627122294253392,0.7818739021811728,0.7903057531844208
0.530196980942795,0.16273131117966586,0.7087973240299148,0.592721567964263,0.48341974535509197,0.40708826239171014,0.3566028634171019,0.40971030741029324,0.4705124748378668,0.47461455283317777,0.3177034855168587,0.5721867679920034,0.40885145925775584,0.0,0.49711779365422304,0.6197056431222946,0.49928782935133936,0.5246518116245542,0.42112095367730507,0.39228470136490673,0.48372075298155126,0.4430902365658874,0.5650962150620243,0.3685473412936628,0.5109282304518086,0.6056047930791268,0.4905870378174535,0.3835969372402653,0.4395157667224682,0.5383819920130397,0.5146200921416987,0.41666917020592537,0.4759654036297055,0.44712389822109866,0.6070838014457766,0.5333021937956823,0.759438268902127,0.6388458098353307,0.37224999351151433,0.6626943831186146,0.4527134755061391,0.37945049991605667,0.25797783505138505,0.5596026985915902,0.6144605489126328,0.5467996891736157,0.5076933090780673,0.433507157380338,0.4465862024341104,0.5280903413849205,0.5691316006381474,0.6944273524209658,0.43323845940552086,0.5111862192346478,0.5280716973523889,0.6705978173969803,0.5707439623845423,0.6406287591156979,0.5194021397019244,0.6742290619546084,0.7561410564709564,0.7687456192737186,0.7197111321893566,0.7163766063153272,0.8049575683485624,0.44458294874037574,0.8626600843504758,0.39714697627038964,0.4699246391893082,0.5070710846724574,0.6135309185025077,0.6657359105596824,0.627122294253392,0.0,0.8951508186531725,0.7660938416975862
0.0,0.0,0.4957593445735534,0.0,0.0,0.5271827903220748,0.6295148251838101,0.39814101919577777,0.6146496247000176,0.0,0.0,0.0,0.5474659540217653,0.0,0.47755168201895776,0.0,0.0,0.0,0.39493735558187426,0.4235728972261079,0.42526271061890436,0.6796560977228534,0.5851271155246234,0.0,0.0,0.49247231713717526,0.452657727712027,0.519550791788283,0.5411907503598642,0.42386789538035985,0.3030462490889648,0.35005326509018125,0.0,0.509978314976444,0.32075113790536985,0.0,0.0,0.0,0.5923672622946049,0.41195721038296623,0.6992493305693362,0.5722167476763786,0.3986523575787293,0.5484188523394818,0.7590878720713863,0.5686767796632528,0.5903821310138256,0.3345408352266884,0.423998932636773,0.46582737693514864,0.5478231569982753,0.651301169609291,0.47329512294194626,0.5358532974497665,0.5684471591441695,0.41087235829385593,0.4673438666881057,0.656301952605106,0.5130375443760231,0.46702430563744673,0.5447706497718149,0.4546998941053643,0.47291133880116715,0.4178943967885249,0.8770495958819886,0.4886523383939773,0.658041716495612,0.5345553965494486,0.4069967575697053,0.3945873985083129,0.5738931213013623,0.5860779863070299,0.7818739021811728,0.8951508186531725,0.0,0.9559080326171955
0.5964121359025715,0.32247323652070403,0.4649488525238087,0.0,0.46010650928109653,0.5228306204321389,0.3948254427527973,0.31432279040010186,0.5856094588242434,0.721571632083039,0.5847752717865529,0.7547053160721022,0.4417128298172887,0.0,0.4255717672629666,0.3933713765490709,0.6471482191323348,0.7553326710760685,0.4401890730866917,0.36326372991332745,0.31036322419217194,0.5024690489006588,0.5352260150732524,0.5169596212322574,0.6596094920256889,0.5724453672589784,0.4714654632440721,0.39156904038849255,0.4527300541736485,0.4334494361227449,0.5700582856198328,0.596695300401664,0.4864961556925874,0.48427687872183334,0.6507464585027127,0.6888842762827052,0.27783746506003326,0.3744114070848027,0.6095712386709324,0.5060705902805069,0.4817656522223781,0.2487539716950221,0.5182262326159754,0.7349190650211422,0.6165968769072036,0.646790134077624,0.48680553094706225,0.39077558156847836,0.6163517218098715,0.4968320272443457,0.48571366792886705,0.508901350502296,0.3741175868334247,0.36351894184578504,0.7024219755114033,0.43260815201078456,0.7141800821491917,0.6401979123663362,0.5222079002110916,0.42308463906190497,0.8795658785783508,0.7965433455727078,0.6803426659928322,0.4589850861654838,0.6399159816156973,0.5796988200146616,0.5890045166115595,0.426718755064024,0.6720817571199511,0.5774185590921499,0.4634046414882246,0.49138941460834146,0.7903057531844208,0.7660938416975862,0.9559080326171955,0.0
