0.0,0.2482157926049707,0.4342320386183606,0.519068451762333,0.52435945052538,0.3611724641549001,0.5129354910640405,0.29677446945685865,0.3232220879282466,0.27630078285516735,0.43253282699622586,0.36488773734030666,0.4997786689911884,0.5190257442027914,0.20681204513432905,0.31727168174578374,0.18056047368695327,0.11312738982628523,0.26519316525211123,0.22948039503624265,0.3394221960552541,0.2693972390114746,0.27379425037918764,0.2508539501506634,0.2645524205421651,0.2653684949026404,0.1381394701724341,0.37275267699379117,0.2025389836753707,0.35682656677644237,0.3326653343838789,0.614559627754077,0.37184573226664097,0.4303083363801042,0.5108027518258157,0.6332374059269299,0.5118425917005902,0.2245720090151247,0.5443591931579345,0.4910553237768771,0.5776394227929965,0.5628210996842428,0.3172756092986319,0.30168602208612005,0.2974186879198483,0.39341605918820677,0.27171059590408475,0.3046201545257394,0.46292384276752113,0.5872949806085525,0.5317454573059246,0.6653761805811083,0.5938676009039613,0.37414324979379104,0.4961413141583575,0.4752998909517958,0.35637215771652375,0.3562782870830186,0.31320583980011424,0.20708679587379003,0.25738642237526804,0.2860743855766898,0.41638672197918136,0.23654990818482277,0.3475615303679863,0.39232842649670757,0.26675585516550476,0.2595941963024273,0.11305870958755135,0.248562866825718,0.28023742631535076,0.14335718858894808,0.3110058574962422,0.3967988120935248,0.2700623804640575,0.40949724376574154
0.2482157926049707,0.0,0.3904975298507866,0.4890565193708234,0.41362711508043054,0.3378675590437209,0.37450768859168426,0.17572964513672376,0.4435109494952538,0.31495055220178175,0.3082569747702046,0.21747972040332647,0.44847465773152156,0.3917229601640424,0.2461143071799529,0.19100265338852296,0.18702105504979524,0.1697797039409061,0.3698672562079607,0.29212773975913725,0.2246604686565769,0.3483512892703974,0.2202321712822032,0.3351068263257225,0.410910308797764,0.35648126506205,0.34664532064694525,0.2718285156499689,0.3882271362052934,0.40054319290742285,0.17398824127042695,0.4854849398924246,0.3395959639087945,0.10379365389410437,0.5104598359324864,0.4498636394113206,0.4746280662536639,0.4238523488432339,0.44272519547540234,0.3545473370422139,0.3537358447433439,0.4335307631976385,0.36076950549848474,0.3077730056987828,0.2524851102464359,0.18028220964896796,0.30362916141078755,0.4150040615887291,0.3722541109882374,0.4937123173029898,0.4481409927800357,0.5228125674808579,0.4010164522708193,0.26404216645373507,0.3763853718741302,0.28052580184462766,0.15195387143600028,0.36326047269134176,0.30327380764545697,0.17526223569138719,0.21391793643456564,0.28751572934607056,0.40227755926455677,0.3162300488512182,0.19766451308155342,0.1539896653707905,0.302497280946449,0.11208422753150644,0.34706915958428985,0.42210194377736254,0.39799774184315007,0.3541633520440969,0.30023991004678335,0.3022510900093104,0.16292921917008024,0.2532095338012466
0.4342320386183606,0.3904975298507866,0.0,0.584598305307051,0.36024638150257826,0.40908133967004506,0.3680442910996382,0.22098260329707115,0.4112510236832018,0.33150156854685925,0.41414582831814717,0.4276539690555262,0.4378414517637675,0.4759418926641353,0.19421657613259902,0.2941802703827323,0.27870917904175796,0.19864446462816007,0.26232943203097514,0.2874214386599695,0.4377519843350458,0.2542594382777099,0.2947590708901526,0.28294010786935786,0.1830577707972324,0.2195915730466293,0.22768380888596665,0.2830978203811147,0.33179130495223635,0.4125571220311192,0.27411325289486277,0.42388245362063615,0.26371392226396567,0.3162644726853628,0.5977964235830137,0.495263905580991,0.3330978253577559,0.17759920192110346,0.2478501474007221,0.3693388572080978,0.46594669702749214,0.30860624813575943,0.31678789902244603,0.3664309366886513,0.3339222481862615,0.7237263077158036,0.40258580028261104,0.3089986601838792,0.3454668765944209,0.4915588729287905,0.49495888975485236,0.47501994151065646,0.7845093531045334,0.3379767664579187,0.4143137837579448,0.25794737165912685,0.3210632567147665,0.37803457486476294,0.26886746752278995,0.21053140889231703,0.2166918418374336,0.38358075794772556,0.3271881595222486,0.1698151570900021,0.265133112085904,0.35159064051296135,0.20291917437955675,0.39210274337906525,0.28085731176901874,0.30462988875551433,0.27484993144862413,0.2712397358952094,0.2982418006663565,0.5022744278806731,0.2400899812431145,0.39338798665215124
0.519068451762333,0.4890565193708234,0.584598305307051,0.0,0.7198554067501527,0.809817686459461,0.6443869581468321,0.4238841669457878,0.7758516995920209,0.5241194697780709,0.6279555117042288,0.5373042188397065,0.7590369405708856,0.6691146247560209,0.33464086432245704,0.5376024071608824,0.4905254058241659,0.5628492866747452,0.49920169612421467,0.34376762474517986,0.3822650086050229,0.4208238703913161,0.4772777161536873,0.45832500442483715,0.5541227338370295,0.39839628521077897,0.5855246138719344,0.7081827191782171,0.4187494139818512,0.3679373958834938,0.5301639605488598,0.8236893605788193,0.6495730123357546,0.47085641389215416,0.8104427381691319,0.6450049211593691,0.698814191025913,0.24863028800976572,0.7128164432298898,0.6246800373407225,0.613061838937161,0.6535726008114651,0.49248232994969404,0.3533517630013542,0.31717232436185033,0.5437907877738875,0.35906654456294895,0.4571043385187691,0.5348344780393856,0.669732951375356,0.9584089526258486,0.9818149738550981,0.6830735318287335,0.6287481560780954,0.5196701487507533,0.5650056513110765,0.5291768965915113,0.7727150350515818,0.46490309780205163,0.27832685445764976,0.5684638718134286,0.4917148378506035,0.6233073318433346,0.3729217412146222,0.1125613225703838,0.41580916916777383,0.42257810221193326,0.5876446715054678,0.43246178510448524,0.4306501347970881,0.5106679694456682,0.6509864975162543,0.6388197615875953,0.6873251330789565,0.5038125683142738,0.6046610666579484
0.52435945052538,0.41362711508043054,0.36024638150257826,0.7198554067501527,0.0,0.6082862116134085,0.4522986381760305,0.3365263249453476,0.6538807922196643,0.4415500191084377,0.48068049988379435,0.5296804719930067,0.6765942589453758,0.7282793908379773,0.39570059974298916,0.4965012471646495,0.3829493117543388,0.4014626676530363,0.318362137923742,0.38027232176928116,0.28923067796794605,0.4358497151950381,0.2773908035195538,0.31987507608316257,0.39075298462504715,0.2333898488462558,0.4329289275276648,0.6832273983508887,0.3565372078059032,0.305001531572109,0.35780285711008125,0.6762540263295695,0.4479439981491773,0.24229860984197146,0.7671750101370429,0.6421136071506663,0.6208715197783706,0.06573075252841803,0.5538783404842192,0.4558860117988493,0.4884901016896923,0.464467752085593,0.4038532943581154,0.33602196701424,0.2588921761870988,0.3512932730264239,0.3163855588034582,0.27574138026454975,0.45633113830897476,0.5479770898246092,0.6571383939336453,0.5850610467369489,0.5747322130298598,0.41977068085286484,0.5025080866370829,0.4091751465384215,0.43386469860045,0.4855484824533854,0.43206062674397167,0.36591548254388473,0.5528990684145589,0.4299209606600783,0.5401304284698464,0.2507351802000207,0.3544669744142441,0.24023293120176054,0.35390758677202677,0.481763612635302,0.2309329686096168,0.23361406592945239,0.31048759276049237,0.4587753038553226,0.5656204007549269,0.5721028464195186,0.4743724999058968,0.4866601715855326
0.3611724641549001,0.3378675590437209,0.40908133967004506,0.809817686459461,0.6082862116134085,0.0,0.47817331196439183,0.4919642041376956,0.4672368024621185,0.3158743065939155,0.4890167544442854,0.4267268064899513,0.6276363452009709,0.6613814273236713,0.33893517180753047,0.26241572402027274,0.2173355268497466,0.18898541547647046,0.18158649654749817,0.30704759991764274,0.3465509523974326,0.21889724575662872,0.2726244839185013,0.29595139842930995,0.43746779360870447,0.20407630100975524,0.2309824756583127,0.40484297832985133,0.20045407677121377,0.203409622208508,0.22972301001198908,0.7849604764565853,0.45154592553902967,0.20080154188648427,0.7775010031423782,0.6834075031279455,0.6641319545434657,0.18350899675013005,0.5498867120765955,0.4942156823633121,0.47999256680389907,0.4551908912005729,0.48259687442273047,0.3832762512953989,0.2581582789502885,0.37594466778571894,0.3936556165045365,0.25447223655429124,0.5759019497780489,0.5532699939748658,0.6080378937504347,0.7221211228984356,0.6049743571350821,0.36302191034316833,0.5728634627631829,0.4216187439858751,0.3685381455508816,0.5265283010000213,0.4338383786117514,0.3204698692624016,0.3289578444257811,0.3983116575015894,0.5114800994337276,0.26876431627987285,0.2704440654038201,0.2535554338586931,0.19242160081414067,0.42553431089996774,0.3247893417781147,0.20546858950613445,0.27065909893825785,0.24009729130748075,0.4605350923870229,0.48157385848472645,0.3247010546741366,0.43763499579688175
0.5129354910640405,0.37450768859168426,0.3680442910996382,0.6443869581468321,0.4522986381760305,0.47817331196439183,0.0,0.3369264142284734,0.5062214215682856,0.3801973319956117,0.39298992693397594,0.4498505402076542,0.5144703046138521,0.6403798585959255,0.3728451080849848,0.4007298113107566,0.3617201961545683,0.2347025798380878,0.28915997287344924,0.4336282780327551,0.24999682664935735,0.3301746309929171,0.2510381221941258,0.24696812387753986,0.2656445978877137,0.18326616384319244,0.36015067881140583,0.44832000988228327,0.20485048781176401,0.21916337858180898,0.2603407565291398,0.6500590525146369,0.22468198814432772,0.1346654131384436,0.5637753023719637,0.5550292044175253,0.5735050768616549,0.0,0.45530885484393546,0.2727614788631189,0.3021103041645257,0.2910748893647579,0.2175767614560173,0.20261764927205564,0.14509134632059079,0.35417638399826484,0.1940677651246137,0.3373474978158054,0.3816126499894009,0.4774617804299171,0.5346310893899618,0.5329757398623661,0.5162754428996714,0.23098325752010818,0.400221476452802,0.31180016403529165,0.3944577981936575,0.3895146835122255,0.350197873892122,0.4778861679782272,0.4200355736652426,0.32361827923334363,0.5049083780184359,0.15666711361023478,0.34639205845392856,0.22405490664678845,0.24490491230442085,0.3659572298709024,0.09698175137823703,0.14912670738186273,0.2092237139568784,0.27729528096793454,0.3718143761368207,0.5189115709864652,0.4382744090969099,0.3348332210315245
0.29677446945685865,0.17572964513672376,0.22098260329707115,0.4238841669457878,0.3365263249453476,0.4919642041376956,0.3369264142284734,0.0,0.4921807441065439,0.2766927735582937,0.3216842462560385,0.2841723265228313,0.36941588881266607,0.37135402912516896,0.15924387693719227,0.21894047908746167,0.2372933040578639,0.25014706369686934,0.1677499003886533,0.2661876365007435,0.11259829532243579,0.16936451149317783,0.21276101937381842,0.13976650140550828,0.291897345887452,0.19709909532546277,0.3088096510855961,0.40247582238313934,0.08810620396825274,0.05878403478053821,0.23685480101671164,0.34900927987197927,0.2739289999810318,0.1667972797947667,0.3346506122376809,0.33060053055526034,0.4565546405253297,0.08451767590783463,0.3408385935422527,0.24878681403606395,0.3740845032660098,0.2755272740769318,0.36196580840971676,0.2685674244383985,0.22988326639170747,0.18290177064986168,0.13693498162503578,0.16013431238043274,0.3563385456000523,0.3648326795484581,0.3481139668206029,0.5425025308443225,0.339418044020381,0.33638670586629954,0.323901383745836,0.3014026340293227,0.17390917022235972,0.39404130824023864,0.21137625457228476,0.2335063548861474,0.26517182205969614,0.2993150940918552,0.47761950060729785,0.12464391583555764,0.2092255663984132,0.06310659012815625,0.2032887713179738,0.22728991543568844,0.06887480790024368,0.16993038268178912,0.16598435357580626,0.18347166925120326,0.2856386963744417,0.38611544436443623,0.27838333007133986,0.27086276537224574
0.3232220879282466,0.4435109494952538,0.4112510236832018,0.7758516995920209,0.6538807922196643,0.4672368024621185,0.5062214215682856,0.4921807441065439,0.0,0.48903262885611903,0.519306279862133,0.4112330440329958,0.6671989928153171,0.5389424790325322,0.3911812531214638,0.31549046903738975,0.38535170815477054,0.32707000946786585,0.2807225586363907,0.19329671180826835,0.2770580110684607,0.3015915901930677,0.32002955812955486,0.23362602715501526,0.37505165801183277,0.18650521023679062,0.3203148107893044,0.4727014952103026,0.2795713351309826,0.2596653112025662,0.2569816844481043,0.7219561947438687,0.4623158353380782,0.25061826384738006,0.7551526840714662,0.5964221359099162,0.6759449365728252,0.13311146559836148,0.5559655013917166,0.3695859828812009,0.43229634688808755,0.4355444765038238,0.47231930674815475,0.35567114645334574,0.2444686496612719,0.3211263681843138,0.27968813238222545,0.3143659357786248,0.5452806778222715,0.5479184138155164,0.6843984870985041,0.7984279380498589,0.6875698470413264,0.374673326695438,0.5401900959425384,0.4290046785174977,0.35147850796747626,0.5883677584904958,0.3990526699234444,0.22071797319276742,0.38986342819954983,0.4607001221091433,0.584961687458729,0.27372138432631976,0.33149050061282437,0.26502594908910754,0.20568019430251652,0.4421159238944686,0.08570309873818108,0.31456210542367263,0.2700085820905255,0.42836811749375825,0.5055913090951418,0.5459528205542663,0.46072409929935954,0.48883477590956215
0.27630078285516735,0.31495055220178175,0.33150156854685925,0.5241194697780709,0.4415500191084377,0.3158743065939155,0.3801973319956117,0.2766927735582937,0.48903262885611903,0.0,0.34114597316642553,0.3595950751373671,0.47566884680980387,0.5769066573972919,0.22292639937319328,0.3969560057000098,0.21342101365469757,0.18141848122594345,0.2639394068622753,0.3023976923778977,0.20852034088451923,0.3989183492607026,0.11560716395229909,0.135704110553959,0.17414012524002273,0.13373103725027108,0.2689531043958498,0.5096544880026176,0.4279000089333245,0.2852019168460572,0.23735082248687786,0.551499359560735,0.400001670854439,0.1391368546611277,0.4873780798098994,0.4182112949918414,0.49796142410555144,0.07257192796153764,0.43662942978055475,0.3051666972927806,0.42660318275408765,0.32292739624017,0.39565430411923475,0.3996029261887696,0.200322188553467,0.3153764124840416,0.42074206665099895,0.1952133181973042,0.41693435034696374,0.5074941346462332,0.43062294371590604,0.6384374928100686,0.4531485409428615,0.3147026035534886,0.5051112695033309,0.3437202504008076,0.32095175944179616,0.42191939958713465,0.4615843668352213,0.2648534286805584,0.31430414373981996,0.4372950341819466,0.4004738073330222,0.36332981409110765,0.1674516491936555,0.32299889081280186,0.3134586184442537,0.27137463684379276,0.3732552323734235,0.18672286781822794,0.2334830703139643,0.2930424396243304,0.43289018208133256,0.4497633348305304,0.2870794704661185,0.3444645137070671
0.43253282699622586,0.3082569747702046,0.41414582831814717,0.6279555117042288,0.48068049988379435,0.4890167544442854,0.39298992693397594,0.3216842462560385,0.519306279862133,0.34114597316642553,0.0,0.41800203191191604,0.4834205765220222,0.6520738203086388,0.28459999586018486,0.3034943113851317,0.3287998967386604,0.2525887739582956,0.3438440757415857,0.2644016590333086,0.2648742005180821,0.2218700591214271,0.28348043981260074,0.2813287535674758,0.304154830650364,0.24116031549944097,0.28219173948698995,0.46652600822913864,0.28974537290289776,0.2579467717444051,0.17113677589050907,0.5599056615485225,0.3496987313470386,0.15219260974742074,0.597649097242652,0.5220619037894587,0.5205786153750791,0.22669093864492507,0.4830511046829479,0.3917712575776286,0.44639424154284446,0.4259029714001955,0.5080898825078406,0.2635343910925517,0.18396225321929913,0.33879615479879577,0.2534763521433215,0.3287762505664795,0.3564363755976207,0.566095568034509,0.6093978143349754,0.6877543396217014,0.6025064977252554,0.3856528900690764,0.5493770424535269,0.42544172885793174,0.3123861469542464,0.4821534055003533,0.42559053838582406,0.31066848630077337,0.387219892755402,0.44827849512946016,0.46066613834279374,0.3146672670092161,0.2891382085476519,0.3454951982019324,0.1564597746487271,0.35076072497159055,0.07912457939953209,0.21322935584311448,0.3358643727512619,0.26364819082811547,0.43892775515115645,0.5634737581674434,0.44533518083873025,0.36693648956155434
0.36488773734030666,0.21747972040332647,0.4276539690555262,0.5373042188397065,0.5296804719930067,0.4267268064899513,0.4498505402076542,0.2841723265228313,0.4112330440329958,0.3595950751373671,0.41800203191191604,0.0,0.5427106519457738,0.6989885345720975,0.15897992304711428,0.3127914813176635,0.16989604912614678,0.19215189363018492,0.15352548613037284,0.30841133079771316,0.3288623659226015,0.23049012500751886,0.09584265275494686,0.1817954894769249,0.1717568386917703,0.16432578088270824,0.18482847520963508,0.46783439454464687,0.21846893661994052,0.33163952354981624,0.28681049832534694,0.6645884007489211,0.38454889332279035,0.21474391435477058,0.5310628861272325,0.6536616188104379,0.5510793285646433,0.05431102405231812,0.43231584190017974,0.4300439481355306,0.5110331919150768,0.46695604976568206,0.3748311909255341,0.314323750351322,0.23708792505135187,0.35896840957740694,0.15025607257294868,0.21439954097450664,0.46973393505130445,0.46929696700528195,0.514200346780772,0.6756011505380418,0.4538516415234407,0.2857345459740578,0.3873938891450461,0.3089037174919648,0.27351868350728137,0.4355960071665472,0.39049524044524314,0.17771328517041465,0.25414623232383005,0.2642078777173361,0.3204338725426546,0.18433125165956427,0.20714261760457398,0.27459390015750645,0.24229651362653173,0.29361204306982897,0.08840428995423195,0.15022738553169912,0.23704559449230217,0.081100788846388,0.37047744649504494,0.4438619803027074,0.28273463090784406,0.4872290218880248
0.4997786689911884,0.44847465773152156,0.4378414517637675,0.7590369405708856,0.6765942589453758,0.6276363452009709,0.5144703046138521,0.36941588881266607,0.6671989928153171,0.47566884680980387,0.4834205765220222,0.5427106519457738,0.0,0.6893356354947398,0.2816314208570274,0.5720620252906876,0.42998341479204455,0.43469231577158685,0.2647267940670758,0.21503432464113673,0.3582707371716634,0.3955521074454305,0.34247239206517915,0.3323394048812806,0.47063212554924116,0.29630510528764253,0.4926118791497228,0.5884095257047606,0.4015616168252844,0.2812893231099333,0.3906036878200796,0.7681520330637811,0.5301125755214177,0.2518514467009567,0.7187816976635896,0.63257124507233,0.7167615488133126,0.09484971392299185,0.6299722339783875,0.44145231958017067,0.6372993759595068,0.5383382884582365,0.38255125253437533,0.41251186711073845,0.2886604157647288,0.5316368100415627,0.2164934855552072,0.39568060602694727,0.575413673959557,0.7014778941297538,0.7325516659743789,0.9261200598687678,0.6508006491071022,0.5375816865463949,0.5535957401215784,0.45031650991586714,0.39092278781661727,0.6797386159510278,0.47337282669993624,0.2689139612143523,0.44181302851398363,0.5040013550818258,0.6650905122824312,0.26748010512558573,0.2701047080751803,0.3771643761755963,0.3275289607664503,0.4961894724658408,0.19461152441337626,0.2893674525847242,0.3683660418559666,0.5479207068714873,0.549047750872825,0.5681654532435116,0.45645976093653245,0.48047393713059217
0.5190257442027914,0.3917229601640424,0.4759418926641353,0.6691146247560209,0.7282793908379773,0.6613814273236713,0.6403798585959255,0.37135402912516896,0.5389424790325322,0.5769066573972919,0.6520738203086388,0.6989885345720975,0.6893356354947398,0.0,0.42528471643354626,0.5679085384963379,0.4547689260253115,0.4645501067211077,0.41966118003104474,0.1623671231276232,0.385583287361366,0.2878362512012388,0.3276259390553191,0.50912071742197,0.4309774034251936,0.3127838725798125,0.4253819365021747,0.6429430314288929,0.36265997595724453,0.37764034605743235,0.4286347673526822,0.6811091812617287,0.6443829035760258,0.4060244378906915,0.7058563906051941,0.6123149924714244,0.6536564939003816,0.35995243684516753,0.6049609429412217,0.5883474467752386,0.6993302620949678,0.6128442744842785,0.5670756433549531,0.48699995887822667,0.3056442793183996,0.4014303846780227,0.3179639525468831,0.393377316442369,0.49493884304502284,0.8000289777890076,0.7037663789493884,0.8283554314683084,0.638213369758252,0.5368143781956206,0.489033443376244,0.4864533250386238,0.4793339884570611,0.7143456078025248,0.5423285428851325,0.4385127604104053,0.4652073525148995,0.4437942910502084,0.5760189339260743,0.27781105331190137,0.22941803139095385,0.37983559800207045,0.27323797350357326,0.436350829797168,0.23894086255633254,0.3274232447980781,0.4267556761359124,0.4643429493612311,0.6428344853779739,0.6834080081939103,0.574020235308528,0.5693045941458171
0.20681204513432905,0.2461143071799529,0.19421657613259902,0.33464086432245704,0.39570059974298916,0.33893517180753047,0.3728451080849848,0.15924387693719227,0.3911812531214638,0.22292639937319328,0.28459999586018486,0.15897992304711428,0.2816314208570274,0.42528471643354626,0.0,0.2050699676655994,0.31148612409990695,0.25430210510463297,0.2702845381398847,0.17982079497433587,0.2656017344669098,0.1530865029990699,0.18192848268989772,0.2890840341261616,0.23926448703657519,0.24415590067052012,0.31454852417104856,0.16633818371975315,0.13232287047009905,0.3367385552569802,0.2511566046435614,0.3838629246070714,0.3646164862102055,0.40046163650392325,0.3664025495647963,0.37332311798636947,0.5059268856620401,0.43041344371712176,0.347174237647061,0.3496814720948817,0.3994746834946471,0.3920564155602063,0.3040840261739998,0.44794659192679,0.3390969916179232,0.09165478675557337,0.3093831795248763,0.28582285003500657,0.475591837277064,0.3851194654113819,0.1846732011367237,0.2863212135553861,0.31752081562072154,0.1106531707217185,0.2366744800239973,0.2440579251085049,0.2869272596549109,0.3643970174579954,0.4210978803060236,0.22537460773719897,0.2436915940148604,0.16671734816230707,0.2423253715063127,0.1584122973610582,0.12901158261903564,0.3487009044224241,0.19464386413483656,0.16480892867650676,0.453436396783108,0.16551165799172027,0.34295905881593375,0.2033779391709853,0.2576361556190081,0.09822461623570486,0.20725668319816906,0.2959496303766365
0.31727168174578374,0.19100265338852296,0.2941802703827323,0.5376024071608824,0.4965012471646495,0.26241572402027274,0.4007298113107566,0.21894047908746167,0.31549046903738975,0.3969560057000098,0.3034943113851317,0.3127914813176635,0.5720620252906876,0.5679085384963379,0.2050699676655994,0.0,0.21138950543952156,0.15265162314701014,0.18556864137042212,0.25899671729653057,0.24687562091472534,0.29221651186438535,0.13047497633398442,0.18776009168542132,0.15034448997454664,0.23716840016962798,0.2442715411838897,0.42283340955772536,0.2765769897145706,0.23885732315069733,0.1918180184051208,0.500763602925919,0.4285343725593669,0.25184192978481984,0.5988333157736185,0.47863730556304085,0.4374902088353839,0.17496002564768387,0.45504399727663514,0.42600909455246116,0.4355075309257625,0.3484405256940679,0.46552587047601796,0.36398881321457716,0.23431422538073648,0.3690521714556929,0.32944419683382503,0.17034823177768924,0.3865882671077151,0.5883374752188425,0.44781855977445106,0.6249381681405063,0.5348133370708285,0.3169212719800838,0.4517459166229615,0.33077897811511114,0.287494961455395,0.48235000445555304,0.4717659588624132,0.4233681160173936,0.2793687728196115,0.3429423331680863,0.3405845082568785,0.20449123944705738,0.2529117719332546,0.30208310650963904,0.3361057809703587,0.2450047995399397,0.39723245069729435,0.45160176714282263,0.23582965180889898,0.10952176018216225,0.3508666264073757,0.42391791042542165,0.19660771118904902,0.3617562157985777
0.18056047368695327,0.18702105504979524,0.27870917904175796,0.4905254058241659,0.3829493117543388,0.2173355268497466,0.3617201961545683,0.2372933040578639,0.38535170815477054,0.21342101365469757,0.3287998967386604,0.16989604912614678,0.42998341479204455,0.4547689260253115,0.31148612409990695,0.21138950543952156,0.0,0.147742538645249,0.3050544398907128,0.24928025738201692,0.16169051677250623,0.3130119784869792,0.20513458558912342,0.328813818732476,0.1874495130692876,0.31180262434800415,0.34616634754779957,0.2690958058562395,0.2870713366470539,0.3252759307222203,0.13740259268647137,0.4500875153072665,0.39824754973838644,0.1117934216169909,0.4717277004868775,0.4309577660481963,0.48872753715701034,0.3867746059742983,0.27557021218888084,0.3910564942463623,0.2733992707203829,0.2526555241269054,0.33230400158637036,0.38878196835269135,0.04285182792958211,0.1189661637501104,0.2788455830768869,0.2464817822015655,0.3807381420857921,0.40084254973701733,0.4369478159072351,0.5797683558792587,0.43532761068443215,0.15764719824523676,0.3311235786727279,0.23191230128785192,0.08071333387329717,0.3882872841373078,0.28490479934292245,0.24424107871093212,0.19837135364750577,0.2920432430723435,0.3723434918006539,0.31089050347819436,0.23046355188023793,0.19117441302749197,0.2933555600483957,0.2186976810290882,0.3009028112592462,0.44044702002405434,0.4452159070546879,0.08610267368039441,0.2580668687556278,0.28514050201650815,0.10836290294077172,0.23551868337052737
0.11312738982628523,0.1697797039409061,0.19864446462816007,0.5628492866747452,0.4014626676530363,0.18898541547647046,0.2347025798380878,0.25014706369686934,0.32707000946786585,0.18141848122594345,0.2525887739582956,0.19215189363018492,0.43469231577158685,0.4645501067211077,0.25430210510463297,0.15265162314701014,0.147742538645249,0.0,0.25106909820499923,0.20704619721716394,0.13747904623673451,0.27379833489981387,0.24063857062342173,0.273762118140655,0.09270242238793701,0.27781046618787025,0.34323629125843524,0.3029731874600172,0.3038086210357119,0.1515398173383309,0.13375876120120195,0.4932297417437286,0.34751673127738064,0.13900158934485998,0.5255839294292329,0.4159655506319231,0.4892821716149216,0.3759544668845776,0.41899003333551993,0.3531458622537849,0.2894661871330382,0.21325516531543318,0.2561533133978743,0.3358585307447893,0.12484820827048246,0.2931776293498886,0.3149522249834109,0.1851952051313005,0.29625988301034467,0.4441169387175996,0.44672708605617323,0.5855901572543972,0.35992677747388435,0.19875124089733376,0.4321019792648003,0.2176037360933032,0.11812514772862974,0.3585331342738901,0.28644222917738316,0.2084845997360542,0.22028838513047172,0.24231196370410174,0.3748202695432611,0.2212744484671905,0.2784943281284326,0.11220726888153648,0.1845707234884829,0.1504660762217577,0.3337570416734843,0.2766436671639638,0.3405108133558889,0.17167126534405275,0.27769735030707066,0.3445444643654885,0.32160871245054184,0.30842596547087686
0.26519316525211123,0.3698672562079607,0.26232943203097514,0.49920169612421467,0.318362137923742,0.18158649654749817,0.28915997287344924,0.1677499003886533,0.2807225586363907,0.2639394068622753,0.3438440757415857,0.15352548613037284,0.2647267940670758,0.41966118003104474,0.2702845381398847,0.18556864137042212,0.3050544398907128,0.25106909820499923,0.0,0.2619112652304981,0.18682813660774428,0.333589933692332,0.3875776452360822,0.3294841860865908,0.4528749959619826,0.33698477672501653,0.23822483535253383,0.2780788739477757,0.29618222860204646,0.3375209145592209,0.31554551404646064,0.38322641481063013,0.23661749209958532,0.12643850048389002,0.48112262811516376,0.3542912073871973,0.309010037416134,0.3415256211655823,0.24332004268011814,0.2314784039905402,0.2828481415106141,0.2325729475278968,0.3277622599422826,0.22964080674911355,0.11627410644840194,0.27126322187917545,0.38021475812806527,0.3199651442628052,0.21067810920828564,0.429769330739875,0.35592442497604815,0.4464529044862831,0.3892695047451966,0.19688244411233385,0.31576561469829656,0.17811408002743956,0.3374624452156667,0.1894158483533332,0.3524324410636014,0.13823354604657762,0.3519072485770154,0.29857578743594093,0.22132255063959197,0.21368357939817398,0.2011748441556446,0.2066054273227677,0.3218974462925867,0.36920667008063246,0.27462817008085866,0.3850477362386305,0.42607860779379014,0.2895545642466245,0.16213170720564174,0.20085707664586516,0.11028546519884605,0.1506806161464345
0.22948039503624265,0.29212773975913725,0.2874214386599695,0.34376762474517986,0.38027232176928116,0.30704759991764274,0.4336282780327551,0.2661876365007435,0.19329671180826835,0.3023976923778977,0.2644016590333086,0.30841133079771316,0.21503432464113673,0.1623671231276232,0.17982079497433587,0.25899671729653057,0.24928025738201692,0.20704619721716394,0.2619112652304981,0.0,0.2485664111004287,0.2602841469976158,0.2708241856409463,0.18678884421253544,0.32829094415226856,0.219062550199237,0.22392525928470502,0.3295249916627081,0.33438042645272803,0.25678298312937003,0.33699919042176196,0.27228118173237276,0.26111972888348456,0.4195188737752303,0.4143831113969935,0.24187340769822502,0.2653485714162927,0.3374551907085079,0.28702519704458007,0.23573856389482625,0.3516709658875171,0.15422598996880746,0.3002944797793575,0.3769574687826715,0.3197514560800603,0.2936673961226555,0.30638366078114604,0.27387833273445306,0.2095255212863531,0.17945682673050664,0.2024889551363327,0.26147126938489546,0.12462229819231953,0.24274829513367716,0.29278515079621403,0.31888826999036,0.22375433260833483,0.2549634835688152,0.3712300520762063,0.28243751860254074,0.45091903514119563,0.22583259224491492,0.08773369410786183,0.27885510936100527,0.22789227419886307,0.3501329931733472,0.30981963909522536,0.2162688712479497,0.3344941764188499,0.31512317358858044,0.31322742924857994,0.2962403371090321,0.32797063970914697,0.22591266313817315,0.2075638928405148,0.36083272439303493
0.3394221960552541,0.2246604686565769,0.4377519843350458,0.3822650086050229,0.28923067796794605,0.3465509523974326,0.24999682664935735,0.11259829532243579,0.2770580110684607,0.20852034088451923,0.2648742005180821,0.3288623659226015,0.3582707371716634,0.385583287361366,0.2656017344669098,0.24687562091472534,0.16169051677250623,0.13747904623673451,0.18682813660774428,0.2485664111004287,0.0,0.2476639962551856,0.1368693998751284,0.24650889825459554,0.22150861191379106,0.1792242651364488,0.09832361027394686,0.27904760385320754,0.22711321412720242,0.33623922998164135,0.20880153851501587,0.3313355764872723,0.11065903487712606,0.13333524742758673,0.3111918337316732,0.37898800638184765,0.339339175065138,0.11286472116332648,0.22531672220496426,0.17197012037700732,0.37685991933910207,0.27406667111195965,0.2586531442972438,0.1271398379270769,0.2196085794240038,0.44717599789151263,0.3177826560325827,0.2770833869013001,0.23851051012740737,0.43186999797062514,0.4134058760336489,0.5305296784056657,0.3884045585633866,0.25013870501996455,0.3120564988562793,0.22082757970721756,0.2948056710188856,0.26592696850800884,0.23927366298755706,0.3143231211012075,0.20724508573670242,0.23980808770072728,0.3853587091981669,0.17830071224418664,0.1977792643354518,0.2811281868887848,0.2542153992444873,0.18712876355772318,0.2631170800488506,0.3540438867538187,0.16811831714539943,0.07986442746227973,0.24245979724160044,0.3636316062677165,0.16777887518207496,0.29086689767491186
0.2693972390114746,0.3483512892703974,0.2542594382777099,0.4208238703913161,0.4358497151950381,0.21889724575662872,0.3301746309929171,0.16936451149317783,0.3015915901930677,0.3989183492607026,0.2218700591214271,0.23049012500751886,0.3955521074454305,0.2878362512012388,0.1530865029990699,0.29221651186438535,0.3130119784869792,0.27379833489981387,0.333589933692332,0.2602841469976158,0.2476639962551856,0.0,0.24123363873967654,0.2733914370534428,0.3996990376388072,0.2665252398354945,0.2588660740671406,0.23416847951580014,0.2484113633305949,0.44321749240571373,0.34079465455907826,0.46949654579189926,0.3664880281982326,0.39482812171946147,0.5060016411639445,0.32822201934792156,0.48358478545647293,0.3100214697998776,0.37385780417105496,0.22175023001244443,0.29814891528289517,0.28353893682801584,0.21640675819672134,0.3625006521952222,0.383139387989993,0.30525040502972234,0.23481632682233303,0.31435762220598595,0.3482247541563781,0.36174821589360373,0.3525834848163507,0.49821263150680706,0.35164998236212797,0.19713497066729296,0.2728594364167616,0.1805277641038044,0.261630881700447,0.4076267029504668,0.34157096111689034,0.18092616494879715,0.32901784100230824,0.20087119991997415,0.3040563349227895,0.27017024385874017,0.22781725615435464,0.26831066604280857,0.29631693027422235,0.2751504675704077,0.3186339185368716,0.41674591987447723,0.35689686794390596,0.2843001687950488,0.23432930386865825,0.1925268735406836,0.24464187941118384,0.19338782079457656
0.27379425037918764,0.2202321712822032,0.2947590708901526,0.4772777161536873,0.2773908035195538,0.2726244839185013,0.2510381221941258,0.21276101937381842,0.32002955812955486,0.11560716395229909,0.28348043981260074,0.09584265275494686,0.34247239206517915,0.3276259390553191,0.18192848268989772,0.13047497633398442,0.20513458558912342,0.24063857062342173,0.3875776452360822,0.2708241856409463,0.1368693998751284,0.24123363873967654,0.0,0.08857178535207466,0.2668424462625597,0.22010460954174396,0.26348028676253316,0.29777621273048444,0.267638287586018,0.22702849724312807,0.11097807828535153,0.4404994572433985,0.23310236036078547,0.08312644790177666,0.32470903335454226,0.37473796342860555,0.4496948465202401,0.22157853320749335,0.27803512931552277,0.11384911701619813,0.25346537179037587,0.28099351240754433,0.20341362134477356,0.23931700101670192,0.08810662630253656,0.15445642749129931,0.28027587699924494,0.21878096147970538,0.2987963187391052,0.32975352972990535,0.3915993180489878,0.4602843107229327,0.36114077336382977,0.16614784443670846,0.28298841994958024,0.20929392386454457,0.2839272640063581,0.2796518660421199,0.19450477257552273,0.2415418238318555,0.23672818617852745,0.150029985937726,0.34983144217510836,0.3182193042004627,0.16190952593453814,0.32635375025509616,0.239470054952917,0.1292633139583006,0.3357570109105919,0.33201265996014884,0.2678882326846943,0.17088386591830967,0.23667583537673023,0.2384562217359735,0.2706948751701956,0.167538754322683
0.2508539501506634,0.3351068263257225,0.28294010786935786,0.45832500442483715,0.31987507608316257,0.29595139842930995,0.24696812387753986,0.13976650140550828,0.23362602715501526,0.135704110553959,0.2813287535674758,0.1817954894769249,0.3323394048812806,0.50912071742197,0.2890840341261616,0.18776009168542132,0.328813818732476,0.273762118140655,0.3294841860865908,0.18678884421253544,0.24650889825459554,0.2733914370534428,0.08857178535207466,0.0,0.25100550713814584,0.09348520945247321,0.34017330223237785,0.23209264981793704,0.22287924463045114,0.43489882740895675,0.17484888946678817,0.41716937852034247,0.1569364399209971,0.27315316718952276,0.4097315179070291,0.47728823761480643,0.3104168778163331,0.0700053062349543,0.20938932078818343,0.18301468342384364,0.34603640618116455,0.26065028640526156,0.20305454994112704,0.0343980306485928,0.1784313961055803,0.26502072050334624,0.210835972614679,0.2566734062138237,0.2782799455563061,0.37773161797928934,0.37160921844335293,0.4793081371270678,0.31668539091325343,0.11712550164791699,0.2571367671825657,0.22531950411537108,0.1386666803347491,0.2537363535553051,0.13390550379864655,0.20314580924247122,0.1874637984871597,0.1672497474788146,0.3236427011950413,0.16932904351549405,0.16067217843010528,0.18294906250529455,0.22283218176041147,0.1390404598337557,0.31647918272802705,0.30019223832821873,0.10309927811803968,0.2595965732648263,0.1832829113457449,0.2815118307041047,0.13743551865777284,0.2557301908742793
0.2645524205421651,0.410910308797764,0.1830577707972324,0.5541227338370295,0.39075298462504715,0.43746779360870447,0.2656445978877137,0.291897345887452,0.37505165801183277,0.17414012524002273,0.304154830650364,0.1717568386917703,0.47063212554924116,0.4309774034251936,0.23926448703657519,0.15034448997454664,0.1874495130692876,0.09270242238793701,0.4528749959619826,0.32829094415226856,0.22150861191379106,0.3996990376388072,0.2668424462625597,0.25100550713814584,0.0,0.335297558709237,0.39014080094656434,0.3449495305885258,0.4359033113277217,0.2671685587433671,0.18990420360123839,0.42660640113285353,0.27015210806124096,0.13125501125104552,0.4781904731147796,0.42837450125631416,0.5127860564514055,0.3802655121844908,0.3505730934948593,0.3422554709293349,0.2879614662403478,0.2760890884569381,0.18861069054563898,0.26362023295049863,0.14770821800630765,0.3794913364957358,0.37533772959158374,0.3518530183240221,0.3330995867936447,0.3077996805421218,0.5385355201233919,0.4858739671567911,0.389670654389718,0.25894753448023156,0.358849816968963,0.2560583781749944,0.16914457542902317,0.3918406331710282,0.18776421344299948,0.2852331664753562,0.1723747060393178,0.2822403510471889,0.405901876111685,0.34144954858147786,0.24542948539772214,0.3809033148802338,0.3588766558573782,0.18213324621503654,0.34269037570505695,0.46902294603777384,0.40823385016697067,0.36821075365688655,0.3520905120908236,0.25916998397161645,0.1896726672640646,0.27250175487593464
0.2653684949026404,0.35648126506205,0.2195915730466293,0.39839628521077897,0.2333898488462558,0.20407630100975524,0.18326616384319244,0.19709909532546277,0.18650521023679062,0.13373103725027108,0.24116031549944097,0.16432578088270824,0.29630510528764253,0.3127838725798125,0.24415590067052012,0.23716840016962798,0.31180262434800415,0.27781046618787025,0.33698477672501653,0.219062550199237,0.1792242651364488,0.2665252398354945,0.22010460954174396,0.09348520945247321,0.335297558709237,0.0,0.22798931360206787,0.16964772597968802,0.35147124986501954,0.4050926933788198,0.2751334908527056,0.3378772803954954,0.10917180489191095,0.06797410027014876,0.37821569585453263,0.3531186517798588,0.3421202710548484,0.2815174607611768,0.15565154837387013,0.08993574920522088,0.2988579722596444,0.22659903262519593,0.11402529669453293,0.08127972549272947,0.04091541749630876,0.20977724484957797,0.32771760437819275,0.32398495121817295,0.22942153574787633,0.30228565980787375,0.3487186907950641,0.430666280480846,0.265645895120862,0.04610993488862888,0.23018347561280988,0.11159272501625864,0.1464206418583254,0.2074494916547605,0.22610459936864563,0.1676567057514595,0.35457845317376907,0.14783644767265855,0.23538266822426676,0.3430393085387798,0.15744525742692414,0.10523305895771655,0.263292049682539,0.22224148418633105,0.35266049735565297,0.40442118606699196,0.26491696891837857,0.21014593225531375,0.1132599688679495,0.15203311237125872,0.277481407843298,0.16135287680563667
0.1381394701724341,0.34664532064694525,0.22768380888596665,0.5855246138719344,0.4329289275276648,0.2309824756583127,0.36015067881140583,0.3088096510855961,0.3203148107893044,0.2689531043958498,0.28219173948698995,0.18482847520963508,0.4926118791497228,0.4253819365021747,0.31454852417104856,0.2442715411838897,0.34616634754779957,0.34323629125843524,0.23822483535253383,0.22392525928470502,0.09832361027394686,0.2588660740671406,0.26348028676253316,0.34017330223237785,0.39014080094656434,0.22798931360206787,0.0,0.3163456528486399,0.2960060873196734,0.16062260726268032,0.326174261875211,0.5751320703241416,0.39978453109893597,0.1870111532625897,0.4970673308502002,0.5136803256665176,0.560865159664172,0.3549770850086009,0.3407114906692401,0.34637276692006896,0.38387004530144253,0.4627602141642106,0.3191222070071432,0.35147852800820184,0.06964704956500216,0.25248539710624895,0.39105287438241615,0.24514942181603538,0.45805956747264537,0.5366754734853301,0.39030837852554245,0.5936910926720975,0.42838896183351327,0.19546985298772707,0.35106173759316495,0.2568162349118421,0.26804651345729497,0.346643941253947,0.21286197839102636,0.24917253549443846,0.14185249312966666,0.1751764854761764,0.3604379493834102,0.29520046816817314,0.2126137837629111,0.3187166589571088,0.2799539207565933,0.24285129203016384,0.30748010118624874,0.37735205888597834,0.3363497449154489,0.20486142378125544,0.18670497023120355,0.27388388010369225,0.24699906306997843,0.34636015124364433
0.37275267699379117,0.2718285156499689,0.2830978203811147,0.7081827191782171,0.6832273983508887,0.40484297832985133,0.44832000988228327,0.40247582238313934,0.4727014952103026,0.5096544880026176,0.46652600822913864,0.46783439454464687,0.5884095257047606,0.6429430314288929,0.16633818371975315,0.42283340955772536,0.2690958058562395,0.3029731874600172,0.2780788739477757,0.3295249916627081,0.27904760385320754,0.23416847951580014,0.29777621273048444,0.23209264981793704,0.3449495305885258,0.16964772597968802,0.3163456528486399,0.0,0.18615977951105975,0.1975589614327271,0.29869392575008535,0.6498714820182024,0.49525100249467263,0.2037677837949353,0.5711632828377736,0.5848176698792503,0.6855988080841893,0.0207538648103609,0.524766297000572,0.45802786832478404,0.4570183413894173,0.38610484932633826,0.46000957514266394,0.37729963999294336,0.24143198086425563,0.2971705043078057,0.1604305871344633,0.25821751941580795,0.5077488857310479,0.6133524639427667,0.5677505831861458,0.7935421343754782,0.618439512331399,0.34111175064314375,0.5442992982040529,0.38654283711144044,0.35485659604990527,0.557597709221068,0.33738258801158527,0.359796473579896,0.3671237379323052,0.4231747003080243,0.6080149338323398,0.12838526936611946,0.2545196374317241,0.31546804295563347,0.1578634484131627,0.2948377501977621,0.3191076112417288,0.19911266751220957,0.24395416533302966,0.29364705987462236,0.5449076031051187,0.5686767146494321,0.42544912575442756,0.3210577972339109
0.2025389836753707,0.3882271362052934,0.33179130495223635,0.4187494139818512,0.3565372078059032,0.20045407677121377,0.20485048781176401,0.08810620396825274,0.2795713351309826,0.4279000089333245,0.28974537290289776,0.21846893661994052,0.4015616168252844,0.36265997595724453,0.13232287047009905,0.2765769897145706,0.2870713366470539,0.3038086210357119,0.29618222860204646,0.33438042645272803,0.22711321412720242,0.2484113633305949,0.267638287586018,0.22287924463045114,0.4359033113277217,0.35147124986501954,0.2960060873196734,0.18615977951105975,0.0,0.3392156186905148,0.3216868213358728,0.41595698474698,0.20731850844137067,0.46645480550571616,0.40350430231224244,0.36650252414593065,0.390780752312515,0.3277974512975608,0.2760799755346544,0.29673612525923154,0.20979680721799585,0.18320138754088558,0.33202308707890044,0.15166707295409282,0.37226660192049266,0.20445750880616462,0.2864057693679627,0.32420917366130453,0.328647614389856,0.38897431731090476,0.32288077098871426,0.42219377860308754,0.3066278367628881,0.17003087397019848,0.27042070883105157,0.2254387253314068,0.2780853577189089,0.2835972932662445,0.2110740469597914,0.15605761931924994,0.3574646193537798,0.20674102238804332,0.30714827534954064,0.3259779780474884,0.2406172293819449,0.2829716304790404,0.34348239842526584,0.2608432745069648,0.36747265310048327,0.4138377976254633,0.3024478592936162,0.24054510446529287,0.09950298321702031,0.20222036794400924,0.30140646280402417,0.1934291203078695
0.35682656677644237,0.40054319290742285,0.4125571220311192,0.3679373958834938,0.305001531572109,0.203409622208508,0.21916337858180898,0.05878403478053821,0.2596653112025662,0.2852019168460572,0.2579467717444051,0.33163952354981624,0.2812893231099333,0.37764034605743235,0.3367385552569802,0.23885732315069733,0.3252759307222203,0.1515398173383309,0.3375209145592209,0.25678298312937003,0.33623922998164135,0.44321749240571373,0.22702849724312807,0.43489882740895675,0.2671685587433671,0.4050926933788198,0.16062260726268032,0.1975589614327271,0.3392156186905148,0.0,0.19779588476667204,0.3655449122946434,0.13578846346368553,0.2976712860905502,0.35631476951616825,0.3161820626006234,0.33008330112617784,0.23432575751520768,0.17114187012857154,0.1643951742909992,0.20914056410440623,0.16469262368493842,0.239335195527982,0.2599625315872858,0.26586636926146284,0.339576002130156,0.3130737605016893,0.32902004371781407,0.2770661712323517,0.37254122602824474,0.25791951118585305,0.4887359776274628,0.2911127649152825,0.17678688642463813,0.2557732229581139,0.2910683888278527,0.5049646559572999,0.2215351624891991,0.12394371291501423,0.3876664476209169,0.42453580541821523,0.2796751604671122,0.25666738942852885,0.3871040122552737,0.28948404594373184,0.3445140564944442,0.22195623852225382,0.3092783879513303,0.3919262095053462,0.2084409877392031,0.41415191621009556,0.3317906856269713,0.13437815552432655,0.17367663282174978,0.2528777209210298,0.2765638700109165
0.3326653343838789,0.17398824127042695,0.27411325289486277,0.5301639605488598,0.35780285711008125,0.22972301001198908,0.2603407565291398,0.23685480101671164,0.2569816844481043,0.23735082248687786,0.17113677589050907,0.28681049832534694,0.3906036878200796,0.4286347673526822,0.2511566046435614,0.1918180184051208,0.13740259268647137,0.13375876120120195,0.31554551404646064,0.33699919042176196,0.20880153851501587,0.34079465455907826,0.11097807828535153,0.17484888946678817,0.18990420360123839,0.2751334908527056,0.326174261875211,0.29869392575008535,0.3216868213358728,0.19779588476667204,0.0,0.4633594238837111,0.24095527041778553,0.08314772361453271,0.4870214075036149,0.31849509908084767,0.47311401397469965,0.0,0.1892969619272913,0.2672460049946282,0.29500136210422906,0.19464097676997472,0.17284507195410245,0.23005542331098822,0.0838296889666294,0.26023085319955197,0.4377886598599882,0.1447163454947576,0.3392272089646127,0.4203206472086308,0.3428141071126634,0.4679301032063058,0.4586120846692472,0.17274788869378,0.39239805984122983,0.2298023751022661,0.24391036111355363,0.29241825940755395,0.03748391225676853,0.3790295094715485,0.15221671987434954,0.27239069460040366,0.32065074904867596,0.3075615525708949,0.3303986789706039,0.20673061326681622,0.2746764843232494,0.17225994540930967,0.3261586451918522,0.36888774859162593,0.12094662046981926,0.21402047138913585,0.20757946207952854,0.3373500534025973,0.08967599981514027,0.3113233905165796
0.614559627754077,0.4854849398924246,0.42388245362063615,0.8236893605788193,0.6762540263295695,0.7849604764565853,0.6500590525146369,0.34900927987197927,0.7219561947438687,0.551499359560735,0.5599056615485225,0.6645884007489211,0.7681520330637811,0.6811091812617287,0.3838629246070714,0.500763602925919,0.4500875153072665,0.4932297417437286,0.38322641481063013,0.27228118173237276,0.3313355764872723,0.46949654579189926,0.4404994572433985,0.41716937852034247,0.42660640113285353,0.3378772803954954,0.5751320703241416,0.6498714820182024,0.41595698474698,0.3655449122946434,0.4633594238837111,0.0,0.6901061155888518,0.396770829095544,0.7581709633943093,0.6111986735732731,0.8426911725048998,0.0999227811333013,0.69064726462944,0.6139666189842906,0.6919782448922787,0.62532447483474,0.6745848522479889,0.452273367589382,0.4149134155098927,0.47801479046607775,0.31292346777710234,0.45088241557851494,0.6127504932967691,0.7496974130181318,0.8520900504012078,0.9012247620511515,0.6546812456745904,0.5630097116877539,0.6281256592554529,0.4791884331087034,0.55942526518989,0.7624805623645682,0.5435875574173012,0.32822780698883963,0.4546729643955789,0.3900129999081165,0.669322834375556,0.36285437834010986,0.05052023117883296,0.3430943750015027,0.3550559712878398,0.5923163623622246,0.2891946009919717,0.3172054303897117,0.45878442632917094,0.5797867979858159,0.6115043684578432,0.7100448232714556,0.5103812035952117,0.5410765081987858
0.37184573226664097,0.3395959639087945,0.26371392226396567,0.6495730123357546,0.4479439981491773,0.45154592553902967,0.22468198814432772,0.2739289999810318,0.4623158353380782,0.400001670854439,0.3496987313470386,0.38454889332279035,0.5301125755214177,0.6443829035760258,0.3646164862102055,0.4285343725593669,0.39824754973838644,0.34751673127738064,0.23661749209958532,0.26111972888348456,0.11065903487712606,0.3664880281982326,0.23310236036078547,0.1569364399209971,0.27015210806124096,0.10917180489191095,0.39978453109893597,0.49525100249467263,0.20731850844137067,0.13578846346368553,0.24095527041778553,0.6901061155888518,0.0,0.0980828706224483,0.49203974655285077,0.5609784436979864,0.5177505687620223,0.0,0.558111068795781,0.21054403036189243,0.2978477520457939,0.24858593110134736,0.43644535620669256,0.29932942444878663,0.29280722786029,0.4045815288539315,0.1970291294194299,0.2366307883862653,0.4539397524886506,0.42414103585470597,0.6439194210991626,0.6790420422360522,0.5248864212151433,0.3086968973196459,0.4608906735876953,0.2723445191576591,0.2929071834893763,0.400025642050392,0.2793237102993089,0.33632755928486846,0.4465355085549224,0.34606265396344205,0.5358666167156371,0.1504569101719978,0.1513171406452479,0.21540863921450015,0.2489361074886699,0.35861289118962225,0.0923120041030965,0.19598063253671383,0.19280382321021788,0.3780223926839953,0.41478755616860613,0.535878831113335,0.36473152340323767,0.2550150982639597
0.4303083363801042,0.10379365389410437,0.3162644726853628,0.47085641389215416,0.24229860984197146,0.20080154188648427,0.1346654131384436,0.1667972797947667,0.25061826384738006,0.1391368546611277,0.15219260974742074,0.21474391435477058,0.2518514467009567,0.4060244378906915,0.40046163650392325,0.25184192978481984,0.1117934216169909,0.13900158934485998,0.12643850048389002,0.4195188737752303,0.13333524742758673,0.39482812171946147,0.08312644790177666,0.27315316718952276,0.13125501125104552,0.06797410027014876,0.1870111532625897,0.2037677837949353,0.46645480550571616,0.2976712860905502,0.08314772361453271,0.396770829095544,0.0980828706224483,0.0,0.41161074359037003,0.33920285624089114,0.36309639665090965,0.0,0.19771887278456984,0.17581339514660294,0.22903865411404134,0.19240984362370311,0.18715688730628136,0.09535961520905195,0.10304443772605754,0.3771262994908491,0.4299441696854328,0.18854497276585322,0.2438751613429445,0.2575204397868873,0.4139708857037576,0.3910124478220506,0.43148960594426894,0.08956867698394913,0.3457757283294189,0.21170202559432355,0.19679804506843374,0.19724356192421266,0.14891030739926647,0.3482532757222678,0.18241867661636238,0.17910515851665373,0.3073579810600081,0.17207212984963016,0.31224119901247654,0.06716740483676506,0.2928646402565412,0.24355692091068737,0.0,0.3710759212419044,0.08668102004460285,0.1939561382364191,0.12861086827409604,0.37433308883671557,0.4908253694816741,0.2200721371747123
0.5108027518258157,0.5104598359324864,0.5977964235830137,0.8104427381691319,0.7671750101370429,0.7775010031423782,0.5637753023719637,0.3346506122376809,0.7551526840714662,0.4873780798098994,0.597649097242652,0.5310628861272325,0.7187816976635896,0.7058563906051941,0.3664025495647963,0.5988333157736185,0.4717277004868775,0.5255839294292329,0.48112262811516376,0.4143831113969935,0.3111918337316732,0.5060016411639445,0.32470903335454226,0.4097315179070291,0.4781904731147796,0.37821569585453263,0.4970673308502002,0.5711632828377736,0.40350430231224244,0.35631476951616825,0.4870214075036149,0.7581709633943093,0.49203974655285077,0.41161074359037003,0.0,0.6639380344788292,0.7689922413229155,0.1158623611953396,0.6954144689754165,0.5891238002213883,0.49037577123579934,0.48748885280505916,0.5586361135281863,0.38993425517538555,0.2909582880951395,0.5394104639925807,0.44398844610446886,0.42257319495743884,0.5572799972645844,0.7469463685575882,0.8303118301941288,0.8107879866598748,0.7515317085732613,0.4767652411287211,0.6902485284362894,0.5337878060741309,0.5155732276582652,0.6475167634888941,0.46722915433397116,0.2577087937102835,0.5351272778443705,0.5132642179542606,0.7660067105472961,0.35887681337319866,0.15771943491314883,0.4382359288863024,0.2980387703232316,0.5867035925550581,0.27424370488771993,0.3856427968745205,0.4832974730475387,0.6555376358844814,0.6048184222195752,0.7730255952382235,0.5694158688088703,0.5144949468750912
0.6332374059269299,0.4498636394113206,0.495263905580991,0.6450049211593691,0.6421136071506663,0.6834075031279455,0.5550292044175253,0.33060053055526034,0.5964221359099162,0.4182112949918414,0.5220619037894587,0.6536616188104379,0.63257124507233,0.6123149924714244,0.37332311798636947,0.47863730556304085,0.4309577660481963,0.4159655506319231,0.3542912073871973,0.24187340769822502,0.37898800638184765,0.32822201934792156,0.37473796342860555,0.47728823761480643,0.42837450125631416,0.3531186517798588,0.5136803256665176,0.5848176698792503,0.36650252414593065,0.3161820626006234,0.31849509908084767,0.6111986735732731,0.5609784436979864,0.33920285624089114,0.6639380344788292,0.0,0.5583433236257147,0.24299448805805202,0.5098209275197758,0.439329173042645,0.6024997271920655,0.5051757845038114,0.46255050421683463,0.2649133428408304,0.29993917686114796,0.4960426657249191,0.40171713789663493,0.4749182285321381,0.532866798032654,0.6219264554184329,0.7172472994602044,0.83585751986007,0.788459015612127,0.44126933811056335,0.41802753563893436,0.43312179662319167,0.4811708459345251,0.6092336074256346,0.4946636630332273,0.4441887432609973,0.472698685776864,0.36484304838870696,0.6484696847331132,0.3662647049170921,0.06905397982480506,0.44935258946703743,0.3516998476106905,0.5222212482362291,0.21876865184047012,0.22843203762897366,0.4531583477179061,0.44090253145022085,0.5088659160034548,0.6117419124129932,0.42176768597561415,0.5061725246825141
0.5118425917005902,0.4746280662536639,0.3330978253577559,0.698814191025913,0.6208715197783706,0.6641319545434657,0.5735050768616549,0.4565546405253297,0.6759449365728252,0.49796142410555144,0.5205786153750791,0.5510793285646433,0.7167615488133126,0.6536564939003816,0.5059268856620401,0.4374902088353839,0.48872753715701034,0.4892821716149216,0.309010037416134,0.2653485714162927,0.339339175065138,0.48358478545647293,0.4496948465202401,0.3104168778163331,0.5127860564514055,0.3421202710548484,0.560865159664172,0.6855988080841893,0.390780752312515,0.33008330112617784,0.47311401397469965,0.8426911725048998,0.5177505687620223,0.36309639665090965,0.7689922413229155,0.5583433236257147,0.0,0.14362370238961636,0.6878567226343978,0.44927824825263407,0.4114452831812159,0.4986824025467576,0.5396609116002218,0.42746374704000967,0.3253156610289363,0.41039589519598946,0.4082368627440437,0.36515401337468967,0.5350147464826518,0.7262678136008108,0.8437616344218282,0.8830151549795063,0.7441190538327782,0.5042807581052865,0.5526731717625503,0.5204071137701939,0.5100402428236606,0.7130130516750404,0.4323693504195482,0.5717068297625455,0.4760806438016869,0.4539382291311514,0.5608177227621967,0.30280843167072713,0.194836493925591,0.39906649523422966,0.42744690867801943,0.6160728733447285,0.28595883198987726,0.410327009974691,0.4328859503600997,0.5747635623141322,0.6203486344476825,0.5992727247884719,0.39006063691868964,0.5665707909470247
0.2245720090151247,0.4238523488432339,0.17759920192110346,0.24863028800976572,0.06573075252841803,0.18350899675013005,0.0,0.08451767590783463,0.13311146559836148,0.07257192796153764,0.22669093864492507,0.05431102405231812,0.09484971392299185,0.35995243684516753,0.43041344371712176,0.17496002564768387,0.3867746059742983,0.3759544668845776,0.3415256211655823,0.3374551907085079,0.11286472116332648,0.3100214697998776,0.22157853320749335,0.0700053062349543,0.3802655121844908,0.2815174607611768,0.3549770850086009,0.0207538648103609,0.3277974512975608,0.23432575751520768,0.0,0.0999227811333013,0.0,0.0,0.1158623611953396,0.24299448805805202,0.14362370238961636,0.0,0.10717661329087919,0.024834055727965994,0.03754300553874575,0.0,0.08383274207751266,0.015084899872123476,0.05785255155022603,0.3716503960862773,0.30416756397248723,0.09384605926510918,0.12569633800004268,0.13931603568589881,0.206693869030039,0.1901753296395977,0.3047799892777845,0.0,0.21791248543205166,0.07164846440727783,0.0686141145038223,0.0674272726105735,0.07494901423359272,0.30986062284026844,0.34588547604048275,0.15388826543704281,0.22979183643562875,0.3014447136020802,0.3779446805376969,0.14574586307774656,0.2643668942056502,0.14311452787901643,0.3627395557107048,0.2687058450379698,0.0017560042557954042,0.25386546555830886,0.058798094944535424,0.2612351372662385,0.10402511358654559,0.10010480034060942
0.5443591931579345,0.44272519547540234,0.2478501474007221,0.7128164432298898,0.5538783404842192,0.5498867120765955,0.45530885484393546,0.3408385935422527,0.5559655013917166,0.43662942978055475,0.4830511046829479,0.43231584190017974,0.6299722339783875,0.6049609429412217,0.347174237647061,0.45504399727663514,0.27557021218888084,0.41899003333551993,0.24332004268011814,0.28702519704458007,0.22531672220496426,0.37385780417105496,0.27803512931552277,0.20938932078818343,0.3505730934948593,0.15565154837387013,0.3407114906692401,0.524766297000572,0.2760799755346544,0.17114187012857154,0.1892969619272913,0.69064726462944,0.558111068795781,0.19771887278456984,0.6954144689754165,0.5098209275197758,0.6878567226343978,0.10717661329087919,0.0,0.4774523066250513,0.43194368813708445,0.47283359777340045,0.5004926182901839,0.3928289794908434,0.2540517934729194,0.373658858490813,0.23378995138033157,0.2138651849365723,0.5077672709941636,0.5250171403952151,0.7969880922309313,0.6971767938243505,0.5434108261770406,0.4412366883771187,0.5829297480194451,0.3793198710787118,0.3972571560640155,0.6592597780586842,0.4136276121351801,0.21251488270641783,0.43253393974539617,0.34808647561160594,0.5903878430092264,0.13125248112364363,0.17947442972940503,0.22094509974374377,0.1928199539206249,0.41950115256902387,0.1365007456418255,0.14245279723467702,0.27512313388738624,0.5020497179748595,0.4944906456721888,0.5114899673037431,0.3282277691401163,0.4233421656536003
0.4910553237768771,0.3545473370422139,0.3693388572080978,0.6246800373407225,0.4558860117988493,0.4942156823633121,0.2727614788631189,0.24878681403606395,0.3695859828812009,0.3051666972927806,0.3917712575776286,0.4300439481355306,0.44145231958017067,0.5883474467752386,0.3496814720948817,0.42600909455246116,0.3910564942463623,0.3531458622537849,0.2314784039905402,0.23573856389482625,0.17197012037700732,0.22175023001244443,0.11384911701619813,0.18301468342384364,0.3422554709293349,0.08993574920522088,0.34637276692006896,0.45802786832478404,0.29673612525923154,0.1643951742909992,0.2672460049946282,0.6139666189842906,0.21054403036189243,0.17581339514660294,0.5891238002213883,0.439329173042645,0.44927824825263407,0.024834055727965994,0.4774523066250513,0.0,0.3545708014697471,0.3128892155346081,0.3719782550100328,0.14168622878696494,0.2623783533330388,0.3955533314110478,0.13575856097923464,0.21685524623012095,0.4946293222185366,0.4678391183112631,0.6842583251668302,0.6740377325818799,0.5512624224921936,0.2567610508916655,0.4407395185761151,0.39255769105439425,0.33993608597829017,0.4344591461454016,0.3236632118613361,0.3815285779400606,0.4400824816747974,0.3145446164472954,0.5448629385972729,0.24455150762994193,0.10900864862998556,0.12970677838268524,0.27867997199233646,0.3715290389679644,0.0415003537272307,0.12898948048185535,0.18774136319265478,0.4067324128376379,0.4291413709990097,0.4869088122831961,0.3617206119176125,0.40324163410929315
0.5776394227929965,0.3537358447433439,0.46594669702749214,0.613061838937161,0.4884901016896923,0.47999256680389907,0.3021103041645257,0.3740845032660098,0.43229634688808755,0.42660318275408765,0.44639424154284446,0.5110331919150768,0.6372993759595068,0.6993302620949678,0.3994746834946471,0.4355075309257625,0.2733992707203829,0.2894661871330382,0.2828481415106141,0.3516709658875171,0.37685991933910207,0.29814891528289517,0.25346537179037587,0.34603640618116455,0.2879614662403478,0.2988579722596444,0.38387004530144253,0.4570183413894173,0.20979680721799585,0.20914056410440623,0.29500136210422906,0.6919782448922787,0.2978477520457939,0.22903865411404134,0.49037577123579934,0.6024997271920655,0.4114452831812159,0.03754300553874575,0.43194368813708445,0.3545708014697471,0.0,0.24620071445919334,0.2768498861453654,0.21831532410089116,0.25146471774339196,0.6294481951562231,0.17432968707186605,0.31786027995577604,0.41981523126164016,0.5509641364965906,0.6425540783895565,0.5836627037545173,0.7142022958039266,0.2989401296216513,0.5756366855645731,0.2941957528149499,0.4341683397188086,0.35036443748016743,0.35082358927997104,0.450733881707551,0.33778068799960653,0.411914844312815,0.4710693348646929,0.2351951547314204,0.36430328288892083,0.39745518163869403,0.22978447625388007,0.4426426650618839,0.050346410985621946,0.18534450089584042,0.316490031407235,0.39824526330374066,0.44456794172953423,0.6007193547740196,0.41155273065303105,0.4275738035469406
0.5628210996842428,0.4335307631976385,0.30860624813575943,0.6535726008114651,0.464467752085593,0.4551908912005729,0.2910748893647579,0.2755272740769318,0.4355444765038238,0.32292739624017,0.4259029714001955,0.46695604976568206,0.5383382884582365,0.6128442744842785,0.3920564155602063,0.3484405256940679,0.2526555241269054,0.21325516531543318,0.2325729475278968,0.15422598996880746,0.27406667111195965,0.28353893682801584,0.28099351240754433,0.26065028640526156,0.2760890884569381,0.22659903262519593,0.4627602141642106,0.38610484932633826,0.18320138754088558,0.16469262368493842,0.19464097676997472,0.62532447483474,0.24858593110134736,0.19240984362370311,0.48748885280505916,0.5051757845038114,0.4986824025467576,0.0,0.47283359777340045,0.3128892155346081,0.24620071445919334,0.0,0.21859735393558435,0.14638693179366213,0.22668846654425884,0.5546138644002068,0.1521296145896086,0.23155432440180188,0.31423007367522116,0.3684728189977975,0.6007499832661061,0.47457346208477924,0.48909531196402206,0.2969001756931451,0.40749026520306986,0.2993959347515469,0.4140042438800568,0.371621033058068,0.35733272588550224,0.3717588646522996,0.32678663095648164,0.36160629310929315,0.4326557272151063,0.15086071904914627,0.17152520916139982,0.2542596722258675,0.24102950490076513,0.35407844076046835,0.1716610700014327,0.172800277233087,0.2538064795211967,0.398688311700123,0.3632957408174611,0.4519801494450658,0.37129698155892976,0.28872897218002175
0.3172756092986319,0.36076950549848474,0.31678789902244603,0.49248232994969404,0.4038532943581154,0.48259687442273047,0.2175767614560173,0.36196580840971676,0.47231930674815475,0.39565430411923475,0.5080898825078406,0.3748311909255341,0.38255125253437533,0.5670756433549531,0.3040840261739998,0.46552587047601796,0.33230400158637036,0.2561533133978743,0.3277622599422826,0.3002944797793575,0.2586531442972438,0.21640675819672134,0.20341362134477356,0.20305454994112704,0.18861069054563898,0.11402529669453293,0.3191222070071432,0.46000957514266394,0.33202308707890044,0.239335195527982,0.17284507195410245,0.6745848522479889,0.43644535620669256,0.18715688730628136,0.5586361135281863,0.46255050421683463,0.5396609116002218,0.08383274207751266,0.5004926182901839,0.3719782550100328,0.2768498861453654,0.21859735393558435,0.0,0.32886819315542076,0.1775003951250131,0.3803865360628626,0.04068186898327062,0.20790864419791089,0.3958273278236777,0.41208193537053966,0.512082258810909,0.5533195314406382,0.567563679222629,0.2670845511069619,0.35527305186262487,0.3420960593665062,0.25966423948484707,0.367472554266419,0.30199848617099473,0.409388171471456,0.380571004232071,0.42658946399816877,0.480580549283041,0.14009543174586153,0.28413348664282734,0.2731142838578118,0.07351246449181714,0.3000630652245588,0.32828875982520506,0.1193233209502759,0.24466461673035497,0.30650867277937766,0.41256013148484116,0.3899043786806199,0.31314326973405654,0.33514848470048436
0.30168602208612005,0.3077730056987828,0.3664309366886513,0.3533517630013542,0.33602196701424,0.3832762512953989,0.20261764927205564,0.2685674244383985,0.35567114645334574,0.3996029261887696,0.2635343910925517,0.314323750351322,0.41251186711073845,0.48699995887822667,0.44794659192679,0.36398881321457716,0.38878196835269135,0.3358585307447893,0.22964080674911355,0.3769574687826715,0.1271398379270769,0.3625006521952222,0.23931700101670192,0.0343980306485928,0.26362023295049863,0.08127972549272947,0.35147852800820184,0.37729963999294336,0.15166707295409282,0.2599625315872858,0.23005542331098822,0.452273367589382,0.29932942444878663,0.09535961520905195,0.38993425517538555,0.2649133428408304,0.42746374704000967,0.015084899872123476,0.3928289794908434,0.14168622878696494,0.21831532410089116,0.14638693179366213,0.32886819315542076,0.0,0.15937683723768087,0.3141355421516799,0.24097443535043608,0.19003456317715223,0.2022945103241007,0.3328640066925266,0.5202164469912751,0.517052078203581,0.3463728347386065,0.2902089112019419,0.332892015896321,0.2910362816638021,0.204201436836511,0.3755784889964699,0.24032076244488154,0.4621138624084353,0.29380181370549785,0.3294309766694407,0.36193694196122855,0.2003118999276517,0.33873430207040767,0.1647850803070432,0.1800666026303759,0.3227948065225168,0.3089869653047935,0.19144848766142677,0.14190322895337862,0.28635672339943496,0.34136327929784743,0.5896993980853418,0.2960742300032879,0.21545280526144367
0.2974186879198483,0.2524851102464359,0.3339222481862615,0.31717232436185033,0.2588921761870988,0.2581582789502885,0.14509134632059079,0.22988326639170747,0.2444686496612719,0.200322188553467,0.18396225321929913,0.23708792505135187,0.2886604157647288,0.3056442793183996,0.3390969916179232,0.23431422538073648,0.04285182792958211,0.12484820827048246,0.11627410644840194,0.3197514560800603,0.2196085794240038,0.383139387989993,0.08810662630253656,0.1784313961055803,0.14770821800630765,0.04091541749630876,0.06964704956500216,0.24143198086425563,0.37226660192049266,0.26586636926146284,0.0838296889666294,0.4149134155098927,0.29280722786029,0.10304443772605754,0.2909582880951395,0.29993917686114796,0.3253156610289363,0.05785255155022603,0.2540517934729194,0.2623783533330388,0.25146471774339196,0.22668846654425884,0.1775003951250131,0.15937683723768087,0.0,0.36716319807542824,0.29964493759671074,0.11992661382529712,0.37393395155075465,0.32637033429681694,0.30781765772521,0.4191110831344417,0.35333131375344207,0.20350519444130724,0.31312314722767837,0.1326347398071758,0.2277813463751179,0.16211310201304058,0.17252408257954246,0.5047441065688792,0.14072684853977824,0.15623784971884686,0.3562166932067924,0.07566515338622132,0.42271134217918366,0.10020674920663969,0.39175091835256337,0.11771785221372803,0.24277591629675094,0.3358600635615676,0.0984734054030668,0.08922821426232055,0.18203200324495822,0.34762113747336076,0.17159914394264292,0.18313040580209988
0.39341605918820677,0.18028220964896796,0.7237263077158036,0.5437907877738875,0.3512932730264239,0.37594466778571894,0.35417638399826484,0.18290177064986168,0.3211263681843138,0.3153764124840416,0.33879615479879577,0.35896840957740694,0.5316368100415627,0.4014303846780227,0.09165478675557337,0.3690521714556929,0.1189661637501104,0.2931776293498886,0.27126322187917545,0.2936673961226555,0.44717599789151263,0.30525040502972234,0.15445642749129931,0.26502072050334624,0.3794913364957358,0.20977724484957797,0.25248539710624895,0.2971705043078057,0.20445750880616462,0.339576002130156,0.26023085319955197,0.47801479046607775,0.4045815288539315,0.3771262994908491,0.5394104639925807,0.4960426657249191,0.41039589519598946,0.3716503960862773,0.373658858490813,0.3955533314110478,0.6294481951562231,0.5546138644002068,0.3803865360628626,0.3141355421516799,0.36716319807542824,0.0,0.22212463893014392,0.3543317636082222,0.3326749611996772,0.5237963243691213,0.4705215891599385,0.6122226970782865,0.6193910649029615,0.343175939664871,0.45831752664191205,0.29452524034831473,0.3725875056161294,0.28252920046991786,0.3672288868394403,0.39441879957846965,0.1574053183706141,0.3285779377159956,0.23646075972008054,0.2891608280373997,0.35505801940718623,0.4125674535055056,0.3319971998322442,0.3290928663654093,0.37007157089938203,0.32565029494229825,0.2565893682562617,0.13488892767545904,0.2014956003793824,0.46757704215874046,0.2889488174842606,0.4295694275116702
0.27171059590408475,0.30362916141078755,0.40258580028261104,0.35906654456294895,0.3163855588034582,0.3936556165045365,0.1940677651246137,0.13693498162503578,0.27968813238222545,0.42074206665099895,0.2534763521433215,0.15025607257294868,0.2164934855552072,0.3179639525468831,0.3093831795248763,0.32944419683382503,0.2788455830768869,0.3149522249834109,0.38021475812806527,0.30638366078114604,0.3177826560325827,0.23481632682233303,0.28027587699924494,0.210835972614679,0.37533772959158374,0.32771760437819275,0.39105287438241615,0.1604305871344633,0.2864057693679627,0.3130737605016893,0.4377886598599882,0.31292346777710234,0.1970291294194299,0.4299441696854328,0.44398844610446886,0.40171713789663493,0.4082368627440437,0.30416756397248723,0.23378995138033157,0.13575856097923464,0.17432968707186605,0.1521296145896086,0.04068186898327062,0.24097443535043608,0.29964493759671074,0.22212463893014392,0.0,0.2790932107004793,0.25585348511964956,0.24352375569520418,0.2780306391581265,0.34323432807758003,0.20057151705161946,0.03848835686848962,0.20165112921400305,0.27489392309578164,0.29855855000523585,0.19755584899687903,0.42530518591987576,0.1403004613000563,0.30213772923977855,0.23805434536360331,0.2219703168373211,0.2604715457313822,0.1419340313379434,0.31413038743913263,0.32901321262727745,0.27502354196241413,0.25712648005492417,0.38890436990567023,0.38564225873339775,0.3600097168223615,0.33612121972194264,0.11174569832741832,0.23994743320928202,0.14998561271657854
0.3046201545257394,0.4150040615887291,0.3089986601838792,0.4571043385187691,0.27574138026454975,0.25447223655429124,0.3373474978158054,0.16013431238043274,0.3143659357786248,0.1952133181973042,0.3287762505664795,0.21439954097450664,0.39568060602694727,0.393377316442369,0.28582285003500657,0.17034823177768924,0.2464817822015655,0.1851952051313005,0.3199651442628052,0.27387833273445306,0.2770833869013001,0.31435762220598595,0.21878096147970538,0.2566734062138237,0.3518530183240221,0.32398495121817295,0.24514942181603538,0.25821751941580795,0.32420917366130453,0.32902004371781407,0.1447163454947576,0.45088241557851494,0.2366307883862653,0.18854497276585322,0.42257319495743884,0.4749182285321381,0.36515401337468967,0.09384605926510918,0.2138651849365723,0.21685524623012095,0.31786027995577604,0.23155432440180188,0.20790864419791089,0.19003456317715223,0.11992661382529712,0.3543317636082222,0.2790932107004793,0.0,0.24505042099671265,0.3308471216544642,0.3876829099831985,0.4519047772725888,0.39108907108701063,0.21538952726217267,0.24796354900328887,0.26914557454149735,0.317364195104388,0.2661691200326246,0.18698454655527647,0.3489857417094,0.17119704300722383,0.19302521278272528,0.3036561011939214,0.26331259813077673,0.2517948679032702,0.20665753940143286,0.29446735091993403,0.22665931098149367,0.3725294826815239,0.3274936769479668,0.3507810790083241,0.2080725357084666,0.16568394726122634,0.31250872148107434,0.45883098182440135,0.21294310228760502
0.46292384276752113,0.3722541109882374,0.3454668765944209,0.5348344780393856,0.45633113830897476,0.5759019497780489,0.3816126499894009,0.3563385456000523,0.5452806778222715,0.41693435034696374,0.3564363755976207,0.46973393505130445,0.575413673959557,0.49493884304502284,0.475591837277064,0.3865882671077151,0.3807381420857921,0.29625988301034467,0.21067810920828564,0.2095255212863531,0.23851051012740737,0.3482247541563781,0.2987963187391052,0.2782799455563061,0.3330995867936447,0.22942153574787633,0.45805956747264537,0.5077488857310479,0.328647614389856,0.2770661712323517,0.3392272089646127,0.6127504932967691,0.4539397524886506,0.2438751613429445,0.5572799972645844,0.532866798032654,0.5350147464826518,0.12569633800004268,0.5077672709941636,0.4946293222185366,0.41981523126164016,0.31423007367522116,0.3958273278236777,0.2022945103241007,0.37393395155075465,0.3326749611996772,0.25585348511964956,0.24505042099671265,0.0,0.4446294355510451,0.6633021872878133,0.5624164478159766,0.5646835349814604,0.4147195627452862,0.414861299579766,0.34043224157974294,0.3625284761255397,0.44497577291720436,0.4464747724072625,0.35433688111881184,0.3049663168419511,0.3275976650498638,0.5208530419548829,0.22064157119420735,0.28971024884430135,0.21226716592516953,0.24268584321516598,0.4110703864806856,0.19597105261455305,0.191208200075092,0.27923681334970185,0.47105646295065406,0.4037970941782094,0.5887874994837851,0.45631132093323246,0.3275740786791811
0.5872949806085525,0.4937123173029898,0.4915588729287905,0.669732951375356,0.5479770898246092,0.5532699939748658,0.4774617804299171,0.3648326795484581,0.5479184138155164,0.5074941346462332,0.566095568034509,0.46929696700528195,0.7014778941297538,0.8000289777890076,0.3851194654113819,0.5883374752188425,0.40084254973701733,0.4441169387175996,0.429769330739875,0.17945682673050664,0.43186999797062514,0.36174821589360373,0.32975352972990535,0.37773161797928934,0.3077996805421218,0.30228565980787375,0.5366754734853301,0.6133524639427667,0.38897431731090476,0.37254122602824474,0.4203206472086308,0.7496974130181318,0.42414103585470597,0.2575204397868873,0.7469463685575882,0.6219264554184329,0.7262678136008108,0.13931603568589881,0.5250171403952151,0.4678391183112631,0.5509641364965906,0.3684728189977975,0.41208193537053966,0.3328640066925266,0.32637033429681694,0.5237963243691213,0.24352375569520418,0.3308471216544642,0.4446294355510451,0.0,0.7081642225139967,0.68614561666779,0.7348779756435909,0.4671953287867977,0.5908906243515479,0.4878188319069551,0.47211203216050485,0.5287884538519156,0.5379114114201522,0.3132868783980284,0.4286583255321745,0.46187816362222894,0.584864582599428,0.26997939078286426,0.2492574775991179,0.4402289751728199,0.3142652194980305,0.4648169508225443,0.1947205285034747,0.1993681286735102,0.38903010984215886,0.48106360342181936,0.5890780031351514,0.6294610780616214,0.5407089076713746,0.4870522885136429
0.5317454573059246,0.4481409927800357,0.49495888975485236,0.9584089526258486,0.6571383939336453,0.6080378937504347,0.5346310893899618,0.3481139668206029,0.6843984870985041,0.43062294371590604,0.6093978143349754,0.514200346780772,0.7325516659743789,0.7037663789493884,0.1846732011367237,0.44781855977445106,0.4369478159072351,0.44672708605617323,0.35592442497604815,0.2024889551363327,0.4134058760336489,0.3525834848163507,0.3915993180489878,0.37160921844335293,0.5385355201233919,0.3487186907950641,0.39030837852554245,0.5677505831861458,0.32288077098871426,0.25791951118585305,0.3428141071126634,0.8520900504012078,0.6439194210991626,0.4139708857037576,0.8303118301941288,0.7172472994602044,0.8437616344218282,0.206693869030039,0.7969880922309313,0.6842583251668302,0.6425540783895565,0.6007499832661061,0.512082258810909,0.5202164469912751,0.30781765772521,0.4705215891599385,0.2780306391581265,0.3876829099831985,0.6633021872878133,0.7081642225139967,0.0,0.8143237502500141,0.6320855305318587,0.42406465544796773,0.703323323088846,0.4978779853462838,0.479525467645792,0.6569742771993411,0.43876357013634126,0.2907461266192101,0.5090237012058058,0.4745867423339888,0.6910485321768477,0.22811302432909086,0.3174895698705313,0.3825634348672329,0.37458282591286424,0.4717206694631574,0.20483598856641871,0.3594838082002734,0.3608595286457715,0.4816785832928591,0.5613871742767617,0.6472882800250136,0.34496162453782875,0.6353990213466049
0.6653761805811083,0.5228125674808579,0.47501994151065646,0.9818149738550981,0.5850610467369489,0.7221211228984356,0.5329757398623661,0.5425025308443225,0.7984279380498589,0.6384374928100686,0.6877543396217014,0.6756011505380418,0.9261200598687678,0.8283554314683084,0.2863212135553861,0.6249381681405063,0.5797683558792587,0.5855901572543972,0.4464529044862831,0.26147126938489546,0.5305296784056657,0.49821263150680706,0.4602843107229327,0.4793081371270678,0.4858739671567911,0.430666280480846,0.5936910926720975,0.7935421343754782,0.42219377860308754,0.4887359776274628,0.4679301032063058,0.9012247620511515,0.6790420422360522,0.3910124478220506,0.8107879866598748,0.83585751986007,0.8830151549795063,0.1901753296395977,0.6971767938243505,0.6740377325818799,0.5836627037545173,0.47457346208477924,0.5533195314406382,0.517052078203581,0.4191110831344417,0.6122226970782865,0.34323432807758003,0.4519047772725888,0.5624164478159766,0.68614561666779,0.8143237502500141,0.0,0.8523273220021779,0.6116649735442652,0.6143164069232786,0.5856551620403793,0.5862084595528755,0.670963868093124,0.5628381692462439,0.4005860535846747,0.5279297124531277,0.516822939727742,0.7713835884658584,0.34472779492007855,0.10631792905714038,0.4697502618140081,0.45096855701297367,0.5170252743591226,0.2754723507453807,0.38735494689623734,0.45740439089550755,0.5531448409356314,0.6356117639072448,0.76026084759737,0.6571581309954229,0.619740582828112
0.5938676009039613,0.4010164522708193,0.7845093531045334,0.6830735318287335,0.5747322130298598,0.6049743571350821,0.5162754428996714,0.339418044020381,0.6875698470413264,0.4531485409428615,0.6025064977252554,0.4538516415234407,0.6508006491071022,0.638213369758252,0.31752081562072154,0.5348133370708285,0.43532761068443215,0.35992677747388435,0.3892695047451966,0.12462229819231953,0.3884045585633866,0.35164998236212797,0.36114077336382977,0.31668539091325343,0.389670654389718,0.265645895120862,0.42838896183351327,0.618439512331399,0.3066278367628881,0.2911127649152825,0.4586120846692472,0.6546812456745904,0.5248864212151433,0.43148960594426894,0.7515317085732613,0.788459015612127,0.7441190538327782,0.3047799892777845,0.5434108261770406,0.5512624224921936,0.7142022958039266,0.48909531196402206,0.567563679222629,0.3463728347386065,0.35333131375344207,0.6193910649029615,0.20057151705161946,0.39108907108701063,0.5646835349814604,0.7348779756435909,0.6320855305318587,0.8523273220021779,0.0,0.4976105834203028,0.6276746553528393,0.47378516713768914,0.38526660088140596,0.6502072858853634,0.5229587848707349,0.16839363431235432,0.5531999368675922,0.5294011025513595,0.6258672596489796,0.30597912817673023,0.023147098723738286,0.3164739729587998,0.26963465559590966,0.45033045904604807,0.12737250479233417,0.28302072095892783,0.3747279641818665,0.3735977561721428,0.5456704383329594,0.6939257528986548,0.4609090500723204,0.5875716156170834
0.37414324979379104,0.26404216645373507,0.3379767664579187,0.6287481560780954,0.41977068085286484,0.36302191034316833,0.23098325752010818,0.33638670586629954,0.374673326695438,0.3147026035534886,0.3856528900690764,0.2857345459740578,0.5375816865463949,0.5368143781956206,0.1106531707217185,0.3169212719800838,0.15764719824523676,0.19875124089733376,0.19688244411233385,0.24274829513367716,0.25013870501996455,0.19713497066729296,0.16614784443670846,0.11712550164791699,0.25894753448023156,0.04610993488862888,0.19546985298772707,0.34111175064314375,0.17003087397019848,0.17678688642463813,0.17274788869378,0.5630097116877539,0.3086968973196459,0.08956867698394913,0.4767652411287211,0.44126933811056335,0.5042807581052865,0.0,0.4412366883771187,0.2567610508916655,0.2989401296216513,0.2969001756931451,0.2670845511069619,0.2902089112019419,0.20350519444130724,0.343175939664871,0.03848835686848962,0.21538952726217267,0.4147195627452862,0.4671953287867977,0.42406465544796773,0.6116649735442652,0.4976105834203028,0.0,0.5092798115610142,0.30378347575148174,0.31635704840222795,0.36895605424893724,0.21750800182533822,0.22102972275370286,0.30102532722985825,0.3493647473581254,0.4609756908075913,0.17645258169407274,0.1643413917889118,0.258971995154635,0.08879065025490164,0.25351425343337836,0.2774438607301042,0.17601599635905207,0.14230354990343883,0.22907522290004717,0.2721707512280756,0.40948921818620954,0.28920278852723824,0.27561505660945995
0.4961413141583575,0.3763853718741302,0.4143137837579448,0.5196701487507533,0.5025080866370829,0.5728634627631829,0.400221476452802,0.323901383745836,0.5401900959425384,0.5051112695033309,0.5493770424535269,0.3873938891450461,0.5535957401215784,0.489033443376244,0.2366744800239973,0.4517459166229615,0.3311235786727279,0.4321019792648003,0.31576561469829656,0.29278515079621403,0.3120564988562793,0.2728594364167616,0.28298841994958024,0.2571367671825657,0.358849816968963,0.23018347561280988,0.35106173759316495,0.5442992982040529,0.27042070883105157,0.2557732229581139,0.39239805984122983,0.6281256592554529,0.4608906735876953,0.3457757283294189,0.6902485284362894,0.41802753563893436,0.5526731717625503,0.21791248543205166,0.5829297480194451,0.4407395185761151,0.5756366855645731,0.40749026520306986,0.35527305186262487,0.332892015896321,0.31312314722767837,0.45831752664191205,0.20165112921400305,0.24796354900328887,0.414861299579766,0.5908906243515479,0.703323323088846,0.6143164069232786,0.6276746553528393,0.5092798115610142,0.0,0.3505705774421632,0.3791103556519399,0.5276263505541423,0.408563967226206,0.37419931560319475,0.34821830690604705,0.3615987999361807,0.543159735831069,0.2691112972149296,0.24354295338997106,0.3556457373895604,0.21615749758049468,0.4469115762437673,0.3863947795389813,0.27954452689638165,0.3369002275256675,0.3430451579062058,0.5038176742786715,0.5145595810207259,0.34356792692432764,0.4257091230301942
0.4752998909517958,0.28052580184462766,0.25794737165912685,0.5650056513110765,0.4091751465384215,0.4216187439858751,0.31180016403529165,0.3014026340293227,0.4290046785174977,0.3437202504008076,0.42544172885793174,0.3089037174919648,0.45031650991586714,0.4864533250386238,0.2440579251085049,0.33077897811511114,0.23191230128785192,0.2176037360933032,0.17811408002743956,0.31888826999036,0.22082757970721756,0.1805277641038044,0.20929392386454457,0.22531950411537108,0.2560583781749944,0.11159272501625864,0.2568162349118421,0.38654283711144044,0.2254387253314068,0.2910683888278527,0.2298023751022661,0.4791884331087034,0.2723445191576591,0.21170202559432355,0.5337878060741309,0.43312179662319167,0.5204071137701939,0.07164846440727783,0.3793198710787118,0.39255769105439425,0.2941957528149499,0.2993959347515469,0.3420960593665062,0.2910362816638021,0.1326347398071758,0.29452524034831473,0.27489392309578164,0.26914557454149735,0.34043224157974294,0.4878188319069551,0.4978779853462838,0.5856551620403793,0.47378516713768914,0.30378347575148174,0.3505705774421632,0.0,0.22525238317519414,0.3919133485778081,0.3267765949704929,0.41774798520443657,0.2648222593931104,0.29987556565016465,0.4817529429025364,0.17044419011010206,0.1941271400817844,0.21974671028319348,0.20813844170209603,0.26165072439424303,0.30358798893343425,0.12336933644055838,0.20269911184915726,0.22099336650771992,0.37341349166632326,0.38609898174021406,0.24838241438085573,0.29481277223777264
0.35637215771652375,0.15195387143600028,0.3210632567147665,0.5291768965915113,0.43386469860045,0.3685381455508816,0.3944577981936575,0.17390917022235972,0.35147850796747626,0.32095175944179616,0.3123861469542464,0.27351868350728137,0.39092278781661727,0.4793339884570611,0.2869272596549109,0.287494961455395,0.08071333387329717,0.11812514772862974,0.3374624452156667,0.22375433260833483,0.2948056710188856,0.261630881700447,0.2839272640063581,0.1386666803347491,0.16914457542902317,0.1464206418583254,0.26804651345729497,0.35485659604990527,0.2780853577189089,0.5049646559572999,0.24391036111355363,0.55942526518989,0.2929071834893763,0.19679804506843374,0.5155732276582652,0.4811708459345251,0.5100402428236606,0.0686141145038223,0.3972571560640155,0.33993608597829017,0.4341683397188086,0.4140042438800568,0.25966423948484707,0.204201436836511,0.2277813463751179,0.3725875056161294,0.29855855000523585,0.317364195104388,0.3625284761255397,0.47211203216050485,0.479525467645792,0.5862084595528755,0.38526660088140596,0.31635704840222795,0.3791103556519399,0.22525238317519414,0.0,0.3442713294467112,0.24168197608194622,0.2531312790824642,0.2115717175159142,0.21918548515957917,0.3392524711498096,0.18201572863963617,0.1459546411228911,0.22374079704092087,0.18360474246830974,0.24495220272940177,0.2855445602534613,0.35065111803694066,0.2172735184427016,0.25631804190472834,0.26324031905766176,0.27709161112473857,0.135506590292402,0.30413379689935266
0.3562782870830186,0.36326047269134176,0.37803457486476294,0.7727150350515818,0.4855484824533854,0.5265283010000213,0.3895146835122255,0.39404130824023864,0.5883677584904958,0.42191939958713465,0.4821534055003533,0.4355960071665472,0.6797386159510278,0.7143456078025248,0.3643970174579954,0.48235000445555304,0.3882872841373078,0.3585331342738901,0.1894158483533332,0.2549634835688152,0.26592696850800884,0.4076267029504668,0.2796518660421199,0.2537363535553051,0.3918406331710282,0.2074494916547605,0.346643941253947,0.557597709221068,0.2835972932662445,0.2215351624891991,0.29241825940755395,0.7624805623645682,0.400025642050392,0.19724356192421266,0.6475167634888941,0.6092336074256346,0.7130130516750404,0.0674272726105735,0.6592597780586842,0.4344591461454016,0.35036443748016743,0.371621033058068,0.367472554266419,0.3755784889964699,0.16211310201304058,0.28252920046991786,0.19755584899687903,0.2661691200326246,0.44497577291720436,0.5287884538519156,0.6569742771993411,0.670963868093124,0.6502072858853634,0.36895605424893724,0.5276263505541423,0.3919133485778081,0.3442713294467112,0.0,0.392316153371991,0.29695294153239926,0.41913195614841486,0.3493139618454377,0.5738848728416367,0.23111941345898607,0.2774955561990555,0.1878817844550594,0.3121777021552594,0.3985044813284,0.1652313736053826,0.22695822936005192,0.23476614661030354,0.42533548173067987,0.4611673795819373,0.551361407687736,0.3597208170464232,0.4583776170602833
0.31320583980011424,0.30327380764545697,0.26886746752278995,0.46490309780205163,0.43206062674397167,0.4338383786117514,0.350197873892122,0.21137625457228476,0.3990526699234444,0.4615843668352213,0.42559053838582406,0.39049524044524314,0.47337282669993624,0.5423285428851325,0.4210978803060236,0.4717659588624132,0.28490479934292245,0.28644222917738316,0.3524324410636014,0.3712300520762063,0.23927366298755706,0.34157096111689034,0.19450477257552273,0.13390550379864655,0.18776421344299948,0.22610459936864563,0.21286197839102636,0.33738258801158527,0.2110740469597914,0.12394371291501423,0.03748391225676853,0.5435875574173012,0.2793237102993089,0.14891030739926647,0.46722915433397116,0.4946636630332273,0.4323693504195482,0.07494901423359272,0.4136276121351801,0.3236632118613361,0.35082358927997104,0.35733272588550224,0.30199848617099473,0.24032076244488154,0.17252408257954246,0.3672288868394403,0.42530518591987576,0.18698454655527647,0.4464747724072625,0.5379114114201522,0.43876357013634126,0.5628381692462439,0.5229587848707349,0.21750800182533822,0.408563967226206,0.3267765949704929,0.24168197608194622,0.392316153371991,0.0,0.3219820253133854,0.2983918405954901,0.2789635181958303,0.3738731457311705,0.18811113869695667,0.23727498634464148,0.24536083851933221,0.31610828747776176,0.3693284794501785,0.36123713153573445,0.24432799459793852,0.2848689560061306,0.23320783743683426,0.26111468143504374,0.40687522407296944,0.34430810700712955,0.2854088034219602
0.20708679587379003,0.17526223569138719,0.21053140889231703,0.27832685445764976,0.36591548254388473,0.3204698692624016,0.4778861679782272,0.2335063548861474,0.22071797319276742,0.2648534286805584,0.31066848630077337,0.17771328517041465,0.2689139612143523,0.4385127604104053,0.22537460773719897,0.4233681160173936,0.24424107871093212,0.2084845997360542,0.13823354604657762,0.28243751860254074,0.3143231211012075,0.18092616494879715,0.2415418238318555,0.20314580924247122,0.2852331664753562,0.1676567057514595,0.24917253549443846,0.359796473579896,0.15605761931924994,0.3876664476209169,0.3790295094715485,0.32822780698883963,0.33632755928486846,0.3482532757222678,0.2577087937102835,0.4441887432609973,0.5717068297625455,0.30986062284026844,0.21251488270641783,0.3815285779400606,0.450733881707551,0.3717588646522996,0.409388171471456,0.4621138624084353,0.5047441065688792,0.39441879957846965,0.1403004613000563,0.3489857417094,0.35433688111881184,0.3132868783980284,0.2907461266192101,0.4005860535846747,0.16839363431235432,0.22102972275370286,0.37419931560319475,0.41774798520443657,0.2531312790824642,0.29695294153239926,0.3219820253133854,0.0,0.3338858244292996,0.27673679763020903,0.27676453352836394,0.2735051086279447,0.1289820676241407,0.3443415801540262,0.1512095058267528,0.29637977335614873,0.3351326116262433,0.26264063162360884,0.26264321396223567,0.18239191553383544,0.33182851313981476,0.21383923493870594,0.46890883451988274,0.3026261093685958
0.25738642237526804,0.21391793643456564,0.2166918418374336,0.5684638718134286,0.5528990684145589,0.3289578444257811,0.4200355736652426,0.26517182205969614,0.38986342819954983,0.31430414373981996,0.387219892755402,0.25414623232383005,0.44181302851398363,0.4652073525148995,0.2436915940148604,0.2793687728196115,0.19837135364750577,0.22028838513047172,0.3519072485770154,0.45091903514119563,0.20724508573670242,0.32901784100230824,0.23672818617852745,0.1874637984871597,0.1723747060393178,0.35457845317376907,0.14185249312966666,0.3671237379323052,0.3574646193537798,0.42453580541821523,0.15221671987434954,0.4546729643955789,0.4465355085549224,0.18241867661636238,0.5351272778443705,0.472698685776864,0.4760806438016869,0.34588547604048275,0.43253393974539617,0.4400824816747974,0.33778068799960653,0.32678663095648164,0.380571004232071,0.29380181370549785,0.14072684853977824,0.1574053183706141,0.30213772923977855,0.17119704300722383,0.3049663168419511,0.4286583255321745,0.5090237012058058,0.5279297124531277,0.5531999368675922,0.30102532722985825,0.34821830690604705,0.2648222593931104,0.2115717175159142,0.41913195614841486,0.2983918405954901,0.3338858244292996,0.0,0.24953703976625924,0.2984032707585354,0.2683547013734558,0.18295689995175574,0.23097657230425267,0.2647811755861367,0.2534576297690878,0.29825642989434664,0.3802691711813775,0.1629027919835674,0.09420985929719487,0.3284658770128547,0.3287871397445703,0.238007557940001,0.2506159093485554
0.2860743855766898,0.28751572934607056,0.38358075794772556,0.4917148378506035,0.4299209606600783,0.3983116575015894,0.32361827923334363,0.2993150940918552,0.4607001221091433,0.4372950341819466,0.44827849512946016,0.2642078777173361,0.5040013550818258,0.4437942910502084,0.16671734816230707,0.3429423331680863,0.2920432430723435,0.24231196370410174,0.29857578743594093,0.22583259224491492,0.23980808770072728,0.20087119991997415,0.150029985937726,0.1672497474788146,0.2822403510471889,0.14783644767265855,0.1751764854761764,0.4231747003080243,0.20674102238804332,0.2796751604671122,0.27239069460040366,0.3900129999081165,0.34606265396344205,0.17910515851665373,0.5132642179542606,0.36484304838870696,0.4539382291311514,0.15388826543704281,0.34808647561160594,0.3145446164472954,0.411914844312815,0.36160629310929315,0.42658946399816877,0.3294309766694407,0.15623784971884686,0.3285779377159956,0.23805434536360331,0.19302521278272528,0.3275976650498638,0.46187816362222894,0.4745867423339888,0.516822939727742,0.5294011025513595,0.3493647473581254,0.3615987999361807,0.29987556565016465,0.21918548515957917,0.3493139618454377,0.2789635181958303,0.27673679763020903,0.24953703976625924,0.0,0.4594112600192729,0.1563067240592078,0.20177661248573409,0.2968206923493202,0.14385200907530465,0.29263923627999877,0.2589632496915554,0.19094006585808684,0.24556106104034292,0.1969621530475184,0.3771430075109327,0.43464818669932476,0.2596156695598908,0.25062549715530047
0.41638672197918136,0.40227755926455677,0.3271881595222486,0.6233073318433346,0.5401304284698464,0.5114800994337276,0.5049083780184359,0.47761950060729785,0.584961687458729,0.4004738073330222,0.46066613834279374,0.3204338725426546,0.6650905122824312,0.5760189339260743,0.2423253715063127,0.3405845082568785,0.3723434918006539,0.3748202695432611,0.22132255063959197,0.08773369410786183,0.3853587091981669,0.3040563349227895,0.34983144217510836,0.3236427011950413,0.405901876111685,0.23538266822426676,0.3604379493834102,0.6080149338323398,0.30714827534954064,0.25666738942852885,0.32065074904867596,0.669322834375556,0.5358666167156371,0.3073579810600081,0.7660067105472961,0.6484696847331132,0.5608177227621967,0.22979183643562875,0.5903878430092264,0.5448629385972729,0.4710693348646929,0.4326557272151063,0.480580549283041,0.36193694196122855,0.3562166932067924,0.23646075972008054,0.2219703168373211,0.3036561011939214,0.5208530419548829,0.584864582599428,0.6910485321768477,0.7713835884658584,0.6258672596489796,0.4609756908075913,0.543159735831069,0.4817529429025364,0.3392524711498096,0.5738848728416367,0.3738731457311705,0.27676453352836394,0.2984032707585354,0.4594112600192729,0.0,0.23179311330482533,0.27657194012465264,0.2689044182283055,0.22013587852665498,0.4144754279983247,0.16244485974758127,0.3413091009230319,0.3301058888722808,0.37242499476500784,0.548569579469073,0.595146105879923,0.3685070358509679,0.5487855010372246
0.23654990818482277,0.3162300488512182,0.1698151570900021,0.3729217412146222,0.2507351802000207,0.26876431627987285,0.15666711361023478,0.12464391583555764,0.27372138432631976,0.36332981409110765,0.3146672670092161,0.18433125165956427,0.26748010512558573,0.27781105331190137,0.1584122973610582,0.20449123944705738,0.31089050347819436,0.2212744484671905,0.21368357939817398,0.27885510936100527,0.17830071224418664,0.27017024385874017,0.3182193042004627,0.16932904351549405,0.34144954858147786,0.3430393085387798,0.29520046816817314,0.12838526936611946,0.3259779780474884,0.3871040122552737,0.3075615525708949,0.36285437834010986,0.1504569101719978,0.17207212984963016,0.35887681337319866,0.3662647049170921,0.30280843167072713,0.3014447136020802,0.13125248112364363,0.24455150762994193,0.2351951547314204,0.15086071904914627,0.14009543174586153,0.2003118999276517,0.07566515338622132,0.2891608280373997,0.2604715457313822,0.26331259813077673,0.22064157119420735,0.26997939078286426,0.22811302432909086,0.34472779492007855,0.30597912817673023,0.17645258169407274,0.2691112972149296,0.17044419011010206,0.18201572863963617,0.23111941345898607,0.18811113869695667,0.2735051086279447,0.2683547013734558,0.1563067240592078,0.23179311330482533,0.0,0.18303860719257392,0.09498493709217805,0.23308540784090667,0.23669007558045146,0.32941727670585375,0.33937640632622657,0.33430686949768895,0.16899102639889202,0.2330793716961512,0.16712778435029513,0.31830331640673487,0.16185073221243643
0.3475615303679863,0.19766451308155342,0.265133112085904,0.1125613225703838,0.3544669744142441,0.2704440654038201,0.34639205845392856,0.2092255663984132,0.33149050061282437,0.1674516491936555,0.2891382085476519,0.20714261760457398,0.2701047080751803,0.22941803139095385,0.12901158261903564,0.2529117719332546,0.23046355188023793,0.2784943281284326,0.2011748441556446,0.22789227419886307,0.1977792643354518,0.22781725615435464,0.16190952593453814,0.16067217843010528,0.24542948539772214,0.15744525742692414,0.2126137837629111,0.2545196374317241,0.2406172293819449,0.28948404594373184,0.3303986789706039,0.05052023117883296,0.1513171406452479,0.31224119901247654,0.15771943491314883,0.06905397982480506,0.194836493925591,0.3779446805376969,0.17947442972940503,0.10900864862998556,0.36430328288892083,0.17152520916139982,0.28413348664282734,0.33873430207040767,0.42271134217918366,0.35505801940718623,0.1419340313379434,0.2517948679032702,0.28971024884430135,0.2492574775991179,0.3174895698705313,0.10631792905714038,0.023147098723738286,0.1643413917889118,0.24354295338997106,0.1941271400817844,0.1459546411228911,0.2774955561990555,0.23727498634464148,0.1289820676241407,0.18295689995175574,0.20177661248573409,0.27657194012465264,0.18303860719257392,0.0,0.24346980382418834,0.12464132497586991,0.1427383506551303,0.19294801113223387,0.24893795441479366,0.18290635214321221,0.21651407603941242,0.23288610083706401,0.12343650744535753,0.2655477215567478,0.1691889029589641
0.39232842649670757,0.1539896653707905,0.35159064051296135,0.41580916916777383,0.24023293120176054,0.2535554338586931,0.22405490664678845,0.06310659012815625,0.26502594908910754,0.32299889081280186,0.3454951982019324,0.27459390015750645,0.3771643761755963,0.37983559800207045,0.3487009044224241,0.30208310650963904,0.19117441302749197,0.11220726888153648,0.2066054273227677,0.3501329931733472,0.2811281868887848,0.26831066604280857,0.32635375025509616,0.18294906250529455,0.3809033148802338,0.10523305895771655,0.3187166589571088,0.31546804295563347,0.2829716304790404,0.3445140564944442,0.20673061326681622,0.3430943750015027,0.21540863921450015,0.06716740483676506,0.4382359288863024,0.44935258946703743,0.39906649523422966,0.14574586307774656,0.22094509974374377,0.12970677838268524,0.39745518163869403,0.2542596722258675,0.2731142838578118,0.1647850803070432,0.10020674920663969,0.4125674535055056,0.31413038743913263,0.20665753940143286,0.21226716592516953,0.4402289751728199,0.3825634348672329,0.4697502618140081,0.3164739729587998,0.258971995154635,0.3556457373895604,0.21974671028319348,0.22374079704092087,0.1878817844550594,0.24536083851933221,0.3443415801540262,0.23097657230425267,0.2968206923493202,0.2689044182283055,0.09498493709217805,0.24346980382418834,0.0,0.2349803176910571,0.21865330599736307,0.27660914947601867,0.4262264192443319,0.1842461036095346,0.3595025805406876,0.23740459585182092,0.31014799860034775,0.1755977375920088,0.3314540456310073
0.26675585516550476,0.302497280946449,0.20291917437955675,0.42257810221193326,0.35390758677202677,0.19242160081414067,0.24490491230442085,0.2032887713179738,0.20568019430251652,0.3134586184442537,0.1564597746487271,0.24229651362653173,0.3275289607664503,0.27323797350357326,0.19464386413483656,0.3361057809703587,0.2933555600483957,0.1845707234884829,0.3218974462925867,0.30981963909522536,0.2542153992444873,0.29631693027422235,0.239470054952917,0.22283218176041147,0.3588766558573782,0.263292049682539,0.2799539207565933,0.1578634484131627,0.34348239842526584,0.22195623852225382,0.2746764843232494,0.3550559712878398,0.2489361074886699,0.2928646402565412,0.2980387703232316,0.3516998476106905,0.42744690867801943,0.2643668942056502,0.1928199539206249,0.27867997199233646,0.22978447625388007,0.24102950490076513,0.07351246449181714,0.1800666026303759,0.39175091835256337,0.3319971998322442,0.32901321262727745,0.29446735091993403,0.24268584321516598,0.3142652194980305,0.37458282591286424,0.45096855701297367,0.26963465559590966,0.08879065025490164,0.21615749758049468,0.20813844170209603,0.18360474246830974,0.3121777021552594,0.31610828747776176,0.1512095058267528,0.2647811755861367,0.14385200907530465,0.22013587852665498,0.23308540784090667,0.12464132497586991,0.2349803176910571,0.0,0.2227613711187002,0.1699674406755748,0.29916812010209365,0.2888849574450884,0.0826510290014213,0.32349707281859336,0.13232273749164492,0.3481861778143301,0.09828412755798627
0.2595941963024273,0.11208422753150644,0.39210274337906525,0.5876446715054678,0.481763612635302,0.42553431089996774,0.3659572298709024,0.22728991543568844,0.4421159238944686,0.27137463684379276,0.35076072497159055,0.29361204306982897,0.4961894724658408,0.436350829797168,0.16480892867650676,0.2450047995399397,0.2186976810290882,0.1504660762217577,0.36920667008063246,0.2162688712479497,0.18712876355772318,0.2751504675704077,0.1292633139583006,0.1390404598337557,0.18213324621503654,0.22224148418633105,0.24285129203016384,0.2948377501977621,0.2608432745069648,0.3092783879513303,0.17225994540930967,0.5923163623622246,0.35861289118962225,0.24355692091068737,0.5867035925550581,0.5222212482362291,0.6160728733447285,0.14311452787901643,0.41950115256902387,0.3715290389679644,0.4426426650618839,0.35407844076046835,0.3000630652245588,0.3227948065225168,0.11771785221372803,0.3290928663654093,0.27502354196241413,0.22665931098149367,0.4110703864806856,0.4648169508225443,0.4717206694631574,0.5170252743591226,0.45033045904604807,0.25351425343337836,0.4469115762437673,0.26165072439424303,0.24495220272940177,0.3985044813284,0.3693284794501785,0.29637977335614873,0.2534576297690878,0.29263923627999877,0.4144754279983247,0.23669007558045146,0.1427383506551303,0.21865330599736307,0.2227613711187002,0.0,0.38625257593882034,0.2805457723963343,0.15885391852429645,0.17293538930996288,0.32247467720960976,0.3614372173340383,0.1975129922829421,0.3721742236874059
0.11305870958755135,0.34706915958428985,0.28085731176901874,0.43246178510448524,0.2309329686096168,0.3247893417781147,0.09698175137823703,0.06887480790024368,0.08570309873818108,0.3732552323734235,0.07912457939953209,0.08840428995423195,0.19461152441337626,0.23894086255633254,0.453436396783108,0.39723245069729435,0.3009028112592462,0.3337570416734843,0.27462817008085866,0.3344941764188499,0.2631170800488506,0.3186339185368716,0.3357570109105919,0.31647918272802705,0.34269037570505695,0.35266049735565297,0.30748010118624874,0.3191076112417288,0.36747265310048327,0.3919262095053462,0.3261586451918522,0.2891946009919717,0.0923120041030965,0.0,0.27424370488771993,0.21876865184047012,0.28595883198987726,0.3627395557107048,0.1365007456418255,0.0415003537272307,0.050346410985621946,0.1716610700014327,0.32828875982520506,0.3089869653047935,0.24277591629675094,0.37007157089938203,0.25712648005492417,0.3725294826815239,0.19597105261455305,0.1947205285034747,0.20483598856641871,0.2754723507453807,0.12737250479233417,0.2774438607301042,0.3863947795389813,0.30358798893343425,0.2855445602534613,0.1652313736053826,0.36123713153573445,0.3351326116262433,0.29825642989434664,0.2589632496915554,0.16244485974758127,0.32941727670585375,0.19294801113223387,0.27660914947601867,0.1699674406755748,0.38625257593882034,0.0,0.4065376997778357,0.38198863314772735,0.21521465381506422,0.35200120886464414,0.288945752858161,0.3700157019718066,0.03502484869072082
0.248562866825718,0.42210194377736254,0.30462988875551433,0.4306501347970881,0.23361406592945239,0.20546858950613445,0.14912670738186273,0.16993038268178912,0.31456210542367263,0.18672286781822794,0.21322935584311448,0.15022738553169912,0.2893674525847242,0.3274232447980781,0.16551165799172027,0.45160176714282263,0.44044702002405434,0.2766436671639638,0.3850477362386305,0.31512317358858044,0.3540438867538187,0.41674591987447723,0.33201265996014884,0.30019223832821873,0.46902294603777384,0.40442118606699196,0.37735205888597834,0.19911266751220957,0.4138377976254633,0.2084409877392031,0.36888774859162593,0.3172054303897117,0.19598063253671383,0.3710759212419044,0.3856427968745205,0.22843203762897366,0.410327009974691,0.2687058450379698,0.14245279723467702,0.12898948048185535,0.18534450089584042,0.172800277233087,0.1193233209502759,0.19144848766142677,0.3358600635615676,0.32565029494229825,0.38890436990567023,0.3274936769479668,0.191208200075092,0.1993681286735102,0.3594838082002734,0.38735494689623734,0.28302072095892783,0.17601599635905207,0.27954452689638165,0.12336933644055838,0.35065111803694066,0.22695822936005192,0.24432799459793852,0.26264063162360884,0.3802691711813775,0.19094006585808684,0.3413091009230319,0.33937640632622657,0.24893795441479366,0.4262264192443319,0.29916812010209365,0.2805457723963343,0.4065376997778357,0.0,0.25278242978061494,0.3040053755210254,0.12512227739336382,0.2152843246461587,0.39820545332575785,0.15500212342897698
0.28023742631535076,0.39799774184315007,0.27484993144862413,0.5106679694456682,0.31048759276049237,0.27065909893825785,0.2092237139568784,0.16598435357580626,0.2700085820905255,0.2334830703139643,0.3358643727512619,0.23704559449230217,0.3683660418559666,0.4267556761359124,0.34295905881593375,0.23582965180889898,0.4452159070546879,0.3405108133558889,0.42607860779379014,0.31322742924857994,0.16811831714539943,0.35689686794390596,0.2678882326846943,0.10309927811803968,0.40823385016697067,0.26491696891837857,0.3363497449154489,0.24395416533302966,0.3024478592936162,0.41415191621009556,0.12094662046981926,0.45878442632917094,0.19280382321021788,0.08668102004460285,0.4832974730475387,0.4531583477179061,0.4328859503600997,0.0017560042557954042,0.27512313388738624,0.18774136319265478,0.316490031407235,0.2538064795211967,0.24466461673035497,0.14190322895337862,0.0984734054030668,0.2565893682562617,0.38564225873339775,0.3507810790083241,0.27923681334970185,0.38903010984215886,0.3608595286457715,0.45740439089550755,0.3747279641818665,0.14230354990343883,0.3369002275256675,0.20269911184915726,0.2172735184427016,0.23476614661030354,0.2848689560061306,0.26264321396223567,0.1629027919835674,0.24556106104034292,0.3301058888722808,0.33430686949768895,0.18290635214321221,0.1842461036095346,0.2888849574450884,0.15885391852429645,0.38198863314772735,0.25278242978061494,0.0,0.30714462193009745,0.09710012807301971,0.27313264638397855,0.359704556821499,0.25161718465910643
0.14335718858894808,0.3541633520440969,0.2712397358952094,0.6509864975162543,0.4587753038553226,0.24009729130748075,0.27729528096793454,0.18347166925120326,0.42836811749375825,0.2930424396243304,0.26364819082811547,0.081100788846388,0.5479207068714873,0.4643429493612311,0.2033779391709853,0.10952176018216225,0.08610267368039441,0.17167126534405275,0.2895545642466245,0.2962403371090321,0.07986442746227973,0.2843001687950488,0.17088386591830967,0.2595965732648263,0.36821075365688655,0.21014593225531375,0.20486142378125544,0.29364705987462236,0.24054510446529287,0.3317906856269713,0.21402047138913585,0.5797867979858159,0.3780223926839953,0.1939561382364191,0.6555376358844814,0.44090253145022085,0.5747635623141322,0.25386546555830886,0.5020497179748595,0.4067324128376379,0.39824526330374066,0.398688311700123,0.30650867277937766,0.28635672339943496,0.08922821426232055,0.13488892767545904,0.3600097168223615,0.2080725357084666,0.47105646295065406,0.48106360342181936,0.4816785832928591,0.5531448409356314,0.3735977561721428,0.22907522290004717,0.3430451579062058,0.22099336650771992,0.25631804190472834,0.42533548173067987,0.23320783743683426,0.18239191553383544,0.09420985929719487,0.1969621530475184,0.37242499476500784,0.16899102639889202,0.21651407603941242,0.3595025805406876,0.0826510290014213,0.17293538930996288,0.21521465381506422,0.3040053755210254,0.30714462193009745,0.0,0.24002452982826222,0.23665125896910613,0.171216193176292,0.24401229401853755
0.3110058574962422,0.30023991004678335,0.2982418006663565,0.6388197615875953,0.5656204007549269,0.4605350923870229,0.3718143761368207,0.2856386963744417,0.5055913090951418,0.43289018208133256,0.43892775515115645,0.37047744649504494,0.549047750872825,0.6428344853779739,0.2576361556190081,0.3508666264073757,0.2580668687556278,0.27769735030707066,0.16213170720564174,0.32797063970914697,0.24245979724160044,0.23432930386865825,0.23667583537673023,0.1832829113457449,0.3520905120908236,0.1132599688679495,0.18670497023120355,0.5449076031051187,0.09950298321702031,0.13437815552432655,0.20757946207952854,0.6115043684578432,0.41478755616860613,0.12861086827409604,0.6048184222195752,0.5088659160034548,0.6203486344476825,0.058798094944535424,0.4944906456721888,0.4291413709990097,0.44456794172953423,0.3632957408174611,0.41256013148484116,0.34136327929784743,0.18203200324495822,0.2014956003793824,0.33612121972194264,0.16568394726122634,0.4037970941782094,0.5890780031351514,0.5613871742767617,0.6356117639072448,0.5456704383329594,0.2721707512280756,0.5038176742786715,0.37341349166632326,0.26324031905766176,0.4611673795819373,0.26111468143504374,0.33182851313981476,0.3284658770128547,0.3771430075109327,0.548569579469073,0.2330793716961512,0.23288610083706401,0.23740459585182092,0.32349707281859336,0.32247467720960976,0.35200120886464414,0.12512227739336382,0.09710012807301971,0.24002452982826222,0.0,0.48446327506252224,0.25908669800219963,0.29193243625451654
0.3967988120935248,0.3022510900093104,0.5022744278806731,0.6873251330789565,0.5721028464195186,0.48157385848472645,0.5189115709864652,0.38611544436443623,0.5459528205542663,0.4497633348305304,0.5634737581674434,0.4438619803027074,0.5681654532435116,0.6834080081939103,0.09822461623570486,0.42391791042542165,0.28514050201650815,0.3445444643654885,0.20085707664586516,0.22591266313817315,0.3636316062677165,0.1925268735406836,0.2384562217359735,0.2815118307041047,0.25916998397161645,0.15203311237125872,0.27388388010369225,0.5686767146494321,0.20222036794400924,0.17367663282174978,0.3373500534025973,0.7100448232714556,0.535878831113335,0.37433308883671557,0.7730255952382235,0.6117419124129932,0.5992727247884719,0.2612351372662385,0.5114899673037431,0.4869088122831961,0.6007193547740196,0.4519801494450658,0.3899043786806199,0.5896993980853418,0.34762113747336076,0.46757704215874046,0.11174569832741832,0.31250872148107434,0.5887874994837851,0.6294610780616214,0.6472882800250136,0.76026084759737,0.6939257528986548,0.40948921818620954,0.5145595810207259,0.38609898174021406,0.27709161112473857,0.551361407687736,0.40687522407296944,0.21383923493870594,0.3287871397445703,0.43464818669932476,0.595146105879923,0.16712778435029513,0.12343650744535753,0.31014799860034775,0.13232273749164492,0.3614372173340383,0.288945752858161,0.2152843246461587,0.27313264638397855,0.23665125896910613,0.48446327506252224,0.0,0.20802671053791505,0.39507204973790944
0.2700623804640575,0.16292921917008024,0.2400899812431145,0.5038125683142738,0.4743724999058968,0.3247010546741366,0.4382744090969099,0.27838333007133986,0.46072409929935954,0.2870794704661185,0.44533518083873025,0.28273463090784406,0.45645976093653245,0.574020235308528,0.20725668319816906,0.19660771118904902,0.10836290294077172,0.32160871245054184,0.11028546519884605,0.2075638928405148,0.16777887518207496,0.24464187941118384,0.2706948751701956,0.13743551865777284,0.1896726672640646,0.277481407843298,0.24699906306997843,0.42544912575442756,0.30140646280402417,0.2528777209210298,0.08967599981514027,0.5103812035952117,0.36473152340323767,0.4908253694816741,0.5694158688088703,0.42176768597561415,0.39006063691868964,0.10402511358654559,0.3282277691401163,0.3617206119176125,0.41155273065303105,0.37129698155892976,0.31314326973405654,0.2960742300032879,0.17159914394264292,0.2889488174842606,0.23994743320928202,0.45883098182440135,0.45631132093323246,0.5407089076713746,0.34496162453782875,0.6571581309954229,0.4609090500723204,0.28920278852723824,0.34356792692432764,0.24838241438085573,0.135506590292402,0.3597208170464232,0.34430810700712955,0.46890883451988274,0.238007557940001,0.2596156695598908,0.3685070358509679,0.31830331640673487,0.2655477215567478,0.1755977375920088,0.3481861778143301,0.1975129922829421,0.3700157019718066,0.39820545332575785,0.359704556821499,0.171216193176292,0.25908669800219963,0.20802671053791505,0.0,0.2786309156125224
0.40949724376574154,0.2532095338012466,0.39338798665215124,0.6046610666579484,0.4866601715855326,0.43763499579688175,0.3348332210315245,0.27086276537224574,0.48883477590956215,0.3444645137070671,0.36693648956155434,0.4872290218880248,0.48047393713059217,0.5693045941458171,0.2959496303766365,0.3617562157985777,0.23551868337052737,0.30842596547087686,0.1506806161464345,0.36083272439303493,0.29086689767491186,0.19338782079457656,0.167538754322683,0.2557301908742793,0.27250175487593464,0.16135287680563667,0.34636015124364433,0.3210577972339109,0.1934291203078695,0.2765638700109165,0.3113233905165796,0.5410765081987858,0.2550150982639597,0.2200721371747123,0.5144949468750912,0.5061725246825141,0.5665707909470247,0.10010480034060942,0.4233421656536003,0.40324163410929315,0.4275738035469406,0.28872897218002175,0.33514848470048436,0.21545280526144367,0.18313040580209988,0.4295694275116702,0.14998561271657854,0.21294310228760502,0.3275740786791811,0.4870522885136429,0.6353990213466049,0.619740582828112,0.5875716156170834,0.27561505660945995,0.4257091230301942,0.29481277223777264,0.30413379689935266,0.4583776170602833,0.2854088034219602,0.3026261093685958,0.2506159093485554,0.25062549715530047,0.5487855010372246,0.16185073221243643,0.1691889029589641,0.3314540456310073,0.09828412755798627,0.3721742236874059,0.03502484869072082,0.15500212342897698,0.25161718465910643,0.24401229401853755,0.29193243625451654,0.39507204973790944,0.2786309156125224,0.0
